ISO-10303-21;
HEADER;
FILE_DESCRIPTION(('Open CASCADE Model'),'2;1');
FILE_NAME('Open CASCADE Shape Model','2026-10-07T18:23:59',('Author'),(
    'Open CASCADE'),'Open CASCADE STEP processor 7.9','Open CASCADE 7.9'
  ,'Unknown');
FILE_SCHEMA(('AUTOMOTIVE_DESIGN { 1 0 10303 214 1 1 1 1 }'));
ENDSEC;
DATA;
#1 = APPLICATION_PROTOCOL_DEFINITION('international standard',
  'automotive_design',2000,#2);
#2 = APPLICATION_CONTEXT(
  'core data for automotive mechanical design processes');
#3 = SHAPE_DEFINITION_REPRESENTATION(#4,#10);
#4 = PRODUCT_DEFINITION_SHAPE('','',#5);
#5 = PRODUCT_DEFINITION('design','',#6,#9);
#6 = PRODUCT_DEFINITION_FORMATION('','',#7);
#7 = PRODUCT('Open CASCADE STEP translator 7.9 2',
  'Open CASCADE STEP translator 7.9 2','',(#8));
#8 = PRODUCT_CONTEXT('',#2,'mechanical');
#9 = PRODUCT_DEFINITION_CONTEXT('part definition',#2,'design');
#10 = ADVANCED_BREP_SHAPE_REPRESENTATION('',(#11,#15),#13534);
#11 = AXIS2_PLACEMENT_3D('',#12,#13,#14);
#12 = CARTESIAN_POINT('',(0.,0.,0.));
#13 = DIRECTION('',(0.,0.,1.));
#14 = DIRECTION('',(1.,0.,-0.));
#15 = MANIFOLD_SOLID_BREP('',#16);
#16 = CLOSED_SHELL('',(#17,#4276,#4360,#4488,#4645,#4803,#5024,#5179,
    #5274,#6455,#6512,#6569,#6653,#6803,#7083,#7231,#7324,#7543,#7607,
    #7752,#7828,#7878,#7949,#8055,#8062,#8181,#8361,#8395,#8790,#8860,
    #8916,#8972,#9007,#9042,#9203,#9300,#9350,#9399,#9427,#9436,#9527,
    #9607,#9633,#9715,#9983,#10251,#10278,#10304,#10330,#10379,#10406,
    #10453,#10480,#10507,#10514,#10590,#10637,#10691,#10716,#10751,
    #10786,#10836,#10886,#10940,#11050,#11137,#11283,#11334,#11862,
    #11968,#11995,#12022,#12265,#12272,#12299,#12326,#12353,#12400,
    #12407,#12630,#12637,#12714,#12763,#12812,#13049,#13103,#13185,
    #13234,#13440,#13496,#13527));
#17 = ADVANCED_FACE('',(#18),#38,.T.);
#18 = FACE_BOUND('',#19,.T.);
#19 = EDGE_LOOP('',(#20,#92,#440,#503,#1044,#1312,#1346,#1742,#2082,
    #2145,#2181,#2242,#2532,#2555,#2640,#2894,#2917,#2980,#3366,#3762,
    #3796,#4064));
#20 = ORIENTED_EDGE('',*,*,#21,.T.);
#21 = EDGE_CURVE('',#22,#24,#26,.T.);
#22 = VERTEX_POINT('',#23);
#23 = CARTESIAN_POINT('',(-4.885129730009,7.071606080796,9.704516917366)
  );
#24 = VERTEX_POINT('',#25);
#25 = CARTESIAN_POINT('',(-4.885542080115,10.918096376968,9.704382619447
    ));
#26 = SURFACE_CURVE('',#27,(#37,#57),.PCURVE_S1.);
#27 = ( BOUNDED_CURVE() B_SPLINE_CURVE(8,(#28,#29,#30,#31,#32,#33,#34,
#35,#36),.UNSPECIFIED.,.F.,.F.) B_SPLINE_CURVE_WITH_KNOTS((9,9),(
9.546534481283,13.320978281225),.PIECEWISE_BEZIER_KNOTS.) CURVE() 
GEOMETRIC_REPRESENTATION_ITEM() RATIONAL_B_SPLINE_CURVE((1.,1.,1.,1.,1.,
1.,1.,1.,1.)) REPRESENTATION_ITEM('') );
#28 = CARTESIAN_POINT('',(-4.885129730009,7.071606080796,9.704516917366)
  );
#29 = CARTESIAN_POINT('',(-4.886872836143,7.593754512913,9.703949230726)
  );
#30 = CARTESIAN_POINT('',(-4.884664424521,8.070644099872,9.704668342617)
  );
#31 = CARTESIAN_POINT('',(-4.886634601921,8.54025155842,9.70402698383));
#32 = CARTESIAN_POINT('',(-4.885320996698,9.002194131577,9.704454427777)
  );
#33 = CARTESIAN_POINT('',(-4.886249751298,9.468720392453,9.704152241565)
  );
#34 = CARTESIAN_POINT('',(-4.885368813257,9.938602592753,9.704439013707)
  );
#35 = CARTESIAN_POINT('',(-4.886226137929,10.41500550067,9.704159819898)
  );
#36 = CARTESIAN_POINT('',(-4.885542080115,10.918096376968,9.704382619447
    ));
#37 = PCURVE('',#38,#45);
#38 = B_SPLINE_SURFACE_WITH_KNOTS('',2,1,(
    (#39,#40)
    ,(#41,#42)
    ,(#43,#44)),.UNSPECIFIED.,.F.,.F.,.F.,(3,3),(2,2),(0.,1.),(0.,1.),
  .PIECEWISE_BEZIER_KNOTS.);
#39 = CARTESIAN_POINT('',(-9.,0.,7.8));
#40 = CARTESIAN_POINT('',(-9.,21.,7.8));
#41 = CARTESIAN_POINT('',(0.,0.,13.2));
#42 = CARTESIAN_POINT('',(0.,21.,13.2));
#43 = CARTESIAN_POINT('',(9.,0.,7.8));
#44 = CARTESIAN_POINT('',(9.,21.,7.8));
#45 = DEFINITIONAL_REPRESENTATION('',(#46),#56);
#46 = B_SPLINE_CURVE_WITH_KNOTS('',8,(#47,#48,#49,#50,#51,#52,#53,#54,
    #55),.UNSPECIFIED.,.F.,.F.,(9,9),(9.546534481283,13.320978281225),
  .PIECEWISE_BEZIER_KNOTS.);
#47 = CARTESIAN_POINT('',(0.228603903888,0.336743146705));
#48 = CARTESIAN_POINT('',(0.228507064659,0.361607357758));
#49 = CARTESIAN_POINT('',(0.228629754193,0.384316385708));
#50 = CARTESIAN_POINT('',(0.228520299893,0.406678645639));
#51 = CARTESIAN_POINT('',(0.228593277961,0.428675911027));
#52 = CARTESIAN_POINT('',(0.228541680483,0.45089144726));
#53 = CARTESIAN_POINT('',(0.228590621486,0.473266790131));
#54 = CARTESIAN_POINT('',(0.228542992337,0.495952642889));
#55 = CARTESIAN_POINT('',(0.228580995549,0.519909351284));
#56 = ( GEOMETRIC_REPRESENTATION_CONTEXT(2) 
PARAMETRIC_REPRESENTATION_CONTEXT() REPRESENTATION_CONTEXT('2D SPACE',''
  ) );
#57 = PCURVE('',#58,#86);
#58 = ( BOUNDED_SURFACE() B_SPLINE_SURFACE(2,8,(
    (#59,#60,#61,#62,#63,#64,#65,#66,#67)
    ,(#68,#69,#70,#71,#72,#73,#74,#75,#76)
    ,(#77,#78,#79,#80,#81,#82,#83,#84,#85
)),.UNSPECIFIED.,.F.,.F.,.F.) B_SPLINE_SURFACE_WITH_KNOTS((3,3),(9,9),(
    0.,3.774443799942),(9.546534481283,13.320978281225),
.PIECEWISE_BEZIER_KNOTS.) GEOMETRIC_REPRESENTATION_ITEM() 
RATIONAL_B_SPLINE_SURFACE((
    (1.,1.,1.,1.,1.,1.,1.,1.,1.)
    ,(0.587417440018,0.587604734079,0.587366386895,0.587580685847
      ,0.587436137192,0.587538600324,0.587442755195,0.587535018522
      ,0.587461693812)
,(1.,1.,1.,1.,1.,1.,1.,1.,1.))) REPRESENTATION_ITEM('') SURFACE() );
#59 = CARTESIAN_POINT('',(-4.885129730009,7.071606080796,9.704516917366)
  );
#60 = CARTESIAN_POINT('',(-4.886872836143,7.593754512913,9.703949230726)
  );
#61 = CARTESIAN_POINT('',(-4.884664424521,8.070644099872,9.704668342617)
  );
#62 = CARTESIAN_POINT('',(-4.886634601921,8.54025155842,9.70402698383));
#63 = CARTESIAN_POINT('',(-4.885320996698,9.002194131577,9.704454427777)
  );
#64 = CARTESIAN_POINT('',(-4.886249751298,9.468720392453,9.704152241565)
  );
#65 = CARTESIAN_POINT('',(-4.885368813257,9.938602592753,9.704439013707)
  );
#66 = CARTESIAN_POINT('',(-4.886226137929,10.41500550067,9.704159819898)
  );
#67 = CARTESIAN_POINT('',(-4.885542080115,10.918096376968,9.704382619447
    ));
#68 = CARTESIAN_POINT('',(-4.1,7.110196881655,9.960214289765));
#69 = CARTESIAN_POINT('',(-4.1,7.583744995248,9.960305498313));
#70 = CARTESIAN_POINT('',(-4.1,8.05396559013,9.960190078391));
#71 = CARTESIAN_POINT('',(-4.1,8.530197527979,9.960292822189));
#72 = CARTESIAN_POINT('',(-4.1,9.001145029988,9.960224556457));
#73 = CARTESIAN_POINT('',(-4.1,9.474584592657,9.960272789268));
#74 = CARTESIAN_POINT('',(-4.1,9.948358642083,9.960226854968));
#75 = CARTESIAN_POINT('',(-4.1,10.420313320263,9.96027169793));
#76 = CARTESIAN_POINT('',(-4.1,10.893506528913,9.960235878654));
#77 = CARTESIAN_POINT('',(-4.1,7.1,9.133658113385));
#78 = CARTESIAN_POINT('',(-4.1,7.586526859644,9.133993551832));
#79 = CARTESIAN_POINT('',(-4.1,8.05804241903,9.133567143101));
#80 = CARTESIAN_POINT('',(-4.1,8.533240143407,9.133949801055));
#81 = CARTESIAN_POINT('',(-4.1,9.001194995667,9.133692414383));
#82 = CARTESIAN_POINT('',(-4.1,9.473045018539,9.133874749562));
#83 = CARTESIAN_POINT('',(-4.1,9.945865362787,9.133703616595));
#84 = CARTESIAN_POINT('',(-4.1,10.418861732539,9.133868793688));
#85 = CARTESIAN_POINT('',(-4.1,10.9,9.133737393877));
#86 = DEFINITIONAL_REPRESENTATION('',(#87),#91);
#87 = LINE('',#88,#89);
#88 = CARTESIAN_POINT('',(0.,0.));
#89 = VECTOR('',#90,1.);
#90 = DIRECTION('',(0.,1.));
#91 = ( GEOMETRIC_REPRESENTATION_CONTEXT(2) 
PARAMETRIC_REPRESENTATION_CONTEXT() REPRESENTATION_CONTEXT('2D SPACE',''
  ) );
#92 = ORIENTED_EDGE('',*,*,#93,.T.);
#93 = EDGE_CURVE('',#24,#94,#96,.T.);
#94 = VERTEX_POINT('',#95);
#95 = CARTESIAN_POINT('',(4.885575697198,10.916983275381,9.704371670232)
  );
#96 = SURFACE_CURVE('',#97,(#165,#231),.PCURVE_S1.);
#97 = ( BOUNDED_CURVE() B_SPLINE_CURVE(14,(#98,#99,#100,#101,#102,#103,
    #104,#105,#106,#107,#108,#109,#110,#111,#112,#113,#114,#115,#116,
    #117,#118,#119,#120,#121,#122,#123,#124,#125,#126,#127,#128,#129,
    #130,#131,#132,#133,#134,#135,#136,#137,#138,#139,#140,#141,#142,
    #143,#144,#145,#146,#147,#148,#149,#150,#151,#152,#153,#154,#155,
    #156,#157,#158,#159,#160,#161,#162,#163,#164),.UNSPECIFIED.,.F.,.F.)
 B_SPLINE_CURVE_WITH_KNOTS((15,13,13,13,13,15),(13.320978281225,
    16.583600052566,19.812583142721,23.034396562021,24.700201086285,
26.297269757605),.UNSPECIFIED.) CURVE() GEOMETRIC_REPRESENTATION_ITEM() 
RATIONAL_B_SPLINE_CURVE((1.,1.000000000001,0.999999999996,1.000000000011
    ,0.999999999976,1.000000000039,0.999999999949,1.000000000055,
    0.999999999951,1.000000000036,0.999999999979,1.000000000009,
    0.999999999997,1.000000000001,1.,1.,0.999999999999,1.,1.000000000001
    ,0.999999999999,1.000000000002,0.999999999998,1.000000000001,1.,1.,
    1.,1.,1.,0.999999999999,1.000000000003,0.999999999993,1.000000000013
    ,0.999999999982,1.000000000021,0.999999999981,1.000000000014,
    0.999999999991,1.000000000004,0.999999999998,1.,1.,1.000000000001,
    0.999999999997,1.000000000006,0.99999999999,1.000000000012,
    0.999999999988,1.00000000001,0.999999999994,1.000000000003,
    0.999999999999,1.,1.,1.,1.000000000002,0.999999999995,1.000000000012
    ,0.99999999998,1.000000000027,0.99999999997,1.000000000027,
    0.99999999998,1.000000000012,0.999999999994,1.000000000002,1.,1.)) 
REPRESENTATION_ITEM('') );
#98 = CARTESIAN_POINT('',(-4.885542080115,10.918096376968,9.704382619447
    ));
#99 = CARTESIAN_POINT('',(-4.885204195415,11.166593954432,9.704492669442
    ));
#100 = CARTESIAN_POINT('',(-4.86872571524,11.439348310992,9.709858080526
    ));
#101 = CARTESIAN_POINT('',(-4.833435199352,11.741804770779,9.72136567603
    ));
#102 = CARTESIAN_POINT('',(-4.775475341258,11.986322138992,
    9.740103450209));
#103 = CARTESIAN_POINT('',(-4.702539706088,12.331496423066,
    9.763689837365));
#104 = CARTESIAN_POINT('',(-4.603177005086,12.499061587895,
    9.794726327938));
#105 = CARTESIAN_POINT('',(-4.508743559239,12.851129781584,
    9.823950686324));
#106 = CARTESIAN_POINT('',(-4.373054468294,13.023089017911,9.86477014489
    ));
#107 = CARTESIAN_POINT('',(-4.242807324965,13.308735233842,
    9.902304525227));
#108 = CARTESIAN_POINT('',(-4.088341877229,13.51179212375,9.94553233364)
  );
#109 = CARTESIAN_POINT('',(-3.92529412551,13.736040706804,9.98893605219)
  );
#110 = CARTESIAN_POINT('',(-3.749364579282,13.938164467385,
    10.033533395193));
#111 = CARTESIAN_POINT('',(-3.562620994321,14.130565881873,
    10.078217849574));
#112 = CARTESIAN_POINT('',(-3.17067820466,14.488434162008,
    10.166160250792));
#113 = CARTESIAN_POINT('',(-2.965694415808,14.654379860177,
    10.209419687505));
#114 = CARTESIAN_POINT('',(-2.751449867,14.807955582373,10.25157818193)
  );
#115 = CARTESIAN_POINT('',(-2.528649638385,14.948863889931,
    10.292042895424));
#116 = CARTESIAN_POINT('',(-2.29797497411,15.076810889466,
    10.330248125413));
#117 = CARTESIAN_POINT('',(-2.060114480681,15.19150234917,
    10.365659481216));
#118 = CARTESIAN_POINT('',(-1.815788306245,15.292643695964,
    10.397779292594));
#119 = CARTESIAN_POINT('',(-1.56576530126,15.379943893322,
    10.426153251083));
#120 = CARTESIAN_POINT('',(-1.310873160081,15.453123199923,
    10.450378284013));
#121 = CARTESIAN_POINT('',(-1.052001543821,15.511924809012,
    10.470111661336));
#122 = CARTESIAN_POINT('',(-0.790098184316,15.556130368558,
    10.485081335138));
#123 = CARTESIAN_POINT('',(-0.52615796919,15.585579382133,
    10.495097511941));
#124 = CARTESIAN_POINT('',(-0.261205008119,15.600192490594,
    10.500065457716));
#125 = CARTESIAN_POINT('',(0.26808137789,15.599805208811,10.499933759978
    ));
#126 = CARTESIAN_POINT('',(0.532422379212,15.584870001996,
    10.494856284044));
#127 = CARTESIAN_POINT('',(0.795730791324,15.555167438213,
    10.484755359885));
#128 = CARTESIAN_POINT('',(1.056990303168,15.510777455837,
    10.469726784985));
#129 = CARTESIAN_POINT('',(1.315215351362,15.451859550478,
    10.449960259883));
#130 = CARTESIAN_POINT('',(1.569467240836,15.378630424323,
    10.425726901237));
#131 = CARTESIAN_POINT('',(1.818863861166,15.291345240981,10.39736791015
    ));
#132 = CARTESIAN_POINT('',(2.062582996694,15.190282487119,
    10.365284396077));
#133 = CARTESIAN_POINT('',(2.299859232719,15.075732439156,
    10.329928355913));
#134 = CARTESIAN_POINT('',(2.52997445546,14.947989236993,10.291794808676
    ));
#135 = CARTESIAN_POINT('',(2.752241947745,14.807346562855,
    10.251415085425));
#136 = CARTESIAN_POINT('',(2.965984079018,14.654096926835,
    10.209351274675));
#137 = CARTESIAN_POINT('',(3.170503590531,14.488534558034,
    10.166191823154));
#138 = CARTESIAN_POINT('',(3.465635848569,14.219149839778,
    10.099982866159));
#139 = CARTESIAN_POINT('',(3.563561023147,14.124143069355,
    10.077284751934));
#140 = CARTESIAN_POINT('',(3.65872013565,14.025973670432,10.054543081699
    ));
#141 = CARTESIAN_POINT('',(3.751006988919,13.924681649609,
    10.031847721713));
#142 = CARTESIAN_POINT('',(3.840313051867,13.820314940335,
    10.009289272081));
#143 = CARTESIAN_POINT('',(3.926527459675,13.712929402888,9.986959066782
    ));
#144 = CARTESIAN_POINT('',(4.009537013491,13.602588824388,9.964949173621
    ));
#145 = CARTESIAN_POINT('',(4.08922618083,13.489364918813,9.943352394295)
  );
#146 = CARTESIAN_POINT('',(4.165477095115,13.373337326939,9.922262264312
    ));
#147 = CARTESIAN_POINT('',(4.23816955613,13.25459361644,9.901773053081)
  );
#148 = CARTESIAN_POINT('',(4.307181029638,13.133229281769,9.881979763825
    ));
#149 = CARTESIAN_POINT('',(4.372386647654,13.009347744268,9.862978133652
    ));
#150 = CARTESIAN_POINT('',(4.433659208283,12.883060352087,9.844864633506
    ));
#151 = CARTESIAN_POINT('',(4.545718496631,12.631217737723,9.811315059913
    ));
#152 = CARTESIAN_POINT('',(4.596837005222,12.505991448742,9.795794707789
    ));
#153 = CARTESIAN_POINT('',(4.644135871123,12.378047955093,9.781249220236
    ));
#154 = CARTESIAN_POINT('',(4.687500130268,12.249896295115,9.767760310711
    ));
#155 = CARTESIAN_POINT('',(4.726943042812,12.118000506658,9.755364421546
    ));
#156 = CARTESIAN_POINT('',(4.762338280774,11.984225066118,9.744139752957
    ));
#157 = CARTESIAN_POINT('',(4.793523648957,11.850280854168,9.734172528075
    ));
#158 = CARTESIAN_POINT('',(4.820377472138,11.714080474453,9.725532684501
    ));
#159 = CARTESIAN_POINT('',(4.84272543479,11.575102321254,9.718304625655)
  );
#160 = CARTESIAN_POINT('',(4.860330893487,11.437363179739,9.712589312807
    ));
#161 = CARTESIAN_POINT('',(4.873135707373,11.302324401544,9.70842330394)
  );
#162 = CARTESIAN_POINT('',(4.881422551354,11.166050367465,9.705724369404
    ));
#163 = CARTESIAN_POINT('',(4.885425445593,11.038372026397,9.704420607938
    ));
#164 = CARTESIAN_POINT('',(4.885575697198,10.916983275381,9.704371670232
    ));
#165 = PCURVE('',#38,#166);
#166 = DEFINITIONAL_REPRESENTATION('',(#167),#230);
#167 = B_SPLINE_CURVE_WITH_KNOTS('',11,(#168,#169,#170,#171,#172,#173,
    #174,#175,#176,#177,#178,#179,#180,#181,#182,#183,#184,#185,#186,
    #187,#188,#189,#190,#191,#192,#193,#194,#195,#196,#197,#198,#199,
    #200,#201,#202,#203,#204,#205,#206,#207,#208,#209,#210,#211,#212,
    #213,#214,#215,#216,#217,#218,#219,#220,#221,#222,#223,#224,#225,
    #226,#227,#228,#229),.UNSPECIFIED.,.F.,.F.,(12,10,10,10,10,10,12),(
    13.320978281225,14.943014715772,16.56505115032,19.809124019415,
    23.05319688851,24.675233323057,26.297269757605),.UNSPECIFIED.);
#168 = CARTESIAN_POINT('',(0.228580995549,0.519909351284));
#169 = CARTESIAN_POINT('',(0.228592873055,0.527396769478));
#170 = CARTESIAN_POINT('',(0.228971207466,0.535359801756));
#171 = CARTESIAN_POINT('',(0.229758329769,0.543841357837));
#172 = CARTESIAN_POINT('',(0.230997962123,0.552201619673));
#173 = CARTESIAN_POINT('',(0.23268526063,0.560702789404));
#174 = CARTESIAN_POINT('',(0.234806131452,0.569119055494));
#175 = CARTESIAN_POINT('',(0.237334237748,0.577294862133));
#176 = CARTESIAN_POINT('',(0.240242612748,0.585404255983));
#177 = CARTESIAN_POINT('',(0.243526836401,0.593303219124));
#178 = CARTESIAN_POINT('',(0.247171654226,0.601048629776));
#179 = CARTESIAN_POINT('',(0.255160450448,0.616181321207));
#180 = CARTESIAN_POINT('',(0.259504040675,0.623570638405));
#181 = CARTESIAN_POINT('',(0.264185976748,0.630775629234));
#182 = CARTESIAN_POINT('',(0.269191076236,0.637787178826));
#183 = CARTESIAN_POINT('',(0.274505057034,0.644594056843));
#184 = CARTESIAN_POINT('',(0.280114818622,0.651186983206));
#185 = CARTESIAN_POINT('',(0.286007382546,0.657560685332));
#186 = CARTESIAN_POINT('',(0.29216952364,0.663711729614));
#187 = CARTESIAN_POINT('',(0.298588540427,0.669634064869));
#188 = CARTESIAN_POINT('',(0.305253030209,0.675318370901));
#189 = CARTESIAN_POINT('',(0.325946793478,0.6916596393));
#190 = CARTESIAN_POINT('',(0.340677871927,0.701593948828));
#191 = CARTESIAN_POINT('',(0.35624858386,0.710540809199));
#192 = CARTESIAN_POINT('',(0.372573919407,0.718465186323));
#193 = CARTESIAN_POINT('',(0.389570540777,0.725335296402));
#194 = CARTESIAN_POINT('',(0.407149882955,0.731121392878));
#195 = CARTESIAN_POINT('',(0.425213694102,0.735792934629));
#196 = CARTESIAN_POINT('',(0.443652262146,0.739319712594));
#197 = CARTESIAN_POINT('',(0.462345402334,0.741677790075));
#198 = CARTESIAN_POINT('',(0.481166108858,0.742856390272));
#199 = CARTESIAN_POINT('',(0.518807095,0.742857895018));
#200 = CARTESIAN_POINT('',(0.53762809592,0.741681177259));
#201 = CARTESIAN_POINT('',(0.556321321381,0.739323905397));
#202 = CARTESIAN_POINT('',(0.574759985229,0.735798975507));
#203 = CARTESIAN_POINT('',(0.592824337135,0.731129501256));
#204 = CARTESIAN_POINT('',(0.610404825175,0.725344295926));
#205 = CARTESIAN_POINT('',(0.62740288228,0.718474598922));
#206 = CARTESIAN_POINT('',(0.643729336601,0.710552046762));
#207 = CARTESIAN_POINT('',(0.659300445751,0.701607888548));
#208 = CARTESIAN_POINT('',(0.674031554949,0.691673445924));
#209 = CARTESIAN_POINT('',(0.694726791103,0.675336003302));
#210 = CARTESIAN_POINT('',(0.70139195516,0.66965186967));
#211 = CARTESIAN_POINT('',(0.707812086874,0.663732623405));
#212 = CARTESIAN_POINT('',(0.713975048368,0.657582500382));
#213 = CARTESIAN_POINT('',(0.719868348241,0.651206765563));
#214 = CARTESIAN_POINT('',(0.725479141565,0.644611712998));
#215 = CARTESIAN_POINT('',(0.730794229887,0.637804665822));
#216 = CARTESIAN_POINT('',(0.735800061229,0.630793976256));
#217 = CARTESIAN_POINT('',(0.740482730084,0.623589025607));
#218 = CARTESIAN_POINT('',(0.744827977422,0.61620022427));
#219 = CARTESIAN_POINT('',(0.75281440395,0.60107779918));
#220 = CARTESIAN_POINT('',(0.756455342919,0.593356361456));
#221 = CARTESIAN_POINT('',(0.759733691389,0.585386668887));
#222 = CARTESIAN_POINT('',(0.762628576043,0.577601444095));
#223 = CARTESIAN_POINT('',(0.765167873461,0.568850771177));
#224 = CARTESIAN_POINT('',(0.767273024251,0.561273540947));
#225 = CARTESIAN_POINT('',(0.768999874578,0.551983120386));
#226 = CARTESIAN_POINT('',(0.770237234717,0.544051727051));
#227 = CARTESIAN_POINT('',(0.771034003836,0.535312613153));
#228 = CARTESIAN_POINT('',(0.771410082128,0.527328254405));
#229 = CARTESIAN_POINT('',(0.771420872067,0.519856346447));
#230 = ( GEOMETRIC_REPRESENTATION_CONTEXT(2) 
PARAMETRIC_REPRESENTATION_CONTEXT() REPRESENTATION_CONTEXT('2D SPACE',''
  ) );
#231 = PCURVE('',#232,#434);
#232 = ( BOUNDED_SURFACE() B_SPLINE_SURFACE(2,14,(
    (#233,#234,#235,#236,#237,#238,#239,#240,#241,#242,#243,#244,#245
      ,#246,#247,#248,#249,#250,#251,#252,#253,#254,#255,#256,#257,#258
      ,#259,#260,#261,#262,#263,#264,#265,#266,#267,#268,#269,#270,#271
      ,#272,#273,#274,#275,#276,#277,#278,#279,#280,#281,#282,#283,#284
      ,#285,#286,#287,#288,#289,#290,#291,#292,#293,#294,#295,#296,#297
      ,#298,#299)
    ,(#300,#301,#302,#303,#304,#305,#306,#307,#308,#309,#310,#311,#312
      ,#313,#314,#315,#316,#317,#318,#319,#320,#321,#322,#323,#324,#325
      ,#326,#327,#328,#329,#330,#331,#332,#333,#334,#335,#336,#337,#338
      ,#339,#340,#341,#342,#343,#344,#345,#346,#347,#348,#349,#350,#351
      ,#352,#353,#354,#355,#356,#357,#358,#359,#360,#361,#362,#363,#364
      ,#365,#366)
    ,(#367,#368,#369,#370,#371,#372,#373,#374,#375,#376,#377,#378,#379
      ,#380,#381,#382,#383,#384,#385,#386,#387,#388,#389,#390,#391,#392
      ,#393,#394,#395,#396,#397,#398,#399,#400,#401,#402,#403,#404,#405
      ,#406,#407,#408,#409,#410,#411,#412,#413,#414,#415,#416,#417,#418
      ,#419,#420,#421,#422,#423,#424,#425,#426,#427,#428,#429,#430,#431
      ,#432,#433
)),.UNSPECIFIED.,.F.,.F.,.F.) B_SPLINE_SURFACE_WITH_KNOTS((3,3),(15,13,
    13,13,13,15),(0.,12.97629147638),(13.320978281225,16.583600052566,
    19.812583142721,23.034396562021,24.700201086285,26.297269757605),
.UNSPECIFIED.) GEOMETRIC_REPRESENTATION_ITEM() RATIONAL_B_SPLINE_SURFACE
((
    (1.,1.000000000001,0.999999999996,1.000000000011,0.999999999976
      ,1.000000000039,0.999999999949,1.000000000055,0.999999999951
      ,1.000000000036,0.999999999979,1.000000000009,0.999999999997
      ,1.000000000001,1.,1.,0.999999999999,1.,1.000000000001
      ,0.999999999999,1.000000000002,0.999999999998,1.000000000001,1.,1.
      ,1.,1.,1.,0.999999999999,1.000000000003,0.999999999993
      ,1.000000000013,0.999999999982,1.000000000021,0.999999999981
      ,1.000000000014,0.999999999991,1.000000000004,0.999999999998,1.,1.
      ,1.000000000001,0.999999999997,1.000000000006,0.99999999999
      ,1.000000000012,0.999999999988,1.00000000001,0.999999999994
      ,1.000000000003,0.999999999999,1.,1.,1.,1.000000000002
      ,0.999999999995,1.000000000012,0.99999999998,1.000000000027
      ,0.99999999997,1.000000000027,0.99999999998,1.000000000012
      ,0.999999999994,1.000000000002,1.,1.)
    ,(0.587461693812,0.587609812621,0.588285678606,0.590119453862
      ,0.593202912755,0.596556792063,0.601885696699,0.605842202357
      ,0.612618633915,0.61807382721,0.624818692375,0.63136340993
      ,0.638115776212,0.644837530826,0.658010895855,0.664462179604
      ,0.670721605824,0.676704317066,0.682331015967,0.687528029101
      ,0.692227607156,0.696368461552,0.699896537409,0.702766022917
      ,0.704940595094,0.706394901921,0.707116280874,0.707097168041
      ,0.706359869901,0.704893222501,0.702710037625,0.69983564798
      ,0.696306241772,0.692167419874,0.68747297517,0.682283894669
      ,0.676667583674,0.670697312742,0.664451886782,0.658015536793
      ,0.648097887239,0.644690183179,0.641267974306,0.637844583151
      ,0.634433602098,0.631048893567,0.627704589728,0.624415092877
      ,0.621195075016,0.618059478254,0.61502351448,0.612102665588
      ,0.60931268335,0.604135557196,0.601735337375,0.599483932724
      ,0.597386590503,0.59546070694,0.593713247536,0.592153598478
      ,0.590801424759,0.589674354904,0.588779784416,0.588126856355
      ,0.58772625806,0.587533808852,0.587465296888)
    ,(1.,1.000000000001,0.999999999996,1.000000000011,0.999999999976
      ,1.000000000039,0.999999999949,1.000000000055,0.999999999951
      ,1.000000000036,0.999999999979,1.000000000009,0.999999999997
      ,1.000000000001,1.,1.,0.999999999999,1.,1.000000000001
      ,0.999999999999,1.000000000002,0.999999999998,1.000000000001,1.,1.
      ,1.,1.,1.,0.999999999999,1.000000000003,0.999999999993
      ,1.000000000013,0.999999999982,1.000000000021,0.999999999981
      ,1.000000000014,0.999999999991,1.000000000004,0.999999999998,1.,1.
      ,1.000000000001,0.999999999997,1.000000000006,0.99999999999
      ,1.000000000012,0.999999999988,1.00000000001,0.999999999994
      ,1.000000000003,0.999999999999,1.,1.,1.,1.000000000002
      ,0.999999999995,1.000000000012,0.99999999998,1.000000000027
      ,0.99999999997,1.000000000027,0.99999999998,1.000000000012
,0.999999999994,1.000000000002,1.,1.
  ))) REPRESENTATION_ITEM('') SURFACE() );
#233 = CARTESIAN_POINT('',(-4.885542080115,10.918096376968,
    9.704382619447));
#234 = CARTESIAN_POINT('',(-4.885204195415,11.166593954432,
    9.704492669442));
#235 = CARTESIAN_POINT('',(-4.86872571524,11.439348310992,9.709858080526
    ));
#236 = CARTESIAN_POINT('',(-4.833435199352,11.741804770779,9.72136567603
    ));
#237 = CARTESIAN_POINT('',(-4.775475341258,11.986322138992,
    9.740103450209));
#238 = CARTESIAN_POINT('',(-4.702539706088,12.331496423066,
    9.763689837365));
#239 = CARTESIAN_POINT('',(-4.603177005086,12.499061587895,
    9.794726327938));
#240 = CARTESIAN_POINT('',(-4.508743559239,12.851129781584,
    9.823950686324));
#241 = CARTESIAN_POINT('',(-4.373054468294,13.023089017911,9.86477014489
    ));
#242 = CARTESIAN_POINT('',(-4.242807324965,13.308735233842,
    9.902304525227));
#243 = CARTESIAN_POINT('',(-4.088341877229,13.51179212375,9.94553233364)
  );
#244 = CARTESIAN_POINT('',(-3.92529412551,13.736040706804,9.98893605219)
  );
#245 = CARTESIAN_POINT('',(-3.749364579282,13.938164467385,
    10.033533395193));
#246 = CARTESIAN_POINT('',(-3.562620994321,14.130565881873,
    10.078217849574));
#247 = CARTESIAN_POINT('',(-3.17067820466,14.488434162008,
    10.166160250792));
#248 = CARTESIAN_POINT('',(-2.965694415808,14.654379860177,
    10.209419687505));
#249 = CARTESIAN_POINT('',(-2.751449867,14.807955582373,10.25157818193)
  );
#250 = CARTESIAN_POINT('',(-2.528649638385,14.948863889931,
    10.292042895424));
#251 = CARTESIAN_POINT('',(-2.29797497411,15.076810889466,
    10.330248125413));
#252 = CARTESIAN_POINT('',(-2.060114480681,15.19150234917,
    10.365659481216));
#253 = CARTESIAN_POINT('',(-1.815788306245,15.292643695964,
    10.397779292594));
#254 = CARTESIAN_POINT('',(-1.56576530126,15.379943893322,
    10.426153251083));
#255 = CARTESIAN_POINT('',(-1.310873160081,15.453123199923,
    10.450378284013));
#256 = CARTESIAN_POINT('',(-1.052001543821,15.511924809012,
    10.470111661336));
#257 = CARTESIAN_POINT('',(-0.790098184316,15.556130368558,
    10.485081335138));
#258 = CARTESIAN_POINT('',(-0.52615796919,15.585579382133,
    10.495097511941));
#259 = CARTESIAN_POINT('',(-0.261205008119,15.600192490594,
    10.500065457716));
#260 = CARTESIAN_POINT('',(0.26808137789,15.599805208811,10.499933759978
    ));
#261 = CARTESIAN_POINT('',(0.532422379212,15.584870001996,
    10.494856284044));
#262 = CARTESIAN_POINT('',(0.795730791324,15.555167438213,
    10.484755359885));
#263 = CARTESIAN_POINT('',(1.056990303168,15.510777455837,
    10.469726784985));
#264 = CARTESIAN_POINT('',(1.315215351362,15.451859550478,
    10.449960259883));
#265 = CARTESIAN_POINT('',(1.569467240836,15.378630424323,
    10.425726901237));
#266 = CARTESIAN_POINT('',(1.818863861166,15.291345240981,10.39736791015
    ));
#267 = CARTESIAN_POINT('',(2.062582996694,15.190282487119,
    10.365284396077));
#268 = CARTESIAN_POINT('',(2.299859232719,15.075732439156,
    10.329928355913));
#269 = CARTESIAN_POINT('',(2.52997445546,14.947989236993,10.291794808676
    ));
#270 = CARTESIAN_POINT('',(2.752241947745,14.807346562855,
    10.251415085425));
#271 = CARTESIAN_POINT('',(2.965984079018,14.654096926835,
    10.209351274675));
#272 = CARTESIAN_POINT('',(3.170503590531,14.488534558034,
    10.166191823154));
#273 = CARTESIAN_POINT('',(3.465635848569,14.219149839778,
    10.099982866159));
#274 = CARTESIAN_POINT('',(3.563561023147,14.124143069355,
    10.077284751934));
#275 = CARTESIAN_POINT('',(3.65872013565,14.025973670432,10.054543081699
    ));
#276 = CARTESIAN_POINT('',(3.751006988919,13.924681649609,
    10.031847721713));
#277 = CARTESIAN_POINT('',(3.840313051867,13.820314940335,
    10.009289272081));
#278 = CARTESIAN_POINT('',(3.926527459675,13.712929402888,9.986959066782
    ));
#279 = CARTESIAN_POINT('',(4.009537013491,13.602588824388,9.964949173621
    ));
#280 = CARTESIAN_POINT('',(4.08922618083,13.489364918813,9.943352394295)
  );
#281 = CARTESIAN_POINT('',(4.165477095115,13.373337326939,9.922262264312
    ));
#282 = CARTESIAN_POINT('',(4.23816955613,13.25459361644,9.901773053081)
  );
#283 = CARTESIAN_POINT('',(4.307181029638,13.133229281769,9.881979763825
    ));
#284 = CARTESIAN_POINT('',(4.372386647654,13.009347744268,9.862978133652
    ));
#285 = CARTESIAN_POINT('',(4.433659208283,12.883060352087,9.844864633506
    ));
#286 = CARTESIAN_POINT('',(4.545718496631,12.631217737723,9.811315059913
    ));
#287 = CARTESIAN_POINT('',(4.596837005222,12.505991448742,9.795794707789
    ));
#288 = CARTESIAN_POINT('',(4.644135871123,12.378047955093,9.781249220236
    ));
#289 = CARTESIAN_POINT('',(4.687500130268,12.249896295115,9.767760310711
    ));
#290 = CARTESIAN_POINT('',(4.726943042812,12.118000506658,9.755364421546
    ));
#291 = CARTESIAN_POINT('',(4.762338280774,11.984225066118,9.744139752957
    ));
#292 = CARTESIAN_POINT('',(4.793523648957,11.850280854168,9.734172528075
    ));
#293 = CARTESIAN_POINT('',(4.820377472138,11.714080474453,9.725532684501
    ));
#294 = CARTESIAN_POINT('',(4.84272543479,11.575102321254,9.718304625655)
  );
#295 = CARTESIAN_POINT('',(4.860330893487,11.437363179739,9.712589312807
    ));
#296 = CARTESIAN_POINT('',(4.873135707373,11.302324401544,9.70842330394)
  );
#297 = CARTESIAN_POINT('',(4.881422551354,11.166050367465,9.705724369404
    ));
#298 = CARTESIAN_POINT('',(4.885425445593,11.038372026397,9.704420607938
    ));
#299 = CARTESIAN_POINT('',(4.885575697198,10.916983275381,9.704371670232
    ));
#300 = CARTESIAN_POINT('',(-4.1,10.893506528913,9.960235878654));
#301 = CARTESIAN_POINT('',(-4.100376292239,11.127218429424,
    9.960095628834));
#302 = CARTESIAN_POINT('',(-4.0864289985,11.360393464763,9.963776928138)
  );
#303 = CARTESIAN_POINT('',(-4.05835985487,11.591671524211,9.97107957076)
  );
#304 = CARTESIAN_POINT('',(-4.016261948322,11.819090057104,
    9.981755695929));
#305 = CARTESIAN_POINT('',(-3.961296045917,12.043406338442,
    9.995632586934));
#306 = CARTESIAN_POINT('',(-3.892196729946,12.266943204882,
    10.012631205608));
#307 = CARTESIAN_POINT('',(-3.808614257138,12.483857918997,
    10.033865780535));
#308 = CARTESIAN_POINT('',(-3.714590924692,12.694373592478,
    10.055875345696));
#309 = CARTESIAN_POINT('',(-3.60521051731,12.901486882673,
    10.081970560889));
#310 = CARTESIAN_POINT('',(-3.485339348221,13.099244873924,
    10.108998622583));
#311 = CARTESIAN_POINT('',(-3.352706602013,13.290665018801,
    10.138025686648));
#312 = CARTESIAN_POINT('',(-3.208982249552,13.473175976142,
    10.167991917026));
#313 = CARTESIAN_POINT('',(-3.054394460648,13.646606384383,
    10.198566497462));
#314 = CARTESIAN_POINT('',(-2.729869900295,13.968733616641,
    10.258942103154));
#315 = CARTESIAN_POINT('',(-2.560352811055,14.118178545863,
    10.288764468789));
#316 = CARTESIAN_POINT('',(-2.381558310478,14.257945709137,
    10.318262195177));
#317 = CARTESIAN_POINT('',(-2.193955158133,14.387462310088,
    10.346982484604));
#318 = CARTESIAN_POINT('',(-1.998067327632,14.506127607589,
    10.374457781584));
#319 = CARTESIAN_POINT('',(-1.79450493315,14.613334646251,
    10.400221455035));
#320 = CARTESIAN_POINT('',(-1.583982598517,14.708491052995,
    10.423822241158));
#321 = CARTESIAN_POINT('',(-1.367326884583,14.791039205401,
    10.444837798822));
#322 = CARTESIAN_POINT('',(-1.145474167561,14.860476285086,
    10.46288779417));
#323 = CARTESIAN_POINT('',(-0.919460068604,14.916374920146,
    10.477646991339));
#324 = CARTESIAN_POINT('',(-0.69040118146,14.958405308345,
    10.488858883677));
#325 = CARTESIAN_POINT('',(-0.459469456204,14.986359892872,
    10.496350455412));
#326 = CARTESIAN_POINT('',(-0.22785917269,15.000181838306,
    10.500048712401));
#327 = CARTESIAN_POINT('',(0.233860244465,14.999815985055,
    10.499950704555));
#328 = CARTESIAN_POINT('',(0.464935720154,14.985689482327,
    10.496170784433));
#329 = CARTESIAN_POINT('',(0.695310683751,14.957494229274,
    10.488615962278));
#330 = CARTESIAN_POINT('',(0.923798720185,14.915288866896,
    10.477360436652));
#331 = CARTESIAN_POINT('',(1.149236708069,14.859281793958,
    10.462577575148));
#332 = CARTESIAN_POINT('',(1.370517019547,14.789802563356,10.44452340489
    ));
#333 = CARTESIAN_POINT('',(1.58661246865,14.707277151748,10.423521892509
    ));
#334 = CARTESIAN_POINT('',(1.796594088584,14.612205874445,
    10.399951384113));
#335 = CARTESIAN_POINT('',(1.999641409215,14.505142888724,
    10.374231624004));
#336 = CARTESIAN_POINT('',(2.195044521434,14.386676403303,
    10.346810824959));
#337 = CARTESIAN_POINT('',(2.382196875242,14.257408893963,
    10.318152320132));
#338 = CARTESIAN_POINT('',(2.560577466593,14.117936809682,
    10.288720385847));
#339 = CARTESIAN_POINT('',(2.729720852141,13.968829454027,
    10.258964889377));
#340 = CARTESIAN_POINT('',(2.972878126908,13.727547798567,
    10.213734219644));
#341 = CARTESIAN_POINT('',(3.053940367476,13.641938460793,
    10.198184527821));
#342 = CARTESIAN_POINT('',(3.132290765614,13.553876400833,
    10.182722117951));
#343 = CARTESIAN_POINT('',(3.207860386658,13.463456085136,10.16741193918
    ));
#344 = CARTESIAN_POINT('',(3.280581043363,13.370769600354,
    10.152317155725));
#345 = CARTESIAN_POINT('',(3.350385766263,13.275907272036,
    10.137499086045));
#346 = CARTESIAN_POINT('',(3.417209338853,13.178958278755,
    10.123017111985));
#347 = CARTESIAN_POINT('',(3.480988894575,13.080011260734,
    10.108928557356));
#348 = CARTESIAN_POINT('',(3.541664583497,12.979154921384,
    10.095288535607));
#349 = CARTESIAN_POINT('',(3.599180300837,12.87647861955,10.082149766574
    ));
#350 = CARTESIAN_POINT('',(3.653484484511,12.77207294878,10.069562362575
    ));
#351 = CARTESIAN_POINT('',(3.704530972061,12.666030299956,
    10.057573584675));
#352 = CARTESIAN_POINT('',(3.752279918412,12.55844540165,10.046227570404
    ));
#353 = CARTESIAN_POINT('',(3.839649702851,12.343989361398,
    10.025254863999));
#354 = CARTESIAN_POINT('',(3.879441281303,12.237291847762,
    10.015591938478));
#355 = CARTESIAN_POINT('',(3.916035527878,12.129425450351,
    10.006614039161));
#356 = CARTESIAN_POINT('',(3.949397554645,12.02048432458,9.998354161077)
  );
#357 = CARTESIAN_POINT('',(3.979492085834,11.91058642317,9.990849999501)
  );
#358 = CARTESIAN_POINT('',(4.006287309619,11.799845390776,9.984128471484
    ));
#359 = CARTESIAN_POINT('',(4.029759449408,11.68837161386,9.978209615065)
  );
#360 = CARTESIAN_POINT('',(4.049895356452,11.576272498971,9.973109176211
    ));
#361 = CARTESIAN_POINT('',(4.066692150025,11.463618643153,9.96883330674)
  );
#362 = CARTESIAN_POINT('',(4.080146045481,11.350423157906,9.965381882616
    ));
#363 = CARTESIAN_POINT('',(4.090232988276,11.236707581213,9.962768106742
    ));
#364 = CARTESIAN_POINT('',(4.096911901736,11.122605911401,9.961026044609
    ));
#365 = CARTESIAN_POINT('',(4.100172756682,11.008303183274,9.960173503461
    ));
#366 = CARTESIAN_POINT('',(4.1,10.893906344831,9.960237639201));
#367 = CARTESIAN_POINT('',(-4.1,10.9,9.133737393877));
#368 = CARTESIAN_POINT('',(-4.1,11.1376521204,9.13394582579));
#369 = CARTESIAN_POINT('',(-4.085175302253,11.381593340565,
    9.139184203782));
#370 = CARTESIAN_POINT('',(-4.054098072217,11.632630406217,
    9.150759861018));
#371 = CARTESIAN_POINT('',(-4.006078191554,11.864756989243,
    9.168841405494));
#372 = CARTESIAN_POINT('',(-3.944651748943,12.120611841507,
    9.190953522909));
#373 = CARTESIAN_POINT('',(-3.86547914963,12.326319613288,9.220443680504
    ));
#374 = CARTESIAN_POINT('',(-3.777467352081,12.576309930402,
    9.250274981499));
#375 = CARTESIAN_POINT('',(-3.671211107927,12.770725461706,
    9.287913924722));
#376 = CARTESIAN_POINT('',(-3.556627117795,12.991846300458,
    9.325213608627));
#377 = CARTESIAN_POINT('',(-3.428759935548,13.182739953473,
    9.366420188048));
#378 = CARTESIAN_POINT('',(-3.291049436949,13.373337430164,
    9.408375005175));
#379 = CARTESIAN_POINT('',(-3.143291614656,13.550764885438,
    9.451313711315));
#380 = CARTESIAN_POINT('',(-2.98639552896,13.718404692951,9.494346869015
    ));
#381 = CARTESIAN_POINT('',(-2.657261509388,14.030472575689,
    9.579010183697));
#382 = CARTESIAN_POINT('',(-2.485193470856,14.175179855679,
    9.620643854029));
#383 = CARTESIAN_POINT('',(-2.305416719734,14.309105208045,
    9.661206107128));
#384 = CARTESIAN_POINT('',(-2.118523619709,14.431991636091,9.70012795267
    ));
#385 = CARTESIAN_POINT('',(-1.925085536262,14.543583030385,
    9.736866963716));
#386 = CARTESIAN_POINT('',(-1.72567874744,14.643621508407,9.770911208534
    ));
#387 = CARTESIAN_POINT('',(-1.520904545023,14.731848025299,
    9.801784348166));
#388 = CARTESIAN_POINT('',(-1.311403526803,14.808006254353,9.82905189963
    ));
#389 = CARTESIAN_POINT('',(-1.09786407918,14.871849739057,9.852328664892
    ));
#390 = CARTESIAN_POINT('',(-0.881025050793,14.923152314601,
    9.871287325478));
#391 = CARTESIAN_POINT('',(-0.661672616674,14.961721800939,
    9.885668202822));
#392 = CARTESIAN_POINT('',(-0.440631333189,14.987416965589,
    9.895290184294));
#393 = CARTESIAN_POINT('',(-0.218749383706,15.000167757538,
    9.900062814939));
#394 = CARTESIAN_POINT('',(0.224500708123,14.999830240326,9.899936435327
    ));
#395 = CARTESIAN_POINT('',(0.445873956589,14.986799407473,9.895058818986
    ));
#396 = CARTESIAN_POINT('',(0.666391151894,14.960882707072,9.885355295422
    ));
#397 = CARTESIAN_POINT('',(0.8852085905,14.922150820492,9.870917388148)
  );
#398 = CARTESIAN_POINT('',(1.101508220186,14.870745138991,9.851926393188
    ));
#399 = CARTESIAN_POINT('',(1.31451098945,14.80685749883,9.828641380432)
  );
#400 = CARTESIAN_POINT('',(1.523484770655,14.730713228113,9.801388357767
    ));
#401 = CARTESIAN_POINT('',(1.727746856185,14.642557506232,9.770550598022
    ));
#402 = CARTESIAN_POINT('',(1.926661028252,14.542645034822,9.736560128707
    ));
#403 = CARTESIAN_POINT('',(2.119629202018,14.431233021395,9.699890384535
    ));
#404 = CARTESIAN_POINT('',(2.306077641967,14.308577474596,9.661050022775
    ));
#405 = CARTESIAN_POINT('',(2.485437751913,14.174932811875,9.620577901354
    ));
#406 = CARTESIAN_POINT('',(2.657121438136,14.030554779091,9.57903921981)
  );
#407 = CARTESIAN_POINT('',(2.904959572541,13.795644112952,9.515298689781
    ));
#408 = CARTESIAN_POINT('',(2.987209603778,13.71279649578,9.493443576317)
  );
#409 = CARTESIAN_POINT('',(3.067153562631,13.627191058118,9.471543151386
    ));
#410 = CARTESIAN_POINT('',(3.144701718699,13.538861958874,9.449683860745
    ));
#411 = CARTESIAN_POINT('',(3.219762188208,13.447850288523,9.427952927136
    ));
#412 = CARTESIAN_POINT('',(3.292240934283,13.354204069091,9.40643835027)
  );
#413 = CARTESIAN_POINT('',(3.36204176651,13.257978254165,9.385228906843)
  );
#414 = CARTESIAN_POINT('',(3.429066341525,13.159234728901,9.364414150526
    ));
#415 = CARTESIAN_POINT('',(3.493214162343,13.058042309988,9.344084411963
    ));
#416 = CARTESIAN_POINT('',(3.55438257901,12.95447674571,9.324330798786)
  );
#417 = CARTESIAN_POINT('',(3.612466788061,12.848620715874,9.305245195593
    ));
#418 = CARTESIAN_POINT('',(3.667359832904,12.740563831873,9.286920263969
    ));
#419 = CARTESIAN_POINT('',(3.718952603591,12.630402636643,9.269449442471
    ));
#420 = CARTESIAN_POINT('',(3.813326974955,12.410706698553,9.237086216173
    ));
#421 = CARTESIAN_POINT('',(3.85638992569,12.301378344992,9.222111196301)
  );
#422 = CARTESIAN_POINT('',(3.896230530173,12.190130087956,9.208082646583
    ));
#423 = CARTESIAN_POINT('',(3.932768525594,12.07769251639,9.195060903679)
  );
#424 = CARTESIAN_POINT('',(3.96592274568,11.963245050627,9.183126909398)
  );
#425 = CARTESIAN_POINT('',(3.995611183667,11.847374937171,9.172339713569
    ));
#426 = CARTESIAN_POINT('',(4.021748628087,11.730634115067,9.162759458208
    ));
#427 = CARTESIAN_POINT('',(4.044249016105,11.612586752539,9.154460451542
    ));
#428 = CARTESIAN_POINT('',(4.063031074763,11.49318752992,9.147507707592)
  );
#429 = CARTESIAN_POINT('',(4.078021881123,11.373552120834,9.141943052699
    ));
#430 = CARTESIAN_POINT('',(4.089165018058,11.254149790488,9.137807888144
    ));
#431 = CARTESIAN_POINT('',(4.096454975123,11.134121616951,9.135136770539
    ));
#432 = CARTESIAN_POINT('',(4.100000000001,11.016249604701,9.133840460998
    ));
#433 = CARTESIAN_POINT('',(4.1,10.9,9.133743850843));
#434 = DEFINITIONAL_REPRESENTATION('',(#435),#439);
#435 = LINE('',#436,#437);
#436 = CARTESIAN_POINT('',(0.,0.));
#437 = VECTOR('',#438,1.);
#438 = DIRECTION('',(0.,1.));
#439 = ( GEOMETRIC_REPRESENTATION_CONTEXT(2) 
PARAMETRIC_REPRESENTATION_CONTEXT() REPRESENTATION_CONTEXT('2D SPACE',''
  ) );
#440 = ORIENTED_EDGE('',*,*,#441,.T.);
#441 = EDGE_CURVE('',#94,#442,#444,.T.);
#442 = VERTEX_POINT('',#443);
#443 = CARTESIAN_POINT('',(4.885823945566,7.1,9.704290812431));
#444 = SURFACE_CURVE('',#445,(#455,#468),.PCURVE_S1.);
#445 = ( BOUNDED_CURVE() B_SPLINE_CURVE(8,(#446,#447,#448,#449,#450,#451
,#452,#453,#454),.UNSPECIFIED.,.F.,.F.) B_SPLINE_CURVE_WITH_KNOTS((9,9),
(26.297269757605,30.082035594595),.PIECEWISE_BEZIER_KNOTS.) CURVE() 
GEOMETRIC_REPRESENTATION_ITEM() RATIONAL_B_SPLINE_CURVE((1.,1.,1.,1.,1.,
1.,1.,1.,1.)) REPRESENTATION_ITEM('') );
#446 = CARTESIAN_POINT('',(4.885575697198,10.916983275381,9.704371670232
    ));
#447 = CARTESIAN_POINT('',(4.886198818491,10.413561593732,9.704168716482
    ));
#448 = CARTESIAN_POINT('',(4.885411425755,9.936330268686,9.7044251602));
#449 = CARTESIAN_POINT('',(4.88610806604,9.464812412015,9.704198294527)
  );
#450 = CARTESIAN_POINT('',(4.885660364009,8.995825360388,9.704344071672)
  );
#451 = CARTESIAN_POINT('',(4.885890116013,8.522580798607,9.704269270977)
  );
#452 = CARTESIAN_POINT('',(4.885810050109,8.04855762448,9.704295335644)
  );
#453 = CARTESIAN_POINT('',(4.885823945566,7.574257878373,9.704290812431)
  );
#454 = CARTESIAN_POINT('',(4.885823945566,7.1,9.704290812431));
#455 = PCURVE('',#38,#456);
#456 = DEFINITIONAL_REPRESENTATION('',(#457),#467);
#457 = B_SPLINE_CURVE_WITH_KNOTS('',8,(#458,#459,#460,#461,#462,#463,
    #464,#465,#466),.UNSPECIFIED.,.F.,.F.,(9,9),(26.297269757605,
    30.082035594595),.PIECEWISE_BEZIER_KNOTS.);
#458 = CARTESIAN_POINT('',(0.771420872067,0.519856346447));
#459 = CARTESIAN_POINT('',(0.771455489916,0.495883885416));
#460 = CARTESIAN_POINT('',(0.771411745875,0.473158584223));
#461 = CARTESIAN_POINT('',(0.771450448113,0.450705352953));
#462 = CARTESIAN_POINT('',(0.771425575778,0.428372636209));
#463 = CARTESIAN_POINT('',(0.771438339779,0.405837180886));
#464 = CARTESIAN_POINT('',(0.771433891673,0.383264648785));
#465 = CARTESIAN_POINT('',(0.771434663643,0.360678946589));
#466 = CARTESIAN_POINT('',(0.771434663643,0.338095238095));
#467 = ( GEOMETRIC_REPRESENTATION_CONTEXT(2) 
PARAMETRIC_REPRESENTATION_CONTEXT() REPRESENTATION_CONTEXT('2D SPACE',''
  ) );
#468 = PCURVE('',#469,#497);
#469 = ( BOUNDED_SURFACE() B_SPLINE_SURFACE(2,8,(
    (#470,#471,#472,#473,#474,#475,#476,#477,#478)
    ,(#479,#480,#481,#482,#483,#484,#485,#486,#487)
    ,(#488,#489,#490,#491,#492,#493,#494,#495,#496
)),.UNSPECIFIED.,.F.,.F.,.F.) B_SPLINE_SURFACE_WITH_KNOTS((3,3),(9,9),(
    0.,3.78476583699),(26.297269757605,30.082035594595),
.PIECEWISE_BEZIER_KNOTS.) GEOMETRIC_REPRESENTATION_ITEM() 
RATIONAL_B_SPLINE_SURFACE((
    (1.,1.,1.,1.,1.,1.,1.,1.,1.)
    ,(0.587465296888,0.587532076784,0.587447560834,0.58752253266
      ,0.587474164228,0.587499072719,0.587490369052,0.587491882521
      ,0.587491882521)
,(1.,1.,1.,1.,1.,1.,1.,1.,1.))) REPRESENTATION_ITEM('') SURFACE() );
#470 = CARTESIAN_POINT('',(4.885575697198,10.916983275381,9.704371670232
    ));
#471 = CARTESIAN_POINT('',(4.886198818491,10.413561593732,9.704168716482
    ));
#472 = CARTESIAN_POINT('',(4.885411425755,9.936330268686,9.7044251602));
#473 = CARTESIAN_POINT('',(4.88610806604,9.464812412015,9.704198294527)
  );
#474 = CARTESIAN_POINT('',(4.885660364009,8.995825360388,9.704344071672)
  );
#475 = CARTESIAN_POINT('',(4.885890116013,8.522580798607,9.704269270977)
  );
#476 = CARTESIAN_POINT('',(4.885810050109,8.04855762448,9.704295335644)
  );
#477 = CARTESIAN_POINT('',(4.885823945566,7.574257878373,9.704290812431)
  );
#478 = CARTESIAN_POINT('',(4.885823945566,7.1,9.704290812431));
#479 = CARTESIAN_POINT('',(4.1,10.893906344831,9.960237639201));
#480 = CARTESIAN_POINT('',(4.1,10.419501070271,9.960270269421));
#481 = CARTESIAN_POINT('',(4.1,9.946246680251,9.960229053865));
#482 = CARTESIAN_POINT('',(4.1,9.470766953256,9.960265492451));
#483 = CARTESIAN_POINT('',(4.1,8.997394897742,9.960242101778));
#484 = CARTESIAN_POINT('',(4.1,8.522626334302,9.96025409392));
#485 = CARTESIAN_POINT('',(4.1,8.048546765679,9.960249918137));
#486 = CARTESIAN_POINT('',(4.1,7.574257878373,9.960250642448));
#487 = CARTESIAN_POINT('',(4.1,7.1,9.960250642448));
#488 = CARTESIAN_POINT('',(4.1,10.9,9.133743850843));
#489 = CARTESIAN_POINT('',(4.1,10.417887475614,9.133863527898));
#490 = CARTESIAN_POINT('',(4.1,9.943741329869,9.133712123594));
#491 = CARTESIAN_POINT('',(4.1,9.469049140299,9.133846343665));
#492 = CARTESIAN_POINT('',(4.1,8.997095219748,9.133759833034));
#493 = CARTESIAN_POINT('',(4.1,8.522558701756,9.133804345862));
#494 = CARTESIAN_POINT('',(4.1,8.048562856476,9.133788802103));
#495 = CARTESIAN_POINT('',(4.1,7.574257878373,9.133791503707));
#496 = CARTESIAN_POINT('',(4.1,7.1,9.133791503707));
#497 = DEFINITIONAL_REPRESENTATION('',(#498),#502);
#498 = LINE('',#499,#500);
#499 = CARTESIAN_POINT('',(0.,0.));
#500 = VECTOR('',#501,1.);
#501 = DIRECTION('',(0.,1.));
#502 = ( GEOMETRIC_REPRESENTATION_CONTEXT(2) 
PARAMETRIC_REPRESENTATION_CONTEXT() REPRESENTATION_CONTEXT('2D SPACE',''
  ) );
#503 = ORIENTED_EDGE('',*,*,#504,.T.);
#504 = EDGE_CURVE('',#442,#505,#507,.T.);
#505 = VERTEX_POINT('',#506);
#506 = CARTESIAN_POINT('',(3.179408296848,5.402631216769,10.163045429398
    ));
#507 = SURFACE_CURVE('',#508,(#610,#733),.PCURVE_S1.);
#508 = ( BOUNDED_CURVE() B_SPLINE_CURVE(12,(#509,#510,#511,#512,#513,
    #514,#515,#516,#517,#518,#519,#520,#521,#522,#523,#524,#525,#526,
    #527,#528,#529,#530,#531,#532,#533,#534,#535,#536,#537,#538,#539,
    #540,#541,#542,#543,#544,#545,#546,#547,#548,#549,#550,#551,#552,
    #553,#554,#555,#556,#557,#558,#559,#560,#561,#562,#563,#564,#565,
    #566,#567,#568,#569,#570,#571,#572,#573,#574,#575,#576,#577,#578,
    #579,#580,#581,#582,#583,#584,#585,#586,#587,#588,#589,#590,#591,
    #592,#593,#594,#595,#596,#597,#598,#599,#600,#601,#602,#603,#604,
    #605,#606,#607,#608,#609),.UNSPECIFIED.,.F.,.F.) 
B_SPLINE_CURVE_WITH_KNOTS((13,11,11,11,11,11,11,11,11,13),(
    -3.708272960511E-16,5.189991513523E-03,1.037998302705E-02,
    2.075996605409E-02,4.151993210819E-02,8.303986421638E-02,
    0.166079728433,0.332159456866,0.664318913731,1.624991287123),
.UNSPECIFIED.) CURVE() GEOMETRIC_REPRESENTATION_ITEM() 
RATIONAL_B_SPLINE_CURVE((1.,1.,1.,1.000000000001,0.999999999998,
    1.000000000003,0.999999999997,1.000000000002,0.999999999999,
    1.000000000001,1.,1.,1.,1.,0.999999999999,1.000000000002,
    0.999999999997,1.000000000003,0.999999999997,1.000000000002,
    0.999999999999,1.,1.,1.,1.,1.000000000001,0.999999999999,
    1.000000000001,0.999999999999,1.000000000001,1.,1.,1.,1.,1.,1.,1.,1.
    ,1.,1.,1.,1.,1.,1.,1.,1.,0.999999999999,1.000000000001,
    0.999999999997,1.000000000004,0.999999999996,1.000000000003,
    0.999999999998,1.000000000001,1.,1.,1.,1.,1.,1.000000000001,
    0.999999999999,1.000000000001,1.,1.,1.,1.,1.,1.,1.,1.,0.999999999999
    ,1.000000000001,0.999999999998,1.000000000002,0.999999999999,
    1.000000000001,1.,1.,1.,1.,0.999999999999,1.000000000001,
    0.999999999998,1.000000000002,0.999999999999,1.000000000001,1.,1.,1.
    ,1.,1.,1.000000000001,0.999999999998,1.000000000003,0.999999999996,
    1.000000000003,0.999999999998,1.000000000001,1.,1.,1.)) 
REPRESENTATION_ITEM('') );
#509 = CARTESIAN_POINT('',(4.885823945566,7.1,9.704290812431));
#510 = CARTESIAN_POINT('',(4.885823945566,7.099566438283,9.704290812431)
  );
#511 = CARTESIAN_POINT('',(4.885823551734,7.09668068104,9.704290940711)
  );
#512 = CARTESIAN_POINT('',(4.885822764069,7.102826310981,9.70429119727)
  );
#513 = CARTESIAN_POINT('',(4.885821582571,7.087167816887,9.70429158211)
  );
#514 = CARTESIAN_POINT('',(4.885820007235,7.109224992338,9.70429209523)
  );
#515 = CARTESIAN_POINT('',(4.885818038069,7.082786633201,9.70429273663)
  );
#516 = CARTESIAN_POINT('',(4.885815675062,7.103331630293,9.704293506311)
  );
#517 = CARTESIAN_POINT('',(4.885812918227,7.089669011834,9.704294404271)
  );
#518 = CARTESIAN_POINT('',(4.885809767554,7.094365261076,9.70429543051)
  );
#519 = CARTESIAN_POINT('',(4.885806223051,7.092115556024,9.704296585027)
  );
#520 = CARTESIAN_POINT('',(4.885802284717,7.091544920912,9.704297867822)
  );
#521 = CARTESIAN_POINT('',(4.885793620391,7.090007648512,9.704300689966)
  );
#522 = CARTESIAN_POINT('',(4.885788894396,7.089239014527,9.704302229315)
  );
#523 = CARTESIAN_POINT('',(4.885783774574,7.088470383057,9.70430389694)
  );
#524 = CARTESIAN_POINT('',(4.885778260925,7.087701754396,9.70430569284)
  );
#525 = CARTESIAN_POINT('',(4.885772353459,7.086933128844,9.704307617012)
  );
#526 = CARTESIAN_POINT('',(4.885766052171,7.086164506694,9.704309669454)
  );
#527 = CARTESIAN_POINT('',(4.885759357074,7.08539588825,9.704311850166)
  );
#528 = CARTESIAN_POINT('',(4.885752268162,7.084627273801,9.704314159145)
  );
#529 = CARTESIAN_POINT('',(4.885744785446,7.08385866365,9.704316596389)
  );
#530 = CARTESIAN_POINT('',(4.885736908925,7.083090058091,9.704319161897)
  );
#531 = CARTESIAN_POINT('',(4.885728638605,7.082321457424,9.704321855666)
  );
#532 = CARTESIAN_POINT('',(4.885702646255,7.080015670981,9.704330321756)
  );
#533 = CARTESIAN_POINT('',(4.885683742804,7.078478500772,9.704336478871)
  );
#534 = CARTESIAN_POINT('',(4.885663264202,7.076941353688,9.704343149009)
  );
#535 = CARTESIAN_POINT('',(4.885641210516,7.075404232107,9.70435033214)
  );
#536 = CARTESIAN_POINT('',(4.88561758181,7.073867138402,9.704358028231)
  );
#537 = CARTESIAN_POINT('',(4.885592378154,7.072330074949,9.704366237251)
  );
#538 = CARTESIAN_POINT('',(4.885565599612,7.070793044122,9.704374959169)
  );
#539 = CARTESIAN_POINT('',(4.885537246252,7.069256048298,9.704384193954)
  );
#540 = CARTESIAN_POINT('',(4.885507318139,7.067719089851,9.704393941573)
  );
#541 = CARTESIAN_POINT('',(4.885475815341,7.066182171156,9.704404201995)
  );
#542 = CARTESIAN_POINT('',(4.885442737923,7.064645294588,9.704414975189)
  );
#543 = CARTESIAN_POINT('',(4.885338782011,7.060034798391,9.704448832993)
  );
#544 = CARTESIAN_POINT('',(4.885263179351,7.05696131233,9.704473456053)
  );
#545 = CARTESIAN_POINT('',(4.885181279116,7.053888023285,9.704500129776)
  );
#546 = CARTESIAN_POINT('',(4.885093082449,7.050814950203,9.704528853632)
  );
#547 = CARTESIAN_POINT('',(4.884998590495,7.047742112031,9.704559627091)
  );
#548 = CARTESIAN_POINT('',(4.884897804397,7.044669527715,9.704592449624)
  );
#549 = CARTESIAN_POINT('',(4.884790725301,7.041597216201,9.704627320702)
  );
#550 = CARTESIAN_POINT('',(4.884677354348,7.038525196436,9.704664239794)
  );
#551 = CARTESIAN_POINT('',(4.884557692685,7.035453487367,9.704703206371)
  );
#552 = CARTESIAN_POINT('',(4.884431741453,7.032382107939,9.704744219904)
  );
#553 = CARTESIAN_POINT('',(4.884299501798,7.029311077099,9.704787279864)
  );
#554 = CARTESIAN_POINT('',(4.883883920993,7.020099087185,9.704922597434)
  );
#555 = CARTESIAN_POINT('',(4.88358171007,7.013959232572,9.705020996336)
  );
#556 = CARTESIAN_POINT('',(4.883254360899,7.007820999891,9.70512757381)
  );
#557 = CARTESIAN_POINT('',(4.882901892288,7.001684539081,9.705242321238)
  );
#558 = CARTESIAN_POINT('',(4.88252432304,6.995550000074,9.705365230004)
  );
#559 = CARTESIAN_POINT('',(4.882121671965,6.989417532815,9.70549629149)
  );
#560 = CARTESIAN_POINT('',(4.881693957864,6.98328728723,9.70563549708));
#561 = CARTESIAN_POINT('',(4.881241199548,6.977159413266,9.705782838156)
  );
#562 = CARTESIAN_POINT('',(4.880763415819,6.971034060852,9.705938306101)
  );
#563 = CARTESIAN_POINT('',(4.880260625486,6.964911379929,9.7061018923));
#564 = CARTESIAN_POINT('',(4.879732847354,6.958791520432,9.706273588133)
  );
#565 = CARTESIAN_POINT('',(4.878074605977,6.940440856031,9.706812978688)
  );
#566 = CARTESIAN_POINT('',(4.87686911987,6.928219020547,9.707205028984)
  );
#567 = CARTESIAN_POINT('',(4.875563938968,6.916010276143,9.707629400433)
  );
#568 = CARTESIAN_POINT('',(4.874159360328,6.903815773119,9.708085957596)
  );
#569 = CARTESIAN_POINT('',(4.872655681011,6.891636661769,9.708574565032)
  );
#570 = CARTESIAN_POINT('',(4.871053198075,6.879474092396,9.709095087302)
  );
#571 = CARTESIAN_POINT('',(4.86935220858,6.867329215291,9.709647388966)
  );
#572 = CARTESIAN_POINT('',(4.867553009585,6.855203180759,9.710231334586)
  );
#573 = CARTESIAN_POINT('',(4.865655898148,6.843097139092,9.710846788721)
  );
#574 = CARTESIAN_POINT('',(4.863661171329,6.831012240591,9.711493615931)
  );
#575 = CARTESIAN_POINT('',(4.861569126187,6.818949635552,9.712171680777)
  );
#576 = CARTESIAN_POINT('',(4.85500192697,6.782832151716,9.714299181905)
  );
#577 = CARTESIAN_POINT('',(4.850234431944,6.758849060095,9.71584249481)
  );
#578 = CARTESIAN_POINT('',(4.845081873591,6.734969031777,9.717508836298)
  );
#579 = CARTESIAN_POINT('',(4.839548550803,6.711199899129,9.719296256135)
  );
#580 = CARTESIAN_POINT('',(4.833638762466,6.687549494516,9.721202804085)
  );
#581 = CARTESIAN_POINT('',(4.827356807474,6.664025650308,9.723226529914)
  );
#582 = CARTESIAN_POINT('',(4.820706984711,6.640636198868,9.725365483384)
  );
#583 = CARTESIAN_POINT('',(4.813693593071,6.617388972566,9.727617714263)
  );
#584 = CARTESIAN_POINT('',(4.806320931441,6.594291803766,9.729981272313)
  );
#585 = CARTESIAN_POINT('',(4.798593298711,6.571352524837,9.7324542073));
#586 = CARTESIAN_POINT('',(4.790514993771,6.548578968144,9.735034568989)
  );
#587 = CARTESIAN_POINT('',(4.765240958987,6.480778961874,9.743092083454)
  );
#588 = CARTESIAN_POINT('',(4.747010127351,6.436266671852,9.748883986718)
  );
#589 = CARTESIAN_POINT('',(4.727443081254,6.392494477421,9.755075552796)
  );
#590 = CARTESIAN_POINT('',(4.706585687766,6.349510732166,9.761646046058)
  );
#591 = CARTESIAN_POINT('',(4.684484420394,6.307359761818,9.76857455939)
  );
#592 = CARTESIAN_POINT('',(4.661186359049,6.266081864263,9.775840014185)
  );
#593 = CARTESIAN_POINT('',(4.636739190092,6.225713309532,9.783421160351)
  );
#594 = CARTESIAN_POINT('',(4.61119120628,6.18628633981,9.791296576309));
#595 = CARTESIAN_POINT('',(4.584591306818,6.147829169429,9.799444668988)
  );
#596 = CARTESIAN_POINT('',(4.556988997321,6.110365984871,9.807843673832)
  );
#597 = CARTESIAN_POINT('',(4.528434389833,6.07391694477,9.816471654798)
  );
#598 = CARTESIAN_POINT('',(4.413784948489,5.936059943692,9.850858677302)
  );
#599 = CARTESIAN_POINT('',(4.320963431202,5.842304613743,9.878157699958)
  );
#600 = CARTESIAN_POINT('',(4.222113089234,5.757380046122,9.906647146776)
  );
#601 = CARTESIAN_POINT('',(4.117200307305,5.682054495001,9.936017941411)
  );
#602 = CARTESIAN_POINT('',(4.008505535839,5.615893173395,9.965660987845)
  );
#603 = CARTESIAN_POINT('',(3.896740081191,5.558593129186,9.995295482742)
  );
#604 = CARTESIAN_POINT('',(3.781190528504,5.510426254279,10.024888123717
    ));
#605 = CARTESIAN_POINT('',(3.662786035394,5.471474840056,10.054127959256
    ));
#606 = CARTESIAN_POINT('',(3.544188500469,5.441104573201,10.082469863084
    ));
#607 = CARTESIAN_POINT('',(3.424377865768,5.418906232157,10.110106558936
    ));
#608 = CARTESIAN_POINT('',(3.296744556718,5.406149596277,10.138174770854
    ));
#609 = CARTESIAN_POINT('',(3.179408296848,5.402631216769,10.163045429398
    ));
#610 = PCURVE('',#38,#611);
#611 = DEFINITIONAL_REPRESENTATION('',(#612),#732);
#612 = B_SPLINE_CURVE_WITH_KNOTS('',10,(#613,#614,#615,#616,#617,#618,
    #619,#620,#621,#622,#623,#624,#625,#626,#627,#628,#629,#630,#631,
    #632,#633,#634,#635,#636,#637,#638,#639,#640,#641,#642,#643,#644,
    #645,#646,#647,#648,#649,#650,#651,#652,#653,#654,#655,#656,#657,
    #658,#659,#660,#661,#662,#663,#664,#665,#666,#667,#668,#669,#670,
    #671,#672,#673,#674,#675,#676,#677,#678,#679,#680,#681,#682,#683,
    #684,#685,#686,#687,#688,#689,#690,#691,#692,#693,#694,#695,#696,
    #697,#698,#699,#700,#701,#702,#703,#704,#705,#706,#707,#708,#709,
    #710,#711,#712,#713,#714,#715,#716,#717,#718,#719,#720,#721,#722,
    #723,#724,#725,#726,#727,#728,#729,#730,#731),.UNSPECIFIED.,.F.,.F.,
  (11,9,9,9,9,9,9,9,9,9,9,9,9,11),(-3.708272960511E-16,
    3.173811107661E-03,4.760716661492E-03,5.554169438407E-03,
    6.347622215322E-03,1.269524443065E-02,2.539048886129E-02,
    5.078097772258E-02,0.101561955445,0.20312391089,0.406247821781,
    0.609371732671,0.812495643561,1.624991287123),.UNSPECIFIED.);
#613 = CARTESIAN_POINT('',(0.771434663643,0.338095238095));
#614 = CARTESIAN_POINT('',(0.771434663643,0.338080087583));
#615 = CARTESIAN_POINT('',(0.771434651642,0.338001869697));
#616 = CARTESIAN_POINT('',(0.771434627641,0.338080761269));
#617 = CARTESIAN_POINT('',(0.771434591639,0.337923840874));
#618 = CARTESIAN_POINT('',(0.771434543638,0.337997928323));
#619 = CARTESIAN_POINT('',(0.771434483635,0.33792039734));
#620 = CARTESIAN_POINT('',(0.771434411632,0.337911901814));
#621 = CARTESIAN_POINT('',(0.771434327628,0.337878959061));
#622 = CARTESIAN_POINT('',(0.771434231624,0.337853314886));
#623 = CARTESIAN_POINT('',(0.771434069616,0.33781337848));
#624 = CARTESIAN_POINT('',(0.771434012613,0.337800135801));
#625 = CARTESIAN_POINT('',(0.771433952612,0.3377865159));
#626 = CARTESIAN_POINT('',(0.771433889607,0.337772714759));
#627 = CARTESIAN_POINT('',(0.771433823606,0.337759072533));
#628 = CARTESIAN_POINT('',(0.771433754601,0.337745765033));
#629 = CARTESIAN_POINT('',(0.771433682599,0.337732685212));
#630 = CARTESIAN_POINT('',(0.771433607595,0.337719514617));
#631 = CARTESIAN_POINT('',(0.771433529592,0.337705984849));
#632 = CARTESIAN_POINT('',(0.771433408087,0.337685501057));
#633 = CARTESIAN_POINT('',(0.771433366835,0.337678765788));
#634 = CARTESIAN_POINT('',(0.771433324833,0.337671559267));
#635 = CARTESIAN_POINT('',(0.771433282081,0.33766529615));
#636 = CARTESIAN_POINT('',(0.77143323858,0.33765913227));
#637 = CARTESIAN_POINT('',(0.771433194328,0.337652169931));
#638 = CARTESIAN_POINT('',(0.771433149326,0.337645080004));
#639 = CARTESIAN_POINT('',(0.771433103574,0.337638717361));
#640 = CARTESIAN_POINT('',(0.771433057072,0.337631908645));
#641 = CARTESIAN_POINT('',(0.771432962568,0.337618478948));
#642 = CARTESIAN_POINT('',(0.771432914566,0.337611764104));
#643 = CARTESIAN_POINT('',(0.771432865814,0.337605049263));
#644 = CARTESIAN_POINT('',(0.771432816311,0.337598334427));
#645 = CARTESIAN_POINT('',(0.77143276606,0.337591619595));
#646 = CARTESIAN_POINT('',(0.771432715057,0.337584904767));
#647 = CARTESIAN_POINT('',(0.771432663305,0.337578189944));
#648 = CARTESIAN_POINT('',(0.771432610803,0.337571475125));
#649 = CARTESIAN_POINT('',(0.771432557551,0.337564760311));
#650 = CARTESIAN_POINT('',(0.771432071531,0.337504327026));
#651 = CARTESIAN_POINT('',(0.771431591513,0.337450608852));
#652 = CARTESIAN_POINT('',(0.771431063494,0.337396891025));
#653 = CARTESIAN_POINT('',(0.771430487474,0.337343173594));
#654 = CARTESIAN_POINT('',(0.771429863457,0.337289456607));
#655 = CARTESIAN_POINT('',(0.771429191441,0.33723574011));
#656 = CARTESIAN_POINT('',(0.771428471428,0.337182024151));
#657 = CARTESIAN_POINT('',(0.771427703417,0.337128308777));
#658 = CARTESIAN_POINT('',(0.771426887412,0.337074594036));
#659 = CARTESIAN_POINT('',(0.771424295408,0.336913451856));
#660 = CARTESIAN_POINT('',(0.771422375425,0.336806026457));
#661 = CARTESIAN_POINT('',(0.771420263475,0.336698604159));
#662 = CARTESIAN_POINT('',(0.771417959573,0.336591185342));
#663 = CARTESIAN_POINT('',(0.771415463732,0.336483770384));
#664 = CARTESIAN_POINT('',(0.771412775965,0.336376359664));
#665 = CARTESIAN_POINT('',(0.771409896289,0.336268953563));
#666 = CARTESIAN_POINT('',(0.771406824715,0.33616155246));
#667 = CARTESIAN_POINT('',(0.771403561259,0.336054156733));
#668 = CARTESIAN_POINT('',(0.771393195285,0.33573198682));
#669 = CARTESIAN_POINT('',(0.771385517159,0.335517229903));
#670 = CARTESIAN_POINT('',(0.771377071796,0.335302499036));
#671 = CARTESIAN_POINT('',(0.771367859436,0.335087797243));
#672 = CARTESIAN_POINT('',(0.771357880315,0.334873127548));
#673 = CARTESIAN_POINT('',(0.771347134677,0.334658492978));
#674 = CARTESIAN_POINT('',(0.771335622756,0.334443896555));
#675 = CARTESIAN_POINT('',(0.771323344794,0.334229341304));
#676 = CARTESIAN_POINT('',(0.77131030103,0.334014830251));
#677 = CARTESIAN_POINT('',(0.771268873046,0.333371438756));
#678 = CARTESIAN_POINT('',(0.771238192109,0.332942699994));
#679 = CARTESIAN_POINT('',(0.771204452816,0.332514174039));
#680 = CARTESIAN_POINT('',(0.771167659086,0.332085884791));
#681 = CARTESIAN_POINT('',(0.771127814844,0.331657856156));
#682 = CARTESIAN_POINT('',(0.77108492401,0.331230112035));
#683 = CARTESIAN_POINT('',(0.771038990508,0.330802676333));
#684 = CARTESIAN_POINT('',(0.770990018259,0.330375572951));
#685 = CARTESIAN_POINT('',(0.770938011185,0.329948825795));
#686 = CARTESIAN_POINT('',(0.770772897259,0.328669724708));
#687 = CARTESIAN_POINT('',(0.770650702531,0.327818517327));
#688 = CARTESIAN_POINT('',(0.770516469755,0.326968998302));
#689 = CARTESIAN_POINT('',(0.770370254972,0.326121349265));
#690 = CARTESIAN_POINT('',(0.770212100291,0.32527576395));
#691 = CARTESIAN_POINT('',(0.770042044657,0.324432440338));
#692 = CARTESIAN_POINT('',(0.7698601346,0.323591572797));
#693 = CARTESIAN_POINT('',(0.769666435007,0.322753344235));
#694 = CARTESIAN_POINT('',(0.769461039875,0.321917918236));
#695 = CARTESIAN_POINT('',(0.768810169474,0.319420457169));
#696 = CARTESIAN_POINT('',(0.768329987259,0.3177672479));
#697 = CARTESIAN_POINT('',(0.767804227668,0.316127124409));
#698 = CARTESIAN_POINT('',(0.767233895082,0.314501179314));
#699 = CARTESIAN_POINT('',(0.766619741555,0.312890725221));
#700 = CARTESIAN_POINT('',(0.76596234481,0.31129720653));
#701 = CARTESIAN_POINT('',(0.765262464262,0.309721884964));
#702 = CARTESIAN_POINT('',(0.764521309625,0.30816560903));
#703 = CARTESIAN_POINT('',(0.763740356675,0.306628977715));
#704 = CARTESIAN_POINT('',(0.762100332734,0.303597439554));
#705 = CARTESIAN_POINT('',(0.761241343747,0.302102449174));
#706 = CARTESIAN_POINT('',(0.760344460255,0.300629121565));
#707 = CARTESIAN_POINT('',(0.759410775849,0.299178277591));
#708 = CARTESIAN_POINT('',(0.758441395203,0.297750674911));
#709 = CARTESIAN_POINT('',(0.757437434069,0.296347007977));
#710 = CARTESIAN_POINT('',(0.756400019281,0.294967908034));
#711 = CARTESIAN_POINT('',(0.755330288754,0.293613943123));
#712 = CARTESIAN_POINT('',(0.754229391483,0.292285618078));
#713 = CARTESIAN_POINT('',(0.751967583606,0.289681130974));
#714 = CARTESIAN_POINT('',(0.750806742966,0.28840491848));
#715 = CARTESIAN_POINT('',(0.749616358881,0.287155721582));
#716 = CARTESIAN_POINT('',(0.748401290491,0.285931353688));
#717 = CARTESIAN_POINT('',(0.747153030622,0.284738802962));
#718 = CARTESIAN_POINT('',(0.74588723792,0.283568529255));
#719 = CARTESIAN_POINT('',(0.744591495048,0.282429684525));
#720 = CARTESIAN_POINT('',(0.743275034682,0.281317105022));
#721 = CARTESIAN_POINT('',(0.741935438363,0.280233190535));
#722 = CARTESIAN_POINT('',(0.735130952092,0.274954869134));
#723 = CARTESIAN_POINT('',(0.729344854693,0.271185271922));
#724 = CARTESIAN_POINT('',(0.723279008636,0.267877809236));
#725 = CARTESIAN_POINT('',(0.716993313532,0.26502859028));
#726 = CARTESIAN_POINT('',(0.710543639229,0.262622146182));
#727 = CARTESIAN_POINT('',(0.70388951485,0.260675915122));
#728 = CARTESIAN_POINT('',(0.6971649834,0.259173505123));
#729 = CARTESIAN_POINT('',(0.690465811115,0.258069780688));
#730 = CARTESIAN_POINT('',(0.683249660588,0.257438192896));
#731 = CARTESIAN_POINT('',(0.676633794269,0.257268153179));
#732 = ( GEOMETRIC_REPRESENTATION_CONTEXT(2) 
PARAMETRIC_REPRESENTATION_CONTEXT() REPRESENTATION_CONTEXT('2D SPACE',''
  ) );
#733 = PCURVE('',#734,#1038);
#734 = ( BOUNDED_SURFACE() B_SPLINE_SURFACE(2,12,(
    (#735,#736,#737,#738,#739,#740,#741,#742,#743,#744,#745,#746,#747
      ,#748,#749,#750,#751,#752,#753,#754,#755,#756,#757,#758,#759,#760
      ,#761,#762,#763,#764,#765,#766,#767,#768,#769,#770,#771,#772,#773
      ,#774,#775,#776,#777,#778,#779,#780,#781,#782,#783,#784,#785,#786
      ,#787,#788,#789,#790,#791,#792,#793,#794,#795,#796,#797,#798,#799
      ,#800,#801,#802,#803,#804,#805,#806,#807,#808,#809,#810,#811,#812
      ,#813,#814,#815,#816,#817,#818,#819,#820,#821,#822,#823,#824,#825
      ,#826,#827,#828,#829,#830,#831,#832,#833,#834,#835)
    ,(#836,#837,#838,#839,#840,#841,#842,#843,#844,#845,#846,#847,#848
      ,#849,#850,#851,#852,#853,#854,#855,#856,#857,#858,#859,#860,#861
      ,#862,#863,#864,#865,#866,#867,#868,#869,#870,#871,#872,#873,#874
      ,#875,#876,#877,#878,#879,#880,#881,#882,#883,#884,#885,#886,#887
      ,#888,#889,#890,#891,#892,#893,#894,#895,#896,#897,#898,#899,#900
      ,#901,#902,#903,#904,#905,#906,#907,#908,#909,#910,#911,#912,#913
      ,#914,#915,#916,#917,#918,#919,#920,#921,#922,#923,#924,#925,#926
      ,#927,#928,#929,#930,#931,#932,#933,#934,#935,#936)
    ,(#937,#938,#939,#940,#941,#942,#943,#944,#945,#946,#947,#948,#949
      ,#950,#951,#952,#953,#954,#955,#956,#957,#958,#959,#960,#961,#962
      ,#963,#964,#965,#966,#967,#968,#969,#970,#971,#972,#973,#974,#975
      ,#976,#977,#978,#979,#980,#981,#982,#983,#984,#985,#986,#987,#988
      ,#989,#990,#991,#992,#993,#994,#995,#996,#997,#998,#999,#1000
      ,#1001,#1002,#1003,#1004,#1005,#1006,#1007,#1008,#1009,#1010,#1011
      ,#1012,#1013,#1014,#1015,#1016,#1017,#1018,#1019,#1020,#1021,#1022
      ,#1023,#1024,#1025,#1026,#1027,#1028,#1029,#1030,#1031,#1032,#1033
      ,#1034,#1035,#1036,#1037
)),.UNSPECIFIED.,.F.,.F.,.F.) B_SPLINE_SURFACE_WITH_KNOTS((3,3),(13,11,
    11,11,11,11,11,11,11,13),(0.,1.624991287123),(-3.708272960511E-16,
    5.189991513523E-03,1.037998302705E-02,2.075996605409E-02,
    4.151993210819E-02,8.303986421638E-02,0.166079728433,0.332159456866,
    0.664318913731,1.624991287123),.UNSPECIFIED.) 
GEOMETRIC_REPRESENTATION_ITEM() RATIONAL_B_SPLINE_SURFACE((
    (1.,1.,1.,1.000000000001,0.999999999998,1.000000000003
      ,0.999999999997,1.000000000002,0.999999999999,1.000000000001,1.,1.
      ,1.,1.,0.999999999999,1.000000000002,0.999999999997,1.000000000003
      ,0.999999999997,1.000000000002,0.999999999999,1.,1.,1.,1.
      ,1.000000000001,0.999999999999,1.000000000001,0.999999999999
      ,1.000000000001,1.,1.,1.,1.,1.,1.,1.,1.,1.,1.,1.,1.,1.,1.,1.,1.
      ,0.999999999999,1.000000000001,0.999999999997,1.000000000004
      ,0.999999999996,1.000000000003,0.999999999998,1.000000000001,1.,1.
      ,1.,1.,1.,1.000000000001,0.999999999999,1.000000000001,1.,1.,1.,1.
      ,1.,1.,1.,1.,0.999999999999,1.000000000001,0.999999999998
      ,1.000000000002,0.999999999999,1.000000000001,1.,1.,1.,1.
      ,0.999999999999,1.000000000001,0.999999999998,1.000000000002
      ,0.999999999999,1.000000000001,1.,1.,1.,1.,1.,1.000000000001
      ,0.999999999998,1.000000000003,0.999999999996,1.000000000003
      ,0.999999999998,1.000000000001,1.,1.,1.)
    ,(0.587491882521,0.587491882521,0.587491921911,0.587492000692
      ,0.587492118862,0.587492276423,0.587492473373,0.587492709715
      ,0.587492985446,0.587493300567,0.587493655077,0.587494048976
      ,0.587494915552,0.58749538823,0.587495900295,0.58749645175
      ,0.587497042588,0.587497672819,0.587498342428,0.587499051429
      ,0.587499799809,0.587500587576,0.587501414725,0.587504014319
      ,0.587505904917,0.587507953038,0.587510158669,0.587512521801
      ,0.587515042417,0.587517720511,0.587520556065,0.587523549072
      ,0.587526699517,0.587530007389,0.58754040325,0.58754796357
      ,0.587556153436,0.587564972648,0.587574421003,0.587584498305
      ,0.587595204348,0.587606538936,0.587618501866,0.587631092939
      ,0.587644311953,0.587685852219,0.587716058047,0.587748772943
      ,0.587783993651,0.587821716928,0.58786193951,0.587904658161
      ,0.587949869614,0.587997570631,0.588047757952,0.588100428329
      ,0.588265878871,0.588386118143,0.588516245348,0.588656209509
      ,0.588805959646,0.588965444784,0.589134613944,0.58931341615
      ,0.589501800424,0.589699715787,0.589907111263,0.590557585096
      ,0.591029163013,0.591537937574,0.592083176727,0.592664148421
      ,0.593280120605,0.593930361229,0.594614138238,0.595330719586
      ,0.596079373218,0.596859367084,0.59929117323,0.601034237909
      ,0.602891405971,0.60485489259,0.606916885297,0.609069544004
      ,0.611305000971,0.613615360844,0.615992700621,0.618429069675
      ,0.620916489742,0.630765572367,0.638444486586,0.646323202736
      ,0.654198545084,0.661969302463,0.669545665802,0.676818689
      ,0.683713033679,0.690219472058,0.696322019112,0.701898146647
      ,0.706979296716)
    ,(1.,1.,1.,1.000000000001,0.999999999998,1.000000000003
      ,0.999999999997,1.000000000002,0.999999999999,1.000000000001,1.,1.
      ,1.,1.,0.999999999999,1.000000000002,0.999999999997,1.000000000003
      ,0.999999999997,1.000000000002,0.999999999999,1.,1.,1.,1.
      ,1.000000000001,0.999999999999,1.000000000001,0.999999999999
      ,1.000000000001,1.,1.,1.,1.,1.,1.,1.,1.,1.,1.,1.,1.,1.,1.,1.,1.
      ,0.999999999999,1.000000000001,0.999999999997,1.000000000004
      ,0.999999999996,1.000000000003,0.999999999998,1.000000000001,1.,1.
      ,1.,1.,1.,1.000000000001,0.999999999999,1.000000000001,1.,1.,1.,1.
      ,1.,1.,1.,1.,0.999999999999,1.000000000001,0.999999999998
      ,1.000000000002,0.999999999999,1.000000000001,1.,1.,1.,1.
      ,0.999999999999,1.000000000001,0.999999999998,1.000000000002
      ,0.999999999999,1.000000000001,1.,1.,1.,1.,1.,1.000000000001
      ,0.999999999998,1.000000000003,0.999999999996,1.000000000003
,0.999999999998,1.000000000001,1.,1.,1.
))) REPRESENTATION_ITEM('') SURFACE() );
#735 = CARTESIAN_POINT('',(4.885823945566,7.1,9.704290812431));
#736 = CARTESIAN_POINT('',(4.885823945566,7.099566438283,9.704290812431)
  );
#737 = CARTESIAN_POINT('',(4.885823551734,7.09668068104,9.704290940711)
  );
#738 = CARTESIAN_POINT('',(4.885822764069,7.102826310981,9.70429119727)
  );
#739 = CARTESIAN_POINT('',(4.885821582571,7.087167816887,9.70429158211)
  );
#740 = CARTESIAN_POINT('',(4.885820007235,7.109224992338,9.70429209523)
  );
#741 = CARTESIAN_POINT('',(4.885818038069,7.082786633201,9.70429273663)
  );
#742 = CARTESIAN_POINT('',(4.885815675062,7.103331630293,9.704293506311)
  );
#743 = CARTESIAN_POINT('',(4.885812918227,7.089669011834,9.704294404271)
  );
#744 = CARTESIAN_POINT('',(4.885809767554,7.094365261076,9.70429543051)
  );
#745 = CARTESIAN_POINT('',(4.885806223051,7.092115556024,9.704296585027)
  );
#746 = CARTESIAN_POINT('',(4.885802284717,7.091544920912,9.704297867822)
  );
#747 = CARTESIAN_POINT('',(4.885793620391,7.090007648512,9.704300689966)
  );
#748 = CARTESIAN_POINT('',(4.885788894396,7.089239014527,9.704302229315)
  );
#749 = CARTESIAN_POINT('',(4.885783774574,7.088470383057,9.70430389694)
  );
#750 = CARTESIAN_POINT('',(4.885778260925,7.087701754396,9.70430569284)
  );
#751 = CARTESIAN_POINT('',(4.885772353459,7.086933128844,9.704307617012)
  );
#752 = CARTESIAN_POINT('',(4.885766052171,7.086164506694,9.704309669454)
  );
#753 = CARTESIAN_POINT('',(4.885759357074,7.08539588825,9.704311850166)
  );
#754 = CARTESIAN_POINT('',(4.885752268162,7.084627273801,9.704314159145)
  );
#755 = CARTESIAN_POINT('',(4.885744785446,7.08385866365,9.704316596389)
  );
#756 = CARTESIAN_POINT('',(4.885736908925,7.083090058091,9.704319161897)
  );
#757 = CARTESIAN_POINT('',(4.885728638605,7.082321457424,9.704321855666)
  );
#758 = CARTESIAN_POINT('',(4.885702646255,7.080015670981,9.704330321756)
  );
#759 = CARTESIAN_POINT('',(4.885683742804,7.078478500772,9.704336478871)
  );
#760 = CARTESIAN_POINT('',(4.885663264202,7.076941353688,9.704343149009)
  );
#761 = CARTESIAN_POINT('',(4.885641210516,7.075404232107,9.70435033214)
  );
#762 = CARTESIAN_POINT('',(4.88561758181,7.073867138402,9.704358028231)
  );
#763 = CARTESIAN_POINT('',(4.885592378154,7.072330074949,9.704366237251)
  );
#764 = CARTESIAN_POINT('',(4.885565599612,7.070793044122,9.704374959169)
  );
#765 = CARTESIAN_POINT('',(4.885537246252,7.069256048298,9.704384193954)
  );
#766 = CARTESIAN_POINT('',(4.885507318139,7.067719089851,9.704393941573)
  );
#767 = CARTESIAN_POINT('',(4.885475815341,7.066182171156,9.704404201995)
  );
#768 = CARTESIAN_POINT('',(4.885442737923,7.064645294588,9.704414975189)
  );
#769 = CARTESIAN_POINT('',(4.885338782011,7.060034798391,9.704448832993)
  );
#770 = CARTESIAN_POINT('',(4.885263179351,7.05696131233,9.704473456053)
  );
#771 = CARTESIAN_POINT('',(4.885181279116,7.053888023285,9.704500129776)
  );
#772 = CARTESIAN_POINT('',(4.885093082449,7.050814950203,9.704528853632)
  );
#773 = CARTESIAN_POINT('',(4.884998590495,7.047742112031,9.704559627091)
  );
#774 = CARTESIAN_POINT('',(4.884897804397,7.044669527715,9.704592449624)
  );
#775 = CARTESIAN_POINT('',(4.884790725301,7.041597216201,9.704627320702)
  );
#776 = CARTESIAN_POINT('',(4.884677354348,7.038525196436,9.704664239794)
  );
#777 = CARTESIAN_POINT('',(4.884557692685,7.035453487367,9.704703206371)
  );
#778 = CARTESIAN_POINT('',(4.884431741453,7.032382107939,9.704744219904)
  );
#779 = CARTESIAN_POINT('',(4.884299501798,7.029311077099,9.704787279864)
  );
#780 = CARTESIAN_POINT('',(4.883883920993,7.020099087185,9.704922597434)
  );
#781 = CARTESIAN_POINT('',(4.88358171007,7.013959232572,9.705020996336)
  );
#782 = CARTESIAN_POINT('',(4.883254360899,7.007820999891,9.70512757381)
  );
#783 = CARTESIAN_POINT('',(4.882901892288,7.001684539081,9.705242321238)
  );
#784 = CARTESIAN_POINT('',(4.88252432304,6.995550000074,9.705365230004)
  );
#785 = CARTESIAN_POINT('',(4.882121671965,6.989417532815,9.70549629149)
  );
#786 = CARTESIAN_POINT('',(4.881693957864,6.98328728723,9.70563549708));
#787 = CARTESIAN_POINT('',(4.881241199548,6.977159413266,9.705782838156)
  );
#788 = CARTESIAN_POINT('',(4.880763415819,6.971034060852,9.705938306101)
  );
#789 = CARTESIAN_POINT('',(4.880260625486,6.964911379929,9.7061018923));
#790 = CARTESIAN_POINT('',(4.879732847354,6.958791520432,9.706273588133)
  );
#791 = CARTESIAN_POINT('',(4.878074605977,6.940440856031,9.706812978688)
  );
#792 = CARTESIAN_POINT('',(4.87686911987,6.928219020547,9.707205028984)
  );
#793 = CARTESIAN_POINT('',(4.875563938968,6.916010276143,9.707629400433)
  );
#794 = CARTESIAN_POINT('',(4.874159360328,6.903815773119,9.708085957596)
  );
#795 = CARTESIAN_POINT('',(4.872655681011,6.891636661769,9.708574565032)
  );
#796 = CARTESIAN_POINT('',(4.871053198075,6.879474092396,9.709095087302)
  );
#797 = CARTESIAN_POINT('',(4.86935220858,6.867329215291,9.709647388966)
  );
#798 = CARTESIAN_POINT('',(4.867553009585,6.855203180759,9.710231334586)
  );
#799 = CARTESIAN_POINT('',(4.865655898148,6.843097139092,9.710846788721)
  );
#800 = CARTESIAN_POINT('',(4.863661171329,6.831012240591,9.711493615931)
  );
#801 = CARTESIAN_POINT('',(4.861569126187,6.818949635552,9.712171680777)
  );
#802 = CARTESIAN_POINT('',(4.85500192697,6.782832151716,9.714299181905)
  );
#803 = CARTESIAN_POINT('',(4.850234431944,6.758849060095,9.71584249481)
  );
#804 = CARTESIAN_POINT('',(4.845081873591,6.734969031777,9.717508836298)
  );
#805 = CARTESIAN_POINT('',(4.839548550803,6.711199899129,9.719296256135)
  );
#806 = CARTESIAN_POINT('',(4.833638762466,6.687549494516,9.721202804085)
  );
#807 = CARTESIAN_POINT('',(4.827356807474,6.664025650308,9.723226529914)
  );
#808 = CARTESIAN_POINT('',(4.820706984711,6.640636198868,9.725365483384)
  );
#809 = CARTESIAN_POINT('',(4.813693593071,6.617388972566,9.727617714263)
  );
#810 = CARTESIAN_POINT('',(4.806320931441,6.594291803766,9.729981272313)
  );
#811 = CARTESIAN_POINT('',(4.798593298711,6.571352524837,9.7324542073));
#812 = CARTESIAN_POINT('',(4.790514993771,6.548578968144,9.735034568989)
  );
#813 = CARTESIAN_POINT('',(4.765240958987,6.480778961874,9.743092083454)
  );
#814 = CARTESIAN_POINT('',(4.747010127351,6.436266671852,9.748883986718)
  );
#815 = CARTESIAN_POINT('',(4.727443081254,6.392494477421,9.755075552796)
  );
#816 = CARTESIAN_POINT('',(4.706585687766,6.349510732166,9.761646046058)
  );
#817 = CARTESIAN_POINT('',(4.684484420394,6.307359761818,9.76857455939)
  );
#818 = CARTESIAN_POINT('',(4.661186359049,6.266081864263,9.775840014185)
  );
#819 = CARTESIAN_POINT('',(4.636739190092,6.225713309532,9.783421160351)
  );
#820 = CARTESIAN_POINT('',(4.61119120628,6.18628633981,9.791296576309));
#821 = CARTESIAN_POINT('',(4.584591306818,6.147829169429,9.799444668988)
  );
#822 = CARTESIAN_POINT('',(4.556988997321,6.110365984871,9.807843673832)
  );
#823 = CARTESIAN_POINT('',(4.528434389833,6.07391694477,9.816471654798)
  );
#824 = CARTESIAN_POINT('',(4.413784948489,5.936059943692,9.850858677302)
  );
#825 = CARTESIAN_POINT('',(4.320963431202,5.842304613743,9.878157699958)
  );
#826 = CARTESIAN_POINT('',(4.222113089234,5.757380046122,9.906647146776)
  );
#827 = CARTESIAN_POINT('',(4.117200307305,5.682054495001,9.936017941411)
  );
#828 = CARTESIAN_POINT('',(4.008505535839,5.615893173395,9.965660987845)
  );
#829 = CARTESIAN_POINT('',(3.896740081191,5.558593129186,9.995295482742)
  );
#830 = CARTESIAN_POINT('',(3.781190528504,5.510426254279,10.024888123717
    ));
#831 = CARTESIAN_POINT('',(3.662786035394,5.471474840056,10.054127959256
    ));
#832 = CARTESIAN_POINT('',(3.544188500469,5.441104573201,10.082469863084
    ));
#833 = CARTESIAN_POINT('',(3.424377865768,5.418906232157,10.110106558936
    ));
#834 = CARTESIAN_POINT('',(3.296744556718,5.406149596277,10.138174770854
    ));
#835 = CARTESIAN_POINT('',(3.179408296848,5.402631216769,10.163045429398
    ));
#836 = CARTESIAN_POINT('',(4.1,7.1,9.960250642448));
#837 = CARTESIAN_POINT('',(4.1,7.099566438283,9.960250642448));
#838 = CARTESIAN_POINT('',(4.099999823347,7.099149149994,9.960250679355)
  );
#839 = CARTESIAN_POINT('',(4.099999470041,7.098671925007,9.960250753171)
  );
#840 = CARTESIAN_POINT('',(4.09999894008,7.098339401613,9.960250863892)
  );
#841 = CARTESIAN_POINT('',(4.099998233465,7.097756580003,9.960251011525)
  );
#842 = CARTESIAN_POINT('',(4.099997350193,7.097495596096,9.960251196064)
  );
#843 = CARTESIAN_POINT('',(4.099996290267,7.096922809773,9.96025141751)
  );
#844 = CARTESIAN_POINT('',(4.099995053682,7.096577040174,9.960251675868)
  );
#845 = CARTESIAN_POINT('',(4.099993640441,7.096109433127,9.960251971133)
  );
#846 = CARTESIAN_POINT('',(4.099992050541,7.095687922533,9.960252303307)
  );
#847 = CARTESIAN_POINT('',(4.099990283982,7.095255269057,9.960252672392)
  );
#848 = CARTESIAN_POINT('',(4.099986397548,7.094392591211,9.96025348438)
  );
#849 = CARTESIAN_POINT('',(4.099984277675,7.093961252923,9.960253927283)
  );
#850 = CARTESIAN_POINT('',(4.099981981142,7.093529915015,9.960254407096)
  );
#851 = CARTESIAN_POINT('',(4.09997950795,7.09309857755,9.96025492382));
#852 = CARTESIAN_POINT('',(4.099976858096,7.092667240592,9.960255477455)
  );
#853 = CARTESIAN_POINT('',(4.099974031581,7.092235904202,9.960256068));
#854 = CARTESIAN_POINT('',(4.099971028403,7.091804568447,9.960256695459)
  );
#855 = CARTESIAN_POINT('',(4.099967848562,7.091373233387,9.960257359829)
  );
#856 = CARTESIAN_POINT('',(4.099964492058,7.090941899087,9.960258061112)
  );
#857 = CARTESIAN_POINT('',(4.099960958889,7.09051056561,9.960258799309)
  );
#858 = CARTESIAN_POINT('',(4.099957249056,7.090079233019,9.960259574419)
  );
#859 = CARTESIAN_POINT('',(4.099945589595,7.088785241911,9.960262010483)
  );
#860 = CARTESIAN_POINT('',(4.099937109993,7.087922586937,9.960263782174)
  );
#861 = CARTESIAN_POINT('',(4.09992792374,7.087059936961,9.960265701521)
  );
#862 = CARTESIAN_POINT('',(4.099918030826,7.086197292485,9.960267768532)
  );
#863 = CARTESIAN_POINT('',(4.099907431243,7.085334654018,9.960269983212)
  );
#864 = CARTESIAN_POINT('',(4.099896124982,7.084472022058,9.96027234557)
  );
#865 = CARTESIAN_POINT('',(4.099884112037,7.083609397117,9.96027485561)
  );
#866 = CARTESIAN_POINT('',(4.099871392402,7.082746779692,9.96027751334)
  );
#867 = CARTESIAN_POINT('',(4.099857966073,7.081884170293,9.960280318763)
  );
#868 = CARTESIAN_POINT('',(4.099843833047,7.08102156942,9.960283271886)
  );
#869 = CARTESIAN_POINT('',(4.099828993322,7.080158977579,9.960286372714)
  );
#870 = CARTESIAN_POINT('',(4.099782354595,7.077571261188,9.960296118213)
  );
#871 = CARTESIAN_POINT('',(4.099748435826,7.075846170782,9.960303205913)
  );
#872 = CARTESIAN_POINT('',(4.099711690452,7.074121128078,9.960310884457)
  );
#873 = CARTESIAN_POINT('',(4.099672118352,7.072396137096,9.960319153944)
  );
#874 = CARTESIAN_POINT('',(4.099629719423,7.070671201856,9.960328014473)
  );
#875 = CARTESIAN_POINT('',(4.099584493583,7.068946326368,9.960337466135)
  );
#876 = CARTESIAN_POINT('',(4.099536440764,7.067221514648,9.960347509022)
  );
#877 = CARTESIAN_POINT('',(4.09948556092,7.0654967707,9.960358143217));
#878 = CARTESIAN_POINT('',(4.099431854021,7.063772098533,9.960369368803)
  );
#879 = CARTESIAN_POINT('',(4.099375320054,7.062047502146,9.960381185858)
  );
#880 = CARTESIAN_POINT('',(4.099315959027,7.06032298554,9.960393594455)
  );
#881 = CARTESIAN_POINT('',(4.099129403627,7.05514993083,9.96043259325));
#882 = CARTESIAN_POINT('',(4.098993733449,7.051701687444,9.960460956698)
  );
#883 = CARTESIAN_POINT('',(4.09884675854,7.048253854884,9.960491686596)
  );
#884 = CARTESIAN_POINT('',(4.098688477304,7.044806465393,9.960524784473)
  );
#885 = CARTESIAN_POINT('',(4.098518888425,7.041359551112,9.960560251792)
  );
#886 = CARTESIAN_POINT('',(4.098337990877,7.037913144095,9.960598089963)
  );
#887 = CARTESIAN_POINT('',(4.098145783916,7.034467276289,9.960638300328)
  );
#888 = CARTESIAN_POINT('',(4.097942267084,7.03102197955,9.960680884177)
  );
#889 = CARTESIAN_POINT('',(4.097727440206,7.027577285627,9.960725842732)
  );
#890 = CARTESIAN_POINT('',(4.097501303389,7.024133226172,9.960773177164)
  );
#891 = CARTESIAN_POINT('',(4.097263857023,7.020689832733,9.960822888577)
  );
#892 = CARTESIAN_POINT('',(4.096517731214,7.010363681316,9.960979127605)
  );
#893 = CARTESIAN_POINT('',(4.095975204843,7.003483331075,9.961092766239)
  );
#894 = CARTESIAN_POINT('',(4.09538749725,6.996606358529,9.961215917257)
  );
#895 = CARTESIAN_POINT('',(4.094754587403,6.989733033227,9.961348603056)
  );
#896 = CARTESIAN_POINT('',(4.094076458606,6.982863621719,9.961490845101)
  );
#897 = CARTESIAN_POINT('',(4.093353098462,6.975998387529,9.961642663933)
  );
#898 = CARTESIAN_POINT('',(4.092584498828,6.96913759111,9.961804079169)
  );
#899 = CARTESIAN_POINT('',(4.091770655774,6.962281489813,9.961975109515)
  );
#900 = CARTESIAN_POINT('',(4.090911569535,6.955430337852,9.96215577277)
  );
#901 = CARTESIAN_POINT('',(4.090007244469,6.948584386275,9.96234608583)
  );
#902 = CARTESIAN_POINT('',(4.089057689008,6.941743882925,9.9625460647));
#903 = CARTESIAN_POINT('',(4.086075560219,6.921254507907,9.963174582227)
  );
#904 = CARTESIAN_POINT('',(4.083908265546,6.90762434943,9.963631939596)
  );
#905 = CARTESIAN_POINT('',(4.081560836979,6.894021267614,9.964128060358)
  );
#906 = CARTESIAN_POINT('',(4.079033137286,6.8804478467,9.964663195139));
#907 = CARTESIAN_POINT('',(4.076325084231,6.866906583662,9.965237581823)
  );
#908 = CARTESIAN_POINT('',(4.073436648137,6.853399887456,9.965851445942)
  );
#909 = CARTESIAN_POINT('',(4.070367849439,6.839930078449,9.966505001091)
  );
#910 = CARTESIAN_POINT('',(4.067118756177,6.82649938794,9.967198449353)
  );
#911 = CARTESIAN_POINT('',(4.063689481492,6.813109957865,9.967931981733)
  );
#912 = CARTESIAN_POINT('',(4.060080181083,6.799763840593,9.96870577861)
  );
#913 = CARTESIAN_POINT('',(4.056291050663,6.786462998882,9.969520010192)
  );
#914 = CARTESIAN_POINT('',(4.044417077505,6.746809481793,9.972077553137)
  );
#915 = CARTESIAN_POINT('',(4.035804734594,6.720615685807,9.973940027417)
  );
#916 = CARTESIAN_POINT('',(4.026485401172,6.694646878389,9.975964290208)
  );
#917 = CARTESIAN_POINT('',(4.016460796294,6.668922555398,9.978151731793)
  );
#918 = CARTESIAN_POINT('',(4.005734131179,6.643462728769,9.980503130884)
  );
#919 = CARTESIAN_POINT('',(3.994309987322,6.618287911392,9.98301868461)
  );
#920 = CARTESIAN_POINT('',(3.982194194212,6.593419106445,9.985698039558)
  );
#921 = CARTESIAN_POINT('',(3.969393707654,6.568877801363,9.988540323482)
  );
#922 = CARTESIAN_POINT('',(3.955916489581,6.544685966606,9.991544177342)
  );
#923 = CARTESIAN_POINT('',(3.941771390121,6.520866059346,9.994707787344)
  );
#924 = CARTESIAN_POINT('',(3.926968032589,6.497441032208,9.998028916702)
  );
#925 = CARTESIAN_POINT('',(3.867526112792,6.408933345716,10.011401312611
    ));
#926 = CARTESIAN_POINT('',(3.818346013874,6.346894785338,10.02254012813)
  );
#927 = CARTESIAN_POINT('',(3.764213002551,6.288723768655,10.034844582111
    ));
#928 = CARTESIAN_POINT('',(3.705408198358,6.234894294652,10.048245201286
    ));
#929 = CARTESIAN_POINT('',(3.642331061577,6.185802836847,10.062582369718
    ));
#930 = CARTESIAN_POINT('',(3.575433310472,6.141829227851,10.077683076738
    ));
#931 = CARTESIAN_POINT('',(3.505183835894,6.103324775895,10.093392949748
    ));
#932 = CARTESIAN_POINT('',(3.432103366418,6.070561952359,10.109542478628
    ));
#933 = CARTESIAN_POINT('',(3.356779317802,6.043722798133,10.125927643786
    ));
#934 = CARTESIAN_POINT('',(3.279747891757,6.022942786788,10.142377731005
    ));
#935 = CARTESIAN_POINT('',(3.201349687597,6.008354260442,10.158844833609
    ));
#936 = CARTESIAN_POINT('',(3.122280367096,6.,10.175154296987));
#937 = CARTESIAN_POINT('',(4.1,7.1,9.133791503707));
#938 = CARTESIAN_POINT('',(4.1,7.099566438283,9.133791503707));
#939 = CARTESIAN_POINT('',(4.099999731449,7.098497571157,9.133791635696)
  );
#940 = CARTESIAN_POINT('',(4.099999194347,7.099768519429,9.133791899677)
  );
#941 = CARTESIAN_POINT('',(4.099998388692,7.095390542396,9.133792295643)
  );
#942 = CARTESIAN_POINT('',(4.099997314484,7.100783790157,9.133792823606)
  );
#943 = CARTESIAN_POINT('',(4.099995971723,7.093613009076,9.133793483552)
  );
#944 = CARTESIAN_POINT('',(4.099994360409,7.098614488272,9.133794275494)
  );
#945 = CARTESIAN_POINT('',(4.099992480543,7.094753595821,9.133795199421)
  );
#946 = CARTESIAN_POINT('',(4.099990332125,7.095649046003,9.13379625534)
  );
#947 = CARTESIAN_POINT('',(4.099987915156,7.09474496695,9.133797443246)
  );
#948 = CARTESIAN_POINT('',(4.099985229637,7.094275895575,9.13379876314)
  );
#949 = CARTESIAN_POINT('',(4.099979321504,7.093235160385,9.133801666899)
  );
#950 = CARTESIAN_POINT('',(4.099976098887,7.092714794474,9.133803250766)
  );
#951 = CARTESIAN_POINT('',(4.099972607723,7.092194430476,9.133804966619)
  );
#952 = CARTESIAN_POINT('',(4.099968848015,7.091674068616,9.133806814455)
  );
#953 = CARTESIAN_POINT('',(4.099964819765,7.091153709127,9.133808794273)
  );
#954 = CARTESIAN_POINT('',(4.099960522976,7.090633352232,9.133810906072)
  );
#955 = CARTESIAN_POINT('',(4.099955957652,7.090112998164,9.133813149847)
  );
#956 = CARTESIAN_POINT('',(4.099951123794,7.089592647147,9.133815525599)
  );
#957 = CARTESIAN_POINT('',(4.099946021406,7.089072299413,9.133818033325)
  );
#958 = CARTESIAN_POINT('',(4.099940650491,7.088551955187,9.133820673023)
  );
#959 = CARTESIAN_POINT('',(4.099935011052,7.088031614698,9.133823444692)
  );
#960 = CARTESIAN_POINT('',(4.09991728717,7.08647060513,9.133832155602));
#961 = CARTESIAN_POINT('',(4.099904397136,7.085429947951,9.133838490765)
  );
#962 = CARTESIAN_POINT('',(4.099890433044,7.08438930846,9.133845353782)
  );
#963 = CARTESIAN_POINT('',(4.099875394948,7.083348688476,9.133852744621)
  );
#964 = CARTESIAN_POINT('',(4.099859282902,7.082308089829,9.133860663243)
  );
#965 = CARTESIAN_POINT('',(4.099842096958,7.081267514329,9.13386910962)
  );
#966 = CARTESIAN_POINT('',(4.099823837173,7.080226963813,9.133878083708)
  );
#967 = CARTESIAN_POINT('',(4.099804503598,7.079186440088,9.133887585484)
  );
#968 = CARTESIAN_POINT('',(4.099784096288,7.078145944988,9.133897614903)
  );
#969 = CARTESIAN_POINT('',(4.099762615296,7.077105480329,9.133908171937)
  );
#970 = CARTESIAN_POINT('',(4.099740060676,7.076065047934,9.133919256548)
  );
#971 = CARTESIAN_POINT('',(4.099669176097,7.072943853009,9.133954093014)
  );
#972 = CARTESIAN_POINT('',(4.099617625009,7.070863192811,9.133979427753)
  );
#973 = CARTESIAN_POINT('',(4.09956178014,7.068782683535,9.134006872338)
  );
#974 = CARTESIAN_POINT('',(4.099501642413,7.066702339686,9.134036426186)
  );
#975 = CARTESIAN_POINT('',(4.099437212748,7.064622175769,9.134068088716)
  );
#976 = CARTESIAN_POINT('',(4.09936849207,7.062542206287,9.134101859344)
  );
#977 = CARTESIAN_POINT('',(4.099295481297,7.060462445747,9.13413773749)
  );
#978 = CARTESIAN_POINT('',(4.099218181352,7.058382908651,9.134175722567)
  );
#979 = CARTESIAN_POINT('',(4.099136593158,7.056303609505,9.134215813998)
  );
#980 = CARTESIAN_POINT('',(4.099050717635,7.054224562813,9.134258011197)
  );
#981 = CARTESIAN_POINT('',(4.098960555706,7.05214578308,9.134302313583)
  );
#982 = CARTESIAN_POINT('',(4.098677213465,7.04591028827,9.134441534553)
  );
#983 = CARTESIAN_POINT('',(4.098471170397,7.041754419399,9.134542770894)
  );
#984 = CARTESIAN_POINT('',(4.098247994165,7.037599792502,9.134652420126)
  );
#985 = CARTESIAN_POINT('',(4.098007699845,7.03344652188,9.134770472781)
  );
#986 = CARTESIAN_POINT('',(4.097750302513,7.029294721837,9.134896919389)
  );
#987 = CARTESIAN_POINT('',(4.097475817245,7.025144506677,9.135031750478)
  );
#988 = CARTESIAN_POINT('',(4.097184259115,7.0209959907,9.135174956584));
#989 = CARTESIAN_POINT('',(4.096875643203,7.016849288212,9.135326528233)
  );
#990 = CARTESIAN_POINT('',(4.09654998458,7.012704513514,9.135486455958)
  );
#991 = CARTESIAN_POINT('',(4.096207298326,7.008561780911,9.135654730289)
  );
#992 = CARTESIAN_POINT('',(4.095847599515,7.004421204703,9.135831341757)
  );
#993 = CARTESIAN_POINT('',(4.094717510638,6.992006288182,9.136386159161)
  );
#994 = CARTESIAN_POINT('',(4.093896037448,6.983738808447,9.136789405275)
  );
#995 = CARTESIAN_POINT('',(4.093006719974,6.975481329268,9.13722587083)
  );
#996 = CARTESIAN_POINT('',(4.092049794539,6.967234719922,9.137695407418)
  );
#997 = CARTESIAN_POINT('',(4.091025497468,6.958999849685,9.13819786664)
  );
#998 = CARTESIAN_POINT('',(4.089934065082,6.950777587836,9.138733100083)
  );
#999 = CARTESIAN_POINT('',(4.088775733706,6.942568803649,9.139300959352)
  );
#1000 = CARTESIAN_POINT('',(4.087550739662,6.934374366404,9.139901296034
    ));
#1001 = CARTESIAN_POINT('',(4.086259319273,6.926195145375,9.14053396173)
  );
#1002 = CARTESIAN_POINT('',(4.084901708862,6.918032009841,9.141198808032
    ));
#1003 = CARTESIAN_POINT('',(4.083478144753,6.909885829078,9.141895686536
    ));
#1004 = CARTESIAN_POINT('',(4.079010300298,6.885500758932,9.144081973441
    ));
#1005 = CARTESIAN_POINT('',(4.075767904009,6.86931655203,9.145667649895)
  );
#1006 = CARTESIAN_POINT('',(4.072265050723,6.853210640652,9.147379349369
    ));
#1007 = CARTESIAN_POINT('',(4.068505116765,6.837188813795,9.149214943029
    ));
#1008 = CARTESIAN_POINT('',(4.064491478457,6.821256860453,9.151172302044
    ));
#1009 = CARTESIAN_POINT('',(4.060227512125,6.805420569626,9.153249297579
    ));
#1010 = CARTESIAN_POINT('',(4.055716594088,6.789685730302,9.155443800805
    ));
#1011 = CARTESIAN_POINT('',(4.050962100674,6.774058131485,9.157753682887
    ));
#1012 = CARTESIAN_POINT('',(4.045967408204,6.758543562165,9.160176814995
    ));
#1013 = CARTESIAN_POINT('',(4.040735893003,6.743147811341,9.162711068294
    ));
#1014 = CARTESIAN_POINT('',(4.035270931393,6.727876668007,9.165354313954
    ));
#1015 = CARTESIAN_POINT('',(4.018185836309,6.682454427464,9.173604641515
    ));
#1016 = CARTESIAN_POINT('',(4.005878178573,6.652689034872,9.179530607307
    ));
#1017 = CARTESIAN_POINT('',(3.99268850678,6.623477565647,9.185859800138)
  );
#1018 = CARTESIAN_POINT('',(3.978652572455,6.594854485796,9.192569578081
    ));
#1019 = CARTESIAN_POINT('',(3.96380629835,6.566850905063,9.199637177657)
  );
#1020 = CARTESIAN_POINT('',(3.948185778454,6.539494576935,9.207039713837
    ));
#1021 = CARTESIAN_POINT('',(3.931827277984,6.512809898637,9.214754180047
    ));
#1022 = CARTESIAN_POINT('',(3.914767233391,6.486817911136,9.222757448155
    ));
#1023 = CARTESIAN_POINT('',(3.897042252355,6.461536299136,9.231026268489
    ));
#1024 = CARTESIAN_POINT('',(3.878689113791,6.436979391084,9.239537269821
    ));
#1025 = CARTESIAN_POINT('',(3.859744767845,6.413158159166,9.248266959374
    ));
#1026 = CARTESIAN_POINT('',(3.783852924493,6.323334146602,9.283003944961
    ));
#1027 = CARTESIAN_POINT('',(3.722814238995,6.26281471663,9.31045347281)
  );
#1028 = CARTESIAN_POINT('',(3.657933414223,6.208739389543,9.33903721234)
  );
#1029 = CARTESIAN_POINT('',(3.590054357686,6.161147568494,9.368205877054
    ));
#1030 = CARTESIAN_POINT('',(3.519772958698,6.119962349734,9.39759842062)
  );
#1031 = CARTESIAN_POINT('',(3.447617693824,6.085057008266,9.426899523892
    ));
#1032 = CARTESIAN_POINT('',(3.374122223465,6.05629473991,9.455788265681)
  );
#1033 = CARTESIAN_POINT('',(3.29973843094,6.033540377466,9.48401660016)
  );
#1034 = CARTESIAN_POINT('',(3.224783287506,6.016658966092,9.511456510007
    ));
#1035 = CARTESIAN_POINT('',(3.149576934849,6.005518221099,9.537984703192
    ));
#1036 = CARTESIAN_POINT('',(3.074612460351,6.,9.563333472741));
#1037 = CARTESIAN_POINT('',(3.,6.,9.587525842916));
#1038 = DEFINITIONAL_REPRESENTATION('',(#1039),#1043);
#1039 = LINE('',#1040,#1041);
#1040 = CARTESIAN_POINT('',(0.,0.));
#1041 = VECTOR('',#1042,1.);
#1042 = DIRECTION('',(0.,1.));
#1043 = ( GEOMETRIC_REPRESENTATION_CONTEXT(2) 
PARAMETRIC_REPRESENTATION_CONTEXT() REPRESENTATION_CONTEXT('2D SPACE',''
  ) );
#1044 = ORIENTED_EDGE('',*,*,#1045,.T.);
#1045 = EDGE_CURVE('',#505,#1046,#1048,.T.);
#1046 = VERTEX_POINT('',#1047);
#1047 = CARTESIAN_POINT('',(1.7,5.400003027216,10.403667286287));
#1048 = SURFACE_CURVE('',#1049,(#1076,#1226),.PCURVE_S1.);
#1049 = ( BOUNDED_CURVE() B_SPLINE_CURVE(7,(#1050,#1051,#1052,#1053,
    #1054,#1055,#1056,#1057,#1058,#1059,#1060,#1061,#1062,#1063,#1064,
    #1065,#1066,#1067,#1068,#1069,#1070,#1071,#1072,#1073,#1074,#1075),
.UNSPECIFIED.,.F.,.F.) B_SPLINE_CURVE_WITH_KNOTS((8,6,6,6,8),(
    1.624991287123,1.749090866467,4.768324577945,7.787558472086,
7.91164067912),.UNSPECIFIED.) CURVE() GEOMETRIC_REPRESENTATION_ITEM() 
RATIONAL_B_SPLINE_CURVE((1.,1.,1.,1.,1.,1.,1.,1.,1.,1.,1.,1.,1.,1.,1.,1.
,1.,1.,1.,1.,1.,1.,1.,1.,1.,1.)) REPRESENTATION_ITEM('') );
#1050 = CARTESIAN_POINT('',(3.179408296848,5.402631216769,
    10.163045429398));
#1051 = CARTESIAN_POINT('',(3.153424030778,5.40185206709,10.168553068807
    ));
#1052 = CARTESIAN_POINT('',(3.127994158596,5.401260246415,10.17389103172
    ));
#1053 = CARTESIAN_POINT('',(3.103293117961,5.400833441348,
    10.179025427159));
#1054 = CARTESIAN_POINT('',(3.079577895372,5.400547401739,
    10.183908319908));
#1055 = CARTESIAN_POINT('',(3.05718802617,5.400375940687,10.188477730506
    ));
#1056 = CARTESIAN_POINT('',(3.036545594539,5.40029093454,10.192657635256
    ));
#1057 = CARTESIAN_POINT('',(2.570733910299,5.39956622668,10.286383766763
    ));
#1058 = CARTESIAN_POINT('',(2.145321352117,5.400535143988,
    10.356433408846));
#1059 = CARTESIAN_POINT('',(1.72030155318,5.399574803126,10.413437402073
    ));
#1060 = CARTESIAN_POINT('',(1.294025442323,5.40021846017,10.456474762274
    ));
#1061 = CARTESIAN_POINT('',(0.862705906638,5.399944360813,
    10.485551745861));
#1062 = CARTESIAN_POINT('',(0.431405082958,5.4,10.500000071356));
#1063 = CARTESIAN_POINT('',(-0.431410071138,5.4,10.499999928644));
#1064 = CARTESIAN_POINT('',(-0.862714765032,5.399944626544,
    10.485551473092));
#1065 = CARTESIAN_POINT('',(-1.294041299567,5.400217452257,
    10.456473782656));
#1066 = CARTESIAN_POINT('',(-1.720327239919,5.399576588064,
    10.41343536164));
#1067 = CARTESIAN_POINT('',(-2.145375899584,5.400533589248,
    10.356427967778));
#1068 = CARTESIAN_POINT('',(-2.57083145211,5.399565015088,
    10.286367467488));
#1069 = CARTESIAN_POINT('',(-3.036655149378,5.400294191307,
    10.19263545452));
#1070 = CARTESIAN_POINT('',(-3.057288107593,5.400379616695,
    10.188457304269));
#1071 = CARTESIAN_POINT('',(-3.079662122142,5.400551386616,
    10.183890971003));
#1072 = CARTESIAN_POINT('',(-3.103356250524,5.400837302779,
    10.179012290973));
#1073 = CARTESIAN_POINT('',(-3.128032148225,5.401263265265,
    10.173883034809));
#1074 = CARTESIAN_POINT('',(-3.153434068717,5.401853272533,
    10.168550907521));
#1075 = CARTESIAN_POINT('',(-3.179388863459,5.402629421415,
    10.163049548497));
#1076 = PCURVE('',#38,#1077);
#1077 = DEFINITIONAL_REPRESENTATION('',(#1078),#1225);
#1078 = B_SPLINE_CURVE_WITH_KNOTS('',10,(#1079,#1080,#1081,#1082,#1083,
    #1084,#1085,#1086,#1087,#1088,#1089,#1090,#1091,#1092,#1093,#1094,
    #1095,#1096,#1097,#1098,#1099,#1100,#1101,#1102,#1103,#1104,#1105,
    #1106,#1107,#1108,#1109,#1110,#1111,#1112,#1113,#1114,#1115,#1116,
    #1117,#1118,#1119,#1120,#1121,#1122,#1123,#1124,#1125,#1126,#1127,
    #1128,#1129,#1130,#1131,#1132,#1133,#1134,#1135,#1136,#1137,#1138,
    #1139,#1140,#1141,#1142,#1143,#1144,#1145,#1146,#1147,#1148,#1149,
    #1150,#1151,#1152,#1153,#1154,#1155,#1156,#1157,#1158,#1159,#1160,
    #1161,#1162,#1163,#1164,#1165,#1166,#1167,#1168,#1169,#1170,#1171,
    #1172,#1173,#1174,#1175,#1176,#1177,#1178,#1179,#1180,#1181,#1182,
    #1183,#1184,#1185,#1186,#1187,#1188,#1189,#1190,#1191,#1192,#1193,
    #1194,#1195,#1196,#1197,#1198,#1199,#1200,#1201,#1202,#1203,#1204,
    #1205,#1206,#1207,#1208,#1209,#1210,#1211,#1212,#1213,#1214,#1215,
    #1216,#1217,#1218,#1219,#1220,#1221,#1222,#1223,#1224),
  .UNSPECIFIED.,.F.,.F.,(11,9,9,9,9,9,9,9,9,9,9,9,9,9,9,9,11),(
    1.624991287123,1.723220183873,1.74777740806,1.772334632248,
    1.821449080623,2.017906874122,2.410822461122,3.196653635122,
    4.768315983121,6.33997833112,7.12580950512,7.51872509212,
    7.71518288562,7.764297333995,7.788854558182,7.81341178237,
    7.91164067912),.UNSPECIFIED.);
#1079 = CARTESIAN_POINT('',(0.676633794269,0.257268153179));
#1080 = CARTESIAN_POINT('',(0.675833950904,0.25724759576));
#1081 = CARTESIAN_POINT('',(0.675043112724,0.257229646479));
#1082 = CARTESIAN_POINT('',(0.674262681435,0.257214151647));
#1083 = CARTESIAN_POINT('',(0.673494358773,0.257200951542));
#1084 = CARTESIAN_POINT('',(0.672740146503,0.257189880409));
#1085 = CARTESIAN_POINT('',(0.672002346422,0.257180766459));
#1086 = CARTESIAN_POINT('',(0.671283560357,0.257173431869));
#1087 = CARTESIAN_POINT('',(0.670586690165,0.257167692782));
#1088 = CARTESIAN_POINT('',(0.669914937731,0.25716335931));
#1089 = CARTESIAN_POINT('',(0.669111021783,0.257159454584));
#1090 = CARTESIAN_POINT('',(0.668952021854,0.257158749355));
#1091 = CARTESIAN_POINT('',(0.668794864005,0.257158116697));
#1092 = CARTESIAN_POINT('',(0.668639607055,0.257157553467));
#1093 = CARTESIAN_POINT('',(0.668486309825,0.257157056522));
#1094 = CARTESIAN_POINT('',(0.668335031132,0.257156622717));
#1095 = CARTESIAN_POINT('',(0.668185829799,0.257156248909));
#1096 = CARTESIAN_POINT('',(0.668038764642,0.257155931954));
#1097 = CARTESIAN_POINT('',(0.667893894483,0.257155668708));
#1098 = CARTESIAN_POINT('',(0.667608661797,0.257155243346));
#1099 = CARTESIAN_POINT('',(0.667469484372,0.257155105586));
#1100 = CARTESIAN_POINT('',(0.667324303661,0.257154840379));
#1101 = CARTESIAN_POINT('',(0.667187300271,0.257154754226));
#1102 = CARTESIAN_POINT('',(0.667041997229,0.257154487818));
#1103 = CARTESIAN_POINT('',(0.666903169153,0.257154366121));
#1104 = CARTESIAN_POINT('',(0.666760711941,0.257154164935));
#1105 = CARTESIAN_POINT('',(0.666619761179,0.257153999148));
#1106 = CARTESIAN_POINT('',(0.66647847148,0.257153827108));
#1107 = CARTESIAN_POINT('',(0.666054851136,0.257153320939));
#1108 = CARTESIAN_POINT('',(0.665772582866,0.257152992479));
#1109 = CARTESIAN_POINT('',(0.665490458467,0.257152672814));
#1110 = CARTESIAN_POINT('',(0.665208476519,0.257152361755));
#1111 = CARTESIAN_POINT('',(0.6649266356,0.257152059115));
#1112 = CARTESIAN_POINT('',(0.664644934289,0.257151764702));
#1113 = CARTESIAN_POINT('',(0.664363371166,0.257151478329));
#1114 = CARTESIAN_POINT('',(0.66408194481,0.257151199806));
#1115 = CARTESIAN_POINT('',(0.663800653799,0.257150928944));
#1116 = CARTESIAN_POINT('',(0.66239486837,0.257149611995));
#1117 = CARTESIAN_POINT('',(0.661272383442,0.257148678112));
#1118 = CARTESIAN_POINT('',(0.660151954163,0.257147852813));
#1119 = CARTESIAN_POINT('',(0.659033495498,0.257147125733));
#1120 = CARTESIAN_POINT('',(0.657916925142,0.257146487236));
#1121 = CARTESIAN_POINT('',(0.656802163516,0.25714592841));
#1122 = CARTESIAN_POINT('',(0.655689133773,0.257145441076));
#1123 = CARTESIAN_POINT('',(0.654577761797,0.257145017778));
#1124 = CARTESIAN_POINT('',(0.653467976198,0.257144651792));
#1125 = CARTESIAN_POINT('',(0.650143172553,0.257143707771));
#1126 = CARTESIAN_POINT('',(0.647932700077,0.257143280078));
#1127 = CARTESIAN_POINT('',(0.645727748605,0.257143009148));
#1128 = CARTESIAN_POINT('',(0.643527807561,0.257142855925));
#1129 = CARTESIAN_POINT('',(0.641332398073,0.257142787186));
#1130 = CARTESIAN_POINT('',(0.639141072974,0.257142775539));
#1131 = CARTESIAN_POINT('',(0.636953416802,0.257142799428));
#1132 = CARTESIAN_POINT('',(0.634769045799,0.257142843129));
#1133 = CARTESIAN_POINT('',(0.632587607912,0.257142896752));
#1134 = CARTESIAN_POINT('',(0.626051132556,0.257143075216));
#1135 = CARTESIAN_POINT('',(0.621703900265,0.257143201197));
#1136 = CARTESIAN_POINT('',(0.617364471283,0.257143282632));
#1137 = CARTESIAN_POINT('',(0.613030611472,0.257143300509));
#1138 = CARTESIAN_POINT('',(0.608700432845,0.257143259616));
#1139 = CARTESIAN_POINT('',(0.604372359222,0.257143179801));
#1140 = CARTESIAN_POINT('',(0.600045091877,0.257143087236));
#1141 = CARTESIAN_POINT('',(0.595717575196,0.25714300568));
#1142 = CARTESIAN_POINT('',(0.591388962324,0.25714294774));
#1143 = CARTESIAN_POINT('',(0.578397817812,0.257142822925));
#1144 = CARTESIAN_POINT('',(0.569729939734,0.257142783708));
#1145 = CARTESIAN_POINT('',(0.561049945567,0.257142957537));
#1146 = CARTESIAN_POINT('',(0.552355481179,0.257143140064));
#1147 = CARTESIAN_POINT('',(0.543646801911,0.257143118293));
#1148 = CARTESIAN_POINT('',(0.53492636979,0.257142868722));
#1149 = CARTESIAN_POINT('',(0.526198085364,0.257142588904));
#1150 = CARTESIAN_POINT('',(0.51746615417,0.257142562397));
#1151 = CARTESIAN_POINT('',(0.508733587825,0.257142857126));
#1152 = CARTESIAN_POINT('',(0.49126709168,0.257142857159));
#1153 = CARTESIAN_POINT('',(0.482534498101,0.257142563866));
#1154 = CARTESIAN_POINT('',(0.473802514336,0.2571425902));
#1155 = CARTESIAN_POINT('',(0.465074152969,0.25714286862));
#1156 = CARTESIAN_POINT('',(0.456353617601,0.257143116993));
#1157 = CARTESIAN_POINT('',(0.447644803204,0.257143138713));
#1158 = CARTESIAN_POINT('',(0.438950163091,0.257142957072));
#1159 = CARTESIAN_POINT('',(0.430269942471,0.257142783849));
#1160 = CARTESIAN_POINT('',(0.421601778627,0.257142822158));
#1161 = CARTESIAN_POINT('',(0.408610112207,0.257142944189));
#1162 = CARTESIAN_POINT('',(0.404281309804,0.257143000942));
#1163 = CARTESIAN_POINT('',(0.399953587653,0.257143081041));
#1164 = CARTESIAN_POINT('',(0.395626098837,0.257143171957));
#1165 = CARTESIAN_POINT('',(0.391297788115,0.257143250097));
#1166 = CARTESIAN_POINT('',(0.386967357694,0.257143289547));
#1167 = CARTESIAN_POINT('',(0.38263323301,0.257143270813));
#1168 = CARTESIAN_POINT('',(0.378293528502,0.25714318956));
#1169 = CARTESIAN_POINT('',(0.373946013385,0.257143065353));
#1170 = CARTESIAN_POINT('',(0.367409109453,0.257142892919));
#1171 = CARTESIAN_POINT('',(0.365227527997,0.25714284186));
#1172 = CARTESIAN_POINT('',(0.363043013248,0.257142801362));
#1173 = CARTESIAN_POINT('',(0.36085521377,0.2571427814));
#1174 = CARTESIAN_POINT('',(0.358663746494,0.257142797781));
#1175 = CARTESIAN_POINT('',(0.356468196729,0.257142872146));
#1176 = CARTESIAN_POINT('',(0.354268118154,0.257143031966));
#1177 = CARTESIAN_POINT('',(0.352063032824,0.257143310548));
#1178 = CARTESIAN_POINT('',(0.349852431165,0.25714374703));
#1179 = CARTESIAN_POINT('',(0.346527442381,0.257144706059));
#1180 = CARTESIAN_POINT('',(0.345417596511,0.257145077351));
#1181 = CARTESIAN_POINT('',(0.344306165842,0.257145506265));
#1182 = CARTESIAN_POINT('',(0.343193079129,0.257145999537));
#1183 = CARTESIAN_POINT('',(0.342078262402,0.257146564629));
#1184 = CARTESIAN_POINT('',(0.340961638968,0.257147209728));
#1185 = CARTESIAN_POINT('',(0.33984312941,0.257147943751));
#1186 = CARTESIAN_POINT('',(0.338722651589,0.25714877634));
#1187 = CARTESIAN_POINT('',(0.33760012064,0.257149717866));
#1188 = CARTESIAN_POINT('',(0.336194281062,0.257151044815));
#1189 = CARTESIAN_POINT('',(0.33591297939,0.257151317699));
#1190 = CARTESIAN_POINT('',(0.335631542544,0.257151598267));
#1191 = CARTESIAN_POINT('',(0.335349969106,0.257151886706));
#1192 = CARTESIAN_POINT('',(0.335068257657,0.257152183208));
#1193 = CARTESIAN_POINT('',(0.33478640678,0.25715248796));
#1194 = CARTESIAN_POINT('',(0.334504415057,0.257152801153));
#1195 = CARTESIAN_POINT('',(0.334222281069,0.257153122974));
#1196 = CARTESIAN_POINT('',(0.333940003399,0.257153453614));
#1197 = CARTESIAN_POINT('',(0.333516369243,0.257153963085));
#1198 = CARTESIAN_POINT('',(0.333375069503,0.257154136353));
#1199 = CARTESIAN_POINT('',(0.333234147828,0.257154302504));
#1200 = CARTESIAN_POINT('',(0.333091588275,0.257154507014));
#1201 = CARTESIAN_POINT('',(0.332952930236,0.257154625831));
#1202 = CARTESIAN_POINT('',(0.332807418788,0.257154898192));
#1203 = CARTESIAN_POINT('',(0.332670566226,0.257154981598));
#1204 = CARTESIAN_POINT('',(0.33252531473,0.257155249879));
#1205 = CARTESIAN_POINT('',(0.332386134862,0.257155388405));
#1206 = CARTESIAN_POINT('',(0.33210092868,0.257155815663));
#1207 = CARTESIAN_POINT('',(0.331956078325,0.25715608005));
#1208 = CARTESIAN_POINT('',(0.331809039415,0.257156398304));
#1209 = CARTESIAN_POINT('',(0.331659870661,0.257156773532));
#1210 = CARTESIAN_POINT('',(0.331508630771,0.257157208843));
#1211 = CARTESIAN_POINT('',(0.331355378455,0.257157707347));
#1212 = CARTESIAN_POINT('',(0.331200172422,0.25715827215));
#1213 = CARTESIAN_POINT('',(0.331043071382,0.257158906362));
#1214 = CARTESIAN_POINT('',(0.330884134045,0.257159613091));
#1215 = CARTESIAN_POINT('',(0.330080559415,0.257163524863));
#1216 = CARTESIAN_POINT('',(0.32940917069,0.257167862558));
#1217 = CARTESIAN_POINT('',(0.328712747514,0.257173602283));
#1218 = CARTESIAN_POINT('',(0.32799448408,0.257180931865));
#1219 = CARTESIAN_POINT('',(0.327257274204,0.2571900332));
#1220 = CARTESIAN_POINT('',(0.326503711324,0.257201082259));
#1221 = CARTESIAN_POINT('',(0.325736088503,0.257214249085));
#1222 = CARTESIAN_POINT('',(0.324956398427,0.257229697794));
#1223 = CARTESIAN_POINT('',(0.324166333403,0.257247586574));
#1224 = CARTESIAN_POINT('',(0.323367285363,0.257268067686));
#1225 = ( GEOMETRIC_REPRESENTATION_CONTEXT(2) 
PARAMETRIC_REPRESENTATION_CONTEXT() REPRESENTATION_CONTEXT('2D SPACE',''
  ) );
#1226 = PCURVE('',#1227,#1306);
#1227 = ( BOUNDED_SURFACE() B_SPLINE_SURFACE(2,7,(
    (#1228,#1229,#1230,#1231,#1232,#1233,#1234,#1235,#1236,#1237,#1238
      ,#1239,#1240,#1241,#1242,#1243,#1244,#1245,#1246,#1247,#1248,#1249
      ,#1250,#1251,#1252,#1253)
    ,(#1254,#1255,#1256,#1257,#1258,#1259,#1260,#1261,#1262,#1263,#1264
      ,#1265,#1266,#1267,#1268,#1269,#1270,#1271,#1272,#1273,#1274,#1275
      ,#1276,#1277,#1278,#1279)
    ,(#1280,#1281,#1282,#1283,#1284,#1285,#1286,#1287,#1288,#1289,#1290
      ,#1291,#1292,#1293,#1294,#1295,#1296,#1297,#1298,#1299,#1300,#1301
      ,#1302,#1303,#1304,#1305
)),.UNSPECIFIED.,.F.,.F.,.F.) B_SPLINE_SURFACE_WITH_KNOTS((3,3),(8,6,6,6
    ,8),(0.,6.286649391997),(1.624991287123,1.749090866467,
    4.768324577945,7.787558472086,7.91164067912),.UNSPECIFIED.) 
GEOMETRIC_REPRESENTATION_ITEM() RATIONAL_B_SPLINE_SURFACE((
    (1.,1.,1.,1.,1.,1.,1.,1.,1.,1.,1.,1.,1.,1.,1.,1.,1.,1.,1.,1.,1.,1.
      ,1.,1.,1.,1.)
    ,(0.706979296716,0.707017236551,0.707045939942,0.707066576007
      ,0.707080379989,0.70708865326,0.707092763316,0.707127729316
      ,0.707080876455,0.707127383562,0.707096168428,0.707109491171
      ,0.707106781187,0.707106781187,0.707109478051,0.707096212963
      ,0.707127315988,0.707080925134,0.707127812771,0.707092586435
      ,0.707088453696,0.707080163944,0.707066365938,0.70704577202
      ,0.707017158123,0.706979363762)
    ,(1.,1.,1.,1.,1.,1.,1.,1.,1.,1.,1.,1.,1.,1.,1.,1.,1.,1.,1.,1.,1.,1.
,1.,1.,1.,1.))) REPRESENTATION_ITEM('') SURFACE() );
#1228 = CARTESIAN_POINT('',(3.179408296848,5.402631216769,
    10.163045429398));
#1229 = CARTESIAN_POINT('',(3.153424030778,5.40185206709,10.168553068807
    ));
#1230 = CARTESIAN_POINT('',(3.127994158596,5.401260246415,10.17389103172
    ));
#1231 = CARTESIAN_POINT('',(3.103293117961,5.400833441348,
    10.179025427159));
#1232 = CARTESIAN_POINT('',(3.079577895372,5.400547401739,
    10.183908319908));
#1233 = CARTESIAN_POINT('',(3.05718802617,5.400375940687,10.188477730506
    ));
#1234 = CARTESIAN_POINT('',(3.036545594539,5.40029093454,10.192657635256
    ));
#1235 = CARTESIAN_POINT('',(2.570733910299,5.39956622668,10.286383766763
    ));
#1236 = CARTESIAN_POINT('',(2.145321352117,5.400535143988,
    10.356433408846));
#1237 = CARTESIAN_POINT('',(1.72030155318,5.399574803126,10.413437402073
    ));
#1238 = CARTESIAN_POINT('',(1.294025442323,5.40021846017,10.456474762274
    ));
#1239 = CARTESIAN_POINT('',(0.862705906638,5.399944360813,
    10.485551745861));
#1240 = CARTESIAN_POINT('',(0.431405082958,5.4,10.500000071356));
#1241 = CARTESIAN_POINT('',(-0.431410071138,5.4,10.499999928644));
#1242 = CARTESIAN_POINT('',(-0.862714765032,5.399944626544,
    10.485551473092));
#1243 = CARTESIAN_POINT('',(-1.294041299567,5.400217452257,
    10.456473782656));
#1244 = CARTESIAN_POINT('',(-1.720327239919,5.399576588064,
    10.41343536164));
#1245 = CARTESIAN_POINT('',(-2.145375899584,5.400533589248,
    10.356427967778));
#1246 = CARTESIAN_POINT('',(-2.57083145211,5.399565015088,
    10.286367467488));
#1247 = CARTESIAN_POINT('',(-3.036655149378,5.400294191307,
    10.19263545452));
#1248 = CARTESIAN_POINT('',(-3.057288107593,5.400379616695,
    10.188457304269));
#1249 = CARTESIAN_POINT('',(-3.079662122142,5.400551386616,
    10.183890971003));
#1250 = CARTESIAN_POINT('',(-3.103356250524,5.400837302779,
    10.179012290973));
#1251 = CARTESIAN_POINT('',(-3.128032148225,5.401263265265,
    10.173883034809));
#1252 = CARTESIAN_POINT('',(-3.153434068717,5.401853272533,
    10.168550907521));
#1253 = CARTESIAN_POINT('',(-3.179388863459,5.402629421415,
    10.163049548497));
#1254 = CARTESIAN_POINT('',(3.122280367096,6.,10.175154296987));
#1255 = CARTESIAN_POINT('',(3.104721498384,6.,10.178777128));
#1256 = CARTESIAN_POINT('',(3.087219126277,6.,10.182371889423));
#1257 = CARTESIAN_POINT('',(3.069755120606,6.,10.185941694455));
#1258 = CARTESIAN_POINT('',(3.052315524514,6.,10.189488628928));
#1259 = CARTESIAN_POINT('',(3.03489055997,6.,10.193013750434));
#1260 = CARTESIAN_POINT('',(3.017474634264,6.,10.19651708728));
#1261 = CARTESIAN_POINT('',(2.576558964803,6.,10.284672174246));
#1262 = CARTESIAN_POINT('',(2.151984804268,6.,10.35569616761));
#1263 = CARTESIAN_POINT('',(1.722581058307,6.,10.413410263934));
#1264 = CARTESIAN_POINT('',(1.294013420837,6.,10.456490209716));
#1265 = CARTESIAN_POINT('',(0.862710255726,6.,10.485547645013));
#1266 = CARTESIAN_POINT('',(0.431405082958,6.,10.500000071356));
#1267 = CARTESIAN_POINT('',(-0.431410071138,6.,10.499999928644));
#1268 = CARTESIAN_POINT('',(-0.862719186319,6.,10.485547372429));
#1269 = CARTESIAN_POINT('',(-1.294028999693,6.,10.456489228537));
#1270 = CARTESIAN_POINT('',(-1.722593252556,6.,10.413408222839));
#1271 = CARTESIAN_POINT('',(-2.151987369594,6.,10.35569545561));
#1272 = CARTESIAN_POINT('',(-2.576557364749,6.,10.284672573694));
#1273 = CARTESIAN_POINT('',(-3.017477051892,6.,10.196516734996));
#1274 = CARTESIAN_POINT('',(-3.034891428112,6.,10.193013726401));
#1275 = CARTESIAN_POINT('',(-3.052315425918,6.,10.189488814304));
#1276 = CARTESIAN_POINT('',(-3.069754555899,6.,10.185941970871));
#1277 = CARTESIAN_POINT('',(-3.087218476904,6.,10.182372149201));
#1278 = CARTESIAN_POINT('',(-3.10472098984,6.,10.178777284303));
#1279 = CARTESIAN_POINT('',(-3.122280032446,6.,10.175154293919));
#1280 = CARTESIAN_POINT('',(3.,6.,9.587525842916));
#1281 = CARTESIAN_POINT('',(2.983101127316,6.,9.591077109981));
#1282 = CARTESIAN_POINT('',(2.966258120671,6.,9.594585291036));
#1283 = CARTESIAN_POINT('',(2.94945270784,6.,9.598055567133));
#1284 = CARTESIAN_POINT('',(2.932670908509,6.,9.601492179251));
#1285 = CARTESIAN_POINT('',(2.915903034267,6.,9.604898428297));
#1286 = CARTESIAN_POINT('',(2.899143688612,6.,9.608276675111));
#1287 = CARTESIAN_POINT('',(2.474832233854,6.,9.693171413003));
#1288 = CARTESIAN_POINT('',(2.06666940432,6.,9.76135762838));
#1289 = CARTESIAN_POINT('',(1.653875959084,6.,9.816914061531));
#1290 = CARTESIAN_POINT('',(1.242375158258,6.,9.858202892471));
#1291 = CARTESIAN_POINT('',(0.828185147784,6.,9.886133119858));
#1292 = CARTESIAN_POINT('',(0.414148768149,6.,9.900000055949));
#1293 = CARTESIAN_POINT('',(-0.414152683894,6.,9.899999944051));
#1294 = CARTESIAN_POINT('',(-0.828193835495,6.,9.88613288676));
#1295 = CARTESIAN_POINT('',(-1.242392061086,6.,9.858201976507));
#1296 = CARTESIAN_POINT('',(-1.653888351863,6.,9.816911660733));
#1297 = CARTESIAN_POINT('',(-2.066670342722,6.,9.761357316543));
#1298 = CARTESIAN_POINT('',(-2.47483048368,6.,9.693172007974));
#1299 = CARTESIAN_POINT('',(-2.899146917565,6.,9.608275853569));
#1300 = CARTESIAN_POINT('',(-2.915904691734,6.,9.604897899032));
#1301 = CARTESIAN_POINT('',(-2.932671499321,6.,9.601491849952));
#1302 = CARTESIAN_POINT('',(-2.949452705936,6.,9.598055364104));
#1303 = CARTESIAN_POINT('',(-2.966257918784,6.,9.594585167447));
#1304 = CARTESIAN_POINT('',(-2.983100986671,6.,9.591077054121));
#1305 = CARTESIAN_POINT('',(-3.,6.,9.587525886449));
#1306 = DEFINITIONAL_REPRESENTATION('',(#1307),#1311);
#1307 = LINE('',#1308,#1309);
#1308 = CARTESIAN_POINT('',(0.,0.));
#1309 = VECTOR('',#1310,1.);
#1310 = DIRECTION('',(0.,1.));
#1311 = ( GEOMETRIC_REPRESENTATION_CONTEXT(2) 
PARAMETRIC_REPRESENTATION_CONTEXT() REPRESENTATION_CONTEXT('2D SPACE',''
  ) );
#1312 = ORIENTED_EDGE('',*,*,#1313,.F.);
#1313 = EDGE_CURVE('',#1314,#1046,#1316,.T.);
#1314 = VERTEX_POINT('',#1315);
#1315 = CARTESIAN_POINT('',(1.7,0.912207731429,10.403665394102));
#1316 = SURFACE_CURVE('',#1317,(#1323,#1332),.PCURVE_S1.);
#1317 = B_SPLINE_CURVE_WITH_KNOTS('',4,(#1318,#1319,#1320,#1321,#1322),
  .UNSPECIFIED.,.F.,.F.,(5,5),(0.,1.),.PIECEWISE_BEZIER_KNOTS.);
#1318 = CARTESIAN_POINT('',(1.7,0.699875893375,10.403666666667));
#1319 = CARTESIAN_POINT('',(1.7,2.524906920031,10.403666666667));
#1320 = CARTESIAN_POINT('',(1.7,4.349937946688,10.403666666667));
#1321 = CARTESIAN_POINT('',(1.7,6.174968973344,10.403666666667));
#1322 = CARTESIAN_POINT('',(1.7,8.,10.403666666667));
#1323 = PCURVE('',#38,#1324);
#1324 = DEFINITIONAL_REPRESENTATION('',(#1325),#1331);
#1325 = B_SPLINE_CURVE_WITH_KNOTS('',4,(#1326,#1327,#1328,#1329,#1330),
  .UNSPECIFIED.,.F.,.F.,(5,5),(0.,1.),.PIECEWISE_BEZIER_KNOTS.);
#1326 = CARTESIAN_POINT('',(0.594444444444,3.332742349405E-02));
#1327 = CARTESIAN_POINT('',(0.594444444444,0.120233662859));
#1328 = CARTESIAN_POINT('',(0.594444444444,0.207139902223));
#1329 = CARTESIAN_POINT('',(0.594444444444,0.294046141588));
#1330 = CARTESIAN_POINT('',(0.594444444444,0.380952380952));
#1331 = ( GEOMETRIC_REPRESENTATION_CONTEXT(2) 
PARAMETRIC_REPRESENTATION_CONTEXT() REPRESENTATION_CONTEXT('2D SPACE',''
  ) );
#1332 = PCURVE('',#1333,#1338);
#1333 = PLANE('',#1334);
#1334 = AXIS2_PLACEMENT_3D('',#1335,#1336,#1337);
#1335 = CARTESIAN_POINT('',(1.7,-2.,3.3));
#1336 = DIRECTION('',(1.,0.,0.));
#1337 = DIRECTION('',(0.,0.,1.));
#1338 = DEFINITIONAL_REPRESENTATION('',(#1339),#1345);
#1339 = B_SPLINE_CURVE_WITH_KNOTS('',4,(#1340,#1341,#1342,#1343,#1344),
  .UNSPECIFIED.,.F.,.F.,(5,5),(0.,1.),.PIECEWISE_BEZIER_KNOTS.);
#1340 = CARTESIAN_POINT('',(7.103666666667,-2.699875893375));
#1341 = CARTESIAN_POINT('',(7.103666666667,-4.524906920031));
#1342 = CARTESIAN_POINT('',(7.103666666667,-6.349937946688));
#1343 = CARTESIAN_POINT('',(7.103666666667,-8.174968973344));
#1344 = CARTESIAN_POINT('',(7.103666666667,-10.));
#1345 = ( GEOMETRIC_REPRESENTATION_CONTEXT(2) 
PARAMETRIC_REPRESENTATION_CONTEXT() REPRESENTATION_CONTEXT('2D SPACE',''
  ) );
#1346 = ORIENTED_EDGE('',*,*,#1347,.F.);
#1347 = EDGE_CURVE('',#1348,#1314,#1350,.T.);
#1348 = VERTEX_POINT('',#1349);
#1349 = CARTESIAN_POINT('',(6.581532988563,7.019702569877,9.056114117349
    ));
#1350 = SURFACE_CURVE('',#1351,(#1410,#1560),.PCURVE_S1.);
#1351 = ( BOUNDED_CURVE() B_SPLINE_CURVE(8,(#1352,#1353,#1354,#1355,
    #1356,#1357,#1358,#1359,#1360,#1361,#1362,#1363,#1364,#1365,#1366,
    #1367,#1368,#1369,#1370,#1371,#1372,#1373,#1374,#1375,#1376,#1377,
    #1378,#1379,#1380,#1381,#1382,#1383,#1384,#1385,#1386,#1387,#1388,
    #1389,#1390,#1391,#1392,#1393,#1394,#1395,#1396,#1397,#1398,#1399,
    #1400,#1401,#1402,#1403,#1404,#1405,#1406,#1407,#1408,#1409),
.UNSPECIFIED.,.F.,.F.) B_SPLINE_CURVE_WITH_KNOTS((9,7,7,7,7,7,7,7,9),(
    135.22958565521,135.23530967393,137.87874206801,140.8151480729,
    146.41272227017,151.98606489383,154.93139017074,157.59011904603,
157.59277081981),.UNSPECIFIED.) CURVE() GEOMETRIC_REPRESENTATION_ITEM() 
RATIONAL_B_SPLINE_CURVE((1.,1.,1.,1.,1.,1.,1.,1.,1.,1.,1.,1.,1.,1.,1.,1.
    ,1.,1.,1.,1.,1.,1.,1.,1.,1.,1.,1.,1.,1.,1.,1.,1.,1.,1.,1.,1.,1.,1.,
    1.,1.,1.,1.,1.,1.,1.,1.,1.,1.,1.,1.,1.,1.,1.,1.,1.,1.,1.,1.)) 
REPRESENTATION_ITEM('') );
#1352 = CARTESIAN_POINT('',(6.581532988563,7.019702569877,9.056114117349
    ));
#1353 = CARTESIAN_POINT('',(6.581533304514,7.018987300696,9.056113978719
    ));
#1354 = CARTESIAN_POINT('',(6.581533570554,7.01827297986,9.056113861989)
  );
#1355 = CARTESIAN_POINT('',(6.581533786828,7.017559611948,9.056113767095
    ));
#1356 = CARTESIAN_POINT('',(6.581533953483,7.016847201538,9.056113693972
    ));
#1357 = CARTESIAN_POINT('',(6.581534070664,7.01613575321,9.056113642556)
  );
#1358 = CARTESIAN_POINT('',(6.581534138519,7.015425271542,9.056113612784
    ));
#1359 = CARTESIAN_POINT('',(6.581534157192,7.014715761114,9.05611360459)
  );
#1360 = CARTESIAN_POINT('',(6.581520105283,6.686795973244,9.056119770132
    ));
#1361 = CARTESIAN_POINT('',(6.563005034118,6.374348124078,9.064245104996
    ));
#1362 = CARTESIAN_POINT('',(6.526005942003,6.06901634767,9.080474416502)
  );
#1363 = CARTESIAN_POINT('',(6.472771751878,5.76771585685,9.103704633982)
  );
#1364 = CARTESIAN_POINT('',(6.402565775706,5.469401997623,9.134024350852
    ));
#1365 = CARTESIAN_POINT('',(6.314645930906,5.17546506123,9.17141658962)
  );
#1366 = CARTESIAN_POINT('',(6.211313818553,4.889269123935,9.214453385971
    ));
#1367 = CARTESIAN_POINT('',(5.961370316793,4.302020377451,9.315978833472
    ));
#1368 = CARTESIAN_POINT('',(5.811291370523,4.002950771349,9.375622429175
    ));
#1369 = CARTESIAN_POINT('',(5.643842763472,3.715110640729,9.440350904));
#1370 = CARTESIAN_POINT('',(5.460091747325,3.439376478621,9.509020919953
    ));
#1371 = CARTESIAN_POINT('',(5.261022505988,3.176364930776,9.580488322783
    ));
#1372 = CARTESIAN_POINT('',(5.047561634984,2.926554195177,9.653620005862
    ));
#1373 = CARTESIAN_POINT('',(4.820603620846,2.690405421571,9.727305774069
    ));
#1374 = CARTESIAN_POINT('',(4.124357054561,2.045442814964,9.939941161282
    ));
#1375 = CARTESIAN_POINT('',(3.62189996531,1.673998499721,10.077522731197
    ));
#1376 = CARTESIAN_POINT('',(3.079179941469,1.357180281805,10.20582692285
    ));
#1377 = CARTESIAN_POINT('',(2.502456951385,1.097990217555,
    10.318023839461));
#1378 = CARTESIAN_POINT('',(1.897150383068,0.899969386631,10.40760316792
    ));
#1379 = CARTESIAN_POINT('',(1.271016556348,0.766576575725,
    10.469244616811));
#1380 = CARTESIAN_POINT('',(0.635662551531,0.699997187533,
    10.500001292591));
#1381 = CARTESIAN_POINT('',(-0.632971675384,0.700002800414,
    10.499998712943));
#1382 = CARTESIAN_POINT('',(-1.266261652941,0.766060187285,
    10.469474505849));
#1383 = CARTESIAN_POINT('',(-1.888871427012,0.89847101049,
    10.408331618539));
#1384 = CARTESIAN_POINT('',(-2.491010117248,1.093960654888,
    10.319787709372));
#1385 = CARTESIAN_POINT('',(-3.067934915134,1.352251726043,
    10.208005104156));
#1386 = CARTESIAN_POINT('',(-3.607269232321,1.665499494416,
    10.08095726759));
#1387 = CARTESIAN_POINT('',(-4.109078383148,2.034181310624,
    9.944116328864));
#1388 = CARTESIAN_POINT('',(-4.806191569471,2.675602358155,
    9.731953879758));
#1389 = CARTESIAN_POINT('',(-5.034529117055,2.911645979166,
    9.658037506486));
#1390 = CARTESIAN_POINT('',(-5.249381463821,3.161531998567,
    9.584607937045));
#1391 = CARTESIAN_POINT('',(-5.449846252246,3.424795799636,
    9.512784842319));
#1392 = CARTESIAN_POINT('',(-5.634938729361,3.700885387646,
    9.443729649603));
#1393 = CARTESIAN_POINT('',(-5.803615505011,3.989108420688,9.3786157418)
  );
#1394 = CARTESIAN_POINT('',(-5.954798310108,4.288579240489,
    9.318598656623));
#1395 = CARTESIAN_POINT('',(-6.207094542028,4.87762807542,9.216210155572
    ));
#1396 = CARTESIAN_POINT('',(-6.311746969041,5.165445173776,
    9.172642620856));
#1397 = CARTESIAN_POINT('',(-6.400221449442,5.460431877989,
    9.135041787425));
#1398 = CARTESIAN_POINT('',(-6.471833251513,5.76109555489,9.104121341342
    ));
#1399 = CARTESIAN_POINT('',(-6.526161493963,6.06611211734,9.080408585701
    ));
#1400 = CARTESIAN_POINT('',(-6.562864141574,6.374801883108,9.06430247738
    ));
#1401 = CARTESIAN_POINT('',(-6.581493000851,6.687605433749,9.05613166379
    ));
#1402 = CARTESIAN_POINT('',(-6.581308531868,7.006877593156,
    9.056212600279));
#1403 = CARTESIAN_POINT('',(-6.581308338914,7.007196214764,
    9.056212684938));
#1404 = CARTESIAN_POINT('',(-6.581308136714,7.007515335757,
    9.056212773654));
#1405 = CARTESIAN_POINT('',(-6.581307925173,7.007834953583,
    9.056212866468));
#1406 = CARTESIAN_POINT('',(-6.581307704198,7.008155065693,
    9.056212963422));
#1407 = CARTESIAN_POINT('',(-6.581307473694,7.008475669536,
    9.056213064557));
#1408 = CARTESIAN_POINT('',(-6.581307233566,7.008796762562,
    9.056213169914));
#1409 = CARTESIAN_POINT('',(-6.58130698372,7.00911834222,9.056213279535)
  );
#1410 = PCURVE('',#38,#1411);
#1411 = DEFINITIONAL_REPRESENTATION('',(#1412),#1559);
#1412 = B_SPLINE_CURVE_WITH_KNOTS('',9,(#1413,#1414,#1415,#1416,#1417,
    #1418,#1419,#1420,#1421,#1422,#1423,#1424,#1425,#1426,#1427,#1428,
    #1429,#1430,#1431,#1432,#1433,#1434,#1435,#1436,#1437,#1438,#1439,
    #1440,#1441,#1442,#1443,#1444,#1445,#1446,#1447,#1448,#1449,#1450,
    #1451,#1452,#1453,#1454,#1455,#1456,#1457,#1458,#1459,#1460,#1461,
    #1462,#1463,#1464,#1465,#1466,#1467,#1468,#1469,#1470,#1471,#1472,
    #1473,#1474,#1475,#1476,#1477,#1478,#1479,#1480,#1481,#1482,#1483,
    #1484,#1485,#1486,#1487,#1488,#1489,#1490,#1491,#1492,#1493,#1494,
    #1495,#1496,#1497,#1498,#1499,#1500,#1501,#1502,#1503,#1504,#1505,
    #1506,#1507,#1508,#1509,#1510,#1511,#1512,#1513,#1514,#1515,#1516,
    #1517,#1518,#1519,#1520,#1521,#1522,#1523,#1524,#1525,#1526,#1527,
    #1528,#1529,#1530,#1531,#1532,#1533,#1534,#1535,#1536,#1537,#1538,
    #1539,#1540,#1541,#1542,#1543,#1544,#1545,#1546,#1547,#1548,#1549,
    #1550,#1551,#1552,#1553,#1554,#1555,#1556,#1557,#1558),
  .UNSPECIFIED.,.F.,.F.,(10,8,8,8,8,8,8,8,8,8,8,8,8,8,8,8,8,8,10),(
    135.22958565521,135.27326375123,135.31694184726,135.40429803931,
    135.5790104234,135.9284351916,136.62728472799,138.02498380078,
    140.82038194636,146.41117823751,152.00197452866,154.79737267423,
    156.19507174702,156.89392128342,157.24334605161,157.41805843571,
    157.50541462776,157.54909272378,157.59277081981),.UNSPECIFIED.);
#1413 = CARTESIAN_POINT('',(0.865640721587,0.334271550947));
#1414 = CARTESIAN_POINT('',(0.865640840645,0.334040525218));
#1415 = CARTESIAN_POINT('',(0.865640833034,0.33381151967));
#1416 = CARTESIAN_POINT('',(0.865640827762,0.333587225759));
#1417 = CARTESIAN_POINT('',(0.865639998722,0.333350593335));
#1418 = CARTESIAN_POINT('',(0.865639742713,0.333130413358));
#1419 = CARTESIAN_POINT('',(0.865638614233,0.332896902416));
#1420 = CARTESIAN_POINT('',(0.865637618957,0.332670773871));
#1421 = CARTESIAN_POINT('',(0.86563629147,0.332442441184));
#1422 = CARTESIAN_POINT('',(0.865633234587,0.331986770017));
#1423 = CARTESIAN_POINT('',(0.865631487968,0.331759077166));
#1424 = CARTESIAN_POINT('',(0.865629523212,0.331531526027));
#1425 = CARTESIAN_POINT('',(0.86562734036,0.331304115574));
#1426 = CARTESIAN_POINT('',(0.865624939452,0.331076844786));
#1427 = CARTESIAN_POINT('',(0.865622320528,0.330849712639));
#1428 = CARTESIAN_POINT('',(0.865619483631,0.33062271811));
#1429 = CARTESIAN_POINT('',(0.865616428799,0.330395860176));
#1430 = CARTESIAN_POINT('',(0.865606610624,0.329715693088));
#1431 = CARTESIAN_POINT('',(0.865599193476,0.329262790311));
#1432 = CARTESIAN_POINT('',(0.865590905212,0.328810421897));
#1433 = CARTESIAN_POINT('',(0.865581746413,0.32835858026));
#1434 = CARTESIAN_POINT('',(0.86557171766,0.327907257815));
#1435 = CARTESIAN_POINT('',(0.865560819536,0.327456446977));
#1436 = CARTESIAN_POINT('',(0.865549052621,0.327006140161));
#1437 = CARTESIAN_POINT('',(0.865536417498,0.32655632978));
#1438 = CARTESIAN_POINT('',(0.865495909246,0.325208365193));
#1439 = CARTESIAN_POINT('',(0.865465432398,0.324311672659));
#1440 = CARTESIAN_POINT('',(0.865431491402,0.323416878855));
#1441 = CARTESIAN_POINT('',(0.865394093452,0.322523931982));
#1442 = CARTESIAN_POINT('',(0.865353245747,0.321632780245));
#1443 = CARTESIAN_POINT('',(0.865308955482,0.320743371848));
#1444 = CARTESIAN_POINT('',(0.865261229855,0.319855654994));
#1445 = CARTESIAN_POINT('',(0.865210076062,0.318969577886));
#1446 = CARTESIAN_POINT('',(0.865046351776,0.316316110413));
#1447 = CARTESIAN_POINT('',(0.864923520452,0.314553508051));
#1448 = CARTESIAN_POINT('',(0.864787076637,0.31279691482));
#1449 = CARTESIAN_POINT('',(0.864637087791,0.311045989328));
#1450 = CARTESIAN_POINT('',(0.864473619526,0.30930041561));
#1451 = CARTESIAN_POINT('',(0.864296735603,0.307559903135));
#1452 = CARTESIAN_POINT('',(0.864106497936,0.305824186796));
#1453 = CARTESIAN_POINT('',(0.863902966589,0.304093026919));
#1454 = CARTESIAN_POINT('',(0.863252666154,0.298912573938));
#1455 = CARTESIAN_POINT('',(0.862766211365,0.295476259326));
#1456 = CARTESIAN_POINT('',(0.862227232849,0.292055598035));
#1457 = CARTESIAN_POINT('',(0.861636080253,0.288649230141));
#1458 = CARTESIAN_POINT('',(0.860993055438,0.28525610318));
#1459 = CARTESIAN_POINT('',(0.860298412478,0.281875472146));
#1460 = CARTESIAN_POINT('',(0.859552357657,0.278506899498));
#1461 = CARTESIAN_POINT('',(0.858755049472,0.275150255152));
#1462 = CARTESIAN_POINT('',(0.856209696955,0.265116639158));
#1463 = CARTESIAN_POINT('',(0.854308543907,0.258475984918));
#1464 = CARTESIAN_POINT('',(0.852203634617,0.251883533283));
#1465 = CARTESIAN_POINT('',(0.849899461158,0.245347005877));
#1466 = CARTESIAN_POINT('',(0.847395382538,0.238869964294));
#1467 = CARTESIAN_POINT('',(0.844698410164,0.23246398735));
#1468 = CARTESIAN_POINT('',(0.841818880802,0.226141908496));
#1469 = CARTESIAN_POINT('',(0.838754428102,0.219899594434));
#1470 = CARTESIAN_POINT('',(0.829027452455,0.201434150013));
#1471 = CARTESIAN_POINT('',(0.821830172137,0.189470714748));
#1472 = CARTESIAN_POINT('',(0.813956989955,0.177886055184));
#1473 = CARTESIAN_POINT('',(0.805442010181,0.166704343517));
#1474 = CARTESIAN_POINT('',(0.79631720572,0.155944010879));
#1475 = CARTESIAN_POINT('',(0.786612910494,0.145619748747));
#1476 = CARTESIAN_POINT('',(0.77635831183,0.135744510369));
#1477 = CARTESIAN_POINT('',(0.765581942842,0.12633151218));
#1478 = CARTESIAN_POINT('',(0.731772638775,9.952568130297E-02));
#1479 = CARTESIAN_POINT('',(0.707261204946,8.356214569404E-02));
#1480 = CARTESIAN_POINT('',(0.680981432648,6.960141399844E-02));
#1481 = CARTESIAN_POINT('',(0.653159721646,5.773863668715E-02));
#1482 = CARTESIAN_POINT('',(0.624006554973,4.808016026401E-02));
#1483 = CARTESIAN_POINT('',(0.593765241829,4.073665436246E-02));
#1484 = CARTESIAN_POINT('',(0.562769402978,3.580403148456E-02));
#1485 = CARTESIAN_POINT('',(0.531430441093,3.333865609687E-02));
#1486 = CARTESIAN_POINT('',(0.46872203588,3.332802349405E-02));
#1487 = CARTESIAN_POINT('',(0.437352076087,3.578437519679E-02));
#1488 = CARTESIAN_POINT('',(0.406377073523,4.07130261736E-02));
#1489 = CARTESIAN_POINT('',(0.376177168347,4.802466979287E-02));
#1490 = CARTESIAN_POINT('',(0.346977428017,5.768554097166E-02));
#1491 = CARTESIAN_POINT('',(0.319120115913,6.955481831756E-02));
#1492 = CARTESIAN_POINT('',(0.292890571641,8.347965292435E-02));
#1493 = CARTESIAN_POINT('',(0.268349947465,9.944410483389E-02));
#1494 = CARTESIAN_POINT('',(0.234527510332,0.126236979448));
#1495 = CARTESIAN_POINT('',(0.22374824887,0.135643649641));
#1496 = CARTESIAN_POINT('',(0.21348918378,0.145514323551));
#1497 = CARTESIAN_POINT('',(0.203778267505,0.155836532006));
#1498 = CARTESIAN_POINT('',(0.194645642424,0.166596181445));
#1499 = CARTESIAN_POINT('',(0.186123190455,0.177776690423));
#1500 = CARTESIAN_POINT('',(0.178244082669,0.189358126128));
#1501 = CARTESIAN_POINT('',(0.171042328896,0.201316340885));
#1502 = CARTESIAN_POINT('',(0.161307326557,0.219774992565));
#1503 = CARTESIAN_POINT('',(0.158240898118,0.22601409826));
#1504 = CARTESIAN_POINT('',(0.155353345439,0.232339878346));
#1505 = CARTESIAN_POINT('',(0.15265522945,0.238742437574));
#1506 = CARTESIAN_POINT('',(0.150149518569,0.245216688195));
#1507 = CARTESIAN_POINT('',(0.147838880442,0.251757335015));
#1508 = CARTESIAN_POINT('',(0.145728534238,0.258357018003));
#1509 = CARTESIAN_POINT('',(0.143820052545,0.265011545253));
#1510 = CARTESIAN_POINT('',(0.141264681977,0.275069358295));
#1511 = CARTESIAN_POINT('',(0.140464111433,0.27843466506));
#1512 = CARTESIAN_POINT('',(0.139715069497,0.281812151486));
#1513 = CARTESIAN_POINT('',(0.139017865139,0.285201401886));
#1514 = CARTESIAN_POINT('',(0.138372807333,0.288602107643));
#1515 = CARTESIAN_POINT('',(0.137780205058,0.29201406721));
#1516 = CARTESIAN_POINT('',(0.1372403673,0.295437186109));
#1517 = CARTESIAN_POINT('',(0.13675360305,0.29887147693));
#1518 = CARTESIAN_POINT('',(0.136103530427,0.304039850537));
#1519 = CARTESIAN_POINT('',(0.135900188003,0.305765470853));
#1520 = CARTESIAN_POINT('',(0.135710234267,0.307493938784));
#1521 = CARTESIAN_POINT('',(0.135533710803,0.309225282486));
#1522 = CARTESIAN_POINT('',(0.135370660538,0.310959539769));
#1523 = CARTESIAN_POINT('',(0.135221127746,0.312696758094));
#1524 = CARTESIAN_POINT('',(0.135085158043,0.314436994576));
#1525 = CARTESIAN_POINT('',(0.13496279839,0.316180315985));
#1526 = CARTESIAN_POINT('',(0.134799746444,0.318800040119));
#1527 = CARTESIAN_POINT('',(0.134748810032,0.319674069593));
#1528 = CARTESIAN_POINT('',(0.134701294323,0.320548898914));
#1529 = CARTESIAN_POINT('',(0.134657205783,0.321424539832));
#1530 = CARTESIAN_POINT('',(0.134616550879,0.322301004098));
#1531 = CARTESIAN_POINT('',(0.134579336079,0.323178303463));
#1532 = CARTESIAN_POINT('',(0.134545567848,0.324056449677));
#1533 = CARTESIAN_POINT('',(0.134515252654,0.324935454492));
#1534 = CARTESIAN_POINT('',(0.134474969118,0.32625526724));
#1535 = CARTESIAN_POINT('',(0.134462406229,0.326695422863));
#1536 = CARTESIAN_POINT('',(0.134450709182,0.327135798398));
#1537 = CARTESIAN_POINT('',(0.134439878861,0.327576395719));
#1538 = CARTESIAN_POINT('',(0.134429916151,0.328017216696));
#1539 = CARTESIAN_POINT('',(0.134420821936,0.328458263204));
#1540 = CARTESIAN_POINT('',(0.134412597102,0.328899537113));
#1541 = CARTESIAN_POINT('',(0.134405242533,0.329341040297));
#1542 = CARTESIAN_POINT('',(0.134395517405,0.330003641793));
#1543 = CARTESIAN_POINT('',(0.134392493489,0.330224566775));
#1544 = CARTESIAN_POINT('',(0.134389687482,0.330445549834));
#1545 = CARTESIAN_POINT('',(0.134387099501,0.330666591232));
#1546 = CARTESIAN_POINT('',(0.134384729661,0.330887691228));
#1547 = CARTESIAN_POINT('',(0.134382578078,0.331108850083));
#1548 = CARTESIAN_POINT('',(0.134380644868,0.331330068058));
#1549 = CARTESIAN_POINT('',(0.134378930148,0.331551345413));
#1550 = CARTESIAN_POINT('',(0.134375937916,0.331994019403));
#1551 = CARTESIAN_POINT('',(0.134374664264,0.332215236281));
#1552 = CARTESIAN_POINT('',(0.134373581579,0.332437803222));
#1553 = CARTESIAN_POINT('',(0.134372813231,0.332656006906));
#1554 = CARTESIAN_POINT('',(0.134372057527,0.332883792046));
#1555 = CARTESIAN_POINT('',(0.134371830114,0.333097428615));
#1556 = CARTESIAN_POINT('',(0.134371485787,0.333326500689));
#1557 = CARTESIAN_POINT('',(0.134371631014,0.333543335785));
#1558 = CARTESIAN_POINT('',(0.134371834238,0.333767540106));
#1559 = ( GEOMETRIC_REPRESENTATION_CONTEXT(2) 
PARAMETRIC_REPRESENTATION_CONTEXT() REPRESENTATION_CONTEXT('2D SPACE',''
  ) );
#1560 = PCURVE('',#1561,#1736);
#1561 = ( BOUNDED_SURFACE() B_SPLINE_SURFACE(2,8,(
    (#1562,#1563,#1564,#1565,#1566,#1567,#1568,#1569,#1570,#1571,#1572
      ,#1573,#1574,#1575,#1576,#1577,#1578,#1579,#1580,#1581,#1582,#1583
      ,#1584,#1585,#1586,#1587,#1588,#1589,#1590,#1591,#1592,#1593,#1594
      ,#1595,#1596,#1597,#1598,#1599,#1600,#1601,#1602,#1603,#1604,#1605
      ,#1606,#1607,#1608,#1609,#1610,#1611,#1612,#1613,#1614,#1615,#1616
      ,#1617,#1618,#1619)
    ,(#1620,#1621,#1622,#1623,#1624,#1625,#1626,#1627,#1628,#1629,#1630
      ,#1631,#1632,#1633,#1634,#1635,#1636,#1637,#1638,#1639,#1640,#1641
      ,#1642,#1643,#1644,#1645,#1646,#1647,#1648,#1649,#1650,#1651,#1652
      ,#1653,#1654,#1655,#1656,#1657,#1658,#1659,#1660,#1661,#1662,#1663
      ,#1664,#1665,#1666,#1667,#1668,#1669,#1670,#1671,#1672,#1673,#1674
      ,#1675,#1676,#1677)
    ,(#1678,#1679,#1680,#1681,#1682,#1683,#1684,#1685,#1686,#1687,#1688
      ,#1689,#1690,#1691,#1692,#1693,#1694,#1695,#1696,#1697,#1698,#1699
      ,#1700,#1701,#1702,#1703,#1704,#1705,#1706,#1707,#1708,#1709,#1710
      ,#1711,#1712,#1713,#1714,#1715,#1716,#1717,#1718,#1719,#1720,#1721
      ,#1722,#1723,#1724,#1725,#1726,#1727,#1728,#1729,#1730,#1731,#1732
      ,#1733,#1734,#1735
)),.UNSPECIFIED.,.F.,.F.,.F.) B_SPLINE_SURFACE_WITH_KNOTS((3,3),(9,7,7,7
    ,7,7,7,7,9),(0.,22.363185164602),(135.22958565521,135.23530967393,
    137.87874206801,140.8151480729,146.41272227017,151.98606489383,
    154.93139017074,157.59011904603,157.59277081981),.UNSPECIFIED.) 
GEOMETRIC_REPRESENTATION_ITEM() RATIONAL_B_SPLINE_SURFACE((
    (1.,1.,1.,1.,1.,1.,1.,1.,1.,1.,1.,1.,1.,1.,1.,1.,1.,1.,1.,1.,1.,1.
      ,1.,1.,1.,1.,1.,1.,1.,1.,1.,1.,1.,1.,1.,1.,1.,1.,1.,1.,1.,1.,1.,1.
      ,1.,1.,1.,1.,1.,1.,1.,1.,1.,1.,1.,1.,1.,1.)
    ,(0.837246874384,0.837246571717,0.83724627462,0.837245983048
      ,0.837245696959,0.837245416308,0.83724514105,0.837244871141
      ,0.837122409017,0.836649286081,0.835334333387,0.833529289447
      ,0.831219138616,0.828267319885,0.824877134878,0.816758486127
      ,0.811936099347,0.806630337545,0.800910921358,0.794851975801
      ,0.788533263504,0.782041417959,0.76294654203,0.750134590866
      ,0.737693664842,0.726329797313,0.716942197717,0.710378628301
      ,0.70710665837,0.707106903444,0.710356084034,0.716860191734
      ,0.726149326175,0.737470705342,0.749801699932,0.762557543672
      ,0.78163104881,0.788150243281,0.794500824143,0.800595074923
      ,0.806350848514,0.811691700045,0.816547019749,0.824738397446
      ,0.828172451461,0.831115657428,0.833522637847,0.835351256746
      ,0.836572568261,0.837180765214,0.837203149995,0.837203173492
      ,0.83720319818,0.83720322406,0.837203251131,0.837203279392
      ,0.837203308843,0.837203339484)
    ,(1.,1.,1.,1.,1.,1.,1.,1.,1.,1.,1.,1.,1.,1.,1.,1.,1.,1.,1.,1.,1.,1.
      ,1.,1.,1.,1.,1.,1.,1.,1.,1.,1.,1.,1.,1.,1.,1.,1.,1.,1.,1.,1.,1.,1.
,1.,1.,1.,1.,1.,1.,1.,1.,1.,1.,1.,1.,1.,1.
))) REPRESENTATION_ITEM('') SURFACE() );
#1562 = CARTESIAN_POINT('',(7.,7.,8.415355344569));
#1563 = CARTESIAN_POINT('',(7.,6.999273899771,8.415354557499));
#1564 = CARTESIAN_POINT('',(6.999999913927,6.998547405466,8.415353824423
    ));
#1565 = CARTESIAN_POINT('',(6.999999741613,6.997820515051,8.415353145296
    ));
#1566 = CARTESIAN_POINT('',(6.999999482892,6.997093226488,8.415352520072
    ));
#1567 = CARTESIAN_POINT('',(6.999999137595,6.996365537741,8.415351948706
    ));
#1568 = CARTESIAN_POINT('',(6.999998705557,6.995637446776,8.415351431153
    ));
#1569 = CARTESIAN_POINT('',(6.999998186609,6.994908951555,8.415350967367
    ));
#1570 = CARTESIAN_POINT('',(6.999717709923,6.657563074892,8.415161184375
    ));
#1571 = CARTESIAN_POINT('',(6.98094495383,6.314429579876,8.422911208815)
  );
#1572 = CARTESIAN_POINT('',(6.942342816612,5.971385098058,8.437931457424
    ));
#1573 = CARTESIAN_POINT('',(6.884647610928,5.632824982433,8.460584825687
    ));
#1574 = CARTESIAN_POINT('',(6.808597943267,5.300027037527,8.490280879593
    ));
#1575 = CARTESIAN_POINT('',(6.714814821408,4.9736631695,8.526068740616)
  );
#1576 = CARTESIAN_POINT('',(6.604225235779,4.655695509052,8.567546579732
    ));
#1577 = CARTESIAN_POINT('',(6.336987372514,4.003294614347,8.665234701185
    ));
#1578 = CARTESIAN_POINT('',(6.176585174322,3.671045712007,8.722602825593
    ));
#1579 = CARTESIAN_POINT('',(5.997661306701,3.351219887279,8.784847070211
    ));
#1580 = CARTESIAN_POINT('',(5.8013811272,3.044791126332,8.850860942964)
  );
#1581 = CARTESIAN_POINT('',(5.588838891912,2.752472494046,8.919532603681
    ));
#1582 = CARTESIAN_POINT('',(5.361067131127,2.474825359393,8.989762658732
    ));
#1583 = CARTESIAN_POINT('',(5.11904602498,2.212368620808,9.060481955671)
  );
#1584 = CARTESIAN_POINT('',(4.37697940966,1.495448646277,9.26446535256)
  );
#1585 = CARTESIAN_POINT('',(3.841921288269,1.082470884805,9.396325317967
    ));
#1586 = CARTESIAN_POINT('',(3.264781587278,0.730291916287,9.519115954378
    ));
#1587 = CARTESIAN_POINT('',(2.652087135826,0.442166486041,9.626354322159
    ));
#1588 = CARTESIAN_POINT('',(2.009866141915,0.222102677441,9.711870342636
    ));
#1589 = CARTESIAN_POINT('',(1.346395904007,7.39689738009E-02,
    9.770656648958));
#1590 = CARTESIAN_POINT('',(0.673318577783,-3.552933891982E-06,
    9.800001443688));
#1591 = CARTESIAN_POINT('',(-0.670477533346,3.537747931048E-06,
    9.799998562432));
#1592 = CARTESIAN_POINT('',(-1.341187484149,7.338104328372E-02,
    9.770883135699));
#1593 = CARTESIAN_POINT('',(-2.001177546167,0.220391525677,
    9.712583089221));
#1594 = CARTESIAN_POINT('',(-2.640220402844,0.437871493259,
    9.627964335432));
#1595 = CARTESIAN_POINT('',(-3.252479485702,0.724609218665,
    9.521277287708));
#1596 = CARTESIAN_POINT('',(-3.826534720715,1.073132261692,
    9.399572116539));
#1597 = CARTESIAN_POINT('',(-4.360693733803,1.482914772547,
    9.268471230276));
#1598 = CARTESIAN_POINT('',(-5.103665255174,2.195901857709,
    9.064946874651));
#1599 = CARTESIAN_POINT('',(-5.347179077257,2.458280436409,
    8.993998862474));
#1600 = CARTESIAN_POINT('',(-5.576436015183,2.736017949145,
    8.923482580114));
#1601 = CARTESIAN_POINT('',(-5.790445281091,3.028590466737,
    8.854476831777));
#1602 = CARTESIAN_POINT('',(-5.98813402032,3.335387436343,8.788100744455
    ));
#1603 = CARTESIAN_POINT('',(-6.168367367822,3.655644279683,
    8.725486581686));
#1604 = CARTESIAN_POINT('',(-6.329968504569,3.988374991272,
    8.667752557312));
#1605 = CARTESIAN_POINT('',(-6.599713899713,4.642768220007,
    8.569236920025));
#1606 = CARTESIAN_POINT('',(-6.711495872269,4.962457046005,
    8.527350991001));
#1607 = CARTESIAN_POINT('',(-6.806329044354,5.290107624707,
    8.491086806049));
#1608 = CARTESIAN_POINT('',(-6.883313352106,5.624704148671,
    8.461187866004));
#1609 = CARTESIAN_POINT('',(-6.941588103065,5.965056588221,
    8.438301303827));
#1610 = CARTESIAN_POINT('',(-6.980515824149,6.309378686718,
    8.422906959764));
#1611 = CARTESIAN_POINT('',(-6.999866109623,6.654865955841,
    8.415246456523));
#1612 = CARTESIAN_POINT('',(-6.999999602091,6.997615182848,
    8.415252280236));
#1613 = CARTESIAN_POINT('',(-6.99999971598,6.997956486752,8.415252297843
    ));
#1614 = CARTESIAN_POINT('',(-6.999999810787,6.998297583631,8.41525232724
    ));
#1615 = CARTESIAN_POINT('',(-6.999999886553,6.998638474553,
    8.415252368411));
#1616 = CARTESIAN_POINT('',(-6.999999943316,6.998979160584,
    8.415252421341));
#1617 = CARTESIAN_POINT('',(-6.999999981119,6.999319642791,
    8.415252486015));
#1618 = CARTESIAN_POINT('',(-7.,6.99965992224,8.415252562416));
#1619 = CARTESIAN_POINT('',(-7.,7.,8.41525265053));
#1620 = CARTESIAN_POINT('',(7.,7.00585816804,8.872503821322));
#1621 = CARTESIAN_POINT('',(7.00000060766,7.005135277613,8.872503545885)
  );
#1622 = CARTESIAN_POINT('',(7.000001130333,7.00441239257,8.872503309131)
  );
#1623 = CARTESIAN_POINT('',(7.000001568025,7.003689512832,8.872503111052
    ));
#1624 = CARTESIAN_POINT('',(7.00000192074,7.002966638317,8.872502951642)
  );
#1625 = CARTESIAN_POINT('',(7.000002188483,7.002243768947,8.872502830895
    ));
#1626 = CARTESIAN_POINT('',(7.00000237126,7.00152090464,8.872502748806)
  );
#1627 = CARTESIAN_POINT('',(7.000002469075,7.000798045315,8.872502705367
    ));
#1628 = CARTESIAN_POINT('',(7.000008420552,6.666202011715,8.872500486119
    ));
#1629 = CARTESIAN_POINT('',(6.981823413774,6.331827215464,8.880996685956
    ));
#1630 = CARTESIAN_POINT('',(6.945268850548,5.999035830632,8.898070103592
    ));
#1631 = CARTESIAN_POINT('',(6.890967796104,5.670449696819,8.923262639128
    ));
#1632 = CARTESIAN_POINT('',(6.819260010611,5.346802770559,8.956195060773
    ));
#1633 = CARTESIAN_POINT('',(6.730609313161,5.028710548427,8.996333588967
    ));
#1634 = CARTESIAN_POINT('',(6.626201686933,4.718983632734,9.042676690562
    ));
#1635 = CARTESIAN_POINT('',(6.372803740161,4.079920050655,9.152505437154
    ));
#1636 = CARTESIAN_POINT('',(6.219572432173,3.752056810033,9.217547589762
    ));
#1637 = CARTESIAN_POINT('',(6.048268341504,3.435740690939,9.288347215936
    ));
#1638 = CARTESIAN_POINT('',(5.860018044087,3.13204223166,9.363663336375)
  );
#1639 = CARTESIAN_POINT('',(5.655869804954,2.841696310209,9.442252041526
    ));
#1640 = CARTESIAN_POINT('',(5.436770697341,2.565224304539,9.522890407971
    ));
#1641 = CARTESIAN_POINT('',(5.203543657695,2.30306043105,9.604402971583)
  );
#1642 = CARTESIAN_POINT('',(4.474860481922,1.572314501191,9.844526612269
    ));
#1643 = CARTESIAN_POINT('',(3.940599759324,1.14440928375,10.002803572791
    ));
#1644 = CARTESIAN_POINT('',(3.360335199168,0.776987383888,
    10.151623239894));
#1645 = CARTESIAN_POINT('',(2.741020311278,0.474254327262,10.28274964064
    ));
#1646 = CARTESIAN_POINT('',(2.087487907818,0.240523084583,
    10.388614258232));
#1647 = CARTESIAN_POINT('',(1.4058425004,8.083401281233E-02,
    10.4625800004));
#1648 = CARTESIAN_POINT('',(0.706280703466,-4.177009164774E-06,
    10.500001907224));
#1649 = CARTESIAN_POINT('',(-0.703306063085,4.159169424423E-06,
    10.499998100926));
#1650 = CARTESIAN_POINT('',(-1.400314351736,8.018571159741E-02,
    10.46286863126));
#1651 = CARTESIAN_POINT('',(-2.078840854888,0.238685952754,
    10.389504281741));
#1652 = CARTESIAN_POINT('',(-2.72903202977,0.469805149101,
    10.284709960197));
#1653 = CARTESIAN_POINT('',(-3.348059973054,0.771051651512,
    10.154232442085));
#1654 = CARTESIAN_POINT('',(-3.925414118323,1.134852097615,
    10.006671765119));
#1655 = CARTESIAN_POINT('',(-4.458869841967,1.559544074456,
    9.849254305416));
#1656 = CARTESIAN_POINT('',(-5.188614231143,2.286488651996,9.60958765215
    ));
#1657 = CARTESIAN_POINT('',(-5.423334082751,2.548645199731,
    9.527785719912));
#1658 = CARTESIAN_POINT('',(-5.64391014006,2.825278058477,9.446794120923
    ));
#1659 = CARTESIAN_POINT('',(-5.849510154315,3.115945635757,
    9.367799892861));
#1660 = CARTESIAN_POINT('',(-6.039146380291,3.420072390048,
    9.292050761309));
#1661 = CARTESIAN_POINT('',(-6.211731053314,3.736870283762,
    9.220815339398));
#1662 = CARTESIAN_POINT('',(-6.366128347685,4.065259272424,
    9.155347334633));
#1663 = CARTESIAN_POINT('',(-6.621924168327,4.706336064346,
    9.044574771179));
#1664 = CARTESIAN_POINT('',(-6.727520732532,5.0177967776,8.997724952033)
  );
#1665 = CARTESIAN_POINT('',(-6.817080199479,5.337011909161,
    8.957202537864));
#1666 = CARTESIAN_POINT('',(-6.88974058677,5.662773410414,8.923827714711
    ));
#1667 = CARTESIAN_POINT('',(-6.944765550387,5.993739510355,
    8.898288436021));
#1668 = CARTESIAN_POINT('',(-6.981613188762,6.328329005098,
    8.881089757953));
#1669 = CARTESIAN_POINT('',(-7.00000492712,6.664588949419,8.872502773875
    ));
#1670 = CARTESIAN_POINT('',(-7.000000539825,7.000368649038,
    8.872509847999));
#1671 = CARTESIAN_POINT('',(-7.000000517271,7.000703210725,
    8.872509863281));
#1672 = CARTESIAN_POINT('',(-7.000000476532,7.001037775402,
    8.872509886799));
#1673 = CARTESIAN_POINT('',(-7.000000417605,7.001372343062,
    8.872509918558));
#1674 = CARTESIAN_POINT('',(-7.000000340491,7.001706913696,8.87250995856
    ));
#1675 = CARTESIAN_POINT('',(-7.000000245186,7.002041487298,8.87251000681
    ));
#1676 = CARTESIAN_POINT('',(-7.00000013169,7.002376063859,8.872510063309
    ));
#1677 = CARTESIAN_POINT('',(-7.,7.002710643373,8.872510128063));
#1678 = CARTESIAN_POINT('',(6.581532988563,7.019702569877,9.056114117349
    ));
#1679 = CARTESIAN_POINT('',(6.581533304514,7.018987300696,9.056113978719
    ));
#1680 = CARTESIAN_POINT('',(6.581533570554,7.01827297986,9.056113861989)
  );
#1681 = CARTESIAN_POINT('',(6.581533786828,7.017559611948,9.056113767095
    ));
#1682 = CARTESIAN_POINT('',(6.581533953483,7.016847201538,9.056113693972
    ));
#1683 = CARTESIAN_POINT('',(6.581534070664,7.01613575321,9.056113642556)
  );
#1684 = CARTESIAN_POINT('',(6.581534138519,7.015425271542,9.056113612784
    ));
#1685 = CARTESIAN_POINT('',(6.581534157192,7.014715761114,9.05611360459)
  );
#1686 = CARTESIAN_POINT('',(6.581520105283,6.686795973244,9.056119770132
    ));
#1687 = CARTESIAN_POINT('',(6.563005034118,6.374348124078,9.064245104996
    ));
#1688 = CARTESIAN_POINT('',(6.526005942003,6.06901634767,9.080474416502)
  );
#1689 = CARTESIAN_POINT('',(6.472771751878,5.76771585685,9.103704633982)
  );
#1690 = CARTESIAN_POINT('',(6.402565775706,5.469401997623,9.134024350852
    ));
#1691 = CARTESIAN_POINT('',(6.314645930906,5.17546506123,9.17141658962)
  );
#1692 = CARTESIAN_POINT('',(6.211313818553,4.889269123935,9.214453385971
    ));
#1693 = CARTESIAN_POINT('',(5.961370316793,4.302020377451,9.315978833472
    ));
#1694 = CARTESIAN_POINT('',(5.811291370523,4.002950771349,9.375622429175
    ));
#1695 = CARTESIAN_POINT('',(5.643842763472,3.715110640729,9.440350904));
#1696 = CARTESIAN_POINT('',(5.460091747325,3.439376478621,9.509020919953
    ));
#1697 = CARTESIAN_POINT('',(5.261022505988,3.176364930776,9.580488322783
    ));
#1698 = CARTESIAN_POINT('',(5.047561634984,2.926554195177,9.653620005862
    ));
#1699 = CARTESIAN_POINT('',(4.820603620846,2.690405421571,9.727305774069
    ));
#1700 = CARTESIAN_POINT('',(4.124357054561,2.045442814964,9.939941161282
    ));
#1701 = CARTESIAN_POINT('',(3.62189996531,1.673998499721,10.077522731197
    ));
#1702 = CARTESIAN_POINT('',(3.079179941469,1.357180281805,10.20582692285
    ));
#1703 = CARTESIAN_POINT('',(2.502456951385,1.097990217555,
    10.318023839461));
#1704 = CARTESIAN_POINT('',(1.897150383068,0.899969386631,10.40760316792
    ));
#1705 = CARTESIAN_POINT('',(1.271016556348,0.766576575725,
    10.469244616811));
#1706 = CARTESIAN_POINT('',(0.635662551531,0.699997187533,
    10.500001292591));
#1707 = CARTESIAN_POINT('',(-0.632971675384,0.700002800414,
    10.499998712943));
#1708 = CARTESIAN_POINT('',(-1.266261652941,0.766060187285,
    10.469474505849));
#1709 = CARTESIAN_POINT('',(-1.888871427012,0.89847101049,
    10.408331618539));
#1710 = CARTESIAN_POINT('',(-2.491010117248,1.093960654888,
    10.319787709372));
#1711 = CARTESIAN_POINT('',(-3.067934915134,1.352251726043,
    10.208005104156));
#1712 = CARTESIAN_POINT('',(-3.607269232321,1.665499494416,
    10.08095726759));
#1713 = CARTESIAN_POINT('',(-4.109078383148,2.034181310624,
    9.944116328864));
#1714 = CARTESIAN_POINT('',(-4.806191569471,2.675602358155,
    9.731953879758));
#1715 = CARTESIAN_POINT('',(-5.034529117055,2.911645979166,
    9.658037506486));
#1716 = CARTESIAN_POINT('',(-5.249381463821,3.161531998567,
    9.584607937045));
#1717 = CARTESIAN_POINT('',(-5.449846252246,3.424795799636,
    9.512784842319));
#1718 = CARTESIAN_POINT('',(-5.634938729361,3.700885387646,
    9.443729649603));
#1719 = CARTESIAN_POINT('',(-5.803615505011,3.989108420688,9.3786157418)
  );
#1720 = CARTESIAN_POINT('',(-5.954798310108,4.288579240489,
    9.318598656623));
#1721 = CARTESIAN_POINT('',(-6.207094542028,4.87762807542,9.216210155572
    ));
#1722 = CARTESIAN_POINT('',(-6.311746969041,5.165445173776,
    9.172642620856));
#1723 = CARTESIAN_POINT('',(-6.400221449442,5.460431877989,
    9.135041787425));
#1724 = CARTESIAN_POINT('',(-6.471833251513,5.76109555489,9.104121341342
    ));
#1725 = CARTESIAN_POINT('',(-6.526161493963,6.06611211734,9.080408585701
    ));
#1726 = CARTESIAN_POINT('',(-6.562864141574,6.374801883108,9.06430247738
    ));
#1727 = CARTESIAN_POINT('',(-6.581493000851,6.687605433749,9.05613166379
    ));
#1728 = CARTESIAN_POINT('',(-6.581308531868,7.006877593156,
    9.056212600279));
#1729 = CARTESIAN_POINT('',(-6.581308338914,7.007196214764,
    9.056212684938));
#1730 = CARTESIAN_POINT('',(-6.581308136714,7.007515335757,
    9.056212773654));
#1731 = CARTESIAN_POINT('',(-6.581307925173,7.007834953583,
    9.056212866468));
#1732 = CARTESIAN_POINT('',(-6.581307704198,7.008155065693,
    9.056212963422));
#1733 = CARTESIAN_POINT('',(-6.581307473694,7.008475669536,
    9.056213064557));
#1734 = CARTESIAN_POINT('',(-6.581307233566,7.008796762562,
    9.056213169914));
#1735 = CARTESIAN_POINT('',(-6.58130698372,7.00911834222,9.056213279535)
  );
#1736 = DEFINITIONAL_REPRESENTATION('',(#1737),#1741);
#1737 = LINE('',#1738,#1739);
#1738 = CARTESIAN_POINT('',(22.363185164602,0.));
#1739 = VECTOR('',#1740,1.);
#1740 = DIRECTION('',(0.,1.));
#1741 = ( GEOMETRIC_REPRESENTATION_CONTEXT(2) 
PARAMETRIC_REPRESENTATION_CONTEXT() REPRESENTATION_CONTEXT('2D SPACE',''
  ) );
#1742 = ORIENTED_EDGE('',*,*,#1743,.F.);
#1743 = EDGE_CURVE('',#1744,#1348,#1746,.T.);
#1744 = VERTEX_POINT('',#1745);
#1745 = CARTESIAN_POINT('',(8.649830571818,11.014328701104,
    8.006014369295));
#1746 = SURFACE_CURVE('',#1747,(#1802,#1912),.PCURVE_S1.);
#1747 = ( BOUNDED_CURVE() B_SPLINE_CURVE(14,(#1748,#1749,#1750,#1751,
    #1752,#1753,#1754,#1755,#1756,#1757,#1758,#1759,#1760,#1761,#1762,
    #1763,#1764,#1765,#1766,#1767,#1768,#1769,#1770,#1771,#1772,#1773,
    #1774,#1775,#1776,#1777,#1778,#1779,#1780,#1781,#1782,#1783,#1784,
    #1785,#1786,#1787,#1788,#1789,#1790,#1791,#1792,#1793,#1794,#1795,
    #1796,#1797,#1798,#1799,#1800,#1801),.UNSPECIFIED.,.F.,.F.) 
B_SPLINE_CURVE_WITH_KNOTS((15,13,13,13,15),(130.32398202714,
    131.46978845159,132.75443941021,134.06195081665,135.22958565521),
.UNSPECIFIED.) CURVE() GEOMETRIC_REPRESENTATION_ITEM() 
RATIONAL_B_SPLINE_CURVE((1.,0.999999999999,1.000000000003,0.999999999992
    ,1.000000000016,0.999999999974,1.000000000034,0.999999999964,
    1.000000000031,0.999999999977,1.000000000013,0.999999999994,
    1.000000000002,1.,1.,0.999999999998,1.000000000004,0.999999999992,
    1.000000000013,0.999999999983,1.000000000019,0.999999999983,
    1.000000000012,0.999999999993,1.000000000003,0.999999999999,1.,1.,
    1.000000000001,0.999999999997,1.000000000007,0.999999999989,
    1.000000000013,0.999999999987,1.00000000001,0.999999999993,
    1.000000000004,0.999999999998,1.000000000001,1.,1.,0.999999999999,
    1.000000000001,0.999999999997,1.000000000004,0.999999999996,
    1.000000000004,0.999999999996,1.000000000003,0.999999999999,
1.000000000001,1.,1.,1.)) REPRESENTATION_ITEM('') );
#1748 = CARTESIAN_POINT('',(8.649830571818,11.014328701104,
    8.006014369295));
#1749 = CARTESIAN_POINT('',(8.649855616443,10.93245025611,8.005999927177
    ));
#1750 = CARTESIAN_POINT('',(8.647574236271,10.857332032294,
    8.007315579587));
#1751 = CARTESIAN_POINT('',(8.642644617725,10.805780033604,
    8.010157593716));
#1752 = CARTESIAN_POINT('',(8.635038567679,10.705305321267,
    8.014545102687));
#1753 = CARTESIAN_POINT('',(8.625898901414,10.70782400241,8.01980135581)
  );
#1754 = CARTESIAN_POINT('',(8.614136385786,10.553066417891,
    8.026580039286));
#1755 = CARTESIAN_POINT('',(8.596820930216,10.58437805533,8.036524392015
    ));
#1756 = CARTESIAN_POINT('',(8.580042712076,10.446087012647,
    8.046137724832));
#1757 = CARTESIAN_POINT('',(8.558833365453,10.438834572597,
    8.058272766872));
#1758 = CARTESIAN_POINT('',(8.535170205294,10.355963557611,
    8.071760053764));
#1759 = CARTESIAN_POINT('',(8.509411183686,10.310302043722,
    8.086395940008));
#1760 = CARTESIAN_POINT('',(8.481117556798,10.25461126372,8.102410978994
    ));
#1761 = CARTESIAN_POINT('',(8.450716130619,10.202844705502,
    8.119548331981));
#1762 = CARTESIAN_POINT('',(8.381881436755,10.095129958463,
    8.158179577984));
#1763 = CARTESIAN_POINT('',(8.34293019027,10.039779237602,8.179944722754
    ));
#1764 = CARTESIAN_POINT('',(8.301621980726,9.985735536831,8.202915737329
    ));
#1765 = CARTESIAN_POINT('',(8.258137467261,9.932713666472,8.226970251674
    ));
#1766 = CARTESIAN_POINT('',(8.212633867217,9.88043016056,8.251999921));
#1767 = CARTESIAN_POINT('',(8.165250942265,9.828610919038,8.277907055969
    ));
#1768 = CARTESIAN_POINT('',(8.116116292121,9.776995916899,8.304601697829
    ));
#1769 = CARTESIAN_POINT('',(8.065349955607,9.725340980355,8.33199913846)
  );
#1770 = CARTESIAN_POINT('',(8.013068319426,9.67341662996,8.360017885342)
  );
#1771 = CARTESIAN_POINT('',(7.959387334169,9.621003990723,8.388578071463
    ));
#1772 = CARTESIAN_POINT('',(7.904425038097,9.567887769234,8.417600310108
    ));
#1773 = CARTESIAN_POINT('',(7.84830338817,9.51384629772,8.447004994619)
  );
#1774 = CARTESIAN_POINT('',(7.791149398764,9.458638645149,8.476712043037
    ));
#1775 = CARTESIAN_POINT('',(7.674008705401,9.344330857607,8.537102721636
    ));
#1776 = CARTESIAN_POINT('',(7.6140188179,9.285154598017,8.567779552696)
  );
#1777 = CARTESIAN_POINT('',(7.553250583832,9.224264079283,8.59859465069)
  );
#1778 = CARTESIAN_POINT('',(7.491855694485,9.161402987326,8.629459285239
    ));
#1779 = CARTESIAN_POINT('',(7.430016635058,9.096273479539,8.660272145787
    ));
#1780 = CARTESIAN_POINT('',(7.367950445788,9.028555033121,8.690918561679
    ));
#1781 = CARTESIAN_POINT('',(7.305912483194,8.9579232934,8.721269722167)
  );
#1782 = CARTESIAN_POINT('',(7.244200181159,8.8840689222,8.751181896509)
  );
#1783 = CARTESIAN_POINT('',(7.183156812192,8.806716446118,8.780495653966
    ));
#1784 = CARTESIAN_POINT('',(7.123175248527,8.725643104928,8.809035083897
    ));
#1785 = CARTESIAN_POINT('',(7.064701723346,8.640697699848,8.836607015768
    ));
#1786 = CARTESIAN_POINT('',(7.008239591918,8.551819441926,8.863000239229
    ));
#1787 = CARTESIAN_POINT('',(6.954353092792,8.459056800342,8.887984724142
    ));
#1788 = CARTESIAN_POINT('',(6.858411044899,8.27643623591,8.932141547087)
  );
#1789 = CARTESIAN_POINT('',(6.815778452269,8.187343087125,8.951618026344
    ));
#1790 = CARTESIAN_POINT('',(6.775785846686,8.095616396621,8.969753958036
    ));
#1791 = CARTESIAN_POINT('',(6.739111221234,8.001156325171,8.986273771985
    ));
#1792 = CARTESIAN_POINT('',(6.706245314314,7.904385745357,9.000988556301
    ));
#1793 = CARTESIAN_POINT('',(6.67732033229,7.806094935459,9.013869347054)
  );
#1794 = CARTESIAN_POINT('',(6.652260164139,7.706922189578,9.024977978149
    ));
#1795 = CARTESIAN_POINT('',(6.63099131217,7.606975571596,9.034371523874)
  );
#1796 = CARTESIAN_POINT('',(6.613552949031,7.505883002107,9.042052221307
    ));
#1797 = CARTESIAN_POINT('',(6.600043698358,7.403339829743,9.047990613302
    ));
#1798 = CARTESIAN_POINT('',(6.59044192234,7.300004999557,9.052205507689)
  );
#1799 = CARTESIAN_POINT('',(6.584435486721,7.198378893605,9.054840201868
    ));
#1800 = CARTESIAN_POINT('',(6.581496159743,7.103077880112,9.056130276688
    ));
#1801 = CARTESIAN_POINT('',(6.581532988563,7.019702569877,9.056114117349
    ));
#1802 = PCURVE('',#38,#1803);
#1803 = DEFINITIONAL_REPRESENTATION('',(#1804),#1911);
#1804 = B_SPLINE_CURVE_WITH_KNOTS('',9,(#1805,#1806,#1807,#1808,#1809,
    #1810,#1811,#1812,#1813,#1814,#1815,#1816,#1817,#1818,#1819,#1820,
    #1821,#1822,#1823,#1824,#1825,#1826,#1827,#1828,#1829,#1830,#1831,
    #1832,#1833,#1834,#1835,#1836,#1837,#1838,#1839,#1840,#1841,#1842,
    #1843,#1844,#1845,#1846,#1847,#1848,#1849,#1850,#1851,#1852,#1853,
    #1854,#1855,#1856,#1857,#1858,#1859,#1860,#1861,#1862,#1863,#1864,
    #1865,#1866,#1867,#1868,#1869,#1870,#1871,#1872,#1873,#1874,#1875,
    #1876,#1877,#1878,#1879,#1880,#1881,#1882,#1883,#1884,#1885,#1886,
    #1887,#1888,#1889,#1890,#1891,#1892,#1893,#1894,#1895,#1896,#1897,
    #1898,#1899,#1900,#1901,#1902,#1903,#1904,#1905,#1906,#1907,#1908,
    #1909,#1910),.UNSPECIFIED.,.F.,.F.,(10,8,8,8,8,8,8,8,8,8,8,8,8,10),(
    130.32398202714,130.63058225389,130.93718248065,131.2437827074,
    131.39708282078,131.47373287747,131.55038293416,132.16358338766,
    132.77678384117,134.00318474819,134.15648486157,134.30978497494,
    134.6163852017,135.22958565521),.UNSPECIFIED.);
#1805 = CARTESIAN_POINT('',(0.980546142879,0.52449184291));
#1806 = CARTESIAN_POINT('',(0.980546722025,0.522868923194));
#1807 = CARTESIAN_POINT('',(0.980524109372,0.521304405396));
#1808 = CARTESIAN_POINT('',(0.980476731438,0.519863524822));
#1809 = CARTESIAN_POINT('',(0.980403706495,0.51844485156));
#1810 = CARTESIAN_POINT('',(0.980305965432,0.517077895079));
#1811 = CARTESIAN_POINT('',(0.9801839209,0.515733778616));
#1812 = CARTESIAN_POINT('',(0.980037309075,0.514414896413));
#1813 = CARTESIAN_POINT('',(0.979865510021,0.513111654876));
#1814 = CARTESIAN_POINT('',(0.97947014929,0.51053117913));
#1815 = CARTESIAN_POINT('',(0.979246601414,0.509253943643));
#1816 = CARTESIAN_POINT('',(0.978996445892,0.507985676457));
#1817 = CARTESIAN_POINT('',(0.978718954154,0.506725732222));
#1818 = CARTESIAN_POINT('',(0.978413654361,0.505475238294));
#1819 = CARTESIAN_POINT('',(0.978080438602,0.504235904373));
#1820 = CARTESIAN_POINT('',(0.977719532091,0.503009257828));
#1821 = CARTESIAN_POINT('',(0.97733132438,0.501796304688));
#1822 = CARTESIAN_POINT('',(0.976500800796,0.499398927927));
#1823 = CARTESIAN_POINT('',(0.976058522701,0.498214492495));
#1824 = CARTESIAN_POINT('',(0.975589514747,0.497045152284));
#1825 = CARTESIAN_POINT('',(0.97509411459,0.495891182953));
#1826 = CARTESIAN_POINT('',(0.974572718509,0.494752466349));
#1827 = CARTESIAN_POINT('',(0.974025788814,0.493628663301));
#1828 = CARTESIAN_POINT('',(0.97345386125,0.492519386427));
#1829 = CARTESIAN_POINT('',(0.972857552408,0.491424372931));
#1830 = CARTESIAN_POINT('',(0.971927574493,0.489803299634));
#1831 = CARTESIAN_POINT('',(0.971611654802,0.489266479997));
#1832 = CARTESIAN_POINT('',(0.971289887624,0.488733223289));
#1833 = CARTESIAN_POINT('',(0.970962348851,0.488203458881));
#1834 = CARTESIAN_POINT('',(0.970629112453,0.487677056416));
#1835 = CARTESIAN_POINT('',(0.970290252236,0.48715386151));
#1836 = CARTESIAN_POINT('',(0.969945843593,0.486633731456));
#1837 = CARTESIAN_POINT('',(0.969595965258,0.486116570927));
#1838 = CARTESIAN_POINT('',(0.969063068962,0.485345266048));
#1839 = CARTESIAN_POINT('',(0.96888409101,0.485088927743));
#1840 = CARTESIAN_POINT('',(0.968703775306,0.484833288292));
#1841 = CARTESIAN_POINT('',(0.968522133931,0.484578404446));
#1842 = CARTESIAN_POINT('',(0.968339178548,0.484324328734));
#1843 = CARTESIAN_POINT('',(0.968154918217,0.484071045431));
#1844 = CARTESIAN_POINT('',(0.967969359438,0.483818467952));
#1845 = CARTESIAN_POINT('',(0.967782508408,0.483566497657));
#1846 = CARTESIAN_POINT('',(0.967406242604,0.483063790489));
#1847 = CARTESIAN_POINT('',(0.967216830403,0.482813111148));
#1848 = CARTESIAN_POINT('',(0.967026149149,0.482563093828));
#1849 = CARTESIAN_POINT('',(0.966834209086,0.48231372631));
#1850 = CARTESIAN_POINT('',(0.966641020459,0.482064996371));
#1851 = CARTESIAN_POINT('',(0.966446593514,0.481816891791));
#1852 = CARTESIAN_POINT('',(0.966250938496,0.48156940035));
#1853 = CARTESIAN_POINT('',(0.96605406565,0.481322509825));
#1854 = CARTESIAN_POINT('',(0.964271341782,0.479105793369));
#1855 = CARTESIAN_POINT('',(0.962609386617,0.477173080745));
#1856 = CARTESIAN_POINT('',(0.960875107945,0.475271694711));
#1857 = CARTESIAN_POINT('',(0.959072931736,0.473395332864));
#1858 = CARTESIAN_POINT('',(0.957206826837,0.471537815046));
#1859 = CARTESIAN_POINT('',(0.955280410106,0.469693132576));
#1860 = CARTESIAN_POINT('',(0.953297051546,0.467855497486));
#1861 = CARTESIAN_POINT('',(0.951259979435,0.466019391755));
#1862 = CARTESIAN_POINT('',(0.947084791484,0.462339841322));
#1863 = CARTESIAN_POINT('',(0.944946597483,0.46049638745));
#1864 = CARTESIAN_POINT('',(0.942761505646,0.458643793529));
#1865 = CARTESIAN_POINT('',(0.940530669033,0.456777612012));
#1866 = CARTESIAN_POINT('',(0.938261540203,0.454891398231));
#1867 = CARTESIAN_POINT('',(0.935950600762,0.452982497855));
#1868 = CARTESIAN_POINT('',(0.93360839114,0.451043109162));
#1869 = CARTESIAN_POINT('',(0.931232507642,0.449069807853));
#1870 = CARTESIAN_POINT('',(0.924024198864,0.443025159275));
#1871 = CARTESIAN_POINT('',(0.919110313976,0.438830224537));
#1872 = CARTESIAN_POINT('',(0.914113877049,0.434434883074));
#1873 = CARTESIAN_POINT('',(0.909070129299,0.429787154104));
#1874 = CARTESIAN_POINT('',(0.904026172744,0.424828670175));
#1875 = CARTESIAN_POINT('',(0.899043383474,0.419505033583));
#1876 = CARTESIAN_POINT('',(0.894199824896,0.413776172775));
#1877 = CARTESIAN_POINT('',(0.889592660999,0.407626698766));
#1878 = CARTESIAN_POINT('',(0.884809058185,0.400257456894));
#1879 = CARTESIAN_POINT('',(0.884282999019,0.399432374644));
#1880 = CARTESIAN_POINT('',(0.883763359241,0.398601120148));
#1881 = CARTESIAN_POINT('',(0.883247854999,0.397763643523));
#1882 = CARTESIAN_POINT('',(0.882741512327,0.396919806517));
#1883 = CARTESIAN_POINT('',(0.882239618332,0.39607049714));
#1884 = CARTESIAN_POINT('',(0.88174502296,0.395215046437));
#1885 = CARTESIAN_POINT('',(0.881256928175,0.394353942789));
#1886 = CARTESIAN_POINT('',(0.880294535512,0.392620365562));
#1887 = CARTESIAN_POINT('',(0.879820203098,0.391747911136));
#1888 = CARTESIAN_POINT('',(0.879352953445,0.390869876316));
#1889 = CARTESIAN_POINT('',(0.878892999696,0.389986363104));
#1890 = CARTESIAN_POINT('',(0.878440549289,0.389097490088));
#1891 = CARTESIAN_POINT('',(0.87799580396,0.38820339244));
#1892 = CARTESIAN_POINT('',(0.877558959744,0.387304221917));
#1893 = CARTESIAN_POINT('',(0.87713020697,0.386400146861));
#1894 = CARTESIAN_POINT('',(0.875868776863,0.38367376287));
#1895 = CARTESIAN_POINT('',(0.875060877912,0.381837298523));
#1896 = CARTESIAN_POINT('',(0.874287395321,0.379983377475));
#1897 = CARTESIAN_POINT('',(0.873549356875,0.378113680099));
#1898 = CARTESIAN_POINT('',(0.872847484909,0.37622987587));
#1899 = CARTESIAN_POINT('',(0.872182240758,0.374333446059));
#1900 = CARTESIAN_POINT('',(0.871553884964,0.372425602063));
#1901 = CARTESIAN_POINT('',(0.870962553265,0.370507299374));
#1902 = CARTESIAN_POINT('',(0.869299938483,0.364723442838));
#1903 = CARTESIAN_POINT('',(0.868340015867,0.360828967144));
#1904 = CARTESIAN_POINT('',(0.867529249885,0.356902594169));
#1905 = CARTESIAN_POINT('',(0.866867131354,0.352949516997));
#1906 = CARTESIAN_POINT('',(0.866353016261,0.348979328641));
#1907 = CARTESIAN_POINT('',(0.865984685794,0.345022055618));
#1908 = CARTESIAN_POINT('',(0.865752647803,0.341154238535));
#1909 = CARTESIAN_POINT('',(0.865639050126,0.337514940528));
#1910 = CARTESIAN_POINT('',(0.865640721587,0.334271550947));
#1911 = ( GEOMETRIC_REPRESENTATION_CONTEXT(2) 
PARAMETRIC_REPRESENTATION_CONTEXT() REPRESENTATION_CONTEXT('2D SPACE',''
  ) );
#1912 = PCURVE('',#1913,#2076);
#1913 = ( BOUNDED_SURFACE() B_SPLINE_SURFACE(2,14,(
    (#1914,#1915,#1916,#1917,#1918,#1919,#1920,#1921,#1922,#1923,#1924
      ,#1925,#1926,#1927,#1928,#1929,#1930,#1931,#1932,#1933,#1934,#1935
      ,#1936,#1937,#1938,#1939,#1940,#1941,#1942,#1943,#1944,#1945,#1946
      ,#1947,#1948,#1949,#1950,#1951,#1952,#1953,#1954,#1955,#1956,#1957
      ,#1958,#1959,#1960,#1961,#1962,#1963,#1964,#1965,#1966,#1967)
    ,(#1968,#1969,#1970,#1971,#1972,#1973,#1974,#1975,#1976,#1977,#1978
      ,#1979,#1980,#1981,#1982,#1983,#1984,#1985,#1986,#1987,#1988,#1989
      ,#1990,#1991,#1992,#1993,#1994,#1995,#1996,#1997,#1998,#1999,#2000
      ,#2001,#2002,#2003,#2004,#2005,#2006,#2007,#2008,#2009,#2010,#2011
      ,#2012,#2013,#2014,#2015,#2016,#2017,#2018,#2019,#2020,#2021)
    ,(#2022,#2023,#2024,#2025,#2026,#2027,#2028,#2029,#2030,#2031,#2032
      ,#2033,#2034,#2035,#2036,#2037,#2038,#2039,#2040,#2041,#2042,#2043
      ,#2044,#2045,#2046,#2047,#2048,#2049,#2050,#2051,#2052,#2053,#2054
      ,#2055,#2056,#2057,#2058,#2059,#2060,#2061,#2062,#2063,#2064,#2065
      ,#2066,#2067,#2068,#2069,#2070,#2071,#2072,#2073,#2074,#2075
)),.UNSPECIFIED.,.F.,.F.,.F.) B_SPLINE_SURFACE_WITH_KNOTS((3,3),(15,13,
    13,13,15),(0.,4.90560362807),(130.32398202714,131.46978845159,
    132.75443941021,134.06195081665,135.22958565521),.UNSPECIFIED.) 
GEOMETRIC_REPRESENTATION_ITEM() RATIONAL_B_SPLINE_SURFACE((
    (1.,0.999999999999,1.000000000003,0.999999999992,1.000000000016
      ,0.999999999974,1.000000000034,0.999999999964,1.000000000031
      ,0.999999999977,1.000000000013,0.999999999994,1.000000000002,1.,1.
      ,0.999999999998,1.000000000004,0.999999999992,1.000000000013
      ,0.999999999983,1.000000000019,0.999999999983,1.000000000012
      ,0.999999999993,1.000000000003,0.999999999999,1.,1.,1.000000000001
      ,0.999999999997,1.000000000007,0.999999999989,1.000000000013
      ,0.999999999987,1.00000000001,0.999999999993,1.000000000004
      ,0.999999999998,1.000000000001,1.,1.,0.999999999999,1.000000000001
      ,0.999999999997,1.000000000004,0.999999999996,1.000000000004
      ,0.999999999996,1.000000000003,0.999999999999,1.000000000001,1.,1.
      ,1.)
    ,(0.865926448278,0.865848561535,0.865771509891,0.865477245389
      ,0.8645959508,0.864358599606,0.862264378462,0.861789762487
      ,0.859107886379,0.857392255409,0.854632698756,0.851913043075
      ,0.848923502122,0.845851743072,0.839283686269,0.835776524056
      ,0.832358720815,0.829125971746,0.826148329943,0.823473694641
      ,0.821131239681,0.819134780557,0.817486082239,0.816178105255
      ,0.815198192514,0.814531194761,0.814162536206,0.813998455479
      ,0.814204338472,0.814689205092,0.815434878508,0.816415906657
      ,0.817600800958,0.818953274405,0.820433480559,0.821999251438
      ,0.823607336556,0.825214640939,0.826779463918,0.82826273742
      ,0.830849601628,0.831998538996,0.832999019341,0.83389240595
      ,0.834693791714,0.835377429097,0.835914321971,0.836308333881
      ,0.836601480829,0.836843390511,0.837044223277,0.837154664035
      ,0.837140907671,0.837246874384)
    ,(1.,0.999999999999,1.000000000003,0.999999999992,1.000000000016
      ,0.999999999974,1.000000000034,0.999999999964,1.000000000031
      ,0.999999999977,1.000000000013,0.999999999994,1.000000000002,1.,1.
      ,0.999999999998,1.000000000004,0.999999999992,1.000000000013
      ,0.999999999983,1.000000000019,0.999999999983,1.000000000012
      ,0.999999999993,1.000000000003,0.999999999999,1.,1.,1.000000000001
      ,0.999999999997,1.000000000007,0.999999999989,1.000000000013
      ,0.999999999987,1.00000000001,0.999999999993,1.000000000004
      ,0.999999999998,1.000000000001,1.,1.,0.999999999999,1.000000000001
      ,0.999999999997,1.000000000004,0.999999999996,1.000000000004
      ,0.999999999996,1.000000000003,0.999999999999,1.000000000001,1.,1.
,1.))) REPRESENTATION_ITEM('') SURFACE() );
#1914 = CARTESIAN_POINT('',(9.,11.,7.399786708436));
#1915 = CARTESIAN_POINT('',(9.,10.916932717237,7.399567844809));
#1916 = CARTESIAN_POINT('',(8.997528053773,10.830526484972,
    7.400857590847));
#1917 = CARTESIAN_POINT('',(8.992009326062,10.732196173847,7.40338931485
    ));
#1918 = CARTESIAN_POINT('',(8.982391290706,10.659838971598,
    7.406734217851));
#1919 = CARTESIAN_POINT('',(8.970783300888,10.536053140686,
    7.413079477054));
#1920 = CARTESIAN_POINT('',(8.9520998462,10.49321542744,7.418387247766)
  );
#1921 = CARTESIAN_POINT('',(8.934727305569,10.357247991034,
    7.427651932108));
#1922 = CARTESIAN_POINT('',(8.90836602768,10.310671125868,7.435876005641
    ));
#1923 = CARTESIAN_POINT('',(8.881269712186,10.198747688711,
    7.447347738112));
#1924 = CARTESIAN_POINT('',(8.849093593018,10.129237279267,
    7.458866045564));
#1925 = CARTESIAN_POINT('',(8.813813600489,10.043579266611,
    7.472298328559));
#1926 = CARTESIAN_POINT('',(8.77538367131,9.96655261153,7.486802153852)
  );
#1927 = CARTESIAN_POINT('',(8.734240954581,9.890874140144,7.502615675123
    ));
#1928 = CARTESIAN_POINT('',(8.642066857578,9.736284707826,7.53873891674)
  );
#1929 = CARTESIAN_POINT('',(8.590414217393,9.657917360028,7.559364965025
    ));
#1930 = CARTESIAN_POINT('',(8.536451804043,9.582931463518,7.581474734443
    ));
#1931 = CARTESIAN_POINT('',(8.480736042268,9.511194392735,7.604977325346
    ));
#1932 = CARTESIAN_POINT('',(8.423752288321,9.442455052062,7.629754150975
    ));
#1933 = CARTESIAN_POINT('',(8.365913474565,9.376388424946,7.655670897314
    ));
#1934 = CARTESIAN_POINT('',(8.307561884416,9.31263204265,7.682587131958)
  );
#1935 = CARTESIAN_POINT('',(8.248974057429,9.250814372296,7.710363561942
    ));
#1936 = CARTESIAN_POINT('',(8.19036882486,9.190575124689,7.73886694059)
  );
#1937 = CARTESIAN_POINT('',(8.13191847525,9.131577481316,7.767972623322)
  );
#1938 = CARTESIAN_POINT('',(8.073763050555,9.073512241169,7.797564772481
    ));
#1939 = CARTESIAN_POINT('',(8.016027772307,9.016093886792,7.827534211126
    ));
#1940 = CARTESIAN_POINT('',(7.958843598229,8.959048570024,7.857773925823
    ));
#1941 = CARTESIAN_POINT('',(7.844893284622,8.84412595424,7.919111450646)
  );
#1942 = CARTESIAN_POINT('',(7.788154653684,8.78626049945,7.950193230214)
  );
#1943 = CARTESIAN_POINT('',(7.732276021582,8.728230377267,7.981329804332
    ));
#1944 = CARTESIAN_POINT('',(7.677396908245,8.669782124077,8.012408322817
    ));
#1945 = CARTESIAN_POINT('',(7.623672383586,8.610678031372,8.043294529628
    ));
#1946 = CARTESIAN_POINT('',(7.571270102922,8.5506980889,8.0738364544));
#1947 = CARTESIAN_POINT('',(7.520367342395,8.489641927946,8.103868103971
    ));
#1948 = CARTESIAN_POINT('',(7.471148034419,8.427330764434,8.133213153897
    ));
#1949 = CARTESIAN_POINT('',(7.423799803064,8.363609342229,8.16168864001)
  );
#1950 = CARTESIAN_POINT('',(7.378510999531,8.298347876251,8.189108649902
    ));
#1951 = CARTESIAN_POINT('',(7.335467737527,8.231443995743,8.215288014497
    ));
#1952 = CARTESIAN_POINT('',(7.294850928732,8.162824687428,8.240045999543
    ));
#1953 = CARTESIAN_POINT('',(7.256833318194,8.092448238736,8.263209997165
    ));
#1954 = CARTESIAN_POINT('',(7.190091466611,7.955881825279,8.30373809562)
  );
#1955 = CARTESIAN_POINT('',(7.160778293818,7.890032302543,8.321522535672
    ));
#1956 = CARTESIAN_POINT('',(7.133798406548,7.822746263098,8.337719617168
    ));
#1957 = CARTESIAN_POINT('',(7.109202786799,7.754132123287,8.352401965869
    ));
#1958 = CARTESIAN_POINT('',(7.087027338963,7.684152128816,8.365586856149
    ));
#1959 = CARTESIAN_POINT('',(7.067330510983,7.612714002709,8.377188873482
    ));
#1960 = CARTESIAN_POINT('',(7.050187614316,7.539859344177,8.387113305265
    ));
#1961 = CARTESIAN_POINT('',(7.035658370448,7.465870972043,8.395355161105
    ));
#1962 = CARTESIAN_POINT('',(7.023746315543,7.391204432784,8.402026456337
    ));
#1963 = CARTESIAN_POINT('',(7.014370799539,7.316231920906,8.407292125429
    ));
#1964 = CARTESIAN_POINT('',(7.007374419746,7.240869885565,8.411252664482
    ));
#1965 = CARTESIAN_POINT('',(7.002590833713,7.164244625035,8.413869334964
    ));
#1966 = CARTESIAN_POINT('',(7.,7.084633196997,8.415085493399));
#1967 = CARTESIAN_POINT('',(7.,7.,8.415355344569));
#1968 = CARTESIAN_POINT('',(9.,11.004868832837,7.804087287614));
#1969 = CARTESIAN_POINT('',(9.000134825698,10.922196397067,
    7.804008954941));
#1970 = CARTESIAN_POINT('',(8.99783065722,10.839618456429,7.805390949359
    ));
#1971 = CARTESIAN_POINT('',(8.992942437675,10.757098481163,
    7.808324840795));
#1972 = CARTESIAN_POINT('',(8.985348348647,10.674954490334,
    7.812881164804));
#1973 = CARTESIAN_POINT('',(8.974898539066,10.594135523999,
    7.819112464512));
#1974 = CARTESIAN_POINT('',(8.961780441043,10.51226580458,7.826938172641
    ));
#1975 = CARTESIAN_POINT('',(8.945015058923,10.433335913297,
    7.836971402587));
#1976 = CARTESIAN_POINT('',(8.925990724978,10.354160324138,
    7.848268480738));
#1977 = CARTESIAN_POINT('',(8.903381655506,10.27718321802,7.861688540789
    ));
#1978 = CARTESIAN_POINT('',(8.878185510161,10.20163614326,7.876596942759
    ));
#1979 = CARTESIAN_POINT('',(8.850120703522,10.128034786339,
    7.893130053647));
#1980 = CARTESIAN_POINT('',(8.819469812531,10.056365687065,
    7.911118368543));
#1981 = CARTESIAN_POINT('',(8.786369261214,9.986686920512,7.930456651705
    ));
#1982 = CARTESIAN_POINT('',(8.7110411529,9.842488928128,7.974259748594)
  );
#1983 = CARTESIAN_POINT('',(8.66817013788,9.768500549473,7.999073778571)
  );
#1984 = CARTESIAN_POINT('',(8.622702248388,9.697085981681,8.02525580638)
  );
#1985 = CARTESIAN_POINT('',(8.574947262367,9.628189431158,8.052602791803
    ));
#1986 = CARTESIAN_POINT('',(8.525204388388,9.561664138591,8.080921336539
    ));
#1987 = CARTESIAN_POINT('',(8.473755205133,9.497298616607,8.110031513435
    ));
#1988 = CARTESIAN_POINT('',(8.420858300368,9.434839568294,8.139769743193
    ));
#1989 = CARTESIAN_POINT('',(8.366746112615,9.374010953825,8.169990423947
    ));
#1990 = CARTESIAN_POINT('',(8.311624381034,9.314528624519,8.200566084367
    ));
#1991 = CARTESIAN_POINT('',(8.255674501015,9.256109980886,8.231385899303
    ));
#1992 = CARTESIAN_POINT('',(8.199058977178,9.198478204279,8.262352473032
    ));
#1993 = CARTESIAN_POINT('',(8.141930069745,9.141360730757,8.293376852834
    ));
#1994 = CARTESIAN_POINT('',(8.084441650946,9.084481763357,8.324371782908
    ));
#1995 = CARTESIAN_POINT('',(7.968048587792,8.969590909067,8.386670402384
    ));
#1996 = CARTESIAN_POINT('',(7.909250401193,8.911647836643,8.417911053117
    ));
#1997 = CARTESIAN_POINT('',(7.850489237339,8.853455404947,8.448897920211
    ));
#1998 = CARTESIAN_POINT('',(7.791917854457,8.794724629092,8.479550420474
    ));
#1999 = CARTESIAN_POINT('',(7.733718655814,8.73515147058,8.50977662323)
  );
#2000 = CARTESIAN_POINT('',(7.676100674192,8.674426983583,8.539474882717
    ));
#2001 = CARTESIAN_POINT('',(7.619297167344,8.612247654573,8.568535111916
    ));
#2002 = CARTESIAN_POINT('',(7.563563899136,8.548325838318,8.596839673608
    ));
#2003 = CARTESIAN_POINT('',(7.509178162042,8.48240024416,8.624263874956)
  );
#2004 = CARTESIAN_POINT('',(7.456438575533,8.414246483552,8.650676063377
    ));
#2005 = CARTESIAN_POINT('',(7.405665670512,8.34368774484,8.67593733272)
  );
#2006 = CARTESIAN_POINT('',(7.357203246989,8.270605714941,8.699900859534
    ));
#2007 = CARTESIAN_POINT('',(7.311420466813,8.194951911022,8.722410899626
    ));
#2008 = CARTESIAN_POINT('',(7.230696150574,8.047149689362,8.761899126903
    ));
#2009 = CARTESIAN_POINT('',(7.195054365015,7.975473415633,8.779239104866
    ));
#2010 = CARTESIAN_POINT('',(7.162048185048,7.901859001223,8.795224398861
    ));
#2011 = CARTESIAN_POINT('',(7.131858706549,7.826286628364,8.809775778847
    ));
#2012 = CARTESIAN_POINT('',(7.104658432112,7.748851275942,8.822823081661
    ));
#2013 = CARTESIAN_POINT('',(7.08059734667,7.669773542361,8.834315413991)
  );
#2014 = CARTESIAN_POINT('',(7.059771514503,7.589326008843,8.844230129981
    ));
#2015 = CARTESIAN_POINT('',(7.042203918991,7.507767052772,8.852574592818
    ));
#2016 = CARTESIAN_POINT('',(7.027845464056,7.42531502494,8.859381963845)
  );
#2017 = CARTESIAN_POINT('',(7.016592983649,7.342156258769,8.864704387709
    ));
#2018 = CARTESIAN_POINT('',(7.008316285104,7.258462543146,8.868606158465
    ));
#2019 = CARTESIAN_POINT('',(7.002883073804,7.174398268316,8.871157906549
    ));
#2020 = CARTESIAN_POINT('',(7.000165286083,7.090124672212,8.872432326508
    ));
#2021 = CARTESIAN_POINT('',(7.,7.00585816804,8.872503821322));
#2022 = CARTESIAN_POINT('',(8.649830571818,11.014328701104,
    8.006014369295));
#2023 = CARTESIAN_POINT('',(8.649855616443,10.93245025611,8.005999927177
    ));
#2024 = CARTESIAN_POINT('',(8.647574236271,10.857332032294,
    8.007315579587));
#2025 = CARTESIAN_POINT('',(8.642644617725,10.805780033604,
    8.010157593716));
#2026 = CARTESIAN_POINT('',(8.635038567679,10.705305321267,
    8.014545102687));
#2027 = CARTESIAN_POINT('',(8.625898901414,10.70782400241,8.01980135581)
  );
#2028 = CARTESIAN_POINT('',(8.614136385786,10.553066417891,
    8.026580039286));
#2029 = CARTESIAN_POINT('',(8.596820930216,10.58437805533,8.036524392015
    ));
#2030 = CARTESIAN_POINT('',(8.580042712076,10.446087012647,
    8.046137724832));
#2031 = CARTESIAN_POINT('',(8.558833365453,10.438834572597,
    8.058272766872));
#2032 = CARTESIAN_POINT('',(8.535170205294,10.355963557611,
    8.071760053764));
#2033 = CARTESIAN_POINT('',(8.509411183686,10.310302043722,
    8.086395940008));
#2034 = CARTESIAN_POINT('',(8.481117556798,10.25461126372,8.102410978994
    ));
#2035 = CARTESIAN_POINT('',(8.450716130619,10.202844705502,
    8.119548331981));
#2036 = CARTESIAN_POINT('',(8.381881436755,10.095129958463,
    8.158179577984));
#2037 = CARTESIAN_POINT('',(8.34293019027,10.039779237602,8.179944722754
    ));
#2038 = CARTESIAN_POINT('',(8.301621980726,9.985735536831,8.202915737329
    ));
#2039 = CARTESIAN_POINT('',(8.258137467261,9.932713666472,8.226970251674
    ));
#2040 = CARTESIAN_POINT('',(8.212633867217,9.88043016056,8.251999921));
#2041 = CARTESIAN_POINT('',(8.165250942265,9.828610919038,8.277907055969
    ));
#2042 = CARTESIAN_POINT('',(8.116116292121,9.776995916899,8.304601697829
    ));
#2043 = CARTESIAN_POINT('',(8.065349955607,9.725340980355,8.33199913846)
  );
#2044 = CARTESIAN_POINT('',(8.013068319426,9.67341662996,8.360017885342)
  );
#2045 = CARTESIAN_POINT('',(7.959387334169,9.621003990723,8.388578071463
    ));
#2046 = CARTESIAN_POINT('',(7.904425038097,9.567887769234,8.417600310108
    ));
#2047 = CARTESIAN_POINT('',(7.84830338817,9.51384629772,8.447004994619)
  );
#2048 = CARTESIAN_POINT('',(7.791149398764,9.458638645149,8.476712043037
    ));
#2049 = CARTESIAN_POINT('',(7.674008705401,9.344330857607,8.537102721636
    ));
#2050 = CARTESIAN_POINT('',(7.6140188179,9.285154598017,8.567779552696)
  );
#2051 = CARTESIAN_POINT('',(7.553250583832,9.224264079283,8.59859465069)
  );
#2052 = CARTESIAN_POINT('',(7.491855694485,9.161402987326,8.629459285239
    ));
#2053 = CARTESIAN_POINT('',(7.430016635058,9.096273479539,8.660272145787
    ));
#2054 = CARTESIAN_POINT('',(7.367950445788,9.028555033121,8.690918561679
    ));
#2055 = CARTESIAN_POINT('',(7.305912483194,8.9579232934,8.721269722167)
  );
#2056 = CARTESIAN_POINT('',(7.244200181159,8.8840689222,8.751181896509)
  );
#2057 = CARTESIAN_POINT('',(7.183156812192,8.806716446118,8.780495653966
    ));
#2058 = CARTESIAN_POINT('',(7.123175248527,8.725643104928,8.809035083897
    ));
#2059 = CARTESIAN_POINT('',(7.064701723346,8.640697699848,8.836607015768
    ));
#2060 = CARTESIAN_POINT('',(7.008239591918,8.551819441926,8.863000239229
    ));
#2061 = CARTESIAN_POINT('',(6.954353092792,8.459056800342,8.887984724142
    ));
#2062 = CARTESIAN_POINT('',(6.858411044899,8.27643623591,8.932141547087)
  );
#2063 = CARTESIAN_POINT('',(6.815778452269,8.187343087125,8.951618026344
    ));
#2064 = CARTESIAN_POINT('',(6.775785846686,8.095616396621,8.969753958036
    ));
#2065 = CARTESIAN_POINT('',(6.739111221234,8.001156325171,8.986273771985
    ));
#2066 = CARTESIAN_POINT('',(6.706245314314,7.904385745357,9.000988556301
    ));
#2067 = CARTESIAN_POINT('',(6.67732033229,7.806094935459,9.013869347054)
  );
#2068 = CARTESIAN_POINT('',(6.652260164139,7.706922189578,9.024977978149
    ));
#2069 = CARTESIAN_POINT('',(6.63099131217,7.606975571596,9.034371523874)
  );
#2070 = CARTESIAN_POINT('',(6.613552949031,7.505883002107,9.042052221307
    ));
#2071 = CARTESIAN_POINT('',(6.600043698358,7.403339829743,9.047990613302
    ));
#2072 = CARTESIAN_POINT('',(6.59044192234,7.300004999557,9.052205507689)
  );
#2073 = CARTESIAN_POINT('',(6.584435486721,7.198378893605,9.054840201868
    ));
#2074 = CARTESIAN_POINT('',(6.581496159743,7.103077880112,9.056130276688
    ));
#2075 = CARTESIAN_POINT('',(6.581532988563,7.019702569877,9.056114117349
    ));
#2076 = DEFINITIONAL_REPRESENTATION('',(#2077),#2081);
#2077 = LINE('',#2078,#2079);
#2078 = CARTESIAN_POINT('',(4.90560362807,0.));
#2079 = VECTOR('',#2080,1.);
#2080 = DIRECTION('',(0.,1.));
#2081 = ( GEOMETRIC_REPRESENTATION_CONTEXT(2) 
PARAMETRIC_REPRESENTATION_CONTEXT() REPRESENTATION_CONTEXT('2D SPACE',''
  ) );
#2082 = ORIENTED_EDGE('',*,*,#2083,.F.);
#2083 = EDGE_CURVE('',#2084,#1744,#2086,.T.);
#2084 = VERTEX_POINT('',#2085);
#2085 = CARTESIAN_POINT('',(8.649694318841,21.,8.006092939687));
#2086 = SURFACE_CURVE('',#2087,(#2097,#2110),.PCURVE_S1.);
#2087 = ( BOUNDED_CURVE() B_SPLINE_CURVE(8,(#2088,#2089,#2090,#2091,
    #2092,#2093,#2094,#2095,#2096),.UNSPECIFIED.,.F.,.F.) 
B_SPLINE_CURVE_WITH_KNOTS((9,9),(120.42378052093,130.32398202714),
.PIECEWISE_BEZIER_KNOTS.) CURVE() GEOMETRIC_REPRESENTATION_ITEM() 
RATIONAL_B_SPLINE_CURVE((1.,1.,1.,1.,1.,1.,1.,1.,1.)) 
REPRESENTATION_ITEM('') );
#2088 = CARTESIAN_POINT('',(8.649694318841,21.,8.006092939687));
#2089 = CARTESIAN_POINT('',(8.649656879001,19.752900816976,
    8.006114529232));
#2090 = CARTESIAN_POINT('',(8.64971143593,18.503964231426,8.00608306809)
  );
#2091 = CARTESIAN_POINT('',(8.649628535887,17.253827219635,
    8.006130877537));
#2092 = CARTESIAN_POINT('',(8.649771470661,16.002231207875,
    8.006048441954));
#2093 = CARTESIAN_POINT('',(8.649509294567,14.752685273658,
    8.006199642822));
#2094 = CARTESIAN_POINT('',(8.649928997379,13.498398857647,
    8.005957606444));
#2095 = CARTESIAN_POINT('',(8.649451880483,12.252385062577,
    8.006232743687));
#2096 = CARTESIAN_POINT('',(8.649830571818,11.014328701104,
    8.006014369295));
#2097 = PCURVE('',#38,#2098);
#2098 = DEFINITIONAL_REPRESENTATION('',(#2099),#2109);
#2099 = B_SPLINE_CURVE_WITH_KNOTS('',8,(#2100,#2101,#2102,#2103,#2104,
    #2105,#2106,#2107,#2108),.UNSPECIFIED.,.F.,.F.,(9,9),(
    120.42378052093,130.32398202714),.PIECEWISE_BEZIER_KNOTS.);
#2100 = CARTESIAN_POINT('',(0.980538573269,1.));
#2101 = CARTESIAN_POINT('',(0.980536493278,0.940614324618));
#2102 = CARTESIAN_POINT('',(0.980539524218,0.881141153877));
#2103 = CARTESIAN_POINT('',(0.98053491866,0.821610819983));
#2104 = CARTESIAN_POINT('',(0.980542859481,0.762011009899));
#2105 = CARTESIAN_POINT('',(0.980528294143,0.702508822555));
#2106 = CARTESIAN_POINT('',(0.980551610966,0.642780897983));
#2107 = CARTESIAN_POINT('',(0.980525104471,0.583446907742));
#2108 = CARTESIAN_POINT('',(0.980546142879,0.52449184291));
#2109 = ( GEOMETRIC_REPRESENTATION_CONTEXT(2) 
PARAMETRIC_REPRESENTATION_CONTEXT() REPRESENTATION_CONTEXT('2D SPACE',''
  ) );
#2110 = PCURVE('',#2111,#2139);
#2111 = ( BOUNDED_SURFACE() B_SPLINE_SURFACE(2,8,(
    (#2112,#2113,#2114,#2115,#2116,#2117,#2118,#2119,#2120)
    ,(#2121,#2122,#2123,#2124,#2125,#2126,#2127,#2128,#2129)
    ,(#2130,#2131,#2132,#2133,#2134,#2135,#2136,#2137,#2138
)),.UNSPECIFIED.,.F.,.F.,.F.) B_SPLINE_SURFACE_WITH_KNOTS((3,3),(9,9),(
    0.,9.90020150621),(120.42378052093,130.32398202714),
.PIECEWISE_BEZIER_KNOTS.) GEOMETRIC_REPRESENTATION_ITEM() 
RATIONAL_B_SPLINE_SURFACE((
    (1.,1.,1.,1.,1.,1.,1.,1.,1.)
    ,(0.865899333823,0.865883891645,0.865904767091,0.865879939892
      ,0.865912051938,0.86585613715,0.86594814184,0.865843061007
      ,0.865926448278)
,(1.,1.,1.,1.,1.,1.,1.,1.,1.))) REPRESENTATION_ITEM('') SURFACE() );
#2112 = CARTESIAN_POINT('',(9.,21.006383159248,7.399732371503));
#2113 = CARTESIAN_POINT('',(9.,19.751315684776,7.399648486886));
#2114 = CARTESIAN_POINT('',(9.,18.501233162683,7.399757681566));
#2115 = CARTESIAN_POINT('',(9.,17.25222293347,7.399644662127));
#2116 = CARTESIAN_POINT('',(9.,16.002819668742,7.399759255527));
#2117 = CARTESIAN_POINT('',(9.,14.756248057018,7.399596704996));
#2118 = CARTESIAN_POINT('',(9.,13.504582779521,7.399844943402));
#2119 = CARTESIAN_POINT('',(9.,12.255989871259,7.399566495171));
#2120 = CARTESIAN_POINT('',(9.,11.,7.399786708436));
#2121 = CARTESIAN_POINT('',(9.,21.002126480524,7.804090469008));
#2122 = CARTESIAN_POINT('',(9.,19.752350307371,7.804091343383));
#2123 = CARTESIAN_POINT('',(9.,18.503080742604,7.804090070153));
#2124 = CARTESIAN_POINT('',(9.,17.253350871224,7.80409200175));
#2125 = CARTESIAN_POINT('',(9.,16.002524048059,7.804088674168));
#2126 = CARTESIAN_POINT('',(9.,14.755410622759,7.804094782351));
#2127 = CARTESIAN_POINT('',(9.,13.502184792479,7.804084994254));
#2128 = CARTESIAN_POINT('',(9.,12.254883727701,7.804096128874));
#2129 = CARTESIAN_POINT('',(9.,11.004868832837,7.804087287614));
#2130 = CARTESIAN_POINT('',(8.649694318841,21.,8.006092939687));
#2131 = CARTESIAN_POINT('',(8.649656879001,19.752900816976,
    8.006114529232));
#2132 = CARTESIAN_POINT('',(8.64971143593,18.503964231426,8.00608306809)
  );
#2133 = CARTESIAN_POINT('',(8.649628535887,17.253827219635,
    8.006130877537));
#2134 = CARTESIAN_POINT('',(8.649771470661,16.002231207875,
    8.006048441954));
#2135 = CARTESIAN_POINT('',(8.649509294567,14.752685273658,
    8.006199642822));
#2136 = CARTESIAN_POINT('',(8.649928997379,13.498398857647,
    8.005957606444));
#2137 = CARTESIAN_POINT('',(8.649451880483,12.252385062577,
    8.006232743687));
#2138 = CARTESIAN_POINT('',(8.649830571818,11.014328701104,
    8.006014369295));
#2139 = DEFINITIONAL_REPRESENTATION('',(#2140),#2144);
#2140 = LINE('',#2141,#2142);
#2141 = CARTESIAN_POINT('',(9.90020150621,0.));
#2142 = VECTOR('',#2143,1.);
#2143 = DIRECTION('',(0.,1.));
#2144 = ( GEOMETRIC_REPRESENTATION_CONTEXT(2) 
PARAMETRIC_REPRESENTATION_CONTEXT() REPRESENTATION_CONTEXT('2D SPACE',''
  ) );
#2145 = ORIENTED_EDGE('',*,*,#2146,.F.);
#2146 = EDGE_CURVE('',#2147,#2084,#2149,.T.);
#2147 = VERTEX_POINT('',#2148);
#2148 = CARTESIAN_POINT('',(6.140312423743,21.,9.243218777961));
#2149 = SURFACE_CURVE('',#2150,(#2154,#2161),.PCURVE_S1.);
#2150 = B_SPLINE_CURVE_WITH_KNOTS('',2,(#2151,#2152,#2153),
  .UNSPECIFIED.,.F.,.F.,(3,3),(0.,1.),.PIECEWISE_BEZIER_KNOTS.);
#2151 = CARTESIAN_POINT('',(-9.,21.,7.8));
#2152 = CARTESIAN_POINT('',(0.,21.,13.2));
#2153 = CARTESIAN_POINT('',(9.,21.,7.8));
#2154 = PCURVE('',#38,#2155);
#2155 = DEFINITIONAL_REPRESENTATION('',(#2156),#2160);
#2156 = LINE('',#2157,#2158);
#2157 = CARTESIAN_POINT('',(0.,1.));
#2158 = VECTOR('',#2159,1.);
#2159 = DIRECTION('',(1.,0.));
#2160 = ( GEOMETRIC_REPRESENTATION_CONTEXT(2) 
PARAMETRIC_REPRESENTATION_CONTEXT() REPRESENTATION_CONTEXT('2D SPACE',''
  ) );
#2161 = PCURVE('',#2162,#2175);
#2162 = B_SPLINE_SURFACE_WITH_KNOTS('',2,3,(
    (#2163,#2164,#2165,#2166)
    ,(#2167,#2168,#2169,#2170)
    ,(#2171,#2172,#2173,#2174
    )),.UNSPECIFIED.,.F.,.F.,.F.,(3,3),(4,4),(0.,1.),(0.,1.),
  .PIECEWISE_BEZIER_KNOTS.);
#2163 = CARTESIAN_POINT('',(-9.,21.,7.8));
#2164 = CARTESIAN_POINT('',(-9.,23.266666666667,7.8));
#2165 = CARTESIAN_POINT('',(-9.,25.533333333333,8.));
#2166 = CARTESIAN_POINT('',(-9.,27.8,8.));
#2167 = CARTESIAN_POINT('',(0.,21.,13.2));
#2168 = CARTESIAN_POINT('',(0.,23.266666666667,13.2));
#2169 = CARTESIAN_POINT('',(0.,25.533333333333,8.));
#2170 = CARTESIAN_POINT('',(0.,27.8,8.));
#2171 = CARTESIAN_POINT('',(9.,21.,7.8));
#2172 = CARTESIAN_POINT('',(9.,23.266666666667,7.8));
#2173 = CARTESIAN_POINT('',(9.,25.533333333333,8.));
#2174 = CARTESIAN_POINT('',(9.,27.8,8.));
#2175 = DEFINITIONAL_REPRESENTATION('',(#2176),#2180);
#2176 = LINE('',#2177,#2178);
#2177 = CARTESIAN_POINT('',(0.,0.));
#2178 = VECTOR('',#2179,1.);
#2179 = DIRECTION('',(1.,0.));
#2180 = ( GEOMETRIC_REPRESENTATION_CONTEXT(2) 
PARAMETRIC_REPRESENTATION_CONTEXT() REPRESENTATION_CONTEXT('2D SPACE',''
  ) );
#2181 = ORIENTED_EDGE('',*,*,#2182,.T.);
#2182 = EDGE_CURVE('',#2147,#2183,#2185,.T.);
#2183 = VERTEX_POINT('',#2184);
#2184 = CARTESIAN_POINT('',(7.6,19.,8.574666666667));
#2185 = SURFACE_CURVE('',#2186,(#2201,#2219),.PCURVE_S1.);
#2186 = B_SPLINE_CURVE_WITH_KNOTS('',7,(#2187,#2188,#2189,#2190,#2191,
    #2192,#2193,#2194,#2195,#2196,#2197,#2198,#2199,#2200),
  .UNSPECIFIED.,.F.,.F.,(8,6,8),(0.,0.584821021351,1.),.UNSPECIFIED.);
#2187 = CARTESIAN_POINT('',(6.140312423743,21.,9.243218777961));
#2188 = CARTESIAN_POINT('',(6.340351897358,20.935956119903,
    9.161331786956));
#2189 = CARTESIAN_POINT('',(6.53270860666,20.848637050361,9.079477460974
    ));
#2190 = CARTESIAN_POINT('',(6.715382246962,20.738777977313,8.99890470331
    ));
#2191 = CARTESIAN_POINT('',(6.885888069603,20.606954143883,
    8.921223865195));
#2192 = CARTESIAN_POINT('',(7.041421204655,20.454009827037,
    8.848374247693));
#2193 = CARTESIAN_POINT('',(7.178869455398,20.281139894021,
    8.782576238178));
#2194 = CARTESIAN_POINT('',(7.377204545054,19.954601219351,
    8.686121124233));
#2195 = CARTESIAN_POINT('',(7.448732976704,19.80991084544,8.650807715659
    ));
#2196 = CARTESIAN_POINT('',(7.507986507265,19.65717422142,8.621186091357
    ));
#2197 = CARTESIAN_POINT('',(7.553627070576,19.49780567363,8.598162473029
    ));
#2198 = CARTESIAN_POINT('',(7.58455156301,19.333594536942,8.582493834144
    ));
#2199 = CARTESIAN_POINT('',(7.6,19.166753990733,8.574666666667));
#2200 = CARTESIAN_POINT('',(7.6,19.,8.574666666667));
#2201 = PCURVE('',#38,#2202);
#2202 = DEFINITIONAL_REPRESENTATION('',(#2203),#2218);
#2203 = B_SPLINE_CURVE_WITH_KNOTS('',7,(#2204,#2205,#2206,#2207,#2208,
    #2209,#2210,#2211,#2212,#2213,#2214,#2215,#2216,#2217),
  .UNSPECIFIED.,.F.,.F.,(8,6,8),(0.,0.584821021351,1.),.UNSPECIFIED.);
#2204 = CARTESIAN_POINT('',(0.841128467986,1.));
#2205 = CARTESIAN_POINT('',(0.852241772075,0.996950291424));
#2206 = CARTESIAN_POINT('',(0.862928255926,0.992792240493));
#2207 = CARTESIAN_POINT('',(0.873076791498,0.987560856063));
#2208 = CARTESIAN_POINT('',(0.8825493372,0.981283530661));
#2209 = CARTESIAN_POINT('',(0.891190066925,0.974000467954));
#2210 = CARTESIAN_POINT('',(0.898826080855,0.965768566382));
#2211 = CARTESIAN_POINT('',(0.909844696947,0.950219105683));
#2212 = CARTESIAN_POINT('',(0.913818498706,0.943329087878));
#2213 = CARTESIAN_POINT('',(0.917110361515,0.936055915306));
#2214 = CARTESIAN_POINT('',(0.919645948365,0.92846693684));
#2215 = CARTESIAN_POINT('',(0.921363975723,0.920647358902));
#2216 = CARTESIAN_POINT('',(0.922222222222,0.912702570987));
#2217 = CARTESIAN_POINT('',(0.922222222222,0.904761904762));
#2218 = ( GEOMETRIC_REPRESENTATION_CONTEXT(2) 
PARAMETRIC_REPRESENTATION_CONTEXT() REPRESENTATION_CONTEXT('2D SPACE',''
  ) );
#2219 = PCURVE('',#2220,#2225);
#2220 = CYLINDRICAL_SURFACE('',#2221,2.1);
#2221 = AXIS2_PLACEMENT_3D('',#2222,#2223,#2224);
#2222 = CARTESIAN_POINT('',(5.5,19.,8.));
#2223 = DIRECTION('',(0.,0.,1.));
#2224 = DIRECTION('',(1.,0.,-0.));
#2225 = DEFINITIONAL_REPRESENTATION('',(#2226),#2241);
#2226 = B_SPLINE_CURVE_WITH_KNOTS('',7,(#2227,#2228,#2229,#2230,#2231,
    #2232,#2233,#2234,#2235,#2236,#2237,#2238,#2239,#2240),
  .UNSPECIFIED.,.F.,.F.,(8,6,8),(0.,0.584821021351,1.),.UNSPECIFIED.);
#2227 = CARTESIAN_POINT('',(1.260951687053,1.243218777961));
#2228 = CARTESIAN_POINT('',(1.160931950246,1.161331786956));
#2229 = CARTESIAN_POINT('',(1.061016833562,1.079477460974));
#2230 = CARTESIAN_POINT('',(0.96058729941,0.99890470331));
#2231 = CARTESIAN_POINT('',(0.859229411441,0.921223865195));
#2232 = CARTESIAN_POINT('',(0.756564605579,0.848374247693));
#2233 = CARTESIAN_POINT('',(0.652229270049,0.782576238178));
#2234 = CARTESIAN_POINT('',(0.470299382827,0.686121124233));
#2235 = CARTESIAN_POINT('',(0.393728442071,0.650807715659));
#2236 = CARTESIAN_POINT('',(0.316213951429,0.621186091357));
#2237 = CARTESIAN_POINT('',(0.237868540924,0.598162473029));
#2238 = CARTESIAN_POINT('',(0.158854451051,0.582493834144));
#2239 = CARTESIAN_POINT('',(7.940666225386E-02,0.574666666667));
#2240 = CARTESIAN_POINT('',(0.,0.574666666667));
#2241 = ( GEOMETRIC_REPRESENTATION_CONTEXT(2) 
PARAMETRIC_REPRESENTATION_CONTEXT() REPRESENTATION_CONTEXT('2D SPACE',''
  ) );
#2242 = ORIENTED_EDGE('',*,*,#2243,.T.);
#2243 = EDGE_CURVE('',#2183,#2244,#2246,.T.);
#2244 = VERTEX_POINT('',#2245);
#2245 = CARTESIAN_POINT('',(4.859687576257,21.,9.712781222039));
#2246 = SURFACE_CURVE('',#2247,(#2340,#2436),.PCURVE_S1.);
#2247 = B_SPLINE_CURVE_WITH_KNOTS('',7,(#2248,#2249,#2250,#2251,#2252,
    #2253,#2254,#2255,#2256,#2257,#2258,#2259,#2260,#2261,#2262,#2263,
    #2264,#2265,#2266,#2267,#2268,#2269,#2270,#2271,#2272,#2273,#2274,
    #2275,#2276,#2277,#2278,#2279,#2280,#2281,#2282,#2283,#2284,#2285,
    #2286,#2287,#2288,#2289,#2290,#2291,#2292,#2293,#2294,#2295,#2296,
    #2297,#2298,#2299,#2300,#2301,#2302,#2303,#2304,#2305,#2306,#2307,
    #2308,#2309,#2310,#2311,#2312,#2313,#2314,#2315,#2316,#2317,#2318,
    #2319,#2320,#2321,#2322,#2323,#2324,#2325,#2326,#2327,#2328,#2329,
    #2330,#2331,#2332,#2333,#2334,#2335,#2336,#2337,#2338,#2339),
  .UNSPECIFIED.,.F.,.F.,(8,6,6,6,6,6,6,6,6,6,6,6,6,6,6,8),(0.,
    0.119731637117,0.169233884336,0.290043659589,0.364944473321,
    0.400648754635,0.460922659483,0.527131309125,0.574197106552,
    0.637665224799,0.718762095725,0.781102568432,0.835835943932,
    0.874711204846,0.925396914655,1.),.UNSPECIFIED.);
#2248 = CARTESIAN_POINT('',(7.6,19.,8.574666666667));
#2249 = CARTESIAN_POINT('',(7.6,18.834494201037,8.574666666667));
#2250 = CARTESIAN_POINT('',(7.584781976457,18.668903333642,
    8.582377093739));
#2251 = CARTESIAN_POINT('',(7.554318932854,18.505880688823,
    8.597811918155));
#2252 = CARTESIAN_POINT('',(7.509347218799,18.347594893645,8.62049966321
    ));
#2253 = CARTESIAN_POINT('',(7.450940599155,18.195803327271,
    8.649703982253));
#2254 = CARTESIAN_POINT('',(7.380403688291,18.051898823136,
    8.684541388179));
#2255 = CARTESIAN_POINT('',(7.26557285605,17.861143530131,8.740419309644
    ));
#2256 = CARTESIAN_POINT('',(7.230136698398,17.806846549523,
    8.757575186021));
#2257 = CARTESIAN_POINT('',(7.192941193837,17.754111782424,
    8.775482028112));
#2258 = CARTESIAN_POINT('',(7.154073127584,17.702991180808,
    8.794080222543));
#2259 = CARTESIAN_POINT('',(7.113617021684,17.653528248087,
    8.813311509082));
#2260 = CARTESIAN_POINT('',(7.071653972369,17.60575940353,8.833119769654
    ));
#2261 = CARTESIAN_POINT('',(6.922359089825,17.447345252939,
    8.903071991251));
#2262 = CARTESIAN_POINT('',(6.807981427428,17.345293883087,8.95579144053
    ));
#2263 = CARTESIAN_POINT('',(6.686190261121,17.253925394464,
    9.010860853509));
#2264 = CARTESIAN_POINT('',(6.557972135302,17.173556138249,
    9.067589040928));
#2265 = CARTESIAN_POINT('',(6.424251623615,17.104457001214,
    9.125350731211));
#2266 = CARTESIAN_POINT('',(6.285892726578,17.04687636281,9.183592499295
    ));
#2267 = CARTESIAN_POINT('',(6.055521599465,16.972692669223,9.27794771235
    ));
#2268 = CARTESIAN_POINT('',(5.965894544331,16.948838343682,
    9.314052503946));
#2269 = CARTESIAN_POINT('',(5.875009164335,16.929586363926,
    9.350032022661));
#2270 = CARTESIAN_POINT('',(5.783077135835,16.915006976317,
    9.385770946917));
#2271 = CARTESIAN_POINT('',(5.69032047544,16.905171530833,9.421158476979
    ));
#2272 = CARTESIAN_POINT('',(5.596973112534,16.900149011257,
    9.456088997187));
#2273 = CARTESIAN_POINT('',(5.458621300147,16.89993275645,9.506848270698
    ));
#2274 = CARTESIAN_POINT('',(5.413882761527,16.900970877412,
    9.523107072344));
#2275 = CARTESIAN_POINT('',(5.369094087769,16.903123908169,
    9.539228137847));
#2276 = CARTESIAN_POINT('',(5.324283506459,16.906398247487,9.55520072061
    ));
#2277 = CARTESIAN_POINT('',(5.279480230942,16.910799712993,
    9.571014332717));
#2278 = CARTESIAN_POINT('',(5.23471446032,16.916333541168,9.586658744932
    ));
#2279 = CARTESIAN_POINT('',(5.114562349976,16.934265724462,
    9.628231514323));
#2280 = CARTESIAN_POINT('',(5.039302794663,16.948767217286,
    9.653828601708));
#2281 = CARTESIAN_POINT('',(4.964389528588,16.966530219045,
    9.678867124978));
#2282 = CARTESIAN_POINT('',(4.889982025299,16.98756939531,9.703301414792
    ));
#2283 = CARTESIAN_POINT('',(4.816247849741,17.011890188816,
    9.727088659537));
#2284 = CARTESIAN_POINT('',(4.743362091162,17.03948628428,9.750189308519
    ));
#2285 = CARTESIAN_POINT('',(4.592576418587,17.104225520988,
    9.797149061464));
#2286 = CARTESIAN_POINT('',(4.514887499605,17.142042006697,
    9.820859510486));
#2287 = CARTESIAN_POINT('',(4.438683678047,17.183758077885,
    9.843650185853));
#2288 = CARTESIAN_POINT('',(4.364214870695,17.229325338224,
    9.865479260008));
#2289 = CARTESIAN_POINT('',(4.291734676002,17.278672217301,
    9.886311520432));
#2290 = CARTESIAN_POINT('',(4.221497777929,17.33170074039,9.906118175885
    ));
#2291 = CARTESIAN_POINT('',(4.105602655716,17.428506187838,
    9.938211523598));
#2292 = CARTESIAN_POINT('',(4.058708597027,17.470525787067,
    9.951016939715));
#2293 = CARTESIAN_POINT('',(4.013165865473,17.514296412965,
    9.963284780132));
#2294 = CARTESIAN_POINT('',(3.96906317079,17.559766054253,9.975008866362
    ));
#2295 = CARTESIAN_POINT('',(3.926486730771,17.606876155284,
    9.986184717868));
#2296 = CARTESIAN_POINT('',(3.885519761358,17.655561400005,
    9.996809297642));
#2297 = CARTESIAN_POINT('',(3.793275952089,17.773428026379,
    10.020462098334));
#2298 = CARTESIAN_POINT('',(3.743379798739,17.843841833404,
    10.033038063966));
#2299 = CARTESIAN_POINT('',(3.696749993896,17.916812366487,
    10.04460385533));
#2300 = CARTESIAN_POINT('',(3.653566532607,17.992144026192,
    10.055159688453));
#2301 = CARTESIAN_POINT('',(3.613991612913,18.06962459454,10.06470918086
    ));
#2302 = CARTESIAN_POINT('',(3.578168331029,18.149025665393,
    10.073257737684));
#2303 = CARTESIAN_POINT('',(3.505396356862,18.333700351595,
    10.090462096674));
#2304 = CARTESIAN_POINT('',(3.470895195572,18.440043291429,
    10.098489058928));
#2305 = CARTESIAN_POINT('',(3.442974359737,18.548619778222,
    10.10490297465));
#2306 = CARTESIAN_POINT('',(3.421825723523,18.658897335553,
    10.109718891964));
#2307 = CARTESIAN_POINT('',(3.40758027167,18.770327133141,
    10.112948458719));
#2308 = CARTESIAN_POINT('',(3.400307358264,18.88234647042,
    10.114596998641));
#2309 = CARTESIAN_POINT('',(3.399777030926,19.080501516502,
    10.114717206437));
#2310 = CARTESIAN_POINT('',(3.403667184062,19.166636914608,
    10.113835384941));
#2311 = CARTESIAN_POINT('',(3.411678730443,19.25252665834,
    10.112019776217));
#2312 = CARTESIAN_POINT('',(3.423789785057,19.337914486375,
    10.10926824984));
#2313 = CARTESIAN_POINT('',(3.439955960342,19.422547832332,
    10.105576864149));
#2314 = CARTESIAN_POINT('',(3.460110498887,19.506178507783,
    10.100940464198));
#2315 = CARTESIAN_POINT('',(3.505283134938,19.660895246711,
    10.090447871488));
#2316 = CARTESIAN_POINT('',(3.529408223264,19.732268881605,
    10.084809450763));
#2317 = CARTESIAN_POINT('',(3.556479400254,19.802519971435,
    10.07843429259));
#2318 = CARTESIAN_POINT('',(3.586424148281,19.871490880635,
    10.071318194113));
#2319 = CARTESIAN_POINT('',(3.619158093217,19.939030973379,
    10.063457204447));
#2320 = CARTESIAN_POINT('',(3.654585394712,20.004996930383,
    10.054848354577));
#2321 = CARTESIAN_POINT('',(3.71959900841,20.114892020055,
    10.038843740324));
#2322 = CARTESIAN_POINT('',(3.747904083692,20.159668991001,
    10.031819171928));
#2323 = CARTESIAN_POINT('',(3.777476016962,20.203535614939,
    10.024416052591));
#2324 = CARTESIAN_POINT('',(3.808274326084,20.246446234394,
    10.016634296779));
#2325 = CARTESIAN_POINT('',(3.84025639214,20.288357898014,
    10.008474362894));
#2326 = CARTESIAN_POINT('',(3.873377459436,20.329230360572,
    9.999937253272));
#2327 = CARTESIAN_POINT('',(3.952197901729,20.420911893877,
    9.979404051792));
#2328 = CARTESIAN_POINT('',(3.998662379113,20.470968027669,
    9.967145018711));
#2329 = CARTESIAN_POINT('',(4.046880282435,20.519110984668,
    9.954251229113));
#2330 = CARTESIAN_POINT('',(4.096743965946,20.565267017225,
    9.940728269995));
#2331 = CARTESIAN_POINT('',(4.148142686226,20.60937169817,9.926583806652
    ));
#2332 = CARTESIAN_POINT('',(4.200963365041,20.651369489257,
    9.911827888153));
#2333 = CARTESIAN_POINT('',(4.334761043336,20.749858476908,
    9.873873131895));
#2334 = CARTESIAN_POINT('',(4.417265499201,20.803838959438,
    9.849975291467));
#2335 = CARTESIAN_POINT('',(4.50223842622,20.853004573828,9.82482001281)
  );
#2336 = CARTESIAN_POINT('',(4.589316815044,20.897251537766,
    9.798457750951));
#2337 = CARTESIAN_POINT('',(4.678144924075,20.936515864303,
    9.770948896539));
#2338 = CARTESIAN_POINT('',(4.768378262987,20.970766756155,
    9.742363537725));
#2339 = CARTESIAN_POINT('',(4.859687576257,21.,9.712781222039));
#2340 = PCURVE('',#38,#2341);
#2341 = DEFINITIONAL_REPRESENTATION('',(#2342),#2435);
#2342 = B_SPLINE_CURVE_WITH_KNOTS('',7,(#2343,#2344,#2345,#2346,#2347,
    #2348,#2349,#2350,#2351,#2352,#2353,#2354,#2355,#2356,#2357,#2358,
    #2359,#2360,#2361,#2362,#2363,#2364,#2365,#2366,#2367,#2368,#2369,
    #2370,#2371,#2372,#2373,#2374,#2375,#2376,#2377,#2378,#2379,#2380,
    #2381,#2382,#2383,#2384,#2385,#2386,#2387,#2388,#2389,#2390,#2391,
    #2392,#2393,#2394,#2395,#2396,#2397,#2398,#2399,#2400,#2401,#2402,
    #2403,#2404,#2405,#2406,#2407,#2408,#2409,#2410,#2411,#2412,#2413,
    #2414,#2415,#2416,#2417,#2418,#2419,#2420,#2421,#2422,#2423,#2424,
    #2425,#2426,#2427,#2428,#2429,#2430,#2431,#2432,#2433,#2434),
  .UNSPECIFIED.,.F.,.F.,(8,6,6,6,6,6,6,6,6,6,6,6,6,6,6,8),(0.,
    0.119731637117,0.169233884336,0.290043659589,0.364944473321,
    0.400648754635,0.460922659483,0.527131309125,0.574197106552,
    0.637665224799,0.718762095725,0.781102568432,0.835835943932,
    0.874711204846,0.925396914655,1.),.UNSPECIFIED.);
#2343 = CARTESIAN_POINT('',(0.922222222222,0.904761904762));
#2344 = CARTESIAN_POINT('',(0.922222222222,0.89688067624));
#2345 = CARTESIAN_POINT('',(0.92137677647,0.88899539684));
#2346 = CARTESIAN_POINT('',(0.919684385159,0.881232413753));
#2347 = CARTESIAN_POINT('',(0.9171859566,0.873694994935));
#2348 = CARTESIAN_POINT('',(0.913941144398,0.866466825108));
#2349 = CARTESIAN_POINT('',(0.910022427127,0.859614229673));
#2350 = CARTESIAN_POINT('',(0.903642936447,0.850530644292));
#2351 = CARTESIAN_POINT('',(0.901674261022,0.847945073787));
#2352 = CARTESIAN_POINT('',(0.899607844102,0.845433894401));
#2353 = CARTESIAN_POINT('',(0.897448507088,0.842999580038));
#2354 = CARTESIAN_POINT('',(0.895200945649,0.84064420229));
#2355 = CARTESIAN_POINT('',(0.892869665132,0.838369495406));
#2356 = CARTESIAN_POINT('',(0.88457550499,0.830825964426));
#2357 = CARTESIAN_POINT('',(0.878221190413,0.825966375385));
#2358 = CARTESIAN_POINT('',(0.871455014507,0.821615494974));
#2359 = CARTESIAN_POINT('',(0.864331785295,0.817788387536));
#2360 = CARTESIAN_POINT('',(0.856902867979,0.814497952439));
#2361 = CARTESIAN_POINT('',(0.849216262588,0.811756017277));
#2362 = CARTESIAN_POINT('',(0.836417866637,0.808223460439));
#2363 = CARTESIAN_POINT('',(0.831438585796,0.807087540175));
#2364 = CARTESIAN_POINT('',(0.826389398019,0.806170779235));
#2365 = CARTESIAN_POINT('',(0.821282063102,0.805476522682));
#2366 = CARTESIAN_POINT('',(0.816128915302,0.805008168135));
#2367 = CARTESIAN_POINT('',(0.810942950696,0.804769000536));
#2368 = CARTESIAN_POINT('',(0.803256738897,0.804758702688));
#2369 = CARTESIAN_POINT('',(0.800771264529,0.80480813702));
#2370 = CARTESIAN_POINT('',(0.798283004876,0.804910662294));
#2371 = CARTESIAN_POINT('',(0.795793528137,0.805066583214));
#2372 = CARTESIAN_POINT('',(0.793304457275,0.805276176809));
#2373 = CARTESIAN_POINT('',(0.790817470018,0.805539692437));
#2374 = CARTESIAN_POINT('',(0.784142352776,0.806393605927));
#2375 = CARTESIAN_POINT('',(0.77996126637,0.807084153204));
#2376 = CARTESIAN_POINT('',(0.775799418255,0.807930010431));
#2377 = CARTESIAN_POINT('',(0.771665668072,0.808931875967));
#2378 = CARTESIAN_POINT('',(0.767569324986,0.810090008991));
#2379 = CARTESIAN_POINT('',(0.763520116176,0.811404108775));
#2380 = CARTESIAN_POINT('',(0.755143134366,0.814486929571));
#2381 = CARTESIAN_POINT('',(0.750827083311,0.816287714605));
#2382 = CARTESIAN_POINT('',(0.746593537669,0.818274194185));
#2383 = CARTESIAN_POINT('',(0.742456381705,0.820444063725));
#2384 = CARTESIAN_POINT('',(0.738429704222,0.82279391511));
#2385 = CARTESIAN_POINT('',(0.734527654329,0.825319082876));
#2386 = CARTESIAN_POINT('',(0.728089036429,0.829928866088));
#2387 = CARTESIAN_POINT('',(0.725483810946,0.831929799384));
#2388 = CARTESIAN_POINT('',(0.722953659193,0.834014114903));
#2389 = CARTESIAN_POINT('',(0.720503509488,0.836179335917));
#2390 = CARTESIAN_POINT('',(0.71813815171,0.838422674061));
#2391 = CARTESIAN_POINT('',(0.715862208964,0.840741019048));
#2392 = CARTESIAN_POINT('',(0.710737552894,0.846353715542));
#2393 = CARTESIAN_POINT('',(0.707965544374,0.849706753972));
#2394 = CARTESIAN_POINT('',(0.705374999661,0.853181541261));
#2395 = CARTESIAN_POINT('',(0.702975918478,0.856768763152));
#2396 = CARTESIAN_POINT('',(0.700777311828,0.860458314026));
#2397 = CARTESIAN_POINT('',(0.698787129502,0.8642393174));
#2398 = CARTESIAN_POINT('',(0.694744242048,0.873033350076));
#2399 = CARTESIAN_POINT('',(0.692827510865,0.878097299592));
#2400 = CARTESIAN_POINT('',(0.691276353319,0.883267608487));
#2401 = CARTESIAN_POINT('',(0.690101429085,0.888518920741));
#2402 = CARTESIAN_POINT('',(0.689310015093,0.893825101578));
#2403 = CARTESIAN_POINT('',(0.688905964348,0.899159355734));
#2404 = CARTESIAN_POINT('',(0.688876501718,0.90859531031));
#2405 = CARTESIAN_POINT('',(0.689092621337,0.912696995934));
#2406 = CARTESIAN_POINT('',(0.689537707247,0.91678698373));
#2407 = CARTESIAN_POINT('',(0.690210543614,0.92085307078));
#2408 = CARTESIAN_POINT('',(0.691108664463,0.924883230111));
#2409 = CARTESIAN_POINT('',(0.692228361049,0.928865643228));
#2410 = CARTESIAN_POINT('',(0.694737951941,0.936233106986));
#2411 = CARTESIAN_POINT('',(0.696078234626,0.939631851505));
#2412 = CARTESIAN_POINT('',(0.697582188903,0.942977141497));
#2413 = CARTESIAN_POINT('',(0.699245786016,0.946261470506));
#2414 = CARTESIAN_POINT('',(0.701064338512,0.949477665399));
#2415 = CARTESIAN_POINT('',(0.703032521928,0.952618901447));
#2416 = CARTESIAN_POINT('',(0.706644389356,0.957852000955));
#2417 = CARTESIAN_POINT('',(0.708216893538,0.959984237667));
#2418 = CARTESIAN_POINT('',(0.70985977872,0.962073124521));
#2419 = CARTESIAN_POINT('',(0.711570795894,0.964116487352));
#2420 = CARTESIAN_POINT('',(0.713347577341,0.966112280858));
#2421 = CARTESIAN_POINT('',(0.715187636635,0.968058588599));
#2422 = CARTESIAN_POINT('',(0.719566550096,0.972424375899));
#2423 = CARTESIAN_POINT('',(0.722147909951,0.974808001318));
#2424 = CARTESIAN_POINT('',(0.724826682357,0.977100523079));
#2425 = CARTESIAN_POINT('',(0.727596886997,0.979298429392));
#2426 = CARTESIAN_POINT('',(0.730452371457,0.981398652294));
#2427 = CARTESIAN_POINT('',(0.733386853613,0.983398547107));
#2428 = CARTESIAN_POINT('',(0.740820057963,0.9880884989));
#2429 = CARTESIAN_POINT('',(0.745403638844,0.990658998068));
#2430 = CARTESIAN_POINT('',(0.750124357012,0.993000217801));
#2431 = CARTESIAN_POINT('',(0.75496204528,0.995107216084));
#2432 = CARTESIAN_POINT('',(0.759896940226,0.996976945919));
#2433 = CARTESIAN_POINT('',(0.764909903499,0.998607940769));
#2434 = CARTESIAN_POINT('',(0.769982643125,1.));
#2435 = ( GEOMETRIC_REPRESENTATION_CONTEXT(2) 
PARAMETRIC_REPRESENTATION_CONTEXT() REPRESENTATION_CONTEXT('2D SPACE',''
  ) );
#2436 = PCURVE('',#2220,#2437);
#2437 = DEFINITIONAL_REPRESENTATION('',(#2438),#2531);
#2438 = B_SPLINE_CURVE_WITH_KNOTS('',7,(#2439,#2440,#2441,#2442,#2443,
    #2444,#2445,#2446,#2447,#2448,#2449,#2450,#2451,#2452,#2453,#2454,
    #2455,#2456,#2457,#2458,#2459,#2460,#2461,#2462,#2463,#2464,#2465,
    #2466,#2467,#2468,#2469,#2470,#2471,#2472,#2473,#2474,#2475,#2476,
    #2477,#2478,#2479,#2480,#2481,#2482,#2483,#2484,#2485,#2486,#2487,
    #2488,#2489,#2490,#2491,#2492,#2493,#2494,#2495,#2496,#2497,#2498,
    #2499,#2500,#2501,#2502,#2503,#2504,#2505,#2506,#2507,#2508,#2509,
    #2510,#2511,#2512,#2513,#2514,#2515,#2516,#2517,#2518,#2519,#2520,
    #2521,#2522,#2523,#2524,#2525,#2526,#2527,#2528,#2529,#2530),
  .UNSPECIFIED.,.F.,.F.,(8,6,6,6,6,6,6,6,6,6,6,6,6,6,6,8),(0.,
    0.119731637117,0.169233884336,0.290043659589,0.364944473321,
    0.400648754635,0.460922659483,0.527131309125,0.574197106552,
    0.637665224799,0.718762095725,0.781102568432,0.835835943932,
    0.874711204846,0.925396914655,1.),.UNSPECIFIED.);
#2439 = CARTESIAN_POINT('',(6.28318530718,0.574666666667));
#2440 = CARTESIAN_POINT('',(6.204373021959,0.574666666667));
#2441 = CARTESIAN_POINT('',(6.125520312631,0.582377093739));
#2442 = CARTESIAN_POINT('',(6.047090430798,0.597811918155));
#2443 = CARTESIAN_POINT('',(5.969315317924,0.62049966321));
#2444 = CARTESIAN_POINT('',(5.892355430138,0.649703982253));
#2445 = CARTESIAN_POINT('',(5.816322868641,0.684541388179));
#2446 = CARTESIAN_POINT('',(5.71029833265,0.740419309644));
#2447 = CARTESIAN_POINT('',(5.679443812515,0.757575186021));
#2448 = CARTESIAN_POINT('',(5.648745786971,0.775482028112));
#2449 = CARTESIAN_POINT('',(5.618200364417,0.794080222543));
#2450 = CARTESIAN_POINT('',(5.587801859368,0.813311509082));
#2451 = CARTESIAN_POINT('',(5.557542891081,0.833119769654));
#2452 = CARTESIAN_POINT('',(5.45388637971,0.903071991251));
#2453 = CARTESIAN_POINT('',(5.381165692804,0.95579144053));
#2454 = CARTESIAN_POINT('',(5.309077369195,1.010860853509));
#2455 = CARTESIAN_POINT('',(5.23746591218,1.067589040928));
#2456 = CARTESIAN_POINT('',(5.166181248948,1.125350731211));
#2457 = CARTESIAN_POINT('',(5.095062775145,1.183592499295));
#2458 = CARTESIAN_POINT('',(4.979814766322,1.27794771235));
#2459 = CARTESIAN_POINT('',(4.935707751444,1.314052503946));
#2460 = CARTESIAN_POINT('',(4.891562137967,1.350032022661));
#2461 = CARTESIAN_POINT('',(4.847343706749,1.385770946917));
#2462 = CARTESIAN_POINT('',(4.803021466579,1.421158476979));
#2463 = CARTESIAN_POINT('',(4.758566708158,1.456088997187));
#2464 = CARTESIAN_POINT('',(4.692684812254,1.506848270698));
#2465 = CARTESIAN_POINT('',(4.671381538681,1.523107072344));
#2466 = CARTESIAN_POINT('',(4.65003952014,1.539228137847));
#2467 = CARTESIAN_POINT('',(4.62865624469,1.55520072061));
#2468 = CARTESIAN_POINT('',(4.607229405658,1.571014332717));
#2469 = CARTESIAN_POINT('',(4.585756901642,1.586658744932));
#2470 = CARTESIAN_POINT('',(4.527907905904,1.628231514323));
#2471 = CARTESIAN_POINT('',(4.491443255456,1.653828601708));
#2472 = CARTESIAN_POINT('',(4.454834214594,1.678867124978));
#2473 = CARTESIAN_POINT('',(4.418073781983,1.703301414792));
#2474 = CARTESIAN_POINT('',(4.381156805334,1.727088659537));
#2475 = CARTESIAN_POINT('',(4.344080161223,1.750189308519));
#2476 = CARTESIAN_POINT('',(4.26593922247,1.797149061464));
#2477 = CARTESIAN_POINT('',(4.224840726068,1.820859510486));
#2478 = CARTESIAN_POINT('',(4.183547824571,1.843650185853));
#2479 = CARTESIAN_POINT('',(4.142062162876,1.865479260008));
#2480 = CARTESIAN_POINT('',(4.100387413778,1.886311520432));
#2481 = CARTESIAN_POINT('',(4.058530039837,1.906118175885));
#2482 = CARTESIAN_POINT('',(3.986622165404,1.938211523598));
#2483 = CARTESIAN_POINT('',(3.956656511023,1.951016939715));
#2484 = CARTESIAN_POINT('',(3.92660663734,1.963284780132));
#2485 = CARTESIAN_POINT('',(3.896476107057,1.975008866362));
#2486 = CARTESIAN_POINT('',(3.866268703123,1.986184717868));
#2487 = CARTESIAN_POINT('',(3.835988631505,1.996809297642));
#2488 = CARTESIAN_POINT('',(3.764716641285,2.020462098334));
#2489 = CARTESIAN_POINT('',(3.723667758077,2.033038063966));
#2490 = CARTESIAN_POINT('',(3.682506790535,2.04460385533));
#2491 = CARTESIAN_POINT('',(3.641244867513,2.055159688453));
#2492 = CARTESIAN_POINT('',(3.599892609587,2.06470918086));
#2493 = CARTESIAN_POINT('',(3.558461208134,2.073257737684));
#2494 = CARTESIAN_POINT('',(3.463939497772,2.090462096674));
#2495 = CARTESIAN_POINT('',(3.410802761296,2.098489058928));
#2496 = CARTESIAN_POINT('',(3.357581675412,2.10490297465));
#2497 = CARTESIAN_POINT('',(3.304297795982,2.109718891964));
#2498 = CARTESIAN_POINT('',(3.250969934364,2.112948458719));
#2499 = CARTESIAN_POINT('',(3.197618338123,2.114596998641));
#2500 = CARTESIAN_POINT('',(3.103258454435,2.114717206437));
#2501 = CARTESIAN_POINT('',(3.062246698912,2.113835384941));
#2502 = CARTESIAN_POINT('',(3.021244521055,2.112019776217));
#2503 = CARTESIAN_POINT('',(2.980261246209,2.10926824984));
#2504 = CARTESIAN_POINT('',(2.939305820832,2.105576864149));
#2505 = CARTESIAN_POINT('',(2.898387923517,2.100940464198));
#2506 = CARTESIAN_POINT('',(2.821637250298,2.090447871488));
#2507 = CARTESIAN_POINT('',(2.785792203631,2.084809450763));
#2508 = CARTESIAN_POINT('',(2.749991630304,2.07843429259));
#2509 = CARTESIAN_POINT('',(2.714242517105,2.071318194113));
#2510 = CARTESIAN_POINT('',(2.678551690527,2.063457204447));
#2511 = CARTESIAN_POINT('',(2.642926363975,2.054848354577));
#2512 = CARTESIAN_POINT('',(2.582123532743,2.038843740324));
#2513 = CARTESIAN_POINT('',(2.556909258596,2.031819171928));
#2514 = CARTESIAN_POINT('',(2.531734531797,2.024416052591));
#2515 = CARTESIAN_POINT('',(2.5066019695,2.016634296779));
#2516 = CARTESIAN_POINT('',(2.481514136752,2.008474362894));
#2517 = CARTESIAN_POINT('',(2.456473546492,1.999937253272));
#2518 = CARTESIAN_POINT('',(2.39889944818,1.979404051792));
#2519 = CARTESIAN_POINT('',(2.366400377158,1.967145018711));
#2520 = CARTESIAN_POINT('',(2.333991284224,1.954251229113));
#2521 = CARTESIAN_POINT('',(2.301677069662,1.940728269995));
#2522 = CARTESIAN_POINT('',(2.269461971992,1.926583806652));
#2523 = CARTESIAN_POINT('',(2.237349843651,1.911827888153));
#2524 = CARTESIAN_POINT('',(2.15823641808,1.873873131895));
#2525 = CARTESIAN_POINT('',(2.111358199949,1.849975291467));
#2526 = CARTESIAN_POINT('',(2.064721478335,1.82482001281));
#2527 = CARTESIAN_POINT('',(2.018332053962,1.798457750951));
#2528 = CARTESIAN_POINT('',(1.972190963887,1.770948896539));
#2529 = CARTESIAN_POINT('',(1.926295623171,1.742363537725));
#2530 = CARTESIAN_POINT('',(1.880640966537,1.712781222039));
#2531 = ( GEOMETRIC_REPRESENTATION_CONTEXT(2) 
PARAMETRIC_REPRESENTATION_CONTEXT() REPRESENTATION_CONTEXT('2D SPACE',''
  ) );
#2532 = ORIENTED_EDGE('',*,*,#2533,.F.);
#2533 = EDGE_CURVE('',#2534,#2244,#2536,.T.);
#2534 = VERTEX_POINT('',#2535);
#2535 = CARTESIAN_POINT('',(-4.859687576257,21.,9.712781222039));
#2536 = SURFACE_CURVE('',#2537,(#2541,#2548),.PCURVE_S1.);
#2537 = B_SPLINE_CURVE_WITH_KNOTS('',2,(#2538,#2539,#2540),
  .UNSPECIFIED.,.F.,.F.,(3,3),(0.,1.),.PIECEWISE_BEZIER_KNOTS.);
#2538 = CARTESIAN_POINT('',(-9.,21.,7.8));
#2539 = CARTESIAN_POINT('',(0.,21.,13.2));
#2540 = CARTESIAN_POINT('',(9.,21.,7.8));
#2541 = PCURVE('',#38,#2542);
#2542 = DEFINITIONAL_REPRESENTATION('',(#2543),#2547);
#2543 = LINE('',#2544,#2545);
#2544 = CARTESIAN_POINT('',(0.,1.));
#2545 = VECTOR('',#2546,1.);
#2546 = DIRECTION('',(1.,0.));
#2547 = ( GEOMETRIC_REPRESENTATION_CONTEXT(2) 
PARAMETRIC_REPRESENTATION_CONTEXT() REPRESENTATION_CONTEXT('2D SPACE',''
  ) );
#2548 = PCURVE('',#2162,#2549);
#2549 = DEFINITIONAL_REPRESENTATION('',(#2550),#2554);
#2550 = LINE('',#2551,#2552);
#2551 = CARTESIAN_POINT('',(0.,0.));
#2552 = VECTOR('',#2553,1.);
#2553 = DIRECTION('',(1.,0.));
#2554 = ( GEOMETRIC_REPRESENTATION_CONTEXT(2) 
PARAMETRIC_REPRESENTATION_CONTEXT() REPRESENTATION_CONTEXT('2D SPACE',''
  ) );
#2555 = ORIENTED_EDGE('',*,*,#2556,.T.);
#2556 = EDGE_CURVE('',#2534,#2557,#2559,.T.);
#2557 = VERTEX_POINT('',#2558);
#2558 = CARTESIAN_POINT('',(-3.4,19.,10.114666666667));
#2559 = SURFACE_CURVE('',#2560,(#2583,#2609),.PCURVE_S1.);
#2560 = B_SPLINE_CURVE_WITH_KNOTS('',6,(#2561,#2562,#2563,#2564,#2565,
    #2566,#2567,#2568,#2569,#2570,#2571,#2572,#2573,#2574,#2575,#2576,
    #2577,#2578,#2579,#2580,#2581,#2582),.UNSPECIFIED.,.F.,.F.,(7,5,5,5,
    7),(0.,0.265708266708,0.444541003358,0.584620919127,1.),
  .UNSPECIFIED.);
#2561 = CARTESIAN_POINT('',(-4.859687576257,21.,9.712781222039));
#2562 = CARTESIAN_POINT('',(-4.753206411385,20.965909393619,
    9.747278901641));
#2563 = CARTESIAN_POINT('',(-4.648230325908,20.924800202621,
    9.780382047665));
#2564 = CARTESIAN_POINT('',(-4.545334736668,20.876679787415,
    9.811951644294));
#2565 = CARTESIAN_POINT('',(-4.445130565288,20.821617425807,
    9.841870700194));
#2566 = CARTESIAN_POINT('',(-4.348250323112,20.759767392917,
    9.870045084473));
#2567 = CARTESIAN_POINT('',(-4.192797770508,20.645372579861,
    9.914145255338));
#2568 = CARTESIAN_POINT('',(-4.132055411809,20.596396173804,
    9.931064336387));
#2569 = CARTESIAN_POINT('',(-4.073301889311,20.544542755328,
    9.947139962967));
#2570 = CARTESIAN_POINT('',(-4.016728475856,20.489911239339,
    9.96235651468));
#2571 = CARTESIAN_POINT('',(-3.962520404599,20.432620972019,
    9.976703380895));
#2572 = CARTESIAN_POINT('',(-3.87038421882,20.325965657769,
    10.000725460942));
#2573 = CARTESIAN_POINT('',(-3.831473160796,20.27757291303,
    10.010739338589));
#2574 = CARTESIAN_POINT('',(-3.794206200121,20.227702600119,
    10.020212719204));
#2575 = CARTESIAN_POINT('',(-3.758663187445,20.176428987848,
    10.029144074001));
#2576 = CARTESIAN_POINT('',(-3.724918775617,20.123832959079,
    10.037533207237));
#2577 = CARTESIAN_POINT('',(-3.598519437173,19.910377058566,
    10.068653081817));
#2578 = CARTESIAN_POINT('',(-3.520392317573,19.73984458925,
    10.087173473914));
#2579 = CARTESIAN_POINT('',(-3.460538151046,19.560770557619,
    10.100944960684));
#2580 = CARTESIAN_POINT('',(-3.420172459081,19.375829374892,
    10.110094179585));
#2581 = CARTESIAN_POINT('',(-3.4,19.1878867348,10.114666666667));
#2582 = CARTESIAN_POINT('',(-3.4,19.,10.114666666667));
#2583 = PCURVE('',#38,#2584);
#2584 = DEFINITIONAL_REPRESENTATION('',(#2585),#2608);
#2585 = B_SPLINE_CURVE_WITH_KNOTS('',6,(#2586,#2587,#2588,#2589,#2590,
    #2591,#2592,#2593,#2594,#2595,#2596,#2597,#2598,#2599,#2600,#2601,
    #2602,#2603,#2604,#2605,#2606,#2607),.UNSPECIFIED.,.F.,.F.,(7,5,5,5,
    7),(0.,0.265708266708,0.444541003358,0.584620919127,1.),
  .UNSPECIFIED.);
#2586 = CARTESIAN_POINT('',(0.230017356875,1.));
#2587 = CARTESIAN_POINT('',(0.235932977145,0.998376637791));
#2588 = CARTESIAN_POINT('',(0.241764981894,0.996419057268));
#2589 = CARTESIAN_POINT('',(0.247481403518,0.994127608925));
#2590 = CARTESIAN_POINT('',(0.253048301928,0.991505591705));
#2591 = CARTESIAN_POINT('',(0.258430537605,0.988560352044));
#2592 = CARTESIAN_POINT('',(0.267066790527,0.983112979993));
#2593 = CARTESIAN_POINT('',(0.270441366011,0.980780770181));
#2594 = CARTESIAN_POINT('',(0.273705450594,0.978311559778));
#2595 = CARTESIAN_POINT('',(0.276848418008,0.975710059016));
#2596 = CARTESIAN_POINT('',(0.279859977522,0.972981951049));
#2597 = CARTESIAN_POINT('',(0.28497865451,0.96790312656));
#2598 = CARTESIAN_POINT('',(0.287140379956,0.965598710144));
#2599 = CARTESIAN_POINT('',(0.28921076666,0.963223933339));
#2600 = CARTESIAN_POINT('',(0.291185378475,0.960782332755));
#2601 = CARTESIAN_POINT('',(0.293060068021,0.958277759956));
#2602 = CARTESIAN_POINT('',(0.30008225349,0.948113193265));
#2603 = CARTESIAN_POINT('',(0.304422649024,0.939992599488));
#2604 = CARTESIAN_POINT('',(0.307747880497,0.931465264649));
#2605 = CARTESIAN_POINT('',(0.30999041894,0.922658541662));
#2606 = CARTESIAN_POINT('',(0.311111111111,0.913708892133));
#2607 = CARTESIAN_POINT('',(0.311111111111,0.904761904762));
#2608 = ( GEOMETRIC_REPRESENTATION_CONTEXT(2) 
PARAMETRIC_REPRESENTATION_CONTEXT() REPRESENTATION_CONTEXT('2D SPACE',''
  ) );
#2609 = PCURVE('',#2610,#2615);
#2610 = CYLINDRICAL_SURFACE('',#2611,2.1);
#2611 = AXIS2_PLACEMENT_3D('',#2612,#2613,#2614);
#2612 = CARTESIAN_POINT('',(-5.5,19.,8.));
#2613 = DIRECTION('',(0.,0.,1.));
#2614 = DIRECTION('',(1.,0.,-0.));
#2615 = DEFINITIONAL_REPRESENTATION('',(#2616),#2639);
#2616 = B_SPLINE_CURVE_WITH_KNOTS('',6,(#2617,#2618,#2619,#2620,#2621,
    #2622,#2623,#2624,#2625,#2626,#2627,#2628,#2629,#2630,#2631,#2632,
    #2633,#2634,#2635,#2636,#2637,#2638),.UNSPECIFIED.,.F.,.F.,(7,5,5,5,
    7),(0.,0.265708266708,0.444541003358,0.584620919127,1.),
  .UNSPECIFIED.);
#2617 = CARTESIAN_POINT('',(1.260951687053,1.712781222039));
#2618 = CARTESIAN_POINT('',(1.207711104617,1.747278901641));
#2619 = CARTESIAN_POINT('',(1.154133871112,1.780382047665));
#2620 = CARTESIAN_POINT('',(1.100211120062,1.811951644294));
#2621 = CARTESIAN_POINT('',(1.04593977162,1.841870700194));
#2622 = CARTESIAN_POINT('',(0.991326518327,1.870045084473));
#2623 = CARTESIAN_POINT('',(0.899418463408,1.914145255338));
#2624 = CARTESIAN_POINT('',(0.862298633544,1.931064336387));
#2625 = CARTESIAN_POINT('',(0.825038656482,1.947139962967));
#2626 = CARTESIAN_POINT('',(0.787645130832,1.96235651468));
#2627 = CARTESIAN_POINT('',(0.750125836157,1.976703380895));
#2628 = CARTESIAN_POINT('',(0.683010960549,2.000725460942));
#2629 = CARTESIAN_POINT('',(0.653459872376,2.010739338589));
#2630 = CARTESIAN_POINT('',(0.623841832685,2.020212719204));
#2631 = CARTESIAN_POINT('',(0.594161416484,2.029144074001));
#2632 = CARTESIAN_POINT('',(0.564423327115,2.037533207237));
#2633 = CARTESIAN_POINT('',(0.446293326256,2.068653081817));
#2634 = CARTESIAN_POINT('',(0.357463550021,2.087173473914));
#2635 = CARTESIAN_POINT('',(0.26832426661,2.100944960684));
#2636 = CARTESIAN_POINT('',(0.178965986806,2.110094179585));
#2637 = CARTESIAN_POINT('',(8.946987371412E-02,2.114666666667));
#2638 = CARTESIAN_POINT('',(0.,2.114666666667));
#2639 = ( GEOMETRIC_REPRESENTATION_CONTEXT(2) 
PARAMETRIC_REPRESENTATION_CONTEXT() REPRESENTATION_CONTEXT('2D SPACE',''
  ) );
#2640 = ORIENTED_EDGE('',*,*,#2641,.T.);
#2641 = EDGE_CURVE('',#2557,#2642,#2644,.T.);
#2642 = VERTEX_POINT('',#2643);
#2643 = CARTESIAN_POINT('',(-6.140312423743,21.,9.243218777961));
#2644 = SURFACE_CURVE('',#2645,(#2726,#2810),.PCURVE_S1.);
#2645 = B_SPLINE_CURVE_WITH_KNOTS('',7,(#2646,#2647,#2648,#2649,#2650,
    #2651,#2652,#2653,#2654,#2655,#2656,#2657,#2658,#2659,#2660,#2661,
    #2662,#2663,#2664,#2665,#2666,#2667,#2668,#2669,#2670,#2671,#2672,
    #2673,#2674,#2675,#2676,#2677,#2678,#2679,#2680,#2681,#2682,#2683,
    #2684,#2685,#2686,#2687,#2688,#2689,#2690,#2691,#2692,#2693,#2694,
    #2695,#2696,#2697,#2698,#2699,#2700,#2701,#2702,#2703,#2704,#2705,
    #2706,#2707,#2708,#2709,#2710,#2711,#2712,#2713,#2714,#2715,#2716,
    #2717,#2718,#2719,#2720,#2721,#2722,#2723,#2724,#2725),
  .UNSPECIFIED.,.F.,.F.,(8,6,6,6,6,6,6,6,6,6,6,6,6,8),(0.,0.142191885669
    ,0.189143640079,0.255156794842,0.31497550264,0.350122485904,
    0.426470564243,0.50927542599,0.592471103567,0.659490695005,
    0.711678674088,0.765033223229,0.831643315895,1.),.UNSPECIFIED.);
#2646 = CARTESIAN_POINT('',(-3.4,19.,10.114666666667));
#2647 = CARTESIAN_POINT('',(-3.4,18.801601273123,10.114666666667));
#2648 = CARTESIAN_POINT('',(-3.421868046421,18.603088039523,
    10.109709873717));
#2649 = CARTESIAN_POINT('',(-3.465647771992,18.407798302071,
    10.099786671603));
#2650 = CARTESIAN_POINT('',(-3.530618585648,18.2188329933,
    10.084858486081));
#2651 = CARTESIAN_POINT('',(-3.615532467765,18.039052300544,
    10.064807298054));
#2652 = CARTESIAN_POINT('',(-3.718616171738,17.871053403116,
    10.039534018462));
#2653 = CARTESIAN_POINT('',(-3.876718629492,17.666176803762,
    9.999086431323));
#2654 = CARTESIAN_POINT('',(-3.917692572678,17.616833510088,
    9.988484210832));
#2655 = CARTESIAN_POINT('',(-3.960313167662,17.569078896709,
    9.977321931954));
#2656 = CARTESIAN_POINT('',(-4.004495718793,17.522980576622,
    9.96560252094));
#2657 = CARTESIAN_POINT('',(-4.050152355267,17.478599216659,
    9.953330375726));
#2658 = CARTESIAN_POINT('',(-4.097192558779,17.43598875312,
    9.940511634488));
#2659 = CARTESIAN_POINT('',(-4.213476221703,17.337843729712,
    9.908374522518));
#2660 = CARTESIAN_POINT('',(-4.283982531767,17.284083752772,
    9.888529727511));
#2661 = CARTESIAN_POINT('',(-4.3567843905,17.234048958306,9.867642635127
    ));
#2662 = CARTESIAN_POINT('',(-4.431621756661,17.187841078385,9.8457422117
    ));
#2663 = CARTESIAN_POINT('',(-4.508235483854,17.145534609544,
    9.822864034219));
#2664 = CARTESIAN_POINT('',(-4.586370025739,17.107180126891,
    9.799050510606));
#2665 = CARTESIAN_POINT('',(-4.737731060482,17.041660469199,
    9.751969396965));
#2666 = CARTESIAN_POINT('',(-4.810731761591,17.013782307076,
    9.728859726578));
#2667 = CARTESIAN_POINT('',(-4.884594608883,16.989194527492,
    9.705058061106));
#2668 = CARTESIAN_POINT('',(-4.959142942995,16.967904027683,
    9.680604085948));
#2669 = CARTESIAN_POINT('',(-5.034207666051,16.94990575349,
    9.655540793812));
#2670 = CARTESIAN_POINT('',(-5.109627826832,16.935185266381,
    9.629914078891));
#2671 = CARTESIAN_POINT('',(-5.229684356338,16.916985567048,
    9.588412527931));
#2672 = CARTESIAN_POINT('',(-5.274187769766,16.911374107472,
    9.572874862454));
#2673 = CARTESIAN_POINT('',(-5.318730724634,16.906882407762,
    9.557169119579));
#2674 = CARTESIAN_POINT('',(-5.363283471107,16.90350536787,
    9.541305335799));
#2675 = CARTESIAN_POINT('',(-5.407817231109,16.901237311663,
    9.525293799132));
#2676 = CARTESIAN_POINT('',(-5.452304198325,16.900071986929,
    9.509145049123));
#2677 = CARTESIAN_POINT('',(-5.593194471265,16.899851764308,
    9.457516113508));
#2678 = CARTESIAN_POINT('',(-5.689320726268,16.904872481355,
    9.421566917895));
#2679 = CARTESIAN_POINT('',(-5.784825773742,16.914996079957,
    9.385130886963));
#2680 = CARTESIAN_POINT('',(-5.879454240328,16.930147248423,
    9.348323223381));
#2681 = CARTESIAN_POINT('',(-5.972964094914,16.950248003448,
    9.311264970606));
#2682 = CARTESIAN_POINT('',(-6.065124834777,16.97522169364,
    9.274082247944));
#2683 = CARTESIAN_POINT('',(-6.253967807107,17.037290420675,
    9.196584671659));
#2684 = CARTESIAN_POINT('',(-6.350364200654,17.075228829003,
    9.156274629577));
#2685 = CARTESIAN_POINT('',(-6.444628329331,17.118722152596,
    9.116139750928));
#2686 = CARTESIAN_POINT('',(-6.536475698962,17.16768170491,
    9.076359236313));
#2687 = CARTESIAN_POINT('',(-6.625612545353,17.222018545041,
    9.037126592382));
#2688 = CARTESIAN_POINT('',(-6.711734535417,17.281641834468,
    8.998649128822));
#2689 = CARTESIAN_POINT('',(-6.87770715127,17.411578463539,
    8.923468784458));
#2690 = CARTESIAN_POINT('',(-6.95751508238,17.481932665157,
    8.886780361942));
#2691 = CARTESIAN_POINT('',(-7.033629693372,17.557421775182,
    8.851304727761));
#2692 = CARTESIAN_POINT('',(-7.105689497064,17.637923888815,
    8.817292802857));
#2693 = CARTESIAN_POINT('',(-7.17330152025,17.723278234904,
    8.785016596168));
#2694 = CARTESIAN_POINT('',(-7.236051736612,17.813270190915,
    8.754761911638));
#2695 = CARTESIAN_POINT('',(-7.339806341069,17.983618293778,
    8.704312857254));
#2696 = CARTESIAN_POINT('',(-7.382665194387,18.062443113473,
    8.68330674908));
#2697 = CARTESIAN_POINT('',(-7.421862547535,18.143928332873,
    8.663958785966));
#2698 = CARTESIAN_POINT('',(-7.45716711417,18.227874171183,
    8.646425975067));
#2699 = CARTESIAN_POINT('',(-7.488353404199,18.314038048505,
    8.630860639656));
#2700 = CARTESIAN_POINT('',(-7.515214219755,18.402127549453,
    8.617401845776));
#2701 = CARTESIAN_POINT('',(-7.554992752891,18.561613102593,
    8.597412925824));
#2702 = CARTESIAN_POINT('',(-7.569681744058,18.6323941026,8.590008016988
    ));
#2703 = CARTESIAN_POINT('',(-7.581562664246,18.703964600165,
    8.58400395454));
#2704 = CARTESIAN_POINT('',(-7.590569755329,18.776144051145,
    8.579444509548));
#2705 = CARTESIAN_POINT('',(-7.596656391212,18.848741765929,
    8.576360728089));
#2706 = CARTESIAN_POINT('',(-7.599797582172,18.921557115463,
    8.574769224933));
#2707 = CARTESIAN_POINT('',(-7.600191732782,19.068830180112,
    8.574569522155));
#2708 = CARTESIAN_POINT('',(-7.597311517147,19.143296703617,
    8.576028793491));
#2709 = CARTESIAN_POINT('',(-7.591350484681,19.217554162945,
    8.579049276792));
#2710 = CARTESIAN_POINT('',(-7.58233377604,19.291387732423,8.58361425399
    ));
#2711 = CARTESIAN_POINT('',(-7.570310284045,19.364593179028,
    8.589691168915));
#2712 = CARTESIAN_POINT('',(-7.555349917581,19.436977135863,
    8.597233492842));
#2713 = CARTESIAN_POINT('',(-7.515307286035,19.597471508612,
    8.617355024284));
#2714 = CARTESIAN_POINT('',(-7.48863172876,19.685029709513,
    8.630721110849));
#2715 = CARTESIAN_POINT('',(-7.457682577857,19.77068753585,
    8.646168615111));
#2716 = CARTESIAN_POINT('',(-7.422663071462,19.854157571984,
    8.663561134741));
#2717 = CARTESIAN_POINT('',(-7.383794395774,19.935201070677,
    8.682749265774));
#2718 = CARTESIAN_POINT('',(-7.341303539362,20.013621131503,
    8.703578933923));
#2719 = CARTESIAN_POINT('',(-7.17943514244,20.280427756344,
    8.782305419113));
#2720 = CARTESIAN_POINT('',(-7.041954852679,20.453485055721,
    8.848124281464));
#2721 = CARTESIAN_POINT('',(-6.886355627685,20.606592767029,
    8.921010859583));
#2722 = CARTESIAN_POINT('',(-6.7157575099,20.738552320783,8.99873918937)
  );
#2723 = CARTESIAN_POINT('',(-6.532971995853,20.848517375451,
    9.079365366667));
#2724 = CARTESIAN_POINT('',(-6.340489238973,20.935912149132,
    9.161275565594));
#2725 = CARTESIAN_POINT('',(-6.140312423743,21.,9.243218777961));
#2726 = PCURVE('',#38,#2727);
#2727 = DEFINITIONAL_REPRESENTATION('',(#2728),#2809);
#2728 = B_SPLINE_CURVE_WITH_KNOTS('',7,(#2729,#2730,#2731,#2732,#2733,
    #2734,#2735,#2736,#2737,#2738,#2739,#2740,#2741,#2742,#2743,#2744,
    #2745,#2746,#2747,#2748,#2749,#2750,#2751,#2752,#2753,#2754,#2755,
    #2756,#2757,#2758,#2759,#2760,#2761,#2762,#2763,#2764,#2765,#2766,
    #2767,#2768,#2769,#2770,#2771,#2772,#2773,#2774,#2775,#2776,#2777,
    #2778,#2779,#2780,#2781,#2782,#2783,#2784,#2785,#2786,#2787,#2788,
    #2789,#2790,#2791,#2792,#2793,#2794,#2795,#2796,#2797,#2798,#2799,
    #2800,#2801,#2802,#2803,#2804,#2805,#2806,#2807,#2808),
  .UNSPECIFIED.,.F.,.F.,(8,6,6,6,6,6,6,6,6,6,6,6,6,8),(0.,0.142191885669
    ,0.189143640079,0.255156794842,0.31497550264,0.350122485904,
    0.426470564243,0.50927542599,0.592471103567,0.659490695005,
    0.711678674088,0.765033223229,0.831643315895,1.),.UNSPECIFIED.);
#2729 = CARTESIAN_POINT('',(0.311111111111,0.904761904762));
#2730 = CARTESIAN_POINT('',(0.311111111111,0.895314346339));
#2731 = CARTESIAN_POINT('',(0.309896219643,0.885861335215));
#2732 = CARTESIAN_POINT('',(0.307464012667,0.876561823908));
#2733 = CARTESIAN_POINT('',(0.30385452302,0.867563475871));
#2734 = CARTESIAN_POINT('',(0.299137085124,0.859002490502));
#2735 = CARTESIAN_POINT('',(0.293410212681,0.851002543006));
#2736 = CARTESIAN_POINT('',(0.284626742806,0.841246514465));
#2737 = CARTESIAN_POINT('',(0.282350412629,0.838896833814));
#2738 = CARTESIAN_POINT('',(0.279982601797,0.836622804605));
#2739 = CARTESIAN_POINT('',(0.277528015623,0.834427646506));
#2740 = CARTESIAN_POINT('',(0.274991535819,0.832314248412));
#2741 = CARTESIAN_POINT('',(0.272378191179,0.83028517872));
#2742 = CARTESIAN_POINT('',(0.265917987683,0.825611606177));
#2743 = CARTESIAN_POINT('',(0.262000970457,0.823051607275));
#2744 = CARTESIAN_POINT('',(0.25795642275,0.820668998015));
#2745 = CARTESIAN_POINT('',(0.253798791297,0.81846862278));
#2746 = CARTESIAN_POINT('',(0.249542473119,0.816454029026));
#2747 = CARTESIAN_POINT('',(0.245201665237,0.81462762509));
#2748 = CARTESIAN_POINT('',(0.236792718862,0.81150764139));
#2749 = CARTESIAN_POINT('',(0.232737124356,0.810180109861));
#2750 = CARTESIAN_POINT('',(0.22863363284,0.809009263214));
#2751 = CARTESIAN_POINT('',(0.224492058723,0.80799542989));
#2752 = CARTESIAN_POINT('',(0.22032179633,0.807138369214));
#2753 = CARTESIAN_POINT('',(0.216131787398,0.806437393637));
#2754 = CARTESIAN_POINT('',(0.209461980203,0.805570741288));
#2755 = CARTESIAN_POINT('',(0.206989568346,0.805303528927));
#2756 = CARTESIAN_POINT('',(0.204514959743,0.805089638465));
#2757 = CARTESIAN_POINT('',(0.202039807161,0.804928827041));
#2758 = CARTESIAN_POINT('',(0.199565709383,0.804820824365));
#2759 = CARTESIAN_POINT('',(0.197094211204,0.804765332711));
#2760 = CARTESIAN_POINT('',(0.189266973819,0.804754845919));
#2761 = CARTESIAN_POINT('',(0.183926626318,0.804993927684));
#2762 = CARTESIAN_POINT('',(0.178620790348,0.805476003807));
#2763 = CARTESIAN_POINT('',(0.173363653315,0.80619748802));
#2764 = CARTESIAN_POINT('',(0.168168661394,0.807154666831));
#2765 = CARTESIAN_POINT('',(0.16304862029,0.808343890173));
#2766 = CARTESIAN_POINT('',(0.15255734405,0.811299543842));
#2767 = CARTESIAN_POINT('',(0.147201988853,0.813106134714));
#2768 = CARTESIAN_POINT('',(0.141965092815,0.815177245362));
#2769 = CARTESIAN_POINT('',(0.136862461169,0.817508652615));
#2770 = CARTESIAN_POINT('',(0.131910414147,0.820096121192));
#2771 = CARTESIAN_POINT('',(0.127125859144,0.822935325451));
#2772 = CARTESIAN_POINT('',(0.117905158263,0.829122783978));
#2773 = CARTESIAN_POINT('',(0.113471384312,0.832472984055));
#2774 = CARTESIAN_POINT('',(0.109242794813,0.83606770358));
#2775 = CARTESIAN_POINT('',(0.105239472385,0.839901137563));
#2776 = CARTESIAN_POINT('',(0.101483248875,0.843965630234));
#2777 = CARTESIAN_POINT('',(9.79971257438E-02,0.848250961472));
#2778 = CARTESIAN_POINT('',(9.223298105174E-02,0.856362775894));
#2779 = CARTESIAN_POINT('',(8.985193364515E-02,0.860116338737));
#2780 = CARTESIAN_POINT('',(8.76743029147E-02,0.86399658728));
#2781 = CARTESIAN_POINT('',(8.571293810169E-02,0.867994008152));
#2782 = CARTESIAN_POINT('',(8.398036643337E-02,0.872097049929));
#2783 = CARTESIAN_POINT('',(8.24880989025E-02,0.876291788069));
#2784 = CARTESIAN_POINT('',(8.027818039495E-02,0.883886338219));
#2785 = CARTESIAN_POINT('',(7.946212533011E-02,0.887256862029));
#2786 = CARTESIAN_POINT('',(7.880207420853E-02,0.89066498096));
#2787 = CARTESIAN_POINT('',(7.83016802595E-02,0.894102097674));
#2788 = CARTESIAN_POINT('',(7.796353382153E-02,0.897559131711));
#2789 = CARTESIAN_POINT('',(7.778902321264E-02,0.901026529308));
#2790 = CARTESIAN_POINT('',(7.776712595654E-02,0.908039532386));
#2791 = CARTESIAN_POINT('',(7.792713793629E-02,0.911585557315));
#2792 = CARTESIAN_POINT('',(7.825830640662E-02,0.915121626807));
#2793 = CARTESIAN_POINT('',(7.875923466443E-02,0.918637511068));
#2794 = CARTESIAN_POINT('',(7.942720644197E-02,0.922123484716));
#2795 = CARTESIAN_POINT('',(8.025833791217E-02,0.925570339803));
#2796 = CARTESIAN_POINT('',(8.248292855359E-02,0.933212928982));
#2797 = CARTESIAN_POINT('',(8.39649039578E-02,0.93738236712));
#2798 = CARTESIAN_POINT('',(8.568430123015E-02,0.941461311231));
#2799 = CARTESIAN_POINT('',(8.762982936324E-02,0.945436074856));
#2800 = CARTESIAN_POINT('',(8.978920023476E-02,0.94929528908));
#2801 = CARTESIAN_POINT('',(9.214980336877E-02,0.953029577691));
#2802 = CARTESIAN_POINT('',(0.101142492087,0.965734655064));
#2803 = CARTESIAN_POINT('',(0.108780285962,0.973975478844));
#2804 = CARTESIAN_POINT('',(0.117424687351,0.98126632224));
#2805 = CARTESIAN_POINT('',(0.126902360561,0.987550110513));
#2806 = CARTESIAN_POINT('',(0.137057111342,0.992786541688));
#2807 = CARTESIAN_POINT('',(0.147750597835,0.996948197578));
#2808 = CARTESIAN_POINT('',(0.158871532014,1.));
#2809 = ( GEOMETRIC_REPRESENTATION_CONTEXT(2) 
PARAMETRIC_REPRESENTATION_CONTEXT() REPRESENTATION_CONTEXT('2D SPACE',''
  ) );
#2810 = PCURVE('',#2610,#2811);
#2811 = DEFINITIONAL_REPRESENTATION('',(#2812),#2893);
#2812 = B_SPLINE_CURVE_WITH_KNOTS('',7,(#2813,#2814,#2815,#2816,#2817,
    #2818,#2819,#2820,#2821,#2822,#2823,#2824,#2825,#2826,#2827,#2828,
    #2829,#2830,#2831,#2832,#2833,#2834,#2835,#2836,#2837,#2838,#2839,
    #2840,#2841,#2842,#2843,#2844,#2845,#2846,#2847,#2848,#2849,#2850,
    #2851,#2852,#2853,#2854,#2855,#2856,#2857,#2858,#2859,#2860,#2861,
    #2862,#2863,#2864,#2865,#2866,#2867,#2868,#2869,#2870,#2871,#2872,
    #2873,#2874,#2875,#2876,#2877,#2878,#2879,#2880,#2881,#2882,#2883,
    #2884,#2885,#2886,#2887,#2888,#2889,#2890,#2891,#2892),
  .UNSPECIFIED.,.F.,.F.,(8,6,6,6,6,6,6,6,6,6,6,6,6,8),(0.,0.142191885669
    ,0.189143640079,0.255156794842,0.31497550264,0.350122485904,
    0.426470564243,0.50927542599,0.592471103567,0.659490695005,
    0.711678674088,0.765033223229,0.831643315895,1.),.UNSPECIFIED.);
#2813 = CARTESIAN_POINT('',(6.28318530718,2.114666666667));
#2814 = CARTESIAN_POINT('',(6.188709722952,2.114666666667));
#2815 = CARTESIAN_POINT('',(6.094179628307,2.109709873717));
#2816 = CARTESIAN_POINT('',(5.999807067669,2.099786671603));
#2817 = CARTESIAN_POINT('',(5.905685095098,2.084858486081));
#2818 = CARTESIAN_POINT('',(5.81190776771,2.064807298054));
#2819 = CARTESIAN_POINT('',(5.718584426498,2.039534018462));
#2820 = CARTESIAN_POINT('',(5.595352432729,1.999086431323));
#2821 = CARTESIAN_POINT('',(5.564830267924,1.988484210832));
#2822 = CARTESIAN_POINT('',(5.534381204823,1.977321931954));
#2823 = CARTESIAN_POINT('',(5.504009579666,1.96560252094));
#2824 = CARTESIAN_POINT('',(5.473719297708,1.953330375726));
#2825 = CARTESIAN_POINT('',(5.443514045111,1.940511634488));
#2826 = CARTESIAN_POINT('',(5.371054288695,1.908374522518));
#2827 = CARTESIAN_POINT('',(5.328885320455,1.888529727511));
#2828 = CARTESIAN_POINT('',(5.28690098788,1.867642635127));
#2829 = CARTESIAN_POINT('',(5.245108029906,1.8457422117));
#2830 = CARTESIAN_POINT('',(5.203510327655,1.822864034219));
#2831 = CARTESIAN_POINT('',(5.162109699454,1.799050510606));
#2832 = CARTESIAN_POINT('',(5.083570040101,1.751969396965));
#2833 = CARTESIAN_POINT('',(5.046394779508,1.728859726578));
#2834 = CARTESIAN_POINT('',(5.009380092117,1.705058061106));
#2835 = CARTESIAN_POINT('',(4.97252292,1.680604085948));
#2836 = CARTESIAN_POINT('',(4.935818154351,1.655540793812));
#2837 = CARTESIAN_POINT('',(4.899258820597,1.629914078891));
#2838 = CARTESIAN_POINT('',(4.841435884731,1.588412527931));
#2839 = CARTESIAN_POINT('',(4.820082657912,1.572874862454));
#2840 = CARTESIAN_POINT('',(4.798774737263,1.557169119579));
#2841 = CARTESIAN_POINT('',(4.777510072923,1.541305335799));
#2842 = CARTESIAN_POINT('',(4.756286410961,1.525293799132));
#2843 = CARTESIAN_POINT('',(4.735101293369,1.509145049123));
#2844 = CARTESIAN_POINT('',(4.668010605249,1.457516113508));
#2845 = CARTESIAN_POINT('',(4.622240051588,1.421566917895));
#2846 = CARTESIAN_POINT('',(4.576610567201,1.385130886963));
#2847 = CARTESIAN_POINT('',(4.531090880766,1.348323223381));
#2848 = CARTESIAN_POINT('',(4.485647177006,1.311264970606));
#2849 = CARTESIAN_POINT('',(4.440241994181,1.274082247944));
#2850 = CARTESIAN_POINT('',(4.345584004885,1.196584671659));
#2851 = CARTESIAN_POINT('',(4.296335065399,1.156274629577));
#2852 = CARTESIAN_POINT('',(4.247029636388,1.116139750928));
#2853 = CARTESIAN_POINT('',(4.197614481216,1.076359236313));
#2854 = CARTESIAN_POINT('',(4.148037169012,1.037126592382));
#2855 = CARTESIAN_POINT('',(4.098243450347,0.998649128822));
#2856 = CARTESIAN_POINT('',(3.99786950464,0.923468784458));
#2857 = CARTESIAN_POINT('',(3.947293011825,0.886780361942));
#2858 = CARTESIAN_POINT('',(3.896386861016,0.851304727761));
#2859 = CARTESIAN_POINT('',(3.845103120136,0.817292802857));
#2860 = CARTESIAN_POINT('',(3.793403983821,0.785016596168));
#2861 = CARTESIAN_POINT('',(3.741261538735,0.754761911638));
#2862 = CARTESIAN_POINT('',(3.646281538339,0.704312857254));
#2863 = CARTESIAN_POINT('',(3.603607665835,0.68330674908));
#2864 = CARTESIAN_POINT('',(3.560634444393,0.663958785966));
#2865 = CARTESIAN_POINT('',(3.517368450351,0.646425975067));
#2866 = CARTESIAN_POINT('',(3.473824510486,0.630860639656));
#2867 = CARTESIAN_POINT('',(3.430028577379,0.617401845776));
#2868 = CARTESIAN_POINT('',(3.351756458645,0.597412925824));
#2869 = CARTESIAN_POINT('',(3.317360306587,0.590008016988));
#2870 = CARTESIAN_POINT('',(3.282857352881,0.58400395454));
#2871 = CARTESIAN_POINT('',(3.248270504782,0.579444509548));
#2872 = CARTESIAN_POINT('',(3.213624361602,0.576360728089));
#2873 = CARTESIAN_POINT('',(3.178946535518,0.574769224933));
#2874 = CARTESIAN_POINT('',(3.108816253573,0.574569522155));
#2875 = CARTESIAN_POINT('',(3.07335983396,0.576028793491));
#2876 = CARTESIAN_POINT('',(3.037934016003,0.579049276792));
#2877 = CARTESIAN_POINT('',(3.002568392854,0.58361425399));
#2878 = CARTESIAN_POINT('',(2.967289316952,0.589691168915));
#2879 = CARTESIAN_POINT('',(2.932121368638,0.597233492842));
#2880 = CARTESIAN_POINT('',(2.853352704183,0.617355024284));
#2881 = CARTESIAN_POINT('',(2.809823435901,0.630721110849));
#2882 = CARTESIAN_POINT('',(2.766542854065,0.646168615111));
#2883 = CARTESIAN_POINT('',(2.723536536817,0.663561134741));
#2884 = CARTESIAN_POINT('',(2.680819181862,0.682749265774));
#2885 = CARTESIAN_POINT('',(2.638397404756,0.703578933923));
#2886 = CARTESIAN_POINT('',(2.489793048682,0.782305419113));
#2887 = CARTESIAN_POINT('',(2.385380270835,0.848124281464));
#2888 = CARTESIAN_POINT('',(2.282641159919,0.921010859583));
#2889 = CARTESIAN_POINT('',(2.181211664415,0.99873918937));
#2890 = CARTESIAN_POINT('',(2.080712649348,1.079365366667));
#2891 = CARTESIAN_POINT('',(1.980729374151,1.161275565594));
#2892 = CARTESIAN_POINT('',(1.880640966537,1.243218777961));
#2893 = ( GEOMETRIC_REPRESENTATION_CONTEXT(2) 
PARAMETRIC_REPRESENTATION_CONTEXT() REPRESENTATION_CONTEXT('2D SPACE',''
  ) );
#2894 = ORIENTED_EDGE('',*,*,#2895,.F.);
#2895 = EDGE_CURVE('',#2896,#2642,#2898,.T.);
#2896 = VERTEX_POINT('',#2897);
#2897 = CARTESIAN_POINT('',(-8.649694318841,21.,8.006092939687));
#2898 = SURFACE_CURVE('',#2899,(#2903,#2910),.PCURVE_S1.);
#2899 = B_SPLINE_CURVE_WITH_KNOTS('',2,(#2900,#2901,#2902),
  .UNSPECIFIED.,.F.,.F.,(3,3),(0.,1.),.PIECEWISE_BEZIER_KNOTS.);
#2900 = CARTESIAN_POINT('',(-9.,21.,7.8));
#2901 = CARTESIAN_POINT('',(0.,21.,13.2));
#2902 = CARTESIAN_POINT('',(9.,21.,7.8));
#2903 = PCURVE('',#38,#2904);
#2904 = DEFINITIONAL_REPRESENTATION('',(#2905),#2909);
#2905 = LINE('',#2906,#2907);
#2906 = CARTESIAN_POINT('',(0.,1.));
#2907 = VECTOR('',#2908,1.);
#2908 = DIRECTION('',(1.,0.));
#2909 = ( GEOMETRIC_REPRESENTATION_CONTEXT(2) 
PARAMETRIC_REPRESENTATION_CONTEXT() REPRESENTATION_CONTEXT('2D SPACE',''
  ) );
#2910 = PCURVE('',#2162,#2911);
#2911 = DEFINITIONAL_REPRESENTATION('',(#2912),#2916);
#2912 = LINE('',#2913,#2914);
#2913 = CARTESIAN_POINT('',(0.,0.));
#2914 = VECTOR('',#2915,1.);
#2915 = DIRECTION('',(1.,0.));
#2916 = ( GEOMETRIC_REPRESENTATION_CONTEXT(2) 
PARAMETRIC_REPRESENTATION_CONTEXT() REPRESENTATION_CONTEXT('2D SPACE',''
  ) );
#2917 = ORIENTED_EDGE('',*,*,#2918,.F.);
#2918 = EDGE_CURVE('',#2919,#2896,#2921,.T.);
#2919 = VERTEX_POINT('',#2920);
#2920 = CARTESIAN_POINT('',(-8.64983046071,11.014323438425,
    8.006014433366));
#2921 = SURFACE_CURVE('',#2922,(#2932,#2945),.PCURVE_S1.);
#2922 = ( BOUNDED_CURVE() B_SPLINE_CURVE(8,(#2923,#2924,#2925,#2926,
    #2927,#2928,#2929,#2930,#2931),.UNSPECIFIED.,.F.,.F.) 
B_SPLINE_CURVE_WITH_KNOTS((9,9),(162.50262748987,172.40543773185),
.PIECEWISE_BEZIER_KNOTS.) CURVE() GEOMETRIC_REPRESENTATION_ITEM() 
RATIONAL_B_SPLINE_CURVE((1.,1.,1.,1.,1.,1.,1.,1.,1.)) 
REPRESENTATION_ITEM('') );
#2923 = CARTESIAN_POINT('',(-8.64983046071,11.014323438425,
    8.006014433366));
#2924 = CARTESIAN_POINT('',(-8.649452047492,12.252383405918,
    8.006232647378));
#2925 = CARTESIAN_POINT('',(-8.649928814672,13.498399857096,
    8.005957711812));
#2926 = CARTESIAN_POINT('',(-8.649509417948,14.752683953535,
    8.006199571661));
#2927 = CARTESIAN_POINT('',(-8.649771404813,16.002231263779,
    8.006048479937));
#2928 = CARTESIAN_POINT('',(-8.649628562614,17.253826258394,
    8.006130862118));
#2929 = CARTESIAN_POINT('',(-8.649711430177,18.50396385534,
    8.006083071409));
#2930 = CARTESIAN_POINT('',(-8.649656878994,19.752900596617,
    8.006114529236));
#2931 = CARTESIAN_POINT('',(-8.649694318841,21.,8.006092939687));
#2932 = PCURVE('',#38,#2933);
#2933 = DEFINITIONAL_REPRESENTATION('',(#2934),#2944);
#2934 = B_SPLINE_CURVE_WITH_KNOTS('',8,(#2935,#2936,#2937,#2938,#2939,
    #2940,#2941,#2942,#2943),.UNSPECIFIED.,.F.,.F.,(9,9),(
    162.50262748987,172.40543773185),.PIECEWISE_BEZIER_KNOTS.);
#2935 = CARTESIAN_POINT('',(1.945386329391E-02,0.524491592306));
#2936 = CARTESIAN_POINT('',(1.947488625044E-02,0.583446828853));
#2937 = CARTESIAN_POINT('',(1.944839918491E-02,0.642780945576));
#2938 = CARTESIAN_POINT('',(1.947169900292E-02,0.702508759692));
#2939 = CARTESIAN_POINT('',(1.945714417707E-02,0.762011012561));
#2940 = CARTESIAN_POINT('',(1.946507985476E-02,0.821610774209));
#2941 = CARTESIAN_POINT('',(1.946047610126E-02,0.881141135969));
#2942 = CARTESIAN_POINT('',(1.946350672254E-02,0.940614314125));
#2943 = CARTESIAN_POINT('',(1.946142673105E-02,1.));
#2944 = ( GEOMETRIC_REPRESENTATION_CONTEXT(2) 
PARAMETRIC_REPRESENTATION_CONTEXT() REPRESENTATION_CONTEXT('2D SPACE',''
  ) );
#2945 = PCURVE('',#2946,#2974);
#2946 = ( BOUNDED_SURFACE() B_SPLINE_SURFACE(2,8,(
    (#2947,#2948,#2949,#2950,#2951,#2952,#2953,#2954,#2955)
    ,(#2956,#2957,#2958,#2959,#2960,#2961,#2962,#2963,#2964)
    ,(#2965,#2966,#2967,#2968,#2969,#2970,#2971,#2972,#2973
)),.UNSPECIFIED.,.F.,.F.,.F.) B_SPLINE_SURFACE_WITH_KNOTS((3,3),(9,9),(
    0.,9.902810241982),(162.50262748987,172.40543773185),
.PIECEWISE_BEZIER_KNOTS.) GEOMETRIC_REPRESENTATION_ITEM() 
RATIONAL_B_SPLINE_SURFACE((
    (1.,1.,1.,1.,1.,1.,1.,1.,1.)
    ,(0.865926423811,0.865843097804,0.865948101612,0.865856163952
      ,0.865912038582,0.865879945352,0.865904765883,0.865883891642
      ,0.865899333823)
,(1.,1.,1.,1.,1.,1.,1.,1.,1.))) REPRESENTATION_ITEM('') SURFACE() );
#2947 = CARTESIAN_POINT('',(-9.,11.,7.399786643824));
#2948 = CARTESIAN_POINT('',(-9.,12.255986897414,7.399566592359));
#2949 = CARTESIAN_POINT('',(-9.,13.50458146605,7.399844837139));
#2950 = CARTESIAN_POINT('',(-9.,14.756245455168,7.399596775738));
#2951 = CARTESIAN_POINT('',(-9.,16.002819312763,7.399759220476));
#2952 = CARTESIAN_POINT('',(-9.,17.252221990311,7.399644676456));
#2953 = CARTESIAN_POINT('',(-9.,18.501232782157,7.399757678402));
#2954 = CARTESIAN_POINT('',(-9.,19.75131546301,7.399648486871));
#2955 = CARTESIAN_POINT('',(-9.,21.006383159248,7.399732371503));
#2956 = CARTESIAN_POINT('',(-9.,11.004867044068,7.804087290208));
#2957 = CARTESIAN_POINT('',(-9.,12.254881114834,7.804096124977));
#2958 = CARTESIAN_POINT('',(-9.,13.502184485234,7.804084998512));
#2959 = CARTESIAN_POINT('',(-9.,14.755408167616,7.804094779481));
#2960 = CARTESIAN_POINT('',(-9.,16.002524052906,7.804088675696));
#2961 = CARTESIAN_POINT('',(-9.,17.253349819002,7.804092001131));
#2962 = CARTESIAN_POINT('',(-9.,18.50308038767,7.804090070286));
#2963 = CARTESIAN_POINT('',(-9.,19.752350086536,7.804091343383));
#2964 = CARTESIAN_POINT('',(-9.,21.002126480524,7.804090469008));
#2965 = CARTESIAN_POINT('',(-8.64983046071,11.014323438425,
    8.006014433366));
#2966 = CARTESIAN_POINT('',(-8.649452047492,12.252383405918,
    8.006232647378));
#2967 = CARTESIAN_POINT('',(-8.649928814672,13.498399857096,
    8.005957711812));
#2968 = CARTESIAN_POINT('',(-8.649509417948,14.752683953535,
    8.006199571661));
#2969 = CARTESIAN_POINT('',(-8.649771404813,16.002231263779,
    8.006048479937));
#2970 = CARTESIAN_POINT('',(-8.649628562614,17.253826258394,
    8.006130862118));
#2971 = CARTESIAN_POINT('',(-8.649711430177,18.50396385534,
    8.006083071409));
#2972 = CARTESIAN_POINT('',(-8.649656878994,19.752900596617,
    8.006114529236));
#2973 = CARTESIAN_POINT('',(-8.649694318841,21.,8.006092939687));
#2974 = DEFINITIONAL_REPRESENTATION('',(#2975),#2979);
#2975 = LINE('',#2976,#2977);
#2976 = CARTESIAN_POINT('',(9.902810241982,0.));
#2977 = VECTOR('',#2978,1.);
#2978 = DIRECTION('',(0.,1.));
#2979 = ( GEOMETRIC_REPRESENTATION_CONTEXT(2) 
PARAMETRIC_REPRESENTATION_CONTEXT() REPRESENTATION_CONTEXT('2D SPACE',''
  ) );
#2980 = ORIENTED_EDGE('',*,*,#2981,.F.);
#2981 = EDGE_CURVE('',#2982,#2919,#2984,.T.);
#2982 = VERTEX_POINT('',#2983);
#2983 = CARTESIAN_POINT('',(-6.58130698372,7.00911834222,9.056213279535)
  );
#2984 = SURFACE_CURVE('',#2985,(#3040,#3196),.PCURVE_S1.);
#2985 = ( BOUNDED_CURVE() B_SPLINE_CURVE(14,(#2986,#2987,#2988,#2989,
    #2990,#2991,#2992,#2993,#2994,#2995,#2996,#2997,#2998,#2999,#3000,
    #3001,#3002,#3003,#3004,#3005,#3006,#3007,#3008,#3009,#3010,#3011,
    #3012,#3013,#3014,#3015,#3016,#3017,#3018,#3019,#3020,#3021,#3022,
    #3023,#3024,#3025,#3026,#3027,#3028,#3029,#3030,#3031,#3032,#3033,
    #3034,#3035,#3036,#3037,#3038,#3039),.UNSPECIFIED.,.F.,.F.) 
B_SPLINE_CURVE_WITH_KNOTS((15,13,13,13,15),(157.59277081981,
    158.83341780796,160.07005759054,161.2052027528,162.50262748987),
.UNSPECIFIED.) CURVE() GEOMETRIC_REPRESENTATION_ITEM() 
RATIONAL_B_SPLINE_CURVE((1.,0.999999999999,1.000000000002,0.999999999993
    ,1.000000000014,0.999999999978,1.000000000028,0.999999999971,
    1.000000000025,0.999999999983,1.00000000001,0.999999999995,
    1.000000000002,1.,1.,0.999999999998,1.000000000007,0.999999999986,
    1.000000000022,0.999999999973,1.000000000028,0.999999999976,
    1.000000000017,0.99999999999,1.000000000004,0.999999999998,1.,1.,
    1.000000000002,0.999999999993,1.000000000015,0.999999999975,
    1.000000000033,0.999999999965,1.000000000031,0.999999999977,
    1.000000000013,0.999999999994,1.000000000002,1.,1.,1.,0.999999999999
    ,1.000000000002,0.999999999996,1.000000000004,0.999999999996,
    1.000000000003,0.999999999998,1.000000000001,1.,1.,1.,1.)) 
REPRESENTATION_ITEM('') );
#2986 = CARTESIAN_POINT('',(-6.58130698372,7.00911834222,9.056213279535)
  );
#2987 = CARTESIAN_POINT('',(-6.581240188436,7.095091380219,
    9.056242586219));
#2988 = CARTESIAN_POINT('',(-6.584612596167,7.213696627744,
    9.054762917457));
#2989 = CARTESIAN_POINT('',(-6.590997208483,7.326768662539,
    9.051961766166));
#2990 = CARTESIAN_POINT('',(-6.603614572891,7.417542301451,
    9.046422955331));
#2991 = CARTESIAN_POINT('',(-6.617140596483,7.536033520512,
    9.040474248995));
#2992 = CARTESIAN_POINT('',(-6.636371628184,7.644822089473,
    9.032000177399));
#2993 = CARTESIAN_POINT('',(-6.661336218162,7.741758030872,
    9.020970460873));
#2994 = CARTESIAN_POINT('',(-6.689005926558,7.851907830634,
    9.008687129055));
#2995 = CARTESIAN_POINT('',(-6.721435088432,7.960336828016,
    8.994216182862));
#2996 = CARTESIAN_POINT('',(-6.759765158342,8.05356924068,8.977022826779
    ));
#2997 = CARTESIAN_POINT('',(-6.799899360853,8.158000510425,
    8.958871069303));
#2998 = CARTESIAN_POINT('',(-6.844768329957,8.25171063638,8.938443342612
    ));
#2999 = CARTESIAN_POINT('',(-6.892213753934,8.344506391296,
    8.916663103184));
#3000 = CARTESIAN_POINT('',(-6.992122627179,8.522334492528,
    8.870423618187));
#3001 = CARTESIAN_POINT('',(-7.044536547814,8.607690827353,
    8.845987277086));
#3002 = CARTESIAN_POINT('',(-7.098975806281,8.689558156143,
    8.820404966289));
#3003 = CARTESIAN_POINT('',(-7.154980694674,8.767950463174,8.79386709579
    ));
#3004 = CARTESIAN_POINT('',(-7.212143041438,8.842957580133,8.76654742645
    ));
#3005 = CARTESIAN_POINT('',(-7.270102504148,8.914731933541,
    8.738604037764));
#3006 = CARTESIAN_POINT('',(-7.328542862406,8.983475292189,
    8.710180295653));
#3007 = CARTESIAN_POINT('',(-7.387188310595,9.049425514603,
    8.681405820197));
#3008 = CARTESIAN_POINT('',(-7.445799750772,9.11284329641,8.652397453468
    ));
#3009 = CARTESIAN_POINT('',(-7.504171085454,9.173998917872,
    8.623260227232));
#3010 = CARTESIAN_POINT('',(-7.562125510469,9.233158991215,
    8.594088330789));
#3011 = CARTESIAN_POINT('',(-7.619511807775,9.290573208154,
    8.564966078696));
#3012 = CARTESIAN_POINT('',(-7.676200638293,9.346461087267,
    8.535968878568));
#3013 = CARTESIAN_POINT('',(-7.783374781076,9.451060293553,
    8.480723602875));
#3014 = CARTESIAN_POINT('',(-7.833979196916,9.500011232031,
    8.454449201229));
#3015 = CARTESIAN_POINT('',(-7.883793809575,9.548021431745,
    8.428401499709));
#3016 = CARTESIAN_POINT('',(-7.932726644678,9.595254220661,8.40263786142
    ));
#3017 = CARTESIAN_POINT('',(-7.980691981219,9.641868343251,
    8.377213527915));
#3018 = CARTESIAN_POINT('',(-8.027608306689,9.688019943744,
    8.352182640318));
#3019 = CARTESIAN_POINT('',(-8.073396272121,9.733864549643,
    8.327599260485));
#3020 = CARTESIAN_POINT('',(-8.117976647213,9.779559054805,
    8.303518392132));
#3021 = CARTESIAN_POINT('',(-8.161268275417,9.825263703123,
    8.279997001971));
#3022 = CARTESIAN_POINT('',(-8.20318602899,9.8711440715,8.257095040873)
  );
#3023 = CARTESIAN_POINT('',(-8.243638764148,9.917373053537,
    8.234876464977));
#3024 = CARTESIAN_POINT('',(-8.282527276093,9.964132842606,8.21341025686
    ));
#3025 = CARTESIAN_POINT('',(-8.319742254149,10.011616915373,
    8.192771446657));
#3026 = CARTESIAN_POINT('',(-8.395645835955,10.115368504201,
    8.150492330634));
#3027 = CARTESIAN_POINT('',(-8.433810124775,10.171687774138,
    8.129116396929));
#3028 = CARTESIAN_POINT('',(-8.469227085803,10.231778370376,
    8.10917848167));
#3029 = CARTESIAN_POINT('',(-8.50301011677,10.282443066062,
    8.090063370892));
#3030 = CARTESIAN_POINT('',(-8.530678359015,10.371958143846,
    8.074346927882));
#3031 = CARTESIAN_POINT('',(-8.561542301447,10.37584038603,
    8.056751732822));
#3032 = CARTESIAN_POINT('',(-8.580626481175,10.543381946393,
    8.045796058031));
#3033 = CARTESIAN_POINT('',(-8.602470544063,10.481830228777,
    8.033313662702));
#3034 = CARTESIAN_POINT('',(-8.620538992715,10.680907602038,
    8.022877429543));
#3035 = CARTESIAN_POINT('',(-8.630378940027,10.663934833695,
    8.017233700699));
#3036 = CARTESIAN_POINT('',(-8.640644441263,10.782575609507,
    8.011310598329));
#3037 = CARTESIAN_POINT('',(-8.646918817475,10.838078169771,
    8.007693561013));
#3038 = CARTESIAN_POINT('',(-8.649858791061,10.921634619303,
    8.005998096517));
#3039 = CARTESIAN_POINT('',(-8.64983046071,11.014323438425,
    8.006014433366));
#3040 = PCURVE('',#38,#3041);
#3041 = DEFINITIONAL_REPRESENTATION('',(#3042),#3195);
#3042 = B_SPLINE_CURVE_WITH_KNOTS('',11,(#3043,#3044,#3045,#3046,#3047,
    #3048,#3049,#3050,#3051,#3052,#3053,#3054,#3055,#3056,#3057,#3058,
    #3059,#3060,#3061,#3062,#3063,#3064,#3065,#3066,#3067,#3068,#3069,
    #3070,#3071,#3072,#3073,#3074,#3075,#3076,#3077,#3078,#3079,#3080,
    #3081,#3082,#3083,#3084,#3085,#3086,#3087,#3088,#3089,#3090,#3091,
    #3092,#3093,#3094,#3095,#3096,#3097,#3098,#3099,#3100,#3101,#3102,
    #3103,#3104,#3105,#3106,#3107,#3108,#3109,#3110,#3111,#3112,#3113,
    #3114,#3115,#3116,#3117,#3118,#3119,#3120,#3121,#3122,#3123,#3124,
    #3125,#3126,#3127,#3128,#3129,#3130,#3131,#3132,#3133,#3134,#3135,
    #3136,#3137,#3138,#3139,#3140,#3141,#3142,#3143,#3144,#3145,#3146,
    #3147,#3148,#3149,#3150,#3151,#3152,#3153,#3154,#3155,#3156,#3157,
    #3158,#3159,#3160,#3161,#3162,#3163,#3164,#3165,#3166,#3167,#3168,
    #3169,#3170,#3171,#3172,#3173,#3174,#3175,#3176,#3177,#3178,#3179,
    #3180,#3181,#3182,#3183,#3184,#3185,#3186,#3187,#3188,#3189,#3190,
    #3191,#3192,#3193,#3194),.UNSPECIFIED.,.F.,.F.,(12,10,10,10,10,10,10
    ,10,10,10,10,10,10,10,10,12),(157.59277081981,158.20650290357,
    158.82023498732,158.89695149779,158.97366800826,159.1271010292,
    159.43396707108,160.04769915484,160.6614312386,160.96829728048,
    161.12173030142,161.19844681189,161.27516332235,161.88889540611,
    162.19576144799,162.50262748987),.UNSPECIFIED.);
#3043 = CARTESIAN_POINT('',(0.134371834238,0.333767540106));
#3044 = CARTESIAN_POINT('',(0.134374170595,0.336345100981));
#3045 = CARTESIAN_POINT('',(0.134299147347,0.339551843265));
#3046 = CARTESIAN_POINT('',(0.134153080714,0.342902287447));
#3047 = CARTESIAN_POINT('',(0.133905587555,0.346096792728));
#3048 = CARTESIAN_POINT('',(0.133576038358,0.349295714932));
#3049 = CARTESIAN_POINT('',(0.133158627041,0.352500650501));
#3050 = CARTESIAN_POINT('',(0.132649243833,0.35571058418));
#3051 = CARTESIAN_POINT('',(0.132043340336,0.358912040825));
#3052 = CARTESIAN_POINT('',(0.131339211945,0.362102509292));
#3053 = CARTESIAN_POINT('',(0.130536050659,0.36527732393));
#3054 = CARTESIAN_POINT('',(0.128732506857,0.371585344532));
#3055 = CARTESIAN_POINT('',(0.127732124364,0.374718550429));
#3056 = CARTESIAN_POINT('',(0.126633515391,0.377825554013));
#3057 = CARTESIAN_POINT('',(0.125438294987,0.380900470456));
#3058 = CARTESIAN_POINT('',(0.124148641719,0.383932090999));
#3059 = CARTESIAN_POINT('',(0.122768913417,0.386913823939));
#3060 = CARTESIAN_POINT('',(0.121303839379,0.3898337189));
#3061 = CARTESIAN_POINT('',(0.119765728311,0.392731008987));
#3062 = CARTESIAN_POINT('',(0.118148184816,0.395529130155));
#3063 = CARTESIAN_POINT('',(0.116469129944,0.398280748572));
#3064 = CARTESIAN_POINT('',(0.114514337053,0.401301261806));
#3065 = CARTESIAN_POINT('',(0.114296227404,0.401635853558));
#3066 = CARTESIAN_POINT('',(0.114077187308,0.401969230599));
#3067 = CARTESIAN_POINT('',(0.113857260507,0.402301629061));
#3068 = CARTESIAN_POINT('',(0.113636467453,0.402633074672));
#3069 = CARTESIAN_POINT('',(0.113414810224,0.402963453786));
#3070 = CARTESIAN_POINT('',(0.113192298099,0.403292725999));
#3071 = CARTESIAN_POINT('',(0.11296895481,0.40362097291));
#3072 = CARTESIAN_POINT('',(0.112744800876,0.403948242006));
#3073 = CARTESIAN_POINT('',(0.112519836702,0.404274409075));
#3074 = CARTESIAN_POINT('',(0.112068332295,0.404924684849));
#3075 = CARTESIAN_POINT('',(0.111841791194,0.405248777118));
#3076 = CARTESIAN_POINT('',(0.111614474837,0.405571823783));
#3077 = CARTESIAN_POINT('',(0.11138639687,0.40589382486));
#3078 = CARTESIAN_POINT('',(0.111157570936,0.40621478036));
#3079 = CARTESIAN_POINT('',(0.110928010679,0.406534690301));
#3080 = CARTESIAN_POINT('',(0.110697729744,0.406853554694));
#3081 = CARTESIAN_POINT('',(0.110466741773,0.407171373557));
#3082 = CARTESIAN_POINT('',(0.110235060412,0.407488146902));
#3083 = CARTESIAN_POINT('',(0.110002699303,0.407803874744));
#3084 = CARTESIAN_POINT('',(0.109303617669,0.408747921804));
#3085 = CARTESIAN_POINT('',(0.10883489583,0.409373108195));
#3086 = CARTESIAN_POINT('',(0.108363611433,0.409994122091));
#3087 = CARTESIAN_POINT('',(0.107889867397,0.41061097156));
#3088 = CARTESIAN_POINT('',(0.107413764698,0.411223666919));
#3089 = CARTESIAN_POINT('',(0.106935402369,0.411832220733));
#3090 = CARTESIAN_POINT('',(0.106454877501,0.412436647817));
#3091 = CARTESIAN_POINT('',(0.105972285243,0.413036965233));
#3092 = CARTESIAN_POINT('',(0.105487718803,0.413633192295));
#3093 = CARTESIAN_POINT('',(0.105001269444,0.414225350564));
#3094 = CARTESIAN_POINT('',(0.10353654058,0.415989690414));
#3095 = CARTESIAN_POINT('',(0.102552880723,0.417149735706));
#3096 = CARTESIAN_POINT('',(0.101562762567,0.418293786741));
#3097 = CARTESIAN_POINT('',(0.100566872079,0.419422062113));
#3098 = CARTESIAN_POINT('',(9.956586638823E-02,0.420534809412));
#3099 = CARTESIAN_POINT('',(9.85603746224E-02,0.421632302653));
#3100 = CARTESIAN_POINT('',(9.755099874721E-02,0.422714839701));
#3101 = CARTESIAN_POINT('',(9.653831440715E-02,0.4237827397));
#3102 = CARTESIAN_POINT('',(9.552287176378E-02,0.424836340494));
#3103 = CARTESIAN_POINT('',(9.450519633598E-02,0.425875996058));
#3104 = CARTESIAN_POINT('',(9.144697684476E-02,0.428954229652));
#3105 = CARTESIAN_POINT('',(8.940124012152E-02,0.430952074136));
#3106 = CARTESIAN_POINT('',(8.735259238716E-02,0.432898548455));
#3107 = CARTESIAN_POINT('',(8.530466644497E-02,0.434796809787));
#3108 = CARTESIAN_POINT('',(8.326074182408E-02,0.43665014928));
#3109 = CARTESIAN_POINT('',(8.122377141681E-02,0.438461909916));
#3110 = CARTESIAN_POINT('',(7.919640812055E-02,0.44023540439));
#3111 = CARTESIAN_POINT('',(7.718103147437E-02,0.441973832968));
#3112 = CARTESIAN_POINT('',(7.517977430068E-02,0.443680201369));
#3113 = CARTESIAN_POINT('',(7.319454934291E-02,0.445357238624));
#3114 = CARTESIAN_POINT('',(6.925960246855E-02,0.44865739128));
#3115 = CARTESIAN_POINT('',(6.730977180885E-02,0.450280206965));
#3116 = CARTESIAN_POINT('',(6.538034211338E-02,0.451881081207));
#3117 = CARTESIAN_POINT('',(6.347172051086E-02,0.453458084308));
#3118 = CARTESIAN_POINT('',(6.15877209E-02,0.455020782864));
#3119 = CARTESIAN_POINT('',(5.97277515697E-02,0.456563972866));
#3120 = CARTESIAN_POINT('',(5.78953258565E-02,0.458097220587));
#3121 = CARTESIAN_POINT('',(5.609080308734E-02,0.459618424307));
#3122 = CARTESIAN_POINT('',(5.431634113675E-02,0.461132563758));
#3123 = CARTESIAN_POINT('',(5.257330915477E-02,0.462641443302));
#3124 = CARTESIAN_POINT('',(5.000839710504E-02,0.464901185912));
#3125 = CARTESIAN_POINT('',(4.916170077319E-02,0.465653834662));
#3126 = CARTESIAN_POINT('',(4.832347641119E-02,0.466406217213));
#3127 = CARTESIAN_POINT('',(4.749392624212E-02,0.46715867113));
#3128 = CARTESIAN_POINT('',(4.667325709317E-02,0.467911538949));
#3129 = CARTESIAN_POINT('',(4.586168039646E-02,0.468665168179));
#3130 = CARTESIAN_POINT('',(4.505941218798E-02,0.469419911303));
#3131 = CARTESIAN_POINT('',(4.426667310868E-02,0.470176125779));
#3132 = CARTESIAN_POINT('',(4.348368840358E-02,0.470934174034));
#3133 = CARTESIAN_POINT('',(4.271068792236E-02,0.471694423473));
#3134 = CARTESIAN_POINT('',(4.156651521738E-02,0.472838657969));
#3135 = CARTESIAN_POINT('',(4.118767981682E-02,0.473220713565));
#3136 = CARTESIAN_POINT('',(4.081142960628E-02,0.473603460104));
#3137 = CARTESIAN_POINT('',(4.043779479104E-02,0.473986944942));
#3138 = CARTESIAN_POINT('',(4.006680609284E-02,0.474371215946));
#3139 = CARTESIAN_POINT('',(3.969849474974E-02,0.474756321491));
#3140 = CARTESIAN_POINT('',(3.933289251627E-02,0.475142310464));
#3141 = CARTESIAN_POINT('',(3.897003166327E-02,0.47552923226));
#3142 = CARTESIAN_POINT('',(3.860994497807E-02,0.475917136786));
#3143 = CARTESIAN_POINT('',(3.82526657643E-02,0.476306074457));
#3144 = CARTESIAN_POINT('',(3.772100888095E-02,0.476891107068));
#3145 = CARTESIAN_POINT('',(3.754450002715E-02,0.477086388756));
#3146 = CARTESIAN_POINT('',(3.736870568222E-02,0.477281947784));
#3147 = CARTESIAN_POINT('',(3.719363024737E-02,0.477477790674));
#3148 = CARTESIAN_POINT('',(3.701927812447E-02,0.477673923952));
#3149 = CARTESIAN_POINT('',(3.684565371436E-02,0.477870354138));
#3150 = CARTESIAN_POINT('',(3.667276141917E-02,0.478067087758));
#3151 = CARTESIAN_POINT('',(3.650060563974E-02,0.478264131333));
#3152 = CARTESIAN_POINT('',(3.632919077795E-02,0.478461491387));
#3153 = CARTESIAN_POINT('',(3.6158521235E-02,0.478659174443));
#3154 = CARTESIAN_POINT('',(3.58186815899E-02,0.479055199605));
#3155 = CARTESIAN_POINT('',(3.56495143394E-02,0.479253561494));
#3156 = CARTESIAN_POINT('',(3.548109015661E-02,0.479452170739));
#3157 = CARTESIAN_POINT('',(3.531342045944E-02,0.47965109154));
#3158 = CARTESIAN_POINT('',(3.514651783538E-02,0.479850395655));
#3159 = CARTESIAN_POINT('',(3.498038888071E-02,0.48005010541));
#3160 = CARTESIAN_POINT('',(3.4815035209E-02,0.480250202538));
#3161 = CARTESIAN_POINT('',(3.465045819514E-02,0.480450666933));
#3162 = CARTESIAN_POINT('',(3.448666303401E-02,0.480651509555));
#3163 = CARTESIAN_POINT('',(3.432365768037E-02,0.480852763596));
#3164 = CARTESIAN_POINT('',(3.286371877789E-02,0.482667474157));
#3165 = CARTESIAN_POINT('',(3.161662826207E-02,0.484305597706));
#3166 = CARTESIAN_POINT('',(3.042214706099E-02,0.485967978114));
#3167 = CARTESIAN_POINT('',(2.928336548871E-02,0.487665750175));
#3168 = CARTESIAN_POINT('',(2.820479083908E-02,0.489403291584));
#3169 = CARTESIAN_POINT('',(2.718356492095E-02,0.491158992616));
#3170 = CARTESIAN_POINT('',(2.622894941383E-02,0.492972536191));
#3171 = CARTESIAN_POINT('',(2.534017756158E-02,0.494814376849));
#3172 = CARTESIAN_POINT('',(2.451967496274E-02,0.49669894884));
#3173 = CARTESIAN_POINT('',(2.376858048722E-02,0.498622837094));
#3174 = CARTESIAN_POINT('',(2.274816817282E-02,0.501565761433));
#3175 = CARTESIAN_POINT('',(2.242573437851E-02,0.502556239684));
#3176 = CARTESIAN_POINT('',(2.212116822989E-02,0.503555894511));
#3177 = CARTESIAN_POINT('',(2.183462669168E-02,0.504564350503));
#3178 = CARTESIAN_POINT('',(2.156624569802E-02,0.505580882499));
#3179 = CARTESIAN_POINT('',(2.131609972167E-02,0.506604485363));
#3180 = CARTESIAN_POINT('',(2.108415512395E-02,0.507634174311));
#3181 = CARTESIAN_POINT('',(2.087023750787E-02,0.508669375344));
#3182 = CARTESIAN_POINT('',(2.067403329229E-02,0.509710265305));
#3183 = CARTESIAN_POINT('',(2.049514572904E-02,0.510757921127));
#3184 = CARTESIAN_POINT('',(2.017130543456E-02,0.512870354472));
#3185 = CARTESIAN_POINT('',(2.002635001854E-02,0.513935163741));
#3186 = CARTESIAN_POINT('',(1.989800493731E-02,0.515010126996));
#3187 = CARTESIAN_POINT('',(1.978592300109E-02,0.516098413121));
#3188 = CARTESIAN_POINT('',(1.968989479909E-02,0.517202230927));
#3189 = CARTESIAN_POINT('',(1.960987663011E-02,0.518325900134));
#3190 = CARTESIAN_POINT('',(1.954607189076E-02,0.519474189153));
#3191 = CARTESIAN_POINT('',(1.949882795354E-02,0.520652540597));
#3192 = CARTESIAN_POINT('',(1.946817832969E-02,0.521874588397));
#3193 = CARTESIAN_POINT('',(1.945338950874E-02,0.523162943925));
#3194 = CARTESIAN_POINT('',(1.945386329391E-02,0.524491592306));
#3195 = ( GEOMETRIC_REPRESENTATION_CONTEXT(2) 
PARAMETRIC_REPRESENTATION_CONTEXT() REPRESENTATION_CONTEXT('2D SPACE',''
  ) );
#3196 = PCURVE('',#3197,#3360);
#3197 = ( BOUNDED_SURFACE() B_SPLINE_SURFACE(2,14,(
    (#3198,#3199,#3200,#3201,#3202,#3203,#3204,#3205,#3206,#3207,#3208
      ,#3209,#3210,#3211,#3212,#3213,#3214,#3215,#3216,#3217,#3218,#3219
      ,#3220,#3221,#3222,#3223,#3224,#3225,#3226,#3227,#3228,#3229,#3230
      ,#3231,#3232,#3233,#3234,#3235,#3236,#3237,#3238,#3239,#3240,#3241
      ,#3242,#3243,#3244,#3245,#3246,#3247,#3248,#3249,#3250,#3251)
    ,(#3252,#3253,#3254,#3255,#3256,#3257,#3258,#3259,#3260,#3261,#3262
      ,#3263,#3264,#3265,#3266,#3267,#3268,#3269,#3270,#3271,#3272,#3273
      ,#3274,#3275,#3276,#3277,#3278,#3279,#3280,#3281,#3282,#3283,#3284
      ,#3285,#3286,#3287,#3288,#3289,#3290,#3291,#3292,#3293,#3294,#3295
      ,#3296,#3297,#3298,#3299,#3300,#3301,#3302,#3303,#3304,#3305)
    ,(#3306,#3307,#3308,#3309,#3310,#3311,#3312,#3313,#3314,#3315,#3316
      ,#3317,#3318,#3319,#3320,#3321,#3322,#3323,#3324,#3325,#3326,#3327
      ,#3328,#3329,#3330,#3331,#3332,#3333,#3334,#3335,#3336,#3337,#3338
      ,#3339,#3340,#3341,#3342,#3343,#3344,#3345,#3346,#3347,#3348,#3349
      ,#3350,#3351,#3352,#3353,#3354,#3355,#3356,#3357,#3358,#3359
)),.UNSPECIFIED.,.F.,.F.,.F.) B_SPLINE_SURFACE_WITH_KNOTS((3,3),(15,13,
    13,13,15),(0.,4.90985667006),(157.59277081981,158.83341780796,
    160.07005759054,161.2052027528,162.50262748987),.UNSPECIFIED.) 
GEOMETRIC_REPRESENTATION_ITEM() RATIONAL_B_SPLINE_SURFACE((
    (1.,0.999999999999,1.000000000002,0.999999999993,1.000000000014
      ,0.999999999978,1.000000000028,0.999999999971,1.000000000025
      ,0.999999999983,1.00000000001,0.999999999995,1.000000000002,1.,1.
      ,0.999999999998,1.000000000007,0.999999999986,1.000000000022
      ,0.999999999973,1.000000000028,0.999999999976,1.000000000017
      ,0.99999999999,1.000000000004,0.999999999998,1.,1.,1.000000000002
      ,0.999999999993,1.000000000015,0.999999999975,1.000000000033
      ,0.999999999965,1.000000000031,0.999999999977,1.000000000013
      ,0.999999999994,1.000000000002,1.,1.,1.,0.999999999999
      ,1.000000000002,0.999999999996,1.000000000004,0.999999999996
      ,1.000000000003,0.999999999998,1.000000000001,1.,1.,1.,1.)
    ,(0.837203339484,0.837141346869,0.83726609624,0.836758719913
      ,0.837124568037,0.836505083818,0.836056938852,0.835879057565
      ,0.835098769275,0.834190643268,0.833582020166,0.83233116994
      ,0.83123991756,0.82994640931,0.827224182695,0.8257781075
      ,0.824278824498,0.822761913225,0.82126381185,0.819821051638
      ,0.818469492125,0.817243555297,0.816175460956,0.815294460869
      ,0.814626073992,0.814191320875,0.814005958604,0.814147418847
      ,0.814440027295,0.814964170389,0.815729247243,0.816745616891
      ,0.81802278904,0.819567614228,0.821382474832,0.82346347504
      ,0.825798631914,0.828366065461,0.831132189475,0.834049901873
      ,0.84049350931,0.844041665846,0.847651626364,0.850982822277
      ,0.85468925797,0.856734291629,0.860521041453,0.861111369717
      ,0.863801302159,0.864258263218,0.865304002358,0.865756601965
      ,0.865838284317,0.865926423811)
    ,(1.,0.999999999999,1.000000000002,0.999999999993,1.000000000014
      ,0.999999999978,1.000000000028,0.999999999971,1.000000000025
      ,0.999999999983,1.00000000001,0.999999999995,1.000000000002,1.,1.
      ,0.999999999998,1.000000000007,0.999999999986,1.000000000022
      ,0.999999999973,1.000000000028,0.999999999976,1.000000000017
      ,0.99999999999,1.000000000004,0.999999999998,1.,1.,1.000000000002
      ,0.999999999993,1.000000000015,0.999999999975,1.000000000033
      ,0.999999999965,1.000000000031,0.999999999977,1.000000000013
      ,0.999999999994,1.000000000002,1.,1.,1.,0.999999999999
      ,1.000000000002,0.999999999996,1.000000000004,0.999999999996
      ,1.000000000003,0.999999999998,1.000000000001,1.,1.,1.,1.
))) REPRESENTATION_ITEM('') SURFACE() );
#3198 = CARTESIAN_POINT('',(-7.,7.,8.41525265053));
#3199 = CARTESIAN_POINT('',(-7.,7.090917366474,8.415096544593));
#3200 = CARTESIAN_POINT('',(-7.002995674905,7.168292699658,
    8.413969686528));
#3201 = CARTESIAN_POINT('',(-7.007508183131,7.247492287231,
    8.410441672541));
#3202 = CARTESIAN_POINT('',(-7.015783525156,7.335228240061,
    8.407253320146));
#3203 = CARTESIAN_POINT('',(-7.026323861742,7.411113293925,
    8.400507909217));
#3204 = CARTESIAN_POINT('',(-7.039690205516,7.489636773993,
    8.392728118333));
#3205 = CARTESIAN_POINT('',(-7.056251740977,7.57146987155,8.383995999203
    ));
#3206 = CARTESIAN_POINT('',(-7.075512845191,7.646318545636,
    8.372403904999));
#3207 = CARTESIAN_POINT('',(-7.097527151235,7.719645544629,
    8.359053330333));
#3208 = CARTESIAN_POINT('',(-7.122572857352,7.796533406793,
    8.344858850886));
#3209 = CARTESIAN_POINT('',(-7.150198357521,7.866394920957,
    8.327751575596));
#3210 = CARTESIAN_POINT('',(-7.180517454824,7.937639675916,
    8.309604250206));
#3211 = CARTESIAN_POINT('',(-7.213348687096,8.006367755418,
    8.289634192327));
#3212 = CARTESIAN_POINT('',(-7.283678504764,8.140714636496,
    8.246861659143));
#3213 = CARTESIAN_POINT('',(-7.321167991548,8.206211731143,
    8.224022473019));
#3214 = CARTESIAN_POINT('',(-7.360891631719,8.270162707294,
    8.199845887937));
#3215 = CARTESIAN_POINT('',(-7.402696521474,8.332615655439,
    8.174486566301));
#3216 = CARTESIAN_POINT('',(-7.446426066879,8.393643593902,
    8.148101510162));
#3217 = CARTESIAN_POINT('',(-7.491921890954,8.45334287524,8.120847852993
    ));
#3218 = CARTESIAN_POINT('',(-7.539025740783,8.511831592684,
    8.092880651485));
#3219 = CARTESIAN_POINT('',(-7.587581394624,8.56924798656,8.064350677294
    ));
#3220 = CARTESIAN_POINT('',(-7.637436568972,8.625748850685,
    8.035402208871));
#3221 = CARTESIAN_POINT('',(-7.688444825718,8.681507938834,
    8.006170823178));
#3222 = CARTESIAN_POINT('',(-7.740467479186,8.736714371111,7.97678118753
    ));
#3223 = CARTESIAN_POINT('',(-7.793375503287,8.791571040413,
    7.947344851327));
#3224 = CARTESIAN_POINT('',(-7.847051438582,8.846293018823,
    7.917958037863));
#3225 = CARTESIAN_POINT('',(-7.951271329947,8.951420251583,
    7.861842172784));
#3226 = CARTESIAN_POINT('',(-8.001703204936,9.001834674364,
    7.835113814329));
#3227 = CARTESIAN_POINT('',(-8.052589048774,9.05249559259,7.808579310714
    ));
#3228 = CARTESIAN_POINT('',(-8.103836783813,9.103582013557,7.78231106773
    ));
#3229 = CARTESIAN_POINT('',(-8.155353640181,9.155299047103,7.75638769571
    ));
#3230 = CARTESIAN_POINT('',(-8.207039665687,9.207871361089,
    7.730892758248));
#3231 = CARTESIAN_POINT('',(-8.258781235632,9.261536636864,
    7.705913520925));
#3232 = CARTESIAN_POINT('',(-8.310444562704,9.316539024692,
    7.681539700056));
#3233 = CARTESIAN_POINT('',(-8.361869206835,9.373122599297,
    7.657862211375));
#3234 = CARTESIAN_POINT('',(-8.412861585026,9.431524815207,
    7.634971918827));
#3235 = CARTESIAN_POINT('',(-8.463188481266,9.491969962356,
    7.612958383221));
#3236 = CARTESIAN_POINT('',(-8.512570556331,9.554662621419,
    7.591908611026));
#3237 = CARTESIAN_POINT('',(-8.560675857693,9.619781119373,7.57190580305
    ));
#3238 = CARTESIAN_POINT('',(-8.660189470137,9.764837747242,
    7.531451660297));
#3239 = CARTESIAN_POINT('',(-8.711082254041,9.845644333067,7.51133090085
    ));
#3240 = CARTESIAN_POINT('',(-8.759443096471,9.928764093209,
    7.492773840458));
#3241 = CARTESIAN_POINT('',(-8.803624138804,10.021116595218,
    7.475770417413));
#3242 = CARTESIAN_POINT('',(-8.846526558012,10.09818394848,
    7.460667384035));
#3243 = CARTESIAN_POINT('',(-8.879355597929,10.222742462197,
    7.446532259262));
#3244 = CARTESIAN_POINT('',(-8.915648123851,10.268946450773,
    7.435635643832));
#3245 = CARTESIAN_POINT('',(-8.93812613667,10.432816914133,7.4236101697)
  );
#3246 = CARTESIAN_POINT('',(-8.961346512874,10.469395492322,
    7.417145483167));
#3247 = CARTESIAN_POINT('',(-8.97742770497,10.61577666477,7.408813873768
    ));
#3248 = CARTESIAN_POINT('',(-8.989530875573,10.694719757587,
    7.404403790038));
#3249 = CARTESIAN_POINT('',(-8.996848810953,10.807410126681,
    7.401230524331));
#3250 = CARTESIAN_POINT('',(-9.,10.905965880272,7.399538970107));
#3251 = CARTESIAN_POINT('',(-9.,11.,7.399786643824));
#3252 = CARTESIAN_POINT('',(-7.,7.002710643373,8.872510128063));
#3253 = CARTESIAN_POINT('',(-7.000082154269,7.092163965233,
    8.872475947151));
#3254 = CARTESIAN_POINT('',(-7.003033898188,7.181771777243,
    8.871086734143));
#3255 = CARTESIAN_POINT('',(-7.009068081185,7.271168496736,
    8.868260783483));
#3256 = CARTESIAN_POINT('',(-7.018245596069,7.359603016397,
    8.863879595825));
#3257 = CARTESIAN_POINT('',(-7.03095023811,7.44830214219,8.85791762036)
  );
#3258 = CARTESIAN_POINT('',(-7.047160834714,7.535806225674,
    8.850242236421));
#3259 = CARTESIAN_POINT('',(-7.066946100036,7.621747981866,
    8.840810987558));
#3260 = CARTESIAN_POINT('',(-7.090495233734,7.706934627812,
    8.829607553415));
#3261 = CARTESIAN_POINT('',(-7.117671550686,7.790400880101,
    8.816615853989));
#3262 = CARTESIAN_POINT('',(-7.148222899685,7.871209169363,
    8.801895089829));
#3263 = CARTESIAN_POINT('',(-7.182220650002,7.950710078502,
    8.785499822308));
#3264 = CARTESIAN_POINT('',(-7.219186572166,8.027447883132,8.76754018175
    ));
#3265 = CARTESIAN_POINT('',(-7.258977656498,8.102045409691,
    8.748114301419));
#3266 = CARTESIAN_POINT('',(-7.343568999535,8.246604130973,
    8.706572722567));
#3267 = CARTESIAN_POINT('',(-7.388418758819,8.316603464178,
    8.684435369615));
#3268 = CARTESIAN_POINT('',(-7.435484527024,8.38433691154,8.661074103531
    ));
#3269 = CARTESIAN_POINT('',(-7.484455583679,8.44987812632,8.636621190303
    ));
#3270 = CARTESIAN_POINT('',(-7.535044962719,8.513350431366,
    8.611200216341));
#3271 = CARTESIAN_POINT('',(-7.58698739028,8.574919043743,8.584927053395
    ));
#3272 = CARTESIAN_POINT('',(-7.64003771351,8.634783439642,8.557910592432
    ));
#3273 = CARTESIAN_POINT('',(-7.693969821697,8.693169772712,
    8.530253237653));
#3274 = CARTESIAN_POINT('',(-7.748576050916,8.750323288066,
    8.502051156545));
#3275 = CARTESIAN_POINT('',(-7.803667054098,8.806500705637,8.47339428588
    ));
#3276 = CARTESIAN_POINT('',(-7.859072108674,8.861962579463,
    8.444366098998));
#3277 = CARTESIAN_POINT('',(-7.914639825989,8.916965671617,
    8.415043143885));
#3278 = CARTESIAN_POINT('',(-7.970239218878,8.971755408434,
    8.385494366775));
#3279 = CARTESIAN_POINT('',(-8.076717243567,9.076855022308,
    8.328509576326));
#3280 = CARTESIAN_POINT('',(-8.127531595953,9.127140978847,
    8.301139258858));
#3281 = CARTESIAN_POINT('',(-8.17809197814,9.17757357773,8.273731328133)
  );
#3282 = CARTESIAN_POINT('',(-8.228290350616,9.228334648428,
    8.246346821671));
#3283 = CARTESIAN_POINT('',(-8.278017905301,9.27962205307,8.219048648986
    ));
#3284 = CARTESIAN_POINT('',(-8.327160904723,9.331641680745,
    8.191904066934));
#3285 = CARTESIAN_POINT('',(-8.375597250762,9.384600096626,8.16498674333
    ));
#3286 = CARTESIAN_POINT('',(-8.423193768352,9.438697930951,
    8.138378407704));
#3287 = CARTESIAN_POINT('',(-8.469804168075,9.494124113866,
    8.112170101179));
#3288 = CARTESIAN_POINT('',(-8.515267626928,9.551051077257,
    8.086463052962));
#3289 = CARTESIAN_POINT('',(-8.559407897791,9.609631051102,
    8.061369229489));
#3290 = CARTESIAN_POINT('',(-8.602032825753,9.669993578051,
    8.037011623353));
#3291 = CARTESIAN_POINT('',(-8.642934114945,9.732244357186,
    8.013524372069));
#3292 = CARTESIAN_POINT('',(-8.726067565487,9.86930493386,7.965565659113
    ));
#3293 = CARTESIAN_POINT('',(-8.767733530829,9.944609995086,
    7.941389732212));
#3294 = CARTESIAN_POINT('',(-8.806594039817,10.022557284242,
    7.91872230589));
#3295 = CARTESIAN_POINT('',(-8.842462635048,10.102829849595,
    7.897668423285));
#3296 = CARTESIAN_POINT('',(-8.874774864994,10.18663210503,
    7.878676984379));
#3297 = CARTESIAN_POINT('',(-8.903987166505,10.270679623715,
    7.861306565854));
#3298 = CARTESIAN_POINT('',(-8.928811481202,10.36072766168,
    7.846648400133));
#3299 = CARTESIAN_POINT('',(-8.950217723212,10.447508326795,
    7.833866259772));
#3300 = CARTESIAN_POINT('',(-8.967728763931,10.540765590664,
    7.823365622266));
#3301 = CARTESIAN_POINT('',(-8.980969210983,10.631698694183,
    7.815515003054));
#3302 = CARTESIAN_POINT('',(-8.990889143303,10.7244011051,7.80955560754)
  );
#3303 = CARTESIAN_POINT('',(-8.997177072109,10.817812126107,
    7.805783151055));
#3304 = CARTESIAN_POINT('',(-9.000152571598,10.911278626423,
    7.803998647549));
#3305 = CARTESIAN_POINT('',(-9.,11.004867044068,7.804087290208));
#3306 = CARTESIAN_POINT('',(-6.58130698372,7.00911834222,9.056213279535)
  );
#3307 = CARTESIAN_POINT('',(-6.581240188436,7.095091380219,
    9.056242586219));
#3308 = CARTESIAN_POINT('',(-6.584612596167,7.213696627744,
    9.054762917457));
#3309 = CARTESIAN_POINT('',(-6.590997208483,7.326768662539,
    9.051961766166));
#3310 = CARTESIAN_POINT('',(-6.603614572891,7.417542301451,
    9.046422955331));
#3311 = CARTESIAN_POINT('',(-6.617140596483,7.536033520512,
    9.040474248995));
#3312 = CARTESIAN_POINT('',(-6.636371628184,7.644822089473,
    9.032000177399));
#3313 = CARTESIAN_POINT('',(-6.661336218162,7.741758030872,
    9.020970460873));
#3314 = CARTESIAN_POINT('',(-6.689005926558,7.851907830634,
    9.008687129055));
#3315 = CARTESIAN_POINT('',(-6.721435088432,7.960336828016,
    8.994216182862));
#3316 = CARTESIAN_POINT('',(-6.759765158342,8.05356924068,8.977022826779
    ));
#3317 = CARTESIAN_POINT('',(-6.799899360853,8.158000510425,
    8.958871069303));
#3318 = CARTESIAN_POINT('',(-6.844768329957,8.25171063638,8.938443342612
    ));
#3319 = CARTESIAN_POINT('',(-6.892213753934,8.344506391296,
    8.916663103184));
#3320 = CARTESIAN_POINT('',(-6.992122627179,8.522334492528,
    8.870423618187));
#3321 = CARTESIAN_POINT('',(-7.044536547814,8.607690827353,
    8.845987277086));
#3322 = CARTESIAN_POINT('',(-7.098975806281,8.689558156143,
    8.820404966289));
#3323 = CARTESIAN_POINT('',(-7.154980694674,8.767950463174,8.79386709579
    ));
#3324 = CARTESIAN_POINT('',(-7.212143041438,8.842957580133,8.76654742645
    ));
#3325 = CARTESIAN_POINT('',(-7.270102504148,8.914731933541,
    8.738604037764));
#3326 = CARTESIAN_POINT('',(-7.328542862406,8.983475292189,
    8.710180295653));
#3327 = CARTESIAN_POINT('',(-7.387188310595,9.049425514603,
    8.681405820197));
#3328 = CARTESIAN_POINT('',(-7.445799750772,9.11284329641,8.652397453468
    ));
#3329 = CARTESIAN_POINT('',(-7.504171085454,9.173998917872,
    8.623260227232));
#3330 = CARTESIAN_POINT('',(-7.562125510469,9.233158991215,
    8.594088330789));
#3331 = CARTESIAN_POINT('',(-7.619511807775,9.290573208154,
    8.564966078696));
#3332 = CARTESIAN_POINT('',(-7.676200638293,9.346461087267,
    8.535968878568));
#3333 = CARTESIAN_POINT('',(-7.783374781076,9.451060293553,
    8.480723602875));
#3334 = CARTESIAN_POINT('',(-7.833979196916,9.500011232031,
    8.454449201229));
#3335 = CARTESIAN_POINT('',(-7.883793809575,9.548021431745,
    8.428401499709));
#3336 = CARTESIAN_POINT('',(-7.932726644678,9.595254220661,8.40263786142
    ));
#3337 = CARTESIAN_POINT('',(-7.980691981219,9.641868343251,
    8.377213527915));
#3338 = CARTESIAN_POINT('',(-8.027608306689,9.688019943744,
    8.352182640318));
#3339 = CARTESIAN_POINT('',(-8.073396272121,9.733864549643,
    8.327599260485));
#3340 = CARTESIAN_POINT('',(-8.117976647213,9.779559054805,
    8.303518392132));
#3341 = CARTESIAN_POINT('',(-8.161268275417,9.825263703123,
    8.279997001971));
#3342 = CARTESIAN_POINT('',(-8.20318602899,9.8711440715,8.257095040873)
  );
#3343 = CARTESIAN_POINT('',(-8.243638764148,9.917373053537,
    8.234876464977));
#3344 = CARTESIAN_POINT('',(-8.282527276093,9.964132842606,8.21341025686
    ));
#3345 = CARTESIAN_POINT('',(-8.319742254149,10.011616915373,
    8.192771446657));
#3346 = CARTESIAN_POINT('',(-8.395645835955,10.115368504201,
    8.150492330634));
#3347 = CARTESIAN_POINT('',(-8.433810124775,10.171687774138,
    8.129116396929));
#3348 = CARTESIAN_POINT('',(-8.469227085803,10.231778370376,
    8.10917848167));
#3349 = CARTESIAN_POINT('',(-8.50301011677,10.282443066062,
    8.090063370892));
#3350 = CARTESIAN_POINT('',(-8.530678359015,10.371958143846,
    8.074346927882));
#3351 = CARTESIAN_POINT('',(-8.561542301447,10.37584038603,
    8.056751732822));
#3352 = CARTESIAN_POINT('',(-8.580626481175,10.543381946393,
    8.045796058031));
#3353 = CARTESIAN_POINT('',(-8.602470544063,10.481830228777,
    8.033313662702));
#3354 = CARTESIAN_POINT('',(-8.620538992715,10.680907602038,
    8.022877429543));
#3355 = CARTESIAN_POINT('',(-8.630378940027,10.663934833695,
    8.017233700699));
#3356 = CARTESIAN_POINT('',(-8.640644441263,10.782575609507,
    8.011310598329));
#3357 = CARTESIAN_POINT('',(-8.646918817475,10.838078169771,
    8.007693561013));
#3358 = CARTESIAN_POINT('',(-8.649858791061,10.921634619303,
    8.005998096517));
#3359 = CARTESIAN_POINT('',(-8.64983046071,11.014323438425,
    8.006014433366));
#3360 = DEFINITIONAL_REPRESENTATION('',(#3361),#3365);
#3361 = LINE('',#3362,#3363);
#3362 = CARTESIAN_POINT('',(4.90985667006,0.));
#3363 = VECTOR('',#3364,1.);
#3364 = DIRECTION('',(0.,1.));
#3365 = ( GEOMETRIC_REPRESENTATION_CONTEXT(2) 
PARAMETRIC_REPRESENTATION_CONTEXT() REPRESENTATION_CONTEXT('2D SPACE',''
  ) );
#3366 = ORIENTED_EDGE('',*,*,#3367,.F.);
#3367 = EDGE_CURVE('',#3368,#2982,#3370,.T.);
#3368 = VERTEX_POINT('',#3369);
#3369 = CARTESIAN_POINT('',(-1.7,0.912202974312,10.403667496477));
#3370 = SURFACE_CURVE('',#3371,(#3430,#3580),.PCURVE_S1.);
#3371 = ( BOUNDED_CURVE() B_SPLINE_CURVE(8,(#3372,#3373,#3374,#3375,
    #3376,#3377,#3378,#3379,#3380,#3381,#3382,#3383,#3384,#3385,#3386,
    #3387,#3388,#3389,#3390,#3391,#3392,#3393,#3394,#3395,#3396,#3397,
    #3398,#3399,#3400,#3401,#3402,#3403,#3404,#3405,#3406,#3407,#3408,
    #3409,#3410,#3411,#3412,#3413,#3414,#3415,#3416,#3417,#3418,#3419,
    #3420,#3421,#3422,#3423,#3424,#3425,#3426,#3427,#3428,#3429),
.UNSPECIFIED.,.F.,.F.) B_SPLINE_CURVE_WITH_KNOTS((9,7,7,7,7,7,7,7,9),(
    135.22958565521,135.23530967393,137.87874206801,140.8151480729,
    146.41272227017,151.98606489383,154.93139017074,157.59011904603,
157.59277081981),.UNSPECIFIED.) CURVE() GEOMETRIC_REPRESENTATION_ITEM() 
RATIONAL_B_SPLINE_CURVE((1.,1.,1.,1.,1.,1.,1.,1.,1.,1.,1.,1.,1.,1.,1.,1.
    ,1.,1.,1.,1.,1.,1.,1.,1.,1.,1.,1.,1.,1.,1.,1.,1.,1.,1.,1.,1.,1.,1.,
    1.,1.,1.,1.,1.,1.,1.,1.,1.,1.,1.,1.,1.,1.,1.,1.,1.,1.,1.,1.)) 
REPRESENTATION_ITEM('') );
#3372 = CARTESIAN_POINT('',(6.581532988563,7.019702569877,9.056114117349
    ));
#3373 = CARTESIAN_POINT('',(6.581533304514,7.018987300696,9.056113978719
    ));
#3374 = CARTESIAN_POINT('',(6.581533570554,7.01827297986,9.056113861989)
  );
#3375 = CARTESIAN_POINT('',(6.581533786828,7.017559611948,9.056113767095
    ));
#3376 = CARTESIAN_POINT('',(6.581533953483,7.016847201538,9.056113693972
    ));
#3377 = CARTESIAN_POINT('',(6.581534070664,7.01613575321,9.056113642556)
  );
#3378 = CARTESIAN_POINT('',(6.581534138519,7.015425271542,9.056113612784
    ));
#3379 = CARTESIAN_POINT('',(6.581534157192,7.014715761114,9.05611360459)
  );
#3380 = CARTESIAN_POINT('',(6.581520105283,6.686795973244,9.056119770132
    ));
#3381 = CARTESIAN_POINT('',(6.563005034118,6.374348124078,9.064245104996
    ));
#3382 = CARTESIAN_POINT('',(6.526005942003,6.06901634767,9.080474416502)
  );
#3383 = CARTESIAN_POINT('',(6.472771751878,5.76771585685,9.103704633982)
  );
#3384 = CARTESIAN_POINT('',(6.402565775706,5.469401997623,9.134024350852
    ));
#3385 = CARTESIAN_POINT('',(6.314645930906,5.17546506123,9.17141658962)
  );
#3386 = CARTESIAN_POINT('',(6.211313818553,4.889269123935,9.214453385971
    ));
#3387 = CARTESIAN_POINT('',(5.961370316793,4.302020377451,9.315978833472
    ));
#3388 = CARTESIAN_POINT('',(5.811291370523,4.002950771349,9.375622429175
    ));
#3389 = CARTESIAN_POINT('',(5.643842763472,3.715110640729,9.440350904));
#3390 = CARTESIAN_POINT('',(5.460091747325,3.439376478621,9.509020919953
    ));
#3391 = CARTESIAN_POINT('',(5.261022505988,3.176364930776,9.580488322783
    ));
#3392 = CARTESIAN_POINT('',(5.047561634984,2.926554195177,9.653620005862
    ));
#3393 = CARTESIAN_POINT('',(4.820603620846,2.690405421571,9.727305774069
    ));
#3394 = CARTESIAN_POINT('',(4.124357054561,2.045442814964,9.939941161282
    ));
#3395 = CARTESIAN_POINT('',(3.62189996531,1.673998499721,10.077522731197
    ));
#3396 = CARTESIAN_POINT('',(3.079179941469,1.357180281805,10.20582692285
    ));
#3397 = CARTESIAN_POINT('',(2.502456951385,1.097990217555,
    10.318023839461));
#3398 = CARTESIAN_POINT('',(1.897150383068,0.899969386631,10.40760316792
    ));
#3399 = CARTESIAN_POINT('',(1.271016556348,0.766576575725,
    10.469244616811));
#3400 = CARTESIAN_POINT('',(0.635662551531,0.699997187533,
    10.500001292591));
#3401 = CARTESIAN_POINT('',(-0.632971675384,0.700002800414,
    10.499998712943));
#3402 = CARTESIAN_POINT('',(-1.266261652941,0.766060187285,
    10.469474505849));
#3403 = CARTESIAN_POINT('',(-1.888871427012,0.89847101049,
    10.408331618539));
#3404 = CARTESIAN_POINT('',(-2.491010117248,1.093960654888,
    10.319787709372));
#3405 = CARTESIAN_POINT('',(-3.067934915134,1.352251726043,
    10.208005104156));
#3406 = CARTESIAN_POINT('',(-3.607269232321,1.665499494416,
    10.08095726759));
#3407 = CARTESIAN_POINT('',(-4.109078383148,2.034181310624,
    9.944116328864));
#3408 = CARTESIAN_POINT('',(-4.806191569471,2.675602358155,
    9.731953879758));
#3409 = CARTESIAN_POINT('',(-5.034529117055,2.911645979166,
    9.658037506486));
#3410 = CARTESIAN_POINT('',(-5.249381463821,3.161531998567,
    9.584607937045));
#3411 = CARTESIAN_POINT('',(-5.449846252246,3.424795799636,
    9.512784842319));
#3412 = CARTESIAN_POINT('',(-5.634938729361,3.700885387646,
    9.443729649603));
#3413 = CARTESIAN_POINT('',(-5.803615505011,3.989108420688,9.3786157418)
  );
#3414 = CARTESIAN_POINT('',(-5.954798310108,4.288579240489,
    9.318598656623));
#3415 = CARTESIAN_POINT('',(-6.207094542028,4.87762807542,9.216210155572
    ));
#3416 = CARTESIAN_POINT('',(-6.311746969041,5.165445173776,
    9.172642620856));
#3417 = CARTESIAN_POINT('',(-6.400221449442,5.460431877989,
    9.135041787425));
#3418 = CARTESIAN_POINT('',(-6.471833251513,5.76109555489,9.104121341342
    ));
#3419 = CARTESIAN_POINT('',(-6.526161493963,6.06611211734,9.080408585701
    ));
#3420 = CARTESIAN_POINT('',(-6.562864141574,6.374801883108,9.06430247738
    ));
#3421 = CARTESIAN_POINT('',(-6.581493000851,6.687605433749,9.05613166379
    ));
#3422 = CARTESIAN_POINT('',(-6.581308531868,7.006877593156,
    9.056212600279));
#3423 = CARTESIAN_POINT('',(-6.581308338914,7.007196214764,
    9.056212684938));
#3424 = CARTESIAN_POINT('',(-6.581308136714,7.007515335757,
    9.056212773654));
#3425 = CARTESIAN_POINT('',(-6.581307925173,7.007834953583,
    9.056212866468));
#3426 = CARTESIAN_POINT('',(-6.581307704198,7.008155065693,
    9.056212963422));
#3427 = CARTESIAN_POINT('',(-6.581307473694,7.008475669536,
    9.056213064557));
#3428 = CARTESIAN_POINT('',(-6.581307233566,7.008796762562,
    9.056213169914));
#3429 = CARTESIAN_POINT('',(-6.58130698372,7.00911834222,9.056213279535)
  );
#3430 = PCURVE('',#38,#3431);
#3431 = DEFINITIONAL_REPRESENTATION('',(#3432),#3579);
#3432 = B_SPLINE_CURVE_WITH_KNOTS('',9,(#3433,#3434,#3435,#3436,#3437,
    #3438,#3439,#3440,#3441,#3442,#3443,#3444,#3445,#3446,#3447,#3448,
    #3449,#3450,#3451,#3452,#3453,#3454,#3455,#3456,#3457,#3458,#3459,
    #3460,#3461,#3462,#3463,#3464,#3465,#3466,#3467,#3468,#3469,#3470,
    #3471,#3472,#3473,#3474,#3475,#3476,#3477,#3478,#3479,#3480,#3481,
    #3482,#3483,#3484,#3485,#3486,#3487,#3488,#3489,#3490,#3491,#3492,
    #3493,#3494,#3495,#3496,#3497,#3498,#3499,#3500,#3501,#3502,#3503,
    #3504,#3505,#3506,#3507,#3508,#3509,#3510,#3511,#3512,#3513,#3514,
    #3515,#3516,#3517,#3518,#3519,#3520,#3521,#3522,#3523,#3524,#3525,
    #3526,#3527,#3528,#3529,#3530,#3531,#3532,#3533,#3534,#3535,#3536,
    #3537,#3538,#3539,#3540,#3541,#3542,#3543,#3544,#3545,#3546,#3547,
    #3548,#3549,#3550,#3551,#3552,#3553,#3554,#3555,#3556,#3557,#3558,
    #3559,#3560,#3561,#3562,#3563,#3564,#3565,#3566,#3567,#3568,#3569,
    #3570,#3571,#3572,#3573,#3574,#3575,#3576,#3577,#3578),
  .UNSPECIFIED.,.F.,.F.,(10,8,8,8,8,8,8,8,8,8,8,8,8,8,8,8,8,8,10),(
    135.22958565521,135.27326375123,135.31694184726,135.40429803931,
    135.5790104234,135.9284351916,136.62728472799,138.02498380078,
    140.82038194636,146.41117823751,152.00197452866,154.79737267423,
    156.19507174702,156.89392128342,157.24334605161,157.41805843571,
    157.50541462776,157.54909272378,157.59277081981),.UNSPECIFIED.);
#3433 = CARTESIAN_POINT('',(0.865640721587,0.334271550947));
#3434 = CARTESIAN_POINT('',(0.865640840645,0.334040525218));
#3435 = CARTESIAN_POINT('',(0.865640833034,0.33381151967));
#3436 = CARTESIAN_POINT('',(0.865640827762,0.333587225759));
#3437 = CARTESIAN_POINT('',(0.865639998722,0.333350593335));
#3438 = CARTESIAN_POINT('',(0.865639742713,0.333130413358));
#3439 = CARTESIAN_POINT('',(0.865638614233,0.332896902416));
#3440 = CARTESIAN_POINT('',(0.865637618957,0.332670773871));
#3441 = CARTESIAN_POINT('',(0.86563629147,0.332442441184));
#3442 = CARTESIAN_POINT('',(0.865633234587,0.331986770017));
#3443 = CARTESIAN_POINT('',(0.865631487968,0.331759077166));
#3444 = CARTESIAN_POINT('',(0.865629523212,0.331531526027));
#3445 = CARTESIAN_POINT('',(0.86562734036,0.331304115574));
#3446 = CARTESIAN_POINT('',(0.865624939452,0.331076844786));
#3447 = CARTESIAN_POINT('',(0.865622320528,0.330849712639));
#3448 = CARTESIAN_POINT('',(0.865619483631,0.33062271811));
#3449 = CARTESIAN_POINT('',(0.865616428799,0.330395860176));
#3450 = CARTESIAN_POINT('',(0.865606610624,0.329715693088));
#3451 = CARTESIAN_POINT('',(0.865599193476,0.329262790311));
#3452 = CARTESIAN_POINT('',(0.865590905212,0.328810421897));
#3453 = CARTESIAN_POINT('',(0.865581746413,0.32835858026));
#3454 = CARTESIAN_POINT('',(0.86557171766,0.327907257815));
#3455 = CARTESIAN_POINT('',(0.865560819536,0.327456446977));
#3456 = CARTESIAN_POINT('',(0.865549052621,0.327006140161));
#3457 = CARTESIAN_POINT('',(0.865536417498,0.32655632978));
#3458 = CARTESIAN_POINT('',(0.865495909246,0.325208365193));
#3459 = CARTESIAN_POINT('',(0.865465432398,0.324311672659));
#3460 = CARTESIAN_POINT('',(0.865431491402,0.323416878855));
#3461 = CARTESIAN_POINT('',(0.865394093452,0.322523931982));
#3462 = CARTESIAN_POINT('',(0.865353245747,0.321632780245));
#3463 = CARTESIAN_POINT('',(0.865308955482,0.320743371848));
#3464 = CARTESIAN_POINT('',(0.865261229855,0.319855654994));
#3465 = CARTESIAN_POINT('',(0.865210076062,0.318969577886));
#3466 = CARTESIAN_POINT('',(0.865046351776,0.316316110413));
#3467 = CARTESIAN_POINT('',(0.864923520452,0.314553508051));
#3468 = CARTESIAN_POINT('',(0.864787076637,0.31279691482));
#3469 = CARTESIAN_POINT('',(0.864637087791,0.311045989328));
#3470 = CARTESIAN_POINT('',(0.864473619526,0.30930041561));
#3471 = CARTESIAN_POINT('',(0.864296735603,0.307559903135));
#3472 = CARTESIAN_POINT('',(0.864106497936,0.305824186796));
#3473 = CARTESIAN_POINT('',(0.863902966589,0.304093026919));
#3474 = CARTESIAN_POINT('',(0.863252666154,0.298912573938));
#3475 = CARTESIAN_POINT('',(0.862766211365,0.295476259326));
#3476 = CARTESIAN_POINT('',(0.862227232849,0.292055598035));
#3477 = CARTESIAN_POINT('',(0.861636080253,0.288649230141));
#3478 = CARTESIAN_POINT('',(0.860993055438,0.28525610318));
#3479 = CARTESIAN_POINT('',(0.860298412478,0.281875472146));
#3480 = CARTESIAN_POINT('',(0.859552357657,0.278506899498));
#3481 = CARTESIAN_POINT('',(0.858755049472,0.275150255152));
#3482 = CARTESIAN_POINT('',(0.856209696955,0.265116639158));
#3483 = CARTESIAN_POINT('',(0.854308543907,0.258475984918));
#3484 = CARTESIAN_POINT('',(0.852203634617,0.251883533283));
#3485 = CARTESIAN_POINT('',(0.849899461158,0.245347005877));
#3486 = CARTESIAN_POINT('',(0.847395382538,0.238869964294));
#3487 = CARTESIAN_POINT('',(0.844698410164,0.23246398735));
#3488 = CARTESIAN_POINT('',(0.841818880802,0.226141908496));
#3489 = CARTESIAN_POINT('',(0.838754428102,0.219899594434));
#3490 = CARTESIAN_POINT('',(0.829027452455,0.201434150013));
#3491 = CARTESIAN_POINT('',(0.821830172137,0.189470714748));
#3492 = CARTESIAN_POINT('',(0.813956989955,0.177886055184));
#3493 = CARTESIAN_POINT('',(0.805442010181,0.166704343517));
#3494 = CARTESIAN_POINT('',(0.79631720572,0.155944010879));
#3495 = CARTESIAN_POINT('',(0.786612910494,0.145619748747));
#3496 = CARTESIAN_POINT('',(0.77635831183,0.135744510369));
#3497 = CARTESIAN_POINT('',(0.765581942842,0.12633151218));
#3498 = CARTESIAN_POINT('',(0.731772638775,9.952568130297E-02));
#3499 = CARTESIAN_POINT('',(0.707261204946,8.356214569404E-02));
#3500 = CARTESIAN_POINT('',(0.680981432648,6.960141399844E-02));
#3501 = CARTESIAN_POINT('',(0.653159721646,5.773863668715E-02));
#3502 = CARTESIAN_POINT('',(0.624006554973,4.808016026401E-02));
#3503 = CARTESIAN_POINT('',(0.593765241829,4.073665436246E-02));
#3504 = CARTESIAN_POINT('',(0.562769402978,3.580403148456E-02));
#3505 = CARTESIAN_POINT('',(0.531430441093,3.333865609687E-02));
#3506 = CARTESIAN_POINT('',(0.46872203588,3.332802349405E-02));
#3507 = CARTESIAN_POINT('',(0.437352076087,3.578437519679E-02));
#3508 = CARTESIAN_POINT('',(0.406377073523,4.07130261736E-02));
#3509 = CARTESIAN_POINT('',(0.376177168347,4.802466979287E-02));
#3510 = CARTESIAN_POINT('',(0.346977428017,5.768554097166E-02));
#3511 = CARTESIAN_POINT('',(0.319120115913,6.955481831756E-02));
#3512 = CARTESIAN_POINT('',(0.292890571641,8.347965292435E-02));
#3513 = CARTESIAN_POINT('',(0.268349947465,9.944410483389E-02));
#3514 = CARTESIAN_POINT('',(0.234527510332,0.126236979448));
#3515 = CARTESIAN_POINT('',(0.22374824887,0.135643649641));
#3516 = CARTESIAN_POINT('',(0.21348918378,0.145514323551));
#3517 = CARTESIAN_POINT('',(0.203778267505,0.155836532006));
#3518 = CARTESIAN_POINT('',(0.194645642424,0.166596181445));
#3519 = CARTESIAN_POINT('',(0.186123190455,0.177776690423));
#3520 = CARTESIAN_POINT('',(0.178244082669,0.189358126128));
#3521 = CARTESIAN_POINT('',(0.171042328896,0.201316340885));
#3522 = CARTESIAN_POINT('',(0.161307326557,0.219774992565));
#3523 = CARTESIAN_POINT('',(0.158240898118,0.22601409826));
#3524 = CARTESIAN_POINT('',(0.155353345439,0.232339878346));
#3525 = CARTESIAN_POINT('',(0.15265522945,0.238742437574));
#3526 = CARTESIAN_POINT('',(0.150149518569,0.245216688195));
#3527 = CARTESIAN_POINT('',(0.147838880442,0.251757335015));
#3528 = CARTESIAN_POINT('',(0.145728534238,0.258357018003));
#3529 = CARTESIAN_POINT('',(0.143820052545,0.265011545253));
#3530 = CARTESIAN_POINT('',(0.141264681977,0.275069358295));
#3531 = CARTESIAN_POINT('',(0.140464111433,0.27843466506));
#3532 = CARTESIAN_POINT('',(0.139715069497,0.281812151486));
#3533 = CARTESIAN_POINT('',(0.139017865139,0.285201401886));
#3534 = CARTESIAN_POINT('',(0.138372807333,0.288602107643));
#3535 = CARTESIAN_POINT('',(0.137780205058,0.29201406721));
#3536 = CARTESIAN_POINT('',(0.1372403673,0.295437186109));
#3537 = CARTESIAN_POINT('',(0.13675360305,0.29887147693));
#3538 = CARTESIAN_POINT('',(0.136103530427,0.304039850537));
#3539 = CARTESIAN_POINT('',(0.135900188003,0.305765470853));
#3540 = CARTESIAN_POINT('',(0.135710234267,0.307493938784));
#3541 = CARTESIAN_POINT('',(0.135533710803,0.309225282486));
#3542 = CARTESIAN_POINT('',(0.135370660538,0.310959539769));
#3543 = CARTESIAN_POINT('',(0.135221127746,0.312696758094));
#3544 = CARTESIAN_POINT('',(0.135085158043,0.314436994576));
#3545 = CARTESIAN_POINT('',(0.13496279839,0.316180315985));
#3546 = CARTESIAN_POINT('',(0.134799746444,0.318800040119));
#3547 = CARTESIAN_POINT('',(0.134748810032,0.319674069593));
#3548 = CARTESIAN_POINT('',(0.134701294323,0.320548898914));
#3549 = CARTESIAN_POINT('',(0.134657205783,0.321424539832));
#3550 = CARTESIAN_POINT('',(0.134616550879,0.322301004098));
#3551 = CARTESIAN_POINT('',(0.134579336079,0.323178303463));
#3552 = CARTESIAN_POINT('',(0.134545567848,0.324056449677));
#3553 = CARTESIAN_POINT('',(0.134515252654,0.324935454492));
#3554 = CARTESIAN_POINT('',(0.134474969118,0.32625526724));
#3555 = CARTESIAN_POINT('',(0.134462406229,0.326695422863));
#3556 = CARTESIAN_POINT('',(0.134450709182,0.327135798398));
#3557 = CARTESIAN_POINT('',(0.134439878861,0.327576395719));
#3558 = CARTESIAN_POINT('',(0.134429916151,0.328017216696));
#3559 = CARTESIAN_POINT('',(0.134420821936,0.328458263204));
#3560 = CARTESIAN_POINT('',(0.134412597102,0.328899537113));
#3561 = CARTESIAN_POINT('',(0.134405242533,0.329341040297));
#3562 = CARTESIAN_POINT('',(0.134395517405,0.330003641793));
#3563 = CARTESIAN_POINT('',(0.134392493489,0.330224566775));
#3564 = CARTESIAN_POINT('',(0.134389687482,0.330445549834));
#3565 = CARTESIAN_POINT('',(0.134387099501,0.330666591232));
#3566 = CARTESIAN_POINT('',(0.134384729661,0.330887691228));
#3567 = CARTESIAN_POINT('',(0.134382578078,0.331108850083));
#3568 = CARTESIAN_POINT('',(0.134380644868,0.331330068058));
#3569 = CARTESIAN_POINT('',(0.134378930148,0.331551345413));
#3570 = CARTESIAN_POINT('',(0.134375937916,0.331994019403));
#3571 = CARTESIAN_POINT('',(0.134374664264,0.332215236281));
#3572 = CARTESIAN_POINT('',(0.134373581579,0.332437803222));
#3573 = CARTESIAN_POINT('',(0.134372813231,0.332656006906));
#3574 = CARTESIAN_POINT('',(0.134372057527,0.332883792046));
#3575 = CARTESIAN_POINT('',(0.134371830114,0.333097428615));
#3576 = CARTESIAN_POINT('',(0.134371485787,0.333326500689));
#3577 = CARTESIAN_POINT('',(0.134371631014,0.333543335785));
#3578 = CARTESIAN_POINT('',(0.134371834238,0.333767540106));
#3579 = ( GEOMETRIC_REPRESENTATION_CONTEXT(2) 
PARAMETRIC_REPRESENTATION_CONTEXT() REPRESENTATION_CONTEXT('2D SPACE',''
  ) );
#3580 = PCURVE('',#3581,#3756);
#3581 = ( BOUNDED_SURFACE() B_SPLINE_SURFACE(2,8,(
    (#3582,#3583,#3584,#3585,#3586,#3587,#3588,#3589,#3590,#3591,#3592
      ,#3593,#3594,#3595,#3596,#3597,#3598,#3599,#3600,#3601,#3602,#3603
      ,#3604,#3605,#3606,#3607,#3608,#3609,#3610,#3611,#3612,#3613,#3614
      ,#3615,#3616,#3617,#3618,#3619,#3620,#3621,#3622,#3623,#3624,#3625
      ,#3626,#3627,#3628,#3629,#3630,#3631,#3632,#3633,#3634,#3635,#3636
      ,#3637,#3638,#3639)
    ,(#3640,#3641,#3642,#3643,#3644,#3645,#3646,#3647,#3648,#3649,#3650
      ,#3651,#3652,#3653,#3654,#3655,#3656,#3657,#3658,#3659,#3660,#3661
      ,#3662,#3663,#3664,#3665,#3666,#3667,#3668,#3669,#3670,#3671,#3672
      ,#3673,#3674,#3675,#3676,#3677,#3678,#3679,#3680,#3681,#3682,#3683
      ,#3684,#3685,#3686,#3687,#3688,#3689,#3690,#3691,#3692,#3693,#3694
      ,#3695,#3696,#3697)
    ,(#3698,#3699,#3700,#3701,#3702,#3703,#3704,#3705,#3706,#3707,#3708
      ,#3709,#3710,#3711,#3712,#3713,#3714,#3715,#3716,#3717,#3718,#3719
      ,#3720,#3721,#3722,#3723,#3724,#3725,#3726,#3727,#3728,#3729,#3730
      ,#3731,#3732,#3733,#3734,#3735,#3736,#3737,#3738,#3739,#3740,#3741
      ,#3742,#3743,#3744,#3745,#3746,#3747,#3748,#3749,#3750,#3751,#3752
      ,#3753,#3754,#3755
)),.UNSPECIFIED.,.F.,.F.,.F.) B_SPLINE_SURFACE_WITH_KNOTS((3,3),(9,7,7,7
    ,7,7,7,7,9),(0.,22.363185164602),(135.22958565521,135.23530967393,
    137.87874206801,140.8151480729,146.41272227017,151.98606489383,
    154.93139017074,157.59011904603,157.59277081981),.UNSPECIFIED.) 
GEOMETRIC_REPRESENTATION_ITEM() RATIONAL_B_SPLINE_SURFACE((
    (1.,1.,1.,1.,1.,1.,1.,1.,1.,1.,1.,1.,1.,1.,1.,1.,1.,1.,1.,1.,1.,1.
      ,1.,1.,1.,1.,1.,1.,1.,1.,1.,1.,1.,1.,1.,1.,1.,1.,1.,1.,1.,1.,1.,1.
      ,1.,1.,1.,1.,1.,1.,1.,1.,1.,1.,1.,1.,1.,1.)
    ,(0.837246874384,0.837246571717,0.83724627462,0.837245983048
      ,0.837245696959,0.837245416308,0.83724514105,0.837244871141
      ,0.837122409017,0.836649286081,0.835334333387,0.833529289447
      ,0.831219138616,0.828267319885,0.824877134878,0.816758486127
      ,0.811936099347,0.806630337545,0.800910921358,0.794851975801
      ,0.788533263504,0.782041417959,0.76294654203,0.750134590866
      ,0.737693664842,0.726329797313,0.716942197717,0.710378628301
      ,0.70710665837,0.707106903444,0.710356084034,0.716860191734
      ,0.726149326175,0.737470705342,0.749801699932,0.762557543672
      ,0.78163104881,0.788150243281,0.794500824143,0.800595074923
      ,0.806350848514,0.811691700045,0.816547019749,0.824738397446
      ,0.828172451461,0.831115657428,0.833522637847,0.835351256746
      ,0.836572568261,0.837180765214,0.837203149995,0.837203173492
      ,0.83720319818,0.83720322406,0.837203251131,0.837203279392
      ,0.837203308843,0.837203339484)
    ,(1.,1.,1.,1.,1.,1.,1.,1.,1.,1.,1.,1.,1.,1.,1.,1.,1.,1.,1.,1.,1.,1.
      ,1.,1.,1.,1.,1.,1.,1.,1.,1.,1.,1.,1.,1.,1.,1.,1.,1.,1.,1.,1.,1.,1.
,1.,1.,1.,1.,1.,1.,1.,1.,1.,1.,1.,1.,1.,1.
))) REPRESENTATION_ITEM('') SURFACE() );
#3582 = CARTESIAN_POINT('',(7.,7.,8.415355344569));
#3583 = CARTESIAN_POINT('',(7.,6.999273899771,8.415354557499));
#3584 = CARTESIAN_POINT('',(6.999999913927,6.998547405466,8.415353824423
    ));
#3585 = CARTESIAN_POINT('',(6.999999741613,6.997820515051,8.415353145296
    ));
#3586 = CARTESIAN_POINT('',(6.999999482892,6.997093226488,8.415352520072
    ));
#3587 = CARTESIAN_POINT('',(6.999999137595,6.996365537741,8.415351948706
    ));
#3588 = CARTESIAN_POINT('',(6.999998705557,6.995637446776,8.415351431153
    ));
#3589 = CARTESIAN_POINT('',(6.999998186609,6.994908951555,8.415350967367
    ));
#3590 = CARTESIAN_POINT('',(6.999717709923,6.657563074892,8.415161184375
    ));
#3591 = CARTESIAN_POINT('',(6.98094495383,6.314429579876,8.422911208815)
  );
#3592 = CARTESIAN_POINT('',(6.942342816612,5.971385098058,8.437931457424
    ));
#3593 = CARTESIAN_POINT('',(6.884647610928,5.632824982433,8.460584825687
    ));
#3594 = CARTESIAN_POINT('',(6.808597943267,5.300027037527,8.490280879593
    ));
#3595 = CARTESIAN_POINT('',(6.714814821408,4.9736631695,8.526068740616)
  );
#3596 = CARTESIAN_POINT('',(6.604225235779,4.655695509052,8.567546579732
    ));
#3597 = CARTESIAN_POINT('',(6.336987372514,4.003294614347,8.665234701185
    ));
#3598 = CARTESIAN_POINT('',(6.176585174322,3.671045712007,8.722602825593
    ));
#3599 = CARTESIAN_POINT('',(5.997661306701,3.351219887279,8.784847070211
    ));
#3600 = CARTESIAN_POINT('',(5.8013811272,3.044791126332,8.850860942964)
  );
#3601 = CARTESIAN_POINT('',(5.588838891912,2.752472494046,8.919532603681
    ));
#3602 = CARTESIAN_POINT('',(5.361067131127,2.474825359393,8.989762658732
    ));
#3603 = CARTESIAN_POINT('',(5.11904602498,2.212368620808,9.060481955671)
  );
#3604 = CARTESIAN_POINT('',(4.37697940966,1.495448646277,9.26446535256)
  );
#3605 = CARTESIAN_POINT('',(3.841921288269,1.082470884805,9.396325317967
    ));
#3606 = CARTESIAN_POINT('',(3.264781587278,0.730291916287,9.519115954378
    ));
#3607 = CARTESIAN_POINT('',(2.652087135826,0.442166486041,9.626354322159
    ));
#3608 = CARTESIAN_POINT('',(2.009866141915,0.222102677441,9.711870342636
    ));
#3609 = CARTESIAN_POINT('',(1.346395904007,7.39689738009E-02,
    9.770656648958));
#3610 = CARTESIAN_POINT('',(0.673318577783,-3.552933891982E-06,
    9.800001443688));
#3611 = CARTESIAN_POINT('',(-0.670477533346,3.537747931048E-06,
    9.799998562432));
#3612 = CARTESIAN_POINT('',(-1.341187484149,7.338104328372E-02,
    9.770883135699));
#3613 = CARTESIAN_POINT('',(-2.001177546167,0.220391525677,
    9.712583089221));
#3614 = CARTESIAN_POINT('',(-2.640220402844,0.437871493259,
    9.627964335432));
#3615 = CARTESIAN_POINT('',(-3.252479485702,0.724609218665,
    9.521277287708));
#3616 = CARTESIAN_POINT('',(-3.826534720715,1.073132261692,
    9.399572116539));
#3617 = CARTESIAN_POINT('',(-4.360693733803,1.482914772547,
    9.268471230276));
#3618 = CARTESIAN_POINT('',(-5.103665255174,2.195901857709,
    9.064946874651));
#3619 = CARTESIAN_POINT('',(-5.347179077257,2.458280436409,
    8.993998862474));
#3620 = CARTESIAN_POINT('',(-5.576436015183,2.736017949145,
    8.923482580114));
#3621 = CARTESIAN_POINT('',(-5.790445281091,3.028590466737,
    8.854476831777));
#3622 = CARTESIAN_POINT('',(-5.98813402032,3.335387436343,8.788100744455
    ));
#3623 = CARTESIAN_POINT('',(-6.168367367822,3.655644279683,
    8.725486581686));
#3624 = CARTESIAN_POINT('',(-6.329968504569,3.988374991272,
    8.667752557312));
#3625 = CARTESIAN_POINT('',(-6.599713899713,4.642768220007,
    8.569236920025));
#3626 = CARTESIAN_POINT('',(-6.711495872269,4.962457046005,
    8.527350991001));
#3627 = CARTESIAN_POINT('',(-6.806329044354,5.290107624707,
    8.491086806049));
#3628 = CARTESIAN_POINT('',(-6.883313352106,5.624704148671,
    8.461187866004));
#3629 = CARTESIAN_POINT('',(-6.941588103065,5.965056588221,
    8.438301303827));
#3630 = CARTESIAN_POINT('',(-6.980515824149,6.309378686718,
    8.422906959764));
#3631 = CARTESIAN_POINT('',(-6.999866109623,6.654865955841,
    8.415246456523));
#3632 = CARTESIAN_POINT('',(-6.999999602091,6.997615182848,
    8.415252280236));
#3633 = CARTESIAN_POINT('',(-6.99999971598,6.997956486752,8.415252297843
    ));
#3634 = CARTESIAN_POINT('',(-6.999999810787,6.998297583631,8.41525232724
    ));
#3635 = CARTESIAN_POINT('',(-6.999999886553,6.998638474553,
    8.415252368411));
#3636 = CARTESIAN_POINT('',(-6.999999943316,6.998979160584,
    8.415252421341));
#3637 = CARTESIAN_POINT('',(-6.999999981119,6.999319642791,
    8.415252486015));
#3638 = CARTESIAN_POINT('',(-7.,6.99965992224,8.415252562416));
#3639 = CARTESIAN_POINT('',(-7.,7.,8.41525265053));
#3640 = CARTESIAN_POINT('',(7.,7.00585816804,8.872503821322));
#3641 = CARTESIAN_POINT('',(7.00000060766,7.005135277613,8.872503545885)
  );
#3642 = CARTESIAN_POINT('',(7.000001130333,7.00441239257,8.872503309131)
  );
#3643 = CARTESIAN_POINT('',(7.000001568025,7.003689512832,8.872503111052
    ));
#3644 = CARTESIAN_POINT('',(7.00000192074,7.002966638317,8.872502951642)
  );
#3645 = CARTESIAN_POINT('',(7.000002188483,7.002243768947,8.872502830895
    ));
#3646 = CARTESIAN_POINT('',(7.00000237126,7.00152090464,8.872502748806)
  );
#3647 = CARTESIAN_POINT('',(7.000002469075,7.000798045315,8.872502705367
    ));
#3648 = CARTESIAN_POINT('',(7.000008420552,6.666202011715,8.872500486119
    ));
#3649 = CARTESIAN_POINT('',(6.981823413774,6.331827215464,8.880996685956
    ));
#3650 = CARTESIAN_POINT('',(6.945268850548,5.999035830632,8.898070103592
    ));
#3651 = CARTESIAN_POINT('',(6.890967796104,5.670449696819,8.923262639128
    ));
#3652 = CARTESIAN_POINT('',(6.819260010611,5.346802770559,8.956195060773
    ));
#3653 = CARTESIAN_POINT('',(6.730609313161,5.028710548427,8.996333588967
    ));
#3654 = CARTESIAN_POINT('',(6.626201686933,4.718983632734,9.042676690562
    ));
#3655 = CARTESIAN_POINT('',(6.372803740161,4.079920050655,9.152505437154
    ));
#3656 = CARTESIAN_POINT('',(6.219572432173,3.752056810033,9.217547589762
    ));
#3657 = CARTESIAN_POINT('',(6.048268341504,3.435740690939,9.288347215936
    ));
#3658 = CARTESIAN_POINT('',(5.860018044087,3.13204223166,9.363663336375)
  );
#3659 = CARTESIAN_POINT('',(5.655869804954,2.841696310209,9.442252041526
    ));
#3660 = CARTESIAN_POINT('',(5.436770697341,2.565224304539,9.522890407971
    ));
#3661 = CARTESIAN_POINT('',(5.203543657695,2.30306043105,9.604402971583)
  );
#3662 = CARTESIAN_POINT('',(4.474860481922,1.572314501191,9.844526612269
    ));
#3663 = CARTESIAN_POINT('',(3.940599759324,1.14440928375,10.002803572791
    ));
#3664 = CARTESIAN_POINT('',(3.360335199168,0.776987383888,
    10.151623239894));
#3665 = CARTESIAN_POINT('',(2.741020311278,0.474254327262,10.28274964064
    ));
#3666 = CARTESIAN_POINT('',(2.087487907818,0.240523084583,
    10.388614258232));
#3667 = CARTESIAN_POINT('',(1.4058425004,8.083401281233E-02,
    10.4625800004));
#3668 = CARTESIAN_POINT('',(0.706280703466,-4.177009164774E-06,
    10.500001907224));
#3669 = CARTESIAN_POINT('',(-0.703306063085,4.159169424423E-06,
    10.499998100926));
#3670 = CARTESIAN_POINT('',(-1.400314351736,8.018571159741E-02,
    10.46286863126));
#3671 = CARTESIAN_POINT('',(-2.078840854888,0.238685952754,
    10.389504281741));
#3672 = CARTESIAN_POINT('',(-2.72903202977,0.469805149101,
    10.284709960197));
#3673 = CARTESIAN_POINT('',(-3.348059973054,0.771051651512,
    10.154232442085));
#3674 = CARTESIAN_POINT('',(-3.925414118323,1.134852097615,
    10.006671765119));
#3675 = CARTESIAN_POINT('',(-4.458869841967,1.559544074456,
    9.849254305416));
#3676 = CARTESIAN_POINT('',(-5.188614231143,2.286488651996,9.60958765215
    ));
#3677 = CARTESIAN_POINT('',(-5.423334082751,2.548645199731,
    9.527785719912));
#3678 = CARTESIAN_POINT('',(-5.64391014006,2.825278058477,9.446794120923
    ));
#3679 = CARTESIAN_POINT('',(-5.849510154315,3.115945635757,
    9.367799892861));
#3680 = CARTESIAN_POINT('',(-6.039146380291,3.420072390048,
    9.292050761309));
#3681 = CARTESIAN_POINT('',(-6.211731053314,3.736870283762,
    9.220815339398));
#3682 = CARTESIAN_POINT('',(-6.366128347685,4.065259272424,
    9.155347334633));
#3683 = CARTESIAN_POINT('',(-6.621924168327,4.706336064346,
    9.044574771179));
#3684 = CARTESIAN_POINT('',(-6.727520732532,5.0177967776,8.997724952033)
  );
#3685 = CARTESIAN_POINT('',(-6.817080199479,5.337011909161,
    8.957202537864));
#3686 = CARTESIAN_POINT('',(-6.88974058677,5.662773410414,8.923827714711
    ));
#3687 = CARTESIAN_POINT('',(-6.944765550387,5.993739510355,
    8.898288436021));
#3688 = CARTESIAN_POINT('',(-6.981613188762,6.328329005098,
    8.881089757953));
#3689 = CARTESIAN_POINT('',(-7.00000492712,6.664588949419,8.872502773875
    ));
#3690 = CARTESIAN_POINT('',(-7.000000539825,7.000368649038,
    8.872509847999));
#3691 = CARTESIAN_POINT('',(-7.000000517271,7.000703210725,
    8.872509863281));
#3692 = CARTESIAN_POINT('',(-7.000000476532,7.001037775402,
    8.872509886799));
#3693 = CARTESIAN_POINT('',(-7.000000417605,7.001372343062,
    8.872509918558));
#3694 = CARTESIAN_POINT('',(-7.000000340491,7.001706913696,8.87250995856
    ));
#3695 = CARTESIAN_POINT('',(-7.000000245186,7.002041487298,8.87251000681
    ));
#3696 = CARTESIAN_POINT('',(-7.00000013169,7.002376063859,8.872510063309
    ));
#3697 = CARTESIAN_POINT('',(-7.,7.002710643373,8.872510128063));
#3698 = CARTESIAN_POINT('',(6.581532988563,7.019702569877,9.056114117349
    ));
#3699 = CARTESIAN_POINT('',(6.581533304514,7.018987300696,9.056113978719
    ));
#3700 = CARTESIAN_POINT('',(6.581533570554,7.01827297986,9.056113861989)
  );
#3701 = CARTESIAN_POINT('',(6.581533786828,7.017559611948,9.056113767095
    ));
#3702 = CARTESIAN_POINT('',(6.581533953483,7.016847201538,9.056113693972
    ));
#3703 = CARTESIAN_POINT('',(6.581534070664,7.01613575321,9.056113642556)
  );
#3704 = CARTESIAN_POINT('',(6.581534138519,7.015425271542,9.056113612784
    ));
#3705 = CARTESIAN_POINT('',(6.581534157192,7.014715761114,9.05611360459)
  );
#3706 = CARTESIAN_POINT('',(6.581520105283,6.686795973244,9.056119770132
    ));
#3707 = CARTESIAN_POINT('',(6.563005034118,6.374348124078,9.064245104996
    ));
#3708 = CARTESIAN_POINT('',(6.526005942003,6.06901634767,9.080474416502)
  );
#3709 = CARTESIAN_POINT('',(6.472771751878,5.76771585685,9.103704633982)
  );
#3710 = CARTESIAN_POINT('',(6.402565775706,5.469401997623,9.134024350852
    ));
#3711 = CARTESIAN_POINT('',(6.314645930906,5.17546506123,9.17141658962)
  );
#3712 = CARTESIAN_POINT('',(6.211313818553,4.889269123935,9.214453385971
    ));
#3713 = CARTESIAN_POINT('',(5.961370316793,4.302020377451,9.315978833472
    ));
#3714 = CARTESIAN_POINT('',(5.811291370523,4.002950771349,9.375622429175
    ));
#3715 = CARTESIAN_POINT('',(5.643842763472,3.715110640729,9.440350904));
#3716 = CARTESIAN_POINT('',(5.460091747325,3.439376478621,9.509020919953
    ));
#3717 = CARTESIAN_POINT('',(5.261022505988,3.176364930776,9.580488322783
    ));
#3718 = CARTESIAN_POINT('',(5.047561634984,2.926554195177,9.653620005862
    ));
#3719 = CARTESIAN_POINT('',(4.820603620846,2.690405421571,9.727305774069
    ));
#3720 = CARTESIAN_POINT('',(4.124357054561,2.045442814964,9.939941161282
    ));
#3721 = CARTESIAN_POINT('',(3.62189996531,1.673998499721,10.077522731197
    ));
#3722 = CARTESIAN_POINT('',(3.079179941469,1.357180281805,10.20582692285
    ));
#3723 = CARTESIAN_POINT('',(2.502456951385,1.097990217555,
    10.318023839461));
#3724 = CARTESIAN_POINT('',(1.897150383068,0.899969386631,10.40760316792
    ));
#3725 = CARTESIAN_POINT('',(1.271016556348,0.766576575725,
    10.469244616811));
#3726 = CARTESIAN_POINT('',(0.635662551531,0.699997187533,
    10.500001292591));
#3727 = CARTESIAN_POINT('',(-0.632971675384,0.700002800414,
    10.499998712943));
#3728 = CARTESIAN_POINT('',(-1.266261652941,0.766060187285,
    10.469474505849));
#3729 = CARTESIAN_POINT('',(-1.888871427012,0.89847101049,
    10.408331618539));
#3730 = CARTESIAN_POINT('',(-2.491010117248,1.093960654888,
    10.319787709372));
#3731 = CARTESIAN_POINT('',(-3.067934915134,1.352251726043,
    10.208005104156));
#3732 = CARTESIAN_POINT('',(-3.607269232321,1.665499494416,
    10.08095726759));
#3733 = CARTESIAN_POINT('',(-4.109078383148,2.034181310624,
    9.944116328864));
#3734 = CARTESIAN_POINT('',(-4.806191569471,2.675602358155,
    9.731953879758));
#3735 = CARTESIAN_POINT('',(-5.034529117055,2.911645979166,
    9.658037506486));
#3736 = CARTESIAN_POINT('',(-5.249381463821,3.161531998567,
    9.584607937045));
#3737 = CARTESIAN_POINT('',(-5.449846252246,3.424795799636,
    9.512784842319));
#3738 = CARTESIAN_POINT('',(-5.634938729361,3.700885387646,
    9.443729649603));
#3739 = CARTESIAN_POINT('',(-5.803615505011,3.989108420688,9.3786157418)
  );
#3740 = CARTESIAN_POINT('',(-5.954798310108,4.288579240489,
    9.318598656623));
#3741 = CARTESIAN_POINT('',(-6.207094542028,4.87762807542,9.216210155572
    ));
#3742 = CARTESIAN_POINT('',(-6.311746969041,5.165445173776,
    9.172642620856));
#3743 = CARTESIAN_POINT('',(-6.400221449442,5.460431877989,
    9.135041787425));
#3744 = CARTESIAN_POINT('',(-6.471833251513,5.76109555489,9.104121341342
    ));
#3745 = CARTESIAN_POINT('',(-6.526161493963,6.06611211734,9.080408585701
    ));
#3746 = CARTESIAN_POINT('',(-6.562864141574,6.374801883108,9.06430247738
    ));
#3747 = CARTESIAN_POINT('',(-6.581493000851,6.687605433749,9.05613166379
    ));
#3748 = CARTESIAN_POINT('',(-6.581308531868,7.006877593156,
    9.056212600279));
#3749 = CARTESIAN_POINT('',(-6.581308338914,7.007196214764,
    9.056212684938));
#3750 = CARTESIAN_POINT('',(-6.581308136714,7.007515335757,
    9.056212773654));
#3751 = CARTESIAN_POINT('',(-6.581307925173,7.007834953583,
    9.056212866468));
#3752 = CARTESIAN_POINT('',(-6.581307704198,7.008155065693,
    9.056212963422));
#3753 = CARTESIAN_POINT('',(-6.581307473694,7.008475669536,
    9.056213064557));
#3754 = CARTESIAN_POINT('',(-6.581307233566,7.008796762562,
    9.056213169914));
#3755 = CARTESIAN_POINT('',(-6.58130698372,7.00911834222,9.056213279535)
  );
#3756 = DEFINITIONAL_REPRESENTATION('',(#3757),#3761);
#3757 = LINE('',#3758,#3759);
#3758 = CARTESIAN_POINT('',(22.363185164602,0.));
#3759 = VECTOR('',#3760,1.);
#3760 = DIRECTION('',(0.,1.));
#3761 = ( GEOMETRIC_REPRESENTATION_CONTEXT(2) 
PARAMETRIC_REPRESENTATION_CONTEXT() REPRESENTATION_CONTEXT('2D SPACE',''
  ) );
#3762 = ORIENTED_EDGE('',*,*,#3763,.T.);
#3763 = EDGE_CURVE('',#3368,#3764,#3766,.T.);
#3764 = VERTEX_POINT('',#3765);
#3765 = CARTESIAN_POINT('',(-1.7,5.400002931527,10.403667286338));
#3766 = SURFACE_CURVE('',#3767,(#3773,#3782),.PCURVE_S1.);
#3767 = B_SPLINE_CURVE_WITH_KNOTS('',4,(#3768,#3769,#3770,#3771,#3772),
  .UNSPECIFIED.,.F.,.F.,(5,5),(0.,1.),.PIECEWISE_BEZIER_KNOTS.);
#3768 = CARTESIAN_POINT('',(-1.7,0.699875893375,10.403666666667));
#3769 = CARTESIAN_POINT('',(-1.7,2.524906920031,10.403666666667));
#3770 = CARTESIAN_POINT('',(-1.7,4.349937946688,10.403666666667));
#3771 = CARTESIAN_POINT('',(-1.7,6.174968973344,10.403666666667));
#3772 = CARTESIAN_POINT('',(-1.7,8.,10.403666666667));
#3773 = PCURVE('',#38,#3774);
#3774 = DEFINITIONAL_REPRESENTATION('',(#3775),#3781);
#3775 = B_SPLINE_CURVE_WITH_KNOTS('',4,(#3776,#3777,#3778,#3779,#3780),
  .UNSPECIFIED.,.F.,.F.,(5,5),(0.,1.),.PIECEWISE_BEZIER_KNOTS.);
#3776 = CARTESIAN_POINT('',(0.405555555556,3.332742349405E-02));
#3777 = CARTESIAN_POINT('',(0.405555555556,0.120233662859));
#3778 = CARTESIAN_POINT('',(0.405555555556,0.207139902223));
#3779 = CARTESIAN_POINT('',(0.405555555556,0.294046141588));
#3780 = CARTESIAN_POINT('',(0.405555555556,0.380952380952));
#3781 = ( GEOMETRIC_REPRESENTATION_CONTEXT(2) 
PARAMETRIC_REPRESENTATION_CONTEXT() REPRESENTATION_CONTEXT('2D SPACE',''
  ) );
#3782 = PCURVE('',#3783,#3788);
#3783 = PLANE('',#3784);
#3784 = AXIS2_PLACEMENT_3D('',#3785,#3786,#3787);
#3785 = CARTESIAN_POINT('',(-1.7,-2.,3.3));
#3786 = DIRECTION('',(1.,0.,0.));
#3787 = DIRECTION('',(0.,0.,1.));
#3788 = DEFINITIONAL_REPRESENTATION('',(#3789),#3795);
#3789 = B_SPLINE_CURVE_WITH_KNOTS('',4,(#3790,#3791,#3792,#3793,#3794),
  .UNSPECIFIED.,.F.,.F.,(5,5),(0.,1.),.PIECEWISE_BEZIER_KNOTS.);
#3790 = CARTESIAN_POINT('',(7.103666666667,-2.699875893375));
#3791 = CARTESIAN_POINT('',(7.103666666667,-4.524906920031));
#3792 = CARTESIAN_POINT('',(7.103666666667,-6.349937946688));
#3793 = CARTESIAN_POINT('',(7.103666666667,-8.174968973344));
#3794 = CARTESIAN_POINT('',(7.103666666667,-10.));
#3795 = ( GEOMETRIC_REPRESENTATION_CONTEXT(2) 
PARAMETRIC_REPRESENTATION_CONTEXT() REPRESENTATION_CONTEXT('2D SPACE',''
  ) );
#3796 = ORIENTED_EDGE('',*,*,#3797,.T.);
#3797 = EDGE_CURVE('',#3764,#3798,#3800,.T.);
#3798 = VERTEX_POINT('',#3799);
#3799 = CARTESIAN_POINT('',(-3.179388863459,5.402629421415,
    10.163049548497));
#3800 = SURFACE_CURVE('',#3801,(#3828,#3978),.PCURVE_S1.);
#3801 = ( BOUNDED_CURVE() B_SPLINE_CURVE(7,(#3802,#3803,#3804,#3805,
    #3806,#3807,#3808,#3809,#3810,#3811,#3812,#3813,#3814,#3815,#3816,
    #3817,#3818,#3819,#3820,#3821,#3822,#3823,#3824,#3825,#3826,#3827),
.UNSPECIFIED.,.F.,.F.) B_SPLINE_CURVE_WITH_KNOTS((8,6,6,6,8),(
    1.624991287123,1.749090866467,4.768324577945,7.787558472086,
7.91164067912),.UNSPECIFIED.) CURVE() GEOMETRIC_REPRESENTATION_ITEM() 
RATIONAL_B_SPLINE_CURVE((1.,1.,1.,1.,1.,1.,1.,1.,1.,1.,1.,1.,1.,1.,1.,1.
,1.,1.,1.,1.,1.,1.,1.,1.,1.,1.)) REPRESENTATION_ITEM('') );
#3802 = CARTESIAN_POINT('',(3.179408296848,5.402631216769,
    10.163045429398));
#3803 = CARTESIAN_POINT('',(3.153424030778,5.40185206709,10.168553068807
    ));
#3804 = CARTESIAN_POINT('',(3.127994158596,5.401260246415,10.17389103172
    ));
#3805 = CARTESIAN_POINT('',(3.103293117961,5.400833441348,
    10.179025427159));
#3806 = CARTESIAN_POINT('',(3.079577895372,5.400547401739,
    10.183908319908));
#3807 = CARTESIAN_POINT('',(3.05718802617,5.400375940687,10.188477730506
    ));
#3808 = CARTESIAN_POINT('',(3.036545594539,5.40029093454,10.192657635256
    ));
#3809 = CARTESIAN_POINT('',(2.570733910299,5.39956622668,10.286383766763
    ));
#3810 = CARTESIAN_POINT('',(2.145321352117,5.400535143988,
    10.356433408846));
#3811 = CARTESIAN_POINT('',(1.72030155318,5.399574803126,10.413437402073
    ));
#3812 = CARTESIAN_POINT('',(1.294025442323,5.40021846017,10.456474762274
    ));
#3813 = CARTESIAN_POINT('',(0.862705906638,5.399944360813,
    10.485551745861));
#3814 = CARTESIAN_POINT('',(0.431405082958,5.4,10.500000071356));
#3815 = CARTESIAN_POINT('',(-0.431410071138,5.4,10.499999928644));
#3816 = CARTESIAN_POINT('',(-0.862714765032,5.399944626544,
    10.485551473092));
#3817 = CARTESIAN_POINT('',(-1.294041299567,5.400217452257,
    10.456473782656));
#3818 = CARTESIAN_POINT('',(-1.720327239919,5.399576588064,
    10.41343536164));
#3819 = CARTESIAN_POINT('',(-2.145375899584,5.400533589248,
    10.356427967778));
#3820 = CARTESIAN_POINT('',(-2.57083145211,5.399565015088,
    10.286367467488));
#3821 = CARTESIAN_POINT('',(-3.036655149378,5.400294191307,
    10.19263545452));
#3822 = CARTESIAN_POINT('',(-3.057288107593,5.400379616695,
    10.188457304269));
#3823 = CARTESIAN_POINT('',(-3.079662122142,5.400551386616,
    10.183890971003));
#3824 = CARTESIAN_POINT('',(-3.103356250524,5.400837302779,
    10.179012290973));
#3825 = CARTESIAN_POINT('',(-3.128032148225,5.401263265265,
    10.173883034809));
#3826 = CARTESIAN_POINT('',(-3.153434068717,5.401853272533,
    10.168550907521));
#3827 = CARTESIAN_POINT('',(-3.179388863459,5.402629421415,
    10.163049548497));
#3828 = PCURVE('',#38,#3829);
#3829 = DEFINITIONAL_REPRESENTATION('',(#3830),#3977);
#3830 = B_SPLINE_CURVE_WITH_KNOTS('',10,(#3831,#3832,#3833,#3834,#3835,
    #3836,#3837,#3838,#3839,#3840,#3841,#3842,#3843,#3844,#3845,#3846,
    #3847,#3848,#3849,#3850,#3851,#3852,#3853,#3854,#3855,#3856,#3857,
    #3858,#3859,#3860,#3861,#3862,#3863,#3864,#3865,#3866,#3867,#3868,
    #3869,#3870,#3871,#3872,#3873,#3874,#3875,#3876,#3877,#3878,#3879,
    #3880,#3881,#3882,#3883,#3884,#3885,#3886,#3887,#3888,#3889,#3890,
    #3891,#3892,#3893,#3894,#3895,#3896,#3897,#3898,#3899,#3900,#3901,
    #3902,#3903,#3904,#3905,#3906,#3907,#3908,#3909,#3910,#3911,#3912,
    #3913,#3914,#3915,#3916,#3917,#3918,#3919,#3920,#3921,#3922,#3923,
    #3924,#3925,#3926,#3927,#3928,#3929,#3930,#3931,#3932,#3933,#3934,
    #3935,#3936,#3937,#3938,#3939,#3940,#3941,#3942,#3943,#3944,#3945,
    #3946,#3947,#3948,#3949,#3950,#3951,#3952,#3953,#3954,#3955,#3956,
    #3957,#3958,#3959,#3960,#3961,#3962,#3963,#3964,#3965,#3966,#3967,
    #3968,#3969,#3970,#3971,#3972,#3973,#3974,#3975,#3976),
  .UNSPECIFIED.,.F.,.F.,(11,9,9,9,9,9,9,9,9,9,9,9,9,9,9,9,11),(
    1.624991287123,1.723220183873,1.74777740806,1.772334632248,
    1.821449080623,2.017906874122,2.410822461122,3.196653635122,
    4.768315983121,6.33997833112,7.12580950512,7.51872509212,
    7.71518288562,7.764297333995,7.788854558182,7.81341178237,
    7.91164067912),.UNSPECIFIED.);
#3831 = CARTESIAN_POINT('',(0.676633794269,0.257268153179));
#3832 = CARTESIAN_POINT('',(0.675833950904,0.25724759576));
#3833 = CARTESIAN_POINT('',(0.675043112724,0.257229646479));
#3834 = CARTESIAN_POINT('',(0.674262681435,0.257214151647));
#3835 = CARTESIAN_POINT('',(0.673494358773,0.257200951542));
#3836 = CARTESIAN_POINT('',(0.672740146503,0.257189880409));
#3837 = CARTESIAN_POINT('',(0.672002346422,0.257180766459));
#3838 = CARTESIAN_POINT('',(0.671283560357,0.257173431869));
#3839 = CARTESIAN_POINT('',(0.670586690165,0.257167692782));
#3840 = CARTESIAN_POINT('',(0.669914937731,0.25716335931));
#3841 = CARTESIAN_POINT('',(0.669111021783,0.257159454584));
#3842 = CARTESIAN_POINT('',(0.668952021854,0.257158749355));
#3843 = CARTESIAN_POINT('',(0.668794864005,0.257158116697));
#3844 = CARTESIAN_POINT('',(0.668639607055,0.257157553467));
#3845 = CARTESIAN_POINT('',(0.668486309825,0.257157056522));
#3846 = CARTESIAN_POINT('',(0.668335031132,0.257156622717));
#3847 = CARTESIAN_POINT('',(0.668185829799,0.257156248909));
#3848 = CARTESIAN_POINT('',(0.668038764642,0.257155931954));
#3849 = CARTESIAN_POINT('',(0.667893894483,0.257155668708));
#3850 = CARTESIAN_POINT('',(0.667608661797,0.257155243346));
#3851 = CARTESIAN_POINT('',(0.667469484372,0.257155105586));
#3852 = CARTESIAN_POINT('',(0.667324303661,0.257154840379));
#3853 = CARTESIAN_POINT('',(0.667187300271,0.257154754226));
#3854 = CARTESIAN_POINT('',(0.667041997229,0.257154487818));
#3855 = CARTESIAN_POINT('',(0.666903169153,0.257154366121));
#3856 = CARTESIAN_POINT('',(0.666760711941,0.257154164935));
#3857 = CARTESIAN_POINT('',(0.666619761179,0.257153999148));
#3858 = CARTESIAN_POINT('',(0.66647847148,0.257153827108));
#3859 = CARTESIAN_POINT('',(0.666054851136,0.257153320939));
#3860 = CARTESIAN_POINT('',(0.665772582866,0.257152992479));
#3861 = CARTESIAN_POINT('',(0.665490458467,0.257152672814));
#3862 = CARTESIAN_POINT('',(0.665208476519,0.257152361755));
#3863 = CARTESIAN_POINT('',(0.6649266356,0.257152059115));
#3864 = CARTESIAN_POINT('',(0.664644934289,0.257151764702));
#3865 = CARTESIAN_POINT('',(0.664363371166,0.257151478329));
#3866 = CARTESIAN_POINT('',(0.66408194481,0.257151199806));
#3867 = CARTESIAN_POINT('',(0.663800653799,0.257150928944));
#3868 = CARTESIAN_POINT('',(0.66239486837,0.257149611995));
#3869 = CARTESIAN_POINT('',(0.661272383442,0.257148678112));
#3870 = CARTESIAN_POINT('',(0.660151954163,0.257147852813));
#3871 = CARTESIAN_POINT('',(0.659033495498,0.257147125733));
#3872 = CARTESIAN_POINT('',(0.657916925142,0.257146487236));
#3873 = CARTESIAN_POINT('',(0.656802163516,0.25714592841));
#3874 = CARTESIAN_POINT('',(0.655689133773,0.257145441076));
#3875 = CARTESIAN_POINT('',(0.654577761797,0.257145017778));
#3876 = CARTESIAN_POINT('',(0.653467976198,0.257144651792));
#3877 = CARTESIAN_POINT('',(0.650143172553,0.257143707771));
#3878 = CARTESIAN_POINT('',(0.647932700077,0.257143280078));
#3879 = CARTESIAN_POINT('',(0.645727748605,0.257143009148));
#3880 = CARTESIAN_POINT('',(0.643527807561,0.257142855925));
#3881 = CARTESIAN_POINT('',(0.641332398073,0.257142787186));
#3882 = CARTESIAN_POINT('',(0.639141072974,0.257142775539));
#3883 = CARTESIAN_POINT('',(0.636953416802,0.257142799428));
#3884 = CARTESIAN_POINT('',(0.634769045799,0.257142843129));
#3885 = CARTESIAN_POINT('',(0.632587607912,0.257142896752));
#3886 = CARTESIAN_POINT('',(0.626051132556,0.257143075216));
#3887 = CARTESIAN_POINT('',(0.621703900265,0.257143201197));
#3888 = CARTESIAN_POINT('',(0.617364471283,0.257143282632));
#3889 = CARTESIAN_POINT('',(0.613030611472,0.257143300509));
#3890 = CARTESIAN_POINT('',(0.608700432845,0.257143259616));
#3891 = CARTESIAN_POINT('',(0.604372359222,0.257143179801));
#3892 = CARTESIAN_POINT('',(0.600045091877,0.257143087236));
#3893 = CARTESIAN_POINT('',(0.595717575196,0.25714300568));
#3894 = CARTESIAN_POINT('',(0.591388962324,0.25714294774));
#3895 = CARTESIAN_POINT('',(0.578397817812,0.257142822925));
#3896 = CARTESIAN_POINT('',(0.569729939734,0.257142783708));
#3897 = CARTESIAN_POINT('',(0.561049945567,0.257142957537));
#3898 = CARTESIAN_POINT('',(0.552355481179,0.257143140064));
#3899 = CARTESIAN_POINT('',(0.543646801911,0.257143118293));
#3900 = CARTESIAN_POINT('',(0.53492636979,0.257142868722));
#3901 = CARTESIAN_POINT('',(0.526198085364,0.257142588904));
#3902 = CARTESIAN_POINT('',(0.51746615417,0.257142562397));
#3903 = CARTESIAN_POINT('',(0.508733587825,0.257142857126));
#3904 = CARTESIAN_POINT('',(0.49126709168,0.257142857159));
#3905 = CARTESIAN_POINT('',(0.482534498101,0.257142563866));
#3906 = CARTESIAN_POINT('',(0.473802514336,0.2571425902));
#3907 = CARTESIAN_POINT('',(0.465074152969,0.25714286862));
#3908 = CARTESIAN_POINT('',(0.456353617601,0.257143116993));
#3909 = CARTESIAN_POINT('',(0.447644803204,0.257143138713));
#3910 = CARTESIAN_POINT('',(0.438950163091,0.257142957072));
#3911 = CARTESIAN_POINT('',(0.430269942471,0.257142783849));
#3912 = CARTESIAN_POINT('',(0.421601778627,0.257142822158));
#3913 = CARTESIAN_POINT('',(0.408610112207,0.257142944189));
#3914 = CARTESIAN_POINT('',(0.404281309804,0.257143000942));
#3915 = CARTESIAN_POINT('',(0.399953587653,0.257143081041));
#3916 = CARTESIAN_POINT('',(0.395626098837,0.257143171957));
#3917 = CARTESIAN_POINT('',(0.391297788115,0.257143250097));
#3918 = CARTESIAN_POINT('',(0.386967357694,0.257143289547));
#3919 = CARTESIAN_POINT('',(0.38263323301,0.257143270813));
#3920 = CARTESIAN_POINT('',(0.378293528502,0.25714318956));
#3921 = CARTESIAN_POINT('',(0.373946013385,0.257143065353));
#3922 = CARTESIAN_POINT('',(0.367409109453,0.257142892919));
#3923 = CARTESIAN_POINT('',(0.365227527997,0.25714284186));
#3924 = CARTESIAN_POINT('',(0.363043013248,0.257142801362));
#3925 = CARTESIAN_POINT('',(0.36085521377,0.2571427814));
#3926 = CARTESIAN_POINT('',(0.358663746494,0.257142797781));
#3927 = CARTESIAN_POINT('',(0.356468196729,0.257142872146));
#3928 = CARTESIAN_POINT('',(0.354268118154,0.257143031966));
#3929 = CARTESIAN_POINT('',(0.352063032824,0.257143310548));
#3930 = CARTESIAN_POINT('',(0.349852431165,0.25714374703));
#3931 = CARTESIAN_POINT('',(0.346527442381,0.257144706059));
#3932 = CARTESIAN_POINT('',(0.345417596511,0.257145077351));
#3933 = CARTESIAN_POINT('',(0.344306165842,0.257145506265));
#3934 = CARTESIAN_POINT('',(0.343193079129,0.257145999537));
#3935 = CARTESIAN_POINT('',(0.342078262402,0.257146564629));
#3936 = CARTESIAN_POINT('',(0.340961638968,0.257147209728));
#3937 = CARTESIAN_POINT('',(0.33984312941,0.257147943751));
#3938 = CARTESIAN_POINT('',(0.338722651589,0.25714877634));
#3939 = CARTESIAN_POINT('',(0.33760012064,0.257149717866));
#3940 = CARTESIAN_POINT('',(0.336194281062,0.257151044815));
#3941 = CARTESIAN_POINT('',(0.33591297939,0.257151317699));
#3942 = CARTESIAN_POINT('',(0.335631542544,0.257151598267));
#3943 = CARTESIAN_POINT('',(0.335349969106,0.257151886706));
#3944 = CARTESIAN_POINT('',(0.335068257657,0.257152183208));
#3945 = CARTESIAN_POINT('',(0.33478640678,0.25715248796));
#3946 = CARTESIAN_POINT('',(0.334504415057,0.257152801153));
#3947 = CARTESIAN_POINT('',(0.334222281069,0.257153122974));
#3948 = CARTESIAN_POINT('',(0.333940003399,0.257153453614));
#3949 = CARTESIAN_POINT('',(0.333516369243,0.257153963085));
#3950 = CARTESIAN_POINT('',(0.333375069503,0.257154136353));
#3951 = CARTESIAN_POINT('',(0.333234147828,0.257154302504));
#3952 = CARTESIAN_POINT('',(0.333091588275,0.257154507014));
#3953 = CARTESIAN_POINT('',(0.332952930236,0.257154625831));
#3954 = CARTESIAN_POINT('',(0.332807418788,0.257154898192));
#3955 = CARTESIAN_POINT('',(0.332670566226,0.257154981598));
#3956 = CARTESIAN_POINT('',(0.33252531473,0.257155249879));
#3957 = CARTESIAN_POINT('',(0.332386134862,0.257155388405));
#3958 = CARTESIAN_POINT('',(0.33210092868,0.257155815663));
#3959 = CARTESIAN_POINT('',(0.331956078325,0.25715608005));
#3960 = CARTESIAN_POINT('',(0.331809039415,0.257156398304));
#3961 = CARTESIAN_POINT('',(0.331659870661,0.257156773532));
#3962 = CARTESIAN_POINT('',(0.331508630771,0.257157208843));
#3963 = CARTESIAN_POINT('',(0.331355378455,0.257157707347));
#3964 = CARTESIAN_POINT('',(0.331200172422,0.25715827215));
#3965 = CARTESIAN_POINT('',(0.331043071382,0.257158906362));
#3966 = CARTESIAN_POINT('',(0.330884134045,0.257159613091));
#3967 = CARTESIAN_POINT('',(0.330080559415,0.257163524863));
#3968 = CARTESIAN_POINT('',(0.32940917069,0.257167862558));
#3969 = CARTESIAN_POINT('',(0.328712747514,0.257173602283));
#3970 = CARTESIAN_POINT('',(0.32799448408,0.257180931865));
#3971 = CARTESIAN_POINT('',(0.327257274204,0.2571900332));
#3972 = CARTESIAN_POINT('',(0.326503711324,0.257201082259));
#3973 = CARTESIAN_POINT('',(0.325736088503,0.257214249085));
#3974 = CARTESIAN_POINT('',(0.324956398427,0.257229697794));
#3975 = CARTESIAN_POINT('',(0.324166333403,0.257247586574));
#3976 = CARTESIAN_POINT('',(0.323367285363,0.257268067686));
#3977 = ( GEOMETRIC_REPRESENTATION_CONTEXT(2) 
PARAMETRIC_REPRESENTATION_CONTEXT() REPRESENTATION_CONTEXT('2D SPACE',''
  ) );
#3978 = PCURVE('',#3979,#4058);
#3979 = ( BOUNDED_SURFACE() B_SPLINE_SURFACE(2,7,(
    (#3980,#3981,#3982,#3983,#3984,#3985,#3986,#3987,#3988,#3989,#3990
      ,#3991,#3992,#3993,#3994,#3995,#3996,#3997,#3998,#3999,#4000,#4001
      ,#4002,#4003,#4004,#4005)
    ,(#4006,#4007,#4008,#4009,#4010,#4011,#4012,#4013,#4014,#4015,#4016
      ,#4017,#4018,#4019,#4020,#4021,#4022,#4023,#4024,#4025,#4026,#4027
      ,#4028,#4029,#4030,#4031)
    ,(#4032,#4033,#4034,#4035,#4036,#4037,#4038,#4039,#4040,#4041,#4042
      ,#4043,#4044,#4045,#4046,#4047,#4048,#4049,#4050,#4051,#4052,#4053
      ,#4054,#4055,#4056,#4057
)),.UNSPECIFIED.,.F.,.F.,.F.) B_SPLINE_SURFACE_WITH_KNOTS((3,3),(8,6,6,6
    ,8),(0.,6.286649391997),(1.624991287123,1.749090866467,
    4.768324577945,7.787558472086,7.91164067912),.UNSPECIFIED.) 
GEOMETRIC_REPRESENTATION_ITEM() RATIONAL_B_SPLINE_SURFACE((
    (1.,1.,1.,1.,1.,1.,1.,1.,1.,1.,1.,1.,1.,1.,1.,1.,1.,1.,1.,1.,1.,1.
      ,1.,1.,1.,1.)
    ,(0.706979296716,0.707017236551,0.707045939942,0.707066576007
      ,0.707080379989,0.70708865326,0.707092763316,0.707127729316
      ,0.707080876455,0.707127383562,0.707096168428,0.707109491171
      ,0.707106781187,0.707106781187,0.707109478051,0.707096212963
      ,0.707127315988,0.707080925134,0.707127812771,0.707092586435
      ,0.707088453696,0.707080163944,0.707066365938,0.70704577202
      ,0.707017158123,0.706979363762)
    ,(1.,1.,1.,1.,1.,1.,1.,1.,1.,1.,1.,1.,1.,1.,1.,1.,1.,1.,1.,1.,1.,1.
,1.,1.,1.,1.))) REPRESENTATION_ITEM('') SURFACE() );
#3980 = CARTESIAN_POINT('',(3.179408296848,5.402631216769,
    10.163045429398));
#3981 = CARTESIAN_POINT('',(3.153424030778,5.40185206709,10.168553068807
    ));
#3982 = CARTESIAN_POINT('',(3.127994158596,5.401260246415,10.17389103172
    ));
#3983 = CARTESIAN_POINT('',(3.103293117961,5.400833441348,
    10.179025427159));
#3984 = CARTESIAN_POINT('',(3.079577895372,5.400547401739,
    10.183908319908));
#3985 = CARTESIAN_POINT('',(3.05718802617,5.400375940687,10.188477730506
    ));
#3986 = CARTESIAN_POINT('',(3.036545594539,5.40029093454,10.192657635256
    ));
#3987 = CARTESIAN_POINT('',(2.570733910299,5.39956622668,10.286383766763
    ));
#3988 = CARTESIAN_POINT('',(2.145321352117,5.400535143988,
    10.356433408846));
#3989 = CARTESIAN_POINT('',(1.72030155318,5.399574803126,10.413437402073
    ));
#3990 = CARTESIAN_POINT('',(1.294025442323,5.40021846017,10.456474762274
    ));
#3991 = CARTESIAN_POINT('',(0.862705906638,5.399944360813,
    10.485551745861));
#3992 = CARTESIAN_POINT('',(0.431405082958,5.4,10.500000071356));
#3993 = CARTESIAN_POINT('',(-0.431410071138,5.4,10.499999928644));
#3994 = CARTESIAN_POINT('',(-0.862714765032,5.399944626544,
    10.485551473092));
#3995 = CARTESIAN_POINT('',(-1.294041299567,5.400217452257,
    10.456473782656));
#3996 = CARTESIAN_POINT('',(-1.720327239919,5.399576588064,
    10.41343536164));
#3997 = CARTESIAN_POINT('',(-2.145375899584,5.400533589248,
    10.356427967778));
#3998 = CARTESIAN_POINT('',(-2.57083145211,5.399565015088,
    10.286367467488));
#3999 = CARTESIAN_POINT('',(-3.036655149378,5.400294191307,
    10.19263545452));
#4000 = CARTESIAN_POINT('',(-3.057288107593,5.400379616695,
    10.188457304269));
#4001 = CARTESIAN_POINT('',(-3.079662122142,5.400551386616,
    10.183890971003));
#4002 = CARTESIAN_POINT('',(-3.103356250524,5.400837302779,
    10.179012290973));
#4003 = CARTESIAN_POINT('',(-3.128032148225,5.401263265265,
    10.173883034809));
#4004 = CARTESIAN_POINT('',(-3.153434068717,5.401853272533,
    10.168550907521));
#4005 = CARTESIAN_POINT('',(-3.179388863459,5.402629421415,
    10.163049548497));
#4006 = CARTESIAN_POINT('',(3.122280367096,6.,10.175154296987));
#4007 = CARTESIAN_POINT('',(3.104721498384,6.,10.178777128));
#4008 = CARTESIAN_POINT('',(3.087219126277,6.,10.182371889423));
#4009 = CARTESIAN_POINT('',(3.069755120606,6.,10.185941694455));
#4010 = CARTESIAN_POINT('',(3.052315524514,6.,10.189488628928));
#4011 = CARTESIAN_POINT('',(3.03489055997,6.,10.193013750434));
#4012 = CARTESIAN_POINT('',(3.017474634264,6.,10.19651708728));
#4013 = CARTESIAN_POINT('',(2.576558964803,6.,10.284672174246));
#4014 = CARTESIAN_POINT('',(2.151984804268,6.,10.35569616761));
#4015 = CARTESIAN_POINT('',(1.722581058307,6.,10.413410263934));
#4016 = CARTESIAN_POINT('',(1.294013420837,6.,10.456490209716));
#4017 = CARTESIAN_POINT('',(0.862710255726,6.,10.485547645013));
#4018 = CARTESIAN_POINT('',(0.431405082958,6.,10.500000071356));
#4019 = CARTESIAN_POINT('',(-0.431410071138,6.,10.499999928644));
#4020 = CARTESIAN_POINT('',(-0.862719186319,6.,10.485547372429));
#4021 = CARTESIAN_POINT('',(-1.294028999693,6.,10.456489228537));
#4022 = CARTESIAN_POINT('',(-1.722593252556,6.,10.413408222839));
#4023 = CARTESIAN_POINT('',(-2.151987369594,6.,10.35569545561));
#4024 = CARTESIAN_POINT('',(-2.576557364749,6.,10.284672573694));
#4025 = CARTESIAN_POINT('',(-3.017477051892,6.,10.196516734996));
#4026 = CARTESIAN_POINT('',(-3.034891428112,6.,10.193013726401));
#4027 = CARTESIAN_POINT('',(-3.052315425918,6.,10.189488814304));
#4028 = CARTESIAN_POINT('',(-3.069754555899,6.,10.185941970871));
#4029 = CARTESIAN_POINT('',(-3.087218476904,6.,10.182372149201));
#4030 = CARTESIAN_POINT('',(-3.10472098984,6.,10.178777284303));
#4031 = CARTESIAN_POINT('',(-3.122280032446,6.,10.175154293919));
#4032 = CARTESIAN_POINT('',(3.,6.,9.587525842916));
#4033 = CARTESIAN_POINT('',(2.983101127316,6.,9.591077109981));
#4034 = CARTESIAN_POINT('',(2.966258120671,6.,9.594585291036));
#4035 = CARTESIAN_POINT('',(2.94945270784,6.,9.598055567133));
#4036 = CARTESIAN_POINT('',(2.932670908509,6.,9.601492179251));
#4037 = CARTESIAN_POINT('',(2.915903034267,6.,9.604898428297));
#4038 = CARTESIAN_POINT('',(2.899143688612,6.,9.608276675111));
#4039 = CARTESIAN_POINT('',(2.474832233854,6.,9.693171413003));
#4040 = CARTESIAN_POINT('',(2.06666940432,6.,9.76135762838));
#4041 = CARTESIAN_POINT('',(1.653875959084,6.,9.816914061531));
#4042 = CARTESIAN_POINT('',(1.242375158258,6.,9.858202892471));
#4043 = CARTESIAN_POINT('',(0.828185147784,6.,9.886133119858));
#4044 = CARTESIAN_POINT('',(0.414148768149,6.,9.900000055949));
#4045 = CARTESIAN_POINT('',(-0.414152683894,6.,9.899999944051));
#4046 = CARTESIAN_POINT('',(-0.828193835495,6.,9.88613288676));
#4047 = CARTESIAN_POINT('',(-1.242392061086,6.,9.858201976507));
#4048 = CARTESIAN_POINT('',(-1.653888351863,6.,9.816911660733));
#4049 = CARTESIAN_POINT('',(-2.066670342722,6.,9.761357316543));
#4050 = CARTESIAN_POINT('',(-2.47483048368,6.,9.693172007974));
#4051 = CARTESIAN_POINT('',(-2.899146917565,6.,9.608275853569));
#4052 = CARTESIAN_POINT('',(-2.915904691734,6.,9.604897899032));
#4053 = CARTESIAN_POINT('',(-2.932671499321,6.,9.601491849952));
#4054 = CARTESIAN_POINT('',(-2.949452705936,6.,9.598055364104));
#4055 = CARTESIAN_POINT('',(-2.966257918784,6.,9.594585167447));
#4056 = CARTESIAN_POINT('',(-2.983100986671,6.,9.591077054121));
#4057 = CARTESIAN_POINT('',(-3.,6.,9.587525886449));
#4058 = DEFINITIONAL_REPRESENTATION('',(#4059),#4063);
#4059 = LINE('',#4060,#4061);
#4060 = CARTESIAN_POINT('',(0.,0.));
#4061 = VECTOR('',#4062,1.);
#4062 = DIRECTION('',(0.,1.));
#4063 = ( GEOMETRIC_REPRESENTATION_CONTEXT(2) 
PARAMETRIC_REPRESENTATION_CONTEXT() REPRESENTATION_CONTEXT('2D SPACE',''
  ) );
#4064 = ORIENTED_EDGE('',*,*,#4065,.T.);
#4065 = EDGE_CURVE('',#3798,#22,#4066,.T.);
#4066 = SURFACE_CURVE('',#4067,(#4094,#4190),.PCURVE_S1.);
#4067 = ( BOUNDED_CURVE() B_SPLINE_CURVE(9,(#4068,#4069,#4070,#4071,
    #4072,#4073,#4074,#4075,#4076,#4077,#4078,#4079,#4080,#4081,#4082,
    #4083,#4084,#4085,#4086,#4087,#4088,#4089,#4090,#4091,#4092,#4093),
.UNSPECIFIED.,.F.,.F.) B_SPLINE_CURVE_WITH_KNOTS((10,8,8,10),(
    7.91164067912,8.949391952109,9.536638350519,9.546534481283),
.UNSPECIFIED.) CURVE() GEOMETRIC_REPRESENTATION_ITEM() 
RATIONAL_B_SPLINE_CURVE((1.,1.,1.,1.,1.,1.,1.,1.,1.,1.,1.,1.,1.,1.,1.,1.
,1.,1.,1.,1.,1.,1.,1.,1.,1.,1.)) REPRESENTATION_ITEM('') );
#4068 = CARTESIAN_POINT('',(-3.179388863459,5.402629421415,
    10.163049548497));
#4069 = CARTESIAN_POINT('',(-3.348221691211,5.407678176834,
    10.127263867674));
#4070 = CARTESIAN_POINT('',(-3.538855454425,5.432524604239,
    10.084679095572));
#4071 = CARTESIAN_POINT('',(-3.693064181737,5.477223741032,
    10.047030231142));
#4072 = CARTESIAN_POINT('',(-3.879210303466,5.537159167415,
    10.001314415509));
#4073 = CARTESIAN_POINT('',(-4.029606744968,5.620783023612,
    9.960415708073));
#4074 = CARTESIAN_POINT('',(-4.191332656518,5.720304365554,9.91626315911
    ));
#4075 = CARTESIAN_POINT('',(-4.334199908289,5.84195918657,9.874804541323
    ));
#4076 = CARTESIAN_POINT('',(-4.465172260518,5.982492113037,
    9.835829609193));
#4077 = CARTESIAN_POINT('',(-4.641301741475,6.230276007651,
    9.782078983023));
#4078 = CARTESIAN_POINT('',(-4.699297395299,6.325472424216,
    9.764069866075));
#4079 = CARTESIAN_POINT('',(-4.75011239361,6.425932509265,9.748068766455
    ));
#4080 = CARTESIAN_POINT('',(-4.795203910968,6.532139296066,
    9.733674595834));
#4081 = CARTESIAN_POINT('',(-4.833285452167,6.645307796406,
    9.721385626106));
#4082 = CARTESIAN_POINT('',(-4.861179108524,6.764534088119,
    9.712320205911));
#4083 = CARTESIAN_POINT('',(-4.877339961555,6.883418973951,
    9.707050856278));
#4084 = CARTESIAN_POINT('',(-4.884145557094,6.988352759372,
    9.704837432773));
#4085 = CARTESIAN_POINT('',(-4.885058502627,7.061865993271,
    9.704540114205));
#4086 = CARTESIAN_POINT('',(-4.885072248338,7.063084115796,9.70453563763
    ));
#4087 = CARTESIAN_POINT('',(-4.885084610173,7.064302064177,9.70453161173
    ));
#4088 = CARTESIAN_POINT('',(-4.885095588316,7.065519838118,
    9.704528036449));
#4089 = CARTESIAN_POINT('',(-4.885105182947,7.066737437321,
    9.704524911731));
#4090 = CARTESIAN_POINT('',(-4.88511339425,7.067954861488,9.704522237519
    ));
#4091 = CARTESIAN_POINT('',(-4.885120222407,7.069172110321,
    9.704520013759));
#4092 = CARTESIAN_POINT('',(-4.885125667599,7.070389183523,
    9.704518240393));
#4093 = CARTESIAN_POINT('',(-4.885129730009,7.071606080796,
    9.704516917366));
#4094 = PCURVE('',#38,#4095);
#4095 = DEFINITIONAL_REPRESENTATION('',(#4096),#4189);
#4096 = B_SPLINE_CURVE_WITH_KNOTS('',10,(#4097,#4098,#4099,#4100,#4101,
    #4102,#4103,#4104,#4105,#4106,#4107,#4108,#4109,#4110,#4111,#4112,
    #4113,#4114,#4115,#4116,#4117,#4118,#4119,#4120,#4121,#4122,#4123,
    #4124,#4125,#4126,#4127,#4128,#4129,#4130,#4131,#4132,#4133,#4134,
    #4135,#4136,#4137,#4138,#4139,#4140,#4141,#4142,#4143,#4144,#4145,
    #4146,#4147,#4148,#4149,#4150,#4151,#4152,#4153,#4154,#4155,#4156,
    #4157,#4158,#4159,#4160,#4161,#4162,#4163,#4164,#4165,#4166,#4167,
    #4168,#4169,#4170,#4171,#4172,#4173,#4174,#4175,#4176,#4177,#4178,
    #4179,#4180,#4181,#4182,#4183,#4184,#4185,#4186,#4187,#4188),
  .UNSPECIFIED.,.F.,.F.,(11,9,9,9,9,9,9,9,9,9,11),(7.91164067912,
    8.729087580201,8.933449305472,9.035630168107,9.137811030742,
    9.342172756013,9.444353618648,9.495444049965,9.520989265624,
    9.533761873454,9.546534481283),.UNSPECIFIED.);
#4097 = CARTESIAN_POINT('',(0.323367285363,0.257268067686));
#4098 = CARTESIAN_POINT('',(0.31671772128,0.257438508588));
#4099 = CARTESIAN_POINT('',(0.309466744613,0.258076952578));
#4100 = CARTESIAN_POINT('',(0.302722254551,0.259184094014));
#4101 = CARTESIAN_POINT('',(0.295963641165,0.260709934614));
#4102 = CARTESIAN_POINT('',(0.289264197552,0.262680138208));
#4103 = CARTESIAN_POINT('',(0.28276768119,0.26511176699));
#4104 = CARTESIAN_POINT('',(0.276452090947,0.26799936447));
#4105 = CARTESIAN_POINT('',(0.270358472184,0.271349214865));
#4106 = CARTESIAN_POINT('',(0.264549503881,0.275164540611));
#4107 = CARTESIAN_POINT('',(0.257727322457,0.280505613668));
#4108 = CARTESIAN_POINT('',(0.256384845515,0.281602425441));
#4109 = CARTESIAN_POINT('',(0.25506532668,0.282727702872));
#4110 = CARTESIAN_POINT('',(0.253769840102,0.283881282911));
#4111 = CARTESIAN_POINT('',(0.252499432276,0.285062947206));
#4112 = CARTESIAN_POINT('',(0.251255082595,0.286272413018));
#4113 = CARTESIAN_POINT('',(0.250037727495,0.287509338784));
#4114 = CARTESIAN_POINT('',(0.248848348189,0.288773344349));
#4115 = CARTESIAN_POINT('',(0.24768812199,0.290064045854));
#4116 = CARTESIAN_POINT('',(0.245993894854,0.292039634995));
#4117 = CARTESIAN_POINT('',(0.245436882654,0.292704749353));
#4118 = CARTESIAN_POINT('',(0.244887876707,0.293376455138));
#4119 = CARTESIAN_POINT('',(0.244346225642,0.294054585239));
#4120 = CARTESIAN_POINT('',(0.243812561339,0.294739105157));
#4121 = CARTESIAN_POINT('',(0.243287542385,0.295430033621));
#4122 = CARTESIAN_POINT('',(0.242770950147,0.29612734909));
#4123 = CARTESIAN_POINT('',(0.242262442289,0.296831028995));
#4124 = CARTESIAN_POINT('',(0.241762753572,0.297541143732));
#4125 = CARTESIAN_POINT('',(0.240780483847,0.298974261281));
#4126 = CARTESIAN_POINT('',(0.240297981809,0.299697248216));
#4127 = CARTESIAN_POINT('',(0.239824163854,0.300426724013));
#4128 = CARTESIAN_POINT('',(0.239359098797,0.301162736066));
#4129 = CARTESIAN_POINT('',(0.238902873013,0.301905318468));
#4130 = CARTESIAN_POINT('',(0.23845559043,0.302654492009));
#4131 = CARTESIAN_POINT('',(0.238017372536,0.303410264173));
#4132 = CARTESIAN_POINT('',(0.237588358375,0.304172629144));
#4133 = CARTESIAN_POINT('',(0.237168704547,0.304941567799));
#4134 = CARTESIAN_POINT('',(0.235938346538,0.307268007544));
#4135 = CARTESIAN_POINT('',(0.235156322527,0.308845032614));
#4136 = CARTESIAN_POINT('',(0.2344138768,0.310447631693));
#4137 = CARTESIAN_POINT('',(0.233712893379,0.312074692762));
#4138 = CARTESIAN_POINT('',(0.233055566916,0.313724209243));
#4139 = CARTESIAN_POINT('',(0.232444192913,0.315393006233));
#4140 = CARTESIAN_POINT('',(0.231880957955,0.317076466733));
#4141 = CARTESIAN_POINT('',(0.231367729927,0.318768257876));
#4142 = CARTESIAN_POINT('',(0.230905848246,0.320460057167));
#4143 = CARTESIAN_POINT('',(0.230290946997,0.32298188947));
#4144 = CARTESIAN_POINT('',(0.23009895046,0.323819851764));
#4145 = CARTESIAN_POINT('',(0.229920011588,0.32465386638));
#4146 = CARTESIAN_POINT('',(0.229754155426,0.325482485301));
#4147 = CARTESIAN_POINT('',(0.229601344943,0.326304111693));
#4148 = CARTESIAN_POINT('',(0.229461481032,0.327116999906));
#4149 = CARTESIAN_POINT('',(0.229334402507,0.327919255474));
#4150 = CARTESIAN_POINT('',(0.229219886111,0.328708835116));
#4151 = CARTESIAN_POINT('',(0.229117646506,0.329483546733));
#4152 = CARTESIAN_POINT('',(0.22898218117,0.330619800753));
#4153 = CARTESIAN_POINT('',(0.228940006741,0.330994248132));
#4154 = CARTESIAN_POINT('',(0.228900767912,0.331364097458));
#4155 = CARTESIAN_POINT('',(0.228864415641,0.331729045121));
#4156 = CARTESIAN_POINT('',(0.228830896922,0.332088777988));
#4157 = CARTESIAN_POINT('',(0.228800154792,0.332442973409));
#4158 = CARTESIAN_POINT('',(0.228772128324,0.332791299209));
#4159 = CARTESIAN_POINT('',(0.228746752633,0.333133413696));
#4160 = CARTESIAN_POINT('',(0.22872395887,0.333468965658));
#4161 = CARTESIAN_POINT('',(0.22869353191,0.333961908712));
#4162 = CARTESIAN_POINT('',(0.228684017897,0.334124494944));
#4163 = CARTESIAN_POINT('',(0.228675122442,0.334285306015));
#4164 = CARTESIAN_POINT('',(0.228666835799,0.334444294885));
#4165 = CARTESIAN_POINT('',(0.228659148218,0.334601414512));
#4166 = CARTESIAN_POINT('',(0.228652049954,0.334756617856));
#4167 = CARTESIAN_POINT('',(0.228645531257,0.334909857876));
#4168 = CARTESIAN_POINT('',(0.22863958238,0.33506108753));
#4169 = CARTESIAN_POINT('',(0.228634193575,0.335210259778));
#4170 = CARTESIAN_POINT('',(0.228626935855,0.335430861478));
#4171 = CARTESIAN_POINT('',(0.228624654019,0.33550386877));
#4172 = CARTESIAN_POINT('',(0.228622508253,0.335576343213));
#4173 = CARTESIAN_POINT('',(0.228620497222,0.335648278563));
#4174 = CARTESIAN_POINT('',(0.228618619591,0.335719668581));
#4175 = CARTESIAN_POINT('',(0.228616874027,0.335790507023));
#4176 = CARTESIAN_POINT('',(0.228615259195,0.335860787649));
#4177 = CARTESIAN_POINT('',(0.22861377376,0.335930504217));
#4178 = CARTESIAN_POINT('',(0.228612416387,0.335999650485));
#4179 = CARTESIAN_POINT('',(0.2286099551,0.336136789937));
#4180 = CARTESIAN_POINT('',(0.228608849062,0.336204829348));
#4181 = CARTESIAN_POINT('',(0.228607863067,0.336272490234));
#4182 = CARTESIAN_POINT('',(0.22860710298,0.336336658081));
#4183 = CARTESIAN_POINT('',(0.228606128096,0.336409443384));
#4184 = CARTESIAN_POINT('',(0.228605644253,0.336471765856));
#4185 = CARTESIAN_POINT('',(0.228604965877,0.336542019827));
#4186 = CARTESIAN_POINT('',(0.22860453676,0.336608347967));
#4187 = CARTESIAN_POINT('',(0.228604166049,0.336675834892));
#4188 = CARTESIAN_POINT('',(0.228603903888,0.336743146705));
#4189 = ( GEOMETRIC_REPRESENTATION_CONTEXT(2) 
PARAMETRIC_REPRESENTATION_CONTEXT() REPRESENTATION_CONTEXT('2D SPACE',''
  ) );
#4190 = PCURVE('',#4191,#4270);
#4191 = ( BOUNDED_SURFACE() B_SPLINE_SURFACE(2,9,(
    (#4192,#4193,#4194,#4195,#4196,#4197,#4198,#4199,#4200,#4201,#4202
      ,#4203,#4204,#4205,#4206,#4207,#4208,#4209,#4210,#4211,#4212,#4213
      ,#4214,#4215,#4216,#4217)
    ,(#4218,#4219,#4220,#4221,#4222,#4223,#4224,#4225,#4226,#4227,#4228
      ,#4229,#4230,#4231,#4232,#4233,#4234,#4235,#4236,#4237,#4238,#4239
      ,#4240,#4241,#4242,#4243)
    ,(#4244,#4245,#4246,#4247,#4248,#4249,#4250,#4251,#4252,#4253,#4254
      ,#4255,#4256,#4257,#4258,#4259,#4260,#4261,#4262,#4263,#4264,#4265
      ,#4266,#4267,#4268,#4269
)),.UNSPECIFIED.,.F.,.F.,.F.) B_SPLINE_SURFACE_WITH_KNOTS((3,3),(10,8,8,
    10),(0.,1.634893802163),(7.91164067912,8.949391952109,9.536638350519
,9.546534481283),.UNSPECIFIED.) GEOMETRIC_REPRESENTATION_ITEM() 
RATIONAL_B_SPLINE_SURFACE((
    (1.,1.,1.,1.,1.,1.,1.,1.,1.,1.,1.,1.,1.,1.,1.,1.,1.,1.,1.,1.,1.,1.
      ,1.,1.,1.,1.)
    ,(0.706979363762,0.699660822913,0.691279935461,0.681780067177
      ,0.671695574316,0.66055750933,0.649222702765,0.637632764921
      ,0.626559862401,0.610926653558,0.605626718241,0.600798300058
      ,0.596493694547,0.592803970667,0.589957606324,0.588266026663
      ,0.587772668035,0.587456958492,0.587451791626,0.587446689865
      ,0.587441653095,0.587436681198,0.587431774058,0.587426931559
      ,0.587422153585,0.587417440018)
    ,(1.,1.,1.,1.,1.,1.,1.,1.,1.,1.,1.,1.,1.,1.,1.,1.,1.,1.,1.,1.,1.,1.
,1.,1.,1.,1.))) REPRESENTATION_ITEM('') SURFACE() );
#4192 = CARTESIAN_POINT('',(-3.179388863459,5.402629421415,
    10.163049548497));
#4193 = CARTESIAN_POINT('',(-3.348221691211,5.407678176834,
    10.127263867674));
#4194 = CARTESIAN_POINT('',(-3.538855454425,5.432524604239,
    10.084679095572));
#4195 = CARTESIAN_POINT('',(-3.693064181737,5.477223741032,
    10.047030231142));
#4196 = CARTESIAN_POINT('',(-3.879210303466,5.537159167415,
    10.001314415509));
#4197 = CARTESIAN_POINT('',(-4.029606744968,5.620783023612,
    9.960415708073));
#4198 = CARTESIAN_POINT('',(-4.191332656518,5.720304365554,9.91626315911
    ));
#4199 = CARTESIAN_POINT('',(-4.334199908289,5.84195918657,9.874804541323
    ));
#4200 = CARTESIAN_POINT('',(-4.465172260518,5.982492113037,
    9.835829609193));
#4201 = CARTESIAN_POINT('',(-4.641301741475,6.230276007651,
    9.782078983023));
#4202 = CARTESIAN_POINT('',(-4.699297395299,6.325472424216,
    9.764069866075));
#4203 = CARTESIAN_POINT('',(-4.75011239361,6.425932509265,9.748068766455
    ));
#4204 = CARTESIAN_POINT('',(-4.795203910968,6.532139296066,
    9.733674595834));
#4205 = CARTESIAN_POINT('',(-4.833285452167,6.645307796406,
    9.721385626106));
#4206 = CARTESIAN_POINT('',(-4.861179108524,6.764534088119,
    9.712320205911));
#4207 = CARTESIAN_POINT('',(-4.877339961555,6.883418973951,
    9.707050856278));
#4208 = CARTESIAN_POINT('',(-4.884145557094,6.988352759372,
    9.704837432773));
#4209 = CARTESIAN_POINT('',(-4.885058502627,7.061865993271,
    9.704540114205));
#4210 = CARTESIAN_POINT('',(-4.885072248338,7.063084115796,9.70453563763
    ));
#4211 = CARTESIAN_POINT('',(-4.885084610173,7.064302064177,9.70453161173
    ));
#4212 = CARTESIAN_POINT('',(-4.885095588316,7.065519838118,
    9.704528036449));
#4213 = CARTESIAN_POINT('',(-4.885105182947,7.066737437321,
    9.704524911731));
#4214 = CARTESIAN_POINT('',(-4.88511339425,7.067954861488,9.704522237519
    ));
#4215 = CARTESIAN_POINT('',(-4.885120222407,7.069172110321,
    9.704520013759));
#4216 = CARTESIAN_POINT('',(-4.885125667599,7.070389183523,
    9.704518240393));
#4217 = CARTESIAN_POINT('',(-4.885129730009,7.071606080796,
    9.704516917366));
#4218 = CARTESIAN_POINT('',(-3.122280032446,6.,10.175154293919));
#4219 = CARTESIAN_POINT('',(-3.236546237903,6.012072983472,
    10.151584027203));
#4220 = CARTESIAN_POINT('',(-3.349411661775,6.037591799883,
    10.127665572829));
#4221 = CARTESIAN_POINT('',(-3.458537698035,6.076400052567,
    10.103958556601));
#4222 = CARTESIAN_POINT('',(-3.563248797698,6.127878605273,
    10.080529676331));
#4223 = CARTESIAN_POINT('',(-3.660449417847,6.191603858021,10.0585831368
    ));
#4224 = CARTESIAN_POINT('',(-3.749329526653,6.266012649425,
    10.038210780411));
#4225 = CARTESIAN_POINT('',(-3.827973195865,6.349872288046,
    10.020305482736));
#4226 = CARTESIAN_POINT('',(-3.895741448458,6.441511332729,
    10.004990574507));
#4227 = CARTESIAN_POINT('',(-3.984795492405,6.596700506264,
    9.985108453557));
#4228 = CARTESIAN_POINT('',(-4.013539669654,6.655713760312,
    9.978763834113));
#4229 = CARTESIAN_POINT('',(-4.038320233476,6.716539754104,
    9.973314865196));
#4230 = CARTESIAN_POINT('',(-4.058823176977,6.778649350728,
    9.968958385295));
#4231 = CARTESIAN_POINT('',(-4.07508300522,6.841579598623,9.965630161919
    ));
#4232 = CARTESIAN_POINT('',(-4.087374229779,6.9051776969,9.963076731864)
  );
#4233 = CARTESIAN_POINT('',(-4.095799734717,6.969559552912,
    9.961176011797));
#4234 = CARTESIAN_POINT('',(-4.100081869243,7.034767274322,
    9.960136147096));
#4235 = CARTESIAN_POINT('',(-4.100049184964,7.101361881948,
    9.960194543655));
#4236 = CARTESIAN_POINT('',(-4.10004739758,7.102466138015,9.960195845129
    ));
#4237 = CARTESIAN_POINT('',(-4.100044364594,7.103570428866,
    9.960197479851));
#4238 = CARTESIAN_POINT('',(-4.100040085844,7.104674754093,
    9.960199447881));
#4239 = CARTESIAN_POINT('',(-4.100034561168,7.105779113289,9.96020174928
    ));
#4240 = CARTESIAN_POINT('',(-4.100027790405,7.106883506048,
    9.960204384108));
#4241 = CARTESIAN_POINT('',(-4.100019773396,7.107987931964,
    9.960207352425));
#4242 = CARTESIAN_POINT('',(-4.10001050998,7.109092390635,9.960210654291
    ));
#4243 = CARTESIAN_POINT('',(-4.1,7.110196881655,9.960214289765));
#4244 = CARTESIAN_POINT('',(-3.,6.,9.587525886449));
#4245 = CARTESIAN_POINT('',(-3.107481214521,6.,9.552677049184));
#4246 = CARTESIAN_POINT('',(-3.215731522379,6.011809301319,9.51534597222
    ));
#4247 = CARTESIAN_POINT('',(-3.324266613763,6.035770035916,
    9.475538424903));
#4248 = CARTESIAN_POINT('',(-3.431045708725,6.072298270336,
    9.434442311849));
#4249 = CARTESIAN_POINT('',(-3.535990905492,6.121894280652,
    9.391680692234));
#4250 = CARTESIAN_POINT('',(-3.636422244202,6.184912037993,
    9.349091742809));
#4251 = CARTESIAN_POINT('',(-3.731311520211,6.261972866196,
    9.307161157334));
#4252 = CARTESIAN_POINT('',(-3.817593255189,6.353043289529,
    9.267910832741));
#4253 = CARTESIAN_POINT('',(-3.93483201712,6.515755396881,9.213402456457
    ));
#4254 = CARTESIAN_POINT('',(-3.973562735124,6.578639700127,
    9.195126500422));
#4255 = CARTESIAN_POINT('',(-4.008026090799,6.645544923902,
    9.178623339322));
#4256 = CARTESIAN_POINT('',(-4.037996173905,6.716051362352,
    9.164112302595));
#4257 = CARTESIAN_POINT('',(-4.062936488092,6.790269268887,
    9.151877036259));
#4258 = CARTESIAN_POINT('',(-4.081912468765,6.867898706252,
    9.142465564396));
#4259 = CARTESIAN_POINT('',(-4.09403371086,6.946811955588,9.136583503725
    ));
#4260 = CARTESIAN_POINT('',(-4.099328428126,7.022508851811,
    9.134368864952));
#4261 = CARTESIAN_POINT('',(-4.099963185019,7.090929309034,
    9.133726224458));
#4262 = CARTESIAN_POINT('',(-4.099972389306,7.092063193309,
    9.133716049485));
#4263 = CARTESIAN_POINT('',(-4.099980278462,7.093197064909,
    9.133706349493));
#4264 = CARTESIAN_POINT('',(-4.099986852566,7.094330923327,
    9.133697124288));
#4265 = CARTESIAN_POINT('',(-4.099992111694,7.095464768059,
    9.133688373681));
#4266 = CARTESIAN_POINT('',(-4.099996055924,7.096598598597,
    9.133680097478));
#4267 = CARTESIAN_POINT('',(-4.099998685334,7.097732414437,9.13367229549
    ));
#4268 = CARTESIAN_POINT('',(-4.1,7.098866215073,9.133664967522));
#4269 = CARTESIAN_POINT('',(-4.1,7.1,9.133658113385));
#4270 = DEFINITIONAL_REPRESENTATION('',(#4271),#4275);
#4271 = LINE('',#4272,#4273);
#4272 = CARTESIAN_POINT('',(0.,0.));
#4273 = VECTOR('',#4274,1.);
#4274 = DIRECTION('',(0.,1.));
#4275 = ( GEOMETRIC_REPRESENTATION_CONTEXT(2) 
PARAMETRIC_REPRESENTATION_CONTEXT() REPRESENTATION_CONTEXT('2D SPACE',''
  ) );
#4276 = ADVANCED_FACE('',(#4277),#58,.T.);
#4277 = FACE_BOUND('',#4278,.T.);
#4278 = EDGE_LOOP('',(#4279,#4300,#4340,#4359));
#4279 = ORIENTED_EDGE('',*,*,#4280,.T.);
#4280 = EDGE_CURVE('',#22,#4281,#4283,.T.);
#4281 = VERTEX_POINT('',#4282);
#4282 = CARTESIAN_POINT('',(-4.1,7.1,9.133658113385));
#4283 = SURFACE_CURVE('',#4284,(#4288,#4294),.PCURVE_S1.);
#4284 = ( BOUNDED_CURVE() B_SPLINE_CURVE(2,(#4285,#4286,#4287),
.UNSPECIFIED.,.F.,.F.) B_SPLINE_CURVE_WITH_KNOTS((3,3),(0.,
1.634893802163),.PIECEWISE_BEZIER_KNOTS.) CURVE() 
GEOMETRIC_REPRESENTATION_ITEM() RATIONAL_B_SPLINE_CURVE((1.,
0.587417440018,1.)) REPRESENTATION_ITEM('') );
#4285 = CARTESIAN_POINT('',(-4.885129730009,7.071606080796,
    9.704516917366));
#4286 = CARTESIAN_POINT('',(-4.1,7.110196881655,9.960214289765));
#4287 = CARTESIAN_POINT('',(-4.1,7.1,9.133658113385));
#4288 = PCURVE('',#58,#4289);
#4289 = DEFINITIONAL_REPRESENTATION('',(#4290),#4293);
#4290 = B_SPLINE_CURVE_WITH_KNOTS('',1,(#4291,#4292),.UNSPECIFIED.,.F.,
  .F.,(2,2),(0.,1.634893802163),.PIECEWISE_BEZIER_KNOTS.);
#4291 = CARTESIAN_POINT('',(0.,9.546534481283));
#4292 = CARTESIAN_POINT('',(3.774443799942,9.546534481283));
#4293 = ( GEOMETRIC_REPRESENTATION_CONTEXT(2) 
PARAMETRIC_REPRESENTATION_CONTEXT() REPRESENTATION_CONTEXT('2D SPACE',''
  ) );
#4294 = PCURVE('',#4191,#4295);
#4295 = DEFINITIONAL_REPRESENTATION('',(#4296),#4299);
#4296 = B_SPLINE_CURVE_WITH_KNOTS('',1,(#4297,#4298),.UNSPECIFIED.,.F.,
  .F.,(2,2),(0.,1.634893802163),.PIECEWISE_BEZIER_KNOTS.);
#4297 = CARTESIAN_POINT('',(0.,9.546534481283));
#4298 = CARTESIAN_POINT('',(1.634893802163,9.546534481283));
#4299 = ( GEOMETRIC_REPRESENTATION_CONTEXT(2) 
PARAMETRIC_REPRESENTATION_CONTEXT() REPRESENTATION_CONTEXT('2D SPACE',''
  ) );
#4300 = ORIENTED_EDGE('',*,*,#4301,.T.);
#4301 = EDGE_CURVE('',#4281,#4302,#4304,.T.);
#4302 = VERTEX_POINT('',#4303);
#4303 = CARTESIAN_POINT('',(-4.1,10.9,9.133737393877));
#4304 = SURFACE_CURVE('',#4305,(#4315,#4322),.PCURVE_S1.);
#4305 = ( BOUNDED_CURVE() B_SPLINE_CURVE(8,(#4306,#4307,#4308,#4309,
    #4310,#4311,#4312,#4313,#4314),.UNSPECIFIED.,.F.,.F.) 
B_SPLINE_CURVE_WITH_KNOTS((9,9),(9.546534481283,13.320978281225),
.PIECEWISE_BEZIER_KNOTS.) CURVE() GEOMETRIC_REPRESENTATION_ITEM() 
RATIONAL_B_SPLINE_CURVE((1.,1.,1.,1.,1.,1.,1.,1.,1.)) 
REPRESENTATION_ITEM('') );
#4306 = CARTESIAN_POINT('',(-4.1,7.1,9.133658113385));
#4307 = CARTESIAN_POINT('',(-4.1,7.586526859644,9.133993551832));
#4308 = CARTESIAN_POINT('',(-4.1,8.05804241903,9.133567143101));
#4309 = CARTESIAN_POINT('',(-4.1,8.533240143407,9.133949801055));
#4310 = CARTESIAN_POINT('',(-4.1,9.001194995667,9.133692414383));
#4311 = CARTESIAN_POINT('',(-4.1,9.473045018539,9.133874749562));
#4312 = CARTESIAN_POINT('',(-4.1,9.945865362787,9.133703616595));
#4313 = CARTESIAN_POINT('',(-4.1,10.418861732539,9.133868793688));
#4314 = CARTESIAN_POINT('',(-4.1,10.9,9.133737393877));
#4315 = PCURVE('',#58,#4316);
#4316 = DEFINITIONAL_REPRESENTATION('',(#4317),#4321);
#4317 = LINE('',#4318,#4319);
#4318 = CARTESIAN_POINT('',(3.774443799942,0.));
#4319 = VECTOR('',#4320,1.);
#4320 = DIRECTION('',(0.,1.));
#4321 = ( GEOMETRIC_REPRESENTATION_CONTEXT(2) 
PARAMETRIC_REPRESENTATION_CONTEXT() REPRESENTATION_CONTEXT('2D SPACE',''
  ) );
#4322 = PCURVE('',#4323,#4328);
#4323 = PLANE('',#4324);
#4324 = AXIS2_PLACEMENT_3D('',#4325,#4326,#4327);
#4325 = CARTESIAN_POINT('',(-4.1,10.9,2.));
#4326 = DIRECTION('',(1.,4.67462326158E-16,-0.));
#4327 = DIRECTION('',(4.67462326158E-16,-1.,0.));
#4328 = DEFINITIONAL_REPRESENTATION('',(#4329),#4339);
#4329 = B_SPLINE_CURVE_WITH_KNOTS('',8,(#4330,#4331,#4332,#4333,#4334,
    #4335,#4336,#4337,#4338),.UNSPECIFIED.,.F.,.F.,(9,9),(9.546534481283
    ,13.320978281225),.PIECEWISE_BEZIER_KNOTS.);
#4330 = CARTESIAN_POINT('',(3.8,-7.133658113385));
#4331 = CARTESIAN_POINT('',(3.313473140356,-7.133993551832));
#4332 = CARTESIAN_POINT('',(2.84195758097,-7.133567143101));
#4333 = CARTESIAN_POINT('',(2.366759856593,-7.133949801055));
#4334 = CARTESIAN_POINT('',(1.898805004333,-7.133692414383));
#4335 = CARTESIAN_POINT('',(1.426954981461,-7.133874749562));
#4336 = CARTESIAN_POINT('',(0.954134637213,-7.133703616595));
#4337 = CARTESIAN_POINT('',(0.481138267461,-7.133868793688));
#4338 = CARTESIAN_POINT('',(-1.550342697278E-16,-7.133737393877));
#4339 = ( GEOMETRIC_REPRESENTATION_CONTEXT(2) 
PARAMETRIC_REPRESENTATION_CONTEXT() REPRESENTATION_CONTEXT('2D SPACE',''
  ) );
#4340 = ORIENTED_EDGE('',*,*,#4341,.F.);
#4341 = EDGE_CURVE('',#24,#4302,#4342,.T.);
#4342 = SURFACE_CURVE('',#4343,(#4347,#4353),.PCURVE_S1.);
#4343 = ( BOUNDED_CURVE() B_SPLINE_CURVE(2,(#4344,#4345,#4346),
.UNSPECIFIED.,.F.,.F.) B_SPLINE_CURVE_WITH_KNOTS((3,3),(0.,
3.774443799942),.PIECEWISE_BEZIER_KNOTS.) CURVE() 
GEOMETRIC_REPRESENTATION_ITEM() RATIONAL_B_SPLINE_CURVE((1.,
0.587461693812,1.)) REPRESENTATION_ITEM('') );
#4344 = CARTESIAN_POINT('',(-4.885542080115,10.918096376968,
    9.704382619447));
#4345 = CARTESIAN_POINT('',(-4.1,10.893506528913,9.960235878654));
#4346 = CARTESIAN_POINT('',(-4.1,10.9,9.133737393877));
#4347 = PCURVE('',#58,#4348);
#4348 = DEFINITIONAL_REPRESENTATION('',(#4349),#4352);
#4349 = B_SPLINE_CURVE_WITH_KNOTS('',1,(#4350,#4351),.UNSPECIFIED.,.F.,
  .F.,(2,2),(0.,3.774443799942),.PIECEWISE_BEZIER_KNOTS.);
#4350 = CARTESIAN_POINT('',(0.,13.320978281225));
#4351 = CARTESIAN_POINT('',(3.774443799942,13.320978281225));
#4352 = ( GEOMETRIC_REPRESENTATION_CONTEXT(2) 
PARAMETRIC_REPRESENTATION_CONTEXT() REPRESENTATION_CONTEXT('2D SPACE',''
  ) );
#4353 = PCURVE('',#232,#4354);
#4354 = DEFINITIONAL_REPRESENTATION('',(#4355),#4358);
#4355 = B_SPLINE_CURVE_WITH_KNOTS('',1,(#4356,#4357),.UNSPECIFIED.,.F.,
  .F.,(2,2),(0.,3.774443799942),.PIECEWISE_BEZIER_KNOTS.);
#4356 = CARTESIAN_POINT('',(0.,13.320978281225));
#4357 = CARTESIAN_POINT('',(12.97629147638,13.320978281225));
#4358 = ( GEOMETRIC_REPRESENTATION_CONTEXT(2) 
PARAMETRIC_REPRESENTATION_CONTEXT() REPRESENTATION_CONTEXT('2D SPACE',''
  ) );
#4359 = ORIENTED_EDGE('',*,*,#21,.F.);
#4360 = ADVANCED_FACE('',(#4361),#4191,.T.);
#4361 = FACE_BOUND('',#4362,.T.);
#4362 = EDGE_LOOP('',(#4363,#4384,#4486,#4487));
#4363 = ORIENTED_EDGE('',*,*,#4364,.T.);
#4364 = EDGE_CURVE('',#3798,#4365,#4367,.T.);
#4365 = VERTEX_POINT('',#4366);
#4366 = CARTESIAN_POINT('',(-3.,6.,9.587525886449));
#4367 = SURFACE_CURVE('',#4368,(#4372,#4378),.PCURVE_S1.);
#4368 = ( BOUNDED_CURVE() B_SPLINE_CURVE(2,(#4369,#4370,#4371),
.UNSPECIFIED.,.F.,.F.) B_SPLINE_CURVE_WITH_KNOTS((3,3),(0.,
6.286649391997),.PIECEWISE_BEZIER_KNOTS.) CURVE() 
GEOMETRIC_REPRESENTATION_ITEM() RATIONAL_B_SPLINE_CURVE((1.,
0.706979363762,1.)) REPRESENTATION_ITEM('') );
#4369 = CARTESIAN_POINT('',(-3.179388863459,5.402629421415,
    10.163049548497));
#4370 = CARTESIAN_POINT('',(-3.122280032446,6.,10.175154293919));
#4371 = CARTESIAN_POINT('',(-3.,6.,9.587525886449));
#4372 = PCURVE('',#4191,#4373);
#4373 = DEFINITIONAL_REPRESENTATION('',(#4374),#4377);
#4374 = B_SPLINE_CURVE_WITH_KNOTS('',1,(#4375,#4376),.UNSPECIFIED.,.F.,
  .F.,(2,2),(0.,6.286649391997),.PIECEWISE_BEZIER_KNOTS.);
#4375 = CARTESIAN_POINT('',(0.,7.91164067912));
#4376 = CARTESIAN_POINT('',(1.634893802163,7.91164067912));
#4377 = ( GEOMETRIC_REPRESENTATION_CONTEXT(2) 
PARAMETRIC_REPRESENTATION_CONTEXT() REPRESENTATION_CONTEXT('2D SPACE',''
  ) );
#4378 = PCURVE('',#3979,#4379);
#4379 = DEFINITIONAL_REPRESENTATION('',(#4380),#4383);
#4380 = B_SPLINE_CURVE_WITH_KNOTS('',1,(#4381,#4382),.UNSPECIFIED.,.F.,
  .F.,(2,2),(0.,6.286649391997),.PIECEWISE_BEZIER_KNOTS.);
#4381 = CARTESIAN_POINT('',(0.,7.91164067912));
#4382 = CARTESIAN_POINT('',(6.286649391997,7.91164067912));
#4383 = ( GEOMETRIC_REPRESENTATION_CONTEXT(2) 
PARAMETRIC_REPRESENTATION_CONTEXT() REPRESENTATION_CONTEXT('2D SPACE',''
  ) );
#4384 = ORIENTED_EDGE('',*,*,#4385,.T.);
#4385 = EDGE_CURVE('',#4365,#4281,#4386,.T.);
#4386 = SURFACE_CURVE('',#4387,(#4414,#4421),.PCURVE_S1.);
#4387 = ( BOUNDED_CURVE() B_SPLINE_CURVE(9,(#4388,#4389,#4390,#4391,
    #4392,#4393,#4394,#4395,#4396,#4397,#4398,#4399,#4400,#4401,#4402,
    #4403,#4404,#4405,#4406,#4407,#4408,#4409,#4410,#4411,#4412,#4413),
.UNSPECIFIED.,.F.,.F.) B_SPLINE_CURVE_WITH_KNOTS((10,8,8,10),(
    7.91164067912,8.949391952109,9.536638350519,9.546534481283),
.UNSPECIFIED.) CURVE() GEOMETRIC_REPRESENTATION_ITEM() 
RATIONAL_B_SPLINE_CURVE((1.,1.,1.,1.,1.,1.,1.,1.,1.,1.,1.,1.,1.,1.,1.,1.
,1.,1.,1.,1.,1.,1.,1.,1.,1.,1.)) REPRESENTATION_ITEM('') );
#4388 = CARTESIAN_POINT('',(-3.,6.,9.587525886449));
#4389 = CARTESIAN_POINT('',(-3.107481214521,6.,9.552677049184));
#4390 = CARTESIAN_POINT('',(-3.215731522379,6.011809301319,9.51534597222
    ));
#4391 = CARTESIAN_POINT('',(-3.324266613763,6.035770035916,
    9.475538424903));
#4392 = CARTESIAN_POINT('',(-3.431045708725,6.072298270336,
    9.434442311849));
#4393 = CARTESIAN_POINT('',(-3.535990905492,6.121894280652,
    9.391680692234));
#4394 = CARTESIAN_POINT('',(-3.636422244202,6.184912037993,
    9.349091742809));
#4395 = CARTESIAN_POINT('',(-3.731311520211,6.261972866196,
    9.307161157334));
#4396 = CARTESIAN_POINT('',(-3.817593255189,6.353043289529,
    9.267910832741));
#4397 = CARTESIAN_POINT('',(-3.93483201712,6.515755396881,9.213402456457
    ));
#4398 = CARTESIAN_POINT('',(-3.973562735124,6.578639700127,
    9.195126500422));
#4399 = CARTESIAN_POINT('',(-4.008026090799,6.645544923902,
    9.178623339322));
#4400 = CARTESIAN_POINT('',(-4.037996173905,6.716051362352,
    9.164112302595));
#4401 = CARTESIAN_POINT('',(-4.062936488092,6.790269268887,
    9.151877036259));
#4402 = CARTESIAN_POINT('',(-4.081912468765,6.867898706252,
    9.142465564396));
#4403 = CARTESIAN_POINT('',(-4.09403371086,6.946811955588,9.136583503725
    ));
#4404 = CARTESIAN_POINT('',(-4.099328428126,7.022508851811,
    9.134368864952));
#4405 = CARTESIAN_POINT('',(-4.099963185019,7.090929309034,
    9.133726224458));
#4406 = CARTESIAN_POINT('',(-4.099972389306,7.092063193309,
    9.133716049485));
#4407 = CARTESIAN_POINT('',(-4.099980278462,7.093197064909,
    9.133706349493));
#4408 = CARTESIAN_POINT('',(-4.099986852566,7.094330923327,
    9.133697124288));
#4409 = CARTESIAN_POINT('',(-4.099992111694,7.095464768059,
    9.133688373681));
#4410 = CARTESIAN_POINT('',(-4.099996055924,7.096598598597,
    9.133680097478));
#4411 = CARTESIAN_POINT('',(-4.099998685334,7.097732414437,9.13367229549
    ));
#4412 = CARTESIAN_POINT('',(-4.1,7.098866215073,9.133664967522));
#4413 = CARTESIAN_POINT('',(-4.1,7.1,9.133658113385));
#4414 = PCURVE('',#4191,#4415);
#4415 = DEFINITIONAL_REPRESENTATION('',(#4416),#4420);
#4416 = LINE('',#4417,#4418);
#4417 = CARTESIAN_POINT('',(1.634893802163,0.));
#4418 = VECTOR('',#4419,1.);
#4419 = DIRECTION('',(0.,1.));
#4420 = ( GEOMETRIC_REPRESENTATION_CONTEXT(2) 
PARAMETRIC_REPRESENTATION_CONTEXT() REPRESENTATION_CONTEXT('2D SPACE',''
  ) );
#4421 = PCURVE('',#4422,#4427);
#4422 = CYLINDRICAL_SURFACE('',#4423,1.1);
#4423 = AXIS2_PLACEMENT_3D('',#4424,#4425,#4426);
#4424 = CARTESIAN_POINT('',(-3.,7.1,2.));
#4425 = DIRECTION('',(-0.,-0.,-1.));
#4426 = DIRECTION('',(-1.,-8.074349270001E-16,0.));
#4427 = DEFINITIONAL_REPRESENTATION('',(#4428),#4485);
#4428 = B_SPLINE_CURVE_WITH_KNOTS('',10,(#4429,#4430,#4431,#4432,#4433,
    #4434,#4435,#4436,#4437,#4438,#4439,#4440,#4441,#4442,#4443,#4444,
    #4445,#4446,#4447,#4448,#4449,#4450,#4451,#4452,#4453,#4454,#4455,
    #4456,#4457,#4458,#4459,#4460,#4461,#4462,#4463,#4464,#4465,#4466,
    #4467,#4468,#4469,#4470,#4471,#4472,#4473,#4474,#4475,#4476,#4477,
    #4478,#4479,#4480,#4481,#4482,#4483,#4484),.UNSPECIFIED.,.F.,.F.,(11
    ,9,9,9,9,9,11),(7.91164067912,8.729087580201,9.137811030742,
    9.342172756013,9.444353618648,9.495444049965,9.546534481283),
  .UNSPECIFIED.);
#4429 = CARTESIAN_POINT('',(-1.570796326795,-7.587525886449));
#4430 = CARTESIAN_POINT('',(-1.501525771913,-7.562820191267));
#4431 = CARTESIAN_POINT('',(-1.43189654326,-7.536872349942));
#4432 = CARTESIAN_POINT('',(-1.361654697246,-7.509733451373));
#4433 = CARTESIAN_POINT('',(-1.290689320919,-7.481585766204));
#4434 = CARTESIAN_POINT('',(-1.2188809546,-7.452630791627));
#4435 = CARTESIAN_POINT('',(-1.146062153462,-7.423076790652));
#4436 = CARTESIAN_POINT('',(-1.07204390385,-7.393179725879));
#4437 = CARTESIAN_POINT('',(-0.99666161011,-7.363291487427));
#4438 = CARTESIAN_POINT('',(-0.919794367712,-7.333869315057));
#4439 = CARTESIAN_POINT('',(-0.802069673827,-7.291165813769));
#4440 = CARTESIAN_POINT('',(-0.762422608508,-7.277169447988));
#4441 = CARTESIAN_POINT('',(-0.72237261982,-7.263482039241));
#4442 = CARTESIAN_POINT('',(-0.681886946693,-7.250163678251));
#4443 = CARTESIAN_POINT('',(-0.64096347093,-7.237289292747));
#4444 = CARTESIAN_POINT('',(-0.599625990115,-7.224945638779));
#4445 = CARTESIAN_POINT('',(-0.557887646467,-7.213215623501));
#4446 = CARTESIAN_POINT('',(-0.515721375951,-7.202165868707));
#4447 = CARTESIAN_POINT('',(-0.473076241953,-7.191853423943));
#4448 = CARTESIAN_POINT('',(-0.408429655753,-7.177624595613));
#4449 = CARTESIAN_POINT('',(-0.386766846621,-7.173088433572));
#4450 = CARTESIAN_POINT('',(-0.364991651723,-7.168768742574));
#4451 = CARTESIAN_POINT('',(-0.343107932558,-7.16467688726));
#4452 = CARTESIAN_POINT('',(-0.321123426411,-7.160825249166));
#4453 = CARTESIAN_POINT('',(-0.299051321953,-7.157226569361));
#4454 = CARTESIAN_POINT('',(-0.276911834827,-7.153893290958));
#4455 = CARTESIAN_POINT('',(-0.254733783241,-7.150836901779));
#4456 = CARTESIAN_POINT('',(-0.232556163563,-7.148067276875));
#4457 = CARTESIAN_POINT('',(-0.199366507084,-7.144354393291));
#4458 = CARTESIAN_POINT('',(-0.18831611375,-7.143190084353));
#4459 = CARTESIAN_POINT('',(-0.177284782318,-7.142100205167));
#4460 = CARTESIAN_POINT('',(-0.166279528228,-7.141085471394));
#4461 = CARTESIAN_POINT('',(-0.155308145946,-7.140146203505));
#4462 = CARTESIAN_POINT('',(-0.144379208968,-7.139282326827));
#4463 = CARTESIAN_POINT('',(-0.133502069817,-7.138493371478));
#4464 = CARTESIAN_POINT('',(-0.122686860046,-7.137778472433));
#4465 = CARTESIAN_POINT('',(-0.111944490233,-7.137136369474));
#4466 = CARTESIAN_POINT('',(-9.59577298657E-02,-7.136279926092));
#4467 = CARTESIAN_POINT('',(-9.064972762021E-02,-7.136012395998));
#4468 = CARTESIAN_POINT('',(-8.536427674003E-02,-7.135762415692));
#4469 = CARTESIAN_POINT('',(-8.010301071348E-02,-7.135529583926));
#4470 = CARTESIAN_POINT('',(-7.486756302888E-02,-7.135313499454));
#4471 = CARTESIAN_POINT('',(-6.965956717455E-02,-7.135113761031));
#4472 = CARTESIAN_POINT('',(-6.44806566388E-02,-7.134929967411));
#4473 = CARTESIAN_POINT('',(-5.933246490995E-02,-7.134761717346));
#4474 = CARTESIAN_POINT('',(-5.421662547632E-02,-7.134608609591));
#4475 = CARTESIAN_POINT('',(-4.405291817612E-02,-7.134331876209));
#4476 = CARTESIAN_POINT('',(-3.899849554686E-02,-7.134208042202));
#4477 = CARTESIAN_POINT('',(-3.402539335183E-02,-7.134098019453));
#4478 = CARTESIAN_POINT('',(-2.895219083005E-02,-7.134001344302));
#4479 = CARTESIAN_POINT('',(-2.415910534182E-02,-7.133918053434));
#4480 = CARTESIAN_POINT('',(-1.917202142875E-02,-7.133843529811));
#4481 = CARTESIAN_POINT('',(-1.429723754698E-02,-7.133785711684));
#4482 = CARTESIAN_POINT('',(-9.598791082779E-03,-7.133731544649));
#4483 = CARTESIAN_POINT('',(-4.789108176398E-03,-7.133689960452));
#4484 = CARTESIAN_POINT('',(-1.384309333829E-15,-7.133658113385));
#4485 = ( GEOMETRIC_REPRESENTATION_CONTEXT(2) 
PARAMETRIC_REPRESENTATION_CONTEXT() REPRESENTATION_CONTEXT('2D SPACE',''
  ) );
#4486 = ORIENTED_EDGE('',*,*,#4280,.F.);
#4487 = ORIENTED_EDGE('',*,*,#4065,.F.);
#4488 = ADVANCED_FACE('',(#4489),#3979,.T.);
#4489 = FACE_BOUND('',#4490,.T.);
#4490 = EDGE_LOOP('',(#4491,#4492,#4572,#4644));
#4491 = ORIENTED_EDGE('',*,*,#3797,.F.);
#4492 = ORIENTED_EDGE('',*,*,#4493,.F.);
#4493 = EDGE_CURVE('',#4494,#3764,#4496,.T.);
#4494 = VERTEX_POINT('',#4495);
#4495 = CARTESIAN_POINT('',(-1.7,6.,9.79966746192));
#4496 = SURFACE_CURVE('',#4497,(#4520,#4546),.PCURVE_S1.);
#4497 = B_SPLINE_CURVE_WITH_KNOTS('',6,(#4498,#4499,#4500,#4501,#4502,
    #4503,#4504,#4505,#4506,#4507,#4508,#4509,#4510,#4511,#4512,#4513,
    #4514,#4515,#4516,#4517,#4518,#4519),.UNSPECIFIED.,.F.,.F.,(7,5,5,5,
    7),(0.,0.257815378541,0.516067979824,0.758253791111,1.),
  .UNSPECIFIED.);
#4498 = CARTESIAN_POINT('',(-1.7,6.,9.79966746192));
#4499 = CARTESIAN_POINT('',(-1.7,6.,9.836454447689));
#4500 = CARTESIAN_POINT('',(-1.7,5.997330546802,9.874333157539));
#4501 = CARTESIAN_POINT('',(-1.7,5.991694793271,9.912996154066));
#4502 = CARTESIAN_POINT('',(-1.7,5.982837898696,9.952034219667));
#4503 = CARTESIAN_POINT('',(-1.7,5.970611853731,9.990936465097));
#4504 = CARTESIAN_POINT('',(-1.7,5.939396646722,10.067455615929));
#4505 = CARTESIAN_POINT('',(-1.7,5.920395747031,10.105070586095));
#4506 = CARTESIAN_POINT('',(-1.7,5.89801501218,10.141466779092));
#4507 = CARTESIAN_POINT('',(-1.7,5.872400599594,10.176071309163));
#4508 = CARTESIAN_POINT('',(-1.7,5.843875291642,10.208366466365));
#4509 = CARTESIAN_POINT('',(-1.7,5.783795325967,10.265715866138));
#4510 = CARTESIAN_POINT('',(-1.7,5.752539210058,10.291095889929));
#4511 = CARTESIAN_POINT('',(-1.7,5.719457981517,10.313779011395));
#4512 = CARTESIAN_POINT('',(-1.7,5.684992941332,10.333539122405));
#4513 = CARTESIAN_POINT('',(-1.7,5.649613760069,10.350287472408));
#4514 = CARTESIAN_POINT('',(-1.7,5.57797153206,10.377779234694));
#4515 = CARTESIAN_POINT('',(-1.7,5.541709909483,10.388533713287));
#4516 = CARTESIAN_POINT('',(-1.7,5.505412644006,10.396330635862));
#4517 = CARTESIAN_POINT('',(-1.7,5.469488559618,10.401303966672));
#4518 = CARTESIAN_POINT('',(-1.7,5.434268008833,10.403667280474));
#4519 = CARTESIAN_POINT('',(-1.7,5.400002931527,10.403667286338));
#4520 = PCURVE('',#3979,#4521);
#4521 = DEFINITIONAL_REPRESENTATION('',(#4522),#4545);
#4522 = B_SPLINE_CURVE_WITH_KNOTS('',6,(#4523,#4524,#4525,#4526,#4527,
    #4528,#4529,#4530,#4531,#4532,#4533,#4534,#4535,#4536,#4537,#4538,
    #4539,#4540,#4541,#4542,#4543,#4544),.UNSPECIFIED.,.F.,.F.,(7,5,5,5,
    7),(0.,0.257815378541,0.516067979824,0.758253791111,1.),
  .UNSPECIFIED.);
#4523 = CARTESIAN_POINT('',(6.286649391997,6.542376937841));
#4524 = CARTESIAN_POINT('',(6.015977557477,6.537890588672));
#4525 = CARTESIAN_POINT('',(5.745453780053,6.533309715367));
#4526 = CARTESIAN_POINT('',(5.475077183915,6.528675483696));
#4527 = CARTESIAN_POINT('',(5.204838322854,6.524039850615));
#4528 = CARTESIAN_POINT('',(4.934717331018,6.519463837519));
#4529 = CARTESIAN_POINT('',(4.394212432944,6.510546025116));
#4530 = CARTESIAN_POINT('',(4.123825363406,6.506204595032));
#4531 = CARTESIAN_POINT('',(3.85351586562,6.502046003742));
#4532 = CARTESIAN_POINT('',(3.58325332156,6.498132394295));
#4533 = CARTESIAN_POINT('',(3.313002190493,6.494516700809));
#4534 = CARTESIAN_POINT('',(2.789288087307,6.488160580183));
#4535 = CARTESIAN_POINT('',(2.53582292419,6.4853796576));
#4536 = CARTESIAN_POINT('',(2.282322002729,6.482925007865));
#4537 = CARTESIAN_POINT('',(2.028758541356,6.480816074194));
#4538 = CARTESIAN_POINT('',(1.775111019197,6.479057486173));
#4539 = CARTESIAN_POINT('',(1.268087101224,6.476230230031));
#4540 = CARTESIAN_POINT('',(1.014708367179,6.475160291787));
#4541 = CARTESIAN_POINT('',(0.761219304698,6.47442614468));
#4542 = CARTESIAN_POINT('',(0.507607407058,6.474009639487));
#4543 = CARTESIAN_POINT('',(0.253867409058,6.473885048761));
#4544 = CARTESIAN_POINT('',(0.,6.474023718333));
#4545 = ( GEOMETRIC_REPRESENTATION_CONTEXT(2) 
PARAMETRIC_REPRESENTATION_CONTEXT() REPRESENTATION_CONTEXT('2D SPACE',''
  ) );
#4546 = PCURVE('',#3783,#4547);
#4547 = DEFINITIONAL_REPRESENTATION('',(#4548),#4571);
#4548 = B_SPLINE_CURVE_WITH_KNOTS('',6,(#4549,#4550,#4551,#4552,#4553,
    #4554,#4555,#4556,#4557,#4558,#4559,#4560,#4561,#4562,#4563,#4564,
    #4565,#4566,#4567,#4568,#4569,#4570),.UNSPECIFIED.,.F.,.F.,(7,5,5,5,
    7),(0.,0.257815378541,0.516067979824,0.758253791111,1.),
  .UNSPECIFIED.);
#4549 = CARTESIAN_POINT('',(6.49966746192,-8.));
#4550 = CARTESIAN_POINT('',(6.536454447689,-8.));
#4551 = CARTESIAN_POINT('',(6.574333157539,-7.997330546802));
#4552 = CARTESIAN_POINT('',(6.612996154066,-7.991694793271));
#4553 = CARTESIAN_POINT('',(6.652034219667,-7.982837898696));
#4554 = CARTESIAN_POINT('',(6.690936465097,-7.970611853731));
#4555 = CARTESIAN_POINT('',(6.767455615929,-7.939396646722));
#4556 = CARTESIAN_POINT('',(6.805070586095,-7.920395747031));
#4557 = CARTESIAN_POINT('',(6.841466779092,-7.89801501218));
#4558 = CARTESIAN_POINT('',(6.876071309163,-7.872400599594));
#4559 = CARTESIAN_POINT('',(6.908366466365,-7.843875291642));
#4560 = CARTESIAN_POINT('',(6.965715866138,-7.783795325967));
#4561 = CARTESIAN_POINT('',(6.991095889929,-7.752539210058));
#4562 = CARTESIAN_POINT('',(7.013779011395,-7.719457981517));
#4563 = CARTESIAN_POINT('',(7.033539122405,-7.684992941332));
#4564 = CARTESIAN_POINT('',(7.050287472408,-7.649613760069));
#4565 = CARTESIAN_POINT('',(7.077779234694,-7.57797153206));
#4566 = CARTESIAN_POINT('',(7.088533713287,-7.541709909483));
#4567 = CARTESIAN_POINT('',(7.096330635862,-7.505412644006));
#4568 = CARTESIAN_POINT('',(7.101303966672,-7.469488559618));
#4569 = CARTESIAN_POINT('',(7.103667280474,-7.434268008833));
#4570 = CARTESIAN_POINT('',(7.103667286338,-7.400002931527));
#4571 = ( GEOMETRIC_REPRESENTATION_CONTEXT(2) 
PARAMETRIC_REPRESENTATION_CONTEXT() REPRESENTATION_CONTEXT('2D SPACE',''
  ) );
#4572 = ORIENTED_EDGE('',*,*,#4573,.T.);
#4573 = EDGE_CURVE('',#4494,#4365,#4574,.T.);
#4574 = SURFACE_CURVE('',#4575,(#4602,#4609),.PCURVE_S1.);
#4575 = ( BOUNDED_CURVE() B_SPLINE_CURVE(7,(#4576,#4577,#4578,#4579,
    #4580,#4581,#4582,#4583,#4584,#4585,#4586,#4587,#4588,#4589,#4590,
    #4591,#4592,#4593,#4594,#4595,#4596,#4597,#4598,#4599,#4600,#4601),
.UNSPECIFIED.,.F.,.F.) B_SPLINE_CURVE_WITH_KNOTS((8,6,6,6,8),(
    1.624991287123,1.749090866467,4.768324577945,7.787558472086,
7.91164067912),.UNSPECIFIED.) CURVE() GEOMETRIC_REPRESENTATION_ITEM() 
RATIONAL_B_SPLINE_CURVE((1.,1.,1.,1.,1.,1.,1.,1.,1.,1.,1.,1.,1.,1.,1.,1.
,1.,1.,1.,1.,1.,1.,1.,1.,1.,1.)) REPRESENTATION_ITEM('') );
#4576 = CARTESIAN_POINT('',(3.,6.,9.587525842916));
#4577 = CARTESIAN_POINT('',(2.983101127316,6.,9.591077109981));
#4578 = CARTESIAN_POINT('',(2.966258120671,6.,9.594585291036));
#4579 = CARTESIAN_POINT('',(2.94945270784,6.,9.598055567133));
#4580 = CARTESIAN_POINT('',(2.932670908509,6.,9.601492179251));
#4581 = CARTESIAN_POINT('',(2.915903034267,6.,9.604898428297));
#4582 = CARTESIAN_POINT('',(2.899143688612,6.,9.608276675111));
#4583 = CARTESIAN_POINT('',(2.474832233854,6.,9.693171413003));
#4584 = CARTESIAN_POINT('',(2.06666940432,6.,9.76135762838));
#4585 = CARTESIAN_POINT('',(1.653875959084,6.,9.816914061531));
#4586 = CARTESIAN_POINT('',(1.242375158258,6.,9.858202892471));
#4587 = CARTESIAN_POINT('',(0.828185147784,6.,9.886133119858));
#4588 = CARTESIAN_POINT('',(0.414148768149,6.,9.900000055949));
#4589 = CARTESIAN_POINT('',(-0.414152683894,6.,9.899999944051));
#4590 = CARTESIAN_POINT('',(-0.828193835495,6.,9.88613288676));
#4591 = CARTESIAN_POINT('',(-1.242392061086,6.,9.858201976507));
#4592 = CARTESIAN_POINT('',(-1.653888351863,6.,9.816911660733));
#4593 = CARTESIAN_POINT('',(-2.066670342722,6.,9.761357316543));
#4594 = CARTESIAN_POINT('',(-2.47483048368,6.,9.693172007974));
#4595 = CARTESIAN_POINT('',(-2.899146917565,6.,9.608275853569));
#4596 = CARTESIAN_POINT('',(-2.915904691734,6.,9.604897899032));
#4597 = CARTESIAN_POINT('',(-2.932671499321,6.,9.601491849952));
#4598 = CARTESIAN_POINT('',(-2.949452705936,6.,9.598055364104));
#4599 = CARTESIAN_POINT('',(-2.966257918784,6.,9.594585167447));
#4600 = CARTESIAN_POINT('',(-2.983100986671,6.,9.591077054121));
#4601 = CARTESIAN_POINT('',(-3.,6.,9.587525886449));
#4602 = PCURVE('',#3979,#4603);
#4603 = DEFINITIONAL_REPRESENTATION('',(#4604),#4608);
#4604 = LINE('',#4605,#4606);
#4605 = CARTESIAN_POINT('',(6.286649391997,0.));
#4606 = VECTOR('',#4607,1.);
#4607 = DIRECTION('',(0.,1.));
#4608 = ( GEOMETRIC_REPRESENTATION_CONTEXT(2) 
PARAMETRIC_REPRESENTATION_CONTEXT() REPRESENTATION_CONTEXT('2D SPACE',''
  ) );
#4609 = PCURVE('',#4610,#4615);
#4610 = PLANE('',#4611);
#4611 = AXIS2_PLACEMENT_3D('',#4612,#4613,#4614);
#4612 = CARTESIAN_POINT('',(-3.,6.,2.));
#4613 = DIRECTION('',(0.,1.,0.));
#4614 = DIRECTION('',(1.,0.,0.));
#4615 = DEFINITIONAL_REPRESENTATION('',(#4616),#4643);
#4616 = B_SPLINE_CURVE_WITH_KNOTS('',7,(#4617,#4618,#4619,#4620,#4621,
    #4622,#4623,#4624,#4625,#4626,#4627,#4628,#4629,#4630,#4631,#4632,
    #4633,#4634,#4635,#4636,#4637,#4638,#4639,#4640,#4641,#4642),
  .UNSPECIFIED.,.F.,.F.,(8,6,6,6,8),(1.624991287123,1.749090866467,
    4.768324577945,7.787558472086,7.91164067912),.UNSPECIFIED.);
#4617 = CARTESIAN_POINT('',(6.,-7.587525842916));
#4618 = CARTESIAN_POINT('',(5.983101127316,-7.591077109981));
#4619 = CARTESIAN_POINT('',(5.96625812067,-7.594585291036));
#4620 = CARTESIAN_POINT('',(5.94945270784,-7.598055567133));
#4621 = CARTESIAN_POINT('',(5.932670908509,-7.60149217925));
#4622 = CARTESIAN_POINT('',(5.915903034267,-7.604898428297));
#4623 = CARTESIAN_POINT('',(5.899143688612,-7.608276675111));
#4624 = CARTESIAN_POINT('',(5.474832233854,-7.693171413003));
#4625 = CARTESIAN_POINT('',(5.066669404321,-7.76135762838));
#4626 = CARTESIAN_POINT('',(4.653875959084,-7.816914061531));
#4627 = CARTESIAN_POINT('',(4.242375158258,-7.858202892471));
#4628 = CARTESIAN_POINT('',(3.828185147784,-7.886133119858));
#4629 = CARTESIAN_POINT('',(3.414148768149,-7.900000055949));
#4630 = CARTESIAN_POINT('',(2.585847316106,-7.899999944051));
#4631 = CARTESIAN_POINT('',(2.171806164505,-7.88613288676));
#4632 = CARTESIAN_POINT('',(1.757607938914,-7.858201976507));
#4633 = CARTESIAN_POINT('',(1.346111648137,-7.816911660733));
#4634 = CARTESIAN_POINT('',(0.933329657278,-7.761357316543));
#4635 = CARTESIAN_POINT('',(0.52516951632,-7.693172007974));
#4636 = CARTESIAN_POINT('',(0.100853082435,-7.608275853569));
#4637 = CARTESIAN_POINT('',(8.40953082662E-02,-7.604897899032));
#4638 = CARTESIAN_POINT('',(6.732850067874E-02,-7.601491849952));
#4639 = CARTESIAN_POINT('',(5.054729406438E-02,-7.598055364105));
#4640 = CARTESIAN_POINT('',(3.374208121622E-02,-7.594585167447));
#4641 = CARTESIAN_POINT('',(1.689901332919E-02,-7.591077054121));
#4642 = CARTESIAN_POINT('',(-1.183775300007E-14,-7.587525886449));
#4643 = ( GEOMETRIC_REPRESENTATION_CONTEXT(2) 
PARAMETRIC_REPRESENTATION_CONTEXT() REPRESENTATION_CONTEXT('2D SPACE',''
  ) );
#4644 = ORIENTED_EDGE('',*,*,#4364,.F.);
#4645 = ADVANCED_FACE('',(#4646),#3783,.T.);
#4646 = FACE_BOUND('',#4647,.T.);
#4647 = EDGE_LOOP('',(#4648,#4676,#4704,#4723,#4724,#4725));
#4648 = ORIENTED_EDGE('',*,*,#4649,.T.);
#4649 = EDGE_CURVE('',#4650,#4652,#4654,.T.);
#4650 = VERTEX_POINT('',#4651);
#4651 = CARTESIAN_POINT('',(-1.7,0.209564087207,9.718120711795));
#4652 = VERTEX_POINT('',#4653);
#4653 = CARTESIAN_POINT('',(-1.7,0.209565551454,3.3));
#4654 = SURFACE_CURVE('',#4655,(#4659,#4665),.PCURVE_S1.);
#4655 = LINE('',#4656,#4657);
#4656 = CARTESIAN_POINT('',(-1.7,0.209565551454,0.));
#4657 = VECTOR('',#4658,1.);
#4658 = DIRECTION('',(-0.,-0.,-1.));
#4659 = PCURVE('',#3783,#4660);
#4660 = DEFINITIONAL_REPRESENTATION('',(#4661),#4664);
#4661 = B_SPLINE_CURVE_WITH_KNOTS('',1,(#4662,#4663),.UNSPECIFIED.,.F.,
  .F.,(2,2),(-9.800040652266,-2.3),.PIECEWISE_BEZIER_KNOTS.);
#4662 = CARTESIAN_POINT('',(6.500040652266,-2.209565551454));
#4663 = CARTESIAN_POINT('',(-1.,-2.209565551454));
#4664 = ( GEOMETRIC_REPRESENTATION_CONTEXT(2) 
PARAMETRIC_REPRESENTATION_CONTEXT() REPRESENTATION_CONTEXT('2D SPACE',''
  ) );
#4665 = PCURVE('',#4666,#4671);
#4666 = CYLINDRICAL_SURFACE('',#4667,7.);
#4667 = AXIS2_PLACEMENT_3D('',#4668,#4669,#4670);
#4668 = CARTESIAN_POINT('',(0.,7.,0.));
#4669 = DIRECTION('',(-0.,-0.,-1.));
#4670 = DIRECTION('',(-1.,0.,-0.));
#4671 = DEFINITIONAL_REPRESENTATION('',(#4672),#4675);
#4672 = B_SPLINE_CURVE_WITH_KNOTS('',1,(#4673,#4674),.UNSPECIFIED.,.F.,
  .F.,(2,2),(-9.800040652266,-2.3),.PIECEWISE_BEZIER_KNOTS.);
#4673 = CARTESIAN_POINT('',(-1.325486236948,-9.800040652266));
#4674 = CARTESIAN_POINT('',(-1.325486236948,-2.3));
#4675 = ( GEOMETRIC_REPRESENTATION_CONTEXT(2) 
PARAMETRIC_REPRESENTATION_CONTEXT() REPRESENTATION_CONTEXT('2D SPACE',''
  ) );
#4676 = ORIENTED_EDGE('',*,*,#4677,.T.);
#4677 = EDGE_CURVE('',#4652,#4678,#4680,.T.);
#4678 = VERTEX_POINT('',#4679);
#4679 = CARTESIAN_POINT('',(-1.7,6.,3.3));
#4680 = SURFACE_CURVE('',#4681,(#4685,#4692),.PCURVE_S1.);
#4681 = LINE('',#4682,#4683);
#4682 = CARTESIAN_POINT('',(-1.7,-2.,3.3));
#4683 = VECTOR('',#4684,1.);
#4684 = DIRECTION('',(0.,1.,0.));
#4685 = PCURVE('',#3783,#4686);
#4686 = DEFINITIONAL_REPRESENTATION('',(#4687),#4691);
#4687 = LINE('',#4688,#4689);
#4688 = CARTESIAN_POINT('',(0.,0.));
#4689 = VECTOR('',#4690,1.);
#4690 = DIRECTION('',(0.,-1.));
#4691 = ( GEOMETRIC_REPRESENTATION_CONTEXT(2) 
PARAMETRIC_REPRESENTATION_CONTEXT() REPRESENTATION_CONTEXT('2D SPACE',''
  ) );
#4692 = PCURVE('',#4693,#4698);
#4693 = PLANE('',#4694);
#4694 = AXIS2_PLACEMENT_3D('',#4695,#4696,#4697);
#4695 = CARTESIAN_POINT('',(-1.7,-2.,3.3));
#4696 = DIRECTION('',(0.,0.,1.));
#4697 = DIRECTION('',(1.,0.,0.));
#4698 = DEFINITIONAL_REPRESENTATION('',(#4699),#4703);
#4699 = LINE('',#4700,#4701);
#4700 = CARTESIAN_POINT('',(0.,0.));
#4701 = VECTOR('',#4702,1.);
#4702 = DIRECTION('',(0.,1.));
#4703 = ( GEOMETRIC_REPRESENTATION_CONTEXT(2) 
PARAMETRIC_REPRESENTATION_CONTEXT() REPRESENTATION_CONTEXT('2D SPACE',''
  ) );
#4704 = ORIENTED_EDGE('',*,*,#4705,.F.);
#4705 = EDGE_CURVE('',#4494,#4678,#4706,.T.);
#4706 = SURFACE_CURVE('',#4707,(#4711,#4717),.PCURVE_S1.);
#4707 = LINE('',#4708,#4709);
#4708 = CARTESIAN_POINT('',(-1.7,6.,2.65));
#4709 = VECTOR('',#4710,1.);
#4710 = DIRECTION('',(0.,0.,-1.));
#4711 = PCURVE('',#3783,#4712);
#4712 = DEFINITIONAL_REPRESENTATION('',(#4713),#4716);
#4713 = B_SPLINE_CURVE_WITH_KNOTS('',1,(#4714,#4715),.UNSPECIFIED.,.F.,
  .F.,(2,2),(-7.250000055949,-0.65),.PIECEWISE_BEZIER_KNOTS.);
#4714 = CARTESIAN_POINT('',(6.600000055949,-8.));
#4715 = CARTESIAN_POINT('',(0.,-8.));
#4716 = ( GEOMETRIC_REPRESENTATION_CONTEXT(2) 
PARAMETRIC_REPRESENTATION_CONTEXT() REPRESENTATION_CONTEXT('2D SPACE',''
  ) );
#4717 = PCURVE('',#4610,#4718);
#4718 = DEFINITIONAL_REPRESENTATION('',(#4719),#4722);
#4719 = B_SPLINE_CURVE_WITH_KNOTS('',1,(#4720,#4721),.UNSPECIFIED.,.F.,
  .F.,(2,2),(-7.250000055949,-0.65),.PIECEWISE_BEZIER_KNOTS.);
#4720 = CARTESIAN_POINT('',(1.3,-7.900000055949));
#4721 = CARTESIAN_POINT('',(1.3,-1.3));
#4722 = ( GEOMETRIC_REPRESENTATION_CONTEXT(2) 
PARAMETRIC_REPRESENTATION_CONTEXT() REPRESENTATION_CONTEXT('2D SPACE',''
  ) );
#4723 = ORIENTED_EDGE('',*,*,#4493,.T.);
#4724 = ORIENTED_EDGE('',*,*,#3763,.F.);
#4725 = ORIENTED_EDGE('',*,*,#4726,.T.);
#4726 = EDGE_CURVE('',#3368,#4650,#4727,.T.);
#4727 = SURFACE_CURVE('',#4728,(#4751,#4777),.PCURVE_S1.);
#4728 = B_SPLINE_CURVE_WITH_KNOTS('',6,(#4729,#4730,#4731,#4732,#4733,
    #4734,#4735,#4736,#4737,#4738,#4739,#4740,#4741,#4742,#4743,#4744,
    #4745,#4746,#4747,#4748,#4749,#4750),.UNSPECIFIED.,.F.,.F.,(7,5,5,5,
    7),(0.,0.267997333753,0.534024274721,0.766941251542,1.),
  .UNSPECIFIED.);
#4729 = CARTESIAN_POINT('',(-1.7,0.912202974312,10.403667496477));
#4730 = CARTESIAN_POINT('',(-1.7,0.867266241212,10.403667482046));
#4731 = CARTESIAN_POINT('',(-1.7,0.821060830729,10.40040153872));
#4732 = CARTESIAN_POINT('',(-1.7,0.773983692705,10.393493378053));
#4733 = CARTESIAN_POINT('',(-1.7,0.726564746492,10.382617518782));
#4734 = CARTESIAN_POINT('',(-1.7,0.67946850265,10.367589062835));
#4735 = CARTESIAN_POINT('',(-1.7,0.587647304783,10.329394114881));
#4736 = CARTESIAN_POINT('',(-1.7,0.542907603387,10.306288091322));
#4737 = CARTESIAN_POINT('',(-1.7,0.499846648215,10.279114868027));
#4738 = CARTESIAN_POINT('',(-1.7,0.459176464528,10.248073472905));
#4739 = CARTESIAN_POINT('',(-1.7,0.421523397905,10.213589911119));
#4740 = CARTESIAN_POINT('',(-1.7,0.357407524134,10.143496608391));
#4741 = CARTESIAN_POINT('',(-1.7,0.330135320809,10.108561249204));
#4742 = CARTESIAN_POINT('',(-1.7,0.305824888912,10.071782532584));
#4743 = CARTESIAN_POINT('',(-1.7,0.284679604338,10.033609513077));
#4744 = CARTESIAN_POINT('',(-1.7,0.266768224674,9.994512679974));
#4745 = CARTESIAN_POINT('',(-1.7,0.237330252111,9.915324286216));
#4746 = CARTESIAN_POINT('',(-1.7,0.225807458566,9.875232166309));
#4747 = CARTESIAN_POINT('',(-1.7,0.217448483471,9.835093904315));
#4748 = CARTESIAN_POINT('',(-1.7,0.21210781632,9.795319350714));
#4749 = CARTESIAN_POINT('',(-1.7,0.209564119211,9.756242278164));
#4750 = CARTESIAN_POINT('',(-1.7,0.209564087207,9.718120711795));
#4751 = PCURVE('',#3783,#4752);
#4752 = DEFINITIONAL_REPRESENTATION('',(#4753),#4776);
#4753 = B_SPLINE_CURVE_WITH_KNOTS('',6,(#4754,#4755,#4756,#4757,#4758,
    #4759,#4760,#4761,#4762,#4763,#4764,#4765,#4766,#4767,#4768,#4769,
    #4770,#4771,#4772,#4773,#4774,#4775),.UNSPECIFIED.,.F.,.F.,(7,5,5,5,
    7),(0.,0.267997333753,0.534024274721,0.766941251542,1.),
  .UNSPECIFIED.);
#4754 = CARTESIAN_POINT('',(7.103667496477,-2.912202974312));
#4755 = CARTESIAN_POINT('',(7.103667482046,-2.867266241212));
#4756 = CARTESIAN_POINT('',(7.10040153872,-2.821060830729));
#4757 = CARTESIAN_POINT('',(7.093493378053,-2.773983692705));
#4758 = CARTESIAN_POINT('',(7.082617518782,-2.726564746492));
#4759 = CARTESIAN_POINT('',(7.067589062835,-2.67946850265));
#4760 = CARTESIAN_POINT('',(7.029394114881,-2.587647304783));
#4761 = CARTESIAN_POINT('',(7.006288091322,-2.542907603387));
#4762 = CARTESIAN_POINT('',(6.979114868027,-2.499846648215));
#4763 = CARTESIAN_POINT('',(6.948073472905,-2.459176464528));
#4764 = CARTESIAN_POINT('',(6.913589911119,-2.421523397905));
#4765 = CARTESIAN_POINT('',(6.843496608391,-2.357407524134));
#4766 = CARTESIAN_POINT('',(6.808561249204,-2.330135320809));
#4767 = CARTESIAN_POINT('',(6.771782532584,-2.305824888912));
#4768 = CARTESIAN_POINT('',(6.733609513077,-2.284679604338));
#4769 = CARTESIAN_POINT('',(6.694512679974,-2.266768224674));
#4770 = CARTESIAN_POINT('',(6.615324286216,-2.237330252111));
#4771 = CARTESIAN_POINT('',(6.575232166309,-2.225807458566));
#4772 = CARTESIAN_POINT('',(6.535093904315,-2.217448483471));
#4773 = CARTESIAN_POINT('',(6.495319350714,-2.21210781632));
#4774 = CARTESIAN_POINT('',(6.456242278164,-2.209564119211));
#4775 = CARTESIAN_POINT('',(6.418120711795,-2.209564087207));
#4776 = ( GEOMETRIC_REPRESENTATION_CONTEXT(2) 
PARAMETRIC_REPRESENTATION_CONTEXT() REPRESENTATION_CONTEXT('2D SPACE',''
  ) );
#4777 = PCURVE('',#3581,#4778);
#4778 = DEFINITIONAL_REPRESENTATION('',(#4779),#4802);
#4779 = B_SPLINE_CURVE_WITH_KNOTS('',6,(#4780,#4781,#4782,#4783,#4784,
    #4785,#4786,#4787,#4788,#4789,#4790,#4791,#4792,#4793,#4794,#4795,
    #4796,#4797,#4798,#4799,#4800,#4801),.UNSPECIFIED.,.F.,.F.,(7,5,5,5,
    7),(0.,0.267997333753,0.534024274721,0.766941251542,1.),
  .UNSPECIFIED.);
#4780 = CARTESIAN_POINT('',(22.363185164602,148.30756313733));
#4781 = CARTESIAN_POINT('',(21.364183200015,148.29436193672));
#4782 = CARTESIAN_POINT('',(20.365234021142,148.28143076663));
#4783 = CARTESIAN_POINT('',(19.366334168516,148.26892735541));
#4784 = CARTESIAN_POINT('',(18.367477121588,148.25702482477));
#4785 = CARTESIAN_POINT('',(17.368652523446,148.24589556301));
#4786 = CARTESIAN_POINT('',(15.378393246701,148.22555215646));
#4787 = CARTESIAN_POINT('',(14.386956677004,148.21632456403));
#4788 = CARTESIAN_POINT('',(13.395534646648,148.20814714274));
#4789 = CARTESIAN_POINT('',(12.404115539052,148.20114005917));
#4790 = CARTESIAN_POINT('',(11.412687095129,148.195376317));
#4791 = CARTESIAN_POINT('',(9.553195773094,148.18694351515));
#4792 = CARTESIAN_POINT('',(8.685134897503,148.18397857019));
#4793 = CARTESIAN_POINT('',(7.8170563915,148.18200166294));
#4794 = CARTESIAN_POINT('',(6.948953929662,148.18100052336));
#4795 = CARTESIAN_POINT('',(6.080822724689,148.18093522502));
#4796 = CARTESIAN_POINT('',(4.343971013886,148.1825615595));
#4797 = CARTESIAN_POINT('',(3.475249545485,148.18425424503));
#4798 = CARTESIAN_POINT('',(2.606493928796,148.18676847008));
#4799 = CARTESIAN_POINT('',(1.737701138151,148.19002820723));
#4800 = CARTESIAN_POINT('',(0.868869834622,148.19394904037));
#4801 = CARTESIAN_POINT('',(0.,148.19844616074));
#4802 = ( GEOMETRIC_REPRESENTATION_CONTEXT(2) 
PARAMETRIC_REPRESENTATION_CONTEXT() REPRESENTATION_CONTEXT('2D SPACE',''
  ) );
#4803 = ADVANCED_FACE('',(#4804),#3581,.T.);
#4804 = FACE_BOUND('',#4805,.T.);
#4805 = EDGE_LOOP('',(#4806,#5003,#5004,#5005));
#4806 = ORIENTED_EDGE('',*,*,#4807,.F.);
#4807 = EDGE_CURVE('',#4650,#4808,#4810,.T.);
#4808 = VERTEX_POINT('',#4809);
#4809 = CARTESIAN_POINT('',(-7.,7.,8.41525265053));
#4810 = SURFACE_CURVE('',#4811,(#4870,#4877),.PCURVE_S1.);
#4811 = ( BOUNDED_CURVE() B_SPLINE_CURVE(8,(#4812,#4813,#4814,#4815,
    #4816,#4817,#4818,#4819,#4820,#4821,#4822,#4823,#4824,#4825,#4826,
    #4827,#4828,#4829,#4830,#4831,#4832,#4833,#4834,#4835,#4836,#4837,
    #4838,#4839,#4840,#4841,#4842,#4843,#4844,#4845,#4846,#4847,#4848,
    #4849,#4850,#4851,#4852,#4853,#4854,#4855,#4856,#4857,#4858,#4859,
    #4860,#4861,#4862,#4863,#4864,#4865,#4866,#4867,#4868,#4869),
.UNSPECIFIED.,.F.,.F.) B_SPLINE_CURVE_WITH_KNOTS((9,7,7,7,7,7,7,7,9),(
    135.22958565521,135.23530967393,137.87874206801,140.8151480729,
    146.41272227017,151.98606489383,154.93139017074,157.59011904603,
157.59277081981),.UNSPECIFIED.) CURVE() GEOMETRIC_REPRESENTATION_ITEM() 
RATIONAL_B_SPLINE_CURVE((1.,1.,1.,1.,1.,1.,1.,1.,1.,1.,1.,1.,1.,1.,1.,1.
    ,1.,1.,1.,1.,1.,1.,1.,1.,1.,1.,1.,1.,1.,1.,1.,1.,1.,1.,1.,1.,1.,1.,
    1.,1.,1.,1.,1.,1.,1.,1.,1.,1.,1.,1.,1.,1.,1.,1.,1.,1.,1.,1.)) 
REPRESENTATION_ITEM('') );
#4812 = CARTESIAN_POINT('',(7.,7.,8.415355344569));
#4813 = CARTESIAN_POINT('',(7.,6.999273899771,8.415354557499));
#4814 = CARTESIAN_POINT('',(6.999999913927,6.998547405466,8.415353824423
    ));
#4815 = CARTESIAN_POINT('',(6.999999741613,6.997820515051,8.415353145296
    ));
#4816 = CARTESIAN_POINT('',(6.999999482892,6.997093226488,8.415352520072
    ));
#4817 = CARTESIAN_POINT('',(6.999999137595,6.996365537741,8.415351948706
    ));
#4818 = CARTESIAN_POINT('',(6.999998705557,6.995637446776,8.415351431153
    ));
#4819 = CARTESIAN_POINT('',(6.999998186609,6.994908951555,8.415350967367
    ));
#4820 = CARTESIAN_POINT('',(6.999717709923,6.657563074892,8.415161184375
    ));
#4821 = CARTESIAN_POINT('',(6.98094495383,6.314429579876,8.422911208815)
  );
#4822 = CARTESIAN_POINT('',(6.942342816612,5.971385098058,8.437931457424
    ));
#4823 = CARTESIAN_POINT('',(6.884647610928,5.632824982433,8.460584825687
    ));
#4824 = CARTESIAN_POINT('',(6.808597943267,5.300027037527,8.490280879593
    ));
#4825 = CARTESIAN_POINT('',(6.714814821408,4.9736631695,8.526068740616)
  );
#4826 = CARTESIAN_POINT('',(6.604225235779,4.655695509052,8.567546579732
    ));
#4827 = CARTESIAN_POINT('',(6.336987372514,4.003294614347,8.665234701185
    ));
#4828 = CARTESIAN_POINT('',(6.176585174322,3.671045712007,8.722602825593
    ));
#4829 = CARTESIAN_POINT('',(5.997661306701,3.351219887279,8.784847070211
    ));
#4830 = CARTESIAN_POINT('',(5.8013811272,3.044791126332,8.850860942964)
  );
#4831 = CARTESIAN_POINT('',(5.588838891912,2.752472494046,8.919532603681
    ));
#4832 = CARTESIAN_POINT('',(5.361067131127,2.474825359393,8.989762658732
    ));
#4833 = CARTESIAN_POINT('',(5.11904602498,2.212368620808,9.060481955671)
  );
#4834 = CARTESIAN_POINT('',(4.37697940966,1.495448646277,9.26446535256)
  );
#4835 = CARTESIAN_POINT('',(3.841921288269,1.082470884805,9.396325317967
    ));
#4836 = CARTESIAN_POINT('',(3.264781587278,0.730291916287,9.519115954378
    ));
#4837 = CARTESIAN_POINT('',(2.652087135826,0.442166486041,9.626354322159
    ));
#4838 = CARTESIAN_POINT('',(2.009866141915,0.222102677441,9.711870342636
    ));
#4839 = CARTESIAN_POINT('',(1.346395904007,7.39689738009E-02,
    9.770656648958));
#4840 = CARTESIAN_POINT('',(0.673318577783,-3.552933891982E-06,
    9.800001443688));
#4841 = CARTESIAN_POINT('',(-0.670477533346,3.537747931048E-06,
    9.799998562432));
#4842 = CARTESIAN_POINT('',(-1.341187484149,7.338104328372E-02,
    9.770883135699));
#4843 = CARTESIAN_POINT('',(-2.001177546167,0.220391525677,
    9.712583089221));
#4844 = CARTESIAN_POINT('',(-2.640220402844,0.437871493259,
    9.627964335432));
#4845 = CARTESIAN_POINT('',(-3.252479485702,0.724609218665,
    9.521277287708));
#4846 = CARTESIAN_POINT('',(-3.826534720715,1.073132261692,
    9.399572116539));
#4847 = CARTESIAN_POINT('',(-4.360693733803,1.482914772547,
    9.268471230276));
#4848 = CARTESIAN_POINT('',(-5.103665255174,2.195901857709,
    9.064946874651));
#4849 = CARTESIAN_POINT('',(-5.347179077257,2.458280436409,
    8.993998862474));
#4850 = CARTESIAN_POINT('',(-5.576436015183,2.736017949145,
    8.923482580114));
#4851 = CARTESIAN_POINT('',(-5.790445281091,3.028590466737,
    8.854476831777));
#4852 = CARTESIAN_POINT('',(-5.98813402032,3.335387436343,8.788100744455
    ));
#4853 = CARTESIAN_POINT('',(-6.168367367822,3.655644279683,
    8.725486581686));
#4854 = CARTESIAN_POINT('',(-6.329968504569,3.988374991272,
    8.667752557312));
#4855 = CARTESIAN_POINT('',(-6.599713899713,4.642768220007,
    8.569236920025));
#4856 = CARTESIAN_POINT('',(-6.711495872269,4.962457046005,
    8.527350991001));
#4857 = CARTESIAN_POINT('',(-6.806329044354,5.290107624707,
    8.491086806049));
#4858 = CARTESIAN_POINT('',(-6.883313352106,5.624704148671,
    8.461187866004));
#4859 = CARTESIAN_POINT('',(-6.941588103065,5.965056588221,
    8.438301303827));
#4860 = CARTESIAN_POINT('',(-6.980515824149,6.309378686718,
    8.422906959764));
#4861 = CARTESIAN_POINT('',(-6.999866109623,6.654865955841,
    8.415246456523));
#4862 = CARTESIAN_POINT('',(-6.999999602091,6.997615182848,
    8.415252280236));
#4863 = CARTESIAN_POINT('',(-6.99999971598,6.997956486752,8.415252297843
    ));
#4864 = CARTESIAN_POINT('',(-6.999999810787,6.998297583631,8.41525232724
    ));
#4865 = CARTESIAN_POINT('',(-6.999999886553,6.998638474553,
    8.415252368411));
#4866 = CARTESIAN_POINT('',(-6.999999943316,6.998979160584,
    8.415252421341));
#4867 = CARTESIAN_POINT('',(-6.999999981119,6.999319642791,
    8.415252486015));
#4868 = CARTESIAN_POINT('',(-7.,6.99965992224,8.415252562416));
#4869 = CARTESIAN_POINT('',(-7.,7.,8.41525265053));
#4870 = PCURVE('',#3581,#4871);
#4871 = DEFINITIONAL_REPRESENTATION('',(#4872),#4876);
#4872 = LINE('',#4873,#4874);
#4873 = CARTESIAN_POINT('',(0.,0.));
#4874 = VECTOR('',#4875,1.);
#4875 = DIRECTION('',(0.,1.));
#4876 = ( GEOMETRIC_REPRESENTATION_CONTEXT(2) 
PARAMETRIC_REPRESENTATION_CONTEXT() REPRESENTATION_CONTEXT('2D SPACE',''
  ) );
#4877 = PCURVE('',#4666,#4878);
#4878 = DEFINITIONAL_REPRESENTATION('',(#4879),#5002);
#4879 = B_SPLINE_CURVE_WITH_KNOTS('',11,(#4880,#4881,#4882,#4883,#4884,
    #4885,#4886,#4887,#4888,#4889,#4890,#4891,#4892,#4893,#4894,#4895,
    #4896,#4897,#4898,#4899,#4900,#4901,#4902,#4903,#4904,#4905,#4906,
    #4907,#4908,#4909,#4910,#4911,#4912,#4913,#4914,#4915,#4916,#4917,
    #4918,#4919,#4920,#4921,#4922,#4923,#4924,#4925,#4926,#4927,#4928,
    #4929,#4930,#4931,#4932,#4933,#4934,#4935,#4936,#4937,#4938,#4939,
    #4940,#4941,#4942,#4943,#4944,#4945,#4946,#4947,#4948,#4949,#4950,
    #4951,#4952,#4953,#4954,#4955,#4956,#4957,#4958,#4959,#4960,#4961,
    #4962,#4963,#4964,#4965,#4966,#4967,#4968,#4969,#4970,#4971,#4972,
    #4973,#4974,#4975,#4976,#4977,#4978,#4979,#4980,#4981,#4982,#4983,
    #4984,#4985,#4986,#4987,#4988,#4989,#4990,#4991,#4992,#4993,#4994,
    #4995,#4996,#4997,#4998,#4999,#5000,#5001),.UNSPECIFIED.,.F.,.F.,(12
    ,10,10,10,10,10,10,10,10,10,10,10,12),(135.22958565521,
    135.5790104234,135.9284351916,136.62728472799,138.02498380078,
    140.82038194636,146.41117823751,152.00197452866,154.79737267423,
    156.19507174702,156.89392128342,157.24334605161,157.59277081981),
  .UNSPECIFIED.);
#4880 = CARTESIAN_POINT('',(-3.14159265359,-8.415355344569));
#4881 = CARTESIAN_POINT('',(-3.136987453808,-8.41532040133));
#4882 = CARTESIAN_POINT('',(-3.132308230987,-8.415376843179));
#4883 = CARTESIAN_POINT('',(-3.127736842807,-8.415466995491));
#4884 = CARTESIAN_POINT('',(-3.123060685286,-8.415657635489));
#4885 = CARTESIAN_POINT('',(-3.118383593503,-8.415915768954));
#4886 = CARTESIAN_POINT('',(-3.113759900219,-8.41622407353));
#4887 = CARTESIAN_POINT('',(-3.109103445819,-8.416609582199));
#4888 = CARTESIAN_POINT('',(-3.104400926779,-8.417076361226));
#4889 = CARTESIAN_POINT('',(-3.099752200269,-8.417592796367));
#4890 = CARTESIAN_POINT('',(-3.095069028773,-8.418186638736));
#4891 = CARTESIAN_POINT('',(-3.085707474292,-8.419505717847));
#4892 = CARTESIAN_POINT('',(-3.081023105339,-8.420232864326));
#4893 = CARTESIAN_POINT('',(-3.076335488866,-8.42102742222));
#4894 = CARTESIAN_POINT('',(-3.071644969063,-8.421889196012));
#4895 = CARTESIAN_POINT('',(-3.066951890125,-8.422817990201));
#4896 = CARTESIAN_POINT('',(-3.062256596238,-8.423813609257));
#4897 = CARTESIAN_POINT('',(-3.057559431601,-8.424875857692));
#4898 = CARTESIAN_POINT('',(-3.052860740399,-8.426004539973));
#4899 = CARTESIAN_POINT('',(-3.048160866829,-8.427199460604));
#4900 = CARTESIAN_POINT('',(-3.043460155078,-8.428460424064));
#4901 = CARTESIAN_POINT('',(-3.029356537867,-8.432440856409));
#4902 = CARTESIAN_POINT('',(-3.019951783691,-8.435357786702));
#4903 = CARTESIAN_POINT('',(-3.010546651973,-8.43853641244));
#4904 = CARTESIAN_POINT('',(-3.001142907972,-8.441974874501));
#4905 = CARTESIAN_POINT('',(-2.99174211704,-8.445671067978));
#4906 = CARTESIAN_POINT('',(-2.982345644629,-8.449622642087));
#4907 = CARTESIAN_POINT('',(-2.972954656288,-8.453827000295));
#4908 = CARTESIAN_POINT('',(-2.963570117662,-8.458281300178));
#4909 = CARTESIAN_POINT('',(-2.954192794493,-8.462982453546));
#4910 = CARTESIAN_POINT('',(-2.94482325262,-8.467927126356));
#4911 = CARTESIAN_POINT('',(-2.916739068704,-8.48348096357));
#4912 = CARTESIAN_POINT('',(-2.898049683689,-8.494810242626));
#4913 = CARTESIAN_POINT('',(-2.87939702453,-8.507070278691));
#4914 = CARTESIAN_POINT('',(-2.860783905579,-8.520230479761));
#4915 = CARTESIAN_POINT('',(-2.842212633977,-8.534258959111));
#4916 = CARTESIAN_POINT('',(-2.823685009613,-8.549122535243));
#4917 = CARTESIAN_POINT('',(-2.805202325175,-8.564786731932));
#4918 = CARTESIAN_POINT('',(-2.786765366096,-8.581215778191));
#4919 = CARTESIAN_POINT('',(-2.7683744106,-8.598372608297));
#4920 = CARTESIAN_POINT('',(-2.750029229672,-8.616218861771));
#4921 = CARTESIAN_POINT('',(-2.69512880187,-8.671706926641));
#4922 = CARTESIAN_POINT('',(-2.658712386528,-8.711298611703));
#4923 = CARTESIAN_POINT('',(-2.622482155779,-8.753171325253));
#4924 = CARTESIAN_POINT('',(-2.586434657121,-8.797002949141));
#4925 = CARTESIAN_POINT('',(-2.550561795907,-8.84246957104));
#4926 = CARTESIAN_POINT('',(-2.514851960339,-8.88924719484));
#4927 = CARTESIAN_POINT('',(-2.479291146604,-8.937013451383));
#4928 = CARTESIAN_POINT('',(-2.443864083845,-8.985449308831));
#4929 = CARTESIAN_POINT('',(-2.408555359287,-9.03424078335));
#4930 = CARTESIAN_POINT('',(-2.373350543244,-9.083080649575));
#4931 = CARTESIAN_POINT('',(-2.268010856112,-9.228849154445));
#4932 = CARTESIAN_POINT('',(-2.198140792693,-9.32501213391));
#4933 = CARTESIAN_POINT('',(-2.128519081495,-9.417786298542));
#4934 = CARTESIAN_POINT('',(-2.05902171489,-9.50487112897));
#4935 = CARTESIAN_POINT('',(-1.989537463587,-9.584070952768));
#4936 = CARTESIAN_POINT('',(-1.919986817934,-9.653344518235));
#4937 = CARTESIAN_POINT('',(-1.85033112679,-9.710871565509));
#4938 = CARTESIAN_POINT('',(-1.780571934257,-9.755136396558));
#4939 = CARTESIAN_POINT('',(-1.710740513947,-9.785028442384));
#4940 = CARTESIAN_POINT('',(-1.640877601089,-9.799959828935));
#4941 = CARTESIAN_POINT('',(-1.501129043395,-9.800040052266));
#4942 = CARTESIAN_POINT('',(-1.431223367183,-9.785150348484));
#4943 = CARTESIAN_POINT('',(-1.361411938765,-9.755368564857));
#4944 = CARTESIAN_POINT('',(-1.291690270149,-9.711214429689));
#4945 = CARTESIAN_POINT('',(-1.222043207471,-9.65374635821));
#4946 = CARTESIAN_POINT('',(-1.152473146498,-9.584495659816));
#4947 = CARTESIAN_POINT('',(-1.082974296384,-9.505333060534));
#4948 = CARTESIAN_POINT('',(-1.013490291832,-9.41832234582));
#4949 = CARTESIAN_POINT('',(-0.943892453688,-9.325615925386));
#4950 = CARTESIAN_POINT('',(-0.874015998111,-9.229447125119));
#4951 = CARTESIAN_POINT('',(-0.768679242482,-9.083687449983));
#4952 = CARTESIAN_POINT('',(-0.733479916391,-9.034839402466));
#4953 = CARTESIAN_POINT('',(-0.698174614496,-8.986038084337));
#4954 = CARTESIAN_POINT('',(-0.662746429007,-8.937594340998));
#4955 = CARTESIAN_POINT('',(-0.627180445915,-8.8898216445));
#4956 = CARTESIAN_POINT('',(-0.591463745018,-8.843036093919));
#4957 = CARTESIAN_POINT('',(-0.555585399889,-8.797556414866));
#4958 = CARTESIAN_POINT('',(-0.519536477908,-8.753703960003));
#4959 = CARTESIAN_POINT('',(-0.483310040237,-8.711802708598));
#4960 = CARTESIAN_POINT('',(-0.446901141837,-8.672179266838));
#4961 = CARTESIAN_POINT('',(-0.392009676265,-8.616654668062));
#4962 = CARTESIAN_POINT('',(-0.373665861972,-8.598794903685));
#4963 = CARTESIAN_POINT('',(-0.355275860343,-8.581623614297));
#4964 = CARTESIAN_POINT('',(-0.336840382328,-8.565179465615));
#4965 = CARTESIAN_POINT('',(-0.318360378057,-8.549499749213));
#4966 = CARTESIAN_POINT('',(-0.29983703685,-8.534620382672));
#4967 = CARTESIAN_POINT('',(-0.281271787205,-8.520575909372));
#4968 = CARTESIAN_POINT('',(-0.262666296808,-8.507399498729));
#4969 = CARTESIAN_POINT('',(-0.244022472525,-8.495122945973));
#4970 = CARTESIAN_POINT('',(-0.225342460409,-8.483776672315));
#4971 = CARTESIAN_POINT('',(-0.197271738338,-8.468196251117));
#4972 = CARTESIAN_POINT('',(-0.187905962585,-8.463243384162));
#4973 = CARTESIAN_POINT('',(-0.178532084567,-8.458533759116));
#4974 = CARTESIAN_POINT('',(-0.169150870415,-8.454070011121));
#4975 = CARTESIAN_POINT('',(-0.15976308626,-8.449854775303));
#4976 = CARTESIAN_POINT('',(-0.150369498231,-8.445890686806));
#4977 = CARTESIAN_POINT('',(-0.140970872461,-8.442180380757));
#4978 = CARTESIAN_POINT('',(-0.131567975079,-8.438726492297));
#4979 = CARTESIAN_POINT('',(-0.122161572216,-8.435531656557));
#4980 = CARTESIAN_POINT('',(-0.112752430004,-8.432598508674));
#4981 = CARTESIAN_POINT('',(-9.863575685675E-02,-8.428595271337));
#4982 = CARTESIAN_POINT('',(-9.392980807232E-02,-8.427326723248));
#4983 = CARTESIAN_POINT('',(-8.922365928869E-02,-8.426124200035));
#4984 = CARTESIAN_POINT('',(-8.451750157568E-02,-8.424987862226));
#4985 = CARTESIAN_POINT('',(-7.981152600243E-02,-8.423917870331));
#4986 = CARTESIAN_POINT('',(-7.510592363907E-02,-8.42291438488));
#4987 = CARTESIAN_POINT('',(-7.040088555462E-02,-8.421977566392));
#4988 = CARTESIAN_POINT('',(-6.56966028191E-02,-8.421107575383));
#4989 = CARTESIAN_POINT('',(-6.099326650179E-02,-8.420304572381));
#4990 = CARTESIAN_POINT('',(-5.629106767243E-02,-8.419568717901));
#4991 = CARTESIAN_POINT('',(-4.68893271286E-02,-8.418231627035));
#4992 = CARTESIAN_POINT('',(-4.218026375911E-02,-8.417628919284));
#4993 = CARTESIAN_POINT('',(-3.754836013405E-02,-8.417104348401));
#4994 = CARTESIAN_POINT('',(-3.263107214421E-02,-8.416605974552));
#4995 = CARTESIAN_POINT('',(-2.840636572256E-02,-8.416274042086));
#4996 = CARTESIAN_POINT('',(-2.302811541427E-02,-8.41584385745));
#4997 = CARTESIAN_POINT('',(-1.905803365272E-02,-8.415682698327));
#4998 = CARTESIAN_POINT('',(-1.383131577713E-02,-8.415408456446));
#4999 = CARTESIAN_POINT('',(-9.435415579157E-03,-8.415320361459));
#5000 = CARTESIAN_POINT('',(-4.655804176624E-03,-8.415244206292));
#5001 = CARTESIAN_POINT('',(-5.125345618896E-16,-8.41525265053));
#5002 = ( GEOMETRIC_REPRESENTATION_CONTEXT(2) 
PARAMETRIC_REPRESENTATION_CONTEXT() REPRESENTATION_CONTEXT('2D SPACE',''
  ) );
#5003 = ORIENTED_EDGE('',*,*,#4726,.F.);
#5004 = ORIENTED_EDGE('',*,*,#3367,.T.);
#5005 = ORIENTED_EDGE('',*,*,#5006,.F.);
#5006 = EDGE_CURVE('',#4808,#2982,#5007,.T.);
#5007 = SURFACE_CURVE('',#5008,(#5012,#5018),.PCURVE_S1.);
#5008 = ( BOUNDED_CURVE() B_SPLINE_CURVE(2,(#5009,#5010,#5011),
.UNSPECIFIED.,.F.,.F.) B_SPLINE_CURVE_WITH_KNOTS((3,3),(0.,
22.363185164602),.PIECEWISE_BEZIER_KNOTS.) CURVE() 
GEOMETRIC_REPRESENTATION_ITEM() RATIONAL_B_SPLINE_CURVE((1.,
0.837203339484,1.)) REPRESENTATION_ITEM('') );
#5009 = CARTESIAN_POINT('',(-7.,7.,8.41525265053));
#5010 = CARTESIAN_POINT('',(-7.,7.002710643373,8.872510128063));
#5011 = CARTESIAN_POINT('',(-6.58130698372,7.00911834222,9.056213279535)
  );
#5012 = PCURVE('',#3581,#5013);
#5013 = DEFINITIONAL_REPRESENTATION('',(#5014),#5017);
#5014 = B_SPLINE_CURVE_WITH_KNOTS('',1,(#5015,#5016),.UNSPECIFIED.,.F.,
  .F.,(2,2),(0.,22.363185164602),.PIECEWISE_BEZIER_KNOTS.);
#5015 = CARTESIAN_POINT('',(0.,157.59277081981));
#5016 = CARTESIAN_POINT('',(22.363185164602,157.59277081981));
#5017 = ( GEOMETRIC_REPRESENTATION_CONTEXT(2) 
PARAMETRIC_REPRESENTATION_CONTEXT() REPRESENTATION_CONTEXT('2D SPACE',''
  ) );
#5018 = PCURVE('',#3197,#5019);
#5019 = DEFINITIONAL_REPRESENTATION('',(#5020),#5023);
#5020 = B_SPLINE_CURVE_WITH_KNOTS('',1,(#5021,#5022),.UNSPECIFIED.,.F.,
  .F.,(2,2),(0.,22.363185164602),.PIECEWISE_BEZIER_KNOTS.);
#5021 = CARTESIAN_POINT('',(0.,157.59277081981));
#5022 = CARTESIAN_POINT('',(4.90985667006,157.59277081981));
#5023 = ( GEOMETRIC_REPRESENTATION_CONTEXT(2) 
PARAMETRIC_REPRESENTATION_CONTEXT() REPRESENTATION_CONTEXT('2D SPACE',''
  ) );
#5024 = ADVANCED_FACE('',(#5025),#3197,.T.);
#5025 = FACE_BOUND('',#5026,.T.);
#5026 = EDGE_LOOP('',(#5027,#5028,#5029,#5050));
#5027 = ORIENTED_EDGE('',*,*,#5006,.T.);
#5028 = ORIENTED_EDGE('',*,*,#2981,.T.);
#5029 = ORIENTED_EDGE('',*,*,#5030,.F.);
#5030 = EDGE_CURVE('',#5031,#2919,#5033,.T.);
#5031 = VERTEX_POINT('',#5032);
#5032 = CARTESIAN_POINT('',(-9.,11.,7.399786643824));
#5033 = SURFACE_CURVE('',#5034,(#5038,#5044),.PCURVE_S1.);
#5034 = ( BOUNDED_CURVE() B_SPLINE_CURVE(2,(#5035,#5036,#5037),
.UNSPECIFIED.,.F.,.F.) B_SPLINE_CURVE_WITH_KNOTS((3,3),(0.,4.90985667006
),.PIECEWISE_BEZIER_KNOTS.) CURVE() GEOMETRIC_REPRESENTATION_ITEM() 
RATIONAL_B_SPLINE_CURVE((1.,0.865926423811,1.)) REPRESENTATION_ITEM('') 
  );
#5035 = CARTESIAN_POINT('',(-9.,11.,7.399786643824));
#5036 = CARTESIAN_POINT('',(-9.,11.004867044068,7.804087290208));
#5037 = CARTESIAN_POINT('',(-8.64983046071,11.014323438425,
    8.006014433366));
#5038 = PCURVE('',#3197,#5039);
#5039 = DEFINITIONAL_REPRESENTATION('',(#5040),#5043);
#5040 = B_SPLINE_CURVE_WITH_KNOTS('',1,(#5041,#5042),.UNSPECIFIED.,.F.,
  .F.,(2,2),(0.,4.90985667006),.PIECEWISE_BEZIER_KNOTS.);
#5041 = CARTESIAN_POINT('',(0.,162.50262748987));
#5042 = CARTESIAN_POINT('',(4.90985667006,162.50262748987));
#5043 = ( GEOMETRIC_REPRESENTATION_CONTEXT(2) 
PARAMETRIC_REPRESENTATION_CONTEXT() REPRESENTATION_CONTEXT('2D SPACE',''
  ) );
#5044 = PCURVE('',#2946,#5045);
#5045 = DEFINITIONAL_REPRESENTATION('',(#5046),#5049);
#5046 = B_SPLINE_CURVE_WITH_KNOTS('',1,(#5047,#5048),.UNSPECIFIED.,.F.,
  .F.,(2,2),(0.,4.90985667006),.PIECEWISE_BEZIER_KNOTS.);
#5047 = CARTESIAN_POINT('',(0.,162.50262748987));
#5048 = CARTESIAN_POINT('',(9.902810241982,162.50262748987));
#5049 = ( GEOMETRIC_REPRESENTATION_CONTEXT(2) 
PARAMETRIC_REPRESENTATION_CONTEXT() REPRESENTATION_CONTEXT('2D SPACE',''
  ) );
#5050 = ORIENTED_EDGE('',*,*,#5051,.F.);
#5051 = EDGE_CURVE('',#4808,#5031,#5052,.T.);
#5052 = SURFACE_CURVE('',#5053,(#5108,#5115),.PCURVE_S1.);
#5053 = ( BOUNDED_CURVE() B_SPLINE_CURVE(14,(#5054,#5055,#5056,#5057,
    #5058,#5059,#5060,#5061,#5062,#5063,#5064,#5065,#5066,#5067,#5068,
    #5069,#5070,#5071,#5072,#5073,#5074,#5075,#5076,#5077,#5078,#5079,
    #5080,#5081,#5082,#5083,#5084,#5085,#5086,#5087,#5088,#5089,#5090,
    #5091,#5092,#5093,#5094,#5095,#5096,#5097,#5098,#5099,#5100,#5101,
    #5102,#5103,#5104,#5105,#5106,#5107),.UNSPECIFIED.,.F.,.F.) 
B_SPLINE_CURVE_WITH_KNOTS((15,13,13,13,15),(157.59277081981,
    158.83341780796,160.07005759054,161.2052027528,162.50262748987),
.UNSPECIFIED.) CURVE() GEOMETRIC_REPRESENTATION_ITEM() 
RATIONAL_B_SPLINE_CURVE((1.,0.999999999999,1.000000000002,0.999999999993
    ,1.000000000014,0.999999999978,1.000000000028,0.999999999971,
    1.000000000025,0.999999999983,1.00000000001,0.999999999995,
    1.000000000002,1.,1.,0.999999999998,1.000000000007,0.999999999986,
    1.000000000022,0.999999999973,1.000000000028,0.999999999976,
    1.000000000017,0.99999999999,1.000000000004,0.999999999998,1.,1.,
    1.000000000002,0.999999999993,1.000000000015,0.999999999975,
    1.000000000033,0.999999999965,1.000000000031,0.999999999977,
    1.000000000013,0.999999999994,1.000000000002,1.,1.,1.,0.999999999999
    ,1.000000000002,0.999999999996,1.000000000004,0.999999999996,
    1.000000000003,0.999999999998,1.000000000001,1.,1.,1.,1.)) 
REPRESENTATION_ITEM('') );
#5054 = CARTESIAN_POINT('',(-7.,7.,8.41525265053));
#5055 = CARTESIAN_POINT('',(-7.,7.090917366474,8.415096544593));
#5056 = CARTESIAN_POINT('',(-7.002995674905,7.168292699658,
    8.413969686528));
#5057 = CARTESIAN_POINT('',(-7.007508183131,7.247492287231,
    8.410441672541));
#5058 = CARTESIAN_POINT('',(-7.015783525156,7.335228240061,
    8.407253320146));
#5059 = CARTESIAN_POINT('',(-7.026323861742,7.411113293925,
    8.400507909217));
#5060 = CARTESIAN_POINT('',(-7.039690205516,7.489636773993,
    8.392728118333));
#5061 = CARTESIAN_POINT('',(-7.056251740977,7.57146987155,8.383995999203
    ));
#5062 = CARTESIAN_POINT('',(-7.075512845191,7.646318545636,
    8.372403904999));
#5063 = CARTESIAN_POINT('',(-7.097527151235,7.719645544629,
    8.359053330333));
#5064 = CARTESIAN_POINT('',(-7.122572857352,7.796533406793,
    8.344858850886));
#5065 = CARTESIAN_POINT('',(-7.150198357521,7.866394920957,
    8.327751575596));
#5066 = CARTESIAN_POINT('',(-7.180517454824,7.937639675916,
    8.309604250206));
#5067 = CARTESIAN_POINT('',(-7.213348687096,8.006367755418,
    8.289634192327));
#5068 = CARTESIAN_POINT('',(-7.283678504764,8.140714636496,
    8.246861659143));
#5069 = CARTESIAN_POINT('',(-7.321167991548,8.206211731143,
    8.224022473019));
#5070 = CARTESIAN_POINT('',(-7.360891631719,8.270162707294,
    8.199845887937));
#5071 = CARTESIAN_POINT('',(-7.402696521474,8.332615655439,
    8.174486566301));
#5072 = CARTESIAN_POINT('',(-7.446426066879,8.393643593902,
    8.148101510162));
#5073 = CARTESIAN_POINT('',(-7.491921890954,8.45334287524,8.120847852993
    ));
#5074 = CARTESIAN_POINT('',(-7.539025740783,8.511831592684,
    8.092880651485));
#5075 = CARTESIAN_POINT('',(-7.587581394624,8.56924798656,8.064350677294
    ));
#5076 = CARTESIAN_POINT('',(-7.637436568972,8.625748850685,
    8.035402208871));
#5077 = CARTESIAN_POINT('',(-7.688444825718,8.681507938834,
    8.006170823178));
#5078 = CARTESIAN_POINT('',(-7.740467479186,8.736714371111,7.97678118753
    ));
#5079 = CARTESIAN_POINT('',(-7.793375503287,8.791571040413,
    7.947344851327));
#5080 = CARTESIAN_POINT('',(-7.847051438582,8.846293018823,
    7.917958037863));
#5081 = CARTESIAN_POINT('',(-7.951271329947,8.951420251583,
    7.861842172784));
#5082 = CARTESIAN_POINT('',(-8.001703204936,9.001834674364,
    7.835113814329));
#5083 = CARTESIAN_POINT('',(-8.052589048774,9.05249559259,7.808579310714
    ));
#5084 = CARTESIAN_POINT('',(-8.103836783813,9.103582013557,7.78231106773
    ));
#5085 = CARTESIAN_POINT('',(-8.155353640181,9.155299047103,7.75638769571
    ));
#5086 = CARTESIAN_POINT('',(-8.207039665687,9.207871361089,
    7.730892758248));
#5087 = CARTESIAN_POINT('',(-8.258781235632,9.261536636864,
    7.705913520925));
#5088 = CARTESIAN_POINT('',(-8.310444562704,9.316539024692,
    7.681539700056));
#5089 = CARTESIAN_POINT('',(-8.361869206835,9.373122599297,
    7.657862211375));
#5090 = CARTESIAN_POINT('',(-8.412861585026,9.431524815207,
    7.634971918827));
#5091 = CARTESIAN_POINT('',(-8.463188481266,9.491969962356,
    7.612958383221));
#5092 = CARTESIAN_POINT('',(-8.512570556331,9.554662621419,
    7.591908611026));
#5093 = CARTESIAN_POINT('',(-8.560675857693,9.619781119373,7.57190580305
    ));
#5094 = CARTESIAN_POINT('',(-8.660189470137,9.764837747242,
    7.531451660297));
#5095 = CARTESIAN_POINT('',(-8.711082254041,9.845644333067,7.51133090085
    ));
#5096 = CARTESIAN_POINT('',(-8.759443096471,9.928764093209,
    7.492773840458));
#5097 = CARTESIAN_POINT('',(-8.803624138804,10.021116595218,
    7.475770417413));
#5098 = CARTESIAN_POINT('',(-8.846526558012,10.09818394848,
    7.460667384035));
#5099 = CARTESIAN_POINT('',(-8.879355597929,10.222742462197,
    7.446532259262));
#5100 = CARTESIAN_POINT('',(-8.915648123851,10.268946450773,
    7.435635643832));
#5101 = CARTESIAN_POINT('',(-8.93812613667,10.432816914133,7.4236101697)
  );
#5102 = CARTESIAN_POINT('',(-8.961346512874,10.469395492322,
    7.417145483167));
#5103 = CARTESIAN_POINT('',(-8.97742770497,10.61577666477,7.408813873768
    ));
#5104 = CARTESIAN_POINT('',(-8.989530875573,10.694719757587,
    7.404403790038));
#5105 = CARTESIAN_POINT('',(-8.996848810953,10.807410126681,
    7.401230524331));
#5106 = CARTESIAN_POINT('',(-9.,10.905965880272,7.399538970107));
#5107 = CARTESIAN_POINT('',(-9.,11.,7.399786643824));
#5108 = PCURVE('',#3197,#5109);
#5109 = DEFINITIONAL_REPRESENTATION('',(#5110),#5114);
#5110 = LINE('',#5111,#5112);
#5111 = CARTESIAN_POINT('',(0.,0.));
#5112 = VECTOR('',#5113,1.);
#5113 = DIRECTION('',(0.,1.));
#5114 = ( GEOMETRIC_REPRESENTATION_CONTEXT(2) 
PARAMETRIC_REPRESENTATION_CONTEXT() REPRESENTATION_CONTEXT('2D SPACE',''
  ) );
#5115 = PCURVE('',#5116,#5124);
#5116 = SURFACE_OF_LINEAR_EXTRUSION('',#5117,#5122);
#5117 = B_SPLINE_CURVE_WITH_KNOTS('',3,(#5118,#5119,#5120,#5121),
  .UNSPECIFIED.,.F.,.F.,(4,4),(0.,1.),.PIECEWISE_BEZIER_KNOTS.);
#5118 = CARTESIAN_POINT('',(-9.,11.,0.));
#5119 = CARTESIAN_POINT('',(-9.,9.,0.));
#5120 = CARTESIAN_POINT('',(-7.,9.,0.));
#5121 = CARTESIAN_POINT('',(-7.,7.,0.));
#5122 = VECTOR('',#5123,1.);
#5123 = DIRECTION('',(-0.,-0.,-1.));
#5124 = DEFINITIONAL_REPRESENTATION('',(#5125),#5178);
#5125 = B_SPLINE_CURVE_WITH_KNOTS('',11,(#5126,#5127,#5128,#5129,#5130,
    #5131,#5132,#5133,#5134,#5135,#5136,#5137,#5138,#5139,#5140,#5141,
    #5142,#5143,#5144,#5145,#5146,#5147,#5148,#5149,#5150,#5151,#5152,
    #5153,#5154,#5155,#5156,#5157,#5158,#5159,#5160,#5161,#5162,#5163,
    #5164,#5165,#5166,#5167,#5168,#5169,#5170,#5171,#5172,#5173,#5174,
    #5175,#5176,#5177),.UNSPECIFIED.,.F.,.F.,(12,10,10,10,10,12),(
    157.59277081981,158.82023498732,160.04769915484,161.27516332235,
    161.88889540611,162.50262748987),.UNSPECIFIED.);
#5126 = CARTESIAN_POINT('',(1.,-8.41525265053));
#5127 = CARTESIAN_POINT('',(0.98091942119,-8.415056081367));
#5128 = CARTESIAN_POINT('',(0.964759368634,-8.413199769607));
#5129 = CARTESIAN_POINT('',(0.945852713705,-8.407478923724));
#5130 = CARTESIAN_POINT('',(0.925155851558,-8.402846888063));
#5131 = CARTESIAN_POINT('',(0.908852726999,-8.389338791412));
#5132 = CARTESIAN_POINT('',(0.885311196469,-8.380059404607));
#5133 = CARTESIAN_POINT('',(0.86758672946,-8.36183157445));
#5134 = CARTESIAN_POINT('',(0.845574719451,-8.344315164037));
#5135 = CARTESIAN_POINT('',(0.82498982832,-8.322320942029));
#5136 = CARTESIAN_POINT('',(0.803656025555,-8.298102019772));
#5137 = CARTESIAN_POINT('',(0.760683541105,-8.244667628597));
#5138 = CARTESIAN_POINT('',(0.738969217597,-8.215502800904));
#5139 = CARTESIAN_POINT('',(0.717074857549,-8.184206411081));
#5140 = CARTESIAN_POINT('',(0.695037329395,-8.151111818372));
#5141 = CARTESIAN_POINT('',(0.672882330379,-8.116559662785));
#5142 = CARTESIAN_POINT('',(0.650624391679,-8.080887856805));
#5143 = CARTESIAN_POINT('',(0.628266883518,-8.044421576804));
#5144 = CARTESIAN_POINT('',(0.605802020297,-8.007463254788));
#5145 = CARTESIAN_POINT('',(0.583210865702,-7.970282569837));
#5146 = CARTESIAN_POINT('',(0.560463337832,-7.93310643978));
#5147 = CARTESIAN_POINT('',(0.514573090802,-7.859111585651));
#5148 = CARTESIAN_POINT('',(0.491424803757,-7.822315961678));
#5149 = CARTESIAN_POINT('',(0.468048696113,-7.785926412069));
#5150 = CARTESIAN_POINT('',(0.444398458077,-7.750150775022));
#5151 = CARTESIAN_POINT('',(0.420415307939,-7.715211511014));
#5152 = CARTESIAN_POINT('',(0.396038906531,-7.681350057778));
#5153 = CARTESIAN_POINT('',(0.371220005313,-7.648824484687));
#5154 = CARTESIAN_POINT('',(0.345934828122,-7.617900446748));
#5155 = CARTESIAN_POINT('',(0.320201186553,-7.588835438074));
#5156 = CARTESIAN_POINT('',(0.294096328993,-7.561856344869));
#5157 = CARTESIAN_POINT('',(0.254616620441,-7.524767274515));
#5158 = CARTESIAN_POINT('',(0.241402874265,-7.512964502636));
#5159 = CARTESIAN_POINT('',(0.228154397463,-7.501740249748));
#5160 = CARTESIAN_POINT('',(0.214895130645,-7.491107947958));
#5161 = CARTESIAN_POINT('',(0.201652585417,-7.481077201986));
#5162 = CARTESIAN_POINT('',(0.188456587445,-7.47165479681));
#5163 = CARTESIAN_POINT('',(0.175338019537,-7.46284570571));
#5164 = CARTESIAN_POINT('',(0.16232756471,-7.454654097845));
#5165 = CARTESIAN_POINT('',(0.149454449266,-7.447084346284));
#5166 = CARTESIAN_POINT('',(0.136745185868,-7.440142035668));
#5167 = CARTESIAN_POINT('',(0.111699447354,-7.427527904577));
#5168 = CARTESIAN_POINT('',(9.937219205588E-02,-7.421856636078));
#5169 = CARTESIAN_POINT('',(8.71978461262E-02,-7.416815061877));
#5170 = CARTESIAN_POINT('',(7.535396092725E-02,-7.412434764817));
#5171 = CARTESIAN_POINT('',(6.362604756591E-02,-7.408680354233));
#5172 = CARTESIAN_POINT('',(5.207369882055E-02,-7.40556244522));
#5173 = CARTESIAN_POINT('',(4.091671711973E-02,-7.403129650878));
#5174 = CARTESIAN_POINT('',(3.006486155038E-02,-7.401372362748));
#5175 = CARTESIAN_POINT('',(1.936277546043E-02,-7.400209773251));
#5176 = CARTESIAN_POINT('',(9.435528195431E-03,-7.399637532053));
#5177 = CARTESIAN_POINT('',(-2.754740879851E-15,-7.399786643824));
#5178 = ( GEOMETRIC_REPRESENTATION_CONTEXT(2) 
PARAMETRIC_REPRESENTATION_CONTEXT() REPRESENTATION_CONTEXT('2D SPACE',''
  ) );
#5179 = ADVANCED_FACE('',(#5180),#2946,.T.);
#5180 = FACE_BOUND('',#5181,.T.);
#5181 = EDGE_LOOP('',(#5182,#5183,#5184,#5236));
#5182 = ORIENTED_EDGE('',*,*,#5030,.T.);
#5183 = ORIENTED_EDGE('',*,*,#2918,.T.);
#5184 = ORIENTED_EDGE('',*,*,#5185,.F.);
#5185 = EDGE_CURVE('',#5186,#2896,#5188,.T.);
#5186 = VERTEX_POINT('',#5187);
#5187 = CARTESIAN_POINT('',(-9.,21.006383159248,7.399732371503));
#5188 = SURFACE_CURVE('',#5189,(#5193,#5199),.PCURVE_S1.);
#5189 = ( BOUNDED_CURVE() B_SPLINE_CURVE(2,(#5190,#5191,#5192),
.UNSPECIFIED.,.F.,.F.) B_SPLINE_CURVE_WITH_KNOTS((3,3),(0.,
9.902810241982),.PIECEWISE_BEZIER_KNOTS.) CURVE() 
GEOMETRIC_REPRESENTATION_ITEM() RATIONAL_B_SPLINE_CURVE((1.,
0.865899333823,1.)) REPRESENTATION_ITEM('') );
#5190 = CARTESIAN_POINT('',(-9.,21.006383159248,7.399732371503));
#5191 = CARTESIAN_POINT('',(-9.,21.002126480524,7.804090469008));
#5192 = CARTESIAN_POINT('',(-8.649694318841,21.,8.006092939687));
#5193 = PCURVE('',#2946,#5194);
#5194 = DEFINITIONAL_REPRESENTATION('',(#5195),#5198);
#5195 = B_SPLINE_CURVE_WITH_KNOTS('',1,(#5196,#5197),.UNSPECIFIED.,.F.,
  .F.,(2,2),(0.,9.902810241982),.PIECEWISE_BEZIER_KNOTS.);
#5196 = CARTESIAN_POINT('',(0.,172.40543773185));
#5197 = CARTESIAN_POINT('',(9.902810241982,172.40543773185));
#5198 = ( GEOMETRIC_REPRESENTATION_CONTEXT(2) 
PARAMETRIC_REPRESENTATION_CONTEXT() REPRESENTATION_CONTEXT('2D SPACE',''
  ) );
#5199 = PCURVE('',#5200,#5231);
#5200 = ( BOUNDED_SURFACE() B_SPLINE_SURFACE(2,9,(
    (#5201,#5202,#5203,#5204,#5205,#5206,#5207,#5208,#5209,#5210)
    ,(#5211,#5212,#5213,#5214,#5215,#5216,#5217,#5218,#5219,#5220)
    ,(#5221,#5222,#5223,#5224,#5225,#5226,#5227,#5228,#5229,#5230
)),.UNSPECIFIED.,.F.,.F.,.F.) B_SPLINE_SURFACE_WITH_KNOTS((3,3),(10,10),
  (0.,6.733545400155),(172.40543773185,179.13898313201),
.PIECEWISE_BEZIER_KNOTS.) GEOMETRIC_REPRESENTATION_ITEM() 
RATIONAL_B_SPLINE_SURFACE((
    (1.,1.,1.,1.,1.,1.,1.,1.,1.,1.)
    ,(0.865899333823,0.865909367511,0.856747264909,0.840523010986
      ,0.818520787832,0.786582054385,0.750885123026,0.72348567146
      ,0.707106781187,0.707106781187)
,(1.,1.,1.,1.,1.,1.,1.,1.,1.,1.))) REPRESENTATION_ITEM('') SURFACE() );
#5201 = CARTESIAN_POINT('',(-9.,21.006383159248,7.399732371503));
#5202 = CARTESIAN_POINT('',(-9.,21.764960672444,7.39978307235));
#5203 = CARTESIAN_POINT('',(-9.,22.525285028818,7.399417923732));
#5204 = CARTESIAN_POINT('',(-9.,23.285779349599,7.398674288226));
#5205 = CARTESIAN_POINT('',(-9.,24.045707639044,7.39256739637));
#5206 = CARTESIAN_POINT('',(-9.,24.805199965174,7.376971139203));
#5207 = CARTESIAN_POINT('',(-9.,25.562430965339,7.346335642821));
#5208 = CARTESIAN_POINT('',(-9.,26.313372372995,7.317325046521));
#5209 = CARTESIAN_POINT('',(-9.,27.058406589424,7.3));
#5210 = CARTESIAN_POINT('',(-9.,27.8,7.3));
#5211 = CARTESIAN_POINT('',(-9.,21.002126480524,7.804090469008));
#5212 = CARTESIAN_POINT('',(-9.,21.757483658882,7.804088633677));
#5213 = CARTESIAN_POINT('',(-9.,22.529172914861,7.821028535168));
#5214 = CARTESIAN_POINT('',(-9.,23.304306668749,7.850983656503));
#5215 = CARTESIAN_POINT('',(-9.,24.080459106575,7.88783173544));
#5216 = CARTESIAN_POINT('',(-9.,24.871688930177,7.928669449734));
#5217 = CARTESIAN_POINT('',(-9.,25.602795774151,7.960812524467));
#5218 = CARTESIAN_POINT('',(-9.,26.323480942437,7.985060436972));
#5219 = CARTESIAN_POINT('',(-9.,27.044685477863,8.));
#5220 = CARTESIAN_POINT('',(-9.,27.8,8.));
#5221 = CARTESIAN_POINT('',(-8.649694318841,21.,8.006092939687));
#5222 = CARTESIAN_POINT('',(-8.6497186457,21.753761394621,8.006078911694
    ));
#5223 = CARTESIAN_POINT('',(-8.627527502298,22.506807822964,
    8.018501268248));
#5224 = CARTESIAN_POINT('',(-8.588007950125,23.260224262058,
    8.039743337449));
#5225 = CARTESIAN_POINT('',(-8.536633457947,24.014522283309,
    8.058537589729));
#5226 = CARTESIAN_POINT('',(-8.460512541542,24.770876716514,
    8.070983878706));
#5227 = CARTESIAN_POINT('',(-8.386807294477,25.531696361813,
    8.044891318825));
#5228 = CARTESIAN_POINT('',(-8.332417432932,26.289339070472,
    8.01715367937));
#5229 = CARTESIAN_POINT('',(-8.3,27.044685477863,8.));
#5230 = CARTESIAN_POINT('',(-8.3,27.8,8.));
#5231 = DEFINITIONAL_REPRESENTATION('',(#5232),#5235);
#5232 = B_SPLINE_CURVE_WITH_KNOTS('',1,(#5233,#5234),.UNSPECIFIED.,.F.,
  .F.,(2,2),(0.,9.902810241982),.PIECEWISE_BEZIER_KNOTS.);
#5233 = CARTESIAN_POINT('',(0.,172.40543773185));
#5234 = CARTESIAN_POINT('',(6.733545400155,172.40543773185));
#5235 = ( GEOMETRIC_REPRESENTATION_CONTEXT(2) 
PARAMETRIC_REPRESENTATION_CONTEXT() REPRESENTATION_CONTEXT('2D SPACE',''
  ) );
#5236 = ORIENTED_EDGE('',*,*,#5237,.F.);
#5237 = EDGE_CURVE('',#5031,#5186,#5238,.T.);
#5238 = SURFACE_CURVE('',#5239,(#5249,#5256),.PCURVE_S1.);
#5239 = ( BOUNDED_CURVE() B_SPLINE_CURVE(8,(#5240,#5241,#5242,#5243,
    #5244,#5245,#5246,#5247,#5248),.UNSPECIFIED.,.F.,.F.) 
B_SPLINE_CURVE_WITH_KNOTS((9,9),(162.50262748987,172.40543773185),
.PIECEWISE_BEZIER_KNOTS.) CURVE() GEOMETRIC_REPRESENTATION_ITEM() 
RATIONAL_B_SPLINE_CURVE((1.,1.,1.,1.,1.,1.,1.,1.,1.)) 
REPRESENTATION_ITEM('') );
#5240 = CARTESIAN_POINT('',(-9.,11.,7.399786643824));
#5241 = CARTESIAN_POINT('',(-9.,12.255986897414,7.399566592359));
#5242 = CARTESIAN_POINT('',(-9.,13.50458146605,7.399844837139));
#5243 = CARTESIAN_POINT('',(-9.,14.756245455168,7.399596775738));
#5244 = CARTESIAN_POINT('',(-9.,16.002819312763,7.399759220476));
#5245 = CARTESIAN_POINT('',(-9.,17.252221990311,7.399644676456));
#5246 = CARTESIAN_POINT('',(-9.,18.501232782157,7.399757678402));
#5247 = CARTESIAN_POINT('',(-9.,19.75131546301,7.399648486871));
#5248 = CARTESIAN_POINT('',(-9.,21.006383159248,7.399732371503));
#5249 = PCURVE('',#2946,#5250);
#5250 = DEFINITIONAL_REPRESENTATION('',(#5251),#5255);
#5251 = LINE('',#5252,#5253);
#5252 = CARTESIAN_POINT('',(0.,0.));
#5253 = VECTOR('',#5254,1.);
#5254 = DIRECTION('',(0.,1.));
#5255 = ( GEOMETRIC_REPRESENTATION_CONTEXT(2) 
PARAMETRIC_REPRESENTATION_CONTEXT() REPRESENTATION_CONTEXT('2D SPACE',''
  ) );
#5256 = PCURVE('',#5257,#5262);
#5257 = PLANE('',#5258);
#5258 = AXIS2_PLACEMENT_3D('',#5259,#5260,#5261);
#5259 = CARTESIAN_POINT('',(-9.,52.,0.));
#5260 = DIRECTION('',(1.,-4.332577657074E-17,0.));
#5261 = DIRECTION('',(-4.332577657074E-17,-1.,0.));
#5262 = DEFINITIONAL_REPRESENTATION('',(#5263),#5273);
#5263 = B_SPLINE_CURVE_WITH_KNOTS('',8,(#5264,#5265,#5266,#5267,#5268,
    #5269,#5270,#5271,#5272),.UNSPECIFIED.,.F.,.F.,(9,9),(
    162.50262748987,172.40543773185),.PIECEWISE_BEZIER_KNOTS.);
#5264 = CARTESIAN_POINT('',(41.,-7.399786643824));
#5265 = CARTESIAN_POINT('',(39.744013102586,-7.399566592359));
#5266 = CARTESIAN_POINT('',(38.495418533951,-7.399844837139));
#5267 = CARTESIAN_POINT('',(37.24375454483,-7.399596775737));
#5268 = CARTESIAN_POINT('',(35.997180687239,-7.399759220476));
#5269 = CARTESIAN_POINT('',(34.747778009688,-7.399644676456));
#5270 = CARTESIAN_POINT('',(33.498767217844,-7.399757678402));
#5271 = CARTESIAN_POINT('',(32.24868453699,-7.399648486871));
#5272 = CARTESIAN_POINT('',(30.993616840752,-7.399732371503));
#5273 = ( GEOMETRIC_REPRESENTATION_CONTEXT(2) 
PARAMETRIC_REPRESENTATION_CONTEXT() REPRESENTATION_CONTEXT('2D SPACE',''
  ) );
#5274 = ADVANCED_FACE('',(#5275,#5482,#5994),#2162,.T.);
#5275 = FACE_BOUND('',#5276,.T.);
#5276 = EDGE_LOOP('',(#5277,#5314,#5315,#5351,#5352,#5388,#5389,#5457));
#5277 = ORIENTED_EDGE('',*,*,#5278,.F.);
#5278 = EDGE_CURVE('',#2896,#5279,#5281,.T.);
#5279 = VERTEX_POINT('',#5280);
#5280 = CARTESIAN_POINT('',(-8.3,27.8,8.));
#5281 = SURFACE_CURVE('',#5282,(#5293,#5307),.PCURVE_S1.);
#5282 = ( BOUNDED_CURVE() B_SPLINE_CURVE(9,(#5283,#5284,#5285,#5286,
    #5287,#5288,#5289,#5290,#5291,#5292),.UNSPECIFIED.,.F.,.F.) 
B_SPLINE_CURVE_WITH_KNOTS((10,10),(172.40543773185,179.13898313201),
.PIECEWISE_BEZIER_KNOTS.) CURVE() GEOMETRIC_REPRESENTATION_ITEM() 
RATIONAL_B_SPLINE_CURVE((1.,1.,1.,1.,1.,1.,1.,1.,1.,1.)) 
REPRESENTATION_ITEM('') );
#5283 = CARTESIAN_POINT('',(-8.649694318841,21.,8.006092939687));
#5284 = CARTESIAN_POINT('',(-8.6497186457,21.753761394621,8.006078911694
    ));
#5285 = CARTESIAN_POINT('',(-8.627527502298,22.506807822964,
    8.018501268248));
#5286 = CARTESIAN_POINT('',(-8.588007950125,23.260224262058,
    8.039743337449));
#5287 = CARTESIAN_POINT('',(-8.536633457947,24.014522283309,
    8.058537589729));
#5288 = CARTESIAN_POINT('',(-8.460512541542,24.770876716514,
    8.070983878706));
#5289 = CARTESIAN_POINT('',(-8.386807294477,25.531696361813,
    8.044891318825));
#5290 = CARTESIAN_POINT('',(-8.332417432932,26.289339070472,
    8.01715367937));
#5291 = CARTESIAN_POINT('',(-8.3,27.044685477863,8.));
#5292 = CARTESIAN_POINT('',(-8.3,27.8,8.));
#5293 = PCURVE('',#2162,#5294);
#5294 = DEFINITIONAL_REPRESENTATION('',(#5295),#5306);
#5295 = B_SPLINE_CURVE_WITH_KNOTS('',9,(#5296,#5297,#5298,#5299,#5300,
    #5301,#5302,#5303,#5304,#5305),.UNSPECIFIED.,.F.,.F.,(10,10),(
    172.40543773185,179.13898313201),.PIECEWISE_BEZIER_KNOTS.);
#5296 = CARTESIAN_POINT('',(1.946142673105E-02,-1.562269795586E-15));
#5297 = CARTESIAN_POINT('',(1.946007523887E-02,0.110847263915));
#5298 = CARTESIAN_POINT('',(2.069291813874E-02,0.221589510315));
#5299 = CARTESIAN_POINT('',(2.288843954734E-02,0.332385384356));
#5300 = CARTESIAN_POINT('',(2.574260017998E-02,0.443313074648));
#5301 = CARTESIAN_POINT('',(2.997151234247E-02,0.554539778465));
#5302 = CARTESIAN_POINT('',(3.406626683466E-02,0.666426376838));
#5303 = CARTESIAN_POINT('',(3.708791969339E-02,0.777843893983));
#5304 = CARTESIAN_POINT('',(3.888888888889E-02,0.88892433498));
#5305 = CARTESIAN_POINT('',(3.888888888889E-02,1.));
#5306 = ( GEOMETRIC_REPRESENTATION_CONTEXT(2) 
PARAMETRIC_REPRESENTATION_CONTEXT() REPRESENTATION_CONTEXT('2D SPACE',''
  ) );
#5307 = PCURVE('',#5200,#5308);
#5308 = DEFINITIONAL_REPRESENTATION('',(#5309),#5313);
#5309 = LINE('',#5310,#5311);
#5310 = CARTESIAN_POINT('',(6.733545400155,0.));
#5311 = VECTOR('',#5312,1.);
#5312 = DIRECTION('',(0.,1.));
#5313 = ( GEOMETRIC_REPRESENTATION_CONTEXT(2) 
PARAMETRIC_REPRESENTATION_CONTEXT() REPRESENTATION_CONTEXT('2D SPACE',''
  ) );
#5314 = ORIENTED_EDGE('',*,*,#2895,.T.);
#5315 = ORIENTED_EDGE('',*,*,#5316,.T.);
#5316 = EDGE_CURVE('',#2642,#2534,#5317,.T.);
#5317 = SURFACE_CURVE('',#5318,(#5327,#5339),.PCURVE_S1.);
#5318 = B_SPLINE_CURVE_WITH_KNOTS('',7,(#5319,#5320,#5321,#5322,#5323,
    #5324,#5325,#5326),.UNSPECIFIED.,.F.,.F.,(8,8),(0.,1.),
  .PIECEWISE_BEZIER_KNOTS.);
#5319 = CARTESIAN_POINT('',(-6.140312423743,21.,9.243218777961));
#5320 = CARTESIAN_POINT('',(-5.965770307567,21.055880742727,
    9.314668319589));
#5321 = CARTESIAN_POINT('',(-5.785250976312,21.094082632933,
    9.385607707911));
#5322 = CARTESIAN_POINT('',(-5.600506243461,21.113926598235,
    9.455567041177));
#5323 = CARTESIAN_POINT('',(-5.413489672732,21.114783385495,
    9.524089666763));
#5324 = CARTESIAN_POINT('',(-5.226306334889,21.096222802057,
    9.590572423445));
#5325 = CARTESIAN_POINT('',(-5.041045464488,21.058062854489,
    9.65402504362));
#5326 = CARTESIAN_POINT('',(-4.859687576257,21.,9.712781222039));
#5327 = PCURVE('',#2162,#5328);
#5328 = DEFINITIONAL_REPRESENTATION('',(#5329),#5338);
#5329 = B_SPLINE_CURVE_WITH_KNOTS('',7,(#5330,#5331,#5332,#5333,#5334,
    #5335,#5336,#5337),.UNSPECIFIED.,.F.,.F.,(8,8),(0.,1.),
  .PIECEWISE_BEZIER_KNOTS.);
#5330 = CARTESIAN_POINT('',(0.158871532014,0.));
#5331 = CARTESIAN_POINT('',(0.168568316246,8.217756283391E-03));
#5332 = CARTESIAN_POINT('',(0.178597167983,1.38356813137E-02));
#5333 = CARTESIAN_POINT('',(0.188860764252,1.67539115051E-02));
#5334 = CARTESIAN_POINT('',(0.199250573737,1.68799096316E-02));
#5335 = CARTESIAN_POINT('',(0.209649648062,1.415041206714E-02));
#5336 = CARTESIAN_POINT('',(0.21994191864,8.538655071942E-03));
#5337 = CARTESIAN_POINT('',(0.230017356875,0.));
#5338 = ( GEOMETRIC_REPRESENTATION_CONTEXT(2) 
PARAMETRIC_REPRESENTATION_CONTEXT() REPRESENTATION_CONTEXT('2D SPACE',''
  ) );
#5339 = PCURVE('',#2610,#5340);
#5340 = DEFINITIONAL_REPRESENTATION('',(#5341),#5350);
#5341 = B_SPLINE_CURVE_WITH_KNOTS('',7,(#5342,#5343,#5344,#5345,#5346,
    #5347,#5348,#5349),.UNSPECIFIED.,.F.,.F.,(8,8),(0.,1.),
  .PIECEWISE_BEZIER_KNOTS.);
#5342 = CARTESIAN_POINT('',(1.880640966537,1.243218777961));
#5343 = CARTESIAN_POINT('',(1.793369908448,1.314668319589));
#5344 = CARTESIAN_POINT('',(1.705955118263,1.385607707911));
#5345 = CARTESIAN_POINT('',(1.618203105796,1.455567041177));
#5346 = CARTESIAN_POINT('',(1.529992501287,1.524089666763));
#5347 = CARTESIAN_POINT('',(1.44118991841,1.590572423445));
#5348 = CARTESIAN_POINT('',(1.351630631169,1.65402504362));
#5349 = CARTESIAN_POINT('',(1.260951687053,1.712781222039));
#5350 = ( GEOMETRIC_REPRESENTATION_CONTEXT(2) 
PARAMETRIC_REPRESENTATION_CONTEXT() REPRESENTATION_CONTEXT('2D SPACE',''
  ) );
#5351 = ORIENTED_EDGE('',*,*,#2533,.T.);
#5352 = ORIENTED_EDGE('',*,*,#5353,.T.);
#5353 = EDGE_CURVE('',#2244,#2147,#5354,.T.);
#5354 = SURFACE_CURVE('',#5355,(#5364,#5376),.PCURVE_S1.);
#5355 = B_SPLINE_CURVE_WITH_KNOTS('',7,(#5356,#5357,#5358,#5359,#5360,
    #5361,#5362,#5363),.UNSPECIFIED.,.F.,.F.,(8,8),(0.,1.),
  .PIECEWISE_BEZIER_KNOTS.);
#5356 = CARTESIAN_POINT('',(4.859687576257,21.,9.712781222039));
#5357 = CARTESIAN_POINT('',(5.041045545005,21.058062880267,
    9.654025017534));
#5358 = CARTESIAN_POINT('',(5.226306314089,21.096222777415,
    9.590572428004));
#5359 = CARTESIAN_POINT('',(5.413489594024,21.114783380639,
    9.524089694515));
#5360 = CARTESIAN_POINT('',(5.600506202947,21.113926614975,
    9.455567058521));
#5361 = CARTESIAN_POINT('',(5.785251043474,21.094082646482,
    9.385607685237));
#5362 = CARTESIAN_POINT('',(5.965770467365,21.055880691567,
    9.314668254175));
#5363 = CARTESIAN_POINT('',(6.140312423743,21.,9.243218777961));
#5364 = PCURVE('',#2162,#5365);
#5365 = DEFINITIONAL_REPRESENTATION('',(#5366),#5375);
#5366 = B_SPLINE_CURVE_WITH_KNOTS('',7,(#5367,#5368,#5369,#5370,#5371,
    #5372,#5373,#5374),.UNSPECIFIED.,.F.,.F.,(8,8),(0.,1.),
  .PIECEWISE_BEZIER_KNOTS.);
#5367 = CARTESIAN_POINT('',(0.769982643125,0.));
#5368 = CARTESIAN_POINT('',(0.780058085834,8.538658862835E-03));
#5369 = CARTESIAN_POINT('',(0.790350350783,1.415040844331E-02));
#5370 = CARTESIAN_POINT('',(0.80074942189,1.687990891752E-02));
#5371 = CARTESIAN_POINT('',(0.811139233497,1.675391396689E-02));
#5372 = CARTESIAN_POINT('',(0.821402835749,1.383568330612E-02));
#5373 = CARTESIAN_POINT('',(0.831431692631,8.217748759804E-03));
#5374 = CARTESIAN_POINT('',(0.841128467986,0.));
#5375 = ( GEOMETRIC_REPRESENTATION_CONTEXT(2) 
PARAMETRIC_REPRESENTATION_CONTEXT() REPRESENTATION_CONTEXT('2D SPACE',''
  ) );
#5376 = PCURVE('',#2220,#5377);
#5377 = DEFINITIONAL_REPRESENTATION('',(#5378),#5387);
#5378 = B_SPLINE_CURVE_WITH_KNOTS('',7,(#5379,#5380,#5381,#5382,#5383,
    #5384,#5385,#5386),.UNSPECIFIED.,.F.,.F.,(8,8),(0.,1.),
  .PIECEWISE_BEZIER_KNOTS.);
#5379 = CARTESIAN_POINT('',(1.880640966537,1.712781222039));
#5380 = CARTESIAN_POINT('',(1.789961982162,1.654025017534));
#5381 = CARTESIAN_POINT('',(1.700402747792,1.590572428004));
#5382 = CARTESIAN_POINT('',(1.611600188499,1.524089694515));
#5383 = CARTESIAN_POINT('',(1.523389565657,1.455567058521));
#5384 = CARTESIAN_POINT('',(1.435637507009,1.385607685237));
#5385 = CARTESIAN_POINT('',(1.348222665242,1.314668254175));
#5386 = CARTESIAN_POINT('',(1.260951687053,1.243218777961));
#5387 = ( GEOMETRIC_REPRESENTATION_CONTEXT(2) 
PARAMETRIC_REPRESENTATION_CONTEXT() REPRESENTATION_CONTEXT('2D SPACE',''
  ) );
#5388 = ORIENTED_EDGE('',*,*,#2146,.T.);
#5389 = ORIENTED_EDGE('',*,*,#5390,.F.);
#5390 = EDGE_CURVE('',#5391,#2084,#5393,.T.);
#5391 = VERTEX_POINT('',#5392);
#5392 = CARTESIAN_POINT('',(8.3,27.8,8.));
#5393 = SURFACE_CURVE('',#5394,(#5405,#5419),.PCURVE_S1.);
#5394 = ( BOUNDED_CURVE() B_SPLINE_CURVE(9,(#5395,#5396,#5397,#5398,
    #5399,#5400,#5401,#5402,#5403,#5404),.UNSPECIFIED.,.F.,.F.) 
B_SPLINE_CURVE_WITH_KNOTS((10,10),(113.69200777531,120.42378052093),
.PIECEWISE_BEZIER_KNOTS.) CURVE() GEOMETRIC_REPRESENTATION_ITEM() 
RATIONAL_B_SPLINE_CURVE((1.,1.,1.,1.,1.,1.,1.,1.,1.,1.)) 
REPRESENTATION_ITEM('') );
#5395 = CARTESIAN_POINT('',(8.3,27.8,8.));
#5396 = CARTESIAN_POINT('',(8.3,27.044685477863,8.));
#5397 = CARTESIAN_POINT('',(8.332417432932,26.289339070472,8.01715367937
    ));
#5398 = CARTESIAN_POINT('',(8.386807294477,25.531696361813,
    8.044891318825));
#5399 = CARTESIAN_POINT('',(8.460512541542,24.770876716514,
    8.070983878706));
#5400 = CARTESIAN_POINT('',(8.536633457947,24.014522283309,
    8.058537589729));
#5401 = CARTESIAN_POINT('',(8.588007950125,23.260224262058,
    8.039743337449));
#5402 = CARTESIAN_POINT('',(8.627527502298,22.506807822964,
    8.018501268248));
#5403 = CARTESIAN_POINT('',(8.6497186457,21.753761394621,8.006078911694)
  );
#5404 = CARTESIAN_POINT('',(8.649694318841,21.,8.006092939687));
#5405 = PCURVE('',#2162,#5406);
#5406 = DEFINITIONAL_REPRESENTATION('',(#5407),#5418);
#5407 = B_SPLINE_CURVE_WITH_KNOTS('',9,(#5408,#5409,#5410,#5411,#5412,
    #5413,#5414,#5415,#5416,#5417),.UNSPECIFIED.,.F.,.F.,(10,10),(
    113.69200777531,120.42378052093),.PIECEWISE_BEZIER_KNOTS.);
#5408 = CARTESIAN_POINT('',(0.961111111111,1.));
#5409 = CARTESIAN_POINT('',(0.961111111111,0.88892433498));
#5410 = CARTESIAN_POINT('',(0.962912080307,0.777843893983));
#5411 = CARTESIAN_POINT('',(0.965933733165,0.666426376838));
#5412 = CARTESIAN_POINT('',(0.970028487658,0.554539778464));
#5413 = CARTESIAN_POINT('',(0.97425739982,0.443313074648));
#5414 = CARTESIAN_POINT('',(0.977111560453,0.332385384356));
#5415 = CARTESIAN_POINT('',(0.979307081861,0.221589510315));
#5416 = CARTESIAN_POINT('',(0.980539924761,0.110847263915));
#5417 = CARTESIAN_POINT('',(0.980538573269,6.761519945165E-16));
#5418 = ( GEOMETRIC_REPRESENTATION_CONTEXT(2) 
PARAMETRIC_REPRESENTATION_CONTEXT() REPRESENTATION_CONTEXT('2D SPACE',''
  ) );
#5419 = PCURVE('',#5420,#5451);
#5420 = ( BOUNDED_SURFACE() B_SPLINE_SURFACE(2,9,(
    (#5421,#5422,#5423,#5424,#5425,#5426,#5427,#5428,#5429,#5430)
    ,(#5431,#5432,#5433,#5434,#5435,#5436,#5437,#5438,#5439,#5440)
    ,(#5441,#5442,#5443,#5444,#5445,#5446,#5447,#5448,#5449,#5450
)),.UNSPECIFIED.,.F.,.F.,.F.) B_SPLINE_SURFACE_WITH_KNOTS((3,3),(10,10),
  (0.,6.731772745614),(113.69200777531,120.42378052093),
.PIECEWISE_BEZIER_KNOTS.) GEOMETRIC_REPRESENTATION_ITEM() 
RATIONAL_B_SPLINE_SURFACE((
    (1.,1.,1.,1.,1.,1.,1.,1.,1.,1.)
    ,(0.707106781187,0.707106781187,0.72348567146,0.750885123026
      ,0.786582054385,0.818520787832,0.840523010986,0.856747264909
      ,0.865909367511,0.865899333823)
,(1.,1.,1.,1.,1.,1.,1.,1.,1.,1.))) REPRESENTATION_ITEM('') SURFACE() );
#5421 = CARTESIAN_POINT('',(9.,27.8,7.3));
#5422 = CARTESIAN_POINT('',(9.,27.058406589424,7.3));
#5423 = CARTESIAN_POINT('',(9.,26.313372372996,7.317325046521));
#5424 = CARTESIAN_POINT('',(9.,25.562430965338,7.346335642821));
#5425 = CARTESIAN_POINT('',(9.,24.805199965175,7.376971139203));
#5426 = CARTESIAN_POINT('',(9.,24.045707639044,7.39256739637));
#5427 = CARTESIAN_POINT('',(9.,23.285779349599,7.398674288226));
#5428 = CARTESIAN_POINT('',(9.,22.525285028818,7.399417923732));
#5429 = CARTESIAN_POINT('',(9.,21.764960672444,7.39978307235));
#5430 = CARTESIAN_POINT('',(9.,21.006383159248,7.399732371503));
#5431 = CARTESIAN_POINT('',(9.,27.8,8.));
#5432 = CARTESIAN_POINT('',(9.,27.044685477863,8.));
#5433 = CARTESIAN_POINT('',(9.,26.323480942437,7.985060436972));
#5434 = CARTESIAN_POINT('',(9.,25.602795774151,7.960812524467));
#5435 = CARTESIAN_POINT('',(9.,24.871688930177,7.928669449734));
#5436 = CARTESIAN_POINT('',(9.,24.080459106574,7.88783173544));
#5437 = CARTESIAN_POINT('',(9.,23.304306668749,7.850983656503));
#5438 = CARTESIAN_POINT('',(9.,22.529172914861,7.821028535168));
#5439 = CARTESIAN_POINT('',(9.,21.757483658882,7.804088633677));
#5440 = CARTESIAN_POINT('',(9.,21.002126480524,7.804090469008));
#5441 = CARTESIAN_POINT('',(8.3,27.8,8.));
#5442 = CARTESIAN_POINT('',(8.3,27.044685477863,8.));
#5443 = CARTESIAN_POINT('',(8.332417432932,26.289339070472,8.01715367937
    ));
#5444 = CARTESIAN_POINT('',(8.386807294477,25.531696361813,
    8.044891318825));
#5445 = CARTESIAN_POINT('',(8.460512541542,24.770876716514,
    8.070983878706));
#5446 = CARTESIAN_POINT('',(8.536633457947,24.014522283309,
    8.058537589729));
#5447 = CARTESIAN_POINT('',(8.588007950125,23.260224262058,
    8.039743337449));
#5448 = CARTESIAN_POINT('',(8.627527502298,22.506807822964,
    8.018501268248));
#5449 = CARTESIAN_POINT('',(8.6497186457,21.753761394621,8.006078911694)
  );
#5450 = CARTESIAN_POINT('',(8.649694318841,21.,8.006092939687));
#5451 = DEFINITIONAL_REPRESENTATION('',(#5452),#5456);
#5452 = LINE('',#5453,#5454);
#5453 = CARTESIAN_POINT('',(6.731772745614,0.));
#5454 = VECTOR('',#5455,1.);
#5455 = DIRECTION('',(0.,1.));
#5456 = ( GEOMETRIC_REPRESENTATION_CONTEXT(2) 
PARAMETRIC_REPRESENTATION_CONTEXT() REPRESENTATION_CONTEXT('2D SPACE',''
  ) );
#5457 = ORIENTED_EDGE('',*,*,#5458,.F.);
#5458 = EDGE_CURVE('',#5279,#5391,#5459,.T.);
#5459 = SURFACE_CURVE('',#5460,(#5464,#5471),.PCURVE_S1.);
#5460 = B_SPLINE_CURVE_WITH_KNOTS('',2,(#5461,#5462,#5463),
  .UNSPECIFIED.,.F.,.F.,(3,3),(0.,1.),.PIECEWISE_BEZIER_KNOTS.);
#5461 = CARTESIAN_POINT('',(-9.,27.8,8.));
#5462 = CARTESIAN_POINT('',(0.,27.8,8.));
#5463 = CARTESIAN_POINT('',(9.,27.8,8.));
#5464 = PCURVE('',#2162,#5465);
#5465 = DEFINITIONAL_REPRESENTATION('',(#5466),#5470);
#5466 = LINE('',#5467,#5468);
#5467 = CARTESIAN_POINT('',(0.,1.));
#5468 = VECTOR('',#5469,1.);
#5469 = DIRECTION('',(1.,0.));
#5470 = ( GEOMETRIC_REPRESENTATION_CONTEXT(2) 
PARAMETRIC_REPRESENTATION_CONTEXT() REPRESENTATION_CONTEXT('2D SPACE',''
  ) );
#5471 = PCURVE('',#5472,#5477);
#5472 = PLANE('',#5473);
#5473 = AXIS2_PLACEMENT_3D('',#5474,#5475,#5476);
#5474 = CARTESIAN_POINT('',(0.,41.4,8.));
#5475 = DIRECTION('',(0.,0.,1.));
#5476 = DIRECTION('',(1.,0.,-0.));
#5477 = DEFINITIONAL_REPRESENTATION('',(#5478),#5481);
#5478 = B_SPLINE_CURVE_WITH_KNOTS('',1,(#5479,#5480),.UNSPECIFIED.,.F.,
  .F.,(2,2),(0.,1.),.PIECEWISE_BEZIER_KNOTS.);
#5479 = CARTESIAN_POINT('',(-9.,-13.6));
#5480 = CARTESIAN_POINT('',(9.,-13.6));
#5481 = ( GEOMETRIC_REPRESENTATION_CONTEXT(2) 
PARAMETRIC_REPRESENTATION_CONTEXT() REPRESENTATION_CONTEXT('2D SPACE',''
  ) );
#5482 = FACE_BOUND('',#5483,.T.);
#5483 = EDGE_LOOP('',(#5484,#5616));
#5484 = ORIENTED_EDGE('',*,*,#5485,.T.);
#5485 = EDGE_CURVE('',#5486,#5488,#5490,.T.);
#5486 = VERTEX_POINT('',#5487);
#5487 = CARTESIAN_POINT('',(-3.4,24.,9.243060723251));
#5488 = VERTEX_POINT('',#5489);
#5489 = CARTESIAN_POINT('',(-5.500747577679,21.900000133065,
    9.419932486757));
#5490 = SURFACE_CURVE('',#5491,(#5529,#5570),.PCURVE_S1.);
#5491 = B_SPLINE_CURVE_WITH_KNOTS('',6,(#5492,#5493,#5494,#5495,#5496,
    #5497,#5498,#5499,#5500,#5501,#5502,#5503,#5504,#5505,#5506,#5507,
    #5508,#5509,#5510,#5511,#5512,#5513,#5514,#5515,#5516,#5517,#5518,
    #5519,#5520,#5521,#5522,#5523,#5524,#5525,#5526,#5527,#5528),
  .UNSPECIFIED.,.F.,.F.,(7,5,5,5,5,5,5,7),(0.,0.254493105354,
    0.346391067412,0.401254699676,0.52055960759,0.678844792745,
    0.768705955407,1.),.UNSPECIFIED.);
#5492 = CARTESIAN_POINT('',(-3.4,24.,9.243060723251));
#5493 = CARTESIAN_POINT('',(-3.4,23.872921665583,9.301518567684));
#5494 = CARTESIAN_POINT('',(-3.409227584511,23.744862978251,
    9.358572377148));
#5495 = CARTESIAN_POINT('',(-3.427952184749,23.616033512275,
    9.41351303228));
#5496 = CARTESIAN_POINT('',(-3.456638287619,23.486878206734,
    9.465446749315));
#5497 = CARTESIAN_POINT('',(-3.495829032031,23.358093719652,
    9.513305272376));
#5498 = CARTESIAN_POINT('',(-3.564095840096,23.184696790476,
    9.571415673307));
#5499 = CARTESIAN_POINT('',(-3.583633416676,23.138884280064,
    9.586156062268));
#5500 = CARTESIAN_POINT('',(-3.604615317897,23.09331569272,
    9.600167269948));
#5501 = CARTESIAN_POINT('',(-3.627055560902,23.04805358869,9.61339562359
    ));
#5502 = CARTESIAN_POINT('',(-3.65096111397,23.003168682483,
    9.625788932814));
#5503 = CARTESIAN_POINT('',(-3.691473530229,22.932214947009,
    9.64417031213));
#5504 = CARTESIAN_POINT('',(-3.707139319334,22.905852803585,
    9.650726980975));
#5505 = CARTESIAN_POINT('',(-3.723325615729,22.879669867741,
    9.656958415582));
#5506 = CARTESIAN_POINT('',(-3.740030361429,22.853683688474,
    9.662854952652));
#5507 = CARTESIAN_POINT('',(-3.757250035972,22.827912524653,
    9.668407689517));
#5508 = CARTESIAN_POINT('',(-3.813533989186,22.746842914148,
    9.684917985508));
#5509 = CARTESIAN_POINT('',(-3.854502562928,22.692412545096,
    9.69456435323));
#5510 = CARTESIAN_POINT('',(-3.897827714502,22.639286581686,
    9.702462870339));
#5511 = CARTESIAN_POINT('',(-3.943422055338,22.587665792749,
    9.708555522097));
#5512 = CARTESIAN_POINT('',(-3.9911631546,22.537744281196,9.712815025509
    ));
#5513 = CARTESIAN_POINT('',(-4.106859871714,22.425968519018,
    9.71847789412));
#5514 = CARTESIAN_POINT('',(-4.176338681043,22.365530506866,
    9.718493867511));
#5515 = CARTESIAN_POINT('',(-4.24894002143,22.308822897663,
    9.715311562734));
#5516 = CARTESIAN_POINT('',(-4.324240283566,22.256157192908,
    9.709056068324));
#5517 = CARTESIAN_POINT('',(-4.401795099145,22.207743510186,
    9.699924925543));
#5518 = CARTESIAN_POINT('',(-4.52621296782,22.138711809799,9.68146560983
    ));
#5519 = CARTESIAN_POINT('',(-4.57185608648,22.115122271641,
    9.673928219106));
#5520 = CARTESIAN_POINT('',(-4.618010357998,22.09296261459,
    9.665579720735));
#5521 = CARTESIAN_POINT('',(-4.664603051245,22.072244120722,
    9.656464219488));
#5522 = CARTESIAN_POINT('',(-4.711565853653,22.052970482631,
    9.646626443505));
#5523 = CARTESIAN_POINT('',(-4.880502911456,21.989245763483,
    9.609041248794));
#5524 = CARTESIAN_POINT('',(-5.004173507895,21.952923199594,
    9.577482105593));
#5525 = CARTESIAN_POINT('',(-5.128824034966,21.926108839099,
    9.542167885782));
#5526 = CARTESIAN_POINT('',(-5.253586016775,21.908557633614,
    9.503782849368));
#5527 = CARTESIAN_POINT('',(-5.377743786354,21.89995634502,
    9.462885298198));
#5528 = CARTESIAN_POINT('',(-5.500747577679,21.900000133065,
    9.419932486757));
#5529 = PCURVE('',#2162,#5530);
#5530 = DEFINITIONAL_REPRESENTATION('',(#5531),#5569);
#5531 = B_SPLINE_CURVE_WITH_KNOTS('',6,(#5532,#5533,#5534,#5535,#5536,
    #5537,#5538,#5539,#5540,#5541,#5542,#5543,#5544,#5545,#5546,#5547,
    #5548,#5549,#5550,#5551,#5552,#5553,#5554,#5555,#5556,#5557,#5558,
    #5559,#5560,#5561,#5562,#5563,#5564,#5565,#5566,#5567,#5568),
  .UNSPECIFIED.,.F.,.F.,(7,5,5,5,5,5,5,7),(0.,0.254493105354,
    0.346391067412,0.401254699676,0.52055960759,0.678844792745,
    0.768705955407,1.),.UNSPECIFIED.);
#5532 = CARTESIAN_POINT('',(0.311111111111,0.441176470588));
#5533 = CARTESIAN_POINT('',(0.311111111111,0.422488480233));
#5534 = CARTESIAN_POINT('',(0.310598467527,0.403656320331));
#5535 = CARTESIAN_POINT('',(0.309558211958,0.384710810629));
#5536 = CARTESIAN_POINT('',(0.307964539577,0.365717383343));
#5537 = CARTESIAN_POINT('',(0.305787275998,0.346778488184));
#5538 = CARTESIAN_POINT('',(0.30199467555,0.321278939776));
#5539 = CARTESIAN_POINT('',(0.300909254629,0.314541805892));
#5540 = CARTESIAN_POINT('',(0.29974359345,0.307840543047));
#5541 = CARTESIAN_POINT('',(0.298496913283,0.301184351278));
#5542 = CARTESIAN_POINT('',(0.297168827002,0.294583629777));
#5543 = CARTESIAN_POINT('',(0.29491813721,0.284149256913));
#5544 = CARTESIAN_POINT('',(0.294047815593,0.280272471115));
#5545 = CARTESIAN_POINT('',(0.293148576904,0.276422039374));
#5546 = CARTESIAN_POINT('',(0.292220535476,0.272600542423));
#5547 = CARTESIAN_POINT('',(0.29126388689,0.26881066539));
#5548 = CARTESIAN_POINT('',(0.288137000601,0.256888663845));
#5549 = CARTESIAN_POINT('',(0.285860968726,0.248884197808));
#5550 = CARTESIAN_POINT('',(0.283454015861,0.24107155613));
#5551 = CARTESIAN_POINT('',(0.280920996926,0.23348026364));
#5552 = CARTESIAN_POINT('',(0.278268713633,0.226138864882));
#5553 = CARTESIAN_POINT('',(0.271841118238,0.209701252797));
#5554 = CARTESIAN_POINT('',(0.267981184386,0.200813309833));
#5555 = CARTESIAN_POINT('',(0.263947776587,0.192473955539));
#5556 = CARTESIAN_POINT('',(0.259764428691,0.184728998957));
#5557 = CARTESIAN_POINT('',(0.255455827825,0.177609339733));
#5558 = CARTESIAN_POINT('',(0.24854372401,0.167457619088));
#5559 = CARTESIAN_POINT('',(0.246007995196,0.163988569359));
#5560 = CARTESIAN_POINT('',(0.243443869,0.160729796263));
#5561 = CARTESIAN_POINT('',(0.240855386042,0.15768295893));
#5562 = CARTESIAN_POINT('',(0.238246341464,0.154848600387));
#5563 = CARTESIAN_POINT('',(0.228860949364,0.145477318159));
#5564 = CARTESIAN_POINT('',(0.221990360672,0.140135764646));
#5565 = CARTESIAN_POINT('',(0.215065331391,0.136192476338));
#5566 = CARTESIAN_POINT('',(0.208134110179,0.133611416708));
#5567 = CARTESIAN_POINT('',(0.201236456314,0.132346521326));
#5568 = CARTESIAN_POINT('',(0.194402912351,0.132352960745));
#5569 = ( GEOMETRIC_REPRESENTATION_CONTEXT(2) 
PARAMETRIC_REPRESENTATION_CONTEXT() REPRESENTATION_CONTEXT('2D SPACE',''
  ) );
#5570 = PCURVE('',#5571,#5576);
#5571 = CYLINDRICAL_SURFACE('',#5572,2.1);
#5572 = AXIS2_PLACEMENT_3D('',#5573,#5574,#5575);
#5573 = CARTESIAN_POINT('',(-5.5,24.,8.));
#5574 = DIRECTION('',(0.,0.,1.));
#5575 = DIRECTION('',(1.,0.,-0.));
#5576 = DEFINITIONAL_REPRESENTATION('',(#5577),#5615);
#5577 = B_SPLINE_CURVE_WITH_KNOTS('',6,(#5578,#5579,#5580,#5581,#5582,
    #5583,#5584,#5585,#5586,#5587,#5588,#5589,#5590,#5591,#5592,#5593,
    #5594,#5595,#5596,#5597,#5598,#5599,#5600,#5601,#5602,#5603,#5604,
    #5605,#5606,#5607,#5608,#5609,#5610,#5611,#5612,#5613,#5614),
  .UNSPECIFIED.,.F.,.F.,(7,5,5,5,5,5,5,7),(0.,0.254493105354,
    0.346391067412,0.401254699676,0.52055960759,0.678844792745,
    0.768705955407,1.),.UNSPECIFIED.);
#5578 = CARTESIAN_POINT('',(6.28318530718,1.243060723251));
#5579 = CARTESIAN_POINT('',(6.2226718146,1.301518567684));
#5580 = CARTESIAN_POINT('',(6.161691503332,1.358572377148));
#5581 = CARTESIAN_POINT('',(6.099945228614,1.41351303228));
#5582 = CARTESIAN_POINT('',(6.03721523888,1.465446749315));
#5583 = CARTESIAN_POINT('',(5.973315822912,1.513305272376));
#5584 = CARTESIAN_POINT('',(5.884577050979,1.571415673307));
#5585 = CARTESIAN_POINT('',(5.860869870957,1.586156062268));
#5586 = CARTESIAN_POINT('',(5.836995360992,1.600167269948));
#5587 = CARTESIAN_POINT('',(5.812953587708,1.61339562359));
#5588 = CARTESIAN_POINT('',(5.788747877546,1.625788932814));
#5589 = CARTESIAN_POINT('',(5.749840788821,1.64417031213));
#5590 = CARTESIAN_POINT('',(5.735240331201,1.650726980975));
#5591 = CARTESIAN_POINT('',(5.720585531363,1.656958415582));
#5592 = CARTESIAN_POINT('',(5.705878391567,1.662854952652));
#5593 = CARTESIAN_POINT('',(5.691121370424,1.668407689517));
#5594 = CARTESIAN_POINT('',(5.644125049015,1.684917985508));
#5595 = CARTESIAN_POINT('',(5.61170813003,1.69456435323));
#5596 = CARTESIAN_POINT('',(5.579101537315,1.702462870339));
#5597 = CARTESIAN_POINT('',(5.54634300524,1.708555522097));
#5598 = CARTESIAN_POINT('',(5.51347586171,1.712815025509));
#5599 = CARTESIAN_POINT('',(5.436870515986,1.71847789412));
#5600 = CARTESIAN_POINT('',(5.39307941688,1.718493867511));
#5601 = CARTESIAN_POINT('',(5.349302625862,1.715311562734));
#5602 = CARTESIAN_POINT('',(5.305635946674,1.709056068324));
#5603 = CARTESIAN_POINT('',(5.262157543458,1.699924925543));
#5604 = CARTESIAN_POINT('',(5.194402513013,1.68146560983));
#5605 = CARTESIAN_POINT('',(5.169947187298,1.673928219106));
#5606 = CARTESIAN_POINT('',(5.145582754208,1.665579720735));
#5607 = CARTESIAN_POINT('',(5.121316455285,1.656464219488));
#5608 = CARTESIAN_POINT('',(5.09715312114,1.646626443505));
#5609 = CARTESIAN_POINT('',(5.011173941399,1.609041248794));
#5610 = CARTESIAN_POINT('',(4.949968418424,1.577482105593));
#5611 = CARTESIAN_POINT('',(4.889496819144,1.542167885782));
#5612 = CARTESIAN_POINT('',(4.829727484113,1.503782849368));
#5613 = CARTESIAN_POINT('',(4.770606228682,1.462885298198));
#5614 = CARTESIAN_POINT('',(4.712032991006,1.419932486757));
#5615 = ( GEOMETRIC_REPRESENTATION_CONTEXT(2) 
PARAMETRIC_REPRESENTATION_CONTEXT() REPRESENTATION_CONTEXT('2D SPACE',''
  ) );
#5616 = ORIENTED_EDGE('',*,*,#5617,.T.);
#5617 = EDGE_CURVE('',#5488,#5486,#5618,.T.);
#5618 = SURFACE_CURVE('',#5619,(#5742,#5868),.PCURVE_S1.);
#5619 = B_SPLINE_CURVE_WITH_KNOTS('',7,(#5620,#5621,#5622,#5623,#5624,
    #5625,#5626,#5627,#5628,#5629,#5630,#5631,#5632,#5633,#5634,#5635,
    #5636,#5637,#5638,#5639,#5640,#5641,#5642,#5643,#5644,#5645,#5646,
    #5647,#5648,#5649,#5650,#5651,#5652,#5653,#5654,#5655,#5656,#5657,
    #5658,#5659,#5660,#5661,#5662,#5663,#5664,#5665,#5666,#5667,#5668,
    #5669,#5670,#5671,#5672,#5673,#5674,#5675,#5676,#5677,#5678,#5679,
    #5680,#5681,#5682,#5683,#5684,#5685,#5686,#5687,#5688,#5689,#5690,
    #5691,#5692,#5693,#5694,#5695,#5696,#5697,#5698,#5699,#5700,#5701,
    #5702,#5703,#5704,#5705,#5706,#5707,#5708,#5709,#5710,#5711,#5712,
    #5713,#5714,#5715,#5716,#5717,#5718,#5719,#5720,#5721,#5722,#5723,
    #5724,#5725,#5726,#5727,#5728,#5729,#5730,#5731,#5732,#5733,#5734,
    #5735,#5736,#5737,#5738,#5739,#5740,#5741),.UNSPECIFIED.,.F.,.F.,(8,
    6,6,6,6,6,6,6,6,6,6,6,6,6,6,6,6,6,6,6,8),(0.,3.220347717883E-02,
    0.106806951629,0.182276404114,0.217079775507,0.249346761222,
    0.269474410289,0.315329592686,0.368543035248,0.389847348342,
    0.443074431827,0.523248561062,0.55973756329,0.61053475155,
    0.653918284021,0.718563322234,0.765071942284,0.808156281827,
    0.846890408779,0.958233102592,1.),.UNSPECIFIED.);
#5620 = CARTESIAN_POINT('',(-5.500747577679,21.900000133065,
    9.419932486757));
#5621 = CARTESIAN_POINT('',(-5.544958880626,21.90001587182,9.4044939402)
  );
#5622 = CARTESIAN_POINT('',(-5.589023401799,21.901117524587,
    9.388797917713));
#5623 = CARTESIAN_POINT('',(-5.632916612406,21.903292008083,
    9.372864033776));
#5624 = CARTESIAN_POINT('',(-5.676615056642,21.906526380868,
    9.356711085187));
#5625 = CARTESIAN_POINT('',(-5.720096351691,21.910807843343,
    9.340357051061));
#5626 = CARTESIAN_POINT('',(-5.763339187725,21.916123737753,
    9.323819092831));
#5627 = CARTESIAN_POINT('',(-5.905901587289,21.937143896793,
    9.268413037089));
#5628 = CARTESIAN_POINT('',(-6.004083525074,21.95730975188,
    9.228816509045));
#5629 = CARTESIAN_POINT('',(-6.1006280382,21.98280536416,9.188524942318)
  );
#5630 = CARTESIAN_POINT('',(-6.195302983305,22.013486420169,
    9.147727351648));
#5631 = CARTESIAN_POINT('',(-6.28788920491,22.049217320806,
    9.106608350345));
#5632 = CARTESIAN_POINT('',(-6.378180316108,22.08987524533,9.06535209347
    ));
#5633 = CARTESIAN_POINT('',(-6.554795283095,22.181370720107,
    8.982454773708));
#5634 = CARTESIAN_POINT('',(-6.641048440488,22.232314418351,
    8.940820668625));
#5635 = CARTESIAN_POINT('',(-6.724535858417,22.288084053227,
    8.899429828828));
#5636 = CARTESIAN_POINT('',(-6.805037093535,22.348581712122,
    8.858484321033));
#5637 = CARTESIAN_POINT('',(-6.882314643387,22.413712994815,
    8.818199379194));
#5638 = CARTESIAN_POINT('',(-6.956112315629,22.483381109278,
    8.778798346054));
#5639 = CARTESIAN_POINT('',(-7.058449090945,22.591650858634,
    8.722841201433));
#5640 = CARTESIAN_POINT('',(-7.089946859614,22.626762806566,
    8.705416145505));
#5641 = CARTESIAN_POINT('',(-7.120615549114,22.662803954197,
    8.688248832557));
#5642 = CARTESIAN_POINT('',(-7.150425347617,22.699761413465,
    8.671361603351));
#5643 = CARTESIAN_POINT('',(-7.179344986197,22.737620549822,
    8.654776685291));
#5644 = CARTESIAN_POINT('',(-7.207341908928,22.776364553614,
    8.638515818836));
#5645 = CARTESIAN_POINT('',(-7.259452328179,22.852696827669,
    8.607843863891));
#5646 = CARTESIAN_POINT('',(-7.28370012847,22.890163529023,8.59338433586
    ));
#5647 = CARTESIAN_POINT('',(-7.307098901087,22.928358399954,
    8.579238007111));
#5648 = CARTESIAN_POINT('',(-7.329620861446,22.967263720809,
    8.565420932492));
#5649 = CARTESIAN_POINT('',(-7.351237663993,23.006859421066,
    8.551948175985));
#5650 = CARTESIAN_POINT('',(-7.371920683057,23.047122732533,
    8.53883347229));
#5651 = CARTESIAN_POINT('',(-7.403942707106,23.113543820616,
    8.518139013136));
#5652 = CARTESIAN_POINT('',(-7.415869676581,23.139309547983,
    8.510333129913));
#5653 = CARTESIAN_POINT('',(-7.427415213415,23.165318777136,
    8.502674204328));
#5654 = CARTESIAN_POINT('',(-7.438572417709,23.191564820828,
    8.495164888176));
#5655 = CARTESIAN_POINT('',(-7.449334478384,23.218040552082,
    8.487807519455));
#5656 = CARTESIAN_POINT('',(-7.459694673179,23.244738404193,
    8.480604122368));
#5657 = CARTESIAN_POINT('',(-7.492318505345,23.332961710659,
    8.457500172552));
#5658 = CARTESIAN_POINT('',(-7.512871226513,23.395386327502,
    8.442251285864));
#5659 = CARTESIAN_POINT('',(-7.531225443477,23.458826531396,
    8.427830772059));
#5660 = CARTESIAN_POINT('',(-7.547307894497,23.523175843583,
    8.414248119844));
#5661 = CARTESIAN_POINT('',(-7.561052788942,23.588318846908,
    8.401501427867));
#5662 = CARTESIAN_POINT('',(-7.57240345146,23.654131036302,
    8.389577550752));
#5663 = CARTESIAN_POINT('',(-7.59165432762,23.79747293192,8.365541691064
    ));
#5664 = CARTESIAN_POINT('',(-7.598709219132,23.87519279209,8.35370583673
    ));
#5665 = CARTESIAN_POINT('',(-7.602406608005,23.953430361441,
    8.342907743875));
#5666 = CARTESIAN_POINT('',(-7.602695960972,24.031974700481,
    8.333088648235));
#5667 = CARTESIAN_POINT('',(-7.599547389088,24.11061354981,
    8.324174086844));
#5668 = CARTESIAN_POINT('',(-7.592950792647,24.189135061351,
    8.316080025332));
#5669 = CARTESIAN_POINT('',(-7.578897120226,24.298635142479,
    8.305771949757));
#5670 = CARTESIAN_POINT('',(-7.574327920789,24.329888766587,
    8.302942407843));
#5671 = CARTESIAN_POINT('',(-7.569207945746,24.361077179083,
    8.300224663502));
#5672 = CARTESIAN_POINT('',(-7.563538150079,24.392187316226,
    8.297613036285));
#5673 = CARTESIAN_POINT('',(-7.557319905795,24.423206273366,
    8.295101861287));
#5674 = CARTESIAN_POINT('',(-7.550555001923,24.454121304942,
    8.29268548914));
#5675 = CARTESIAN_POINT('',(-7.524983812961,24.561867406115,
    8.284543959397));
#5676 = CARTESIAN_POINT('',(-7.503323444083,24.638087327159,
    8.279286635853));
#5677 = CARTESIAN_POINT('',(-7.478298590098,24.713384124842,
    8.274498881863));
#5678 = CARTESIAN_POINT('',(-7.449957831125,24.787568863446,
    8.270098933632));
#5679 = CARTESIAN_POINT('',(-7.418362991722,24.860459321078,
    8.266014008963));
#5680 = CARTESIAN_POINT('',(-7.383587857416,24.931880176436,
    8.262183619121));
#5681 = CARTESIAN_POINT('',(-7.288673154537,25.106774962533,
    8.253109086668));
#5682 = CARTESIAN_POINT('',(-7.22460394199,25.208173730827,
    8.248130531047));
#5683 = CARTESIAN_POINT('',(-7.153800243571,25.305279368018,8.2434709941
    ));
#5684 = CARTESIAN_POINT('',(-7.076608939645,25.397553640664,
    8.239048875497));
#5685 = CARTESIAN_POINT('',(-6.99342531366,25.48449680737,8.234858688681
    ));
#5686 = CARTESIAN_POINT('',(-6.904691734385,25.565648046095,
    8.230959196925));
#5687 = CARTESIAN_POINT('',(-6.768216976411,25.674697310973,
    8.225850255459));
#5688 = CARTESIAN_POINT('',(-6.724483611288,25.707519225428,
    8.224332640436));
#5689 = CARTESIAN_POINT('',(-6.679748580162,25.739016243941,
    8.222905013948));
#5690 = CARTESIAN_POINT('',(-6.634059888555,25.769151309504,
    8.221578334269));
#5691 = CARTESIAN_POINT('',(-6.587467379683,25.797889523244,
    8.220364850035));
#5692 = CARTESIAN_POINT('',(-6.540022734449,25.825198144426,
    8.219278100243));
#5693 = CARTESIAN_POINT('',(-6.42461890352,25.887030813054,
    8.217017098864));
#5694 = CARTESIAN_POINT('',(-6.355910095768,25.920185533207,
    8.21597529573));
#5695 = CARTESIAN_POINT('',(-6.285798037869,25.950428321375,
    8.215246727222));
#5696 = CARTESIAN_POINT('',(-6.21443376816,25.977685788934,
    8.214873517402));
#5697 = CARTESIAN_POINT('',(-6.141974440196,26.00189440546,
    8.214900037044));
#5698 = CARTESIAN_POINT('',(-6.068583389313,26.023001316025,
    8.215372248653));
#5699 = CARTESIAN_POINT('',(-5.931099384207,26.056307246676,
    8.217161045007));
#5700 = CARTESIAN_POINT('',(-5.867212084628,26.069356907905,
    8.218344381081));
#5701 = CARTESIAN_POINT('',(-5.802874078263,26.080088441495,
    8.219916318627));
#5702 = CARTESIAN_POINT('',(-5.738193490338,26.088482573105,
    8.221906827787));
#5703 = CARTESIAN_POINT('',(-5.673280699,26.094526987203,8.224346398729)
  );
#5704 = CARTESIAN_POINT('',(-5.608248240797,26.098216859535,
    8.227265850466));
#5705 = CARTESIAN_POINT('',(-5.446299445363,26.101549909698,
    8.235807553262));
#5706 = CARTESIAN_POINT('',(-5.349371675054,26.098323787387,
    8.242053436001));
#5707 = CARTESIAN_POINT('',(-5.25281253514,26.089886746898,8.24953595491
    ));
#5708 = CARTESIAN_POINT('',(-5.157006114151,26.076291043938,
    8.258357210481));
#5709 = CARTESIAN_POINT('',(-5.062333988405,26.057631684896,
    8.268617538345));
#5710 = CARTESIAN_POINT('',(-4.969172261837,26.034049299307,
    8.280408563021));
#5711 = CARTESIAN_POINT('',(-4.812212375491,25.985365532465,
    8.303436142881));
#5712 = CARTESIAN_POINT('',(-4.747504988317,25.962545238878,
    8.313900758111));
#5713 = CARTESIAN_POINT('',(-4.683901144112,25.937345634587,
    8.325221406122));
#5714 = CARTESIAN_POINT('',(-4.62152813655,25.909849066599,
    8.337420026186));
#5715 = CARTESIAN_POINT('',(-4.56050399607,25.880148294801,
    8.350512335592));
#5716 = CARTESIAN_POINT('',(-4.500937122098,25.84834540761,8.36450622508
    ));
#5717 = CARTESIAN_POINT('',(-4.389185887541,25.783244260789,
    8.393197491228));
#5718 = CARTESIAN_POINT('',(-4.33677882772,25.750227291594,
    8.407767716966));
#5719 = CARTESIAN_POINT('',(-4.28578272749,25.715587239626,
    8.423109953115));
#5720 = CARTESIAN_POINT('',(-4.236263960016,25.679414871041,
    8.439217351553));
#5721 = CARTESIAN_POINT('',(-4.188278199323,25.641802853463,
    8.456077085404));
#5722 = CARTESIAN_POINT('',(-4.141871339656,25.602844300875,
    8.473670340026));
#5723 = CARTESIAN_POINT('',(-4.056812016024,25.526478628685,
    8.508426324281));
#5724 = CARTESIAN_POINT('',(-4.017848920931,25.48931133304,
    8.525453501671));
#5725 = CARTESIAN_POINT('',(-3.980217391559,25.451195787951,
    8.543036247181));
#5726 = CARTESIAN_POINT('',(-3.943936733145,25.412196355469,
    8.561153764731));
#5727 = CARTESIAN_POINT('',(-3.909020319415,25.372374793072,
    8.579782514116));
#5728 = CARTESIAN_POINT('',(-3.875476617835,25.331789643417,
    8.598896673967));
#5729 = CARTESIAN_POINT('',(-3.750846688748,25.17179442407,8.6747288502)
  );
#5730 = CARTESIAN_POINT('',(-3.669813808285,25.047300383076,
    8.73474114634));
#5731 = CARTESIAN_POINT('',(-3.600222372488,24.918229010436,
    8.797888274839));
#5732 = CARTESIAN_POINT('',(-3.541912240025,24.78556363001,
    8.863426581627));
#5733 = CARTESIAN_POINT('',(-3.494706064287,24.650046929756,
    8.930553838959));
#5734 = CARTESIAN_POINT('',(-3.458473577228,24.512213918444,
    8.998471902202));
#5735 = CARTESIAN_POINT('',(-3.423824587981,24.319901786757,
    9.091866075903));
#5736 = CARTESIAN_POINT('',(-3.415926752519,24.267163499178,
    9.117339802331));
#5737 = CARTESIAN_POINT('',(-3.409586224852,24.214167528377,
    9.142766489514));
#5738 = CARTESIAN_POINT('',(-3.404810177607,24.160933513469,
    9.168100496019));
#5739 = CARTESIAN_POINT('',(-3.401609740433,24.107481120553,
    9.19329422749));
#5740 = CARTESIAN_POINT('',(-3.4,24.053830042709,9.218298136639));
#5741 = CARTESIAN_POINT('',(-3.4,24.,9.243060723251));
#5742 = PCURVE('',#2162,#5743);
#5743 = DEFINITIONAL_REPRESENTATION('',(#5744),#5867);
#5744 = B_SPLINE_CURVE_WITH_KNOTS('',7,(#5745,#5746,#5747,#5748,#5749,
    #5750,#5751,#5752,#5753,#5754,#5755,#5756,#5757,#5758,#5759,#5760,
    #5761,#5762,#5763,#5764,#5765,#5766,#5767,#5768,#5769,#5770,#5771,
    #5772,#5773,#5774,#5775,#5776,#5777,#5778,#5779,#5780,#5781,#5782,
    #5783,#5784,#5785,#5786,#5787,#5788,#5789,#5790,#5791,#5792,#5793,
    #5794,#5795,#5796,#5797,#5798,#5799,#5800,#5801,#5802,#5803,#5804,
    #5805,#5806,#5807,#5808,#5809,#5810,#5811,#5812,#5813,#5814,#5815,
    #5816,#5817,#5818,#5819,#5820,#5821,#5822,#5823,#5824,#5825,#5826,
    #5827,#5828,#5829,#5830,#5831,#5832,#5833,#5834,#5835,#5836,#5837,
    #5838,#5839,#5840,#5841,#5842,#5843,#5844,#5845,#5846,#5847,#5848,
    #5849,#5850,#5851,#5852,#5853,#5854,#5855,#5856,#5857,#5858,#5859,
    #5860,#5861,#5862,#5863,#5864,#5865,#5866),.UNSPECIFIED.,.F.,.F.,(8,
    6,6,6,6,6,6,6,6,6,6,6,6,6,6,6,6,6,6,6,8),(0.,3.220347717883E-02,
    0.106806951629,0.182276404114,0.217079775507,0.249346761222,
    0.269474410289,0.315329592686,0.368543035248,0.389847348342,
    0.443074431827,0.523248561062,0.55973756329,0.61053475155,
    0.653918284021,0.718563322234,0.765071942284,0.808156281827,
    0.846890408779,0.958233102592,1.),.UNSPECIFIED.);
#5745 = CARTESIAN_POINT('',(0.194402912351,0.132352960745));
#5746 = CARTESIAN_POINT('',(0.191946728854,0.132355275268));
#5747 = CARTESIAN_POINT('',(0.1894986999,0.132517283027));
#5748 = CARTESIAN_POINT('',(0.1870601882,0.132837060012));
#5749 = CARTESIAN_POINT('',(0.184632496853,0.133312703069));
#5750 = CARTESIAN_POINT('',(0.182216869351,0.133942329903));
#5751 = CARTESIAN_POINT('',(0.179814489571,0.134724079081));
#5752 = CARTESIAN_POINT('',(0.171894356262,0.13781527894));
#5753 = CARTESIAN_POINT('',(0.166439804163,0.140780845865));
#5754 = CARTESIAN_POINT('',(0.1610762201,0.144530200612));
#5755 = CARTESIAN_POINT('',(0.155816500927,0.149042120613));
#5756 = CARTESIAN_POINT('',(0.150672821949,0.154296664824));
#5757 = CARTESIAN_POINT('',(0.145656649105,0.160275771372));
#5758 = CARTESIAN_POINT('',(0.135844706495,0.173730988251));
#5759 = CARTESIAN_POINT('',(0.131052864417,0.181222708581));
#5760 = CARTESIAN_POINT('',(0.126414674532,0.189424125475));
#5761 = CARTESIAN_POINT('',(0.121942383692,0.198320840018));
#5762 = CARTESIAN_POINT('',(0.117649186478,0.207898969826));
#5763 = CARTESIAN_POINT('',(0.113549315798,0.218144280776));
#5764 = CARTESIAN_POINT('',(0.107863939392,0.23406630274));
#5765 = CARTESIAN_POINT('',(0.106114063355,0.239229824495));
#5766 = CARTESIAN_POINT('',(0.104410247271,0.244529993264));
#5767 = CARTESIAN_POINT('',(0.102754147355,0.249964913745));
#5768 = CARTESIAN_POINT('',(0.101147500767,0.255532433797));
#5769 = CARTESIAN_POINT('',(9.959211617068E-02,0.261230081414));
#5770 = CARTESIAN_POINT('',(9.669709287897E-02,0.272455415834));
#5771 = CARTESIAN_POINT('',(9.53499928628E-02,0.277965224856));
#5772 = CARTESIAN_POINT('',(9.405006105073E-02,0.28358211764));
#5773 = CARTESIAN_POINT('',(9.279884103076E-02,0.289303488354));
#5774 = CARTESIAN_POINT('',(9.159790755593E-02,0.295126385451));
#5775 = CARTESIAN_POINT('',(9.044885094129E-02,0.301047460667));
#5776 = CARTESIAN_POINT('',(8.866984960524E-02,0.310815267738));
#5777 = CARTESIAN_POINT('',(8.800724018992E-02,0.314604345292));
#5778 = CARTESIAN_POINT('',(8.736582147692E-02,0.318429231932));
#5779 = CARTESIAN_POINT('',(8.674597679392E-02,0.322288944239));
#5780 = CARTESIAN_POINT('',(8.614808453421E-02,0.32618243413));
#5781 = CARTESIAN_POINT('',(8.557251815674E-02,0.330108588852));
#5782 = CARTESIAN_POINT('',(8.37600830364E-02,0.343082604509));
#5783 = CARTESIAN_POINT('',(8.261826519372E-02,0.352262695221));
#5784 = CARTESIAN_POINT('',(8.159858647351E-02,0.36159213697));
#5785 = CARTESIAN_POINT('',(8.070511697239E-02,0.371055271115));
#5786 = CARTESIAN_POINT('',(7.994151172543E-02,0.380635124545));
#5787 = CARTESIAN_POINT('',(7.931091936332E-02,0.390313387691));
#5788 = CARTESIAN_POINT('',(7.824142624336E-02,0.411393078224));
#5789 = CARTESIAN_POINT('',(7.784948782601E-02,0.422822469425));
#5790 = CARTESIAN_POINT('',(7.764407733304E-02,0.43432799433));
#5791 = CARTESIAN_POINT('',(7.76280021682E-02,0.445878632424));
#5792 = CARTESIAN_POINT('',(7.780292282842E-02,0.45744316909));
#5793 = CARTESIAN_POINT('',(7.81694004085E-02,0.468990450199));
#5794 = CARTESIAN_POINT('',(7.895015998747E-02,0.485093403306));
#5795 = CARTESIAN_POINT('',(7.920400440059E-02,0.489689524498));
#5796 = CARTESIAN_POINT('',(7.948844745855E-02,0.494276055747));
#5797 = CARTESIAN_POINT('',(7.980343610671E-02,0.498851075916));
#5798 = CARTESIAN_POINT('',(8.014889412249E-02,0.50341268726));
#5799 = CARTESIAN_POINT('',(8.052472211542E-02,0.507959015433));
#5800 = CARTESIAN_POINT('',(8.194534372436E-02,0.523804030311));
#5801 = CARTESIAN_POINT('',(8.314869755094E-02,0.535012842229));
#5802 = CARTESIAN_POINT('',(8.453896721679E-02,0.546085900712));
#5803 = CARTESIAN_POINT('',(8.611345382637E-02,0.556995421095));
#5804 = CARTESIAN_POINT('',(8.786872268211E-02,0.567714606041));
#5805 = CARTESIAN_POINT('',(8.980067458799E-02,0.578217673005));
#5806 = CARTESIAN_POINT('',(9.507371363686E-02,0.60393749449));
#5807 = CARTESIAN_POINT('',(9.863311433391E-02,0.618849078063));
#5808 = CARTESIAN_POINT('',(0.102566653135,0.633129318826));
#5809 = CARTESIAN_POINT('',(0.106855058909,0.646699064803));
#5810 = CARTESIAN_POINT('',(0.111476371463,0.659484824613));
#5811 = CARTESIAN_POINT('',(0.116406014756,0.671418830308));
#5812 = CARTESIAN_POINT('',(0.123987945755,0.687455486908));
#5813 = CARTESIAN_POINT('',(0.126417577151,0.692282239034));
#5814 = CARTESIAN_POINT('',(0.128902856658,0.696914153521));
#5815 = CARTESIAN_POINT('',(0.131441117302,0.701345780809));
#5816 = CARTESIAN_POINT('',(0.134029590018,0.705571988712));
#5817 = CARTESIAN_POINT('',(0.136665403642,0.709587962416));
#5818 = CARTESIAN_POINT('',(0.143076727582,0.71868100192));
#5819 = CARTESIAN_POINT('',(0.146893883568,0.72355669606));
#5820 = CARTESIAN_POINT('',(0.150788997896,0.728004164908));
#5821 = CARTESIAN_POINT('',(0.154753679547,0.73201261602));
#5822 = CARTESIAN_POINT('',(0.158779197767,0.735572706685));
#5823 = CARTESIAN_POINT('',(0.162856478371,0.738676664121));
#5824 = CARTESIAN_POINT('',(0.170494478655,0.743574595099));
#5825 = CARTESIAN_POINT('',(0.174043773076,0.745493662927));
#5826 = CARTESIAN_POINT('',(0.177618106763,0.747071829632));
#5827 = CARTESIAN_POINT('',(0.181211472759,0.748306260751));
#5828 = CARTESIAN_POINT('',(0.184817738944,0.749195145177));
#5829 = CARTESIAN_POINT('',(0.188430653289,0.749737773461));
#5830 = CARTESIAN_POINT('',(0.197427808591,0.750227927897));
#5831 = CARTESIAN_POINT('',(0.202812684719,0.749753498145));
#5832 = CARTESIAN_POINT('',(0.208177081381,0.748512756897));
#5833 = CARTESIAN_POINT('',(0.213499660325,0.746513388814));
#5834 = CARTESIAN_POINT('',(0.218759222866,0.743769365426));
#5835 = CARTESIAN_POINT('',(0.223934874342,0.740301367545));
#5836 = CARTESIAN_POINT('',(0.232654868028,0.733141990068));
#5837 = CARTESIAN_POINT('',(0.236249722871,0.729786064541));
#5838 = CARTESIAN_POINT('',(0.239783269772,0.72608024038));
#5839 = CARTESIAN_POINT('',(0.243248436858,0.722036627441));
#5840 = CARTESIAN_POINT('',(0.246638666885,0.717668866882));
#5841 = CARTESIAN_POINT('',(0.249947937661,0.712991971707));
#5842 = CARTESIAN_POINT('',(0.256156339581,0.703418273645));
#5843 = CARTESIAN_POINT('',(0.259067842904,0.698562836999));
#5844 = CARTESIAN_POINT('',(0.261900959584,0.69346871171));
#5845 = CARTESIAN_POINT('',(0.264652002221,0.688149245741));
#5846 = CARTESIAN_POINT('',(0.267317877815,0.682618066686));
#5847 = CARTESIAN_POINT('',(0.269896036686,0.676888867776));
#5848 = CARTESIAN_POINT('',(0.274621554665,0.665658621865));
#5849 = CARTESIAN_POINT('',(0.276786171059,0.660192843094));
#5850 = CARTESIAN_POINT('',(0.27887681158,0.654587615875));
#5851 = CARTESIAN_POINT('',(0.280892403714,0.648852405216));
#5852 = CARTESIAN_POINT('',(0.282832204477,0.642996293099));
#5853 = CARTESIAN_POINT('',(0.284695743454,0.637027888738));
#5854 = CARTESIAN_POINT('',(0.291619628403,0.61349918001));
#5855 = CARTESIAN_POINT('',(0.296121455095,0.595191232805));
#5856 = CARTESIAN_POINT('',(0.299987645973,0.576210148594));
#5857 = CARTESIAN_POINT('',(0.303227097776,0.556700533825));
#5858 = CARTESIAN_POINT('',(0.305849663095,0.536771607317));
#5859 = CARTESIAN_POINT('',(0.307862579043,0.51650204683));
#5860 = CARTESIAN_POINT('',(0.30978752289,0.488220850994));
#5861 = CARTESIAN_POINT('',(0.310226291527,0.480465220467));
#5862 = CARTESIAN_POINT('',(0.310578543064,0.47267169535));
#5863 = CARTESIAN_POINT('',(0.310843879022,0.464843163745));
#5864 = CARTESIAN_POINT('',(0.311021681087,0.456982517728));
#5865 = CARTESIAN_POINT('',(0.311111111111,0.44909265334));
#5866 = CARTESIAN_POINT('',(0.311111111111,0.441176470588));
#5867 = ( GEOMETRIC_REPRESENTATION_CONTEXT(2) 
PARAMETRIC_REPRESENTATION_CONTEXT() REPRESENTATION_CONTEXT('2D SPACE',''
  ) );
#5868 = PCURVE('',#5571,#5869);
#5869 = DEFINITIONAL_REPRESENTATION('',(#5870),#5993);
#5870 = B_SPLINE_CURVE_WITH_KNOTS('',7,(#5871,#5872,#5873,#5874,#5875,
    #5876,#5877,#5878,#5879,#5880,#5881,#5882,#5883,#5884,#5885,#5886,
    #5887,#5888,#5889,#5890,#5891,#5892,#5893,#5894,#5895,#5896,#5897,
    #5898,#5899,#5900,#5901,#5902,#5903,#5904,#5905,#5906,#5907,#5908,
    #5909,#5910,#5911,#5912,#5913,#5914,#5915,#5916,#5917,#5918,#5919,
    #5920,#5921,#5922,#5923,#5924,#5925,#5926,#5927,#5928,#5929,#5930,
    #5931,#5932,#5933,#5934,#5935,#5936,#5937,#5938,#5939,#5940,#5941,
    #5942,#5943,#5944,#5945,#5946,#5947,#5948,#5949,#5950,#5951,#5952,
    #5953,#5954,#5955,#5956,#5957,#5958,#5959,#5960,#5961,#5962,#5963,
    #5964,#5965,#5966,#5967,#5968,#5969,#5970,#5971,#5972,#5973,#5974,
    #5975,#5976,#5977,#5978,#5979,#5980,#5981,#5982,#5983,#5984,#5985,
    #5986,#5987,#5988,#5989,#5990,#5991,#5992),.UNSPECIFIED.,.F.,.F.,(8,
    6,6,6,6,6,6,6,6,6,6,6,6,6,6,6,6,6,6,6,8),(0.,3.220347717883E-02,
    0.106806951629,0.182276404114,0.217079775507,0.249346761222,
    0.269474410289,0.315329592686,0.368543035248,0.389847348342,
    0.443074431827,0.523248561062,0.55973756329,0.61053475155,
    0.653918284021,0.718563322234,0.765071942284,0.808156281827,
    0.846890408779,0.958233102592,1.),.UNSPECIFIED.);
#5871 = CARTESIAN_POINT('',(4.712032991006,1.419932486757));
#5872 = CARTESIAN_POINT('',(4.690979988269,1.4044939402));
#5873 = CARTESIAN_POINT('',(4.669996673101,1.388797917713));
#5874 = CARTESIAN_POINT('',(4.649079544933,1.372864033776));
#5875 = CARTESIAN_POINT('',(4.628224975626,1.356711085187));
#5876 = CARTESIAN_POINT('',(4.607429209474,1.340357051061));
#5877 = CARTESIAN_POINT('',(4.586688363201,1.323819092831));
#5878 = CARTESIAN_POINT('',(4.518067539629,1.268413037089));
#5879 = CARTESIAN_POINT('',(4.470413547513,1.228816509045));
#5880 = CARTESIAN_POINT('',(4.422980961967,1.188524942318));
#5881 = CARTESIAN_POINT('',(4.375718412736,1.147727351648));
#5882 = CARTESIAN_POINT('',(4.328573977073,1.106608350345));
#5883 = CARTESIAN_POINT('',(4.281491150204,1.06535209347));
#5884 = CARTESIAN_POINT('',(4.18677320339,0.982454773708));
#5885 = CARTESIAN_POINT('',(4.139144698986,0.940820668625));
#5886 = CARTESIAN_POINT('',(4.091452038331,0.899429828828));
#5887 = CARTESIAN_POINT('',(4.043633387019,0.858484321033));
#5888 = CARTESIAN_POINT('',(3.99562911172,0.818199379194));
#5889 = CARTESIAN_POINT('',(3.947379971815,0.778798346054));
#5890 = CARTESIAN_POINT('',(3.876436932788,0.722841201433));
#5891 = CARTESIAN_POINT('',(3.853982896778,0.705416145505));
#5892 = CARTESIAN_POINT('',(3.831460164037,0.688248832557));
#5893 = CARTESIAN_POINT('',(3.808864130303,0.671361603351));
#5894 = CARTESIAN_POINT('',(3.786190741441,0.654776685291));
#5895 = CARTESIAN_POINT('',(3.763436548125,0.638515818836));
#5896 = CARTESIAN_POINT('',(3.71942533574,0.607843863891));
#5897 = CARTESIAN_POINT('',(3.698180068503,0.59338433586));
#5898 = CARTESIAN_POINT('',(3.67686088088,0.579238007111));
#5899 = CARTESIAN_POINT('',(3.655466210329,0.565420932492));
#5900 = CARTESIAN_POINT('',(3.633995089964,0.551948175985));
#5901 = CARTESIAN_POINT('',(3.612447228807,0.53883347229));
#5902 = CARTESIAN_POINT('',(3.577334288365,0.518139013136));
#5903 = CARTESIAN_POINT('',(3.563815792515,0.510333129913));
#5904 = CARTESIAN_POINT('',(3.55026771513,0.502674204328));
#5905 = CARTESIAN_POINT('',(3.536690264231,0.495164888176));
#5906 = CARTESIAN_POINT('',(3.52308374523,0.487807519455));
#5907 = CARTESIAN_POINT('',(3.509448560931,0.480604122368));
#5908 = CARTESIAN_POINT('',(3.464657116198,0.457500172552));
#5909 = CARTESIAN_POINT('',(3.433381817227,0.442251285864));
#5910 = CARTESIAN_POINT('',(3.401966813302,0.427830772059));
#5911 = CARTESIAN_POINT('',(3.370420321653,0.414248119844));
#5912 = CARTESIAN_POINT('',(3.338751724932,0.401501427867));
#5913 = CARTESIAN_POINT('',(3.306972018094,0.389577550752));
#5914 = CARTESIAN_POINT('',(3.238101151925,0.365541691064));
#5915 = CARTESIAN_POINT('',(3.200973859748,0.35370583673));
#5916 = CARTESIAN_POINT('',(3.163732313363,0.342907743875));
#5917 = CARTESIAN_POINT('',(3.126393958747,0.333088648235));
#5918 = CARTESIAN_POINT('',(3.088974293698,0.324174086844));
#5919 = CARTESIAN_POINT('',(3.051487408312,0.316080025332));
#5920 = CARTESIAN_POINT('',(2.998916813349,0.305771949757));
#5921 = CARTESIAN_POINT('',(2.983878241502,0.302942407843));
#5922 = CARTESIAN_POINT('',(2.968831530009,0.300224663502));
#5923 = CARTESIAN_POINT('',(2.953777335829,0.297613036285));
#5924 = CARTESIAN_POINT('',(2.93871625279,0.295101861287));
#5925 = CARTESIAN_POINT('',(2.923648811589,0.29268548914));
#5926 = CARTESIAN_POINT('',(2.870915993358,0.284543959397));
#5927 = CARTESIAN_POINT('',(2.833219963266,0.279286635853));
#5928 = CARTESIAN_POINT('',(2.795494395188,0.274498881863));
#5929 = CARTESIAN_POINT('',(2.75774425667,0.270098933632));
#5930 = CARTESIAN_POINT('',(2.719972899923,0.266014008963));
#5931 = CARTESIAN_POINT('',(2.68218248462,0.262183619121));
#5932 = CARTESIAN_POINT('',(2.587425381336,0.253109086668));
#5933 = CARTESIAN_POINT('',(2.530434660092,0.248130531047));
#5934 = CARTESIAN_POINT('',(2.473409322825,0.2434709941));
#5935 = CARTESIAN_POINT('',(2.416350098687,0.239048875497));
#5936 = CARTESIAN_POINT('',(2.359254772463,0.234858688681));
#5937 = CARTESIAN_POINT('',(2.302121746173,0.230959196925));
#5938 = CARTESIAN_POINT('',(2.218935342731,0.225850255459));
#5939 = CARTESIAN_POINT('',(2.192909344313,0.224332640436));
#5940 = CARTESIAN_POINT('',(2.166875717378,0.222905013948));
#5941 = CARTESIAN_POINT('',(2.140834515568,0.221578334269));
#5942 = CARTESIAN_POINT('',(2.114785883465,0.220364850035));
#5943 = CARTESIAN_POINT('',(2.0887300566,0.219278100243));
#5944 = CARTESIAN_POINT('',(2.026384877649,0.217017098864));
#5945 = CARTESIAN_POINT('',(1.990088862787,0.21597529573));
#5946 = CARTESIAN_POINT('',(1.953780741862,0.215246727222));
#5947 = CARTESIAN_POINT('',(1.917462097339,0.214873517402));
#5948 = CARTESIAN_POINT('',(1.881135117975,0.214900037044));
#5949 = CARTESIAN_POINT('',(1.844803047635,0.215372248653));
#5950 = CARTESIAN_POINT('',(1.777440797704,0.217161045007));
#5951 = CARTESIAN_POINT('',(1.746410428403,0.218344381081));
#5952 = CARTESIAN_POINT('',(1.715382587555,0.219916318627));
#5953 = CARTESIAN_POINT('',(1.684360643284,0.221906827787));
#5954 = CARTESIAN_POINT('',(1.653348548479,0.224346398729));
#5955 = CARTESIAN_POINT('',(1.622351118785,0.227265850466));
#5956 = CARTESIAN_POINT('',(1.545216313847,0.235807553262));
#5957 = CARTESIAN_POINT('',(1.49910162341,0.242053436001));
#5958 = CARTESIAN_POINT('',(1.453052828734,0.24953595491));
#5959 = CARTESIAN_POINT('',(1.407093122381,0.258357210481));
#5960 = CARTESIAN_POINT('',(1.361248525479,0.268617538345));
#5961 = CARTESIAN_POINT('',(1.31555041674,0.280408563021));
#5962 = CARTESIAN_POINT('',(1.237294897312,0.303436142881));
#5963 = CARTESIAN_POINT('',(1.204645764567,0.313900758111));
#5964 = CARTESIAN_POINT('',(1.17210552995,0.325221406122));
#5965 = CARTESIAN_POINT('',(1.139687898129,0.337420026186));
#5966 = CARTESIAN_POINT('',(1.10740612658,0.350512335592));
#5967 = CARTESIAN_POINT('',(1.07527343688,0.36450622508));
#5968 = CARTESIAN_POINT('',(1.01368726448,0.393197491228));
#5969 = CARTESIAN_POINT('',(0.984209582725,0.407767716966));
#5970 = CARTESIAN_POINT('',(0.954880928616,0.423109953115));
#5971 = CARTESIAN_POINT('',(0.925709809398,0.439217351553));
#5972 = CARTESIAN_POINT('',(0.896702964656,0.456077085404));
#5973 = CARTESIAN_POINT('',(0.867865639277,0.473670340026));
#5974 = CARTESIAN_POINT('',(0.813432246943,0.508426324281));
#5975 = CARTESIAN_POINT('',(0.787802397126,0.525453501671));
#5976 = CARTESIAN_POINT('',(0.762314733981,0.543036247181));
#5977 = CARTESIAN_POINT('',(0.736970033484,0.561153764731));
#5978 = CARTESIAN_POINT('',(0.711767557074,0.579782514116));
#5979 = CARTESIAN_POINT('',(0.686705188149,0.598896673967));
#5980 = CARTESIAN_POINT('',(0.590129944684,0.6747288502));
#5981 = CARTESIAN_POINT('',(0.519649141741,0.73474114634));
#5982 = CARTESIAN_POINT('',(0.450195761654,0.797888274839));
#5983 = CARTESIAN_POINT('',(0.381581222041,0.863426581627));
#5984 = CARTESIAN_POINT('',(0.313580306165,0.930553838959));
#5985 = CARTESIAN_POINT('',(0.245926210539,0.998471902202));
#5986 = CARTESIAN_POINT('',(0.152874511489,1.091866075903));
#5987 = CARTESIAN_POINT('',(0.127491932555,1.117339802331));
#5988 = CARTESIAN_POINT('',(0.102093639749,1.142766489514));
#5989 = CARTESIAN_POINT('',(7.666262872257E-02,1.168100496019));
#5990 = CARTESIAN_POINT('',(5.118167893919E-02,1.19329422749));
#5991 = CARTESIAN_POINT('',(2.563335367102E-02,1.218298136639));
#5992 = CARTESIAN_POINT('',(0.,1.243060723251));
#5993 = ( GEOMETRIC_REPRESENTATION_CONTEXT(2) 
PARAMETRIC_REPRESENTATION_CONTEXT() REPRESENTATION_CONTEXT('2D SPACE',''
  ) );
#5994 = FACE_BOUND('',#5995,.T.);
#5995 = EDGE_LOOP('',(#5996,#6167));
#5996 = ORIENTED_EDGE('',*,*,#5997,.T.);
#5997 = EDGE_CURVE('',#5998,#6000,#6002,.T.);
#5998 = VERTEX_POINT('',#5999);
#5999 = CARTESIAN_POINT('',(7.6,24.,8.337805278513));
#6000 = VERTEX_POINT('',#6001);
#6001 = CARTESIAN_POINT('',(4.246230818799,22.315344889816,
    9.713312968145));
#6002 = SURFACE_CURVE('',#6003,(#6054,#6108),.PCURVE_S1.);
#6003 = B_SPLINE_CURVE_WITH_KNOTS('',7,(#6004,#6005,#6006,#6007,#6008,
    #6009,#6010,#6011,#6012,#6013,#6014,#6015,#6016,#6017,#6018,#6019,
    #6020,#6021,#6022,#6023,#6024,#6025,#6026,#6027,#6028,#6029,#6030,
    #6031,#6032,#6033,#6034,#6035,#6036,#6037,#6038,#6039,#6040,#6041,
    #6042,#6043,#6044,#6045,#6046,#6047,#6048,#6049,#6050,#6051,#6052,
    #6053),.UNSPECIFIED.,.F.,.F.,(8,6,6,6,6,6,6,6,8),(0.,
    5.744446455409E-02,0.263746005673,0.336808349854,0.498205016033,
    0.671602135231,0.742031503238,0.839083930743,1.),.UNSPECIFIED.);
#6004 = CARTESIAN_POINT('',(7.6,24.,8.337805278513));
#6005 = CARTESIAN_POINT('',(7.6,23.959700177857,8.342843166415));
#6006 = CARTESIAN_POINT('',(7.59909773343,23.919449448457,8.348126919728
    ));
#6007 = CARTESIAN_POINT('',(7.597297165727,23.879276892897,
    8.353666526651));
#6008 = CARTESIAN_POINT('',(7.59460370041,23.839211300041,8.359470814639
    ));
#6009 = CARTESIAN_POINT('',(7.591024179076,23.799281166523,
    8.365547450411));
#6010 = CARTESIAN_POINT('',(7.586566881402,23.759514696745,
    8.371902939941));
#6011 = CARTESIAN_POINT('',(7.562116458678,23.577813635321,8.40238788467
    ));
#6012 = CARTESIAN_POINT('',(7.531789789089,23.438115329654,
    8.429904611661));
#6013 = CARTESIAN_POINT('',(7.490712491213,23.302234971513,
    8.461317938766));
#6014 = CARTESIAN_POINT('',(7.439594533542,23.171285458025,
    8.496638117369));
#6015 = CARTESIAN_POINT('',(7.379240859007,23.046120762707,8.53560959369
    ));
#6016 = CARTESIAN_POINT('',(7.310483962569,22.927403465507,
    8.577811245168));
#6017 = CARTESIAN_POINT('',(7.20712701256,22.776065943214,8.638640750074
    ));
#6018 = CARTESIAN_POINT('',(7.179140917611,22.737351003005,
    8.654893950057));
#6019 = CARTESIAN_POINT('',(7.150233391151,22.699519956452,
    8.671470696415));
#6020 = CARTESIAN_POINT('',(7.120436924862,22.662589573314,
    8.688349285864));
#6021 = CARTESIAN_POINT('',(7.089782726099,22.62657445508,8.705507530424
    ));
#6022 = CARTESIAN_POINT('',(7.058300548503,22.591487462153,
    8.722923129725));
#6023 = CARTESIAN_POINT('',(6.954706666767,22.481907798328,
    8.779565381985));
#6024 = CARTESIAN_POINT('',(6.879498676679,22.411068254322,
    8.819701172306));
#6025 = CARTESIAN_POINT('',(6.800689341771,22.344933230342,
    8.860748712201));
#6026 = CARTESIAN_POINT('',(6.718548303825,22.283604603376,8.90247238367
    ));
#6027 = CARTESIAN_POINT('',(6.633325461226,22.227182038606,
    8.944645360167));
#6028 = CARTESIAN_POINT('',(6.545252793598,22.175769281123,
    8.987055004251));
#6029 = CARTESIAN_POINT('',(6.357087774329,22.079747082888,9.07510499827
    ));
#6030 = CARTESIAN_POINT('',(6.256606418513,22.035936908695,
    9.120742769284));
#6031 = CARTESIAN_POINT('',(6.153363813537,21.998184820632,
    9.166167938867));
#6032 = CARTESIAN_POINT('',(6.047640167679,21.966661880524,
    9.211131693416));
#6033 = CARTESIAN_POINT('',(5.939738074952,21.941557530993,
    9.255382968548));
#6034 = CARTESIAN_POINT('',(5.829982474907,21.923072412462,
    9.298661239053));
#6035 = CARTESIAN_POINT('',(5.673518423416,21.906687716541,
    9.357750949709));
#6036 = CARTESIAN_POINT('',(5.628076166007,21.903082455631,
    9.374610838091));
#6037 = CARTESIAN_POINT('',(5.582410401822,21.900619148647,
    9.391243229444));
#6038 = CARTESIAN_POINT('',(5.536546594594,21.899312321666,
    9.407627702865));
#6039 = CARTESIAN_POINT('',(5.490511618372,21.89917653728,9.423742717901
    ));
#6040 = CARTESIAN_POINT('',(5.44433375752,21.900226394599,9.439565614555
    ));
#6041 = CARTESIAN_POINT('',(5.334253140244,21.905577239029,
    9.476441424514));
#6042 = CARTESIAN_POINT('',(5.270250106739,21.910956965114,
    9.497209735278));
#6043 = CARTESIAN_POINT('',(5.206110365539,21.918653369016,
    9.517315503611));
#6044 = CARTESIAN_POINT('',(5.141919480412,21.928703504709,
    9.536690439789));
#6045 = CARTESIAN_POINT('',(5.077771700515,21.941141848229,9.55526035434
    ));
#6046 = CARTESIAN_POINT('',(5.013769841354,21.955998327273,
    9.572945506042));
#6047 = CARTESIAN_POINT('',(4.844334428278,22.001977034254,
    9.617375697478));
#6048 = CARTESIAN_POINT('',(4.739327020376,22.037375800105,
    9.642431118722));
#6049 = CARTESIAN_POINT('',(4.635545058243,22.079596704172,9.66442905671
    ));
#6050 = CARTESIAN_POINT('',(4.533615403186,22.128670068904,
    9.682936601084));
#6051 = CARTESIAN_POINT('',(4.43424173124,22.18452106447,9.697502808651)
  );
#6052 = CARTESIAN_POINT('',(4.338184786595,22.246910080688,
    9.707717619426));
#6053 = CARTESIAN_POINT('',(4.246230818799,22.315344889816,
    9.713312968145));
#6054 = PCURVE('',#2162,#6055);
#6055 = DEFINITIONAL_REPRESENTATION('',(#6056),#6107);
#6056 = B_SPLINE_CURVE_WITH_KNOTS('',7,(#6057,#6058,#6059,#6060,#6061,
    #6062,#6063,#6064,#6065,#6066,#6067,#6068,#6069,#6070,#6071,#6072,
    #6073,#6074,#6075,#6076,#6077,#6078,#6079,#6080,#6081,#6082,#6083,
    #6084,#6085,#6086,#6087,#6088,#6089,#6090,#6091,#6092,#6093,#6094,
    #6095,#6096,#6097,#6098,#6099,#6100,#6101,#6102,#6103,#6104,#6105,
    #6106),.UNSPECIFIED.,.F.,.F.,(8,6,6,6,6,6,6,6,8),(0.,
    5.744446455409E-02,0.263746005673,0.336808349854,0.498205016033,
    0.671602135231,0.742031503238,0.839083930743,1.),.UNSPECIFIED.);
#6057 = CARTESIAN_POINT('',(0.922222222222,0.441176470588));
#6058 = CARTESIAN_POINT('',(0.922222222222,0.435250026155));
#6059 = CARTESIAN_POINT('',(0.922172096302,0.429330801244));
#6060 = CARTESIAN_POINT('',(0.922072064763,0.423423072485));
#6061 = CARTESIAN_POINT('',(0.921922427801,0.417531073535));
#6062 = CARTESIAN_POINT('',(0.921723565504,0.411658995077));
#6063 = CARTESIAN_POINT('',(0.921475937856,0.405810984815));
#6064 = CARTESIAN_POINT('',(0.920117581038,0.379090240488));
#6065 = CARTESIAN_POINT('',(0.91843276606,0.358546372008));
#6066 = CARTESIAN_POINT('',(0.916150693956,0.338563966399));
#6067 = CARTESIAN_POINT('',(0.913310807419,0.319306685004));
#6068 = CARTESIAN_POINT('',(0.9099578255,0.300900112163));
#6069 = CARTESIAN_POINT('',(0.90613799792,0.283441686104));
#6070 = CARTESIAN_POINT('',(0.900395945142,0.26118616812));
#6071 = CARTESIAN_POINT('',(0.89884116209,0.255492794559));
#6072 = CARTESIAN_POINT('',(0.897235188397,0.249929405361));
#6073 = CARTESIAN_POINT('',(0.895579829159,0.244498466664));
#6074 = CARTESIAN_POINT('',(0.893876818117,0.239202125747));
#6075 = CARTESIAN_POINT('',(0.89212780825,0.234042273846));
#6076 = CARTESIAN_POINT('',(0.886372592598,0.217927617401));
#6077 = CARTESIAN_POINT('',(0.882194370927,0.2075100374));
#6078 = CARTESIAN_POINT('',(0.877816074543,0.19778429858));
#6079 = CARTESIAN_POINT('',(0.873252683546,0.188765382849));
#6080 = CARTESIAN_POINT('',(0.868518081179,0.180467946854));
#6081 = CARTESIAN_POINT('',(0.8636251552,0.172907247224));
#6082 = CARTESIAN_POINT('',(0.853171543018,0.158786335719));
#6083 = CARTESIAN_POINT('',(0.847589245473,0.152343663043));
#6084 = CARTESIAN_POINT('',(0.841853545196,0.146791885387));
#6085 = CARTESIAN_POINT('',(0.835980009315,0.142156158901));
#6086 = CARTESIAN_POINT('',(0.829985448608,0.138464342793));
#6087 = CARTESIAN_POINT('',(0.823887915273,0.135745943009));
#6088 = CARTESIAN_POINT('',(0.815195467968,0.133336428903));
#6089 = CARTESIAN_POINT('',(0.812670898111,0.132806243475));
#6090 = CARTESIAN_POINT('',(0.810133911212,0.132443992448));
#6091 = CARTESIAN_POINT('',(0.807585921922,0.13225181201));
#6092 = CARTESIAN_POINT('',(0.805028423243,0.132231843718));
#6093 = CARTESIAN_POINT('',(0.802462986529,0.1323862345));
#6094 = CARTESIAN_POINT('',(0.79634739668,0.133173123387));
#6095 = CARTESIAN_POINT('',(0.792791672597,0.133964259576));
#6096 = CARTESIAN_POINT('',(0.789228353641,0.135096083679));
#6097 = CARTESIAN_POINT('',(0.785662193356,0.13657404481));
#6098 = CARTESIAN_POINT('',(0.782098427806,0.138403212975));
#6099 = CARTESIAN_POINT('',(0.778542768964,0.140587989305));
#6100 = CARTESIAN_POINT('',(0.76912969046,0.147349563861));
#6101 = CARTESIAN_POINT('',(0.763295945576,0.152555264721));
#6102 = CARTESIAN_POINT('',(0.757530281014,0.158764221202));
#6103 = CARTESIAN_POINT('',(0.751867522399,0.165980892486));
#6104 = CARTESIAN_POINT('',(0.746346762847,0.174194274187));
#6105 = CARTESIAN_POINT('',(0.741010265922,0.183369129513));
#6106 = CARTESIAN_POINT('',(0.735901712155,0.193433072032));
#6107 = ( GEOMETRIC_REPRESENTATION_CONTEXT(2) 
PARAMETRIC_REPRESENTATION_CONTEXT() REPRESENTATION_CONTEXT('2D SPACE',''
  ) );
#6108 = PCURVE('',#6109,#6114);
#6109 = CYLINDRICAL_SURFACE('',#6110,2.1);
#6110 = AXIS2_PLACEMENT_3D('',#6111,#6112,#6113);
#6111 = CARTESIAN_POINT('',(5.5,24.,8.));
#6112 = DIRECTION('',(0.,0.,1.));
#6113 = DIRECTION('',(1.,0.,-0.));
#6114 = DEFINITIONAL_REPRESENTATION('',(#6115),#6166);
#6115 = B_SPLINE_CURVE_WITH_KNOTS('',7,(#6116,#6117,#6118,#6119,#6120,
    #6121,#6122,#6123,#6124,#6125,#6126,#6127,#6128,#6129,#6130,#6131,
    #6132,#6133,#6134,#6135,#6136,#6137,#6138,#6139,#6140,#6141,#6142,
    #6143,#6144,#6145,#6146,#6147,#6148,#6149,#6150,#6151,#6152,#6153,
    #6154,#6155,#6156,#6157,#6158,#6159,#6160,#6161,#6162,#6163,#6164,
    #6165),.UNSPECIFIED.,.F.,.F.,(8,6,6,6,6,6,6,6,8),(0.,
    5.744446455409E-02,0.263746005673,0.336808349854,0.498205016033,
    0.671602135231,0.742031503238,0.839083930743,1.),.UNSPECIFIED.);
#6116 = CARTESIAN_POINT('',(6.28318530718,0.337805278513));
#6117 = CARTESIAN_POINT('',(6.263994915683,0.342843166415));
#6118 = CARTESIAN_POINT('',(6.244827927147,0.348126919728));
#6119 = CARTESIAN_POINT('',(6.225686585434,0.353666526651));
#6120 = CARTESIAN_POINT('',(6.206573198123,0.359470814639));
#6121 = CARTESIAN_POINT('',(6.187490136512,0.365547450411));
#6122 = CARTESIAN_POINT('',(6.168439835615,0.371902939941));
#6123 = CARTESIAN_POINT('',(6.081135666816,0.40238788467));
#6124 = CARTESIAN_POINT('',(6.013280985557,0.429904611661));
#6125 = CARTESIAN_POINT('',(5.946025163926,0.461317938766));
#6126 = CARTESIAN_POINT('',(5.87944853454,0.496638117369));
#6127 = CARTESIAN_POINT('',(5.813583877557,0.53560959369));
#6128 = CARTESIAN_POINT('',(5.748434862556,0.577811245168));
#6129 = CARTESIAN_POINT('',(5.661166276742,0.638640750074));
#6130 = CARTESIAN_POINT('',(5.638426305214,0.654893950057));
#6131 = CARTESIAN_POINT('',(5.61576702302,0.671470696415));
#6132 = CARTESIAN_POINT('',(5.593184984331,0.688349285864));
#6133 = CARTESIAN_POINT('',(5.570676140313,0.705507530424));
#6134 = CARTESIAN_POINT('',(5.548235893585,0.722923129725));
#6135 = CARTESIAN_POINT('',(5.476428335419,0.779565381985));
#6136 = CARTESIAN_POINT('',(5.427312223399,0.819701172306));
#6137 = CARTESIAN_POINT('',(5.37844869813,0.860748712201));
#6138 = CARTESIAN_POINT('',(5.329775124321,0.90247238367));
#6139 = CARTESIAN_POINT('',(5.28122859405,0.944645360167));
#6140 = CARTESIAN_POINT('',(5.232743908216,0.987055004251));
#6141 = CARTESIAN_POINT('',(5.132148924243,1.07510499827));
#6142 = CARTESIAN_POINT('',(5.080046580321,1.120742769284));
#6143 = CARTESIAN_POINT('',(5.027853505459,1.166167938867));
#6144 = CARTESIAN_POINT('',(4.975493972023,1.211131693416));
#6145 = CARTESIAN_POINT('',(4.922899573656,1.255382968548));
#6146 = CARTESIAN_POINT('',(4.87000242858,1.298661239053));
#6147 = CARTESIAN_POINT('',(4.795088331639,1.357750949709));
#6148 = CARTESIAN_POINT('',(4.773388014163,1.374610838091));
#6149 = CARTESIAN_POINT('',(4.75162196514,1.391243229444));
#6150 = CARTESIAN_POINT('',(4.729785975255,1.407627702865));
#6151 = CARTESIAN_POINT('',(4.707876003636,1.423742717901));
#6152 = CARTESIAN_POINT('',(4.685888177851,1.439565614555));
#6153 = CARTESIAN_POINT('',(4.633406945192,1.476441424514));
#6154 = CARTESIAN_POINT('',(4.602840856927,1.497209735278));
#6155 = CARTESIAN_POINT('',(4.57211029701,1.517315503611));
#6156 = CARTESIAN_POINT('',(4.541206982021,1.536690439789));
#6157 = CARTESIAN_POINT('',(4.510124537415,1.55526035434));
#6158 = CARTESIAN_POINT('',(4.478858457717,1.572945506042));
#6159 = CARTESIAN_POINT('',(4.395256983401,1.617375697478));
#6160 = CARTESIAN_POINT('',(4.342584246056,1.642431118722));
#6161 = CARTESIAN_POINT('',(4.289391717932,1.66442905671));
#6162 = CARTESIAN_POINT('',(4.235712536677,1.682936601084));
#6163 = CARTESIAN_POINT('',(4.181606531741,1.697502808651));
#6164 = CARTESIAN_POINT('',(4.127174816741,1.707717619426));
#6165 = CARTESIAN_POINT('',(4.072591556797,1.713312968145));
#6166 = ( GEOMETRIC_REPRESENTATION_CONTEXT(2) 
PARAMETRIC_REPRESENTATION_CONTEXT() REPRESENTATION_CONTEXT('2D SPACE',''
  ) );
#6167 = ORIENTED_EDGE('',*,*,#6168,.T.);
#6168 = EDGE_CURVE('',#6000,#5998,#6169,.T.);
#6169 = SURFACE_CURVE('',#6170,(#6263,#6359),.PCURVE_S1.);
#6170 = B_SPLINE_CURVE_WITH_KNOTS('',6,(#6171,#6172,#6173,#6174,#6175,
    #6176,#6177,#6178,#6179,#6180,#6181,#6182,#6183,#6184,#6185,#6186,
    #6187,#6188,#6189,#6190,#6191,#6192,#6193,#6194,#6195,#6196,#6197,
    #6198,#6199,#6200,#6201,#6202,#6203,#6204,#6205,#6206,#6207,#6208,
    #6209,#6210,#6211,#6212,#6213,#6214,#6215,#6216,#6217,#6218,#6219,
    #6220,#6221,#6222,#6223,#6224,#6225,#6226,#6227,#6228,#6229,#6230,
    #6231,#6232,#6233,#6234,#6235,#6236,#6237,#6238,#6239,#6240,#6241,
    #6242,#6243,#6244,#6245,#6246,#6247,#6248,#6249,#6250,#6251,#6252,
    #6253,#6254,#6255,#6256,#6257,#6258,#6259,#6260,#6261,#6262),
  .UNSPECIFIED.,.F.,.F.,(7,5,5,5,5,5,5,5,5,5,5,5,5,5,5,5,5,5,7),(0.,
    3.046195615509E-02,9.890991595465E-02,0.137161186086,0.179847822164,
    0.281041449739,0.366272084301,0.411106125398,0.456349726829,
    0.484702827675,0.560916897945,0.635584099107,0.685920544816,
    0.745349170085,0.788347035307,0.882268923266,0.939782512971,
    0.961665224592,1.),.UNSPECIFIED.);
#6171 = CARTESIAN_POINT('',(4.246230818799,22.315344889816,
    9.713312968145));
#6172 = CARTESIAN_POINT('',(4.209724893559,22.342513657903,
    9.715534333758));
#6173 = CARTESIAN_POINT('',(4.173884192483,22.370662320695,
    9.717007003108));
#6174 = CARTESIAN_POINT('',(4.138762970782,22.399757028153,
    9.717712044118));
#6175 = CARTESIAN_POINT('',(4.104412392782,22.429758279098,
    9.717636090468));
#6176 = CARTESIAN_POINT('',(4.070880531922,22.460620921215,
    9.716771341594));
#6177 = CARTESIAN_POINT('',(3.96480707231,22.563463840581,9.711395030509
    ));
#6178 = CARTESIAN_POINT('',(3.895742248706,22.638745331952,
    9.703680448055));
#6179 = CARTESIAN_POINT('',(3.831567140078,22.717528182852,
    9.691949969507));
#6180 = CARTESIAN_POINT('',(3.772601185016,22.79915992863,9.676352684868
    ));
#6181 = CARTESIAN_POINT('',(3.719004234763,22.883004565038,
    9.657170510981));
#6182 = CARTESIAN_POINT('',(3.643883100556,23.016213516037,
    9.622245166041));
#6183 = CARTESIAN_POINT('',(3.618636008894,23.064479773315,
    9.608715859075));
#6184 = CARTESIAN_POINT('',(3.595074890551,23.113161541146,
    9.594238114294));
#6185 = CARTESIAN_POINT('',(3.573189197097,23.162173360048,
    9.578876950462));
#6186 = CARTESIAN_POINT('',(3.552959638502,23.211440608073,
    9.562698917209));
#6187 = CARTESIAN_POINT('',(3.513608774665,23.316094284759,
    9.526875730622));
#6188 = CARTESIAN_POINT('',(3.494888260306,23.37152702735,9.507046342872
    ));
#6189 = CARTESIAN_POINT('',(3.478166723538,23.42711192511,9.486370531744
    ));
#6190 = CARTESIAN_POINT('',(3.463404558585,23.482776788861,
    9.464936448765));
#6191 = CARTESIAN_POINT('',(3.450560582381,23.538462895538,
    9.442828056314));
#6192 = CARTESIAN_POINT('',(3.41360290464,23.726076408848,9.366296711769
    ));
#6193 = CARTESIAN_POINT('',(3.398182612666,23.857832033508,9.30913931051
    ));
#6194 = CARTESIAN_POINT('',(3.392779102179,23.988879622364,
    9.249646377697));
#6195 = CARTESIAN_POINT('',(3.397012270731,24.11883100189,9.188708888656
    ));
#6196 = CARTESIAN_POINT('',(3.410636931748,24.247384270711,9.1270938498)
  );
#6197 = CARTESIAN_POINT('',(3.452990630347,24.481201381275,
    9.013523811096));
#6198 = CARTESIAN_POINT('',(3.478990127863,24.586898380518,
    8.961598889082));
#6199 = CARTESIAN_POINT('',(3.511596332986,24.691222745696,
    8.910070881098));
#6200 = CARTESIAN_POINT('',(3.55085248302,24.793924772535,8.859337737915
    ));
#6201 = CARTESIAN_POINT('',(3.59683775607,24.894671672472,8.809783866084
    ));
#6202 = CARTESIAN_POINT('',(3.677401506831,25.044788793057,
    8.736509802864));
#6203 = CARTESIAN_POINT('',(3.707054200139,25.095873955198,
    8.711678994165));
#6204 = CARTESIAN_POINT('',(3.738598075039,25.146233635706,
    8.687328810217));
#6205 = CARTESIAN_POINT('',(3.772040024804,25.19579338661,8.66351190738)
  );
#6206 = CARTESIAN_POINT('',(3.807381448179,25.244469383971,
    8.640278636807));
#6207 = CARTESIAN_POINT('',(3.882188958116,25.340304534707,
    8.594865934464));
#6208 = CARTESIAN_POINT('',(3.921689848461,25.387445855413,
    8.572698010501));
#6209 = CARTESIAN_POINT('',(3.963109620702,25.433497204897,
    8.551220022017));
#6210 = CARTESIAN_POINT('',(4.006431002742,25.478353844423,
    8.530475972409));
#6211 = CARTESIAN_POINT('',(4.051624057822,25.521904285596,
    8.510503985846));
#6212 = CARTESIAN_POINT('',(4.128108020829,25.590433150502,
    8.479321747826));
#6213 = CARTESIAN_POINT('',(4.158290421312,25.616275474803,
    8.467623983191));
#6214 = CARTESIAN_POINT('',(4.189178567855,25.641530675031,8.45624899426
    ));
#6215 = CARTESIAN_POINT('',(4.220758805048,25.666169946407,
    8.445203037826));
#6216 = CARTESIAN_POINT('',(4.253015059583,25.690164409272,
    8.434491032175));
#6217 = CARTESIAN_POINT('',(4.374402168307,25.776171919397,
    8.396229625858));
#6218 = CARTESIAN_POINT('',(4.46763712735,25.833998447659,8.370777776613
    ));
#6219 = CARTESIAN_POINT('',(4.565252965079,25.886389713717,8.34783904056
    ));
#6220 = CARTESIAN_POINT('',(4.666769772546,25.932820687618,
    8.327397289861));
#6221 = CARTESIAN_POINT('',(4.77161033698,25.972843070815,8.309367816544
    ));
#6222 = CARTESIAN_POINT('',(4.984411961609,26.038705843771,8.27819757073
    ));
#6223 = CARTESIAN_POINT('',(5.092283867405,26.064823229194,
    8.264962606525));
#6224 = CARTESIAN_POINT('',(5.202099846091,26.084141306739,
    8.253797893537));
#6225 = CARTESIAN_POINT('',(5.313218831411,26.096450066758,
    8.244537253433));
#6226 = CARTESIAN_POINT('',(5.424991416135,26.101635290815,
    8.237008288136));
#6227 = CARTESIAN_POINT('',(5.612116631757,26.09835875327,8.227013594591
    ));
#6228 = CARTESIAN_POINT('',(5.687472336037,26.093793276478,
    8.223697253187));
#6229 = CARTESIAN_POINT('',(5.762635657054,26.085975442292,
    8.221036171575));
#6230 = CARTESIAN_POINT('',(5.837414673032,26.074917247906,
    8.218977568329));
#6231 = CARTESIAN_POINT('',(5.911622409743,26.060647157449,
    8.217469603413));
#6232 = CARTESIAN_POINT('',(6.071799928376,26.022619484206,8.21527248404
    ));
#6233 = CARTESIAN_POINT('',(6.157474209588,25.997613493709,8.21478034764
    ));
#6234 = CARTESIAN_POINT('',(6.241801388017,25.968261481703,
    8.214903071435));
#6235 = CARTESIAN_POINT('',(6.324497408511,25.934661720674,
    8.215560272723));
#6236 = CARTESIAN_POINT('',(6.405292566903,25.896936700754,
    8.216675991421));
#6237 = CARTESIAN_POINT('',(6.540828067593,25.825054722023,
    8.219269793807));
#6238 = CARTESIAN_POINT('',(6.596596377809,25.792794744054,
    8.220562658068));
#6239 = CARTESIAN_POINT('',(6.651139836247,25.758504820565,
    8.222032754683));
#6240 = CARTESIAN_POINT('',(6.704366488346,25.722244701318,
    8.223656383971));
#6241 = CARTESIAN_POINT('',(6.756188809947,25.684079363834,
    8.225412919872));
#6242 = CARTESIAN_POINT('',(6.916472156236,25.556704712065,
    8.231373651328));
#6243 = CARTESIAN_POINT('',(7.019327917321,25.46057122382,8.236013914582
    ));
#6244 = CARTESIAN_POINT('',(7.114216868672,25.356413099296,
    8.241031162176));
#6245 = CARTESIAN_POINT('',(7.200387321182,25.24506699083,8.246342086069
    ));
#6246 = CARTESIAN_POINT('',(7.277192707673,25.127456368055,
    8.252043986536));
#6247 = CARTESIAN_POINT('',(7.385100170125,24.929374177718,
    8.262308917265));
#6248 = CARTESIAN_POINT('',(7.42237828885,24.8521774419,8.266456775211)
  );
#6249 = CARTESIAN_POINT('',(7.455835096793,24.7732461544,8.270915837142)
  );
#6250 = CARTESIAN_POINT('',(7.485371574615,24.692825000839,
    8.275774256138));
#6251 = CARTESIAN_POINT('',(7.510909911104,24.611170319786,8.28113912121
    ));
#6252 = CARTESIAN_POINT('',(7.540571573708,24.497114342852,8.28940815838
    ));
#6253 = CARTESIAN_POINT('',(7.548160173447,24.465539170406,
    8.291777664393));
#6254 = CARTESIAN_POINT('',(7.555159233355,24.433839005717,
    8.294244172729));
#6255 = CARTESIAN_POINT('',(7.561566331838,24.402028868795,
    8.296814329715));
#6256 = CARTESIAN_POINT('',(7.567379603483,24.370124013929,
    8.299494871417));
#6257 = CARTESIAN_POINT('',(7.581739021859,24.282109273737,
    8.307193807986));
#6258 = CARTESIAN_POINT('',(7.589053940856,24.225835282943,
    8.312454649602));
#6259 = CARTESIAN_POINT('',(7.594535514707,24.169401509149,
    8.318111442584));
#6260 = CARTESIAN_POINT('',(7.598182504892,24.112893217578,
    8.324200305282));
#6261 = CARTESIAN_POINT('',(7.6,24.05639693535,8.330755087638));
#6262 = CARTESIAN_POINT('',(7.6,24.,8.337805278513));
#6263 = PCURVE('',#2162,#6264);
#6264 = DEFINITIONAL_REPRESENTATION('',(#6265),#6358);
#6265 = B_SPLINE_CURVE_WITH_KNOTS('',6,(#6266,#6267,#6268,#6269,#6270,
    #6271,#6272,#6273,#6274,#6275,#6276,#6277,#6278,#6279,#6280,#6281,
    #6282,#6283,#6284,#6285,#6286,#6287,#6288,#6289,#6290,#6291,#6292,
    #6293,#6294,#6295,#6296,#6297,#6298,#6299,#6300,#6301,#6302,#6303,
    #6304,#6305,#6306,#6307,#6308,#6309,#6310,#6311,#6312,#6313,#6314,
    #6315,#6316,#6317,#6318,#6319,#6320,#6321,#6322,#6323,#6324,#6325,
    #6326,#6327,#6328,#6329,#6330,#6331,#6332,#6333,#6334,#6335,#6336,
    #6337,#6338,#6339,#6340,#6341,#6342,#6343,#6344,#6345,#6346,#6347,
    #6348,#6349,#6350,#6351,#6352,#6353,#6354,#6355,#6356,#6357),
  .UNSPECIFIED.,.F.,.F.,(7,5,5,5,5,5,5,5,5,5,5,5,5,5,5,5,5,5,7),(0.,
    3.046195615509E-02,9.890991595465E-02,0.137161186086,0.179847822164,
    0.281041449739,0.366272084301,0.411106125398,0.456349726829,
    0.484702827675,0.560916897945,0.635584099107,0.685920544816,
    0.745349170085,0.788347035307,0.882268923266,0.939782512971,
    0.961665224592,1.),.UNSPECIFIED.);
#6266 = CARTESIAN_POINT('',(0.735901712155,0.193433072032));
#6267 = CARTESIAN_POINT('',(0.733873605198,0.197428479103));
#6268 = CARTESIAN_POINT('',(0.731882455138,0.201567988338));
#6269 = CARTESIAN_POINT('',(0.729931276155,0.205846621787));
#6270 = CARTESIAN_POINT('',(0.72802291071,0.210258570456));
#6271 = CARTESIAN_POINT('',(0.726160029551,0.214797194296));
#6272 = CARTESIAN_POINT('',(0.720267059573,0.229921153027));
#6273 = CARTESIAN_POINT('',(0.716430124928,0.240991960581));
#6274 = CARTESIAN_POINT('',(0.712864841115,0.252577673949));
#6275 = CARTESIAN_POINT('',(0.709588954723,0.264582342446));
#6276 = CARTESIAN_POINT('',(0.706611346376,0.276912436035));
#6277 = CARTESIAN_POINT('',(0.702437950031,0.296501987653));
#6278 = CARTESIAN_POINT('',(0.701035333827,0.303599966664));
#6279 = CARTESIAN_POINT('',(0.699726382808,0.310759050169));
#6280 = CARTESIAN_POINT('',(0.69851051095,0.317966670595));
#6281 = CARTESIAN_POINT('',(0.697386646583,0.325211854128));
#6282 = CARTESIAN_POINT('',(0.695200487481,0.3406021007));
#6283 = CARTESIAN_POINT('',(0.694160458906,0.34875397461));
#6284 = CARTESIAN_POINT('',(0.693231484641,0.356928224281));
#6285 = CARTESIAN_POINT('',(0.692411364366,0.365114233656));
#6286 = CARTESIAN_POINT('',(0.691697810132,0.373303366991));
#6287 = CARTESIAN_POINT('',(0.689644605813,0.400893589536));
#6288 = CARTESIAN_POINT('',(0.688787922926,0.420269416692));
#6289 = CARTESIAN_POINT('',(0.688487727899,0.439541120936));
#6290 = CARTESIAN_POINT('',(0.68872290393,0.458651617925));
#6291 = CARTESIAN_POINT('',(0.689479829542,0.477556510399));
#6292 = CARTESIAN_POINT('',(0.691832812797,0.511941379599));
#6293 = CARTESIAN_POINT('',(0.693277229326,0.527485055959));
#6294 = CARTESIAN_POINT('',(0.695088685166,0.542826874367));
#6295 = CARTESIAN_POINT('',(0.69726958239,0.557930113608));
#6296 = CARTESIAN_POINT('',(0.699824319782,0.572745834187));
#6297 = CARTESIAN_POINT('',(0.704300083713,0.594821881332));
#6298 = CARTESIAN_POINT('',(0.705947455563,0.602334405176));
#6299 = CARTESIAN_POINT('',(0.707699893058,0.609740240545));
#6300 = CARTESIAN_POINT('',(0.709557779156,0.617028439207));
#6301 = CARTESIAN_POINT('',(0.711521191565,0.624186674113));
#6302 = CARTESIAN_POINT('',(0.71567716434,0.638280078633));
#6303 = CARTESIAN_POINT('',(0.717871658248,0.645212625796));
#6304 = CARTESIAN_POINT('',(0.720172756706,0.651984883073));
#6305 = CARTESIAN_POINT('',(0.722579500152,0.658581447709));
#6306 = CARTESIAN_POINT('',(0.725090225435,0.664985924352));
#6307 = CARTESIAN_POINT('',(0.729339334491,0.675063698603));
#6308 = CARTESIAN_POINT('',(0.731016134517,0.678864040412));
#6309 = CARTESIAN_POINT('',(0.732732142659,0.682578040446));
#6310 = CARTESIAN_POINT('',(0.73448660028,0.686201462707));
#6311 = CARTESIAN_POINT('',(0.736278614421,0.689730060187));
#6312 = CARTESIAN_POINT('',(0.743022342684,0.702378223441));
#6313 = CARTESIAN_POINT('',(0.748202062631,0.710882124656));
#6314 = CARTESIAN_POINT('',(0.753625164727,0.718586722605));
#6315 = CARTESIAN_POINT('',(0.759264987364,0.725414807003));
#6316 = CARTESIAN_POINT('',(0.765089463166,0.73130045159));
#6317 = CARTESIAN_POINT('',(0.776911775645,0.740986153496));
#6318 = CARTESIAN_POINT('',(0.7829046593,0.74482694547));
#6319 = CARTESIAN_POINT('',(0.789005547005,0.747667839226));
#6320 = CARTESIAN_POINT('',(0.795178823967,0.749477950994));
#6321 = CARTESIAN_POINT('',(0.801388412007,0.750240483943));
#6322 = CARTESIAN_POINT('',(0.81178425732,0.749758640187));
#6323 = CARTESIAN_POINT('',(0.815970685335,0.749087246541));
#6324 = CARTESIAN_POINT('',(0.820146425392,0.747937565043));
#6325 = CARTESIAN_POINT('',(0.824300815168,0.746311359986));
#6326 = CARTESIAN_POINT('',(0.828423467208,0.744212817272));
#6327 = CARTESIAN_POINT('',(0.837322218243,0.738620512383));
#6328 = CARTESIAN_POINT('',(0.842081900533,0.73494316084));
#6329 = CARTESIAN_POINT('',(0.846766743779,0.730626688486));
#6330 = CARTESIAN_POINT('',(0.851360967139,0.725685547158));
#6331 = CARTESIAN_POINT('',(0.85584958705,0.720137750111));
#6332 = CARTESIAN_POINT('',(0.863379337088,0.709566870886));
#6333 = CARTESIAN_POINT('',(0.866477576545,0.704822756479));
#6334 = CARTESIAN_POINT('',(0.86950776868,0.699780120671));
#6335 = CARTESIAN_POINT('',(0.872464804908,0.694447750194));
#6336 = CARTESIAN_POINT('',(0.875343822775,0.688835200564));
#6337 = CARTESIAN_POINT('',(0.884248453124,0.670103634127));
#6338 = CARTESIAN_POINT('',(0.889962662073,0.655966356444));
#6339 = CARTESIAN_POINT('',(0.895234270482,0.640648985191));
#6340 = CARTESIAN_POINT('',(0.900021517843,0.624274557475));
#6341 = CARTESIAN_POINT('',(0.90428848376,0.606978877655));
#6342 = CARTESIAN_POINT('',(0.910283342785,0.577849143782));
#6343 = CARTESIAN_POINT('',(0.912354349381,0.566496682632));
#6344 = CARTESIAN_POINT('',(0.914213060933,0.554889140353));
#6345 = CARTESIAN_POINT('',(0.915853976367,0.543062500123));
#6346 = CARTESIAN_POINT('',(0.917272772839,0.531054458792));
#6347 = CARTESIAN_POINT('',(0.918920642984,0.514281521008));
#6348 = CARTESIAN_POINT('',(0.919342231858,0.509638113295));
#6349 = CARTESIAN_POINT('',(0.91973106852,0.50497632437));
#6350 = CARTESIAN_POINT('',(0.920087018435,0.500298363058));
#6351 = CARTESIAN_POINT('',(0.920409977971,0.495606472637));
#6352 = CARTESIAN_POINT('',(0.921207723437,0.482663128491));
#6353 = CARTESIAN_POINT('',(0.921614107825,0.474387541609));
#6354 = CARTESIAN_POINT('',(0.921918639706,0.466088457228));
#6355 = CARTESIAN_POINT('',(0.922121250272,0.45777841435));
#6356 = CARTESIAN_POINT('',(0.922222222222,0.449470137552));
#6357 = CARTESIAN_POINT('',(0.922222222222,0.441176470588));
#6358 = ( GEOMETRIC_REPRESENTATION_CONTEXT(2) 
PARAMETRIC_REPRESENTATION_CONTEXT() REPRESENTATION_CONTEXT('2D SPACE',''
  ) );
#6359 = PCURVE('',#6109,#6360);
#6360 = DEFINITIONAL_REPRESENTATION('',(#6361),#6454);
#6361 = B_SPLINE_CURVE_WITH_KNOTS('',6,(#6362,#6363,#6364,#6365,#6366,
    #6367,#6368,#6369,#6370,#6371,#6372,#6373,#6374,#6375,#6376,#6377,
    #6378,#6379,#6380,#6381,#6382,#6383,#6384,#6385,#6386,#6387,#6388,
    #6389,#6390,#6391,#6392,#6393,#6394,#6395,#6396,#6397,#6398,#6399,
    #6400,#6401,#6402,#6403,#6404,#6405,#6406,#6407,#6408,#6409,#6410,
    #6411,#6412,#6413,#6414,#6415,#6416,#6417,#6418,#6419,#6420,#6421,
    #6422,#6423,#6424,#6425,#6426,#6427,#6428,#6429,#6430,#6431,#6432,
    #6433,#6434,#6435,#6436,#6437,#6438,#6439,#6440,#6441,#6442,#6443,
    #6444,#6445,#6446,#6447,#6448,#6449,#6450,#6451,#6452,#6453),
  .UNSPECIFIED.,.F.,.F.,(7,5,5,5,5,5,5,5,5,5,5,5,5,5,5,5,5,5,7),(0.,
    3.046195615509E-02,9.890991595465E-02,0.137161186086,0.179847822164,
    0.281041449739,0.366272084301,0.411106125398,0.456349726829,
    0.484702827675,0.560916897945,0.635584099107,0.685920544816,
    0.745349170085,0.788347035307,0.882268923266,0.939782512971,
    0.961665224592,1.),.UNSPECIFIED.);
#6362 = CARTESIAN_POINT('',(4.072591556797,1.713312968145));
#6363 = CARTESIAN_POINT('',(4.050921883866,1.715534333758));
#6364 = CARTESIAN_POINT('',(4.029227830553,1.717007003108));
#6365 = CARTESIAN_POINT('',(4.007521181086,1.717712044118));
#6366 = CARTESIAN_POINT('',(3.985814346616,1.717636090468));
#6367 = CARTESIAN_POINT('',(3.964120365222,1.716771341594));
#6368 = CARTESIAN_POINT('',(3.893766151445,1.711395030509));
#6369 = CARTESIAN_POINT('',(3.845200420957,1.703680448055));
#6370 = CARTESIAN_POINT('',(3.796937908414,1.691949969507));
#6371 = CARTESIAN_POINT('',(3.749102205854,1.676352684868));
#6372 = CARTESIAN_POINT('',(3.701788191607,1.657170510981));
#6373 = CARTESIAN_POINT('',(3.628964032514,1.622245166041));
#6374 = CARTESIAN_POINT('',(3.603038558203,1.608715859075));
#6375 = CARTESIAN_POINT('',(3.577303026974,1.594238114294));
#6376 = CARTESIAN_POINT('',(3.551760738137,1.578876950462));
#6377 = CARTESIAN_POINT('',(3.526410788253,1.562698917209));
#6378 = CARTESIAN_POINT('',(3.473169195113,1.526875730622));
#6379 = CARTESIAN_POINT('',(3.445324076647,1.507046342872));
#6380 = CARTESIAN_POINT('',(3.417706271272,1.486370531744));
#6381 = CARTESIAN_POINT('',(3.390304890513,1.464936448765));
#6382 = CARTESIAN_POINT('',(3.363105574198,1.442828056314));
#6383 = CARTESIAN_POINT('',(3.272048914555,1.366296711769));
#6384 = CARTESIAN_POINT('',(3.209071803638,1.30913931051));
#6385 = CARTESIAN_POINT('',(3.146875295146,1.249646377697));
#6386 = CARTESIAN_POINT('',(3.085208755638,1.188708888656));
#6387 = CARTESIAN_POINT('',(3.023816637471,1.1270938498));
#6388 = CARTESIAN_POINT('',(2.91066324192,1.013523811096));
#6389 = CARTESIAN_POINT('',(2.858930398249,0.961598889082));
#6390 = CARTESIAN_POINT('',(2.807031430915,0.910070881098));
#6391 = CARTESIAN_POINT('',(2.754828623624,0.859337737915));
#6392 = CARTESIAN_POINT('',(2.702201970373,0.809783866084));
#6393 = CARTESIAN_POINT('',(2.621073774977,0.736509802864));
#6394 = CARTESIAN_POINT('',(2.592962019576,0.711678994165));
#6395 = CARTESIAN_POINT('',(2.564689476669,0.687328810217));
#6396 = CARTESIAN_POINT('',(2.536244320466,0.66351190738));
#6397 = CARTESIAN_POINT('',(2.507617434703,0.640278636807));
#6398 = CARTESIAN_POINT('',(2.449724461945,0.594865934464));
#6399 = CARTESIAN_POINT('',(2.420454865622,0.572698010501));
#6400 = CARTESIAN_POINT('',(2.39098795966,0.551220022017));
#6401 = CARTESIAN_POINT('',(2.361320824993,0.530475972409));
#6402 = CARTESIAN_POINT('',(2.331453913887,0.510503985846));
#6403 = CARTESIAN_POINT('',(2.282552138296,0.479321747826));
#6404 = CARTESIAN_POINT('',(2.263635917329,0.467623983191));
#6405 = CARTESIAN_POINT('',(2.244643911165,0.45624899426));
#6406 = CARTESIAN_POINT('',(2.225577606675,0.445203037826));
#6407 = CARTESIAN_POINT('',(2.206438931808,0.434491032175));
#6408 = CARTESIAN_POINT('',(2.135596700334,0.396229625858));
#6409 = CARTESIAN_POINT('',(2.08345093117,0.370777776613));
#6410 = CARTESIAN_POINT('',(2.030852048862,0.34783904056));
#6411 = CARTESIAN_POINT('',(1.977857510173,0.327397289861));
#6412 = CARTESIAN_POINT('',(1.924530723316,0.309367816544));
#6413 = CARTESIAN_POINT('',(1.81845408531,0.27819757073));
#6414 = CARTESIAN_POINT('',(1.765705941575,0.264962606525));
#6415 = CARTESIAN_POINT('',(1.712770280612,0.253797893537));
#6416 = CARTESIAN_POINT('',(1.659695608108,0.244537253433));
#6417 = CARTESIAN_POINT('',(1.606521964342,0.237008288136));
#6418 = CARTESIAN_POINT('',(1.517401059917,0.227013594591));
#6419 = CARTESIAN_POINT('',(1.481484837298,0.223697253187));
#6420 = CARTESIAN_POINT('',(1.445549872974,0.221036171575));
#6421 = CARTESIAN_POINT('',(1.409603860615,0.218977568329));
#6422 = CARTESIAN_POINT('',(1.373652840637,0.217469603413));
#6423 = CARTESIAN_POINT('',(1.295257740647,0.21527248404));
#6424 = CARTESIAN_POINT('',(1.252813255774,0.21478034764));
#6425 = CARTESIAN_POINT('',(1.210377169698,0.214903071435));
#6426 = CARTESIAN_POINT('',(1.167954410318,0.215560272723));
#6427 = CARTESIAN_POINT('',(1.125547943234,0.216675991421));
#6428 = CARTESIAN_POINT('',(1.052492050591,0.219269793807));
#6429 = CARTESIAN_POINT('',(1.021833458754,0.220562658068));
#6430 = CARTESIAN_POINT('',(0.991185195103,0.222032754683));
#6431 = CARTESIAN_POINT('',(0.96054764504,0.223656383971));
#6432 = CARTESIAN_POINT('',(0.929920969962,0.225412919872));
#6433 = CARTESIAN_POINT('',(0.832429702824,0.231373651328));
#6434 = CARTESIAN_POINT('',(0.765603508514,0.236013914582));
#6435 = CARTESIAN_POINT('',(0.698831412109,0.241031162176));
#6436 = CARTESIAN_POINT('',(0.632108004008,0.246342086069));
#6437 = CARTESIAN_POINT('',(0.565430749971,0.252043986536));
#6438 = CARTESIAN_POINT('',(0.45801778401,0.262308917265));
#6439 = CARTESIAN_POINT('',(0.417244609878,0.266456775211));
#6440 = CARTESIAN_POINT('',(0.376494458335,0.270915837142));
#6441 = CARTESIAN_POINT('',(0.335770509721,0.275774256138));
#6442 = CARTESIAN_POINT('',(0.295078241711,0.28113912121));
#6443 = CARTESIAN_POINT('',(0.238959279748,0.28940815838));
#6444 = CARTESIAN_POINT('',(0.223498009229,0.291777664393));
#6445 = CARTESIAN_POINT('',(0.208043124686,0.294244172729));
#6446 = CARTESIAN_POINT('',(0.19259521034,0.296814329715));
#6447 = CARTESIAN_POINT('',(0.177154935173,0.299494871417));
#6448 = CARTESIAN_POINT('',(0.134689029448,0.307193807986));
#6449 = CARTESIAN_POINT('',(0.107680679921,0.312454649602));
#6450 = CARTESIAN_POINT('',(8.070225342993E-02,0.318111442584));
#6451 = CARTESIAN_POINT('',(5.375867296951E-02,0.324200305282));
#6452 = CARTESIAN_POINT('',(2.68556835001E-02,0.330755087638));
#6453 = CARTESIAN_POINT('',(0.,0.337805278513));
#6454 = ( GEOMETRIC_REPRESENTATION_CONTEXT(2) 
PARAMETRIC_REPRESENTATION_CONTEXT() REPRESENTATION_CONTEXT('2D SPACE',''
  ) );
#6455 = ADVANCED_FACE('',(#6456),#2610,.F.);
#6456 = FACE_BOUND('',#6457,.F.);
#6457 = EDGE_LOOP('',(#6458,#6459,#6482,#6509,#6510,#6511));
#6458 = ORIENTED_EDGE('',*,*,#2556,.T.);
#6459 = ORIENTED_EDGE('',*,*,#6460,.F.);
#6460 = EDGE_CURVE('',#6461,#2557,#6463,.T.);
#6461 = VERTEX_POINT('',#6462);
#6462 = CARTESIAN_POINT('',(-3.4,19.,8.));
#6463 = SEAM_CURVE('',#6464,(#6468,#6475),.PCURVE_S1.);
#6464 = LINE('',#6465,#6466);
#6465 = CARTESIAN_POINT('',(-3.4,19.,8.));
#6466 = VECTOR('',#6467,1.);
#6467 = DIRECTION('',(0.,0.,1.));
#6468 = PCURVE('',#2610,#6469);
#6469 = DEFINITIONAL_REPRESENTATION('',(#6470),#6474);
#6470 = LINE('',#6471,#6472);
#6471 = CARTESIAN_POINT('',(6.28318530718,-0.));
#6472 = VECTOR('',#6473,1.);
#6473 = DIRECTION('',(0.,1.));
#6474 = ( GEOMETRIC_REPRESENTATION_CONTEXT(2) 
PARAMETRIC_REPRESENTATION_CONTEXT() REPRESENTATION_CONTEXT('2D SPACE',''
  ) );
#6475 = PCURVE('',#2610,#6476);
#6476 = DEFINITIONAL_REPRESENTATION('',(#6477),#6481);
#6477 = LINE('',#6478,#6479);
#6478 = CARTESIAN_POINT('',(0.,-0.));
#6479 = VECTOR('',#6480,1.);
#6480 = DIRECTION('',(0.,1.));
#6481 = ( GEOMETRIC_REPRESENTATION_CONTEXT(2) 
PARAMETRIC_REPRESENTATION_CONTEXT() REPRESENTATION_CONTEXT('2D SPACE',''
  ) );
#6482 = ORIENTED_EDGE('',*,*,#6483,.T.);
#6483 = EDGE_CURVE('',#6461,#6461,#6484,.T.);
#6484 = SURFACE_CURVE('',#6485,(#6490,#6497),.PCURVE_S1.);
#6485 = CIRCLE('',#6486,2.1);
#6486 = AXIS2_PLACEMENT_3D('',#6487,#6488,#6489);
#6487 = CARTESIAN_POINT('',(-5.5,19.,8.));
#6488 = DIRECTION('',(0.,0.,1.));
#6489 = DIRECTION('',(1.,0.,-0.));
#6490 = PCURVE('',#2610,#6491);
#6491 = DEFINITIONAL_REPRESENTATION('',(#6492),#6496);
#6492 = LINE('',#6493,#6494);
#6493 = CARTESIAN_POINT('',(0.,0.));
#6494 = VECTOR('',#6495,1.);
#6495 = DIRECTION('',(1.,0.));
#6496 = ( GEOMETRIC_REPRESENTATION_CONTEXT(2) 
PARAMETRIC_REPRESENTATION_CONTEXT() REPRESENTATION_CONTEXT('2D SPACE',''
  ) );
#6497 = PCURVE('',#6498,#6503);
#6498 = PLANE('',#6499);
#6499 = AXIS2_PLACEMENT_3D('',#6500,#6501,#6502);
#6500 = CARTESIAN_POINT('',(-5.5,19.,8.));
#6501 = DIRECTION('',(0.,0.,1.));
#6502 = DIRECTION('',(1.,0.,-0.));
#6503 = DEFINITIONAL_REPRESENTATION('',(#6504),#6508);
#6504 = CIRCLE('',#6505,2.1);
#6505 = AXIS2_PLACEMENT_2D('',#6506,#6507);
#6506 = CARTESIAN_POINT('',(0.,0.));
#6507 = DIRECTION('',(1.,0.));
#6508 = ( GEOMETRIC_REPRESENTATION_CONTEXT(2) 
PARAMETRIC_REPRESENTATION_CONTEXT() REPRESENTATION_CONTEXT('2D SPACE',''
  ) );
#6509 = ORIENTED_EDGE('',*,*,#6460,.T.);
#6510 = ORIENTED_EDGE('',*,*,#2641,.T.);
#6511 = ORIENTED_EDGE('',*,*,#5316,.T.);
#6512 = ADVANCED_FACE('',(#6513),#2220,.F.);
#6513 = FACE_BOUND('',#6514,.F.);
#6514 = EDGE_LOOP('',(#6515,#6516,#6539,#6566,#6567,#6568));
#6515 = ORIENTED_EDGE('',*,*,#2182,.T.);
#6516 = ORIENTED_EDGE('',*,*,#6517,.F.);
#6517 = EDGE_CURVE('',#6518,#2183,#6520,.T.);
#6518 = VERTEX_POINT('',#6519);
#6519 = CARTESIAN_POINT('',(7.6,19.,8.));
#6520 = SEAM_CURVE('',#6521,(#6525,#6532),.PCURVE_S1.);
#6521 = LINE('',#6522,#6523);
#6522 = CARTESIAN_POINT('',(7.6,19.,8.));
#6523 = VECTOR('',#6524,1.);
#6524 = DIRECTION('',(0.,0.,1.));
#6525 = PCURVE('',#2220,#6526);
#6526 = DEFINITIONAL_REPRESENTATION('',(#6527),#6531);
#6527 = LINE('',#6528,#6529);
#6528 = CARTESIAN_POINT('',(6.28318530718,-0.));
#6529 = VECTOR('',#6530,1.);
#6530 = DIRECTION('',(0.,1.));
#6531 = ( GEOMETRIC_REPRESENTATION_CONTEXT(2) 
PARAMETRIC_REPRESENTATION_CONTEXT() REPRESENTATION_CONTEXT('2D SPACE',''
  ) );
#6532 = PCURVE('',#2220,#6533);
#6533 = DEFINITIONAL_REPRESENTATION('',(#6534),#6538);
#6534 = LINE('',#6535,#6536);
#6535 = CARTESIAN_POINT('',(0.,-0.));
#6536 = VECTOR('',#6537,1.);
#6537 = DIRECTION('',(0.,1.));
#6538 = ( GEOMETRIC_REPRESENTATION_CONTEXT(2) 
PARAMETRIC_REPRESENTATION_CONTEXT() REPRESENTATION_CONTEXT('2D SPACE',''
  ) );
#6539 = ORIENTED_EDGE('',*,*,#6540,.T.);
#6540 = EDGE_CURVE('',#6518,#6518,#6541,.T.);
#6541 = SURFACE_CURVE('',#6542,(#6547,#6554),.PCURVE_S1.);
#6542 = CIRCLE('',#6543,2.1);
#6543 = AXIS2_PLACEMENT_3D('',#6544,#6545,#6546);
#6544 = CARTESIAN_POINT('',(5.5,19.,8.));
#6545 = DIRECTION('',(0.,0.,1.));
#6546 = DIRECTION('',(1.,0.,-0.));
#6547 = PCURVE('',#2220,#6548);
#6548 = DEFINITIONAL_REPRESENTATION('',(#6549),#6553);
#6549 = LINE('',#6550,#6551);
#6550 = CARTESIAN_POINT('',(0.,0.));
#6551 = VECTOR('',#6552,1.);
#6552 = DIRECTION('',(1.,0.));
#6553 = ( GEOMETRIC_REPRESENTATION_CONTEXT(2) 
PARAMETRIC_REPRESENTATION_CONTEXT() REPRESENTATION_CONTEXT('2D SPACE',''
  ) );
#6554 = PCURVE('',#6555,#6560);
#6555 = PLANE('',#6556);
#6556 = AXIS2_PLACEMENT_3D('',#6557,#6558,#6559);
#6557 = CARTESIAN_POINT('',(5.5,19.,8.));
#6558 = DIRECTION('',(0.,0.,1.));
#6559 = DIRECTION('',(1.,0.,-0.));
#6560 = DEFINITIONAL_REPRESENTATION('',(#6561),#6565);
#6561 = CIRCLE('',#6562,2.1);
#6562 = AXIS2_PLACEMENT_2D('',#6563,#6564);
#6563 = CARTESIAN_POINT('',(0.,0.));
#6564 = DIRECTION('',(1.,0.));
#6565 = ( GEOMETRIC_REPRESENTATION_CONTEXT(2) 
PARAMETRIC_REPRESENTATION_CONTEXT() REPRESENTATION_CONTEXT('2D SPACE',''
  ) );
#6566 = ORIENTED_EDGE('',*,*,#6517,.T.);
#6567 = ORIENTED_EDGE('',*,*,#2243,.T.);
#6568 = ORIENTED_EDGE('',*,*,#5353,.T.);
#6569 = ADVANCED_FACE('',(#6570),#2111,.T.);
#6570 = FACE_BOUND('',#6571,.T.);
#6571 = EDGE_LOOP('',(#6572,#6593,#6594,#6615));
#6572 = ORIENTED_EDGE('',*,*,#6573,.T.);
#6573 = EDGE_CURVE('',#6574,#2084,#6576,.T.);
#6574 = VERTEX_POINT('',#6575);
#6575 = CARTESIAN_POINT('',(9.,21.006383159248,7.399732371503));
#6576 = SURFACE_CURVE('',#6577,(#6581,#6587),.PCURVE_S1.);
#6577 = ( BOUNDED_CURVE() B_SPLINE_CURVE(2,(#6578,#6579,#6580),
.UNSPECIFIED.,.F.,.F.) B_SPLINE_CURVE_WITH_KNOTS((3,3),(0.,
6.731772745614),.PIECEWISE_BEZIER_KNOTS.) CURVE() 
GEOMETRIC_REPRESENTATION_ITEM() RATIONAL_B_SPLINE_CURVE((1.,
0.865899333823,1.)) REPRESENTATION_ITEM('') );
#6578 = CARTESIAN_POINT('',(9.,21.006383159248,7.399732371503));
#6579 = CARTESIAN_POINT('',(9.,21.002126480524,7.804090469008));
#6580 = CARTESIAN_POINT('',(8.649694318841,21.,8.006092939687));
#6581 = PCURVE('',#2111,#6582);
#6582 = DEFINITIONAL_REPRESENTATION('',(#6583),#6586);
#6583 = B_SPLINE_CURVE_WITH_KNOTS('',1,(#6584,#6585),.UNSPECIFIED.,.F.,
  .F.,(2,2),(0.,6.731772745614),.PIECEWISE_BEZIER_KNOTS.);
#6584 = CARTESIAN_POINT('',(0.,120.42378052093));
#6585 = CARTESIAN_POINT('',(9.90020150621,120.42378052093));
#6586 = ( GEOMETRIC_REPRESENTATION_CONTEXT(2) 
PARAMETRIC_REPRESENTATION_CONTEXT() REPRESENTATION_CONTEXT('2D SPACE',''
  ) );
#6587 = PCURVE('',#5420,#6588);
#6588 = DEFINITIONAL_REPRESENTATION('',(#6589),#6592);
#6589 = B_SPLINE_CURVE_WITH_KNOTS('',1,(#6590,#6591),.UNSPECIFIED.,.F.,
  .F.,(2,2),(0.,6.731772745614),.PIECEWISE_BEZIER_KNOTS.);
#6590 = CARTESIAN_POINT('',(0.,120.42378052093));
#6591 = CARTESIAN_POINT('',(6.731772745614,120.42378052093));
#6592 = ( GEOMETRIC_REPRESENTATION_CONTEXT(2) 
PARAMETRIC_REPRESENTATION_CONTEXT() REPRESENTATION_CONTEXT('2D SPACE',''
  ) );
#6593 = ORIENTED_EDGE('',*,*,#2083,.T.);
#6594 = ORIENTED_EDGE('',*,*,#6595,.F.);
#6595 = EDGE_CURVE('',#6596,#1744,#6598,.T.);
#6596 = VERTEX_POINT('',#6597);
#6597 = CARTESIAN_POINT('',(9.,11.,7.399786708436));
#6598 = SURFACE_CURVE('',#6599,(#6603,#6609),.PCURVE_S1.);
#6599 = ( BOUNDED_CURVE() B_SPLINE_CURVE(2,(#6600,#6601,#6602),
.UNSPECIFIED.,.F.,.F.) B_SPLINE_CURVE_WITH_KNOTS((3,3),(0.,9.90020150621
),.PIECEWISE_BEZIER_KNOTS.) CURVE() GEOMETRIC_REPRESENTATION_ITEM() 
RATIONAL_B_SPLINE_CURVE((1.,0.865926448278,1.)) REPRESENTATION_ITEM('') 
  );
#6600 = CARTESIAN_POINT('',(9.,11.,7.399786708436));
#6601 = CARTESIAN_POINT('',(9.,11.004868832837,7.804087287614));
#6602 = CARTESIAN_POINT('',(8.649830571818,11.014328701104,
    8.006014369295));
#6603 = PCURVE('',#2111,#6604);
#6604 = DEFINITIONAL_REPRESENTATION('',(#6605),#6608);
#6605 = B_SPLINE_CURVE_WITH_KNOTS('',1,(#6606,#6607),.UNSPECIFIED.,.F.,
  .F.,(2,2),(0.,9.90020150621),.PIECEWISE_BEZIER_KNOTS.);
#6606 = CARTESIAN_POINT('',(0.,130.32398202714));
#6607 = CARTESIAN_POINT('',(9.90020150621,130.32398202714));
#6608 = ( GEOMETRIC_REPRESENTATION_CONTEXT(2) 
PARAMETRIC_REPRESENTATION_CONTEXT() REPRESENTATION_CONTEXT('2D SPACE',''
  ) );
#6609 = PCURVE('',#1913,#6610);
#6610 = DEFINITIONAL_REPRESENTATION('',(#6611),#6614);
#6611 = B_SPLINE_CURVE_WITH_KNOTS('',1,(#6612,#6613),.UNSPECIFIED.,.F.,
  .F.,(2,2),(0.,9.90020150621),.PIECEWISE_BEZIER_KNOTS.);
#6612 = CARTESIAN_POINT('',(0.,130.32398202714));
#6613 = CARTESIAN_POINT('',(4.90560362807,130.32398202714));
#6614 = ( GEOMETRIC_REPRESENTATION_CONTEXT(2) 
PARAMETRIC_REPRESENTATION_CONTEXT() REPRESENTATION_CONTEXT('2D SPACE',''
  ) );
#6615 = ORIENTED_EDGE('',*,*,#6616,.F.);
#6616 = EDGE_CURVE('',#6574,#6596,#6617,.T.);
#6617 = SURFACE_CURVE('',#6618,(#6628,#6635),.PCURVE_S1.);
#6618 = ( BOUNDED_CURVE() B_SPLINE_CURVE(8,(#6619,#6620,#6621,#6622,
    #6623,#6624,#6625,#6626,#6627),.UNSPECIFIED.,.F.,.F.) 
B_SPLINE_CURVE_WITH_KNOTS((9,9),(120.42378052093,130.32398202714),
.PIECEWISE_BEZIER_KNOTS.) CURVE() GEOMETRIC_REPRESENTATION_ITEM() 
RATIONAL_B_SPLINE_CURVE((1.,1.,1.,1.,1.,1.,1.,1.,1.)) 
REPRESENTATION_ITEM('') );
#6619 = CARTESIAN_POINT('',(9.,21.006383159248,7.399732371503));
#6620 = CARTESIAN_POINT('',(9.,19.751315684776,7.399648486886));
#6621 = CARTESIAN_POINT('',(9.,18.501233162683,7.399757681566));
#6622 = CARTESIAN_POINT('',(9.,17.25222293347,7.399644662127));
#6623 = CARTESIAN_POINT('',(9.,16.002819668742,7.399759255527));
#6624 = CARTESIAN_POINT('',(9.,14.756248057018,7.399596704996));
#6625 = CARTESIAN_POINT('',(9.,13.504582779521,7.399844943402));
#6626 = CARTESIAN_POINT('',(9.,12.255989871259,7.399566495171));
#6627 = CARTESIAN_POINT('',(9.,11.,7.399786708436));
#6628 = PCURVE('',#2111,#6629);
#6629 = DEFINITIONAL_REPRESENTATION('',(#6630),#6634);
#6630 = LINE('',#6631,#6632);
#6631 = CARTESIAN_POINT('',(0.,0.));
#6632 = VECTOR('',#6633,1.);
#6633 = DIRECTION('',(0.,1.));
#6634 = ( GEOMETRIC_REPRESENTATION_CONTEXT(2) 
PARAMETRIC_REPRESENTATION_CONTEXT() REPRESENTATION_CONTEXT('2D SPACE',''
  ) );
#6635 = PCURVE('',#6636,#6641);
#6636 = PLANE('',#6637);
#6637 = AXIS2_PLACEMENT_3D('',#6638,#6639,#6640);
#6638 = CARTESIAN_POINT('',(9.,11.,0.));
#6639 = DIRECTION('',(-1.,0.,0.));
#6640 = DIRECTION('',(0.,1.,0.));
#6641 = DEFINITIONAL_REPRESENTATION('',(#6642),#6652);
#6642 = B_SPLINE_CURVE_WITH_KNOTS('',8,(#6643,#6644,#6645,#6646,#6647,
    #6648,#6649,#6650,#6651),.UNSPECIFIED.,.F.,.F.,(9,9),(
    120.42378052093,130.32398202714),.PIECEWISE_BEZIER_KNOTS.);
#6643 = CARTESIAN_POINT('',(10.006383159248,-7.399732371503));
#6644 = CARTESIAN_POINT('',(8.751315684776,-7.399648486886));
#6645 = CARTESIAN_POINT('',(7.501233162683,-7.399757681566));
#6646 = CARTESIAN_POINT('',(6.25222293347,-7.399644662126));
#6647 = CARTESIAN_POINT('',(5.002819668742,-7.399759255527));
#6648 = CARTESIAN_POINT('',(3.756248057018,-7.399596704996));
#6649 = CARTESIAN_POINT('',(2.504582779521,-7.399844943402));
#6650 = CARTESIAN_POINT('',(1.255989871259,-7.399566495171));
#6651 = CARTESIAN_POINT('',(1.15463194561E-14,-7.399786708436));
#6652 = ( GEOMETRIC_REPRESENTATION_CONTEXT(2) 
PARAMETRIC_REPRESENTATION_CONTEXT() REPRESENTATION_CONTEXT('2D SPACE',''
  ) );
#6653 = ADVANCED_FACE('',(#6654),#1913,.T.);
#6654 = FACE_BOUND('',#6655,.T.);
#6655 = EDGE_LOOP('',(#6656,#6657,#6658,#6679));
#6656 = ORIENTED_EDGE('',*,*,#6595,.T.);
#6657 = ORIENTED_EDGE('',*,*,#1743,.T.);
#6658 = ORIENTED_EDGE('',*,*,#6659,.F.);
#6659 = EDGE_CURVE('',#6660,#1348,#6662,.T.);
#6660 = VERTEX_POINT('',#6661);
#6661 = CARTESIAN_POINT('',(7.,7.,8.415355344569));
#6662 = SURFACE_CURVE('',#6663,(#6667,#6673),.PCURVE_S1.);
#6663 = ( BOUNDED_CURVE() B_SPLINE_CURVE(2,(#6664,#6665,#6666),
.UNSPECIFIED.,.F.,.F.) B_SPLINE_CURVE_WITH_KNOTS((3,3),(0.,4.90560362807
),.PIECEWISE_BEZIER_KNOTS.) CURVE() GEOMETRIC_REPRESENTATION_ITEM() 
RATIONAL_B_SPLINE_CURVE((1.,0.837246874384,1.)) REPRESENTATION_ITEM('') 
  );
#6664 = CARTESIAN_POINT('',(7.,7.,8.415355344569));
#6665 = CARTESIAN_POINT('',(7.,7.00585816804,8.872503821322));
#6666 = CARTESIAN_POINT('',(6.581532988563,7.019702569877,9.056114117349
    ));
#6667 = PCURVE('',#1913,#6668);
#6668 = DEFINITIONAL_REPRESENTATION('',(#6669),#6672);
#6669 = B_SPLINE_CURVE_WITH_KNOTS('',1,(#6670,#6671),.UNSPECIFIED.,.F.,
  .F.,(2,2),(0.,4.90560362807),.PIECEWISE_BEZIER_KNOTS.);
#6670 = CARTESIAN_POINT('',(0.,135.22958565521));
#6671 = CARTESIAN_POINT('',(4.90560362807,135.22958565521));
#6672 = ( GEOMETRIC_REPRESENTATION_CONTEXT(2) 
PARAMETRIC_REPRESENTATION_CONTEXT() REPRESENTATION_CONTEXT('2D SPACE',''
  ) );
#6673 = PCURVE('',#1561,#6674);
#6674 = DEFINITIONAL_REPRESENTATION('',(#6675),#6678);
#6675 = B_SPLINE_CURVE_WITH_KNOTS('',1,(#6676,#6677),.UNSPECIFIED.,.F.,
  .F.,(2,2),(0.,4.90560362807),.PIECEWISE_BEZIER_KNOTS.);
#6676 = CARTESIAN_POINT('',(0.,135.22958565521));
#6677 = CARTESIAN_POINT('',(22.363185164602,135.22958565521));
#6678 = ( GEOMETRIC_REPRESENTATION_CONTEXT(2) 
PARAMETRIC_REPRESENTATION_CONTEXT() REPRESENTATION_CONTEXT('2D SPACE',''
  ) );
#6679 = ORIENTED_EDGE('',*,*,#6680,.F.);
#6680 = EDGE_CURVE('',#6596,#6660,#6681,.T.);
#6681 = SURFACE_CURVE('',#6682,(#6737,#6744),.PCURVE_S1.);
#6682 = ( BOUNDED_CURVE() B_SPLINE_CURVE(14,(#6683,#6684,#6685,#6686,
    #6687,#6688,#6689,#6690,#6691,#6692,#6693,#6694,#6695,#6696,#6697,
    #6698,#6699,#6700,#6701,#6702,#6703,#6704,#6705,#6706,#6707,#6708,
    #6709,#6710,#6711,#6712,#6713,#6714,#6715,#6716,#6717,#6718,#6719,
    #6720,#6721,#6722,#6723,#6724,#6725,#6726,#6727,#6728,#6729,#6730,
    #6731,#6732,#6733,#6734,#6735,#6736),.UNSPECIFIED.,.F.,.F.) 
B_SPLINE_CURVE_WITH_KNOTS((15,13,13,13,15),(130.32398202714,
    131.46978845159,132.75443941021,134.06195081665,135.22958565521),
.UNSPECIFIED.) CURVE() GEOMETRIC_REPRESENTATION_ITEM() 
RATIONAL_B_SPLINE_CURVE((1.,0.999999999999,1.000000000003,0.999999999992
    ,1.000000000016,0.999999999974,1.000000000034,0.999999999964,
    1.000000000031,0.999999999977,1.000000000013,0.999999999994,
    1.000000000002,1.,1.,0.999999999998,1.000000000004,0.999999999992,
    1.000000000013,0.999999999983,1.000000000019,0.999999999983,
    1.000000000012,0.999999999993,1.000000000003,0.999999999999,1.,1.,
    1.000000000001,0.999999999997,1.000000000007,0.999999999989,
    1.000000000013,0.999999999987,1.00000000001,0.999999999993,
    1.000000000004,0.999999999998,1.000000000001,1.,1.,0.999999999999,
    1.000000000001,0.999999999997,1.000000000004,0.999999999996,
    1.000000000004,0.999999999996,1.000000000003,0.999999999999,
1.000000000001,1.,1.,1.)) REPRESENTATION_ITEM('') );
#6683 = CARTESIAN_POINT('',(9.,11.,7.399786708436));
#6684 = CARTESIAN_POINT('',(9.,10.916932717237,7.399567844809));
#6685 = CARTESIAN_POINT('',(8.997528053773,10.830526484972,
    7.400857590847));
#6686 = CARTESIAN_POINT('',(8.992009326062,10.732196173847,7.40338931485
    ));
#6687 = CARTESIAN_POINT('',(8.982391290706,10.659838971598,
    7.406734217851));
#6688 = CARTESIAN_POINT('',(8.970783300888,10.536053140686,
    7.413079477054));
#6689 = CARTESIAN_POINT('',(8.9520998462,10.49321542744,7.418387247766)
  );
#6690 = CARTESIAN_POINT('',(8.934727305569,10.357247991034,
    7.427651932108));
#6691 = CARTESIAN_POINT('',(8.90836602768,10.310671125868,7.435876005641
    ));
#6692 = CARTESIAN_POINT('',(8.881269712186,10.198747688711,
    7.447347738112));
#6693 = CARTESIAN_POINT('',(8.849093593018,10.129237279267,
    7.458866045564));
#6694 = CARTESIAN_POINT('',(8.813813600489,10.043579266611,
    7.472298328559));
#6695 = CARTESIAN_POINT('',(8.77538367131,9.96655261153,7.486802153852)
  );
#6696 = CARTESIAN_POINT('',(8.734240954581,9.890874140144,7.502615675123
    ));
#6697 = CARTESIAN_POINT('',(8.642066857578,9.736284707826,7.53873891674)
  );
#6698 = CARTESIAN_POINT('',(8.590414217393,9.657917360028,7.559364965025
    ));
#6699 = CARTESIAN_POINT('',(8.536451804043,9.582931463518,7.581474734443
    ));
#6700 = CARTESIAN_POINT('',(8.480736042268,9.511194392735,7.604977325346
    ));
#6701 = CARTESIAN_POINT('',(8.423752288321,9.442455052062,7.629754150975
    ));
#6702 = CARTESIAN_POINT('',(8.365913474565,9.376388424946,7.655670897314
    ));
#6703 = CARTESIAN_POINT('',(8.307561884416,9.31263204265,7.682587131958)
  );
#6704 = CARTESIAN_POINT('',(8.248974057429,9.250814372296,7.710363561942
    ));
#6705 = CARTESIAN_POINT('',(8.19036882486,9.190575124689,7.73886694059)
  );
#6706 = CARTESIAN_POINT('',(8.13191847525,9.131577481316,7.767972623322)
  );
#6707 = CARTESIAN_POINT('',(8.073763050555,9.073512241169,7.797564772481
    ));
#6708 = CARTESIAN_POINT('',(8.016027772307,9.016093886792,7.827534211126
    ));
#6709 = CARTESIAN_POINT('',(7.958843598229,8.959048570024,7.857773925823
    ));
#6710 = CARTESIAN_POINT('',(7.844893284622,8.84412595424,7.919111450646)
  );
#6711 = CARTESIAN_POINT('',(7.788154653684,8.78626049945,7.950193230214)
  );
#6712 = CARTESIAN_POINT('',(7.732276021582,8.728230377267,7.981329804332
    ));
#6713 = CARTESIAN_POINT('',(7.677396908245,8.669782124077,8.012408322817
    ));
#6714 = CARTESIAN_POINT('',(7.623672383586,8.610678031372,8.043294529628
    ));
#6715 = CARTESIAN_POINT('',(7.571270102922,8.5506980889,8.0738364544));
#6716 = CARTESIAN_POINT('',(7.520367342395,8.489641927946,8.103868103971
    ));
#6717 = CARTESIAN_POINT('',(7.471148034419,8.427330764434,8.133213153897
    ));
#6718 = CARTESIAN_POINT('',(7.423799803064,8.363609342229,8.16168864001)
  );
#6719 = CARTESIAN_POINT('',(7.378510999531,8.298347876251,8.189108649902
    ));
#6720 = CARTESIAN_POINT('',(7.335467737527,8.231443995743,8.215288014497
    ));
#6721 = CARTESIAN_POINT('',(7.294850928732,8.162824687428,8.240045999543
    ));
#6722 = CARTESIAN_POINT('',(7.256833318194,8.092448238736,8.263209997165
    ));
#6723 = CARTESIAN_POINT('',(7.190091466611,7.955881825279,8.30373809562)
  );
#6724 = CARTESIAN_POINT('',(7.160778293818,7.890032302543,8.321522535672
    ));
#6725 = CARTESIAN_POINT('',(7.133798406548,7.822746263098,8.337719617168
    ));
#6726 = CARTESIAN_POINT('',(7.109202786799,7.754132123287,8.352401965869
    ));
#6727 = CARTESIAN_POINT('',(7.087027338963,7.684152128816,8.365586856149
    ));
#6728 = CARTESIAN_POINT('',(7.067330510983,7.612714002709,8.377188873482
    ));
#6729 = CARTESIAN_POINT('',(7.050187614316,7.539859344177,8.387113305265
    ));
#6730 = CARTESIAN_POINT('',(7.035658370448,7.465870972043,8.395355161105
    ));
#6731 = CARTESIAN_POINT('',(7.023746315543,7.391204432784,8.402026456337
    ));
#6732 = CARTESIAN_POINT('',(7.014370799539,7.316231920906,8.407292125429
    ));
#6733 = CARTESIAN_POINT('',(7.007374419746,7.240869885565,8.411252664482
    ));
#6734 = CARTESIAN_POINT('',(7.002590833713,7.164244625035,8.413869334964
    ));
#6735 = CARTESIAN_POINT('',(7.,7.084633196997,8.415085493399));
#6736 = CARTESIAN_POINT('',(7.,7.,8.415355344569));
#6737 = PCURVE('',#1913,#6738);
#6738 = DEFINITIONAL_REPRESENTATION('',(#6739),#6743);
#6739 = LINE('',#6740,#6741);
#6740 = CARTESIAN_POINT('',(0.,0.));
#6741 = VECTOR('',#6742,1.);
#6742 = DIRECTION('',(0.,1.));
#6743 = ( GEOMETRIC_REPRESENTATION_CONTEXT(2) 
PARAMETRIC_REPRESENTATION_CONTEXT() REPRESENTATION_CONTEXT('2D SPACE',''
  ) );
#6744 = PCURVE('',#6745,#6753);
#6745 = SURFACE_OF_LINEAR_EXTRUSION('',#6746,#6751);
#6746 = B_SPLINE_CURVE_WITH_KNOTS('',3,(#6747,#6748,#6749,#6750),
  .UNSPECIFIED.,.F.,.F.,(4,4),(0.,1.),.PIECEWISE_BEZIER_KNOTS.);
#6747 = CARTESIAN_POINT('',(7.,7.,0.));
#6748 = CARTESIAN_POINT('',(7.,9.,0.));
#6749 = CARTESIAN_POINT('',(9.,9.,0.));
#6750 = CARTESIAN_POINT('',(9.,11.,0.));
#6751 = VECTOR('',#6752,1.);
#6752 = DIRECTION('',(-0.,-0.,-1.));
#6753 = DEFINITIONAL_REPRESENTATION('',(#6754),#6802);
#6754 = B_SPLINE_CURVE_WITH_KNOTS('',10,(#6755,#6756,#6757,#6758,#6759,
    #6760,#6761,#6762,#6763,#6764,#6765,#6766,#6767,#6768,#6769,#6770,
    #6771,#6772,#6773,#6774,#6775,#6776,#6777,#6778,#6779,#6780,#6781,
    #6782,#6783,#6784,#6785,#6786,#6787,#6788,#6789,#6790,#6791,#6792,
    #6793,#6794,#6795,#6796,#6797,#6798,#6799,#6800,#6801),
  .UNSPECIFIED.,.F.,.F.,(11,9,9,9,9,11),(130.32398202714,130.93718248065
    ,131.55038293416,132.77678384117,134.00318474819,135.22958565521),
  .UNSPECIFIED.);
#6755 = CARTESIAN_POINT('',(1.,-7.399786708436));
#6756 = CARTESIAN_POINT('',(0.989627152236,-7.399622727693));
#6757 = CARTESIAN_POINT('',(0.978681855902,-7.400334552114));
#6758 = CARTESIAN_POINT('',(0.966564364213,-7.401778532111));
#6759 = CARTESIAN_POINT('',(0.955029414611,-7.403862985892));
#6760 = CARTESIAN_POINT('',(0.941966077486,-7.406983446124));
#6761 = CARTESIAN_POINT('',(0.929589975211,-7.410722231128));
#6762 = CARTESIAN_POINT('',(0.916399600657,-7.415344133093));
#6763 = CARTESIAN_POINT('',(0.903163956833,-7.420710502748));
#6764 = CARTESIAN_POINT('',(0.889618900633,-7.426866844537));
#6765 = CARTESIAN_POINT('',(0.862091912467,-7.440724440027));
#6766 = CARTESIAN_POINT('',(0.848101144013,-7.4484279642));
#6767 = CARTESIAN_POINT('',(0.833911928589,-7.456897547116));
#6768 = CARTESIAN_POINT('',(0.819562255364,-7.466125180619));
#6769 = CARTESIAN_POINT('',(0.805094674464,-7.476103941347));
#6770 = CARTESIAN_POINT('',(0.790552589425,-7.486827498449));
#6771 = CARTESIAN_POINT('',(0.775977442974,-7.498288704158));
#6772 = CARTESIAN_POINT('',(0.76140679607,-7.510477266759));
#6773 = CARTESIAN_POINT('',(0.74687330027,-7.523376506381));
#6774 = CARTESIAN_POINT('',(0.70346708956,-7.564124567092));
#6775 = CARTESIAN_POINT('',(0.674789992607,-7.594026722482));
#6776 = CARTESIAN_POINT('',(0.646596979431,-7.626472483253));
#6777 = CARTESIAN_POINT('',(0.618974111142,-7.661129183314));
#6778 = CARTESIAN_POINT('',(0.59191735392,-7.697613097612));
#6779 = CARTESIAN_POINT('',(0.565371283677,-7.735549298732));
#6780 = CARTESIAN_POINT('',(0.539258944481,-7.77460293898));
#6781 = CARTESIAN_POINT('',(0.513502860762,-7.814481958161));
#6782 = CARTESIAN_POINT('',(0.488037203279,-7.854911216859));
#6783 = CARTESIAN_POINT('',(0.437585014463,-7.936244893859));
#6784 = CARTESIAN_POINT('',(0.412599749499,-7.977132467982));
#6785 = CARTESIAN_POINT('',(0.387796887115,-8.018009396863));
#6786 = CARTESIAN_POINT('',(0.363137686602,-8.058554125491));
#6787 = CARTESIAN_POINT('',(0.338602151951,-8.09837616889));
#6788 = CARTESIAN_POINT('',(0.314188090376,-8.137037356344));
#6789 = CARTESIAN_POINT('',(0.28991017086,-8.174073075577));
#6790 = CARTESIAN_POINT('',(0.265798982681,-8.209013516975));
#6791 = CARTESIAN_POINT('',(0.241900093948,-8.24140491777));
#6792 = CARTESIAN_POINT('',(0.194646126336,-8.300256694739));
#6793 = CARTESIAN_POINT('',(0.17129915383,-8.326755757962));
#6794 = CARTESIAN_POINT('',(0.148197192606,-8.349829202668));
#6795 = CARTESIAN_POINT('',(0.125697607226,-8.369302678791));
#6796 = CARTESIAN_POINT('',(0.103406440285,-8.385666020314));
#6797 = CARTESIAN_POINT('',(8.145853735555E-02,-8.397851058603));
#6798 = CARTESIAN_POINT('',(6.049419009029E-02,-8.406121882459));
#6799 = CARTESIAN_POINT('',(4.05720239172E-02,-8.412480878974));
#6800 = CARTESIAN_POINT('',(2.074163322673E-02,-8.414958539003));
#6801 = CARTESIAN_POINT('',(-2.424172123526E-14,-8.415355344569));
#6802 = ( GEOMETRIC_REPRESENTATION_CONTEXT(2) 
PARAMETRIC_REPRESENTATION_CONTEXT() REPRESENTATION_CONTEXT('2D SPACE',''
  ) );
#6803 = ADVANCED_FACE('',(#6804),#1561,.T.);
#6804 = FACE_BOUND('',#6805,.T.);
#6805 = EDGE_LOOP('',(#6806,#7003,#7004,#7005));
#6806 = ORIENTED_EDGE('',*,*,#6807,.F.);
#6807 = EDGE_CURVE('',#6660,#6808,#6810,.T.);
#6808 = VERTEX_POINT('',#6809);
#6809 = CARTESIAN_POINT('',(1.7,0.209567904665,9.71811919949));
#6810 = SURFACE_CURVE('',#6811,(#6870,#6877),.PCURVE_S1.);
#6811 = ( BOUNDED_CURVE() B_SPLINE_CURVE(8,(#6812,#6813,#6814,#6815,
    #6816,#6817,#6818,#6819,#6820,#6821,#6822,#6823,#6824,#6825,#6826,
    #6827,#6828,#6829,#6830,#6831,#6832,#6833,#6834,#6835,#6836,#6837,
    #6838,#6839,#6840,#6841,#6842,#6843,#6844,#6845,#6846,#6847,#6848,
    #6849,#6850,#6851,#6852,#6853,#6854,#6855,#6856,#6857,#6858,#6859,
    #6860,#6861,#6862,#6863,#6864,#6865,#6866,#6867,#6868,#6869),
.UNSPECIFIED.,.F.,.F.) B_SPLINE_CURVE_WITH_KNOTS((9,7,7,7,7,7,7,7,9),(
    135.22958565521,135.23530967393,137.87874206801,140.8151480729,
    146.41272227017,151.98606489383,154.93139017074,157.59011904603,
157.59277081981),.UNSPECIFIED.) CURVE() GEOMETRIC_REPRESENTATION_ITEM() 
RATIONAL_B_SPLINE_CURVE((1.,1.,1.,1.,1.,1.,1.,1.,1.,1.,1.,1.,1.,1.,1.,1.
    ,1.,1.,1.,1.,1.,1.,1.,1.,1.,1.,1.,1.,1.,1.,1.,1.,1.,1.,1.,1.,1.,1.,
    1.,1.,1.,1.,1.,1.,1.,1.,1.,1.,1.,1.,1.,1.,1.,1.,1.,1.,1.,1.)) 
REPRESENTATION_ITEM('') );
#6812 = CARTESIAN_POINT('',(7.,7.,8.415355344569));
#6813 = CARTESIAN_POINT('',(7.,6.999273899771,8.415354557499));
#6814 = CARTESIAN_POINT('',(6.999999913927,6.998547405466,8.415353824423
    ));
#6815 = CARTESIAN_POINT('',(6.999999741613,6.997820515051,8.415353145296
    ));
#6816 = CARTESIAN_POINT('',(6.999999482892,6.997093226488,8.415352520072
    ));
#6817 = CARTESIAN_POINT('',(6.999999137595,6.996365537741,8.415351948706
    ));
#6818 = CARTESIAN_POINT('',(6.999998705557,6.995637446776,8.415351431153
    ));
#6819 = CARTESIAN_POINT('',(6.999998186609,6.994908951555,8.415350967367
    ));
#6820 = CARTESIAN_POINT('',(6.999717709923,6.657563074892,8.415161184375
    ));
#6821 = CARTESIAN_POINT('',(6.98094495383,6.314429579876,8.422911208815)
  );
#6822 = CARTESIAN_POINT('',(6.942342816612,5.971385098058,8.437931457424
    ));
#6823 = CARTESIAN_POINT('',(6.884647610928,5.632824982433,8.460584825687
    ));
#6824 = CARTESIAN_POINT('',(6.808597943267,5.300027037527,8.490280879593
    ));
#6825 = CARTESIAN_POINT('',(6.714814821408,4.9736631695,8.526068740616)
  );
#6826 = CARTESIAN_POINT('',(6.604225235779,4.655695509052,8.567546579732
    ));
#6827 = CARTESIAN_POINT('',(6.336987372514,4.003294614347,8.665234701185
    ));
#6828 = CARTESIAN_POINT('',(6.176585174322,3.671045712007,8.722602825593
    ));
#6829 = CARTESIAN_POINT('',(5.997661306701,3.351219887279,8.784847070211
    ));
#6830 = CARTESIAN_POINT('',(5.8013811272,3.044791126332,8.850860942964)
  );
#6831 = CARTESIAN_POINT('',(5.588838891912,2.752472494046,8.919532603681
    ));
#6832 = CARTESIAN_POINT('',(5.361067131127,2.474825359393,8.989762658732
    ));
#6833 = CARTESIAN_POINT('',(5.11904602498,2.212368620808,9.060481955671)
  );
#6834 = CARTESIAN_POINT('',(4.37697940966,1.495448646277,9.26446535256)
  );
#6835 = CARTESIAN_POINT('',(3.841921288269,1.082470884805,9.396325317967
    ));
#6836 = CARTESIAN_POINT('',(3.264781587278,0.730291916287,9.519115954378
    ));
#6837 = CARTESIAN_POINT('',(2.652087135826,0.442166486041,9.626354322159
    ));
#6838 = CARTESIAN_POINT('',(2.009866141915,0.222102677441,9.711870342636
    ));
#6839 = CARTESIAN_POINT('',(1.346395904007,7.39689738009E-02,
    9.770656648958));
#6840 = CARTESIAN_POINT('',(0.673318577783,-3.552933891982E-06,
    9.800001443688));
#6841 = CARTESIAN_POINT('',(-0.670477533346,3.537747931048E-06,
    9.799998562432));
#6842 = CARTESIAN_POINT('',(-1.341187484149,7.338104328372E-02,
    9.770883135699));
#6843 = CARTESIAN_POINT('',(-2.001177546167,0.220391525677,
    9.712583089221));
#6844 = CARTESIAN_POINT('',(-2.640220402844,0.437871493259,
    9.627964335432));
#6845 = CARTESIAN_POINT('',(-3.252479485702,0.724609218665,
    9.521277287708));
#6846 = CARTESIAN_POINT('',(-3.826534720715,1.073132261692,
    9.399572116539));
#6847 = CARTESIAN_POINT('',(-4.360693733803,1.482914772547,
    9.268471230276));
#6848 = CARTESIAN_POINT('',(-5.103665255174,2.195901857709,
    9.064946874651));
#6849 = CARTESIAN_POINT('',(-5.347179077257,2.458280436409,
    8.993998862474));
#6850 = CARTESIAN_POINT('',(-5.576436015183,2.736017949145,
    8.923482580114));
#6851 = CARTESIAN_POINT('',(-5.790445281091,3.028590466737,
    8.854476831777));
#6852 = CARTESIAN_POINT('',(-5.98813402032,3.335387436343,8.788100744455
    ));
#6853 = CARTESIAN_POINT('',(-6.168367367822,3.655644279683,
    8.725486581686));
#6854 = CARTESIAN_POINT('',(-6.329968504569,3.988374991272,
    8.667752557312));
#6855 = CARTESIAN_POINT('',(-6.599713899713,4.642768220007,
    8.569236920025));
#6856 = CARTESIAN_POINT('',(-6.711495872269,4.962457046005,
    8.527350991001));
#6857 = CARTESIAN_POINT('',(-6.806329044354,5.290107624707,
    8.491086806049));
#6858 = CARTESIAN_POINT('',(-6.883313352106,5.624704148671,
    8.461187866004));
#6859 = CARTESIAN_POINT('',(-6.941588103065,5.965056588221,
    8.438301303827));
#6860 = CARTESIAN_POINT('',(-6.980515824149,6.309378686718,
    8.422906959764));
#6861 = CARTESIAN_POINT('',(-6.999866109623,6.654865955841,
    8.415246456523));
#6862 = CARTESIAN_POINT('',(-6.999999602091,6.997615182848,
    8.415252280236));
#6863 = CARTESIAN_POINT('',(-6.99999971598,6.997956486752,8.415252297843
    ));
#6864 = CARTESIAN_POINT('',(-6.999999810787,6.998297583631,8.41525232724
    ));
#6865 = CARTESIAN_POINT('',(-6.999999886553,6.998638474553,
    8.415252368411));
#6866 = CARTESIAN_POINT('',(-6.999999943316,6.998979160584,
    8.415252421341));
#6867 = CARTESIAN_POINT('',(-6.999999981119,6.999319642791,
    8.415252486015));
#6868 = CARTESIAN_POINT('',(-7.,6.99965992224,8.415252562416));
#6869 = CARTESIAN_POINT('',(-7.,7.,8.41525265053));
#6870 = PCURVE('',#1561,#6871);
#6871 = DEFINITIONAL_REPRESENTATION('',(#6872),#6876);
#6872 = LINE('',#6873,#6874);
#6873 = CARTESIAN_POINT('',(0.,0.));
#6874 = VECTOR('',#6875,1.);
#6875 = DIRECTION('',(0.,1.));
#6876 = ( GEOMETRIC_REPRESENTATION_CONTEXT(2) 
PARAMETRIC_REPRESENTATION_CONTEXT() REPRESENTATION_CONTEXT('2D SPACE',''
  ) );
#6877 = PCURVE('',#4666,#6878);
#6878 = DEFINITIONAL_REPRESENTATION('',(#6879),#7002);
#6879 = B_SPLINE_CURVE_WITH_KNOTS('',11,(#6880,#6881,#6882,#6883,#6884,
    #6885,#6886,#6887,#6888,#6889,#6890,#6891,#6892,#6893,#6894,#6895,
    #6896,#6897,#6898,#6899,#6900,#6901,#6902,#6903,#6904,#6905,#6906,
    #6907,#6908,#6909,#6910,#6911,#6912,#6913,#6914,#6915,#6916,#6917,
    #6918,#6919,#6920,#6921,#6922,#6923,#6924,#6925,#6926,#6927,#6928,
    #6929,#6930,#6931,#6932,#6933,#6934,#6935,#6936,#6937,#6938,#6939,
    #6940,#6941,#6942,#6943,#6944,#6945,#6946,#6947,#6948,#6949,#6950,
    #6951,#6952,#6953,#6954,#6955,#6956,#6957,#6958,#6959,#6960,#6961,
    #6962,#6963,#6964,#6965,#6966,#6967,#6968,#6969,#6970,#6971,#6972,
    #6973,#6974,#6975,#6976,#6977,#6978,#6979,#6980,#6981,#6982,#6983,
    #6984,#6985,#6986,#6987,#6988,#6989,#6990,#6991,#6992,#6993,#6994,
    #6995,#6996,#6997,#6998,#6999,#7000,#7001),.UNSPECIFIED.,.F.,.F.,(12
    ,10,10,10,10,10,10,10,10,10,10,10,12),(135.22958565521,
    135.5790104234,135.9284351916,136.62728472799,138.02498380078,
    140.82038194636,146.41117823751,152.00197452866,154.79737267423,
    156.19507174702,156.89392128342,157.24334605161,157.59277081981),
  .UNSPECIFIED.);
#6880 = CARTESIAN_POINT('',(-3.14159265359,-8.415355344569));
#6881 = CARTESIAN_POINT('',(-3.136987453808,-8.41532040133));
#6882 = CARTESIAN_POINT('',(-3.132308230987,-8.415376843179));
#6883 = CARTESIAN_POINT('',(-3.127736842807,-8.415466995491));
#6884 = CARTESIAN_POINT('',(-3.123060685286,-8.415657635489));
#6885 = CARTESIAN_POINT('',(-3.118383593503,-8.415915768954));
#6886 = CARTESIAN_POINT('',(-3.113759900219,-8.41622407353));
#6887 = CARTESIAN_POINT('',(-3.109103445819,-8.416609582199));
#6888 = CARTESIAN_POINT('',(-3.104400926779,-8.417076361226));
#6889 = CARTESIAN_POINT('',(-3.099752200269,-8.417592796367));
#6890 = CARTESIAN_POINT('',(-3.095069028773,-8.418186638736));
#6891 = CARTESIAN_POINT('',(-3.085707474292,-8.419505717847));
#6892 = CARTESIAN_POINT('',(-3.081023105339,-8.420232864326));
#6893 = CARTESIAN_POINT('',(-3.076335488866,-8.42102742222));
#6894 = CARTESIAN_POINT('',(-3.071644969063,-8.421889196012));
#6895 = CARTESIAN_POINT('',(-3.066951890125,-8.422817990201));
#6896 = CARTESIAN_POINT('',(-3.062256596238,-8.423813609257));
#6897 = CARTESIAN_POINT('',(-3.057559431601,-8.424875857692));
#6898 = CARTESIAN_POINT('',(-3.052860740399,-8.426004539973));
#6899 = CARTESIAN_POINT('',(-3.048160866829,-8.427199460604));
#6900 = CARTESIAN_POINT('',(-3.043460155078,-8.428460424064));
#6901 = CARTESIAN_POINT('',(-3.029356537867,-8.432440856409));
#6902 = CARTESIAN_POINT('',(-3.019951783691,-8.435357786702));
#6903 = CARTESIAN_POINT('',(-3.010546651973,-8.43853641244));
#6904 = CARTESIAN_POINT('',(-3.001142907972,-8.441974874501));
#6905 = CARTESIAN_POINT('',(-2.99174211704,-8.445671067978));
#6906 = CARTESIAN_POINT('',(-2.982345644629,-8.449622642087));
#6907 = CARTESIAN_POINT('',(-2.972954656288,-8.453827000295));
#6908 = CARTESIAN_POINT('',(-2.963570117662,-8.458281300178));
#6909 = CARTESIAN_POINT('',(-2.954192794493,-8.462982453546));
#6910 = CARTESIAN_POINT('',(-2.94482325262,-8.467927126356));
#6911 = CARTESIAN_POINT('',(-2.916739068704,-8.48348096357));
#6912 = CARTESIAN_POINT('',(-2.898049683689,-8.494810242626));
#6913 = CARTESIAN_POINT('',(-2.87939702453,-8.507070278691));
#6914 = CARTESIAN_POINT('',(-2.860783905579,-8.520230479761));
#6915 = CARTESIAN_POINT('',(-2.842212633977,-8.534258959111));
#6916 = CARTESIAN_POINT('',(-2.823685009613,-8.549122535243));
#6917 = CARTESIAN_POINT('',(-2.805202325175,-8.564786731932));
#6918 = CARTESIAN_POINT('',(-2.786765366096,-8.581215778191));
#6919 = CARTESIAN_POINT('',(-2.7683744106,-8.598372608297));
#6920 = CARTESIAN_POINT('',(-2.750029229672,-8.616218861771));
#6921 = CARTESIAN_POINT('',(-2.69512880187,-8.671706926641));
#6922 = CARTESIAN_POINT('',(-2.658712386528,-8.711298611703));
#6923 = CARTESIAN_POINT('',(-2.622482155779,-8.753171325253));
#6924 = CARTESIAN_POINT('',(-2.586434657121,-8.797002949141));
#6925 = CARTESIAN_POINT('',(-2.550561795907,-8.84246957104));
#6926 = CARTESIAN_POINT('',(-2.514851960339,-8.88924719484));
#6927 = CARTESIAN_POINT('',(-2.479291146604,-8.937013451383));
#6928 = CARTESIAN_POINT('',(-2.443864083845,-8.985449308831));
#6929 = CARTESIAN_POINT('',(-2.408555359287,-9.03424078335));
#6930 = CARTESIAN_POINT('',(-2.373350543244,-9.083080649575));
#6931 = CARTESIAN_POINT('',(-2.268010856112,-9.228849154445));
#6932 = CARTESIAN_POINT('',(-2.198140792693,-9.32501213391));
#6933 = CARTESIAN_POINT('',(-2.128519081495,-9.417786298542));
#6934 = CARTESIAN_POINT('',(-2.05902171489,-9.50487112897));
#6935 = CARTESIAN_POINT('',(-1.989537463587,-9.584070952768));
#6936 = CARTESIAN_POINT('',(-1.919986817934,-9.653344518235));
#6937 = CARTESIAN_POINT('',(-1.85033112679,-9.710871565509));
#6938 = CARTESIAN_POINT('',(-1.780571934257,-9.755136396558));
#6939 = CARTESIAN_POINT('',(-1.710740513947,-9.785028442384));
#6940 = CARTESIAN_POINT('',(-1.640877601089,-9.799959828935));
#6941 = CARTESIAN_POINT('',(-1.501129043395,-9.800040052266));
#6942 = CARTESIAN_POINT('',(-1.431223367183,-9.785150348484));
#6943 = CARTESIAN_POINT('',(-1.361411938765,-9.755368564857));
#6944 = CARTESIAN_POINT('',(-1.291690270149,-9.711214429689));
#6945 = CARTESIAN_POINT('',(-1.222043207471,-9.65374635821));
#6946 = CARTESIAN_POINT('',(-1.152473146498,-9.584495659816));
#6947 = CARTESIAN_POINT('',(-1.082974296384,-9.505333060534));
#6948 = CARTESIAN_POINT('',(-1.013490291832,-9.41832234582));
#6949 = CARTESIAN_POINT('',(-0.943892453688,-9.325615925386));
#6950 = CARTESIAN_POINT('',(-0.874015998111,-9.229447125119));
#6951 = CARTESIAN_POINT('',(-0.768679242482,-9.083687449983));
#6952 = CARTESIAN_POINT('',(-0.733479916391,-9.034839402466));
#6953 = CARTESIAN_POINT('',(-0.698174614496,-8.986038084337));
#6954 = CARTESIAN_POINT('',(-0.662746429007,-8.937594340998));
#6955 = CARTESIAN_POINT('',(-0.627180445915,-8.8898216445));
#6956 = CARTESIAN_POINT('',(-0.591463745018,-8.843036093919));
#6957 = CARTESIAN_POINT('',(-0.555585399889,-8.797556414866));
#6958 = CARTESIAN_POINT('',(-0.519536477908,-8.753703960003));
#6959 = CARTESIAN_POINT('',(-0.483310040237,-8.711802708598));
#6960 = CARTESIAN_POINT('',(-0.446901141837,-8.672179266838));
#6961 = CARTESIAN_POINT('',(-0.392009676265,-8.616654668062));
#6962 = CARTESIAN_POINT('',(-0.373665861972,-8.598794903685));
#6963 = CARTESIAN_POINT('',(-0.355275860343,-8.581623614297));
#6964 = CARTESIAN_POINT('',(-0.336840382328,-8.565179465615));
#6965 = CARTESIAN_POINT('',(-0.318360378057,-8.549499749213));
#6966 = CARTESIAN_POINT('',(-0.29983703685,-8.534620382672));
#6967 = CARTESIAN_POINT('',(-0.281271787205,-8.520575909372));
#6968 = CARTESIAN_POINT('',(-0.262666296808,-8.507399498729));
#6969 = CARTESIAN_POINT('',(-0.244022472525,-8.495122945973));
#6970 = CARTESIAN_POINT('',(-0.225342460409,-8.483776672315));
#6971 = CARTESIAN_POINT('',(-0.197271738338,-8.468196251117));
#6972 = CARTESIAN_POINT('',(-0.187905962585,-8.463243384162));
#6973 = CARTESIAN_POINT('',(-0.178532084567,-8.458533759116));
#6974 = CARTESIAN_POINT('',(-0.169150870415,-8.454070011121));
#6975 = CARTESIAN_POINT('',(-0.15976308626,-8.449854775303));
#6976 = CARTESIAN_POINT('',(-0.150369498231,-8.445890686806));
#6977 = CARTESIAN_POINT('',(-0.140970872461,-8.442180380757));
#6978 = CARTESIAN_POINT('',(-0.131567975079,-8.438726492297));
#6979 = CARTESIAN_POINT('',(-0.122161572216,-8.435531656557));
#6980 = CARTESIAN_POINT('',(-0.112752430004,-8.432598508674));
#6981 = CARTESIAN_POINT('',(-9.863575685675E-02,-8.428595271337));
#6982 = CARTESIAN_POINT('',(-9.392980807232E-02,-8.427326723248));
#6983 = CARTESIAN_POINT('',(-8.922365928869E-02,-8.426124200035));
#6984 = CARTESIAN_POINT('',(-8.451750157568E-02,-8.424987862226));
#6985 = CARTESIAN_POINT('',(-7.981152600243E-02,-8.423917870331));
#6986 = CARTESIAN_POINT('',(-7.510592363907E-02,-8.42291438488));
#6987 = CARTESIAN_POINT('',(-7.040088555462E-02,-8.421977566392));
#6988 = CARTESIAN_POINT('',(-6.56966028191E-02,-8.421107575383));
#6989 = CARTESIAN_POINT('',(-6.099326650179E-02,-8.420304572381));
#6990 = CARTESIAN_POINT('',(-5.629106767243E-02,-8.419568717901));
#6991 = CARTESIAN_POINT('',(-4.68893271286E-02,-8.418231627035));
#6992 = CARTESIAN_POINT('',(-4.218026375911E-02,-8.417628919284));
#6993 = CARTESIAN_POINT('',(-3.754836013405E-02,-8.417104348401));
#6994 = CARTESIAN_POINT('',(-3.263107214421E-02,-8.416605974552));
#6995 = CARTESIAN_POINT('',(-2.840636572256E-02,-8.416274042086));
#6996 = CARTESIAN_POINT('',(-2.302811541427E-02,-8.41584385745));
#6997 = CARTESIAN_POINT('',(-1.905803365272E-02,-8.415682698327));
#6998 = CARTESIAN_POINT('',(-1.383131577713E-02,-8.415408456446));
#6999 = CARTESIAN_POINT('',(-9.435415579157E-03,-8.415320361459));
#7000 = CARTESIAN_POINT('',(-4.655804176624E-03,-8.415244206292));
#7001 = CARTESIAN_POINT('',(-5.125345618896E-16,-8.41525265053));
#7002 = ( GEOMETRIC_REPRESENTATION_CONTEXT(2) 
PARAMETRIC_REPRESENTATION_CONTEXT() REPRESENTATION_CONTEXT('2D SPACE',''
  ) );
#7003 = ORIENTED_EDGE('',*,*,#6659,.T.);
#7004 = ORIENTED_EDGE('',*,*,#1347,.T.);
#7005 = ORIENTED_EDGE('',*,*,#7006,.T.);
#7006 = EDGE_CURVE('',#1314,#6808,#7007,.T.);
#7007 = SURFACE_CURVE('',#7008,(#7031,#7057),.PCURVE_S1.);
#7008 = B_SPLINE_CURVE_WITH_KNOTS('',6,(#7009,#7010,#7011,#7012,#7013,
    #7014,#7015,#7016,#7017,#7018,#7019,#7020,#7021,#7022,#7023,#7024,
    #7025,#7026,#7027,#7028,#7029,#7030),.UNSPECIFIED.,.F.,.F.,(7,5,5,5,
    7),(0.,0.267997328803,0.534024270325,0.766940467639,1.),
  .UNSPECIFIED.);
#7009 = CARTESIAN_POINT('',(1.7,0.912207731429,10.403665394102));
#7010 = CARTESIAN_POINT('',(1.7,0.867270945576,10.403665366136));
#7011 = CARTESIAN_POINT('',(1.7,0.82106547816,10.400399415016));
#7012 = CARTESIAN_POINT('',(1.7,0.773988280092,10.393491253748));
#7013 = CARTESIAN_POINT('',(1.7,0.726569271807,10.382615402193));
#7014 = CARTESIAN_POINT('',(1.7,0.679472964938,10.367586962222));
#7015 = CARTESIAN_POINT('',(1.7,0.58765164101,10.329392060262));
#7016 = CARTESIAN_POINT('',(1.7,0.542911876622,10.306286066449));
#7017 = CARTESIAN_POINT('',(1.7,0.49985085993,10.27911287902));
#7018 = CARTESIAN_POINT('',(1.7,0.459180617514,10.248071524079));
#7019 = CARTESIAN_POINT('',(1.7,0.421527496358,10.213588004761));
#7020 = CARTESIAN_POINT('',(1.7,0.357411630317,10.14349489242));
#7021 = CARTESIAN_POINT('',(1.7,0.330139470237,10.108559695838));
#7022 = CARTESIAN_POINT('',(1.7,0.305829065421,10.071781152278));
#7023 = CARTESIAN_POINT('',(1.7,0.284683790552,10.033608310558));
#7024 = CARTESIAN_POINT('',(1.7,0.266772403525,9.994511654494));
#7025 = CARTESIAN_POINT('',(1.7,0.237334285853,9.915323338567));
#7026 = CARTESIAN_POINT('',(1.7,0.225811397498,9.875231112923));
#7027 = CARTESIAN_POINT('',(1.7,0.217452355298,9.83509273766));
#7028 = CARTESIAN_POINT('',(1.7,0.212111647377,9.795318067647));
#7029 = CARTESIAN_POINT('',(1.7,0.209567933164,9.75624087902));
#7030 = CARTESIAN_POINT('',(1.7,0.209567904665,9.71811919949));
#7031 = PCURVE('',#1561,#7032);
#7032 = DEFINITIONAL_REPRESENTATION('',(#7033),#7056);
#7033 = B_SPLINE_CURVE_WITH_KNOTS('',6,(#7034,#7035,#7036,#7037,#7038,
    #7039,#7040,#7041,#7042,#7043,#7044,#7045,#7046,#7047,#7048,#7049,
    #7050,#7051,#7052,#7053,#7054,#7055),.UNSPECIFIED.,.F.,.F.,(7,5,5,5,
    7),(0.,0.267997328803,0.534024270325,0.766940467639,1.),
  .UNSPECIFIED.);
#7034 = CARTESIAN_POINT('',(22.363185164602,144.51778959822));
#7035 = CARTESIAN_POINT('',(21.364183189128,144.53098750287));
#7036 = CARTESIAN_POINT('',(20.365234003053,144.54391556494));
#7037 = CARTESIAN_POINT('',(19.366334147725,144.55641609494));
#7038 = CARTESIAN_POINT('',(18.367477103027,144.56831600309));
#7039 = CARTESIAN_POINT('',(17.368652512076,144.57944291784));
#7040 = CARTESIAN_POINT('',(15.378393238107,144.59978220508));
#7041 = CARTESIAN_POINT('',(14.38695666402,144.60900802103));
#7042 = CARTESIAN_POINT('',(13.395534633123,144.61718394557));
#7043 = CARTESIAN_POINT('',(12.404115528154,144.62418980364));
#7044 = CARTESIAN_POINT('',(11.412687089182,144.62995257546));
#7045 = CARTESIAN_POINT('',(9.553198686063,144.63838399137));
#7046 = CARTESIAN_POINT('',(8.685140724241,144.64134847156));
#7047 = CARTESIAN_POINT('',(7.8170651328,144.64332509219));
#7048 = CARTESIAN_POINT('',(6.94896558594,144.64432611111));
#7049 = CARTESIAN_POINT('',(6.08083729609,144.64439144427));
#7050 = CARTESIAN_POINT('',(4.343985587939,144.64276546635));
#7051 = CARTESIAN_POINT('',(3.475261206658,144.64107309093));
#7052 = CARTESIAN_POINT('',(2.606502676298,144.63855930228));
#7053 = CARTESIAN_POINT('',(1.737706970966,144.63530012135));
#7054 = CARTESIAN_POINT('',(0.868872751617,144.63137995848));
#7055 = CARTESIAN_POINT('',(0.,144.62688361621));
#7056 = ( GEOMETRIC_REPRESENTATION_CONTEXT(2) 
PARAMETRIC_REPRESENTATION_CONTEXT() REPRESENTATION_CONTEXT('2D SPACE',''
  ) );
#7057 = PCURVE('',#1333,#7058);
#7058 = DEFINITIONAL_REPRESENTATION('',(#7059),#7082);
#7059 = B_SPLINE_CURVE_WITH_KNOTS('',6,(#7060,#7061,#7062,#7063,#7064,
    #7065,#7066,#7067,#7068,#7069,#7070,#7071,#7072,#7073,#7074,#7075,
    #7076,#7077,#7078,#7079,#7080,#7081),.UNSPECIFIED.,.F.,.F.,(7,5,5,5,
    7),(0.,0.267997328803,0.534024270325,0.766940467639,1.),
  .UNSPECIFIED.);
#7060 = CARTESIAN_POINT('',(7.103665394102,-2.912207731429));
#7061 = CARTESIAN_POINT('',(7.103665366136,-2.867270945576));
#7062 = CARTESIAN_POINT('',(7.100399415016,-2.82106547816));
#7063 = CARTESIAN_POINT('',(7.093491253748,-2.773988280092));
#7064 = CARTESIAN_POINT('',(7.082615402193,-2.726569271807));
#7065 = CARTESIAN_POINT('',(7.067586962222,-2.679472964938));
#7066 = CARTESIAN_POINT('',(7.029392060262,-2.58765164101));
#7067 = CARTESIAN_POINT('',(7.006286066449,-2.542911876622));
#7068 = CARTESIAN_POINT('',(6.97911287902,-2.49985085993));
#7069 = CARTESIAN_POINT('',(6.948071524079,-2.459180617514));
#7070 = CARTESIAN_POINT('',(6.913588004761,-2.421527496358));
#7071 = CARTESIAN_POINT('',(6.84349489242,-2.357411630317));
#7072 = CARTESIAN_POINT('',(6.808559695838,-2.330139470237));
#7073 = CARTESIAN_POINT('',(6.771781152278,-2.305829065421));
#7074 = CARTESIAN_POINT('',(6.733608310558,-2.284683790552));
#7075 = CARTESIAN_POINT('',(6.694511654494,-2.266772403525));
#7076 = CARTESIAN_POINT('',(6.615323338567,-2.237334285853));
#7077 = CARTESIAN_POINT('',(6.575231112923,-2.225811397498));
#7078 = CARTESIAN_POINT('',(6.53509273766,-2.217452355298));
#7079 = CARTESIAN_POINT('',(6.495318067647,-2.212111647377));
#7080 = CARTESIAN_POINT('',(6.45624087902,-2.209567933164));
#7081 = CARTESIAN_POINT('',(6.41811919949,-2.209567904665));
#7082 = ( GEOMETRIC_REPRESENTATION_CONTEXT(2) 
PARAMETRIC_REPRESENTATION_CONTEXT() REPRESENTATION_CONTEXT('2D SPACE',''
  ) );
#7083 = ADVANCED_FACE('',(#7084),#1333,.F.);
#7084 = FACE_BOUND('',#7085,.F.);
#7085 = EDGE_LOOP('',(#7086,#7107,#7130,#7151,#7229,#7230));
#7086 = ORIENTED_EDGE('',*,*,#7087,.T.);
#7087 = EDGE_CURVE('',#6808,#7088,#7090,.T.);
#7088 = VERTEX_POINT('',#7089);
#7089 = CARTESIAN_POINT('',(1.7,0.209565551454,3.3));
#7090 = SURFACE_CURVE('',#7091,(#7095,#7101),.PCURVE_S1.);
#7091 = LINE('',#7092,#7093);
#7092 = CARTESIAN_POINT('',(1.7,0.209565551454,0.));
#7093 = VECTOR('',#7094,1.);
#7094 = DIRECTION('',(-0.,-0.,-1.));
#7095 = PCURVE('',#1333,#7096);
#7096 = DEFINITIONAL_REPRESENTATION('',(#7097),#7100);
#7097 = B_SPLINE_CURVE_WITH_KNOTS('',1,(#7098,#7099),.UNSPECIFIED.,.F.,
  .F.,(2,2),(-9.800040652266,-2.3),.PIECEWISE_BEZIER_KNOTS.);
#7098 = CARTESIAN_POINT('',(6.500040652266,-2.209565551454));
#7099 = CARTESIAN_POINT('',(-1.,-2.209565551454));
#7100 = ( GEOMETRIC_REPRESENTATION_CONTEXT(2) 
PARAMETRIC_REPRESENTATION_CONTEXT() REPRESENTATION_CONTEXT('2D SPACE',''
  ) );
#7101 = PCURVE('',#4666,#7102);
#7102 = DEFINITIONAL_REPRESENTATION('',(#7103),#7106);
#7103 = B_SPLINE_CURVE_WITH_KNOTS('',1,(#7104,#7105),.UNSPECIFIED.,.F.,
  .F.,(2,2),(-9.800040652266,-2.3),.PIECEWISE_BEZIER_KNOTS.);
#7104 = CARTESIAN_POINT('',(-1.816106416642,-9.800040652266));
#7105 = CARTESIAN_POINT('',(-1.816106416642,-2.3));
#7106 = ( GEOMETRIC_REPRESENTATION_CONTEXT(2) 
PARAMETRIC_REPRESENTATION_CONTEXT() REPRESENTATION_CONTEXT('2D SPACE',''
  ) );
#7107 = ORIENTED_EDGE('',*,*,#7108,.T.);
#7108 = EDGE_CURVE('',#7088,#7109,#7111,.T.);
#7109 = VERTEX_POINT('',#7110);
#7110 = CARTESIAN_POINT('',(1.7,6.,3.3));
#7111 = SURFACE_CURVE('',#7112,(#7116,#7123),.PCURVE_S1.);
#7112 = LINE('',#7113,#7114);
#7113 = CARTESIAN_POINT('',(1.7,-2.,3.3));
#7114 = VECTOR('',#7115,1.);
#7115 = DIRECTION('',(0.,1.,0.));
#7116 = PCURVE('',#1333,#7117);
#7117 = DEFINITIONAL_REPRESENTATION('',(#7118),#7122);
#7118 = LINE('',#7119,#7120);
#7119 = CARTESIAN_POINT('',(0.,0.));
#7120 = VECTOR('',#7121,1.);
#7121 = DIRECTION('',(0.,-1.));
#7122 = ( GEOMETRIC_REPRESENTATION_CONTEXT(2) 
PARAMETRIC_REPRESENTATION_CONTEXT() REPRESENTATION_CONTEXT('2D SPACE',''
  ) );
#7123 = PCURVE('',#4693,#7124);
#7124 = DEFINITIONAL_REPRESENTATION('',(#7125),#7129);
#7125 = LINE('',#7126,#7127);
#7126 = CARTESIAN_POINT('',(3.4,0.));
#7127 = VECTOR('',#7128,1.);
#7128 = DIRECTION('',(0.,1.));
#7129 = ( GEOMETRIC_REPRESENTATION_CONTEXT(2) 
PARAMETRIC_REPRESENTATION_CONTEXT() REPRESENTATION_CONTEXT('2D SPACE',''
  ) );
#7130 = ORIENTED_EDGE('',*,*,#7131,.F.);
#7131 = EDGE_CURVE('',#7132,#7109,#7134,.T.);
#7132 = VERTEX_POINT('',#7133);
#7133 = CARTESIAN_POINT('',(1.7,6.,9.799667456764));
#7134 = SURFACE_CURVE('',#7135,(#7139,#7145),.PCURVE_S1.);
#7135 = LINE('',#7136,#7137);
#7136 = CARTESIAN_POINT('',(1.7,6.,2.65));
#7137 = VECTOR('',#7138,1.);
#7138 = DIRECTION('',(0.,0.,-1.));
#7139 = PCURVE('',#1333,#7140);
#7140 = DEFINITIONAL_REPRESENTATION('',(#7141),#7144);
#7141 = B_SPLINE_CURVE_WITH_KNOTS('',1,(#7142,#7143),.UNSPECIFIED.,.F.,
  .F.,(2,2),(-7.250000055949,-0.65),.PIECEWISE_BEZIER_KNOTS.);
#7142 = CARTESIAN_POINT('',(6.600000055949,-8.));
#7143 = CARTESIAN_POINT('',(0.,-8.));
#7144 = ( GEOMETRIC_REPRESENTATION_CONTEXT(2) 
PARAMETRIC_REPRESENTATION_CONTEXT() REPRESENTATION_CONTEXT('2D SPACE',''
  ) );
#7145 = PCURVE('',#4610,#7146);
#7146 = DEFINITIONAL_REPRESENTATION('',(#7147),#7150);
#7147 = B_SPLINE_CURVE_WITH_KNOTS('',1,(#7148,#7149),.UNSPECIFIED.,.F.,
  .F.,(2,2),(-7.250000055949,-0.65),.PIECEWISE_BEZIER_KNOTS.);
#7148 = CARTESIAN_POINT('',(4.7,-7.900000055949));
#7149 = CARTESIAN_POINT('',(4.7,-1.3));
#7150 = ( GEOMETRIC_REPRESENTATION_CONTEXT(2) 
PARAMETRIC_REPRESENTATION_CONTEXT() REPRESENTATION_CONTEXT('2D SPACE',''
  ) );
#7151 = ORIENTED_EDGE('',*,*,#7152,.T.);
#7152 = EDGE_CURVE('',#7132,#1046,#7153,.T.);
#7153 = SURFACE_CURVE('',#7154,(#7177,#7203),.PCURVE_S1.);
#7154 = B_SPLINE_CURVE_WITH_KNOTS('',6,(#7155,#7156,#7157,#7158,#7159,
    #7160,#7161,#7162,#7163,#7164,#7165,#7166,#7167,#7168,#7169,#7170,
    #7171,#7172,#7173,#7174,#7175,#7176),.UNSPECIFIED.,.F.,.F.,(7,5,5,5,
    7),(0.,0.257815382793,0.516067979046,0.758253787213,1.),
  .UNSPECIFIED.);
#7155 = CARTESIAN_POINT('',(1.7,6.,9.799667456764));
#7156 = CARTESIAN_POINT('',(1.7,6.,9.83645444204));
#7157 = CARTESIAN_POINT('',(1.7,5.997330547461,9.874333151693));
#7158 = CARTESIAN_POINT('',(1.7,5.991694795204,9.912996148407));
#7159 = CARTESIAN_POINT('',(1.7,5.982837902395,9.952034214636));
#7160 = CARTESIAN_POINT('',(1.7,5.97061185953,9.990936461077));
#7161 = CARTESIAN_POINT('',(1.7,5.939396657729,10.067455613077));
#7162 = CARTESIAN_POINT('',(1.7,5.92039576139,10.10507058345));
#7163 = CARTESIAN_POINT('',(1.7,5.898015030249,10.141466776885));
#7164 = CARTESIAN_POINT('',(1.7,5.872400621655,10.176071307479));
#7165 = CARTESIAN_POINT('',(1.7,5.843875317994,10.208366465153));
#7166 = CARTESIAN_POINT('',(1.7,5.783795361151,10.265715865783));
#7167 = CARTESIAN_POINT('',(1.7,5.752539249704,10.291095889946));
#7168 = CARTESIAN_POINT('',(1.7,5.719458025968,10.313779011584));
#7169 = CARTESIAN_POINT('',(1.7,5.684992991007,10.333539122572));
#7170 = CARTESIAN_POINT('',(1.7,5.649613815416,10.350287472435));
#7171 = CARTESIAN_POINT('',(1.7,5.577971598556,10.377779234771));
#7172 = CARTESIAN_POINT('',(1.7,5.541709980715,10.388533713746));
#7173 = CARTESIAN_POINT('',(1.7,5.505412720749,10.396330635829));
#7174 = CARTESIAN_POINT('',(1.7,5.469488642722,10.401303966792));
#7175 = CARTESIAN_POINT('',(1.7,5.434268098525,10.40366728042));
#7176 = CARTESIAN_POINT('',(1.7,5.400003027216,10.403667286287));
#7177 = PCURVE('',#1333,#7178);
#7178 = DEFINITIONAL_REPRESENTATION('',(#7179),#7202);
#7179 = B_SPLINE_CURVE_WITH_KNOTS('',6,(#7180,#7181,#7182,#7183,#7184,
    #7185,#7186,#7187,#7188,#7189,#7190,#7191,#7192,#7193,#7194,#7195,
    #7196,#7197,#7198,#7199,#7200,#7201),.UNSPECIFIED.,.F.,.F.,(7,5,5,5,
    7),(0.,0.257815382793,0.516067979046,0.758253787213,1.),
  .UNSPECIFIED.);
#7180 = CARTESIAN_POINT('',(6.499667456764,-8.));
#7181 = CARTESIAN_POINT('',(6.53645444204,-8.));
#7182 = CARTESIAN_POINT('',(6.574333151693,-7.997330547461));
#7183 = CARTESIAN_POINT('',(6.612996148407,-7.991694795204));
#7184 = CARTESIAN_POINT('',(6.652034214636,-7.982837902395));
#7185 = CARTESIAN_POINT('',(6.690936461077,-7.97061185953));
#7186 = CARTESIAN_POINT('',(6.767455613077,-7.939396657729));
#7187 = CARTESIAN_POINT('',(6.80507058345,-7.92039576139));
#7188 = CARTESIAN_POINT('',(6.841466776885,-7.898015030249));
#7189 = CARTESIAN_POINT('',(6.876071307479,-7.872400621655));
#7190 = CARTESIAN_POINT('',(6.908366465153,-7.843875317994));
#7191 = CARTESIAN_POINT('',(6.965715865783,-7.783795361151));
#7192 = CARTESIAN_POINT('',(6.991095889946,-7.752539249704));
#7193 = CARTESIAN_POINT('',(7.013779011584,-7.719458025968));
#7194 = CARTESIAN_POINT('',(7.033539122572,-7.684992991007));
#7195 = CARTESIAN_POINT('',(7.050287472435,-7.649613815416));
#7196 = CARTESIAN_POINT('',(7.077779234771,-7.577971598556));
#7197 = CARTESIAN_POINT('',(7.088533713746,-7.541709980715));
#7198 = CARTESIAN_POINT('',(7.096330635829,-7.505412720749));
#7199 = CARTESIAN_POINT('',(7.101303966792,-7.469488642722));
#7200 = CARTESIAN_POINT('',(7.10366728042,-7.434268098525));
#7201 = CARTESIAN_POINT('',(7.103667286287,-7.400003027216));
#7202 = ( GEOMETRIC_REPRESENTATION_CONTEXT(2) 
PARAMETRIC_REPRESENTATION_CONTEXT() REPRESENTATION_CONTEXT('2D SPACE',''
  ) );
#7203 = PCURVE('',#1227,#7204);
#7204 = DEFINITIONAL_REPRESENTATION('',(#7205),#7228);
#7205 = B_SPLINE_CURVE_WITH_KNOTS('',6,(#7206,#7207,#7208,#7209,#7210,
    #7211,#7212,#7213,#7214,#7215,#7216,#7217,#7218,#7219,#7220,#7221,
    #7222,#7223,#7224,#7225,#7226,#7227),.UNSPECIFIED.,.F.,.F.,(7,5,5,5,
    7),(0.,0.257815382793,0.516067979046,0.758253787213,1.),
  .UNSPECIFIED.);
#7206 = CARTESIAN_POINT('',(6.286649391997,2.994263847143));
#7207 = CARTESIAN_POINT('',(6.015977563827,2.9987501706));
#7208 = CARTESIAN_POINT('',(5.745453790384,3.003330872473));
#7209 = CARTESIAN_POINT('',(5.475077195546,3.007964777926));
#7210 = CARTESIAN_POINT('',(5.204838333007,3.012599924971));
#7211 = CARTESIAN_POINT('',(4.934717337111,3.017175293368));
#7212 = CARTESIAN_POINT('',(4.394212436275,3.026091510986));
#7213 = CARTESIAN_POINT('',(4.123825368,3.030431990468));
#7214 = CARTESIAN_POINT('',(3.853515869781,3.034589485438));
#7215 = CARTESIAN_POINT('',(3.583253324263,3.038501865232));
#7216 = CARTESIAN_POINT('',(3.313002191474,3.042116212567));
#7217 = CARTESIAN_POINT('',(2.789288084331,3.048469534939));
#7218 = CARTESIAN_POINT('',(2.535822918867,3.051249017205));
#7219 = CARTESIAN_POINT('',(2.282321996117,3.05370215584));
#7220 = CARTESIAN_POINT('',(2.028758535,3.055809524358));
#7221 = CARTESIAN_POINT('',(1.775111014958,3.057566509454));
#7222 = CARTESIAN_POINT('',(1.268087097894,3.060390517022));
#7223 = CARTESIAN_POINT('',(1.014708357675,3.0614588097));
#7224 = CARTESIAN_POINT('',(0.761219293635,3.062191303179));
#7225 = CARTESIAN_POINT('',(0.507607399878,3.062606160229));
#7226 = CARTESIAN_POINT('',(0.253867407561,3.062729119394));
#7227 = CARTESIAN_POINT('',(0.,3.062588843961));
#7228 = ( GEOMETRIC_REPRESENTATION_CONTEXT(2) 
PARAMETRIC_REPRESENTATION_CONTEXT() REPRESENTATION_CONTEXT('2D SPACE',''
  ) );
#7229 = ORIENTED_EDGE('',*,*,#1313,.F.);
#7230 = ORIENTED_EDGE('',*,*,#7006,.T.);
#7231 = ADVANCED_FACE('',(#7232),#1227,.T.);
#7232 = FACE_BOUND('',#7233,.T.);
#7233 = EDGE_LOOP('',(#7234,#7235,#7256,#7323));
#7234 = ORIENTED_EDGE('',*,*,#1045,.F.);
#7235 = ORIENTED_EDGE('',*,*,#7236,.T.);
#7236 = EDGE_CURVE('',#505,#7237,#7239,.T.);
#7237 = VERTEX_POINT('',#7238);
#7238 = CARTESIAN_POINT('',(3.,6.,9.587525842916));
#7239 = SURFACE_CURVE('',#7240,(#7244,#7250),.PCURVE_S1.);
#7240 = ( BOUNDED_CURVE() B_SPLINE_CURVE(2,(#7241,#7242,#7243),
.UNSPECIFIED.,.F.,.F.) B_SPLINE_CURVE_WITH_KNOTS((3,3),(0.,
1.624991287123),.PIECEWISE_BEZIER_KNOTS.) CURVE() 
GEOMETRIC_REPRESENTATION_ITEM() RATIONAL_B_SPLINE_CURVE((1.,
0.706979296716,1.)) REPRESENTATION_ITEM('') );
#7241 = CARTESIAN_POINT('',(3.179408296848,5.402631216769,
    10.163045429398));
#7242 = CARTESIAN_POINT('',(3.122280367096,6.,10.175154296987));
#7243 = CARTESIAN_POINT('',(3.,6.,9.587525842916));
#7244 = PCURVE('',#1227,#7245);
#7245 = DEFINITIONAL_REPRESENTATION('',(#7246),#7249);
#7246 = B_SPLINE_CURVE_WITH_KNOTS('',1,(#7247,#7248),.UNSPECIFIED.,.F.,
  .F.,(2,2),(0.,1.624991287123),.PIECEWISE_BEZIER_KNOTS.);
#7247 = CARTESIAN_POINT('',(0.,1.624991287123));
#7248 = CARTESIAN_POINT('',(6.286649391997,1.624991287123));
#7249 = ( GEOMETRIC_REPRESENTATION_CONTEXT(2) 
PARAMETRIC_REPRESENTATION_CONTEXT() REPRESENTATION_CONTEXT('2D SPACE',''
  ) );
#7250 = PCURVE('',#734,#7251);
#7251 = DEFINITIONAL_REPRESENTATION('',(#7252),#7255);
#7252 = B_SPLINE_CURVE_WITH_KNOTS('',1,(#7253,#7254),.UNSPECIFIED.,.F.,
  .F.,(2,2),(0.,1.624991287123),.PIECEWISE_BEZIER_KNOTS.);
#7253 = CARTESIAN_POINT('',(0.,1.624991287123));
#7254 = CARTESIAN_POINT('',(1.624991287123,1.624991287123));
#7255 = ( GEOMETRIC_REPRESENTATION_CONTEXT(2) 
PARAMETRIC_REPRESENTATION_CONTEXT() REPRESENTATION_CONTEXT('2D SPACE',''
  ) );
#7256 = ORIENTED_EDGE('',*,*,#7257,.T.);
#7257 = EDGE_CURVE('',#7237,#7132,#7258,.T.);
#7258 = SURFACE_CURVE('',#7259,(#7286,#7293),.PCURVE_S1.);
#7259 = ( BOUNDED_CURVE() B_SPLINE_CURVE(7,(#7260,#7261,#7262,#7263,
    #7264,#7265,#7266,#7267,#7268,#7269,#7270,#7271,#7272,#7273,#7274,
    #7275,#7276,#7277,#7278,#7279,#7280,#7281,#7282,#7283,#7284,#7285),
.UNSPECIFIED.,.F.,.F.) B_SPLINE_CURVE_WITH_KNOTS((8,6,6,6,8),(
    1.624991287123,1.749090866467,4.768324577945,7.787558472086,
7.91164067912),.UNSPECIFIED.) CURVE() GEOMETRIC_REPRESENTATION_ITEM() 
RATIONAL_B_SPLINE_CURVE((1.,1.,1.,1.,1.,1.,1.,1.,1.,1.,1.,1.,1.,1.,1.,1.
,1.,1.,1.,1.,1.,1.,1.,1.,1.,1.)) REPRESENTATION_ITEM('') );
#7260 = CARTESIAN_POINT('',(3.,6.,9.587525842916));
#7261 = CARTESIAN_POINT('',(2.983101127316,6.,9.591077109981));
#7262 = CARTESIAN_POINT('',(2.966258120671,6.,9.594585291036));
#7263 = CARTESIAN_POINT('',(2.94945270784,6.,9.598055567133));
#7264 = CARTESIAN_POINT('',(2.932670908509,6.,9.601492179251));
#7265 = CARTESIAN_POINT('',(2.915903034267,6.,9.604898428297));
#7266 = CARTESIAN_POINT('',(2.899143688612,6.,9.608276675111));
#7267 = CARTESIAN_POINT('',(2.474832233854,6.,9.693171413003));
#7268 = CARTESIAN_POINT('',(2.06666940432,6.,9.76135762838));
#7269 = CARTESIAN_POINT('',(1.653875959084,6.,9.816914061531));
#7270 = CARTESIAN_POINT('',(1.242375158258,6.,9.858202892471));
#7271 = CARTESIAN_POINT('',(0.828185147784,6.,9.886133119858));
#7272 = CARTESIAN_POINT('',(0.414148768149,6.,9.900000055949));
#7273 = CARTESIAN_POINT('',(-0.414152683894,6.,9.899999944051));
#7274 = CARTESIAN_POINT('',(-0.828193835495,6.,9.88613288676));
#7275 = CARTESIAN_POINT('',(-1.242392061086,6.,9.858201976507));
#7276 = CARTESIAN_POINT('',(-1.653888351863,6.,9.816911660733));
#7277 = CARTESIAN_POINT('',(-2.066670342722,6.,9.761357316543));
#7278 = CARTESIAN_POINT('',(-2.47483048368,6.,9.693172007974));
#7279 = CARTESIAN_POINT('',(-2.899146917565,6.,9.608275853569));
#7280 = CARTESIAN_POINT('',(-2.915904691734,6.,9.604897899032));
#7281 = CARTESIAN_POINT('',(-2.932671499321,6.,9.601491849952));
#7282 = CARTESIAN_POINT('',(-2.949452705936,6.,9.598055364104));
#7283 = CARTESIAN_POINT('',(-2.966257918784,6.,9.594585167447));
#7284 = CARTESIAN_POINT('',(-2.983100986671,6.,9.591077054121));
#7285 = CARTESIAN_POINT('',(-3.,6.,9.587525886449));
#7286 = PCURVE('',#1227,#7287);
#7287 = DEFINITIONAL_REPRESENTATION('',(#7288),#7292);
#7288 = LINE('',#7289,#7290);
#7289 = CARTESIAN_POINT('',(6.286649391997,0.));
#7290 = VECTOR('',#7291,1.);
#7291 = DIRECTION('',(0.,1.));
#7292 = ( GEOMETRIC_REPRESENTATION_CONTEXT(2) 
PARAMETRIC_REPRESENTATION_CONTEXT() REPRESENTATION_CONTEXT('2D SPACE',''
  ) );
#7293 = PCURVE('',#4610,#7294);
#7294 = DEFINITIONAL_REPRESENTATION('',(#7295),#7322);
#7295 = B_SPLINE_CURVE_WITH_KNOTS('',7,(#7296,#7297,#7298,#7299,#7300,
    #7301,#7302,#7303,#7304,#7305,#7306,#7307,#7308,#7309,#7310,#7311,
    #7312,#7313,#7314,#7315,#7316,#7317,#7318,#7319,#7320,#7321),
  .UNSPECIFIED.,.F.,.F.,(8,6,6,6,8),(1.624991287123,1.749090866467,
    4.768324577945,7.787558472086,7.91164067912),.UNSPECIFIED.);
#7296 = CARTESIAN_POINT('',(6.,-7.587525842916));
#7297 = CARTESIAN_POINT('',(5.983101127316,-7.591077109981));
#7298 = CARTESIAN_POINT('',(5.96625812067,-7.594585291036));
#7299 = CARTESIAN_POINT('',(5.94945270784,-7.598055567133));
#7300 = CARTESIAN_POINT('',(5.932670908509,-7.60149217925));
#7301 = CARTESIAN_POINT('',(5.915903034267,-7.604898428297));
#7302 = CARTESIAN_POINT('',(5.899143688612,-7.608276675111));
#7303 = CARTESIAN_POINT('',(5.474832233854,-7.693171413003));
#7304 = CARTESIAN_POINT('',(5.066669404321,-7.76135762838));
#7305 = CARTESIAN_POINT('',(4.653875959084,-7.816914061531));
#7306 = CARTESIAN_POINT('',(4.242375158258,-7.858202892471));
#7307 = CARTESIAN_POINT('',(3.828185147784,-7.886133119858));
#7308 = CARTESIAN_POINT('',(3.414148768149,-7.900000055949));
#7309 = CARTESIAN_POINT('',(2.585847316106,-7.899999944051));
#7310 = CARTESIAN_POINT('',(2.171806164505,-7.88613288676));
#7311 = CARTESIAN_POINT('',(1.757607938914,-7.858201976507));
#7312 = CARTESIAN_POINT('',(1.346111648137,-7.816911660733));
#7313 = CARTESIAN_POINT('',(0.933329657278,-7.761357316543));
#7314 = CARTESIAN_POINT('',(0.52516951632,-7.693172007974));
#7315 = CARTESIAN_POINT('',(0.100853082435,-7.608275853569));
#7316 = CARTESIAN_POINT('',(8.40953082662E-02,-7.604897899032));
#7317 = CARTESIAN_POINT('',(6.732850067874E-02,-7.601491849952));
#7318 = CARTESIAN_POINT('',(5.054729406438E-02,-7.598055364105));
#7319 = CARTESIAN_POINT('',(3.374208121622E-02,-7.594585167447));
#7320 = CARTESIAN_POINT('',(1.689901332919E-02,-7.591077054121));
#7321 = CARTESIAN_POINT('',(-1.183775300007E-14,-7.587525886449));
#7322 = ( GEOMETRIC_REPRESENTATION_CONTEXT(2) 
PARAMETRIC_REPRESENTATION_CONTEXT() REPRESENTATION_CONTEXT('2D SPACE',''
  ) );
#7323 = ORIENTED_EDGE('',*,*,#7152,.T.);
#7324 = ADVANCED_FACE('',(#7325),#734,.T.);
#7325 = FACE_BOUND('',#7326,.T.);
#7326 = EDGE_LOOP('',(#7327,#7348,#7541,#7542));
#7327 = ORIENTED_EDGE('',*,*,#7328,.T.);
#7328 = EDGE_CURVE('',#442,#7329,#7331,.T.);
#7329 = VERTEX_POINT('',#7330);
#7330 = CARTESIAN_POINT('',(4.1,7.1,9.133791503707));
#7331 = SURFACE_CURVE('',#7332,(#7336,#7342),.PCURVE_S1.);
#7332 = ( BOUNDED_CURVE() B_SPLINE_CURVE(2,(#7333,#7334,#7335),
.UNSPECIFIED.,.F.,.F.) B_SPLINE_CURVE_WITH_KNOTS((3,3),(0.,
1.624991287123),.PIECEWISE_BEZIER_KNOTS.) CURVE() 
GEOMETRIC_REPRESENTATION_ITEM() RATIONAL_B_SPLINE_CURVE((1.,
0.587491882521,1.)) REPRESENTATION_ITEM('') );
#7333 = CARTESIAN_POINT('',(4.885823945566,7.1,9.704290812431));
#7334 = CARTESIAN_POINT('',(4.1,7.1,9.960250642448));
#7335 = CARTESIAN_POINT('',(4.1,7.1,9.133791503707));
#7336 = PCURVE('',#734,#7337);
#7337 = DEFINITIONAL_REPRESENTATION('',(#7338),#7341);
#7338 = B_SPLINE_CURVE_WITH_KNOTS('',1,(#7339,#7340),.UNSPECIFIED.,.F.,
  .F.,(2,2),(0.,1.624991287123),.PIECEWISE_BEZIER_KNOTS.);
#7339 = CARTESIAN_POINT('',(0.,-3.708272960511E-16));
#7340 = CARTESIAN_POINT('',(1.624991287123,-3.708272960511E-16));
#7341 = ( GEOMETRIC_REPRESENTATION_CONTEXT(2) 
PARAMETRIC_REPRESENTATION_CONTEXT() REPRESENTATION_CONTEXT('2D SPACE',''
  ) );
#7342 = PCURVE('',#469,#7343);
#7343 = DEFINITIONAL_REPRESENTATION('',(#7344),#7347);
#7344 = B_SPLINE_CURVE_WITH_KNOTS('',1,(#7345,#7346),.UNSPECIFIED.,.F.,
  .F.,(2,2),(0.,1.624991287123),.PIECEWISE_BEZIER_KNOTS.);
#7345 = CARTESIAN_POINT('',(0.,30.082035594595));
#7346 = CARTESIAN_POINT('',(3.78476583699,30.082035594595));
#7347 = ( GEOMETRIC_REPRESENTATION_CONTEXT(2) 
PARAMETRIC_REPRESENTATION_CONTEXT() REPRESENTATION_CONTEXT('2D SPACE',''
  ) );
#7348 = ORIENTED_EDGE('',*,*,#7349,.T.);
#7349 = EDGE_CURVE('',#7329,#7237,#7350,.T.);
#7350 = SURFACE_CURVE('',#7351,(#7453,#7460),.PCURVE_S1.);
#7351 = ( BOUNDED_CURVE() B_SPLINE_CURVE(12,(#7352,#7353,#7354,#7355,
    #7356,#7357,#7358,#7359,#7360,#7361,#7362,#7363,#7364,#7365,#7366,
    #7367,#7368,#7369,#7370,#7371,#7372,#7373,#7374,#7375,#7376,#7377,
    #7378,#7379,#7380,#7381,#7382,#7383,#7384,#7385,#7386,#7387,#7388,
    #7389,#7390,#7391,#7392,#7393,#7394,#7395,#7396,#7397,#7398,#7399,
    #7400,#7401,#7402,#7403,#7404,#7405,#7406,#7407,#7408,#7409,#7410,
    #7411,#7412,#7413,#7414,#7415,#7416,#7417,#7418,#7419,#7420,#7421,
    #7422,#7423,#7424,#7425,#7426,#7427,#7428,#7429,#7430,#7431,#7432,
    #7433,#7434,#7435,#7436,#7437,#7438,#7439,#7440,#7441,#7442,#7443,
    #7444,#7445,#7446,#7447,#7448,#7449,#7450,#7451,#7452),
.UNSPECIFIED.,.F.,.F.) B_SPLINE_CURVE_WITH_KNOTS((13,11,11,11,11,11,11,
    11,11,13),(-3.708272960511E-16,5.189991513523E-03,1.037998302705E-02
    ,2.075996605409E-02,4.151993210819E-02,8.303986421638E-02,
    0.166079728433,0.332159456866,0.664318913731,1.624991287123),
.UNSPECIFIED.) CURVE() GEOMETRIC_REPRESENTATION_ITEM() 
RATIONAL_B_SPLINE_CURVE((1.,1.,1.,1.000000000001,0.999999999998,
    1.000000000003,0.999999999997,1.000000000002,0.999999999999,
    1.000000000001,1.,1.,1.,1.,0.999999999999,1.000000000002,
    0.999999999997,1.000000000003,0.999999999997,1.000000000002,
    0.999999999999,1.,1.,1.,1.,1.000000000001,0.999999999999,
    1.000000000001,0.999999999999,1.000000000001,1.,1.,1.,1.,1.,1.,1.,1.
    ,1.,1.,1.,1.,1.,1.,1.,1.,0.999999999999,1.000000000001,
    0.999999999997,1.000000000004,0.999999999996,1.000000000003,
    0.999999999998,1.000000000001,1.,1.,1.,1.,1.,1.000000000001,
    0.999999999999,1.000000000001,1.,1.,1.,1.,1.,1.,1.,1.,0.999999999999
    ,1.000000000001,0.999999999998,1.000000000002,0.999999999999,
    1.000000000001,1.,1.,1.,1.,0.999999999999,1.000000000001,
    0.999999999998,1.000000000002,0.999999999999,1.000000000001,1.,1.,1.
    ,1.,1.,1.000000000001,0.999999999998,1.000000000003,0.999999999996,
    1.000000000003,0.999999999998,1.000000000001,1.,1.,1.)) 
REPRESENTATION_ITEM('') );
#7352 = CARTESIAN_POINT('',(4.1,7.1,9.133791503707));
#7353 = CARTESIAN_POINT('',(4.1,7.099566438283,9.133791503707));
#7354 = CARTESIAN_POINT('',(4.099999731449,7.098497571157,9.133791635696
    ));
#7355 = CARTESIAN_POINT('',(4.099999194347,7.099768519429,9.133791899677
    ));
#7356 = CARTESIAN_POINT('',(4.099998388692,7.095390542396,9.133792295643
    ));
#7357 = CARTESIAN_POINT('',(4.099997314484,7.100783790157,9.133792823606
    ));
#7358 = CARTESIAN_POINT('',(4.099995971723,7.093613009076,9.133793483552
    ));
#7359 = CARTESIAN_POINT('',(4.099994360409,7.098614488272,9.133794275494
    ));
#7360 = CARTESIAN_POINT('',(4.099992480543,7.094753595821,9.133795199421
    ));
#7361 = CARTESIAN_POINT('',(4.099990332125,7.095649046003,9.13379625534)
  );
#7362 = CARTESIAN_POINT('',(4.099987915156,7.09474496695,9.133797443246)
  );
#7363 = CARTESIAN_POINT('',(4.099985229637,7.094275895575,9.13379876314)
  );
#7364 = CARTESIAN_POINT('',(4.099979321504,7.093235160385,9.133801666899
    ));
#7365 = CARTESIAN_POINT('',(4.099976098887,7.092714794474,9.133803250766
    ));
#7366 = CARTESIAN_POINT('',(4.099972607723,7.092194430476,9.133804966619
    ));
#7367 = CARTESIAN_POINT('',(4.099968848015,7.091674068616,9.133806814455
    ));
#7368 = CARTESIAN_POINT('',(4.099964819765,7.091153709127,9.133808794273
    ));
#7369 = CARTESIAN_POINT('',(4.099960522976,7.090633352232,9.133810906072
    ));
#7370 = CARTESIAN_POINT('',(4.099955957652,7.090112998164,9.133813149847
    ));
#7371 = CARTESIAN_POINT('',(4.099951123794,7.089592647147,9.133815525599
    ));
#7372 = CARTESIAN_POINT('',(4.099946021406,7.089072299413,9.133818033325
    ));
#7373 = CARTESIAN_POINT('',(4.099940650491,7.088551955187,9.133820673023
    ));
#7374 = CARTESIAN_POINT('',(4.099935011052,7.088031614698,9.133823444692
    ));
#7375 = CARTESIAN_POINT('',(4.09991728717,7.08647060513,9.133832155602)
  );
#7376 = CARTESIAN_POINT('',(4.099904397136,7.085429947951,9.133838490765
    ));
#7377 = CARTESIAN_POINT('',(4.099890433044,7.08438930846,9.133845353782)
  );
#7378 = CARTESIAN_POINT('',(4.099875394948,7.083348688476,9.133852744621
    ));
#7379 = CARTESIAN_POINT('',(4.099859282902,7.082308089829,9.133860663243
    ));
#7380 = CARTESIAN_POINT('',(4.099842096958,7.081267514329,9.13386910962)
  );
#7381 = CARTESIAN_POINT('',(4.099823837173,7.080226963813,9.133878083708
    ));
#7382 = CARTESIAN_POINT('',(4.099804503598,7.079186440088,9.133887585484
    ));
#7383 = CARTESIAN_POINT('',(4.099784096288,7.078145944988,9.133897614903
    ));
#7384 = CARTESIAN_POINT('',(4.099762615296,7.077105480329,9.133908171937
    ));
#7385 = CARTESIAN_POINT('',(4.099740060676,7.076065047934,9.133919256548
    ));
#7386 = CARTESIAN_POINT('',(4.099669176097,7.072943853009,9.133954093014
    ));
#7387 = CARTESIAN_POINT('',(4.099617625009,7.070863192811,9.133979427753
    ));
#7388 = CARTESIAN_POINT('',(4.09956178014,7.068782683535,9.134006872338)
  );
#7389 = CARTESIAN_POINT('',(4.099501642413,7.066702339686,9.134036426186
    ));
#7390 = CARTESIAN_POINT('',(4.099437212748,7.064622175769,9.134068088716
    ));
#7391 = CARTESIAN_POINT('',(4.09936849207,7.062542206287,9.134101859344)
  );
#7392 = CARTESIAN_POINT('',(4.099295481297,7.060462445747,9.13413773749)
  );
#7393 = CARTESIAN_POINT('',(4.099218181352,7.058382908651,9.134175722567
    ));
#7394 = CARTESIAN_POINT('',(4.099136593158,7.056303609505,9.134215813998
    ));
#7395 = CARTESIAN_POINT('',(4.099050717635,7.054224562813,9.134258011197
    ));
#7396 = CARTESIAN_POINT('',(4.098960555706,7.05214578308,9.134302313583)
  );
#7397 = CARTESIAN_POINT('',(4.098677213465,7.04591028827,9.134441534553)
  );
#7398 = CARTESIAN_POINT('',(4.098471170397,7.041754419399,9.134542770894
    ));
#7399 = CARTESIAN_POINT('',(4.098247994165,7.037599792502,9.134652420126
    ));
#7400 = CARTESIAN_POINT('',(4.098007699845,7.03344652188,9.134770472781)
  );
#7401 = CARTESIAN_POINT('',(4.097750302513,7.029294721837,9.134896919389
    ));
#7402 = CARTESIAN_POINT('',(4.097475817245,7.025144506677,9.135031750478
    ));
#7403 = CARTESIAN_POINT('',(4.097184259115,7.0209959907,9.135174956584)
  );
#7404 = CARTESIAN_POINT('',(4.096875643203,7.016849288212,9.135326528233
    ));
#7405 = CARTESIAN_POINT('',(4.09654998458,7.012704513514,9.135486455958)
  );
#7406 = CARTESIAN_POINT('',(4.096207298326,7.008561780911,9.135654730289
    ));
#7407 = CARTESIAN_POINT('',(4.095847599515,7.004421204703,9.135831341757
    ));
#7408 = CARTESIAN_POINT('',(4.094717510638,6.992006288182,9.136386159161
    ));
#7409 = CARTESIAN_POINT('',(4.093896037448,6.983738808447,9.136789405275
    ));
#7410 = CARTESIAN_POINT('',(4.093006719974,6.975481329268,9.13722587083)
  );
#7411 = CARTESIAN_POINT('',(4.092049794539,6.967234719922,9.137695407418
    ));
#7412 = CARTESIAN_POINT('',(4.091025497468,6.958999849685,9.13819786664)
  );
#7413 = CARTESIAN_POINT('',(4.089934065082,6.950777587836,9.138733100083
    ));
#7414 = CARTESIAN_POINT('',(4.088775733706,6.942568803649,9.139300959352
    ));
#7415 = CARTESIAN_POINT('',(4.087550739662,6.934374366404,9.139901296034
    ));
#7416 = CARTESIAN_POINT('',(4.086259319273,6.926195145375,9.14053396173)
  );
#7417 = CARTESIAN_POINT('',(4.084901708862,6.918032009841,9.141198808032
    ));
#7418 = CARTESIAN_POINT('',(4.083478144753,6.909885829078,9.141895686536
    ));
#7419 = CARTESIAN_POINT('',(4.079010300298,6.885500758932,9.144081973441
    ));
#7420 = CARTESIAN_POINT('',(4.075767904009,6.86931655203,9.145667649895)
  );
#7421 = CARTESIAN_POINT('',(4.072265050723,6.853210640652,9.147379349369
    ));
#7422 = CARTESIAN_POINT('',(4.068505116765,6.837188813795,9.149214943029
    ));
#7423 = CARTESIAN_POINT('',(4.064491478457,6.821256860453,9.151172302044
    ));
#7424 = CARTESIAN_POINT('',(4.060227512125,6.805420569626,9.153249297579
    ));
#7425 = CARTESIAN_POINT('',(4.055716594088,6.789685730302,9.155443800805
    ));
#7426 = CARTESIAN_POINT('',(4.050962100674,6.774058131485,9.157753682887
    ));
#7427 = CARTESIAN_POINT('',(4.045967408204,6.758543562165,9.160176814995
    ));
#7428 = CARTESIAN_POINT('',(4.040735893003,6.743147811341,9.162711068294
    ));
#7429 = CARTESIAN_POINT('',(4.035270931393,6.727876668007,9.165354313954
    ));
#7430 = CARTESIAN_POINT('',(4.018185836309,6.682454427464,9.173604641515
    ));
#7431 = CARTESIAN_POINT('',(4.005878178573,6.652689034872,9.179530607307
    ));
#7432 = CARTESIAN_POINT('',(3.99268850678,6.623477565647,9.185859800138)
  );
#7433 = CARTESIAN_POINT('',(3.978652572455,6.594854485796,9.192569578081
    ));
#7434 = CARTESIAN_POINT('',(3.96380629835,6.566850905063,9.199637177657)
  );
#7435 = CARTESIAN_POINT('',(3.948185778454,6.539494576935,9.207039713837
    ));
#7436 = CARTESIAN_POINT('',(3.931827277984,6.512809898637,9.214754180047
    ));
#7437 = CARTESIAN_POINT('',(3.914767233391,6.486817911136,9.222757448155
    ));
#7438 = CARTESIAN_POINT('',(3.897042252355,6.461536299136,9.231026268489
    ));
#7439 = CARTESIAN_POINT('',(3.878689113791,6.436979391084,9.239537269821
    ));
#7440 = CARTESIAN_POINT('',(3.859744767845,6.413158159166,9.248266959374
    ));
#7441 = CARTESIAN_POINT('',(3.783852924493,6.323334146602,9.283003944961
    ));
#7442 = CARTESIAN_POINT('',(3.722814238995,6.26281471663,9.31045347281)
  );
#7443 = CARTESIAN_POINT('',(3.657933414223,6.208739389543,9.33903721234)
  );
#7444 = CARTESIAN_POINT('',(3.590054357686,6.161147568494,9.368205877054
    ));
#7445 = CARTESIAN_POINT('',(3.519772958698,6.119962349734,9.39759842062)
  );
#7446 = CARTESIAN_POINT('',(3.447617693824,6.085057008266,9.426899523892
    ));
#7447 = CARTESIAN_POINT('',(3.374122223465,6.05629473991,9.455788265681)
  );
#7448 = CARTESIAN_POINT('',(3.29973843094,6.033540377466,9.48401660016)
  );
#7449 = CARTESIAN_POINT('',(3.224783287506,6.016658966092,9.511456510007
    ));
#7450 = CARTESIAN_POINT('',(3.149576934849,6.005518221099,9.537984703192
    ));
#7451 = CARTESIAN_POINT('',(3.074612460351,6.,9.563333472741));
#7452 = CARTESIAN_POINT('',(3.,6.,9.587525842916));
#7453 = PCURVE('',#734,#7454);
#7454 = DEFINITIONAL_REPRESENTATION('',(#7455),#7459);
#7455 = LINE('',#7456,#7457);
#7456 = CARTESIAN_POINT('',(1.624991287123,0.));
#7457 = VECTOR('',#7458,1.);
#7458 = DIRECTION('',(0.,1.));
#7459 = ( GEOMETRIC_REPRESENTATION_CONTEXT(2) 
PARAMETRIC_REPRESENTATION_CONTEXT() REPRESENTATION_CONTEXT('2D SPACE',''
  ) );
#7460 = PCURVE('',#7461,#7466);
#7461 = CYLINDRICAL_SURFACE('',#7462,1.1);
#7462 = AXIS2_PLACEMENT_3D('',#7463,#7464,#7465);
#7463 = CARTESIAN_POINT('',(3.,7.1,2.));
#7464 = DIRECTION('',(-0.,-0.,-1.));
#7465 = DIRECTION('',(8.074349270001E-16,-1.,0.));
#7466 = DEFINITIONAL_REPRESENTATION('',(#7467),#7540);
#7467 = B_SPLINE_CURVE_WITH_KNOTS('',8,(#7468,#7469,#7470,#7471,#7472,
    #7473,#7474,#7475,#7476,#7477,#7478,#7479,#7480,#7481,#7482,#7483,
    #7484,#7485,#7486,#7487,#7488,#7489,#7490,#7491,#7492,#7493,#7494,
    #7495,#7496,#7497,#7498,#7499,#7500,#7501,#7502,#7503,#7504,#7505,
    #7506,#7507,#7508,#7509,#7510,#7511,#7512,#7513,#7514,#7515,#7516,
    #7517,#7518,#7519,#7520,#7521,#7522,#7523,#7524,#7525,#7526,#7527,
    #7528,#7529,#7530,#7531,#7532,#7533,#7534,#7535,#7536,#7537,#7538,
    #7539),.UNSPECIFIED.,.F.,.F.,(9,7,7,7,7,7,7,7,7,7,9),(
    -3.708272960511E-16,3.173811107661E-03,6.347622215322E-03,
    1.269524443065E-02,2.539048886129E-02,5.078097772258E-02,
    0.101561955445,0.20312391089,0.406247821781,0.812495643561,
    1.624991287123),.UNSPECIFIED.);
#7468 = CARTESIAN_POINT('',(-1.570796326795,-7.133791503707));
#7469 = CARTESIAN_POINT('',(-1.570434780488,-7.133791503708));
#7470 = CARTESIAN_POINT('',(-1.569686816647,-7.133791620052));
#7471 = CARTESIAN_POINT('',(-1.569897725105,-7.13379185275));
#7472 = CARTESIAN_POINT('',(-1.568666858067,-7.133792201785));
#7473 = CARTESIAN_POINT('',(-1.5688469952,-7.133792667178));
#7474 = CARTESIAN_POINT('',(-1.568136399341,-7.133793248911));
#7475 = CARTESIAN_POINT('',(-1.567757541234,-7.133793946993));
#7476 = CARTESIAN_POINT('',(-1.566892571162,-7.133795575851));
#7477 = CARTESIAN_POINT('',(-1.566459227747,-7.133796506626));
#7478 = CARTESIAN_POINT('',(-1.566025242794,-7.133797553748));
#7479 = CARTESIAN_POINT('',(-1.565590833143,-7.133798717215));
#7480 = CARTESIAN_POINT('',(-1.565156215636,-7.133799997027));
#7481 = CARTESIAN_POINT('',(-1.564721607113,-7.133801393181));
#7482 = CARTESIAN_POINT('',(-1.564287224416,-7.13380290568));
#7483 = CARTESIAN_POINT('',(-1.56298540432,-7.1338077922));
#7484 = CARTESIAN_POINT('',(-1.562117525314,-7.133811515249));
#7485 = CARTESIAN_POINT('',(-1.56124964786,-7.133815703651));
#7486 = CARTESIAN_POINT('',(-1.560381772451,-7.133820357391));
#7487 = CARTESIAN_POINT('',(-1.559513899582,-7.133825476452));
#7488 = CARTESIAN_POINT('',(-1.558646029745,-7.133831060819));
#7489 = CARTESIAN_POINT('',(-1.557778163435,-7.133837110476));
#7490 = CARTESIAN_POINT('',(-1.555174576567,-7.133856655271));
#7491 = CARTESIAN_POINT('',(-1.55343886807,-7.133871546232));
#7492 = CARTESIAN_POINT('',(-1.551703179586,-7.133888298014));
#7493 = CARTESIAN_POINT('',(-1.549967515045,-7.133906910333));
#7494 = CARTESIAN_POINT('',(-1.548231878378,-7.133927382915));
#7495 = CARTESIAN_POINT('',(-1.546496273516,-7.133949715477));
#7496 = CARTESIAN_POINT('',(-1.544760704389,-7.13397390774));
#7497 = CARTESIAN_POINT('',(-1.539554116005,-7.134052062795));
#7498 = CARTESIAN_POINT('',(-1.536083215561,-7.134111603876));
#7499 = CARTESIAN_POINT('',(-1.53261250482,-7.134178577982));
#7500 = CARTESIAN_POINT('',(-1.529142015007,-7.134252980427));
#7501 = CARTESIAN_POINT('',(-1.525671777344,-7.134334806523));
#7502 = CARTESIAN_POINT('',(-1.522201823057,-7.134424051585));
#7503 = CARTESIAN_POINT('',(-1.518732183369,-7.134520710927));
#7504 = CARTESIAN_POINT('',(-1.508324301776,-7.13483291773));
#7505 = CARTESIAN_POINT('',(-1.501387101363,-7.135070694142));
#7506 = CARTESIAN_POINT('',(-1.494451529623,-7.135338033016));
#7507 = CARTESIAN_POINT('',(-1.487517827912,-7.135634858268));
#7508 = CARTESIAN_POINT('',(-1.480586237589,-7.135961093816));
#7509 = CARTESIAN_POINT('',(-1.473657000008,-7.136316663575));
#7510 = CARTESIAN_POINT('',(-1.466730356528,-7.136701491465));
#7511 = CARTESIAN_POINT('',(-1.445958932461,-7.137943521272));
#7512 = CARTESIAN_POINT('',(-1.432122620682,-7.138888283343));
#7513 = CARTESIAN_POINT('',(-1.418299434133,-7.139948586147));
#7514 = CARTESIAN_POINT('',(-1.404491193779,-7.141123228215));
#7515 = CARTESIAN_POINT('',(-1.390699720585,-7.142411008083));
#7516 = CARTESIAN_POINT('',(-1.376926835514,-7.143810724283));
#7517 = CARTESIAN_POINT('',(-1.363174359532,-7.145321175348));
#7518 = CARTESIAN_POINT('',(-1.321983621746,-7.15018112874));
#7519 = CARTESIAN_POINT('',(-1.294607702993,-7.153854777858));
#7520 = CARTESIAN_POINT('',(-1.26733036212,-7.157949481136));
#7521 = CARTESIAN_POINT('',(-1.24016405989,-7.162450789692));
#7522 = CARTESIAN_POINT('',(-1.213119713053,-7.167342431794));
#7523 = CARTESIAN_POINT('',(-1.186206694344,-7.172606312858));
#7524 = CARTESIAN_POINT('',(-1.159432832487,-7.17822251545));
#7525 = CARTESIAN_POINT('',(-1.0795475716,-7.196062866953));
#7526 = CARTESIAN_POINT('',(-1.0268750881,-7.209286955959));
#7527 = CARTESIAN_POINT('',(-0.974836123682,-7.223665455905));
#7528 = CARTESIAN_POINT('',(-0.923463477691,-7.239028280088));
#7529 = CARTESIAN_POINT('',(-0.872773586829,-7.2552113655));
#7530 = CARTESIAN_POINT('',(-0.822766525151,-7.272056672829));
#7531 = CARTESIAN_POINT('',(-0.77342600407,-7.289412186457));
#7532 = CARTESIAN_POINT('',(-0.627306108921,-7.342571370464));
#7533 = CARTESIAN_POINT('',(-0.532433798321,-7.379501547032));
#7534 = CARTESIAN_POINT('',(-0.439915013734,-7.416816980198));
#7535 = CARTESIAN_POINT('',(-0.34935333036,-7.453734528978));
#7536 = CARTESIAN_POINT('',(-0.260371586436,-7.489666355384));
#7537 = CARTESIAN_POINT('',(-0.172689544234,-7.524149854343));
#7538 = CARTESIAN_POINT('',(-8.605095102264E-02,-7.556834533498));
#7539 = CARTESIAN_POINT('',(-1.777724465231E-14,-7.587525842916));
#7540 = ( GEOMETRIC_REPRESENTATION_CONTEXT(2) 
PARAMETRIC_REPRESENTATION_CONTEXT() REPRESENTATION_CONTEXT('2D SPACE',''
  ) );
#7541 = ORIENTED_EDGE('',*,*,#7236,.F.);
#7542 = ORIENTED_EDGE('',*,*,#504,.F.);
#7543 = ADVANCED_FACE('',(#7544),#469,.T.);
#7544 = FACE_BOUND('',#7545,.T.);
#7545 = EDGE_LOOP('',(#7546,#7567,#7605,#7606));
#7546 = ORIENTED_EDGE('',*,*,#7547,.T.);
#7547 = EDGE_CURVE('',#94,#7548,#7550,.T.);
#7548 = VERTEX_POINT('',#7549);
#7549 = CARTESIAN_POINT('',(4.1,10.9,9.133743850843));
#7550 = SURFACE_CURVE('',#7551,(#7555,#7561),.PCURVE_S1.);
#7551 = ( BOUNDED_CURVE() B_SPLINE_CURVE(2,(#7552,#7553,#7554),
.UNSPECIFIED.,.F.,.F.) B_SPLINE_CURVE_WITH_KNOTS((3,3),(0.,
12.97629147638),.PIECEWISE_BEZIER_KNOTS.) CURVE() 
GEOMETRIC_REPRESENTATION_ITEM() RATIONAL_B_SPLINE_CURVE((1.,
0.587465296888,1.)) REPRESENTATION_ITEM('') );
#7552 = CARTESIAN_POINT('',(4.885575697198,10.916983275381,
    9.704371670232));
#7553 = CARTESIAN_POINT('',(4.1,10.893906344831,9.960237639201));
#7554 = CARTESIAN_POINT('',(4.1,10.9,9.133743850843));
#7555 = PCURVE('',#469,#7556);
#7556 = DEFINITIONAL_REPRESENTATION('',(#7557),#7560);
#7557 = B_SPLINE_CURVE_WITH_KNOTS('',1,(#7558,#7559),.UNSPECIFIED.,.F.,
  .F.,(2,2),(0.,12.97629147638),.PIECEWISE_BEZIER_KNOTS.);
#7558 = CARTESIAN_POINT('',(0.,26.297269757605));
#7559 = CARTESIAN_POINT('',(3.78476583699,26.297269757605));
#7560 = ( GEOMETRIC_REPRESENTATION_CONTEXT(2) 
PARAMETRIC_REPRESENTATION_CONTEXT() REPRESENTATION_CONTEXT('2D SPACE',''
  ) );
#7561 = PCURVE('',#232,#7562);
#7562 = DEFINITIONAL_REPRESENTATION('',(#7563),#7566);
#7563 = B_SPLINE_CURVE_WITH_KNOTS('',1,(#7564,#7565),.UNSPECIFIED.,.F.,
  .F.,(2,2),(0.,12.97629147638),.PIECEWISE_BEZIER_KNOTS.);
#7564 = CARTESIAN_POINT('',(0.,26.297269757605));
#7565 = CARTESIAN_POINT('',(12.97629147638,26.297269757605));
#7566 = ( GEOMETRIC_REPRESENTATION_CONTEXT(2) 
PARAMETRIC_REPRESENTATION_CONTEXT() REPRESENTATION_CONTEXT('2D SPACE',''
  ) );
#7567 = ORIENTED_EDGE('',*,*,#7568,.T.);
#7568 = EDGE_CURVE('',#7548,#7329,#7569,.T.);
#7569 = SURFACE_CURVE('',#7570,(#7580,#7587),.PCURVE_S1.);
#7570 = ( BOUNDED_CURVE() B_SPLINE_CURVE(8,(#7571,#7572,#7573,#7574,
    #7575,#7576,#7577,#7578,#7579),.UNSPECIFIED.,.F.,.F.) 
B_SPLINE_CURVE_WITH_KNOTS((9,9),(26.297269757605,30.082035594595),
.PIECEWISE_BEZIER_KNOTS.) CURVE() GEOMETRIC_REPRESENTATION_ITEM() 
RATIONAL_B_SPLINE_CURVE((1.,1.,1.,1.,1.,1.,1.,1.,1.)) 
REPRESENTATION_ITEM('') );
#7571 = CARTESIAN_POINT('',(4.1,10.9,9.133743850843));
#7572 = CARTESIAN_POINT('',(4.1,10.417887475614,9.133863527898));
#7573 = CARTESIAN_POINT('',(4.1,9.943741329869,9.133712123594));
#7574 = CARTESIAN_POINT('',(4.1,9.469049140299,9.133846343665));
#7575 = CARTESIAN_POINT('',(4.1,8.997095219748,9.133759833034));
#7576 = CARTESIAN_POINT('',(4.1,8.522558701756,9.133804345862));
#7577 = CARTESIAN_POINT('',(4.1,8.048562856476,9.133788802103));
#7578 = CARTESIAN_POINT('',(4.1,7.574257878373,9.133791503707));
#7579 = CARTESIAN_POINT('',(4.1,7.1,9.133791503707));
#7580 = PCURVE('',#469,#7581);
#7581 = DEFINITIONAL_REPRESENTATION('',(#7582),#7586);
#7582 = LINE('',#7583,#7584);
#7583 = CARTESIAN_POINT('',(3.78476583699,0.));
#7584 = VECTOR('',#7585,1.);
#7585 = DIRECTION('',(0.,1.));
#7586 = ( GEOMETRIC_REPRESENTATION_CONTEXT(2) 
PARAMETRIC_REPRESENTATION_CONTEXT() REPRESENTATION_CONTEXT('2D SPACE',''
  ) );
#7587 = PCURVE('',#7588,#7593);
#7588 = PLANE('',#7589);
#7589 = AXIS2_PLACEMENT_3D('',#7590,#7591,#7592);
#7590 = CARTESIAN_POINT('',(4.1,7.1,2.));
#7591 = DIRECTION('',(-1.,0.,0.));
#7592 = DIRECTION('',(0.,1.,0.));
#7593 = DEFINITIONAL_REPRESENTATION('',(#7594),#7604);
#7594 = B_SPLINE_CURVE_WITH_KNOTS('',8,(#7595,#7596,#7597,#7598,#7599,
    #7600,#7601,#7602,#7603),.UNSPECIFIED.,.F.,.F.,(9,9),(
    26.297269757605,30.082035594595),.PIECEWISE_BEZIER_KNOTS.);
#7595 = CARTESIAN_POINT('',(3.8,-7.133743850843));
#7596 = CARTESIAN_POINT('',(3.317887475614,-7.133863527898));
#7597 = CARTESIAN_POINT('',(2.843741329869,-7.133712123594));
#7598 = CARTESIAN_POINT('',(2.369049140299,-7.133846343665));
#7599 = CARTESIAN_POINT('',(1.897095219748,-7.133759833034));
#7600 = CARTESIAN_POINT('',(1.422558701756,-7.133804345862));
#7601 = CARTESIAN_POINT('',(0.948562856476,-7.133788802103));
#7602 = CARTESIAN_POINT('',(0.474257878373,-7.133791503707));
#7603 = CARTESIAN_POINT('',(3.913582967606E-17,-7.133791503707));
#7604 = ( GEOMETRIC_REPRESENTATION_CONTEXT(2) 
PARAMETRIC_REPRESENTATION_CONTEXT() REPRESENTATION_CONTEXT('2D SPACE',''
  ) );
#7605 = ORIENTED_EDGE('',*,*,#7328,.F.);
#7606 = ORIENTED_EDGE('',*,*,#441,.F.);
#7607 = ADVANCED_FACE('',(#7608),#232,.T.);
#7608 = FACE_BOUND('',#7609,.T.);
#7609 = EDGE_LOOP('',(#7610,#7611,#7750,#7751));
#7610 = ORIENTED_EDGE('',*,*,#4341,.T.);
#7611 = ORIENTED_EDGE('',*,*,#7612,.T.);
#7612 = EDGE_CURVE('',#4302,#7548,#7613,.T.);
#7613 = SURFACE_CURVE('',#7614,(#7682,#7689),.PCURVE_S1.);
#7614 = ( BOUNDED_CURVE() B_SPLINE_CURVE(14,(#7615,#7616,#7617,#7618,
    #7619,#7620,#7621,#7622,#7623,#7624,#7625,#7626,#7627,#7628,#7629,
    #7630,#7631,#7632,#7633,#7634,#7635,#7636,#7637,#7638,#7639,#7640,
    #7641,#7642,#7643,#7644,#7645,#7646,#7647,#7648,#7649,#7650,#7651,
    #7652,#7653,#7654,#7655,#7656,#7657,#7658,#7659,#7660,#7661,#7662,
    #7663,#7664,#7665,#7666,#7667,#7668,#7669,#7670,#7671,#7672,#7673,
    #7674,#7675,#7676,#7677,#7678,#7679,#7680,#7681),.UNSPECIFIED.,.F.,
.F.) B_SPLINE_CURVE_WITH_KNOTS((15,13,13,13,13,15),(13.320978281225,
    16.583600052566,19.812583142721,23.034396562021,24.700201086285,
26.297269757605),.UNSPECIFIED.) CURVE() GEOMETRIC_REPRESENTATION_ITEM() 
RATIONAL_B_SPLINE_CURVE((1.,1.000000000001,0.999999999996,1.000000000011
    ,0.999999999976,1.000000000039,0.999999999949,1.000000000055,
    0.999999999951,1.000000000036,0.999999999979,1.000000000009,
    0.999999999997,1.000000000001,1.,1.,0.999999999999,1.,1.000000000001
    ,0.999999999999,1.000000000002,0.999999999998,1.000000000001,1.,1.,
    1.,1.,1.,0.999999999999,1.000000000003,0.999999999993,1.000000000013
    ,0.999999999982,1.000000000021,0.999999999981,1.000000000014,
    0.999999999991,1.000000000004,0.999999999998,1.,1.,1.000000000001,
    0.999999999997,1.000000000006,0.99999999999,1.000000000012,
    0.999999999988,1.00000000001,0.999999999994,1.000000000003,
    0.999999999999,1.,1.,1.,1.000000000002,0.999999999995,1.000000000012
    ,0.99999999998,1.000000000027,0.99999999997,1.000000000027,
    0.99999999998,1.000000000012,0.999999999994,1.000000000002,1.,1.)) 
REPRESENTATION_ITEM('') );
#7615 = CARTESIAN_POINT('',(-4.1,10.9,9.133737393877));
#7616 = CARTESIAN_POINT('',(-4.1,11.1376521204,9.13394582579));
#7617 = CARTESIAN_POINT('',(-4.085175302253,11.381593340565,
    9.139184203782));
#7618 = CARTESIAN_POINT('',(-4.054098072217,11.632630406217,
    9.150759861018));
#7619 = CARTESIAN_POINT('',(-4.006078191554,11.864756989243,
    9.168841405494));
#7620 = CARTESIAN_POINT('',(-3.944651748943,12.120611841507,
    9.190953522909));
#7621 = CARTESIAN_POINT('',(-3.86547914963,12.326319613288,
    9.220443680504));
#7622 = CARTESIAN_POINT('',(-3.777467352081,12.576309930402,
    9.250274981499));
#7623 = CARTESIAN_POINT('',(-3.671211107927,12.770725461706,
    9.287913924722));
#7624 = CARTESIAN_POINT('',(-3.556627117795,12.991846300458,
    9.325213608627));
#7625 = CARTESIAN_POINT('',(-3.428759935548,13.182739953473,
    9.366420188048));
#7626 = CARTESIAN_POINT('',(-3.291049436949,13.373337430164,
    9.408375005175));
#7627 = CARTESIAN_POINT('',(-3.143291614656,13.550764885438,
    9.451313711315));
#7628 = CARTESIAN_POINT('',(-2.98639552896,13.718404692951,
    9.494346869015));
#7629 = CARTESIAN_POINT('',(-2.657261509388,14.030472575689,
    9.579010183697));
#7630 = CARTESIAN_POINT('',(-2.485193470856,14.175179855679,
    9.620643854029));
#7631 = CARTESIAN_POINT('',(-2.305416719734,14.309105208045,
    9.661206107128));
#7632 = CARTESIAN_POINT('',(-2.118523619709,14.431991636091,
    9.70012795267));
#7633 = CARTESIAN_POINT('',(-1.925085536262,14.543583030385,
    9.736866963716));
#7634 = CARTESIAN_POINT('',(-1.72567874744,14.643621508407,
    9.770911208534));
#7635 = CARTESIAN_POINT('',(-1.520904545023,14.731848025299,
    9.801784348166));
#7636 = CARTESIAN_POINT('',(-1.311403526803,14.808006254353,
    9.82905189963));
#7637 = CARTESIAN_POINT('',(-1.09786407918,14.871849739057,
    9.852328664892));
#7638 = CARTESIAN_POINT('',(-0.881025050793,14.923152314601,
    9.871287325478));
#7639 = CARTESIAN_POINT('',(-0.661672616674,14.961721800939,
    9.885668202822));
#7640 = CARTESIAN_POINT('',(-0.440631333189,14.987416965589,
    9.895290184294));
#7641 = CARTESIAN_POINT('',(-0.218749383706,15.000167757538,
    9.900062814939));
#7642 = CARTESIAN_POINT('',(0.224500708123,14.999830240326,
    9.899936435327));
#7643 = CARTESIAN_POINT('',(0.445873956589,14.986799407473,
    9.895058818986));
#7644 = CARTESIAN_POINT('',(0.666391151894,14.960882707072,
    9.885355295422));
#7645 = CARTESIAN_POINT('',(0.8852085905,14.922150820492,9.870917388148)
  );
#7646 = CARTESIAN_POINT('',(1.101508220186,14.870745138991,
    9.851926393188));
#7647 = CARTESIAN_POINT('',(1.31451098945,14.80685749883,9.828641380432)
  );
#7648 = CARTESIAN_POINT('',(1.523484770655,14.730713228113,
    9.801388357767));
#7649 = CARTESIAN_POINT('',(1.727746856185,14.642557506232,
    9.770550598022));
#7650 = CARTESIAN_POINT('',(1.926661028252,14.542645034822,
    9.736560128707));
#7651 = CARTESIAN_POINT('',(2.119629202018,14.431233021395,
    9.699890384535));
#7652 = CARTESIAN_POINT('',(2.306077641967,14.308577474596,
    9.661050022775));
#7653 = CARTESIAN_POINT('',(2.485437751913,14.174932811875,
    9.620577901354));
#7654 = CARTESIAN_POINT('',(2.657121438136,14.030554779091,9.57903921981
    ));
#7655 = CARTESIAN_POINT('',(2.904959572541,13.795644112952,
    9.515298689781));
#7656 = CARTESIAN_POINT('',(2.987209603778,13.71279649578,9.493443576317
    ));
#7657 = CARTESIAN_POINT('',(3.067153562631,13.627191058118,
    9.471543151386));
#7658 = CARTESIAN_POINT('',(3.144701718699,13.538861958874,
    9.449683860745));
#7659 = CARTESIAN_POINT('',(3.219762188208,13.447850288523,
    9.427952927136));
#7660 = CARTESIAN_POINT('',(3.292240934283,13.354204069091,9.40643835027
    ));
#7661 = CARTESIAN_POINT('',(3.36204176651,13.257978254165,9.385228906843
    ));
#7662 = CARTESIAN_POINT('',(3.429066341525,13.159234728901,
    9.364414150526));
#7663 = CARTESIAN_POINT('',(3.493214162343,13.058042309988,
    9.344084411963));
#7664 = CARTESIAN_POINT('',(3.55438257901,12.95447674571,9.324330798786)
  );
#7665 = CARTESIAN_POINT('',(3.612466788061,12.848620715874,
    9.305245195593));
#7666 = CARTESIAN_POINT('',(3.667359832904,12.740563831873,
    9.286920263969));
#7667 = CARTESIAN_POINT('',(3.718952603591,12.630402636643,
    9.269449442471));
#7668 = CARTESIAN_POINT('',(3.813326974955,12.410706698553,
    9.237086216173));
#7669 = CARTESIAN_POINT('',(3.85638992569,12.301378344992,9.222111196301
    ));
#7670 = CARTESIAN_POINT('',(3.896230530173,12.190130087956,
    9.208082646583));
#7671 = CARTESIAN_POINT('',(3.932768525594,12.07769251639,9.195060903679
    ));
#7672 = CARTESIAN_POINT('',(3.96592274568,11.963245050627,9.183126909398
    ));
#7673 = CARTESIAN_POINT('',(3.995611183667,11.847374937171,
    9.172339713569));
#7674 = CARTESIAN_POINT('',(4.021748628087,11.730634115067,
    9.162759458208));
#7675 = CARTESIAN_POINT('',(4.044249016105,11.612586752539,
    9.154460451542));
#7676 = CARTESIAN_POINT('',(4.063031074763,11.49318752992,9.147507707592
    ));
#7677 = CARTESIAN_POINT('',(4.078021881123,11.373552120834,
    9.141943052699));
#7678 = CARTESIAN_POINT('',(4.089165018058,11.254149790488,
    9.137807888144));
#7679 = CARTESIAN_POINT('',(4.096454975123,11.134121616951,
    9.135136770539));
#7680 = CARTESIAN_POINT('',(4.100000000001,11.016249604701,
    9.133840460998));
#7681 = CARTESIAN_POINT('',(4.1,10.9,9.133743850843));
#7682 = PCURVE('',#232,#7683);
#7683 = DEFINITIONAL_REPRESENTATION('',(#7684),#7688);
#7684 = LINE('',#7685,#7686);
#7685 = CARTESIAN_POINT('',(12.97629147638,0.));
#7686 = VECTOR('',#7687,1.);
#7687 = DIRECTION('',(0.,1.));
#7688 = ( GEOMETRIC_REPRESENTATION_CONTEXT(2) 
PARAMETRIC_REPRESENTATION_CONTEXT() REPRESENTATION_CONTEXT('2D SPACE',''
  ) );
#7689 = PCURVE('',#7690,#7695);
#7690 = CYLINDRICAL_SURFACE('',#7691,4.1);
#7691 = AXIS2_PLACEMENT_3D('',#7692,#7693,#7694);
#7692 = CARTESIAN_POINT('',(-4.440892098501E-16,10.9,2.));
#7693 = DIRECTION('',(-0.,-0.,-1.));
#7694 = DIRECTION('',(1.,4.332577657074E-16,-0.));
#7695 = DEFINITIONAL_REPRESENTATION('',(#7696),#7749);
#7696 = B_SPLINE_CURVE_WITH_KNOTS('',11,(#7697,#7698,#7699,#7700,#7701,
    #7702,#7703,#7704,#7705,#7706,#7707,#7708,#7709,#7710,#7711,#7712,
    #7713,#7714,#7715,#7716,#7717,#7718,#7719,#7720,#7721,#7722,#7723,
    #7724,#7725,#7726,#7727,#7728,#7729,#7730,#7731,#7732,#7733,#7734,
    #7735,#7736,#7737,#7738,#7739,#7740,#7741,#7742,#7743,#7744,#7745,
    #7746,#7747,#7748),.UNSPECIFIED.,.F.,.F.,(12,10,10,10,10,12),(
    13.320978281225,16.56505115032,19.809124019415,23.05319688851,
    24.675233323057,26.297269757605),.UNSPECIFIED.);
#7697 = CARTESIAN_POINT('',(-3.14159265359,-7.133737393877));
#7698 = CARTESIAN_POINT('',(-3.068239792434,-7.134001162691));
#7699 = CARTESIAN_POINT('',(-2.992193073626,-7.142477979425));
#7700 = CARTESIAN_POINT('',(-2.914575962513,-7.162221709696));
#7701 = CARTESIAN_POINT('',(-2.841367542114,-7.191037787731));
#7702 = CARTESIAN_POINT('',(-2.764265971257,-7.227372080654));
#7703 = CARTESIAN_POINT('',(-2.693029095928,-7.270535999661));
#7704 = CARTESIAN_POINT('',(-2.618209715211,-7.319174982153));
#7705 = CARTESIAN_POINT('',(-2.546982139349,-7.37095965451));
#7706 = CARTESIAN_POINT('',(-2.475224403859,-7.425008444031));
#7707 = CARTESIAN_POINT('',(-2.404399323178,-7.479618541734));
#7708 = CARTESIAN_POINT('',(-2.263622914251,-7.58740088807));
#7709 = CARTESIAN_POINT('',(-2.193720565946,-7.640561933921));
#7710 = CARTESIAN_POINT('',(-2.124189573275,-7.691662435881));
#7711 = CARTESIAN_POINT('',(-2.054907206016,-7.739445720725));
#7712 = CARTESIAN_POINT('',(-1.985761416632,-7.782740510684));
#7713 = CARTESIAN_POINT('',(-1.916663809752,-7.820480464183));
#7714 = CARTESIAN_POINT('',(-1.847556668764,-7.851731605122));
#7715 = CARTESIAN_POINT('',(-1.778414039513,-7.875727640853));
#7716 = CARTESIAN_POINT('',(-1.709236871096,-7.891913168641));
#7717 = CARTESIAN_POINT('',(-1.640042213776,-7.899994770849));
#7718 = CARTESIAN_POINT('',(-1.501650734192,-7.900005226406));
#7719 = CARTESIAN_POINT('',(-1.43245493497,-7.891934008631));
#7720 = CARTESIAN_POINT('',(-1.363276540492,-7.875759024494));
#7721 = CARTESIAN_POINT('',(-1.294133251164,-7.851772919627));
#7722 = CARTESIAN_POINT('',(-1.225026191963,-7.820530305255));
#7723 = CARTESIAN_POINT('',(-1.155929165764,-7.782797227584));
#7724 = CARTESIAN_POINT('',(-1.086783971637,-7.739508107358));
#7725 = CARTESIAN_POINT('',(-1.017501788126,-7.691730149659));
#7726 = CARTESIAN_POINT('',(-0.947970621494,-7.640635223877));
#7727 = CARTESIAN_POINT('',(-0.878068818956,-7.587479213919));
#7728 = CARTESIAN_POINT('',(-0.772492560835,-7.506643650938));
#7729 = CARTESIAN_POINT('',(-0.737181777516,-7.479511171133));
#7730 = CARTESIAN_POINT('',(-0.701734928031,-7.45236608782));
#7731 = CARTESIAN_POINT('',(-0.666137071231,-7.425385207423));
#7732 = CARTESIAN_POINT('',(-0.630375693711,-7.398747454136));
#7733 = CARTESIAN_POINT('',(-0.594440709802,-7.372633869957));
#7734 = CARTESIAN_POINT('',(-0.558324461578,-7.347227614644));
#7735 = CARTESIAN_POINT('',(-0.522021718852,-7.322713965757));
#7736 = CARTESIAN_POINT('',(-0.485529679177,-7.299280318626));
#7737 = CARTESIAN_POINT('',(-0.448847967846,-7.277116186369));
#7738 = CARTESIAN_POINT('',(-0.37510930794,-7.235710213406));
#7739 = CARTESIAN_POINT('',(-0.338065597601,-7.21646489188));
#7740 = CARTESIAN_POINT('',(-0.300781672397,-7.198849954654));
#7741 = CARTESIAN_POINT('',(-0.263430291133,-7.183025255167));
#7742 = CARTESIAN_POINT('',(-0.22580106306,-7.169148883463));
#7743 = CARTESIAN_POINT('',(-0.18793836259,-7.157370354794));
#7744 = CARTESIAN_POINT('',(-0.150052590346,-7.147833828777));
#7745 = CARTESIAN_POINT('',(-0.112097519889,-7.140683641691));
#7746 = CARTESIAN_POINT('',(-7.403142145953E-02,-7.136036926138));
#7747 = CARTESIAN_POINT('',(-3.665050755E-02,-7.133868731487));
#7748 = CARTESIAN_POINT('',(1.221245327088E-15,-7.133743850843));
#7749 = ( GEOMETRIC_REPRESENTATION_CONTEXT(2) 
PARAMETRIC_REPRESENTATION_CONTEXT() REPRESENTATION_CONTEXT('2D SPACE',''
  ) );
#7750 = ORIENTED_EDGE('',*,*,#7547,.F.);
#7751 = ORIENTED_EDGE('',*,*,#93,.F.);
#7752 = ADVANCED_FACE('',(#7753),#4323,.T.);
#7753 = FACE_BOUND('',#7754,.T.);
#7754 = EDGE_LOOP('',(#7755,#7778,#7806,#7827));
#7755 = ORIENTED_EDGE('',*,*,#7756,.F.);
#7756 = EDGE_CURVE('',#7757,#4281,#7759,.T.);
#7757 = VERTEX_POINT('',#7758);
#7758 = CARTESIAN_POINT('',(-4.1,7.1,2.));
#7759 = SURFACE_CURVE('',#7760,(#7764,#7771),.PCURVE_S1.);
#7760 = LINE('',#7761,#7762);
#7761 = CARTESIAN_POINT('',(-4.1,7.1,2.));
#7762 = VECTOR('',#7763,1.);
#7763 = DIRECTION('',(0.,0.,1.));
#7764 = PCURVE('',#4323,#7765);
#7765 = DEFINITIONAL_REPRESENTATION('',(#7766),#7770);
#7766 = LINE('',#7767,#7768);
#7767 = CARTESIAN_POINT('',(3.8,0.));
#7768 = VECTOR('',#7769,1.);
#7769 = DIRECTION('',(0.,-1.));
#7770 = ( GEOMETRIC_REPRESENTATION_CONTEXT(2) 
PARAMETRIC_REPRESENTATION_CONTEXT() REPRESENTATION_CONTEXT('2D SPACE',''
  ) );
#7771 = PCURVE('',#4422,#7772);
#7772 = DEFINITIONAL_REPRESENTATION('',(#7773),#7777);
#7773 = LINE('',#7774,#7775);
#7774 = CARTESIAN_POINT('',(-0.,0.));
#7775 = VECTOR('',#7776,1.);
#7776 = DIRECTION('',(-0.,-1.));
#7777 = ( GEOMETRIC_REPRESENTATION_CONTEXT(2) 
PARAMETRIC_REPRESENTATION_CONTEXT() REPRESENTATION_CONTEXT('2D SPACE',''
  ) );
#7778 = ORIENTED_EDGE('',*,*,#7779,.F.);
#7779 = EDGE_CURVE('',#7780,#7757,#7782,.T.);
#7780 = VERTEX_POINT('',#7781);
#7781 = CARTESIAN_POINT('',(-4.1,10.9,2.));
#7782 = SURFACE_CURVE('',#7783,(#7787,#7794),.PCURVE_S1.);
#7783 = LINE('',#7784,#7785);
#7784 = CARTESIAN_POINT('',(-4.1,10.9,2.));
#7785 = VECTOR('',#7786,1.);
#7786 = DIRECTION('',(4.67462326158E-16,-1.,0.));
#7787 = PCURVE('',#4323,#7788);
#7788 = DEFINITIONAL_REPRESENTATION('',(#7789),#7793);
#7789 = LINE('',#7790,#7791);
#7790 = CARTESIAN_POINT('',(0.,0.));
#7791 = VECTOR('',#7792,1.);
#7792 = DIRECTION('',(1.,0.));
#7793 = ( GEOMETRIC_REPRESENTATION_CONTEXT(2) 
PARAMETRIC_REPRESENTATION_CONTEXT() REPRESENTATION_CONTEXT('2D SPACE',''
  ) );
#7794 = PCURVE('',#7795,#7800);
#7795 = PLANE('',#7796);
#7796 = AXIS2_PLACEMENT_3D('',#7797,#7798,#7799);
#7797 = CARTESIAN_POINT('',(-2.57518441314E-16,9.875177100582,2.));
#7798 = DIRECTION('',(0.,0.,1.));
#7799 = DIRECTION('',(1.,0.,-0.));
#7800 = DEFINITIONAL_REPRESENTATION('',(#7801),#7805);
#7801 = LINE('',#7802,#7803);
#7802 = CARTESIAN_POINT('',(-4.1,1.024822899418));
#7803 = VECTOR('',#7804,1.);
#7804 = DIRECTION('',(4.67462326158E-16,-1.));
#7805 = ( GEOMETRIC_REPRESENTATION_CONTEXT(2) 
PARAMETRIC_REPRESENTATION_CONTEXT() REPRESENTATION_CONTEXT('2D SPACE',''
  ) );
#7806 = ORIENTED_EDGE('',*,*,#7807,.T.);
#7807 = EDGE_CURVE('',#7780,#4302,#7808,.T.);
#7808 = SURFACE_CURVE('',#7809,(#7813,#7820),.PCURVE_S1.);
#7809 = LINE('',#7810,#7811);
#7810 = CARTESIAN_POINT('',(-4.1,10.9,2.));
#7811 = VECTOR('',#7812,1.);
#7812 = DIRECTION('',(0.,0.,1.));
#7813 = PCURVE('',#4323,#7814);
#7814 = DEFINITIONAL_REPRESENTATION('',(#7815),#7819);
#7815 = LINE('',#7816,#7817);
#7816 = CARTESIAN_POINT('',(0.,0.));
#7817 = VECTOR('',#7818,1.);
#7818 = DIRECTION('',(0.,-1.));
#7819 = ( GEOMETRIC_REPRESENTATION_CONTEXT(2) 
PARAMETRIC_REPRESENTATION_CONTEXT() REPRESENTATION_CONTEXT('2D SPACE',''
  ) );
#7820 = PCURVE('',#7690,#7821);
#7821 = DEFINITIONAL_REPRESENTATION('',(#7822),#7826);
#7822 = LINE('',#7823,#7824);
#7823 = CARTESIAN_POINT('',(-3.14159265359,0.));
#7824 = VECTOR('',#7825,1.);
#7825 = DIRECTION('',(-0.,-1.));
#7826 = ( GEOMETRIC_REPRESENTATION_CONTEXT(2) 
PARAMETRIC_REPRESENTATION_CONTEXT() REPRESENTATION_CONTEXT('2D SPACE',''
  ) );
#7827 = ORIENTED_EDGE('',*,*,#4301,.F.);
#7828 = ADVANCED_FACE('',(#7829),#4422,.F.);
#7829 = FACE_BOUND('',#7830,.T.);
#7830 = EDGE_LOOP('',(#7831,#7832,#7833,#7856));
#7831 = ORIENTED_EDGE('',*,*,#7756,.T.);
#7832 = ORIENTED_EDGE('',*,*,#4385,.F.);
#7833 = ORIENTED_EDGE('',*,*,#7834,.F.);
#7834 = EDGE_CURVE('',#7835,#4365,#7837,.T.);
#7835 = VERTEX_POINT('',#7836);
#7836 = CARTESIAN_POINT('',(-3.,6.,2.));
#7837 = SURFACE_CURVE('',#7838,(#7842,#7849),.PCURVE_S1.);
#7838 = LINE('',#7839,#7840);
#7839 = CARTESIAN_POINT('',(-3.,6.,2.));
#7840 = VECTOR('',#7841,1.);
#7841 = DIRECTION('',(0.,0.,1.));
#7842 = PCURVE('',#4422,#7843);
#7843 = DEFINITIONAL_REPRESENTATION('',(#7844),#7848);
#7844 = LINE('',#7845,#7846);
#7845 = CARTESIAN_POINT('',(-1.570796326795,0.));
#7846 = VECTOR('',#7847,1.);
#7847 = DIRECTION('',(-0.,-1.));
#7848 = ( GEOMETRIC_REPRESENTATION_CONTEXT(2) 
PARAMETRIC_REPRESENTATION_CONTEXT() REPRESENTATION_CONTEXT('2D SPACE',''
  ) );
#7849 = PCURVE('',#4610,#7850);
#7850 = DEFINITIONAL_REPRESENTATION('',(#7851),#7855);
#7851 = LINE('',#7852,#7853);
#7852 = CARTESIAN_POINT('',(0.,0.));
#7853 = VECTOR('',#7854,1.);
#7854 = DIRECTION('',(0.,-1.));
#7855 = ( GEOMETRIC_REPRESENTATION_CONTEXT(2) 
PARAMETRIC_REPRESENTATION_CONTEXT() REPRESENTATION_CONTEXT('2D SPACE',''
  ) );
#7856 = ORIENTED_EDGE('',*,*,#7857,.F.);
#7857 = EDGE_CURVE('',#7757,#7835,#7858,.T.);
#7858 = SURFACE_CURVE('',#7859,(#7864,#7871),.PCURVE_S1.);
#7859 = CIRCLE('',#7860,1.1);
#7860 = AXIS2_PLACEMENT_3D('',#7861,#7862,#7863);
#7861 = CARTESIAN_POINT('',(-3.,7.1,2.));
#7862 = DIRECTION('',(0.,0.,1.));
#7863 = DIRECTION('',(-1.,-8.074349270001E-16,0.));
#7864 = PCURVE('',#4422,#7865);
#7865 = DEFINITIONAL_REPRESENTATION('',(#7866),#7870);
#7866 = LINE('',#7867,#7868);
#7867 = CARTESIAN_POINT('',(-0.,0.));
#7868 = VECTOR('',#7869,1.);
#7869 = DIRECTION('',(-1.,0.));
#7870 = ( GEOMETRIC_REPRESENTATION_CONTEXT(2) 
PARAMETRIC_REPRESENTATION_CONTEXT() REPRESENTATION_CONTEXT('2D SPACE',''
  ) );
#7871 = PCURVE('',#7795,#7872);
#7872 = DEFINITIONAL_REPRESENTATION('',(#7873),#7877);
#7873 = CIRCLE('',#7874,1.1);
#7874 = AXIS2_PLACEMENT_2D('',#7875,#7876);
#7875 = CARTESIAN_POINT('',(-3.,-2.775177100582));
#7876 = DIRECTION('',(-1.,-8.074349270001E-16));
#7877 = ( GEOMETRIC_REPRESENTATION_CONTEXT(2) 
PARAMETRIC_REPRESENTATION_CONTEXT() REPRESENTATION_CONTEXT('2D SPACE',''
  ) );
#7878 = ADVANCED_FACE('',(#7879),#4610,.T.);
#7879 = FACE_BOUND('',#7880,.T.);
#7880 = EDGE_LOOP('',(#7881,#7882,#7905,#7926,#7927,#7928,#7929,#7948));
#7881 = ORIENTED_EDGE('',*,*,#7257,.F.);
#7882 = ORIENTED_EDGE('',*,*,#7883,.F.);
#7883 = EDGE_CURVE('',#7884,#7237,#7886,.T.);
#7884 = VERTEX_POINT('',#7885);
#7885 = CARTESIAN_POINT('',(3.,6.,2.));
#7886 = SURFACE_CURVE('',#7887,(#7891,#7898),.PCURVE_S1.);
#7887 = LINE('',#7888,#7889);
#7888 = CARTESIAN_POINT('',(3.,6.,2.));
#7889 = VECTOR('',#7890,1.);
#7890 = DIRECTION('',(0.,0.,1.));
#7891 = PCURVE('',#4610,#7892);
#7892 = DEFINITIONAL_REPRESENTATION('',(#7893),#7897);
#7893 = LINE('',#7894,#7895);
#7894 = CARTESIAN_POINT('',(6.,0.));
#7895 = VECTOR('',#7896,1.);
#7896 = DIRECTION('',(0.,-1.));
#7897 = ( GEOMETRIC_REPRESENTATION_CONTEXT(2) 
PARAMETRIC_REPRESENTATION_CONTEXT() REPRESENTATION_CONTEXT('2D SPACE',''
  ) );
#7898 = PCURVE('',#7461,#7899);
#7899 = DEFINITIONAL_REPRESENTATION('',(#7900),#7904);
#7900 = LINE('',#7901,#7902);
#7901 = CARTESIAN_POINT('',(-0.,0.));
#7902 = VECTOR('',#7903,1.);
#7903 = DIRECTION('',(-0.,-1.));
#7904 = ( GEOMETRIC_REPRESENTATION_CONTEXT(2) 
PARAMETRIC_REPRESENTATION_CONTEXT() REPRESENTATION_CONTEXT('2D SPACE',''
  ) );
#7905 = ORIENTED_EDGE('',*,*,#7906,.F.);
#7906 = EDGE_CURVE('',#7835,#7884,#7907,.T.);
#7907 = SURFACE_CURVE('',#7908,(#7912,#7919),.PCURVE_S1.);
#7908 = LINE('',#7909,#7910);
#7909 = CARTESIAN_POINT('',(-3.,6.,2.));
#7910 = VECTOR('',#7911,1.);
#7911 = DIRECTION('',(1.,0.,0.));
#7912 = PCURVE('',#4610,#7913);
#7913 = DEFINITIONAL_REPRESENTATION('',(#7914),#7918);
#7914 = LINE('',#7915,#7916);
#7915 = CARTESIAN_POINT('',(0.,0.));
#7916 = VECTOR('',#7917,1.);
#7917 = DIRECTION('',(1.,0.));
#7918 = ( GEOMETRIC_REPRESENTATION_CONTEXT(2) 
PARAMETRIC_REPRESENTATION_CONTEXT() REPRESENTATION_CONTEXT('2D SPACE',''
  ) );
#7919 = PCURVE('',#7795,#7920);
#7920 = DEFINITIONAL_REPRESENTATION('',(#7921),#7925);
#7921 = LINE('',#7922,#7923);
#7922 = CARTESIAN_POINT('',(-3.,-3.875177100582));
#7923 = VECTOR('',#7924,1.);
#7924 = DIRECTION('',(1.,0.));
#7925 = ( GEOMETRIC_REPRESENTATION_CONTEXT(2) 
PARAMETRIC_REPRESENTATION_CONTEXT() REPRESENTATION_CONTEXT('2D SPACE',''
  ) );
#7926 = ORIENTED_EDGE('',*,*,#7834,.T.);
#7927 = ORIENTED_EDGE('',*,*,#4573,.F.);
#7928 = ORIENTED_EDGE('',*,*,#4705,.T.);
#7929 = ORIENTED_EDGE('',*,*,#7930,.T.);
#7930 = EDGE_CURVE('',#4678,#7109,#7931,.T.);
#7931 = SURFACE_CURVE('',#7932,(#7936,#7942),.PCURVE_S1.);
#7932 = LINE('',#7933,#7934);
#7933 = CARTESIAN_POINT('',(-2.35,6.,3.3));
#7934 = VECTOR('',#7935,1.);
#7935 = DIRECTION('',(1.,0.,0.));
#7936 = PCURVE('',#4610,#7937);
#7937 = DEFINITIONAL_REPRESENTATION('',(#7938),#7941);
#7938 = B_SPLINE_CURVE_WITH_KNOTS('',1,(#7939,#7940),.UNSPECIFIED.,.F.,
  .F.,(2,2),(0.65,4.05),.PIECEWISE_BEZIER_KNOTS.);
#7939 = CARTESIAN_POINT('',(1.3,-1.3));
#7940 = CARTESIAN_POINT('',(4.7,-1.3));
#7941 = ( GEOMETRIC_REPRESENTATION_CONTEXT(2) 
PARAMETRIC_REPRESENTATION_CONTEXT() REPRESENTATION_CONTEXT('2D SPACE',''
  ) );
#7942 = PCURVE('',#4693,#7943);
#7943 = DEFINITIONAL_REPRESENTATION('',(#7944),#7947);
#7944 = B_SPLINE_CURVE_WITH_KNOTS('',1,(#7945,#7946),.UNSPECIFIED.,.F.,
  .F.,(2,2),(0.65,4.05),.PIECEWISE_BEZIER_KNOTS.);
#7945 = CARTESIAN_POINT('',(0.,8.));
#7946 = CARTESIAN_POINT('',(3.4,8.));
#7947 = ( GEOMETRIC_REPRESENTATION_CONTEXT(2) 
PARAMETRIC_REPRESENTATION_CONTEXT() REPRESENTATION_CONTEXT('2D SPACE',''
  ) );
#7948 = ORIENTED_EDGE('',*,*,#7131,.F.);
#7949 = ADVANCED_FACE('',(#7950),#4666,.T.);
#7950 = FACE_BOUND('',#7951,.F.);
#7951 = EDGE_LOOP('',(#7952,#7983,#8004,#8005,#8006,#8032,#8033,#8034));
#7952 = ORIENTED_EDGE('',*,*,#7953,.F.);
#7953 = EDGE_CURVE('',#7954,#7956,#7958,.T.);
#7954 = VERTEX_POINT('',#7955);
#7955 = CARTESIAN_POINT('',(-7.,7.,0.6));
#7956 = VERTEX_POINT('',#7957);
#7957 = CARTESIAN_POINT('',(7.,7.,0.6));
#7958 = SURFACE_CURVE('',#7959,(#7964,#7971),.PCURVE_S1.);
#7959 = CIRCLE('',#7960,7.);
#7960 = AXIS2_PLACEMENT_3D('',#7961,#7962,#7963);
#7961 = CARTESIAN_POINT('',(0.,7.,0.6));
#7962 = DIRECTION('',(0.,0.,1.));
#7963 = DIRECTION('',(-1.,0.,0.));
#7964 = PCURVE('',#4666,#7965);
#7965 = DEFINITIONAL_REPRESENTATION('',(#7966),#7970);
#7966 = LINE('',#7967,#7968);
#7967 = CARTESIAN_POINT('',(-0.,-0.6));
#7968 = VECTOR('',#7969,1.);
#7969 = DIRECTION('',(-1.,0.));
#7970 = ( GEOMETRIC_REPRESENTATION_CONTEXT(2) 
PARAMETRIC_REPRESENTATION_CONTEXT() REPRESENTATION_CONTEXT('2D SPACE',''
  ) );
#7971 = PCURVE('',#7972,#7977);
#7972 = TOROIDAL_SURFACE('',#7973,6.4,0.6);
#7973 = AXIS2_PLACEMENT_3D('',#7974,#7975,#7976);
#7974 = CARTESIAN_POINT('',(0.,7.,0.6));
#7975 = DIRECTION('',(-0.,-0.,-1.));
#7976 = DIRECTION('',(-1.,0.,0.));
#7977 = DEFINITIONAL_REPRESENTATION('',(#7978),#7982);
#7978 = LINE('',#7979,#7980);
#7979 = CARTESIAN_POINT('',(-0.,0.));
#7980 = VECTOR('',#7981,1.);
#7981 = DIRECTION('',(-1.,0.));
#7982 = ( GEOMETRIC_REPRESENTATION_CONTEXT(2) 
PARAMETRIC_REPRESENTATION_CONTEXT() REPRESENTATION_CONTEXT('2D SPACE',''
  ) );
#7983 = ORIENTED_EDGE('',*,*,#7984,.T.);
#7984 = EDGE_CURVE('',#7954,#4808,#7985,.T.);
#7985 = SURFACE_CURVE('',#7986,(#7990,#7997),.PCURVE_S1.);
#7986 = LINE('',#7987,#7988);
#7987 = CARTESIAN_POINT('',(-7.,7.,0.));
#7988 = VECTOR('',#7989,1.);
#7989 = DIRECTION('',(0.,0.,1.));
#7990 = PCURVE('',#4666,#7991);
#7991 = DEFINITIONAL_REPRESENTATION('',(#7992),#7996);
#7992 = LINE('',#7993,#7994);
#7993 = CARTESIAN_POINT('',(-0.,0.));
#7994 = VECTOR('',#7995,1.);
#7995 = DIRECTION('',(-0.,-1.));
#7996 = ( GEOMETRIC_REPRESENTATION_CONTEXT(2) 
PARAMETRIC_REPRESENTATION_CONTEXT() REPRESENTATION_CONTEXT('2D SPACE',''
  ) );
#7997 = PCURVE('',#5116,#7998);
#7998 = DEFINITIONAL_REPRESENTATION('',(#7999),#8003);
#7999 = LINE('',#8000,#8001);
#8000 = CARTESIAN_POINT('',(1.,0.));
#8001 = VECTOR('',#8002,1.);
#8002 = DIRECTION('',(0.,-1.));
#8003 = ( GEOMETRIC_REPRESENTATION_CONTEXT(2) 
PARAMETRIC_REPRESENTATION_CONTEXT() REPRESENTATION_CONTEXT('2D SPACE',''
  ) );
#8004 = ORIENTED_EDGE('',*,*,#4807,.F.);
#8005 = ORIENTED_EDGE('',*,*,#4649,.T.);
#8006 = ORIENTED_EDGE('',*,*,#8007,.F.);
#8007 = EDGE_CURVE('',#7088,#4652,#8008,.T.);
#8008 = SURFACE_CURVE('',#8009,(#8014,#8021),.PCURVE_S1.);
#8009 = CIRCLE('',#8010,7.);
#8010 = AXIS2_PLACEMENT_3D('',#8011,#8012,#8013);
#8011 = CARTESIAN_POINT('',(0.,7.,3.3));
#8012 = DIRECTION('',(-0.,0.,-1.));
#8013 = DIRECTION('',(-1.,0.,0.));
#8014 = PCURVE('',#4666,#8015);
#8015 = DEFINITIONAL_REPRESENTATION('',(#8016),#8020);
#8016 = LINE('',#8017,#8018);
#8017 = CARTESIAN_POINT('',(-6.28318530718,-3.3));
#8018 = VECTOR('',#8019,1.);
#8019 = DIRECTION('',(1.,-0.));
#8020 = ( GEOMETRIC_REPRESENTATION_CONTEXT(2) 
PARAMETRIC_REPRESENTATION_CONTEXT() REPRESENTATION_CONTEXT('2D SPACE',''
  ) );
#8021 = PCURVE('',#4693,#8022);
#8022 = DEFINITIONAL_REPRESENTATION('',(#8023),#8031);
#8023 = ( BOUNDED_CURVE() B_SPLINE_CURVE(2,(#8024,#8025,#8026,#8027,
#8028,#8029,#8030),.UNSPECIFIED.,.T.,.F.) B_SPLINE_CURVE_WITH_KNOTS((1,2
    ,2,2,2,1),(-2.094395102393,0.,2.094395102393,4.188790204786,
6.28318530718,8.377580409573),.UNSPECIFIED.) CURVE() 
GEOMETRIC_REPRESENTATION_ITEM() RATIONAL_B_SPLINE_CURVE((1.,0.5,1.,0.5,
1.,0.5,1.)) REPRESENTATION_ITEM('') );
#8024 = CARTESIAN_POINT('',(-5.3,9.));
#8025 = CARTESIAN_POINT('',(-5.3,21.124355652982));
#8026 = CARTESIAN_POINT('',(5.2,15.062177826491));
#8027 = CARTESIAN_POINT('',(15.7,9.));
#8028 = CARTESIAN_POINT('',(5.2,2.937822173509));
#8029 = CARTESIAN_POINT('',(-5.3,-3.124355652982));
#8030 = CARTESIAN_POINT('',(-5.3,9.));
#8031 = ( GEOMETRIC_REPRESENTATION_CONTEXT(2) 
PARAMETRIC_REPRESENTATION_CONTEXT() REPRESENTATION_CONTEXT('2D SPACE',''
  ) );
#8032 = ORIENTED_EDGE('',*,*,#7087,.F.);
#8033 = ORIENTED_EDGE('',*,*,#6807,.F.);
#8034 = ORIENTED_EDGE('',*,*,#8035,.F.);
#8035 = EDGE_CURVE('',#7956,#6660,#8036,.T.);
#8036 = SURFACE_CURVE('',#8037,(#8041,#8048),.PCURVE_S1.);
#8037 = LINE('',#8038,#8039);
#8038 = CARTESIAN_POINT('',(7.,7.,0.));
#8039 = VECTOR('',#8040,1.);
#8040 = DIRECTION('',(0.,0.,1.));
#8041 = PCURVE('',#4666,#8042);
#8042 = DEFINITIONAL_REPRESENTATION('',(#8043),#8047);
#8043 = LINE('',#8044,#8045);
#8044 = CARTESIAN_POINT('',(-3.14159265359,0.));
#8045 = VECTOR('',#8046,1.);
#8046 = DIRECTION('',(-0.,-1.));
#8047 = ( GEOMETRIC_REPRESENTATION_CONTEXT(2) 
PARAMETRIC_REPRESENTATION_CONTEXT() REPRESENTATION_CONTEXT('2D SPACE',''
  ) );
#8048 = PCURVE('',#6745,#8049);
#8049 = DEFINITIONAL_REPRESENTATION('',(#8050),#8054);
#8050 = LINE('',#8051,#8052);
#8051 = CARTESIAN_POINT('',(0.,0.));
#8052 = VECTOR('',#8053,1.);
#8053 = DIRECTION('',(0.,-1.));
#8054 = ( GEOMETRIC_REPRESENTATION_CONTEXT(2) 
PARAMETRIC_REPRESENTATION_CONTEXT() REPRESENTATION_CONTEXT('2D SPACE',''
  ) );
#8055 = ADVANCED_FACE('',(#8056),#4693,.T.);
#8056 = FACE_BOUND('',#8057,.T.);
#8057 = EDGE_LOOP('',(#8058,#8059,#8060,#8061));
#8058 = ORIENTED_EDGE('',*,*,#4677,.F.);
#8059 = ORIENTED_EDGE('',*,*,#8007,.F.);
#8060 = ORIENTED_EDGE('',*,*,#7108,.T.);
#8061 = ORIENTED_EDGE('',*,*,#7930,.F.);
#8062 = ADVANCED_FACE('',(#8063),#5116,.F.);
#8063 = FACE_BOUND('',#8064,.F.);
#8064 = EDGE_LOOP('',(#8065,#8066,#8159,#8180));
#8065 = ORIENTED_EDGE('',*,*,#7984,.F.);
#8066 = ORIENTED_EDGE('',*,*,#8067,.F.);
#8067 = EDGE_CURVE('',#8068,#7954,#8070,.T.);
#8068 = VERTEX_POINT('',#8069);
#8069 = CARTESIAN_POINT('',(-9.,11.,0.6));
#8070 = SURFACE_CURVE('',#8071,(#8087,#8106),.PCURVE_S1.);
#8071 = ( BOUNDED_CURVE() B_SPLINE_CURVE(14,(#8072,#8073,#8074,#8075,
    #8076,#8077,#8078,#8079,#8080,#8081,#8082,#8083,#8084,#8085,#8086),
.UNSPECIFIED.,.F.,.F.) B_SPLINE_CURVE_WITH_KNOTS((15,15),(
130.03801248022,134.66009842325),.PIECEWISE_BEZIER_KNOTS.) CURVE() 
GEOMETRIC_REPRESENTATION_ITEM() RATIONAL_B_SPLINE_CURVE((1.,1.,
    1.000000000002,0.999999999995,1.000000000011,0.999999999982,
    1.000000000025,0.999999999972,1.000000000026,0.999999999981,
    1.000000000011,0.999999999995,1.000000000002,1.,1.)) 
REPRESENTATION_ITEM('') );
#8072 = CARTESIAN_POINT('',(-9.,11.,0.6));
#8073 = CARTESIAN_POINT('',(-9.,10.571428571429,0.6));
#8074 = CARTESIAN_POINT('',(-8.934065934065,10.208791208789,0.6));
#8075 = CARTESIAN_POINT('',(-8.81318681319,9.901098901103,0.600000000001
    ));
#8076 = CARTESIAN_POINT('',(-8.648351648346,9.637362637357,
    0.599999999999));
#8077 = CARTESIAN_POINT('',(-8.450549450555,9.406593406599,
    0.600000000002));
#8078 = CARTESIAN_POINT('',(-8.230769230766,9.197802197799,
    0.599999999997));
#8079 = CARTESIAN_POINT('',(-7.999999999999,8.999999999999,
    0.600000000003));
#8080 = CARTESIAN_POINT('',(-7.769230769237,8.802197802202,
    0.599999999997));
#8081 = CARTESIAN_POINT('',(-7.549450549443,8.5934065934,0.600000000002)
  );
#8082 = CARTESIAN_POINT('',(-7.351648351655,8.362637362644,
    0.599999999998));
#8083 = CARTESIAN_POINT('',(-7.186813186809,8.098901098897,
    0.600000000001));
#8084 = CARTESIAN_POINT('',(-7.065934065936,7.791208791211,0.6));
#8085 = CARTESIAN_POINT('',(-7.,7.428571428571,0.6));
#8086 = CARTESIAN_POINT('',(-7.,7.,0.6));
#8087 = PCURVE('',#5116,#8088);
#8088 = DEFINITIONAL_REPRESENTATION('',(#8089),#8105);
#8089 = B_SPLINE_CURVE_WITH_KNOTS('',14,(#8090,#8091,#8092,#8093,#8094,
    #8095,#8096,#8097,#8098,#8099,#8100,#8101,#8102,#8103,#8104),
  .UNSPECIFIED.,.F.,.F.,(15,15),(130.03801248022,134.66009842325),
  .PIECEWISE_BEZIER_KNOTS.);
#8090 = CARTESIAN_POINT('',(-4.288218267306E-17,-0.6));
#8091 = CARTESIAN_POINT('',(7.142857142848E-02,-0.6));
#8092 = CARTESIAN_POINT('',(0.142857142858,-0.600000000001));
#8093 = CARTESIAN_POINT('',(0.214285714285,-0.599999999998));
#8094 = CARTESIAN_POINT('',(0.285714285717,-0.600000000004));
#8095 = CARTESIAN_POINT('',(0.357142857139,-0.599999999993));
#8096 = CARTESIAN_POINT('',(0.428571428577,-0.60000000001));
#8097 = CARTESIAN_POINT('',(0.499999999994,-0.599999999989));
#8098 = CARTESIAN_POINT('',(0.571428571434,-0.60000000001));
#8099 = CARTESIAN_POINT('',(0.642857142853,-0.599999999992));
#8100 = CARTESIAN_POINT('',(0.714285714288,-0.600000000005));
#8101 = CARTESIAN_POINT('',(0.785714285713,-0.599999999998));
#8102 = CARTESIAN_POINT('',(0.857142857143,-0.600000000001));
#8103 = CARTESIAN_POINT('',(0.928571428571,-0.6));
#8104 = CARTESIAN_POINT('',(1.,-0.6));
#8105 = ( GEOMETRIC_REPRESENTATION_CONTEXT(2) 
PARAMETRIC_REPRESENTATION_CONTEXT() REPRESENTATION_CONTEXT('2D SPACE',''
  ) );
#8106 = PCURVE('',#8107,#8153);
#8107 = ( BOUNDED_SURFACE() B_SPLINE_SURFACE(2,14,(
    (#8108,#8109,#8110,#8111,#8112,#8113,#8114,#8115,#8116,#8117,#8118
      ,#8119,#8120,#8121,#8122)
    ,(#8123,#8124,#8125,#8126,#8127,#8128,#8129,#8130,#8131,#8132,#8133
      ,#8134,#8135,#8136,#8137)
    ,(#8138,#8139,#8140,#8141,#8142,#8143,#8144,#8145,#8146,#8147,#8148
      ,#8149,#8150,#8151,#8152
)),.UNSPECIFIED.,.F.,.F.,.F.) B_SPLINE_SURFACE_WITH_KNOTS((3,3),(15,15),
  (0.,4.622085943032),(130.03801248022,134.66009842325),
.PIECEWISE_BEZIER_KNOTS.) GEOMETRIC_REPRESENTATION_ITEM() 
RATIONAL_B_SPLINE_SURFACE((
    (1.,1.,1.000000000002,0.999999999995,1.000000000011,0.999999999982
      ,1.000000000025,0.999999999972,1.000000000026,0.999999999981
      ,1.000000000011,0.999999999995,1.000000000002,1.,1.)
    ,(0.707106781187,0.707106781186,0.707106781188,0.707106781183
      ,0.707106781194,0.707106781174,0.707106781204,0.707106781167
      ,0.707106781204,0.707106781173,0.707106781195,0.707106781183
      ,0.707106781188,0.707106781186,0.707106781187)
    ,(1.,1.,1.000000000002,0.999999999995,1.000000000011,0.999999999982
      ,1.000000000025,0.999999999972,1.000000000026,0.999999999981
      ,1.000000000011,0.999999999995,1.000000000002,1.,1.
))) REPRESENTATION_ITEM('') SURFACE() );
#8108 = CARTESIAN_POINT('',(-9.,11.,0.6));
#8109 = CARTESIAN_POINT('',(-9.,10.571428571429,0.6));
#8110 = CARTESIAN_POINT('',(-8.934065934065,10.208791208789,0.6));
#8111 = CARTESIAN_POINT('',(-8.81318681319,9.901098901103,0.600000000001
    ));
#8112 = CARTESIAN_POINT('',(-8.648351648346,9.637362637357,
    0.599999999999));
#8113 = CARTESIAN_POINT('',(-8.450549450555,9.406593406599,
    0.600000000002));
#8114 = CARTESIAN_POINT('',(-8.230769230766,9.197802197799,
    0.599999999997));
#8115 = CARTESIAN_POINT('',(-7.999999999999,8.999999999999,
    0.600000000003));
#8116 = CARTESIAN_POINT('',(-7.769230769237,8.802197802202,
    0.599999999997));
#8117 = CARTESIAN_POINT('',(-7.549450549443,8.5934065934,0.600000000002)
  );
#8118 = CARTESIAN_POINT('',(-7.351648351655,8.362637362644,
    0.599999999998));
#8119 = CARTESIAN_POINT('',(-7.186813186809,8.098901098897,
    0.600000000001));
#8120 = CARTESIAN_POINT('',(-7.065934065936,7.791208791211,0.6));
#8121 = CARTESIAN_POINT('',(-7.,7.428571428571,0.6));
#8122 = CARTESIAN_POINT('',(-7.,7.,0.6));
#8123 = CARTESIAN_POINT('',(-9.,11.,1.110223024625E-16));
#8124 = CARTESIAN_POINT('',(-9.,10.571428571429,1.387778780781E-14));
#8125 = CARTESIAN_POINT('',(-8.934065934065,10.208791208789,
    -6.333822355487E-14));
#8126 = CARTESIAN_POINT('',(-8.81318681319,9.901098901104,
    1.780797731499E-13));
#8127 = CARTESIAN_POINT('',(-8.648351648346,9.637362637354,
    -3.611000387593E-13));
#8128 = CARTESIAN_POINT('',(-8.450549450556,9.406593406603,
    5.559996907323E-13));
#8129 = CARTESIAN_POINT('',(-8.230769230764,9.197802197794,
    -6.52422560421E-13));
#8130 = CARTESIAN_POINT('',(-8.000000000001,9.000000000004,
    5.739853037312E-13));
#8131 = CARTESIAN_POINT('',(-7.769230769235,8.802197802198,
    -3.604894160958E-13));
#8132 = CARTESIAN_POINT('',(-7.549450549444,8.593406593403,
    1.411648575811E-13));
#8133 = CARTESIAN_POINT('',(-7.351648351655,8.362637362642,
    -1.126876369995E-14));
#8134 = CARTESIAN_POINT('',(-7.186813186809,8.098901098897,
    -2.492450690283E-14));
#8135 = CARTESIAN_POINT('',(-7.065934065936,7.791208791211,
    1.715294573046E-14));
#8136 = CARTESIAN_POINT('',(-7.,7.428571428571,-4.607425552194E-15));
#8137 = CARTESIAN_POINT('',(-7.,7.,1.110223024625E-16));
#8138 = CARTESIAN_POINT('',(-8.4,11.,0.));
#8139 = CARTESIAN_POINT('',(-8.4,10.657142857143,-1.709743457923E-14));
#8140 = CARTESIAN_POINT('',(-8.347019891951,10.393398617501,
    7.838174553854E-14));
#8141 = CARTESIAN_POINT('',(-8.26155351889,10.191466823177,
    -2.192135362122E-13));
#8142 = CARTESIAN_POINT('',(-8.140569175594,10.020793919611,
    4.538036613155E-13));
#8143 = CARTESIAN_POINT('',(-8.061229110149,9.865518405078,
    -7.4795725169E-13));
#8144 = CARTESIAN_POINT('',(-7.788147848275,9.578288925351,
    1.017186335162E-12));
#8145 = CARTESIAN_POINT('',(-7.652991377775,9.528379938962,
    -1.150912698478E-12));
#8146 = CARTESIAN_POINT('',(-7.326609386746,9.182684529754,
    1.07980291375E-12));
#8147 = CARTESIAN_POINT('',(-7.160130209037,9.052331591879,
    -8.297251774536E-13));
#8148 = CARTESIAN_POINT('',(-6.843865878903,8.746068644898,
    5.111466805374E-13));
#8149 = CARTESIAN_POINT('',(-6.635179892509,8.38926902097,
    -2.444155988712E-13));
#8150 = CARTESIAN_POINT('',(-6.478888023822,7.975816199923,
    8.520961713998E-14));
#8151 = CARTESIAN_POINT('',(-6.4,7.514285714285,-1.826316875508E-14));
#8152 = CARTESIAN_POINT('',(-6.4,7.,0.));
#8153 = DEFINITIONAL_REPRESENTATION('',(#8154),#8158);
#8154 = LINE('',#8155,#8156);
#8155 = CARTESIAN_POINT('',(0.,0.));
#8156 = VECTOR('',#8157,1.);
#8157 = DIRECTION('',(0.,1.));
#8158 = ( GEOMETRIC_REPRESENTATION_CONTEXT(2) 
PARAMETRIC_REPRESENTATION_CONTEXT() REPRESENTATION_CONTEXT('2D SPACE',''
  ) );
#8159 = ORIENTED_EDGE('',*,*,#8160,.T.);
#8160 = EDGE_CURVE('',#8068,#5031,#8161,.T.);
#8161 = SURFACE_CURVE('',#8162,(#8166,#8173),.PCURVE_S1.);
#8162 = LINE('',#8163,#8164);
#8163 = CARTESIAN_POINT('',(-9.,11.,0.));
#8164 = VECTOR('',#8165,1.);
#8165 = DIRECTION('',(0.,0.,1.));
#8166 = PCURVE('',#5116,#8167);
#8167 = DEFINITIONAL_REPRESENTATION('',(#8168),#8172);
#8168 = LINE('',#8169,#8170);
#8169 = CARTESIAN_POINT('',(0.,0.));
#8170 = VECTOR('',#8171,1.);
#8171 = DIRECTION('',(0.,-1.));
#8172 = ( GEOMETRIC_REPRESENTATION_CONTEXT(2) 
PARAMETRIC_REPRESENTATION_CONTEXT() REPRESENTATION_CONTEXT('2D SPACE',''
  ) );
#8173 = PCURVE('',#5257,#8174);
#8174 = DEFINITIONAL_REPRESENTATION('',(#8175),#8179);
#8175 = LINE('',#8176,#8177);
#8176 = CARTESIAN_POINT('',(41.,0.));
#8177 = VECTOR('',#8178,1.);
#8178 = DIRECTION('',(0.,-1.));
#8179 = ( GEOMETRIC_REPRESENTATION_CONTEXT(2) 
PARAMETRIC_REPRESENTATION_CONTEXT() REPRESENTATION_CONTEXT('2D SPACE',''
  ) );
#8180 = ORIENTED_EDGE('',*,*,#5051,.F.);
#8181 = ADVANCED_FACE('',(#8182),#5257,.F.);
#8182 = FACE_BOUND('',#8183,.F.);
#8183 = EDGE_LOOP('',(#8184,#8185,#8213,#8241,#8269,#8297,#8325,#8360));
#8184 = ORIENTED_EDGE('',*,*,#8160,.F.);
#8185 = ORIENTED_EDGE('',*,*,#8186,.F.);
#8186 = EDGE_CURVE('',#8187,#8068,#8189,.T.);
#8187 = VERTEX_POINT('',#8188);
#8188 = CARTESIAN_POINT('',(-9.,29.5,0.6));
#8189 = SURFACE_CURVE('',#8190,(#8194,#8201),.PCURVE_S1.);
#8190 = LINE('',#8191,#8192);
#8191 = CARTESIAN_POINT('',(-9.,52.,0.6));
#8192 = VECTOR('',#8193,1.);
#8193 = DIRECTION('',(-4.332577657074E-17,-1.,0.));
#8194 = PCURVE('',#5257,#8195);
#8195 = DEFINITIONAL_REPRESENTATION('',(#8196),#8200);
#8196 = LINE('',#8197,#8198);
#8197 = CARTESIAN_POINT('',(0.,-0.6));
#8198 = VECTOR('',#8199,1.);
#8199 = DIRECTION('',(1.,0.));
#8200 = ( GEOMETRIC_REPRESENTATION_CONTEXT(2) 
PARAMETRIC_REPRESENTATION_CONTEXT() REPRESENTATION_CONTEXT('2D SPACE',''
  ) );
#8201 = PCURVE('',#8202,#8207);
#8202 = CYLINDRICAL_SURFACE('',#8203,0.6);
#8203 = AXIS2_PLACEMENT_3D('',#8204,#8205,#8206);
#8204 = CARTESIAN_POINT('',(-8.4,52.,0.6));
#8205 = DIRECTION('',(-4.332577657074E-17,-1.,0.));
#8206 = DIRECTION('',(-1.,4.332577657074E-17,0.));
#8207 = DEFINITIONAL_REPRESENTATION('',(#8208),#8212);
#8208 = LINE('',#8209,#8210);
#8209 = CARTESIAN_POINT('',(0.,0.));
#8210 = VECTOR('',#8211,1.);
#8211 = DIRECTION('',(0.,1.));
#8212 = ( GEOMETRIC_REPRESENTATION_CONTEXT(2) 
PARAMETRIC_REPRESENTATION_CONTEXT() REPRESENTATION_CONTEXT('2D SPACE',''
  ) );
#8213 = ORIENTED_EDGE('',*,*,#8214,.T.);
#8214 = EDGE_CURVE('',#8187,#8215,#8217,.T.);
#8215 = VERTEX_POINT('',#8216);
#8216 = CARTESIAN_POINT('',(-9.,29.5,3.));
#8217 = SURFACE_CURVE('',#8218,(#8222,#8229),.PCURVE_S1.);
#8218 = LINE('',#8219,#8220);
#8219 = CARTESIAN_POINT('',(-9.,29.5,0.));
#8220 = VECTOR('',#8221,1.);
#8221 = DIRECTION('',(0.,0.,1.));
#8222 = PCURVE('',#5257,#8223);
#8223 = DEFINITIONAL_REPRESENTATION('',(#8224),#8228);
#8224 = LINE('',#8225,#8226);
#8225 = CARTESIAN_POINT('',(22.5,0.));
#8226 = VECTOR('',#8227,1.);
#8227 = DIRECTION('',(0.,-1.));
#8228 = ( GEOMETRIC_REPRESENTATION_CONTEXT(2) 
PARAMETRIC_REPRESENTATION_CONTEXT() REPRESENTATION_CONTEXT('2D SPACE',''
  ) );
#8229 = PCURVE('',#8230,#8235);
#8230 = CYLINDRICAL_SURFACE('',#8231,1.5);
#8231 = AXIS2_PLACEMENT_3D('',#8232,#8233,#8234);
#8232 = CARTESIAN_POINT('',(-7.5,29.5,0.));
#8233 = DIRECTION('',(0.,0.,1.));
#8234 = DIRECTION('',(-1.,-0.,0.));
#8235 = DEFINITIONAL_REPRESENTATION('',(#8236),#8240);
#8236 = LINE('',#8237,#8238);
#8237 = CARTESIAN_POINT('',(0.,0.));
#8238 = VECTOR('',#8239,1.);
#8239 = DIRECTION('',(0.,1.));
#8240 = ( GEOMETRIC_REPRESENTATION_CONTEXT(2) 
PARAMETRIC_REPRESENTATION_CONTEXT() REPRESENTATION_CONTEXT('2D SPACE',''
  ) );
#8241 = ORIENTED_EDGE('',*,*,#8242,.T.);
#8242 = EDGE_CURVE('',#8215,#8243,#8245,.T.);
#8243 = VERTEX_POINT('',#8244);
#8244 = CARTESIAN_POINT('',(-9.,52.,3.));
#8245 = SURFACE_CURVE('',#8246,(#8250,#8257),.PCURVE_S1.);
#8246 = LINE('',#8247,#8248);
#8247 = CARTESIAN_POINT('',(-9.,28.,3.));
#8248 = VECTOR('',#8249,1.);
#8249 = DIRECTION('',(0.,1.,0.));
#8250 = PCURVE('',#5257,#8251);
#8251 = DEFINITIONAL_REPRESENTATION('',(#8252),#8256);
#8252 = LINE('',#8253,#8254);
#8253 = CARTESIAN_POINT('',(24.,-3.));
#8254 = VECTOR('',#8255,1.);
#8255 = DIRECTION('',(-1.,0.));
#8256 = ( GEOMETRIC_REPRESENTATION_CONTEXT(2) 
PARAMETRIC_REPRESENTATION_CONTEXT() REPRESENTATION_CONTEXT('2D SPACE',''
  ) );
#8257 = PCURVE('',#8258,#8263);
#8258 = PLANE('',#8259);
#8259 = AXIS2_PLACEMENT_3D('',#8260,#8261,#8262);
#8260 = CARTESIAN_POINT('',(-9.,28.,3.));
#8261 = DIRECTION('',(0.,0.,1.));
#8262 = DIRECTION('',(1.,0.,0.));
#8263 = DEFINITIONAL_REPRESENTATION('',(#8264),#8268);
#8264 = LINE('',#8265,#8266);
#8265 = CARTESIAN_POINT('',(0.,0.));
#8266 = VECTOR('',#8267,1.);
#8267 = DIRECTION('',(0.,1.));
#8268 = ( GEOMETRIC_REPRESENTATION_CONTEXT(2) 
PARAMETRIC_REPRESENTATION_CONTEXT() REPRESENTATION_CONTEXT('2D SPACE',''
  ) );
#8269 = ORIENTED_EDGE('',*,*,#8270,.T.);
#8270 = EDGE_CURVE('',#8243,#8271,#8273,.T.);
#8271 = VERTEX_POINT('',#8272);
#8272 = CARTESIAN_POINT('',(-9.,52.,7.3));
#8273 = SURFACE_CURVE('',#8274,(#8278,#8285),.PCURVE_S1.);
#8274 = LINE('',#8275,#8276);
#8275 = CARTESIAN_POINT('',(-9.,52.,0.));
#8276 = VECTOR('',#8277,1.);
#8277 = DIRECTION('',(0.,0.,1.));
#8278 = PCURVE('',#5257,#8279);
#8279 = DEFINITIONAL_REPRESENTATION('',(#8280),#8284);
#8280 = LINE('',#8281,#8282);
#8281 = CARTESIAN_POINT('',(0.,0.));
#8282 = VECTOR('',#8283,1.);
#8283 = DIRECTION('',(0.,-1.));
#8284 = ( GEOMETRIC_REPRESENTATION_CONTEXT(2) 
PARAMETRIC_REPRESENTATION_CONTEXT() REPRESENTATION_CONTEXT('2D SPACE',''
  ) );
#8285 = PCURVE('',#8286,#8291);
#8286 = CYLINDRICAL_SURFACE('',#8287,2.999999998497);
#8287 = AXIS2_PLACEMENT_3D('',#8288,#8289,#8290);
#8288 = CARTESIAN_POINT('',(-6.000000001503,52.000000001503,0.));
#8289 = DIRECTION('',(-0.,-0.,-1.));
#8290 = DIRECTION('',(5.011570420427E-10,1.,-0.));
#8291 = DEFINITIONAL_REPRESENTATION('',(#8292),#8296);
#8292 = LINE('',#8293,#8294);
#8293 = CARTESIAN_POINT('',(-1.570796327797,0.));
#8294 = VECTOR('',#8295,1.);
#8295 = DIRECTION('',(-0.,-1.));
#8296 = ( GEOMETRIC_REPRESENTATION_CONTEXT(2) 
PARAMETRIC_REPRESENTATION_CONTEXT() REPRESENTATION_CONTEXT('2D SPACE',''
  ) );
#8297 = ORIENTED_EDGE('',*,*,#8298,.F.);
#8298 = EDGE_CURVE('',#8299,#8271,#8301,.T.);
#8299 = VERTEX_POINT('',#8300);
#8300 = CARTESIAN_POINT('',(-9.,27.8,7.3));
#8301 = SURFACE_CURVE('',#8302,(#8306,#8313),.PCURVE_S1.);
#8302 = LINE('',#8303,#8304);
#8303 = CARTESIAN_POINT('',(-9.,27.8,7.3));
#8304 = VECTOR('',#8305,1.);
#8305 = DIRECTION('',(-0.,1.,-0.));
#8306 = PCURVE('',#5257,#8307);
#8307 = DEFINITIONAL_REPRESENTATION('',(#8308),#8312);
#8308 = LINE('',#8309,#8310);
#8309 = CARTESIAN_POINT('',(24.2,-7.3));
#8310 = VECTOR('',#8311,1.);
#8311 = DIRECTION('',(-1.,0.));
#8312 = ( GEOMETRIC_REPRESENTATION_CONTEXT(2) 
PARAMETRIC_REPRESENTATION_CONTEXT() REPRESENTATION_CONTEXT('2D SPACE',''
  ) );
#8313 = PCURVE('',#8314,#8319);
#8314 = CYLINDRICAL_SURFACE('',#8315,0.7);
#8315 = AXIS2_PLACEMENT_3D('',#8316,#8317,#8318);
#8316 = CARTESIAN_POINT('',(-8.3,27.8,7.3));
#8317 = DIRECTION('',(-0.,1.,-0.));
#8318 = DIRECTION('',(-1.,-0.,-0.));
#8319 = DEFINITIONAL_REPRESENTATION('',(#8320),#8324);
#8320 = LINE('',#8321,#8322);
#8321 = CARTESIAN_POINT('',(0.,0.));
#8322 = VECTOR('',#8323,1.);
#8323 = DIRECTION('',(0.,1.));
#8324 = ( GEOMETRIC_REPRESENTATION_CONTEXT(2) 
PARAMETRIC_REPRESENTATION_CONTEXT() REPRESENTATION_CONTEXT('2D SPACE',''
  ) );
#8325 = ORIENTED_EDGE('',*,*,#8326,.F.);
#8326 = EDGE_CURVE('',#5186,#8299,#8327,.T.);
#8327 = SURFACE_CURVE('',#8328,(#8339,#8353),.PCURVE_S1.);
#8328 = ( BOUNDED_CURVE() B_SPLINE_CURVE(9,(#8329,#8330,#8331,#8332,
    #8333,#8334,#8335,#8336,#8337,#8338),.UNSPECIFIED.,.F.,.F.) 
B_SPLINE_CURVE_WITH_KNOTS((10,10),(172.40543773185,179.13898313201),
.PIECEWISE_BEZIER_KNOTS.) CURVE() GEOMETRIC_REPRESENTATION_ITEM() 
RATIONAL_B_SPLINE_CURVE((1.,1.,1.,1.,1.,1.,1.,1.,1.,1.)) 
REPRESENTATION_ITEM('') );
#8329 = CARTESIAN_POINT('',(-9.,21.006383159248,7.399732371503));
#8330 = CARTESIAN_POINT('',(-9.,21.764960672444,7.39978307235));
#8331 = CARTESIAN_POINT('',(-9.,22.525285028818,7.399417923732));
#8332 = CARTESIAN_POINT('',(-9.,23.285779349599,7.398674288226));
#8333 = CARTESIAN_POINT('',(-9.,24.045707639044,7.39256739637));
#8334 = CARTESIAN_POINT('',(-9.,24.805199965174,7.376971139203));
#8335 = CARTESIAN_POINT('',(-9.,25.562430965339,7.346335642821));
#8336 = CARTESIAN_POINT('',(-9.,26.313372372995,7.317325046521));
#8337 = CARTESIAN_POINT('',(-9.,27.058406589424,7.3));
#8338 = CARTESIAN_POINT('',(-9.,27.8,7.3));
#8339 = PCURVE('',#5257,#8340);
#8340 = DEFINITIONAL_REPRESENTATION('',(#8341),#8352);
#8341 = B_SPLINE_CURVE_WITH_KNOTS('',9,(#8342,#8343,#8344,#8345,#8346,
    #8347,#8348,#8349,#8350,#8351),.UNSPECIFIED.,.F.,.F.,(10,10),(
    172.40543773185,179.13898313201),.PIECEWISE_BEZIER_KNOTS.);
#8342 = CARTESIAN_POINT('',(30.993616840752,-7.399732371503));
#8343 = CARTESIAN_POINT('',(30.235039327557,-7.39978307235));
#8344 = CARTESIAN_POINT('',(29.474714971181,-7.399417923731));
#8345 = CARTESIAN_POINT('',(28.714220650403,-7.398674288227));
#8346 = CARTESIAN_POINT('',(27.954292360953,-7.392567396369));
#8347 = CARTESIAN_POINT('',(27.194800034827,-7.376971139203));
#8348 = CARTESIAN_POINT('',(26.437569034661,-7.346335642821));
#8349 = CARTESIAN_POINT('',(25.686627627005,-7.317325046521));
#8350 = CARTESIAN_POINT('',(24.941593410576,-7.3));
#8351 = CARTESIAN_POINT('',(24.2,-7.3));
#8352 = ( GEOMETRIC_REPRESENTATION_CONTEXT(2) 
PARAMETRIC_REPRESENTATION_CONTEXT() REPRESENTATION_CONTEXT('2D SPACE',''
  ) );
#8353 = PCURVE('',#5200,#8354);
#8354 = DEFINITIONAL_REPRESENTATION('',(#8355),#8359);
#8355 = LINE('',#8356,#8357);
#8356 = CARTESIAN_POINT('',(0.,0.));
#8357 = VECTOR('',#8358,1.);
#8358 = DIRECTION('',(0.,1.));
#8359 = ( GEOMETRIC_REPRESENTATION_CONTEXT(2) 
PARAMETRIC_REPRESENTATION_CONTEXT() REPRESENTATION_CONTEXT('2D SPACE',''
  ) );
#8360 = ORIENTED_EDGE('',*,*,#5237,.F.);
#8361 = ADVANCED_FACE('',(#8362),#5200,.T.);
#8362 = FACE_BOUND('',#8363,.T.);
#8363 = EDGE_LOOP('',(#8364,#8365,#8366,#8394));
#8364 = ORIENTED_EDGE('',*,*,#5185,.T.);
#8365 = ORIENTED_EDGE('',*,*,#5278,.T.);
#8366 = ORIENTED_EDGE('',*,*,#8367,.F.);
#8367 = EDGE_CURVE('',#8299,#5279,#8368,.T.);
#8368 = SURFACE_CURVE('',#8369,(#8374,#8388),.PCURVE_S1.);
#8369 = CIRCLE('',#8370,0.7);
#8370 = AXIS2_PLACEMENT_3D('',#8371,#8372,#8373);
#8371 = CARTESIAN_POINT('',(-8.3,27.8,7.3));
#8372 = DIRECTION('',(0.,1.,-0.));
#8373 = DIRECTION('',(-1.,-0.,-0.));
#8374 = PCURVE('',#5200,#8375);
#8375 = DEFINITIONAL_REPRESENTATION('',(#8376),#8387);
#8376 = B_SPLINE_CURVE_WITH_KNOTS('',9,(#8377,#8378,#8379,#8380,#8381,
    #8382,#8383,#8384,#8385,#8386),.UNSPECIFIED.,.F.,.F.,(10,10),(0.,
    1.570796326795),.PIECEWISE_BEZIER_KNOTS.);
#8377 = CARTESIAN_POINT('',(8.881784197001E-16,179.13898313201));
#8378 = CARTESIAN_POINT('',(0.831009832546,179.13898313201));
#8379 = CARTESIAN_POINT('',(1.594433753696,179.13898313201));
#8380 = CARTESIAN_POINT('',(2.31799684882,179.138983132));
#8381 = CARTESIAN_POINT('',(3.01947080392,179.13898313202));
#8382 = CARTESIAN_POINT('',(3.714074596235,179.138983132));
#8383 = CARTESIAN_POINT('',(4.415548551335,179.13898313201));
#8384 = CARTESIAN_POINT('',(5.139111646459,179.138983132));
#8385 = CARTESIAN_POINT('',(5.902535567609,179.13898313201));
#8386 = CARTESIAN_POINT('',(6.733545400155,179.13898313201));
#8387 = ( GEOMETRIC_REPRESENTATION_CONTEXT(2) 
PARAMETRIC_REPRESENTATION_CONTEXT() REPRESENTATION_CONTEXT('2D SPACE',''
  ) );
#8388 = PCURVE('',#8314,#8389);
#8389 = DEFINITIONAL_REPRESENTATION('',(#8390),#8393);
#8390 = B_SPLINE_CURVE_WITH_KNOTS('',1,(#8391,#8392),.UNSPECIFIED.,.F.,
  .F.,(2,2),(0.,1.570796326795),.PIECEWISE_BEZIER_KNOTS.);
#8391 = CARTESIAN_POINT('',(0.,-3.552713678801E-15));
#8392 = CARTESIAN_POINT('',(1.570796326795,-3.552713678801E-15));
#8393 = ( GEOMETRIC_REPRESENTATION_CONTEXT(2) 
PARAMETRIC_REPRESENTATION_CONTEXT() REPRESENTATION_CONTEXT('2D SPACE',''
  ) );
#8394 = ORIENTED_EDGE('',*,*,#8326,.F.);
#8395 = ADVANCED_FACE('',(#8396,#8542,#8666),#5472,.T.);
#8396 = FACE_BOUND('',#8397,.T.);
#8397 = EDGE_LOOP('',(#8398,#8399,#8427,#8460,#8488,#8521));
#8398 = ORIENTED_EDGE('',*,*,#5458,.T.);
#8399 = ORIENTED_EDGE('',*,*,#8400,.F.);
#8400 = EDGE_CURVE('',#8401,#5391,#8403,.T.);
#8401 = VERTEX_POINT('',#8402);
#8402 = CARTESIAN_POINT('',(8.3,52.000000000351,8.));
#8403 = SURFACE_CURVE('',#8404,(#8408,#8415),.PCURVE_S1.);
#8404 = LINE('',#8405,#8406);
#8405 = CARTESIAN_POINT('',(8.3,52.,8.));
#8406 = VECTOR('',#8407,1.);
#8407 = DIRECTION('',(-0.,-1.,-0.));
#8408 = PCURVE('',#5472,#8409);
#8409 = DEFINITIONAL_REPRESENTATION('',(#8410),#8414);
#8410 = LINE('',#8411,#8412);
#8411 = CARTESIAN_POINT('',(8.3,10.6));
#8412 = VECTOR('',#8413,1.);
#8413 = DIRECTION('',(0.,-1.));
#8414 = ( GEOMETRIC_REPRESENTATION_CONTEXT(2) 
PARAMETRIC_REPRESENTATION_CONTEXT() REPRESENTATION_CONTEXT('2D SPACE',''
  ) );
#8415 = PCURVE('',#8416,#8421);
#8416 = CYLINDRICAL_SURFACE('',#8417,0.7);
#8417 = AXIS2_PLACEMENT_3D('',#8418,#8419,#8420);
#8418 = CARTESIAN_POINT('',(8.3,52.,7.3));
#8419 = DIRECTION('',(-0.,-1.,-0.));
#8420 = DIRECTION('',(1.,-0.,0.));
#8421 = DEFINITIONAL_REPRESENTATION('',(#8422),#8426);
#8422 = LINE('',#8423,#8424);
#8423 = CARTESIAN_POINT('',(1.570796326795,0.));
#8424 = VECTOR('',#8425,1.);
#8425 = DIRECTION('',(0.,1.));
#8426 = ( GEOMETRIC_REPRESENTATION_CONTEXT(2) 
PARAMETRIC_REPRESENTATION_CONTEXT() REPRESENTATION_CONTEXT('2D SPACE',''
  ) );
#8427 = ORIENTED_EDGE('',*,*,#8428,.F.);
#8428 = EDGE_CURVE('',#8429,#8401,#8431,.T.);
#8429 = VERTEX_POINT('',#8430);
#8430 = CARTESIAN_POINT('',(6.,54.3,8.));
#8431 = SURFACE_CURVE('',#8432,(#8437,#8448),.PCURVE_S1.);
#8432 = CIRCLE('',#8433,2.299999998497);
#8433 = AXIS2_PLACEMENT_3D('',#8434,#8435,#8436);
#8434 = CARTESIAN_POINT('',(6.000000001503,52.000000001503,8.));
#8435 = DIRECTION('',(-0.,0.,-1.));
#8436 = DIRECTION('',(-5.011573381022E-10,1.,0.));
#8437 = PCURVE('',#5472,#8438);
#8438 = DEFINITIONAL_REPRESENTATION('',(#8439),#8447);
#8439 = ( BOUNDED_CURVE() B_SPLINE_CURVE(2,(#8440,#8441,#8442,#8443,
#8444,#8445,#8446),.UNSPECIFIED.,.T.,.F.) B_SPLINE_CURVE_WITH_KNOTS((1,2
    ,2,2,2,1),(-2.094395102393,0.,2.094395102393,4.188790204786,
6.28318530718,8.377580409573),.UNSPECIFIED.) CURVE() 
GEOMETRIC_REPRESENTATION_ITEM() RATIONAL_B_SPLINE_CURVE((1.,0.5,1.,0.5,
1.,0.5,1.)) REPRESENTATION_ITEM('') );
#8440 = CARTESIAN_POINT('',(6.000000000351,12.9));
#8441 = CARTESIAN_POINT('',(9.983716855155,12.900000001996));
#8442 = CARTESIAN_POINT('',(7.991858429482,9.450000003253));
#8443 = CARTESIAN_POINT('',(6.000000003809,6.00000000451));
#8444 = CARTESIAN_POINT('',(4.008141574678,9.450000001257));
#8445 = CARTESIAN_POINT('',(2.016283145546,12.899999998004));
#8446 = CARTESIAN_POINT('',(6.000000000351,12.9));
#8447 = ( GEOMETRIC_REPRESENTATION_CONTEXT(2) 
PARAMETRIC_REPRESENTATION_CONTEXT() REPRESENTATION_CONTEXT('2D SPACE',''
  ) );
#8448 = PCURVE('',#8449,#8454);
#8449 = TOROIDAL_SURFACE('',#8450,2.299999998497,0.7);
#8450 = AXIS2_PLACEMENT_3D('',#8451,#8452,#8453);
#8451 = CARTESIAN_POINT('',(6.000000001503,52.000000001503,7.3));
#8452 = DIRECTION('',(0.,0.,1.));
#8453 = DIRECTION('',(-5.011573381022E-10,1.,0.));
#8454 = DEFINITIONAL_REPRESENTATION('',(#8455),#8459);
#8455 = LINE('',#8456,#8457);
#8456 = CARTESIAN_POINT('',(-0.,1.570796326795));
#8457 = VECTOR('',#8458,1.);
#8458 = DIRECTION('',(-1.,0.));
#8459 = ( GEOMETRIC_REPRESENTATION_CONTEXT(2) 
PARAMETRIC_REPRESENTATION_CONTEXT() REPRESENTATION_CONTEXT('2D SPACE',''
  ) );
#8460 = ORIENTED_EDGE('',*,*,#8461,.F.);
#8461 = EDGE_CURVE('',#8462,#8429,#8464,.T.);
#8462 = VERTEX_POINT('',#8463);
#8463 = CARTESIAN_POINT('',(-6.000000000351,54.3,8.));
#8464 = SURFACE_CURVE('',#8465,(#8469,#8476),.PCURVE_S1.);
#8465 = LINE('',#8466,#8467);
#8466 = CARTESIAN_POINT('',(-6.,54.3,8.));
#8467 = VECTOR('',#8468,1.);
#8468 = DIRECTION('',(1.,-0.,-0.));
#8469 = PCURVE('',#5472,#8470);
#8470 = DEFINITIONAL_REPRESENTATION('',(#8471),#8475);
#8471 = LINE('',#8472,#8473);
#8472 = CARTESIAN_POINT('',(-6.,12.9));
#8473 = VECTOR('',#8474,1.);
#8474 = DIRECTION('',(1.,-0.));
#8475 = ( GEOMETRIC_REPRESENTATION_CONTEXT(2) 
PARAMETRIC_REPRESENTATION_CONTEXT() REPRESENTATION_CONTEXT('2D SPACE',''
  ) );
#8476 = PCURVE('',#8477,#8482);
#8477 = CYLINDRICAL_SURFACE('',#8478,0.7);
#8478 = AXIS2_PLACEMENT_3D('',#8479,#8480,#8481);
#8479 = CARTESIAN_POINT('',(-6.,54.3,7.3));
#8480 = DIRECTION('',(1.,-0.,-0.));
#8481 = DIRECTION('',(0.,1.,-0.));
#8482 = DEFINITIONAL_REPRESENTATION('',(#8483),#8487);
#8483 = LINE('',#8484,#8485);
#8484 = CARTESIAN_POINT('',(1.570796326795,0.));
#8485 = VECTOR('',#8486,1.);
#8486 = DIRECTION('',(0.,1.));
#8487 = ( GEOMETRIC_REPRESENTATION_CONTEXT(2) 
PARAMETRIC_REPRESENTATION_CONTEXT() REPRESENTATION_CONTEXT('2D SPACE',''
  ) );
#8488 = ORIENTED_EDGE('',*,*,#8489,.F.);
#8489 = EDGE_CURVE('',#8490,#8462,#8492,.T.);
#8490 = VERTEX_POINT('',#8491);
#8491 = CARTESIAN_POINT('',(-8.3,52.,8.));
#8492 = SURFACE_CURVE('',#8493,(#8498,#8509),.PCURVE_S1.);
#8493 = CIRCLE('',#8494,2.299999998497);
#8494 = AXIS2_PLACEMENT_3D('',#8495,#8496,#8497);
#8495 = CARTESIAN_POINT('',(-6.000000001503,52.000000001503,8.));
#8496 = DIRECTION('',(-0.,0.,-1.));
#8497 = DIRECTION('',(-1.,-5.011576341617E-10,0.));
#8498 = PCURVE('',#5472,#8499);
#8499 = DEFINITIONAL_REPRESENTATION('',(#8500),#8508);
#8500 = ( BOUNDED_CURVE() B_SPLINE_CURVE(2,(#8501,#8502,#8503,#8504,
#8505,#8506,#8507),.UNSPECIFIED.,.T.,.F.) B_SPLINE_CURVE_WITH_KNOTS((1,2
    ,2,2,2,1),(-2.094395102393,0.,2.094395102393,4.188790204786,
6.28318530718,8.377580409573),.UNSPECIFIED.) CURVE() 
GEOMETRIC_REPRESENTATION_ITEM() RATIONAL_B_SPLINE_CURVE((1.,0.5,1.,0.5,
1.,0.5,1.)) REPRESENTATION_ITEM('') );
#8501 = CARTESIAN_POINT('',(-8.3,10.600000000351));
#8502 = CARTESIAN_POINT('',(-8.300000001996,14.583716855155));
#8503 = CARTESIAN_POINT('',(-4.850000003253,12.591858429482));
#8504 = CARTESIAN_POINT('',(-1.40000000451,10.600000003809));
#8505 = CARTESIAN_POINT('',(-4.850000001257,8.608141574678));
#8506 = CARTESIAN_POINT('',(-8.299999998004,6.616283145546));
#8507 = CARTESIAN_POINT('',(-8.3,10.600000000351));
#8508 = ( GEOMETRIC_REPRESENTATION_CONTEXT(2) 
PARAMETRIC_REPRESENTATION_CONTEXT() REPRESENTATION_CONTEXT('2D SPACE',''
  ) );
#8509 = PCURVE('',#8510,#8515);
#8510 = TOROIDAL_SURFACE('',#8511,2.299999998497,0.7);
#8511 = AXIS2_PLACEMENT_3D('',#8512,#8513,#8514);
#8512 = CARTESIAN_POINT('',(-6.000000001503,52.000000001503,7.3));
#8513 = DIRECTION('',(0.,0.,1.));
#8514 = DIRECTION('',(-1.,-5.011576341617E-10,0.));
#8515 = DEFINITIONAL_REPRESENTATION('',(#8516),#8520);
#8516 = LINE('',#8517,#8518);
#8517 = CARTESIAN_POINT('',(-0.,1.570796326795));
#8518 = VECTOR('',#8519,1.);
#8519 = DIRECTION('',(-1.,0.));
#8520 = ( GEOMETRIC_REPRESENTATION_CONTEXT(2) 
PARAMETRIC_REPRESENTATION_CONTEXT() REPRESENTATION_CONTEXT('2D SPACE',''
  ) );
#8521 = ORIENTED_EDGE('',*,*,#8522,.F.);
#8522 = EDGE_CURVE('',#5279,#8490,#8523,.T.);
#8523 = SURFACE_CURVE('',#8524,(#8528,#8535),.PCURVE_S1.);
#8524 = LINE('',#8525,#8526);
#8525 = CARTESIAN_POINT('',(-8.3,27.8,8.));
#8526 = VECTOR('',#8527,1.);
#8527 = DIRECTION('',(-0.,1.,-0.));
#8528 = PCURVE('',#5472,#8529);
#8529 = DEFINITIONAL_REPRESENTATION('',(#8530),#8534);
#8530 = LINE('',#8531,#8532);
#8531 = CARTESIAN_POINT('',(-8.3,-13.6));
#8532 = VECTOR('',#8533,1.);
#8533 = DIRECTION('',(0.,1.));
#8534 = ( GEOMETRIC_REPRESENTATION_CONTEXT(2) 
PARAMETRIC_REPRESENTATION_CONTEXT() REPRESENTATION_CONTEXT('2D SPACE',''
  ) );
#8535 = PCURVE('',#8314,#8536);
#8536 = DEFINITIONAL_REPRESENTATION('',(#8537),#8541);
#8537 = LINE('',#8538,#8539);
#8538 = CARTESIAN_POINT('',(1.570796326795,0.));
#8539 = VECTOR('',#8540,1.);
#8540 = DIRECTION('',(0.,1.));
#8541 = ( GEOMETRIC_REPRESENTATION_CONTEXT(2) 
PARAMETRIC_REPRESENTATION_CONTEXT() REPRESENTATION_CONTEXT('2D SPACE',''
  ) );
#8542 = FACE_BOUND('',#8543,.T.);
#8543 = EDGE_LOOP('',(#8544,#8579,#8607,#8640));
#8544 = ORIENTED_EDGE('',*,*,#8545,.T.);
#8545 = EDGE_CURVE('',#8546,#8548,#8550,.T.);
#8546 = VERTEX_POINT('',#8547);
#8547 = CARTESIAN_POINT('',(-4.3,31.,8.));
#8548 = VERTEX_POINT('',#8549);
#8549 = CARTESIAN_POINT('',(-7.7,31.,8.));
#8550 = SURFACE_CURVE('',#8551,(#8556,#8567),.PCURVE_S1.);
#8551 = CIRCLE('',#8552,1.7);
#8552 = AXIS2_PLACEMENT_3D('',#8553,#8554,#8555);
#8553 = CARTESIAN_POINT('',(-6.,31.,8.));
#8554 = DIRECTION('',(0.,-0.,-1.));
#8555 = DIRECTION('',(1.,-1.110223024625E-16,0.));
#8556 = PCURVE('',#5472,#8557);
#8557 = DEFINITIONAL_REPRESENTATION('',(#8558),#8566);
#8558 = ( BOUNDED_CURVE() B_SPLINE_CURVE(2,(#8559,#8560,#8561,#8562,
#8563,#8564,#8565),.UNSPECIFIED.,.T.,.F.) B_SPLINE_CURVE_WITH_KNOTS((1,2
    ,2,2,2,1),(-2.094395102393,0.,2.094395102393,4.188790204786,
6.28318530718,8.377580409573),.UNSPECIFIED.) CURVE() 
GEOMETRIC_REPRESENTATION_ITEM() RATIONAL_B_SPLINE_CURVE((1.,0.5,1.,0.5,
1.,0.5,1.)) REPRESENTATION_ITEM('') );
#8559 = CARTESIAN_POINT('',(-4.3,-10.4));
#8560 = CARTESIAN_POINT('',(-4.3,-13.34448637286));
#8561 = CARTESIAN_POINT('',(-6.85,-11.87224318643));
#8562 = CARTESIAN_POINT('',(-9.4,-10.4));
#8563 = CARTESIAN_POINT('',(-6.85,-8.927756813566));
#8564 = CARTESIAN_POINT('',(-4.3,-7.455513627133));
#8565 = CARTESIAN_POINT('',(-4.3,-10.4));
#8566 = ( GEOMETRIC_REPRESENTATION_CONTEXT(2) 
PARAMETRIC_REPRESENTATION_CONTEXT() REPRESENTATION_CONTEXT('2D SPACE',''
  ) );
#8567 = PCURVE('',#8568,#8573);
#8568 = CYLINDRICAL_SURFACE('',#8569,1.7);
#8569 = AXIS2_PLACEMENT_3D('',#8570,#8571,#8572);
#8570 = CARTESIAN_POINT('',(-6.,31.,0.));
#8571 = DIRECTION('',(0.,-0.,-1.));
#8572 = DIRECTION('',(1.,-1.110223024625E-16,0.));
#8573 = DEFINITIONAL_REPRESENTATION('',(#8574),#8578);
#8574 = LINE('',#8575,#8576);
#8575 = CARTESIAN_POINT('',(0.,-8.));
#8576 = VECTOR('',#8577,1.);
#8577 = DIRECTION('',(1.,0.));
#8578 = ( GEOMETRIC_REPRESENTATION_CONTEXT(2) 
PARAMETRIC_REPRESENTATION_CONTEXT() REPRESENTATION_CONTEXT('2D SPACE',''
  ) );
#8579 = ORIENTED_EDGE('',*,*,#8580,.T.);
#8580 = EDGE_CURVE('',#8548,#8581,#8583,.T.);
#8581 = VERTEX_POINT('',#8582);
#8582 = CARTESIAN_POINT('',(-7.7,51.,8.));
#8583 = SURFACE_CURVE('',#8584,(#8588,#8595),.PCURVE_S1.);
#8584 = LINE('',#8585,#8586);
#8585 = CARTESIAN_POINT('',(-7.7,31.,8.));
#8586 = VECTOR('',#8587,1.);
#8587 = DIRECTION('',(1.110223024625E-16,1.,0.));
#8588 = PCURVE('',#5472,#8589);
#8589 = DEFINITIONAL_REPRESENTATION('',(#8590),#8594);
#8590 = LINE('',#8591,#8592);
#8591 = CARTESIAN_POINT('',(-7.7,-10.4));
#8592 = VECTOR('',#8593,1.);
#8593 = DIRECTION('',(1.110223024625E-16,1.));
#8594 = ( GEOMETRIC_REPRESENTATION_CONTEXT(2) 
PARAMETRIC_REPRESENTATION_CONTEXT() REPRESENTATION_CONTEXT('2D SPACE',''
  ) );
#8595 = PCURVE('',#8596,#8601);
#8596 = PLANE('',#8597);
#8597 = AXIS2_PLACEMENT_3D('',#8598,#8599,#8600);
#8598 = CARTESIAN_POINT('',(-7.7,31.,0.));
#8599 = DIRECTION('',(-1.,1.110223024625E-16,0.));
#8600 = DIRECTION('',(1.110223024625E-16,1.,0.));
#8601 = DEFINITIONAL_REPRESENTATION('',(#8602),#8606);
#8602 = LINE('',#8603,#8604);
#8603 = CARTESIAN_POINT('',(0.,-8.));
#8604 = VECTOR('',#8605,1.);
#8605 = DIRECTION('',(1.,0.));
#8606 = ( GEOMETRIC_REPRESENTATION_CONTEXT(2) 
PARAMETRIC_REPRESENTATION_CONTEXT() REPRESENTATION_CONTEXT('2D SPACE',''
  ) );
#8607 = ORIENTED_EDGE('',*,*,#8608,.T.);
#8608 = EDGE_CURVE('',#8581,#8609,#8611,.T.);
#8609 = VERTEX_POINT('',#8610);
#8610 = CARTESIAN_POINT('',(-4.3,51.,8.));
#8611 = SURFACE_CURVE('',#8612,(#8617,#8628),.PCURVE_S1.);
#8612 = CIRCLE('',#8613,1.7);
#8613 = AXIS2_PLACEMENT_3D('',#8614,#8615,#8616);
#8614 = CARTESIAN_POINT('',(-6.,51.,8.));
#8615 = DIRECTION('',(0.,0.,-1.));
#8616 = DIRECTION('',(-1.,1.110223024625E-16,0.));
#8617 = PCURVE('',#5472,#8618);
#8618 = DEFINITIONAL_REPRESENTATION('',(#8619),#8627);
#8619 = ( BOUNDED_CURVE() B_SPLINE_CURVE(2,(#8620,#8621,#8622,#8623,
#8624,#8625,#8626),.UNSPECIFIED.,.T.,.F.) B_SPLINE_CURVE_WITH_KNOTS((1,2
    ,2,2,2,1),(-2.094395102393,0.,2.094395102393,4.188790204786,
6.28318530718,8.377580409573),.UNSPECIFIED.) CURVE() 
GEOMETRIC_REPRESENTATION_ITEM() RATIONAL_B_SPLINE_CURVE((1.,0.5,1.,0.5,
1.,0.5,1.)) REPRESENTATION_ITEM('') );
#8620 = CARTESIAN_POINT('',(-7.7,9.6));
#8621 = CARTESIAN_POINT('',(-7.7,12.544486372867));
#8622 = CARTESIAN_POINT('',(-5.15,11.072243186434));
#8623 = CARTESIAN_POINT('',(-2.6,9.6));
#8624 = CARTESIAN_POINT('',(-5.15,8.127756813566));
#8625 = CARTESIAN_POINT('',(-7.7,6.655513627133));
#8626 = CARTESIAN_POINT('',(-7.7,9.6));
#8627 = ( GEOMETRIC_REPRESENTATION_CONTEXT(2) 
PARAMETRIC_REPRESENTATION_CONTEXT() REPRESENTATION_CONTEXT('2D SPACE',''
  ) );
#8628 = PCURVE('',#8629,#8634);
#8629 = CYLINDRICAL_SURFACE('',#8630,1.7);
#8630 = AXIS2_PLACEMENT_3D('',#8631,#8632,#8633);
#8631 = CARTESIAN_POINT('',(-6.,51.,0.));
#8632 = DIRECTION('',(0.,0.,-1.));
#8633 = DIRECTION('',(-1.,1.110223024625E-16,0.));
#8634 = DEFINITIONAL_REPRESENTATION('',(#8635),#8639);
#8635 = LINE('',#8636,#8637);
#8636 = CARTESIAN_POINT('',(0.,-8.));
#8637 = VECTOR('',#8638,1.);
#8638 = DIRECTION('',(1.,0.));
#8639 = ( GEOMETRIC_REPRESENTATION_CONTEXT(2) 
PARAMETRIC_REPRESENTATION_CONTEXT() REPRESENTATION_CONTEXT('2D SPACE',''
  ) );
#8640 = ORIENTED_EDGE('',*,*,#8641,.T.);
#8641 = EDGE_CURVE('',#8609,#8546,#8642,.T.);
#8642 = SURFACE_CURVE('',#8643,(#8647,#8654),.PCURVE_S1.);
#8643 = LINE('',#8644,#8645);
#8644 = CARTESIAN_POINT('',(-4.3,51.,8.));
#8645 = VECTOR('',#8646,1.);
#8646 = DIRECTION('',(-1.110223024625E-16,-1.,0.));
#8647 = PCURVE('',#5472,#8648);
#8648 = DEFINITIONAL_REPRESENTATION('',(#8649),#8653);
#8649 = LINE('',#8650,#8651);
#8650 = CARTESIAN_POINT('',(-4.3,9.6));
#8651 = VECTOR('',#8652,1.);
#8652 = DIRECTION('',(-1.110223024625E-16,-1.));
#8653 = ( GEOMETRIC_REPRESENTATION_CONTEXT(2) 
PARAMETRIC_REPRESENTATION_CONTEXT() REPRESENTATION_CONTEXT('2D SPACE',''
  ) );
#8654 = PCURVE('',#8655,#8660);
#8655 = PLANE('',#8656);
#8656 = AXIS2_PLACEMENT_3D('',#8657,#8658,#8659);
#8657 = CARTESIAN_POINT('',(-4.3,51.,0.));
#8658 = DIRECTION('',(1.,-1.110223024625E-16,0.));
#8659 = DIRECTION('',(-1.110223024625E-16,-1.,0.));
#8660 = DEFINITIONAL_REPRESENTATION('',(#8661),#8665);
#8661 = LINE('',#8662,#8663);
#8662 = CARTESIAN_POINT('',(0.,-8.));
#8663 = VECTOR('',#8664,1.);
#8664 = DIRECTION('',(1.,0.));
#8665 = ( GEOMETRIC_REPRESENTATION_CONTEXT(2) 
PARAMETRIC_REPRESENTATION_CONTEXT() REPRESENTATION_CONTEXT('2D SPACE',''
  ) );
#8666 = FACE_BOUND('',#8667,.T.);
#8667 = EDGE_LOOP('',(#8668,#8703,#8731,#8764));
#8668 = ORIENTED_EDGE('',*,*,#8669,.T.);
#8669 = EDGE_CURVE('',#8670,#8672,#8674,.T.);
#8670 = VERTEX_POINT('',#8671);
#8671 = CARTESIAN_POINT('',(7.7,31.,8.));
#8672 = VERTEX_POINT('',#8673);
#8673 = CARTESIAN_POINT('',(4.3,31.,8.));
#8674 = SURFACE_CURVE('',#8675,(#8680,#8691),.PCURVE_S1.);
#8675 = CIRCLE('',#8676,1.7);
#8676 = AXIS2_PLACEMENT_3D('',#8677,#8678,#8679);
#8677 = CARTESIAN_POINT('',(6.,31.,8.));
#8678 = DIRECTION('',(0.,-0.,-1.));
#8679 = DIRECTION('',(1.,-1.110223024625E-16,0.));
#8680 = PCURVE('',#5472,#8681);
#8681 = DEFINITIONAL_REPRESENTATION('',(#8682),#8690);
#8682 = ( BOUNDED_CURVE() B_SPLINE_CURVE(2,(#8683,#8684,#8685,#8686,
#8687,#8688,#8689),.UNSPECIFIED.,.T.,.F.) B_SPLINE_CURVE_WITH_KNOTS((1,2
    ,2,2,2,1),(-2.094395102393,0.,2.094395102393,4.188790204786,
6.28318530718,8.377580409573),.UNSPECIFIED.) CURVE() 
GEOMETRIC_REPRESENTATION_ITEM() RATIONAL_B_SPLINE_CURVE((1.,0.5,1.,0.5,
1.,0.5,1.)) REPRESENTATION_ITEM('') );
#8683 = CARTESIAN_POINT('',(7.7,-10.4));
#8684 = CARTESIAN_POINT('',(7.7,-13.34448637286));
#8685 = CARTESIAN_POINT('',(5.15,-11.87224318643));
#8686 = CARTESIAN_POINT('',(2.6,-10.4));
#8687 = CARTESIAN_POINT('',(5.15,-8.927756813566));
#8688 = CARTESIAN_POINT('',(7.7,-7.455513627133));
#8689 = CARTESIAN_POINT('',(7.7,-10.4));
#8690 = ( GEOMETRIC_REPRESENTATION_CONTEXT(2) 
PARAMETRIC_REPRESENTATION_CONTEXT() REPRESENTATION_CONTEXT('2D SPACE',''
  ) );
#8691 = PCURVE('',#8692,#8697);
#8692 = CYLINDRICAL_SURFACE('',#8693,1.7);
#8693 = AXIS2_PLACEMENT_3D('',#8694,#8695,#8696);
#8694 = CARTESIAN_POINT('',(6.,31.,0.));
#8695 = DIRECTION('',(0.,-0.,-1.));
#8696 = DIRECTION('',(1.,-1.110223024625E-16,0.));
#8697 = DEFINITIONAL_REPRESENTATION('',(#8698),#8702);
#8698 = LINE('',#8699,#8700);
#8699 = CARTESIAN_POINT('',(0.,-8.));
#8700 = VECTOR('',#8701,1.);
#8701 = DIRECTION('',(1.,0.));
#8702 = ( GEOMETRIC_REPRESENTATION_CONTEXT(2) 
PARAMETRIC_REPRESENTATION_CONTEXT() REPRESENTATION_CONTEXT('2D SPACE',''
  ) );
#8703 = ORIENTED_EDGE('',*,*,#8704,.T.);
#8704 = EDGE_CURVE('',#8672,#8705,#8707,.T.);
#8705 = VERTEX_POINT('',#8706);
#8706 = CARTESIAN_POINT('',(4.3,51.,8.));
#8707 = SURFACE_CURVE('',#8708,(#8712,#8719),.PCURVE_S1.);
#8708 = LINE('',#8709,#8710);
#8709 = CARTESIAN_POINT('',(4.3,31.,8.));
#8710 = VECTOR('',#8711,1.);
#8711 = DIRECTION('',(1.110223024625E-16,1.,0.));
#8712 = PCURVE('',#5472,#8713);
#8713 = DEFINITIONAL_REPRESENTATION('',(#8714),#8718);
#8714 = LINE('',#8715,#8716);
#8715 = CARTESIAN_POINT('',(4.3,-10.4));
#8716 = VECTOR('',#8717,1.);
#8717 = DIRECTION('',(1.110223024625E-16,1.));
#8718 = ( GEOMETRIC_REPRESENTATION_CONTEXT(2) 
PARAMETRIC_REPRESENTATION_CONTEXT() REPRESENTATION_CONTEXT('2D SPACE',''
  ) );
#8719 = PCURVE('',#8720,#8725);
#8720 = PLANE('',#8721);
#8721 = AXIS2_PLACEMENT_3D('',#8722,#8723,#8724);
#8722 = CARTESIAN_POINT('',(4.3,31.,0.));
#8723 = DIRECTION('',(-1.,1.110223024625E-16,0.));
#8724 = DIRECTION('',(1.110223024625E-16,1.,0.));
#8725 = DEFINITIONAL_REPRESENTATION('',(#8726),#8730);
#8726 = LINE('',#8727,#8728);
#8727 = CARTESIAN_POINT('',(0.,-8.));
#8728 = VECTOR('',#8729,1.);
#8729 = DIRECTION('',(1.,0.));
#8730 = ( GEOMETRIC_REPRESENTATION_CONTEXT(2) 
PARAMETRIC_REPRESENTATION_CONTEXT() REPRESENTATION_CONTEXT('2D SPACE',''
  ) );
#8731 = ORIENTED_EDGE('',*,*,#8732,.T.);
#8732 = EDGE_CURVE('',#8705,#8733,#8735,.T.);
#8733 = VERTEX_POINT('',#8734);
#8734 = CARTESIAN_POINT('',(7.7,51.,8.));
#8735 = SURFACE_CURVE('',#8736,(#8741,#8752),.PCURVE_S1.);
#8736 = CIRCLE('',#8737,1.7);
#8737 = AXIS2_PLACEMENT_3D('',#8738,#8739,#8740);
#8738 = CARTESIAN_POINT('',(6.,51.,8.));
#8739 = DIRECTION('',(0.,0.,-1.));
#8740 = DIRECTION('',(-1.,1.110223024625E-16,0.));
#8741 = PCURVE('',#5472,#8742);
#8742 = DEFINITIONAL_REPRESENTATION('',(#8743),#8751);
#8743 = ( BOUNDED_CURVE() B_SPLINE_CURVE(2,(#8744,#8745,#8746,#8747,
#8748,#8749,#8750),.UNSPECIFIED.,.T.,.F.) B_SPLINE_CURVE_WITH_KNOTS((1,2
    ,2,2,2,1),(-2.094395102393,0.,2.094395102393,4.188790204786,
6.28318530718,8.377580409573),.UNSPECIFIED.) CURVE() 
GEOMETRIC_REPRESENTATION_ITEM() RATIONAL_B_SPLINE_CURVE((1.,0.5,1.,0.5,
1.,0.5,1.)) REPRESENTATION_ITEM('') );
#8744 = CARTESIAN_POINT('',(4.3,9.6));
#8745 = CARTESIAN_POINT('',(4.3,12.544486372867));
#8746 = CARTESIAN_POINT('',(6.85,11.072243186434));
#8747 = CARTESIAN_POINT('',(9.4,9.6));
#8748 = CARTESIAN_POINT('',(6.85,8.127756813566));
#8749 = CARTESIAN_POINT('',(4.3,6.655513627133));
#8750 = CARTESIAN_POINT('',(4.3,9.6));
#8751 = ( GEOMETRIC_REPRESENTATION_CONTEXT(2) 
PARAMETRIC_REPRESENTATION_CONTEXT() REPRESENTATION_CONTEXT('2D SPACE',''
  ) );
#8752 = PCURVE('',#8753,#8758);
#8753 = CYLINDRICAL_SURFACE('',#8754,1.7);
#8754 = AXIS2_PLACEMENT_3D('',#8755,#8756,#8757);
#8755 = CARTESIAN_POINT('',(6.,51.,0.));
#8756 = DIRECTION('',(0.,0.,-1.));
#8757 = DIRECTION('',(-1.,1.110223024625E-16,0.));
#8758 = DEFINITIONAL_REPRESENTATION('',(#8759),#8763);
#8759 = LINE('',#8760,#8761);
#8760 = CARTESIAN_POINT('',(0.,-8.));
#8761 = VECTOR('',#8762,1.);
#8762 = DIRECTION('',(1.,0.));
#8763 = ( GEOMETRIC_REPRESENTATION_CONTEXT(2) 
PARAMETRIC_REPRESENTATION_CONTEXT() REPRESENTATION_CONTEXT('2D SPACE',''
  ) );
#8764 = ORIENTED_EDGE('',*,*,#8765,.T.);
#8765 = EDGE_CURVE('',#8733,#8670,#8766,.T.);
#8766 = SURFACE_CURVE('',#8767,(#8771,#8778),.PCURVE_S1.);
#8767 = LINE('',#8768,#8769);
#8768 = CARTESIAN_POINT('',(7.7,51.,8.));
#8769 = VECTOR('',#8770,1.);
#8770 = DIRECTION('',(-1.110223024625E-16,-1.,0.));
#8771 = PCURVE('',#5472,#8772);
#8772 = DEFINITIONAL_REPRESENTATION('',(#8773),#8777);
#8773 = LINE('',#8774,#8775);
#8774 = CARTESIAN_POINT('',(7.7,9.6));
#8775 = VECTOR('',#8776,1.);
#8776 = DIRECTION('',(-1.110223024625E-16,-1.));
#8777 = ( GEOMETRIC_REPRESENTATION_CONTEXT(2) 
PARAMETRIC_REPRESENTATION_CONTEXT() REPRESENTATION_CONTEXT('2D SPACE',''
  ) );
#8778 = PCURVE('',#8779,#8784);
#8779 = PLANE('',#8780);
#8780 = AXIS2_PLACEMENT_3D('',#8781,#8782,#8783);
#8781 = CARTESIAN_POINT('',(7.7,51.,0.));
#8782 = DIRECTION('',(1.,-1.110223024625E-16,0.));
#8783 = DIRECTION('',(-1.110223024625E-16,-1.,0.));
#8784 = DEFINITIONAL_REPRESENTATION('',(#8785),#8789);
#8785 = LINE('',#8786,#8787);
#8786 = CARTESIAN_POINT('',(0.,-8.));
#8787 = VECTOR('',#8788,1.);
#8788 = DIRECTION('',(1.,0.));
#8789 = ( GEOMETRIC_REPRESENTATION_CONTEXT(2) 
PARAMETRIC_REPRESENTATION_CONTEXT() REPRESENTATION_CONTEXT('2D SPACE',''
  ) );
#8790 = ADVANCED_FACE('',(#8791),#5420,.T.);
#8791 = FACE_BOUND('',#8792,.T.);
#8792 = EDGE_LOOP('',(#8793,#8823,#8824,#8825));
#8793 = ORIENTED_EDGE('',*,*,#8794,.T.);
#8794 = EDGE_CURVE('',#8795,#5391,#8797,.T.);
#8795 = VERTEX_POINT('',#8796);
#8796 = CARTESIAN_POINT('',(9.,27.8,7.3));
#8797 = SURFACE_CURVE('',#8798,(#8803,#8817),.PCURVE_S1.);
#8798 = CIRCLE('',#8799,0.7);
#8799 = AXIS2_PLACEMENT_3D('',#8800,#8801,#8802);
#8800 = CARTESIAN_POINT('',(8.3,27.8,7.3));
#8801 = DIRECTION('',(-0.,-1.,0.));
#8802 = DIRECTION('',(1.,-0.,0.));
#8803 = PCURVE('',#5420,#8804);
#8804 = DEFINITIONAL_REPRESENTATION('',(#8805),#8816);
#8805 = B_SPLINE_CURVE_WITH_KNOTS('',9,(#8806,#8807,#8808,#8809,#8810,
    #8811,#8812,#8813,#8814,#8815),.UNSPECIFIED.,.F.,.F.,(10,10),(0.,
    1.570796326795),.PIECEWISE_BEZIER_KNOTS.);
#8806 = CARTESIAN_POINT('',(-4.440892098501E-16,113.69200777531));
#8807 = CARTESIAN_POINT('',(0.830791063196,113.69200777531));
#8808 = CARTESIAN_POINT('',(1.594014007475,113.69200777532));
#8809 = CARTESIAN_POINT('',(2.31738661938,113.69200777531));
#8810 = CARTESIAN_POINT('',(3.018675906387,113.69200777532));
#8811 = CARTESIAN_POINT('',(3.713096839227,113.69200777531));
#8812 = CARTESIAN_POINT('',(4.414386126234,113.69200777532));
#8813 = CARTESIAN_POINT('',(5.137758738138,113.69200777531));
#8814 = CARTESIAN_POINT('',(5.900981682418,113.69200777531));
#8815 = CARTESIAN_POINT('',(6.731772745614,113.69200777531));
#8816 = ( GEOMETRIC_REPRESENTATION_CONTEXT(2) 
PARAMETRIC_REPRESENTATION_CONTEXT() REPRESENTATION_CONTEXT('2D SPACE',''
  ) );
#8817 = PCURVE('',#8416,#8818);
#8818 = DEFINITIONAL_REPRESENTATION('',(#8819),#8822);
#8819 = B_SPLINE_CURVE_WITH_KNOTS('',1,(#8820,#8821),.UNSPECIFIED.,.F.,
  .F.,(2,2),(0.,1.570796326795),.PIECEWISE_BEZIER_KNOTS.);
#8820 = CARTESIAN_POINT('',(0.,24.2));
#8821 = CARTESIAN_POINT('',(1.570796326795,24.2));
#8822 = ( GEOMETRIC_REPRESENTATION_CONTEXT(2) 
PARAMETRIC_REPRESENTATION_CONTEXT() REPRESENTATION_CONTEXT('2D SPACE',''
  ) );
#8823 = ORIENTED_EDGE('',*,*,#5390,.T.);
#8824 = ORIENTED_EDGE('',*,*,#6573,.F.);
#8825 = ORIENTED_EDGE('',*,*,#8826,.F.);
#8826 = EDGE_CURVE('',#8795,#6574,#8827,.T.);
#8827 = SURFACE_CURVE('',#8828,(#8839,#8846),.PCURVE_S1.);
#8828 = ( BOUNDED_CURVE() B_SPLINE_CURVE(9,(#8829,#8830,#8831,#8832,
    #8833,#8834,#8835,#8836,#8837,#8838),.UNSPECIFIED.,.F.,.F.) 
B_SPLINE_CURVE_WITH_KNOTS((10,10),(113.69200777531,120.42378052093),
.PIECEWISE_BEZIER_KNOTS.) CURVE() GEOMETRIC_REPRESENTATION_ITEM() 
RATIONAL_B_SPLINE_CURVE((1.,1.,1.,1.,1.,1.,1.,1.,1.,1.)) 
REPRESENTATION_ITEM('') );
#8829 = CARTESIAN_POINT('',(9.,27.8,7.3));
#8830 = CARTESIAN_POINT('',(9.,27.058406589424,7.3));
#8831 = CARTESIAN_POINT('',(9.,26.313372372996,7.317325046521));
#8832 = CARTESIAN_POINT('',(9.,25.562430965338,7.346335642821));
#8833 = CARTESIAN_POINT('',(9.,24.805199965175,7.376971139203));
#8834 = CARTESIAN_POINT('',(9.,24.045707639044,7.39256739637));
#8835 = CARTESIAN_POINT('',(9.,23.285779349599,7.398674288226));
#8836 = CARTESIAN_POINT('',(9.,22.525285028818,7.399417923732));
#8837 = CARTESIAN_POINT('',(9.,21.764960672444,7.39978307235));
#8838 = CARTESIAN_POINT('',(9.,21.006383159248,7.399732371503));
#8839 = PCURVE('',#5420,#8840);
#8840 = DEFINITIONAL_REPRESENTATION('',(#8841),#8845);
#8841 = LINE('',#8842,#8843);
#8842 = CARTESIAN_POINT('',(0.,0.));
#8843 = VECTOR('',#8844,1.);
#8844 = DIRECTION('',(0.,1.));
#8845 = ( GEOMETRIC_REPRESENTATION_CONTEXT(2) 
PARAMETRIC_REPRESENTATION_CONTEXT() REPRESENTATION_CONTEXT('2D SPACE',''
  ) );
#8846 = PCURVE('',#6636,#8847);
#8847 = DEFINITIONAL_REPRESENTATION('',(#8848),#8859);
#8848 = B_SPLINE_CURVE_WITH_KNOTS('',9,(#8849,#8850,#8851,#8852,#8853,
    #8854,#8855,#8856,#8857,#8858),.UNSPECIFIED.,.F.,.F.,(10,10),(
    113.69200777531,120.42378052093),.PIECEWISE_BEZIER_KNOTS.);
#8849 = CARTESIAN_POINT('',(16.8,-7.3));
#8850 = CARTESIAN_POINT('',(16.058406589424,-7.3));
#8851 = CARTESIAN_POINT('',(15.313372372996,-7.317325046521));
#8852 = CARTESIAN_POINT('',(14.562430965337,-7.346335642821));
#8853 = CARTESIAN_POINT('',(13.805199965177,-7.376971139203));
#8854 = CARTESIAN_POINT('',(13.045707639042,-7.392567396369));
#8855 = CARTESIAN_POINT('',(12.285779349601,-7.398674288226));
#8856 = CARTESIAN_POINT('',(11.525285028817,-7.399417923731));
#8857 = CARTESIAN_POINT('',(10.764960672444,-7.39978307235));
#8858 = CARTESIAN_POINT('',(10.006383159248,-7.399732371503));
#8859 = ( GEOMETRIC_REPRESENTATION_CONTEXT(2) 
PARAMETRIC_REPRESENTATION_CONTEXT() REPRESENTATION_CONTEXT('2D SPACE',''
  ) );
#8860 = ADVANCED_FACE('',(#8861),#5571,.F.);
#8861 = FACE_BOUND('',#8862,.F.);
#8862 = EDGE_LOOP('',(#8863,#8864,#8887,#8914,#8915));
#8863 = ORIENTED_EDGE('',*,*,#5617,.T.);
#8864 = ORIENTED_EDGE('',*,*,#8865,.F.);
#8865 = EDGE_CURVE('',#8866,#5486,#8868,.T.);
#8866 = VERTEX_POINT('',#8867);
#8867 = CARTESIAN_POINT('',(-3.4,24.,8.));
#8868 = SEAM_CURVE('',#8869,(#8873,#8880),.PCURVE_S1.);
#8869 = LINE('',#8870,#8871);
#8870 = CARTESIAN_POINT('',(-3.4,24.,8.));
#8871 = VECTOR('',#8872,1.);
#8872 = DIRECTION('',(0.,0.,1.));
#8873 = PCURVE('',#5571,#8874);
#8874 = DEFINITIONAL_REPRESENTATION('',(#8875),#8879);
#8875 = LINE('',#8876,#8877);
#8876 = CARTESIAN_POINT('',(6.28318530718,-0.));
#8877 = VECTOR('',#8878,1.);
#8878 = DIRECTION('',(0.,1.));
#8879 = ( GEOMETRIC_REPRESENTATION_CONTEXT(2) 
PARAMETRIC_REPRESENTATION_CONTEXT() REPRESENTATION_CONTEXT('2D SPACE',''
  ) );
#8880 = PCURVE('',#5571,#8881);
#8881 = DEFINITIONAL_REPRESENTATION('',(#8882),#8886);
#8882 = LINE('',#8883,#8884);
#8883 = CARTESIAN_POINT('',(0.,-0.));
#8884 = VECTOR('',#8885,1.);
#8885 = DIRECTION('',(0.,1.));
#8886 = ( GEOMETRIC_REPRESENTATION_CONTEXT(2) 
PARAMETRIC_REPRESENTATION_CONTEXT() REPRESENTATION_CONTEXT('2D SPACE',''
  ) );
#8887 = ORIENTED_EDGE('',*,*,#8888,.T.);
#8888 = EDGE_CURVE('',#8866,#8866,#8889,.T.);
#8889 = SURFACE_CURVE('',#8890,(#8895,#8902),.PCURVE_S1.);
#8890 = CIRCLE('',#8891,2.1);
#8891 = AXIS2_PLACEMENT_3D('',#8892,#8893,#8894);
#8892 = CARTESIAN_POINT('',(-5.5,24.,8.));
#8893 = DIRECTION('',(0.,0.,1.));
#8894 = DIRECTION('',(1.,0.,-0.));
#8895 = PCURVE('',#5571,#8896);
#8896 = DEFINITIONAL_REPRESENTATION('',(#8897),#8901);
#8897 = LINE('',#8898,#8899);
#8898 = CARTESIAN_POINT('',(0.,0.));
#8899 = VECTOR('',#8900,1.);
#8900 = DIRECTION('',(1.,0.));
#8901 = ( GEOMETRIC_REPRESENTATION_CONTEXT(2) 
PARAMETRIC_REPRESENTATION_CONTEXT() REPRESENTATION_CONTEXT('2D SPACE',''
  ) );
#8902 = PCURVE('',#8903,#8908);
#8903 = PLANE('',#8904);
#8904 = AXIS2_PLACEMENT_3D('',#8905,#8906,#8907);
#8905 = CARTESIAN_POINT('',(-5.5,24.,8.));
#8906 = DIRECTION('',(0.,0.,1.));
#8907 = DIRECTION('',(1.,0.,-0.));
#8908 = DEFINITIONAL_REPRESENTATION('',(#8909),#8913);
#8909 = CIRCLE('',#8910,2.1);
#8910 = AXIS2_PLACEMENT_2D('',#8911,#8912);
#8911 = CARTESIAN_POINT('',(0.,0.));
#8912 = DIRECTION('',(1.,0.));
#8913 = ( GEOMETRIC_REPRESENTATION_CONTEXT(2) 
PARAMETRIC_REPRESENTATION_CONTEXT() REPRESENTATION_CONTEXT('2D SPACE',''
  ) );
#8914 = ORIENTED_EDGE('',*,*,#8865,.T.);
#8915 = ORIENTED_EDGE('',*,*,#5485,.T.);
#8916 = ADVANCED_FACE('',(#8917),#6109,.F.);
#8917 = FACE_BOUND('',#8918,.F.);
#8918 = EDGE_LOOP('',(#8919,#8920,#8943,#8970,#8971));
#8919 = ORIENTED_EDGE('',*,*,#6168,.T.);
#8920 = ORIENTED_EDGE('',*,*,#8921,.F.);
#8921 = EDGE_CURVE('',#8922,#5998,#8924,.T.);
#8922 = VERTEX_POINT('',#8923);
#8923 = CARTESIAN_POINT('',(7.6,24.,8.));
#8924 = SEAM_CURVE('',#8925,(#8929,#8936),.PCURVE_S1.);
#8925 = LINE('',#8926,#8927);
#8926 = CARTESIAN_POINT('',(7.6,24.,8.));
#8927 = VECTOR('',#8928,1.);
#8928 = DIRECTION('',(0.,0.,1.));
#8929 = PCURVE('',#6109,#8930);
#8930 = DEFINITIONAL_REPRESENTATION('',(#8931),#8935);
#8931 = LINE('',#8932,#8933);
#8932 = CARTESIAN_POINT('',(6.28318530718,-0.));
#8933 = VECTOR('',#8934,1.);
#8934 = DIRECTION('',(0.,1.));
#8935 = ( GEOMETRIC_REPRESENTATION_CONTEXT(2) 
PARAMETRIC_REPRESENTATION_CONTEXT() REPRESENTATION_CONTEXT('2D SPACE',''
  ) );
#8936 = PCURVE('',#6109,#8937);
#8937 = DEFINITIONAL_REPRESENTATION('',(#8938),#8942);
#8938 = LINE('',#8939,#8940);
#8939 = CARTESIAN_POINT('',(0.,-0.));
#8940 = VECTOR('',#8941,1.);
#8941 = DIRECTION('',(0.,1.));
#8942 = ( GEOMETRIC_REPRESENTATION_CONTEXT(2) 
PARAMETRIC_REPRESENTATION_CONTEXT() REPRESENTATION_CONTEXT('2D SPACE',''
  ) );
#8943 = ORIENTED_EDGE('',*,*,#8944,.T.);
#8944 = EDGE_CURVE('',#8922,#8922,#8945,.T.);
#8945 = SURFACE_CURVE('',#8946,(#8951,#8958),.PCURVE_S1.);
#8946 = CIRCLE('',#8947,2.1);
#8947 = AXIS2_PLACEMENT_3D('',#8948,#8949,#8950);
#8948 = CARTESIAN_POINT('',(5.5,24.,8.));
#8949 = DIRECTION('',(0.,0.,1.));
#8950 = DIRECTION('',(1.,0.,-0.));
#8951 = PCURVE('',#6109,#8952);
#8952 = DEFINITIONAL_REPRESENTATION('',(#8953),#8957);
#8953 = LINE('',#8954,#8955);
#8954 = CARTESIAN_POINT('',(0.,0.));
#8955 = VECTOR('',#8956,1.);
#8956 = DIRECTION('',(1.,0.));
#8957 = ( GEOMETRIC_REPRESENTATION_CONTEXT(2) 
PARAMETRIC_REPRESENTATION_CONTEXT() REPRESENTATION_CONTEXT('2D SPACE',''
  ) );
#8958 = PCURVE('',#8959,#8964);
#8959 = PLANE('',#8960);
#8960 = AXIS2_PLACEMENT_3D('',#8961,#8962,#8963);
#8961 = CARTESIAN_POINT('',(5.5,24.,8.));
#8962 = DIRECTION('',(0.,0.,1.));
#8963 = DIRECTION('',(1.,0.,-0.));
#8964 = DEFINITIONAL_REPRESENTATION('',(#8965),#8969);
#8965 = CIRCLE('',#8966,2.1);
#8966 = AXIS2_PLACEMENT_2D('',#8967,#8968);
#8967 = CARTESIAN_POINT('',(0.,0.));
#8968 = DIRECTION('',(1.,0.));
#8969 = ( GEOMETRIC_REPRESENTATION_CONTEXT(2) 
PARAMETRIC_REPRESENTATION_CONTEXT() REPRESENTATION_CONTEXT('2D SPACE',''
  ) );
#8970 = ORIENTED_EDGE('',*,*,#8921,.T.);
#8971 = ORIENTED_EDGE('',*,*,#5997,.T.);
#8972 = ADVANCED_FACE('',(#8973,#8976),#6498,.T.);
#8973 = FACE_BOUND('',#8974,.T.);
#8974 = EDGE_LOOP('',(#8975));
#8975 = ORIENTED_EDGE('',*,*,#6483,.T.);
#8976 = FACE_BOUND('',#8977,.T.);
#8977 = EDGE_LOOP('',(#8978));
#8978 = ORIENTED_EDGE('',*,*,#8979,.F.);
#8979 = EDGE_CURVE('',#8980,#8980,#8982,.T.);
#8980 = VERTEX_POINT('',#8981);
#8981 = CARTESIAN_POINT('',(-3.85,19.,8.));
#8982 = SURFACE_CURVE('',#8983,(#8988,#8995),.PCURVE_S1.);
#8983 = CIRCLE('',#8984,1.65);
#8984 = AXIS2_PLACEMENT_3D('',#8985,#8986,#8987);
#8985 = CARTESIAN_POINT('',(-5.5,19.,8.));
#8986 = DIRECTION('',(0.,0.,1.));
#8987 = DIRECTION('',(1.,0.,-0.));
#8988 = PCURVE('',#6498,#8989);
#8989 = DEFINITIONAL_REPRESENTATION('',(#8990),#8994);
#8990 = CIRCLE('',#8991,1.65);
#8991 = AXIS2_PLACEMENT_2D('',#8992,#8993);
#8992 = CARTESIAN_POINT('',(0.,0.));
#8993 = DIRECTION('',(1.,0.));
#8994 = ( GEOMETRIC_REPRESENTATION_CONTEXT(2) 
PARAMETRIC_REPRESENTATION_CONTEXT() REPRESENTATION_CONTEXT('2D SPACE',''
  ) );
#8995 = PCURVE('',#8996,#9001);
#8996 = CYLINDRICAL_SURFACE('',#8997,1.65);
#8997 = AXIS2_PLACEMENT_3D('',#8998,#8999,#9000);
#8998 = CARTESIAN_POINT('',(-5.5,19.,0.));
#8999 = DIRECTION('',(0.,0.,1.));
#9000 = DIRECTION('',(1.,0.,-0.));
#9001 = DEFINITIONAL_REPRESENTATION('',(#9002),#9006);
#9002 = LINE('',#9003,#9004);
#9003 = CARTESIAN_POINT('',(0.,8.));
#9004 = VECTOR('',#9005,1.);
#9005 = DIRECTION('',(1.,0.));
#9006 = ( GEOMETRIC_REPRESENTATION_CONTEXT(2) 
PARAMETRIC_REPRESENTATION_CONTEXT() REPRESENTATION_CONTEXT('2D SPACE',''
  ) );
#9007 = ADVANCED_FACE('',(#9008,#9011),#6555,.T.);
#9008 = FACE_BOUND('',#9009,.T.);
#9009 = EDGE_LOOP('',(#9010));
#9010 = ORIENTED_EDGE('',*,*,#6540,.T.);
#9011 = FACE_BOUND('',#9012,.T.);
#9012 = EDGE_LOOP('',(#9013));
#9013 = ORIENTED_EDGE('',*,*,#9014,.F.);
#9014 = EDGE_CURVE('',#9015,#9015,#9017,.T.);
#9015 = VERTEX_POINT('',#9016);
#9016 = CARTESIAN_POINT('',(7.15,19.,8.));
#9017 = SURFACE_CURVE('',#9018,(#9023,#9030),.PCURVE_S1.);
#9018 = CIRCLE('',#9019,1.65);
#9019 = AXIS2_PLACEMENT_3D('',#9020,#9021,#9022);
#9020 = CARTESIAN_POINT('',(5.5,19.,8.));
#9021 = DIRECTION('',(0.,0.,1.));
#9022 = DIRECTION('',(1.,0.,-0.));
#9023 = PCURVE('',#6555,#9024);
#9024 = DEFINITIONAL_REPRESENTATION('',(#9025),#9029);
#9025 = CIRCLE('',#9026,1.65);
#9026 = AXIS2_PLACEMENT_2D('',#9027,#9028);
#9027 = CARTESIAN_POINT('',(0.,0.));
#9028 = DIRECTION('',(1.,0.));
#9029 = ( GEOMETRIC_REPRESENTATION_CONTEXT(2) 
PARAMETRIC_REPRESENTATION_CONTEXT() REPRESENTATION_CONTEXT('2D SPACE',''
  ) );
#9030 = PCURVE('',#9031,#9036);
#9031 = CYLINDRICAL_SURFACE('',#9032,1.65);
#9032 = AXIS2_PLACEMENT_3D('',#9033,#9034,#9035);
#9033 = CARTESIAN_POINT('',(5.5,19.,0.));
#9034 = DIRECTION('',(0.,0.,1.));
#9035 = DIRECTION('',(1.,0.,-0.));
#9036 = DEFINITIONAL_REPRESENTATION('',(#9037),#9041);
#9037 = LINE('',#9038,#9039);
#9038 = CARTESIAN_POINT('',(0.,8.));
#9039 = VECTOR('',#9040,1.);
#9040 = DIRECTION('',(1.,0.));
#9041 = ( GEOMETRIC_REPRESENTATION_CONTEXT(2) 
PARAMETRIC_REPRESENTATION_CONTEXT() REPRESENTATION_CONTEXT('2D SPACE',''
  ) );
#9042 = ADVANCED_FACE('',(#9043),#6636,.F.);
#9043 = FACE_BOUND('',#9044,.F.);
#9044 = EDGE_LOOP('',(#9045,#9075,#9103,#9131,#9159,#9180,#9181,#9182));
#9045 = ORIENTED_EDGE('',*,*,#9046,.F.);
#9046 = EDGE_CURVE('',#9047,#9049,#9051,.T.);
#9047 = VERTEX_POINT('',#9048);
#9048 = CARTESIAN_POINT('',(9.,52.,3.));
#9049 = VERTEX_POINT('',#9050);
#9050 = CARTESIAN_POINT('',(9.,52.,7.3));
#9051 = SURFACE_CURVE('',#9052,(#9056,#9063),.PCURVE_S1.);
#9052 = LINE('',#9053,#9054);
#9053 = CARTESIAN_POINT('',(9.,52.,0.));
#9054 = VECTOR('',#9055,1.);
#9055 = DIRECTION('',(0.,0.,1.));
#9056 = PCURVE('',#6636,#9057);
#9057 = DEFINITIONAL_REPRESENTATION('',(#9058),#9062);
#9058 = LINE('',#9059,#9060);
#9059 = CARTESIAN_POINT('',(41.,0.));
#9060 = VECTOR('',#9061,1.);
#9061 = DIRECTION('',(0.,-1.));
#9062 = ( GEOMETRIC_REPRESENTATION_CONTEXT(2) 
PARAMETRIC_REPRESENTATION_CONTEXT() REPRESENTATION_CONTEXT('2D SPACE',''
  ) );
#9063 = PCURVE('',#9064,#9069);
#9064 = CYLINDRICAL_SURFACE('',#9065,2.999999998497);
#9065 = AXIS2_PLACEMENT_3D('',#9066,#9067,#9068);
#9066 = CARTESIAN_POINT('',(6.000000001503,52.000000001503,0.));
#9067 = DIRECTION('',(-0.,-0.,-1.));
#9068 = DIRECTION('',(1.,-5.011576341617E-10,0.));
#9069 = DEFINITIONAL_REPRESENTATION('',(#9070),#9074);
#9070 = LINE('',#9071,#9072);
#9071 = CARTESIAN_POINT('',(-0.,0.));
#9072 = VECTOR('',#9073,1.);
#9073 = DIRECTION('',(-0.,-1.));
#9074 = ( GEOMETRIC_REPRESENTATION_CONTEXT(2) 
PARAMETRIC_REPRESENTATION_CONTEXT() REPRESENTATION_CONTEXT('2D SPACE',''
  ) );
#9075 = ORIENTED_EDGE('',*,*,#9076,.F.);
#9076 = EDGE_CURVE('',#9077,#9047,#9079,.T.);
#9077 = VERTEX_POINT('',#9078);
#9078 = CARTESIAN_POINT('',(9.,29.5,3.));
#9079 = SURFACE_CURVE('',#9080,(#9084,#9091),.PCURVE_S1.);
#9080 = LINE('',#9081,#9082);
#9081 = CARTESIAN_POINT('',(9.,28.,3.));
#9082 = VECTOR('',#9083,1.);
#9083 = DIRECTION('',(0.,1.,0.));
#9084 = PCURVE('',#6636,#9085);
#9085 = DEFINITIONAL_REPRESENTATION('',(#9086),#9090);
#9086 = LINE('',#9087,#9088);
#9087 = CARTESIAN_POINT('',(17.,-3.));
#9088 = VECTOR('',#9089,1.);
#9089 = DIRECTION('',(1.,0.));
#9090 = ( GEOMETRIC_REPRESENTATION_CONTEXT(2) 
PARAMETRIC_REPRESENTATION_CONTEXT() REPRESENTATION_CONTEXT('2D SPACE',''
  ) );
#9091 = PCURVE('',#9092,#9097);
#9092 = PLANE('',#9093);
#9093 = AXIS2_PLACEMENT_3D('',#9094,#9095,#9096);
#9094 = CARTESIAN_POINT('',(3.,28.,3.));
#9095 = DIRECTION('',(0.,0.,1.));
#9096 = DIRECTION('',(1.,0.,0.));
#9097 = DEFINITIONAL_REPRESENTATION('',(#9098),#9102);
#9098 = LINE('',#9099,#9100);
#9099 = CARTESIAN_POINT('',(6.,0.));
#9100 = VECTOR('',#9101,1.);
#9101 = DIRECTION('',(0.,1.));
#9102 = ( GEOMETRIC_REPRESENTATION_CONTEXT(2) 
PARAMETRIC_REPRESENTATION_CONTEXT() REPRESENTATION_CONTEXT('2D SPACE',''
  ) );
#9103 = ORIENTED_EDGE('',*,*,#9104,.F.);
#9104 = EDGE_CURVE('',#9105,#9077,#9107,.T.);
#9105 = VERTEX_POINT('',#9106);
#9106 = CARTESIAN_POINT('',(9.,29.5,0.6));
#9107 = SURFACE_CURVE('',#9108,(#9112,#9119),.PCURVE_S1.);
#9108 = LINE('',#9109,#9110);
#9109 = CARTESIAN_POINT('',(9.,29.5,0.));
#9110 = VECTOR('',#9111,1.);
#9111 = DIRECTION('',(0.,0.,1.));
#9112 = PCURVE('',#6636,#9113);
#9113 = DEFINITIONAL_REPRESENTATION('',(#9114),#9118);
#9114 = LINE('',#9115,#9116);
#9115 = CARTESIAN_POINT('',(18.5,0.));
#9116 = VECTOR('',#9117,1.);
#9117 = DIRECTION('',(0.,-1.));
#9118 = ( GEOMETRIC_REPRESENTATION_CONTEXT(2) 
PARAMETRIC_REPRESENTATION_CONTEXT() REPRESENTATION_CONTEXT('2D SPACE',''
  ) );
#9119 = PCURVE('',#9120,#9125);
#9120 = CYLINDRICAL_SURFACE('',#9121,1.5);
#9121 = AXIS2_PLACEMENT_3D('',#9122,#9123,#9124);
#9122 = CARTESIAN_POINT('',(7.5,29.5,0.));
#9123 = DIRECTION('',(0.,0.,1.));
#9124 = DIRECTION('',(1.,0.,-0.));
#9125 = DEFINITIONAL_REPRESENTATION('',(#9126),#9130);
#9126 = LINE('',#9127,#9128);
#9127 = CARTESIAN_POINT('',(-0.,0.));
#9128 = VECTOR('',#9129,1.);
#9129 = DIRECTION('',(-0.,1.));
#9130 = ( GEOMETRIC_REPRESENTATION_CONTEXT(2) 
PARAMETRIC_REPRESENTATION_CONTEXT() REPRESENTATION_CONTEXT('2D SPACE',''
  ) );
#9131 = ORIENTED_EDGE('',*,*,#9132,.F.);
#9132 = EDGE_CURVE('',#9133,#9105,#9135,.T.);
#9133 = VERTEX_POINT('',#9134);
#9134 = CARTESIAN_POINT('',(9.,11.,0.6));
#9135 = SURFACE_CURVE('',#9136,(#9140,#9147),.PCURVE_S1.);
#9136 = LINE('',#9137,#9138);
#9137 = CARTESIAN_POINT('',(9.,11.,0.6));
#9138 = VECTOR('',#9139,1.);
#9139 = DIRECTION('',(0.,1.,0.));
#9140 = PCURVE('',#6636,#9141);
#9141 = DEFINITIONAL_REPRESENTATION('',(#9142),#9146);
#9142 = LINE('',#9143,#9144);
#9143 = CARTESIAN_POINT('',(0.,-0.6));
#9144 = VECTOR('',#9145,1.);
#9145 = DIRECTION('',(1.,0.));
#9146 = ( GEOMETRIC_REPRESENTATION_CONTEXT(2) 
PARAMETRIC_REPRESENTATION_CONTEXT() REPRESENTATION_CONTEXT('2D SPACE',''
  ) );
#9147 = PCURVE('',#9148,#9153);
#9148 = CYLINDRICAL_SURFACE('',#9149,0.6);
#9149 = AXIS2_PLACEMENT_3D('',#9150,#9151,#9152);
#9150 = CARTESIAN_POINT('',(8.4,11.,0.6));
#9151 = DIRECTION('',(0.,1.,0.));
#9152 = DIRECTION('',(1.,0.,-0.));
#9153 = DEFINITIONAL_REPRESENTATION('',(#9154),#9158);
#9154 = LINE('',#9155,#9156);
#9155 = CARTESIAN_POINT('',(0.,0.));
#9156 = VECTOR('',#9157,1.);
#9157 = DIRECTION('',(0.,1.));
#9158 = ( GEOMETRIC_REPRESENTATION_CONTEXT(2) 
PARAMETRIC_REPRESENTATION_CONTEXT() REPRESENTATION_CONTEXT('2D SPACE',''
  ) );
#9159 = ORIENTED_EDGE('',*,*,#9160,.T.);
#9160 = EDGE_CURVE('',#9133,#6596,#9161,.T.);
#9161 = SURFACE_CURVE('',#9162,(#9166,#9173),.PCURVE_S1.);
#9162 = LINE('',#9163,#9164);
#9163 = CARTESIAN_POINT('',(9.,11.,0.));
#9164 = VECTOR('',#9165,1.);
#9165 = DIRECTION('',(0.,0.,1.));
#9166 = PCURVE('',#6636,#9167);
#9167 = DEFINITIONAL_REPRESENTATION('',(#9168),#9172);
#9168 = LINE('',#9169,#9170);
#9169 = CARTESIAN_POINT('',(0.,0.));
#9170 = VECTOR('',#9171,1.);
#9171 = DIRECTION('',(0.,-1.));
#9172 = ( GEOMETRIC_REPRESENTATION_CONTEXT(2) 
PARAMETRIC_REPRESENTATION_CONTEXT() REPRESENTATION_CONTEXT('2D SPACE',''
  ) );
#9173 = PCURVE('',#6745,#9174);
#9174 = DEFINITIONAL_REPRESENTATION('',(#9175),#9179);
#9175 = LINE('',#9176,#9177);
#9176 = CARTESIAN_POINT('',(1.,0.));
#9177 = VECTOR('',#9178,1.);
#9178 = DIRECTION('',(0.,-1.));
#9179 = ( GEOMETRIC_REPRESENTATION_CONTEXT(2) 
PARAMETRIC_REPRESENTATION_CONTEXT() REPRESENTATION_CONTEXT('2D SPACE',''
  ) );
#9180 = ORIENTED_EDGE('',*,*,#6616,.F.);
#9181 = ORIENTED_EDGE('',*,*,#8826,.F.);
#9182 = ORIENTED_EDGE('',*,*,#9183,.F.);
#9183 = EDGE_CURVE('',#9049,#8795,#9184,.T.);
#9184 = SURFACE_CURVE('',#9185,(#9189,#9196),.PCURVE_S1.);
#9185 = LINE('',#9186,#9187);
#9186 = CARTESIAN_POINT('',(9.,52.,7.3));
#9187 = VECTOR('',#9188,1.);
#9188 = DIRECTION('',(-0.,-1.,-0.));
#9189 = PCURVE('',#6636,#9190);
#9190 = DEFINITIONAL_REPRESENTATION('',(#9191),#9195);
#9191 = LINE('',#9192,#9193);
#9192 = CARTESIAN_POINT('',(41.,-7.3));
#9193 = VECTOR('',#9194,1.);
#9194 = DIRECTION('',(-1.,0.));
#9195 = ( GEOMETRIC_REPRESENTATION_CONTEXT(2) 
PARAMETRIC_REPRESENTATION_CONTEXT() REPRESENTATION_CONTEXT('2D SPACE',''
  ) );
#9196 = PCURVE('',#8416,#9197);
#9197 = DEFINITIONAL_REPRESENTATION('',(#9198),#9202);
#9198 = LINE('',#9199,#9200);
#9199 = CARTESIAN_POINT('',(0.,0.));
#9200 = VECTOR('',#9201,1.);
#9201 = DIRECTION('',(0.,1.));
#9202 = ( GEOMETRIC_REPRESENTATION_CONTEXT(2) 
PARAMETRIC_REPRESENTATION_CONTEXT() REPRESENTATION_CONTEXT('2D SPACE',''
  ) );
#9203 = ADVANCED_FACE('',(#9204),#6745,.F.);
#9204 = FACE_BOUND('',#9205,.F.);
#9205 = EDGE_LOOP('',(#9206,#9207,#9298,#9299));
#9206 = ORIENTED_EDGE('',*,*,#9160,.F.);
#9207 = ORIENTED_EDGE('',*,*,#9208,.F.);
#9208 = EDGE_CURVE('',#7956,#9133,#9209,.T.);
#9209 = SURFACE_CURVE('',#9210,(#9226,#9245),.PCURVE_S1.);
#9210 = ( BOUNDED_CURVE() B_SPLINE_CURVE(14,(#9211,#9212,#9213,#9214,
    #9215,#9216,#9217,#9218,#9219,#9220,#9221,#9222,#9223,#9224,#9225),
.UNSPECIFIED.,.F.,.F.) B_SPLINE_CURVE_WITH_KNOTS((15,15),(
21.991148575129,26.61323451816),.PIECEWISE_BEZIER_KNOTS.) CURVE() 
GEOMETRIC_REPRESENTATION_ITEM() RATIONAL_B_SPLINE_CURVE((1.,1.,
    0.999999999998,1.000000000006,0.999999999987,1.000000000022,
    0.999999999969,1.000000000035,0.999999999968,1.000000000024,
    0.999999999985,1.000000000007,0.999999999997,1.000000000001,1.)) 
REPRESENTATION_ITEM('') );
#9211 = CARTESIAN_POINT('',(7.,7.,0.6));
#9212 = CARTESIAN_POINT('',(7.,7.428571428572,0.6));
#9213 = CARTESIAN_POINT('',(7.065934065932,7.791208791206,0.6));
#9214 = CARTESIAN_POINT('',(7.186813186817,8.098901098908,0.6));
#9215 = CARTESIAN_POINT('',(7.351648351642,8.362637362626,0.600000000001
    ));
#9216 = CARTESIAN_POINT('',(7.549450549457,8.593406593421,0.599999999999
    ));
#9217 = CARTESIAN_POINT('',(7.769230769229,8.802197802184,0.600000000001
    ));
#9218 = CARTESIAN_POINT('',(7.999999999993,9.000000000008,0.599999999999
    ));
#9219 = CARTESIAN_POINT('',(8.230769230784,9.197802197801,0.600000000001
    ));
#9220 = CARTESIAN_POINT('',(8.450549450532,9.406593406589,0.599999999999
    ));
#9221 = CARTESIAN_POINT('',(8.648351648365,9.637362637369,0.6));
#9222 = CARTESIAN_POINT('',(8.813186813179,9.901098901093,0.6));
#9223 = CARTESIAN_POINT('',(8.934065934069,10.208791208794,0.6));
#9224 = CARTESIAN_POINT('',(8.999999999999,10.571428571428,0.6));
#9225 = CARTESIAN_POINT('',(9.,11.,0.6));
#9226 = PCURVE('',#6745,#9227);
#9227 = DEFINITIONAL_REPRESENTATION('',(#9228),#9244);
#9228 = B_SPLINE_CURVE_WITH_KNOTS('',14,(#9229,#9230,#9231,#9232,#9233,
    #9234,#9235,#9236,#9237,#9238,#9239,#9240,#9241,#9242,#9243),
  .UNSPECIFIED.,.F.,.F.,(15,15),(21.991148575129,26.61323451816),
  .PIECEWISE_BEZIER_KNOTS.);
#9229 = CARTESIAN_POINT('',(1.110223024625E-16,-0.6));
#9230 = CARTESIAN_POINT('',(7.142857142888E-02,-0.6));
#9231 = CARTESIAN_POINT('',(0.142857142856,-0.599999999999));
#9232 = CARTESIAN_POINT('',(0.21428571429,-0.600000000003));
#9233 = CARTESIAN_POINT('',(0.285714285705,-0.599999999994));
#9234 = CARTESIAN_POINT('',(0.357142857159,-0.60000000001));
#9235 = CARTESIAN_POINT('',(0.428571428549,-0.599999999986));
#9236 = CARTESIAN_POINT('',(0.500000000026,-0.600000000016));
#9237 = CARTESIAN_POINT('',(0.571428571405,-0.599999999986));
#9238 = CARTESIAN_POINT('',(0.642857142875,-0.600000000011));
#9239 = CARTESIAN_POINT('',(0.714285714274,-0.599999999993));
#9240 = CARTESIAN_POINT('',(0.78571428572,-0.600000000003));
#9241 = CARTESIAN_POINT('',(0.857142857141,-0.599999999999));
#9242 = CARTESIAN_POINT('',(0.928571428572,-0.6));
#9243 = CARTESIAN_POINT('',(1.,-0.6));
#9244 = ( GEOMETRIC_REPRESENTATION_CONTEXT(2) 
PARAMETRIC_REPRESENTATION_CONTEXT() REPRESENTATION_CONTEXT('2D SPACE',''
  ) );
#9245 = PCURVE('',#9246,#9292);
#9246 = ( BOUNDED_SURFACE() B_SPLINE_SURFACE(2,14,(
    (#9247,#9248,#9249,#9250,#9251,#9252,#9253,#9254,#9255,#9256,#9257
      ,#9258,#9259,#9260,#9261)
    ,(#9262,#9263,#9264,#9265,#9266,#9267,#9268,#9269,#9270,#9271,#9272
      ,#9273,#9274,#9275,#9276)
    ,(#9277,#9278,#9279,#9280,#9281,#9282,#9283,#9284,#9285,#9286,#9287
      ,#9288,#9289,#9290,#9291
)),.UNSPECIFIED.,.F.,.F.,.F.) B_SPLINE_SURFACE_WITH_KNOTS((3,3),(15,15),
  (0.,4.622085943032),(21.991148575129,26.61323451816),
.PIECEWISE_BEZIER_KNOTS.) GEOMETRIC_REPRESENTATION_ITEM() 
RATIONAL_B_SPLINE_SURFACE((
    (1.,1.,0.999999999998,1.000000000006,0.999999999987,1.000000000022
      ,0.999999999969,1.000000000035,0.999999999968,1.000000000024
      ,0.999999999985,1.000000000007,0.999999999997,1.000000000001,1.)
    ,(0.707106781187,0.707106781187,0.707106781185,0.707106781191
      ,0.707106781177,0.707106781202,0.707106781166,0.707106781209
      ,0.707106781166,0.707106781201,0.707106781178,0.707106781191
      ,0.707106781185,0.707106781187,0.707106781187)
    ,(1.,1.,0.999999999998,1.000000000006,0.999999999987,1.000000000022
      ,0.999999999969,1.000000000035,0.999999999968,1.000000000024
      ,0.999999999985,1.000000000007,0.999999999997,1.000000000001,1.
))) REPRESENTATION_ITEM('') SURFACE() );
#9247 = CARTESIAN_POINT('',(7.,7.,0.6));
#9248 = CARTESIAN_POINT('',(7.,7.428571428572,0.6));
#9249 = CARTESIAN_POINT('',(7.065934065932,7.791208791206,0.6));
#9250 = CARTESIAN_POINT('',(7.186813186817,8.098901098908,0.6));
#9251 = CARTESIAN_POINT('',(7.351648351642,8.362637362626,0.600000000001
    ));
#9252 = CARTESIAN_POINT('',(7.549450549457,8.593406593421,0.599999999999
    ));
#9253 = CARTESIAN_POINT('',(7.769230769229,8.802197802184,0.600000000001
    ));
#9254 = CARTESIAN_POINT('',(7.999999999993,9.000000000008,0.599999999999
    ));
#9255 = CARTESIAN_POINT('',(8.230769230784,9.197802197801,0.600000000001
    ));
#9256 = CARTESIAN_POINT('',(8.450549450532,9.406593406589,0.599999999999
    ));
#9257 = CARTESIAN_POINT('',(8.648351648365,9.637362637369,0.6));
#9258 = CARTESIAN_POINT('',(8.813186813179,9.901098901093,0.6));
#9259 = CARTESIAN_POINT('',(8.934065934069,10.208791208794,0.6));
#9260 = CARTESIAN_POINT('',(8.999999999999,10.571428571428,0.6));
#9261 = CARTESIAN_POINT('',(9.,11.,0.6));
#9262 = CARTESIAN_POINT('',(7.,7.,1.110223024625E-16));
#9263 = CARTESIAN_POINT('',(7.,7.428571428572,4.340972026284E-14));
#9264 = CARTESIAN_POINT('',(7.065934065932,7.791208791206,
    -1.930122728311E-13));
#9265 = CARTESIAN_POINT('',(7.186813186818,8.098901098907,
    5.11535258596E-13));
#9266 = CARTESIAN_POINT('',(7.351648351639,8.362637362628,
    -9.723888361179E-13));
#9267 = CARTESIAN_POINT('',(7.549450549462,8.593406593417,
    1.42241773915E-12));
#9268 = CARTESIAN_POINT('',(7.769230769221,8.802197802189,
    -1.656619286194E-12));
#9269 = CARTESIAN_POINT('',(8.000000000004,9.000000000003,
    1.568078999981E-12));
#9270 = CARTESIAN_POINT('',(8.230769230772,9.197802197805,
    -1.218691814131E-12));
#9271 = CARTESIAN_POINT('',(8.450549450543,9.406593406587,
    7.774336729938E-13));
#9272 = CARTESIAN_POINT('',(8.648351648358,9.63736263737,
    -4.00623978436E-13));
#9273 = CARTESIAN_POINT('',(8.813186813183,9.901098901094,
    1.61537450083E-13));
#9274 = CARTESIAN_POINT('',(8.934065934068,10.208791208794,
    -4.746203430273E-14));
#9275 = CARTESIAN_POINT('',(9.,10.571428571428,8.715250743307E-15));
#9276 = CARTESIAN_POINT('',(9.,11.,1.110223024625E-16));
#9277 = CARTESIAN_POINT('',(6.4,7.,0.));
#9278 = CARTESIAN_POINT('',(6.400000000001,7.514285714287,
    4.424238753131E-14));
#9279 = CARTESIAN_POINT('',(6.478888023818,7.975816199917,
    -2.047251257409E-13));
#9280 = CARTESIAN_POINT('',(6.635179892519,8.389269020982,
    5.72486502648E-13));
#9281 = CARTESIAN_POINT('',(6.843865878887,8.746068644882,
    -1.17761356222E-12));
#9282 = CARTESIAN_POINT('',(7.160130209051,9.052331591894,
    1.898703416714E-12));
#9283 = CARTESIAN_POINT('',(7.326609386734,9.182684529739,
    -2.473687921167E-12));
#9284 = CARTESIAN_POINT('',(7.652991377769,9.528379938957,
    2.645772489984E-12));
#9285 = CARTESIAN_POINT('',(7.788147848288,9.578288925357,
    -2.339628490944E-12));
#9286 = CARTESIAN_POINT('',(8.061229110128,9.865518405061,
    1.71007652483E-12));
#9287 = CARTESIAN_POINT('',(8.140569175609,10.020793919626,
    -1.023459095251E-12));
#9288 = CARTESIAN_POINT('',(8.261553518882,10.191466823168,
    4.882760862301E-13));
#9289 = CARTESIAN_POINT('',(8.347019891955,10.393398617505,
    -1.738054145051E-13));
#9290 = CARTESIAN_POINT('',(8.4,10.657142857142,3.785860513972E-14));
#9291 = CARTESIAN_POINT('',(8.4,11.,0.));
#9292 = DEFINITIONAL_REPRESENTATION('',(#9293),#9297);
#9293 = LINE('',#9294,#9295);
#9294 = CARTESIAN_POINT('',(0.,0.));
#9295 = VECTOR('',#9296,1.);
#9296 = DIRECTION('',(0.,1.));
#9297 = ( GEOMETRIC_REPRESENTATION_CONTEXT(2) 
PARAMETRIC_REPRESENTATION_CONTEXT() REPRESENTATION_CONTEXT('2D SPACE',''
  ) );
#9298 = ORIENTED_EDGE('',*,*,#8035,.T.);
#9299 = ORIENTED_EDGE('',*,*,#6680,.F.);
#9300 = ADVANCED_FACE('',(#9301),#7461,.F.);
#9301 = FACE_BOUND('',#9302,.T.);
#9302 = EDGE_LOOP('',(#9303,#9326,#9348,#9349));
#9303 = ORIENTED_EDGE('',*,*,#9304,.F.);
#9304 = EDGE_CURVE('',#9305,#7329,#9307,.T.);
#9305 = VERTEX_POINT('',#9306);
#9306 = CARTESIAN_POINT('',(4.1,7.1,2.));
#9307 = SURFACE_CURVE('',#9308,(#9312,#9319),.PCURVE_S1.);
#9308 = LINE('',#9309,#9310);
#9309 = CARTESIAN_POINT('',(4.1,7.1,2.));
#9310 = VECTOR('',#9311,1.);
#9311 = DIRECTION('',(0.,0.,1.));
#9312 = PCURVE('',#7461,#9313);
#9313 = DEFINITIONAL_REPRESENTATION('',(#9314),#9318);
#9314 = LINE('',#9315,#9316);
#9315 = CARTESIAN_POINT('',(-1.570796326795,0.));
#9316 = VECTOR('',#9317,1.);
#9317 = DIRECTION('',(-0.,-1.));
#9318 = ( GEOMETRIC_REPRESENTATION_CONTEXT(2) 
PARAMETRIC_REPRESENTATION_CONTEXT() REPRESENTATION_CONTEXT('2D SPACE',''
  ) );
#9319 = PCURVE('',#7588,#9320);
#9320 = DEFINITIONAL_REPRESENTATION('',(#9321),#9325);
#9321 = LINE('',#9322,#9323);
#9322 = CARTESIAN_POINT('',(0.,0.));
#9323 = VECTOR('',#9324,1.);
#9324 = DIRECTION('',(0.,-1.));
#9325 = ( GEOMETRIC_REPRESENTATION_CONTEXT(2) 
PARAMETRIC_REPRESENTATION_CONTEXT() REPRESENTATION_CONTEXT('2D SPACE',''
  ) );
#9326 = ORIENTED_EDGE('',*,*,#9327,.F.);
#9327 = EDGE_CURVE('',#7884,#9305,#9328,.T.);
#9328 = SURFACE_CURVE('',#9329,(#9334,#9341),.PCURVE_S1.);
#9329 = CIRCLE('',#9330,1.1);
#9330 = AXIS2_PLACEMENT_3D('',#9331,#9332,#9333);
#9331 = CARTESIAN_POINT('',(3.,7.1,2.));
#9332 = DIRECTION('',(0.,0.,1.));
#9333 = DIRECTION('',(8.074349270001E-16,-1.,0.));
#9334 = PCURVE('',#7461,#9335);
#9335 = DEFINITIONAL_REPRESENTATION('',(#9336),#9340);
#9336 = LINE('',#9337,#9338);
#9337 = CARTESIAN_POINT('',(-0.,0.));
#9338 = VECTOR('',#9339,1.);
#9339 = DIRECTION('',(-1.,0.));
#9340 = ( GEOMETRIC_REPRESENTATION_CONTEXT(2) 
PARAMETRIC_REPRESENTATION_CONTEXT() REPRESENTATION_CONTEXT('2D SPACE',''
  ) );
#9341 = PCURVE('',#7795,#9342);
#9342 = DEFINITIONAL_REPRESENTATION('',(#9343),#9347);
#9343 = CIRCLE('',#9344,1.1);
#9344 = AXIS2_PLACEMENT_2D('',#9345,#9346);
#9345 = CARTESIAN_POINT('',(3.,-2.775177100582));
#9346 = DIRECTION('',(8.074349270001E-16,-1.));
#9347 = ( GEOMETRIC_REPRESENTATION_CONTEXT(2) 
PARAMETRIC_REPRESENTATION_CONTEXT() REPRESENTATION_CONTEXT('2D SPACE',''
  ) );
#9348 = ORIENTED_EDGE('',*,*,#7883,.T.);
#9349 = ORIENTED_EDGE('',*,*,#7349,.F.);
#9350 = ADVANCED_FACE('',(#9351),#7588,.T.);
#9351 = FACE_BOUND('',#9352,.T.);
#9352 = EDGE_LOOP('',(#9353,#9376,#9397,#9398));
#9353 = ORIENTED_EDGE('',*,*,#9354,.F.);
#9354 = EDGE_CURVE('',#9355,#7548,#9357,.T.);
#9355 = VERTEX_POINT('',#9356);
#9356 = CARTESIAN_POINT('',(4.1,10.9,2.));
#9357 = SURFACE_CURVE('',#9358,(#9362,#9369),.PCURVE_S1.);
#9358 = LINE('',#9359,#9360);
#9359 = CARTESIAN_POINT('',(4.1,10.9,2.));
#9360 = VECTOR('',#9361,1.);
#9361 = DIRECTION('',(0.,0.,1.));
#9362 = PCURVE('',#7588,#9363);
#9363 = DEFINITIONAL_REPRESENTATION('',(#9364),#9368);
#9364 = LINE('',#9365,#9366);
#9365 = CARTESIAN_POINT('',(3.8,0.));
#9366 = VECTOR('',#9367,1.);
#9367 = DIRECTION('',(0.,-1.));
#9368 = ( GEOMETRIC_REPRESENTATION_CONTEXT(2) 
PARAMETRIC_REPRESENTATION_CONTEXT() REPRESENTATION_CONTEXT('2D SPACE',''
  ) );
#9369 = PCURVE('',#7690,#9370);
#9370 = DEFINITIONAL_REPRESENTATION('',(#9371),#9375);
#9371 = LINE('',#9372,#9373);
#9372 = CARTESIAN_POINT('',(-0.,0.));
#9373 = VECTOR('',#9374,1.);
#9374 = DIRECTION('',(-0.,-1.));
#9375 = ( GEOMETRIC_REPRESENTATION_CONTEXT(2) 
PARAMETRIC_REPRESENTATION_CONTEXT() REPRESENTATION_CONTEXT('2D SPACE',''
  ) );
#9376 = ORIENTED_EDGE('',*,*,#9377,.F.);
#9377 = EDGE_CURVE('',#9305,#9355,#9378,.T.);
#9378 = SURFACE_CURVE('',#9379,(#9383,#9390),.PCURVE_S1.);
#9379 = LINE('',#9380,#9381);
#9380 = CARTESIAN_POINT('',(4.1,7.1,2.));
#9381 = VECTOR('',#9382,1.);
#9382 = DIRECTION('',(0.,1.,0.));
#9383 = PCURVE('',#7588,#9384);
#9384 = DEFINITIONAL_REPRESENTATION('',(#9385),#9389);
#9385 = LINE('',#9386,#9387);
#9386 = CARTESIAN_POINT('',(0.,0.));
#9387 = VECTOR('',#9388,1.);
#9388 = DIRECTION('',(1.,0.));
#9389 = ( GEOMETRIC_REPRESENTATION_CONTEXT(2) 
PARAMETRIC_REPRESENTATION_CONTEXT() REPRESENTATION_CONTEXT('2D SPACE',''
  ) );
#9390 = PCURVE('',#7795,#9391);
#9391 = DEFINITIONAL_REPRESENTATION('',(#9392),#9396);
#9392 = LINE('',#9393,#9394);
#9393 = CARTESIAN_POINT('',(4.1,-2.775177100582));
#9394 = VECTOR('',#9395,1.);
#9395 = DIRECTION('',(0.,1.));
#9396 = ( GEOMETRIC_REPRESENTATION_CONTEXT(2) 
PARAMETRIC_REPRESENTATION_CONTEXT() REPRESENTATION_CONTEXT('2D SPACE',''
  ) );
#9397 = ORIENTED_EDGE('',*,*,#9304,.T.);
#9398 = ORIENTED_EDGE('',*,*,#7568,.F.);
#9399 = ADVANCED_FACE('',(#9400),#7690,.F.);
#9400 = FACE_BOUND('',#9401,.T.);
#9401 = EDGE_LOOP('',(#9402,#9403,#9425,#9426));
#9402 = ORIENTED_EDGE('',*,*,#7807,.F.);
#9403 = ORIENTED_EDGE('',*,*,#9404,.F.);
#9404 = EDGE_CURVE('',#9355,#7780,#9405,.T.);
#9405 = SURFACE_CURVE('',#9406,(#9411,#9418),.PCURVE_S1.);
#9406 = CIRCLE('',#9407,4.1);
#9407 = AXIS2_PLACEMENT_3D('',#9408,#9409,#9410);
#9408 = CARTESIAN_POINT('',(-4.440892098501E-16,10.9,2.));
#9409 = DIRECTION('',(0.,0.,1.));
#9410 = DIRECTION('',(1.,4.332577657074E-16,-0.));
#9411 = PCURVE('',#7690,#9412);
#9412 = DEFINITIONAL_REPRESENTATION('',(#9413),#9417);
#9413 = LINE('',#9414,#9415);
#9414 = CARTESIAN_POINT('',(-0.,0.));
#9415 = VECTOR('',#9416,1.);
#9416 = DIRECTION('',(-1.,0.));
#9417 = ( GEOMETRIC_REPRESENTATION_CONTEXT(2) 
PARAMETRIC_REPRESENTATION_CONTEXT() REPRESENTATION_CONTEXT('2D SPACE',''
  ) );
#9418 = PCURVE('',#7795,#9419);
#9419 = DEFINITIONAL_REPRESENTATION('',(#9420),#9424);
#9420 = CIRCLE('',#9421,4.1);
#9421 = AXIS2_PLACEMENT_2D('',#9422,#9423);
#9422 = CARTESIAN_POINT('',(-1.865707685361E-16,1.024822899418));
#9423 = DIRECTION('',(1.,4.332577657074E-16));
#9424 = ( GEOMETRIC_REPRESENTATION_CONTEXT(2) 
PARAMETRIC_REPRESENTATION_CONTEXT() REPRESENTATION_CONTEXT('2D SPACE',''
  ) );
#9425 = ORIENTED_EDGE('',*,*,#9354,.T.);
#9426 = ORIENTED_EDGE('',*,*,#7612,.F.);
#9427 = ADVANCED_FACE('',(#9428),#7795,.T.);
#9428 = FACE_BOUND('',#9429,.T.);
#9429 = EDGE_LOOP('',(#9430,#9431,#9432,#9433,#9434,#9435));
#9430 = ORIENTED_EDGE('',*,*,#7906,.T.);
#9431 = ORIENTED_EDGE('',*,*,#9327,.T.);
#9432 = ORIENTED_EDGE('',*,*,#9377,.T.);
#9433 = ORIENTED_EDGE('',*,*,#9404,.T.);
#9434 = ORIENTED_EDGE('',*,*,#7779,.T.);
#9435 = ORIENTED_EDGE('',*,*,#7857,.T.);
#9436 = ADVANCED_FACE('',(#9437),#7972,.T.);
#9437 = FACE_BOUND('',#9438,.F.);
#9438 = EDGE_LOOP('',(#9439,#9469,#9470,#9500));
#9439 = ORIENTED_EDGE('',*,*,#9440,.F.);
#9440 = EDGE_CURVE('',#7954,#9441,#9443,.T.);
#9441 = VERTEX_POINT('',#9442);
#9442 = CARTESIAN_POINT('',(-6.4,7.,0.));
#9443 = SURFACE_CURVE('',#9444,(#9449,#9455),.PCURVE_S1.);
#9444 = CIRCLE('',#9445,0.6);
#9445 = AXIS2_PLACEMENT_3D('',#9446,#9447,#9448);
#9446 = CARTESIAN_POINT('',(-6.4,7.,0.6));
#9447 = DIRECTION('',(0.,-1.,0.));
#9448 = DIRECTION('',(-1.,0.,0.));
#9449 = PCURVE('',#7972,#9450);
#9450 = DEFINITIONAL_REPRESENTATION('',(#9451),#9454);
#9451 = B_SPLINE_CURVE_WITH_KNOTS('',1,(#9452,#9453),.UNSPECIFIED.,.F.,
  .F.,(2,2),(0.,1.570796326795),.PIECEWISE_BEZIER_KNOTS.);
#9452 = CARTESIAN_POINT('',(0.,0.));
#9453 = CARTESIAN_POINT('',(0.,1.570796326795));
#9454 = ( GEOMETRIC_REPRESENTATION_CONTEXT(2) 
PARAMETRIC_REPRESENTATION_CONTEXT() REPRESENTATION_CONTEXT('2D SPACE',''
  ) );
#9455 = PCURVE('',#8107,#9456);
#9456 = DEFINITIONAL_REPRESENTATION('',(#9457),#9468);
#9457 = B_SPLINE_CURVE_WITH_KNOTS('',9,(#9458,#9459,#9460,#9461,#9462,
    #9463,#9464,#9465,#9466,#9467),.UNSPECIFIED.,.F.,.F.,(10,10),(0.,
    1.570796326795),.PIECEWISE_BEZIER_KNOTS.);
#9458 = CARTESIAN_POINT('',(8.881784197001E-16,134.66009842325));
#9459 = CARTESIAN_POINT('',(0.570427410417,134.66009842325));
#9460 = CARTESIAN_POINT('',(1.094462040742,134.66009842325));
#9461 = CARTESIAN_POINT('',(1.591135132227,134.66009842325));
#9462 = CARTESIAN_POINT('',(2.072645646449,134.66009842325));
#9463 = CARTESIAN_POINT('',(2.54944029654,134.66009842325));
#9464 = CARTESIAN_POINT('',(3.030950810858,134.66009842324));
#9465 = CARTESIAN_POINT('',(3.527623902242,134.66009842325));
#9466 = CARTESIAN_POINT('',(4.051658532616,134.66009842325));
#9467 = CARTESIAN_POINT('',(4.622085943032,134.66009842325));
#9468 = ( GEOMETRIC_REPRESENTATION_CONTEXT(2) 
PARAMETRIC_REPRESENTATION_CONTEXT() REPRESENTATION_CONTEXT('2D SPACE',''
  ) );
#9469 = ORIENTED_EDGE('',*,*,#7953,.T.);
#9470 = ORIENTED_EDGE('',*,*,#9471,.T.);
#9471 = EDGE_CURVE('',#7956,#9472,#9474,.T.);
#9472 = VERTEX_POINT('',#9473);
#9473 = CARTESIAN_POINT('',(6.4,7.,0.));
#9474 = SURFACE_CURVE('',#9475,(#9480,#9486),.PCURVE_S1.);
#9475 = CIRCLE('',#9476,0.6);
#9476 = AXIS2_PLACEMENT_3D('',#9477,#9478,#9479);
#9477 = CARTESIAN_POINT('',(6.4,7.,0.6));
#9478 = DIRECTION('',(1.224646799147E-16,1.,0.));
#9479 = DIRECTION('',(1.,-1.224646799147E-16,0.));
#9480 = PCURVE('',#7972,#9481);
#9481 = DEFINITIONAL_REPRESENTATION('',(#9482),#9485);
#9482 = B_SPLINE_CURVE_WITH_KNOTS('',1,(#9483,#9484),.UNSPECIFIED.,.F.,
  .F.,(2,2),(0.,1.570796326795),.PIECEWISE_BEZIER_KNOTS.);
#9483 = CARTESIAN_POINT('',(-3.14159265359,0.));
#9484 = CARTESIAN_POINT('',(-3.14159265359,1.570796326795));
#9485 = ( GEOMETRIC_REPRESENTATION_CONTEXT(2) 
PARAMETRIC_REPRESENTATION_CONTEXT() REPRESENTATION_CONTEXT('2D SPACE',''
  ) );
#9486 = PCURVE('',#9246,#9487);
#9487 = DEFINITIONAL_REPRESENTATION('',(#9488),#9499);
#9488 = B_SPLINE_CURVE_WITH_KNOTS('',9,(#9489,#9490,#9491,#9492,#9493,
    #9494,#9495,#9496,#9497,#9498),.UNSPECIFIED.,.F.,.F.,(10,10),(0.,
    1.570796326795),.PIECEWISE_BEZIER_KNOTS.);
#9489 = CARTESIAN_POINT('',(0.,21.991148575129));
#9490 = CARTESIAN_POINT('',(0.570427410417,21.991148575128));
#9491 = CARTESIAN_POINT('',(1.094462040738,21.991148575129));
#9492 = CARTESIAN_POINT('',(1.59113513227,21.991148575127));
#9493 = CARTESIAN_POINT('',(2.07264564636,21.99114857513));
#9494 = CARTESIAN_POINT('',(2.549440296672,21.991148575127));
#9495 = CARTESIAN_POINT('',(3.030950810762,21.99114857513));
#9496 = CARTESIAN_POINT('',(3.527623902294,21.991148575128));
#9497 = CARTESIAN_POINT('',(4.051658532615,21.991148575129));
#9498 = CARTESIAN_POINT('',(4.622085943032,21.991148575129));
#9499 = ( GEOMETRIC_REPRESENTATION_CONTEXT(2) 
PARAMETRIC_REPRESENTATION_CONTEXT() REPRESENTATION_CONTEXT('2D SPACE',''
  ) );
#9500 = ORIENTED_EDGE('',*,*,#9501,.F.);
#9501 = EDGE_CURVE('',#9441,#9472,#9502,.T.);
#9502 = SURFACE_CURVE('',#9503,(#9508,#9515),.PCURVE_S1.);
#9503 = CIRCLE('',#9504,6.4);
#9504 = AXIS2_PLACEMENT_3D('',#9505,#9506,#9507);
#9505 = CARTESIAN_POINT('',(0.,7.,0.));
#9506 = DIRECTION('',(0.,0.,1.));
#9507 = DIRECTION('',(-1.,0.,0.));
#9508 = PCURVE('',#7972,#9509);
#9509 = DEFINITIONAL_REPRESENTATION('',(#9510),#9514);
#9510 = LINE('',#9511,#9512);
#9511 = CARTESIAN_POINT('',(-0.,1.570796326795));
#9512 = VECTOR('',#9513,1.);
#9513 = DIRECTION('',(-1.,0.));
#9514 = ( GEOMETRIC_REPRESENTATION_CONTEXT(2) 
PARAMETRIC_REPRESENTATION_CONTEXT() REPRESENTATION_CONTEXT('2D SPACE',''
  ) );
#9515 = PCURVE('',#9516,#9521);
#9516 = PLANE('',#9517);
#9517 = AXIS2_PLACEMENT_3D('',#9518,#9519,#9520);
#9518 = CARTESIAN_POINT('',(3.52805039712E-16,29.14721913016,0.));
#9519 = DIRECTION('',(0.,0.,1.));
#9520 = DIRECTION('',(1.,0.,-0.));
#9521 = DEFINITIONAL_REPRESENTATION('',(#9522),#9526);
#9522 = CIRCLE('',#9523,6.4);
#9523 = AXIS2_PLACEMENT_2D('',#9524,#9525);
#9524 = CARTESIAN_POINT('',(-3.52805039712E-16,-22.14721913016));
#9525 = DIRECTION('',(-1.,0.));
#9526 = ( GEOMETRIC_REPRESENTATION_CONTEXT(2) 
PARAMETRIC_REPRESENTATION_CONTEXT() REPRESENTATION_CONTEXT('2D SPACE',''
  ) );
#9527 = ADVANCED_FACE('',(#9528),#8107,.T.);
#9528 = FACE_BOUND('',#9529,.T.);
#9529 = EDGE_LOOP('',(#9530,#9560,#9605,#9606));
#9530 = ORIENTED_EDGE('',*,*,#9531,.T.);
#9531 = EDGE_CURVE('',#8068,#9532,#9534,.T.);
#9532 = VERTEX_POINT('',#9533);
#9533 = CARTESIAN_POINT('',(-8.4,11.,-1.110223024625E-16));
#9534 = SURFACE_CURVE('',#9535,(#9540,#9554),.PCURVE_S1.);
#9535 = CIRCLE('',#9536,0.6);
#9536 = AXIS2_PLACEMENT_3D('',#9537,#9538,#9539);
#9537 = CARTESIAN_POINT('',(-8.4,11.,0.6));
#9538 = DIRECTION('',(-4.332577657074E-17,-1.,0.));
#9539 = DIRECTION('',(-1.,4.332577657074E-17,0.));
#9540 = PCURVE('',#8107,#9541);
#9541 = DEFINITIONAL_REPRESENTATION('',(#9542),#9553);
#9542 = B_SPLINE_CURVE_WITH_KNOTS('',9,(#9543,#9544,#9545,#9546,#9547,
    #9548,#9549,#9550,#9551,#9552),.UNSPECIFIED.,.F.,.F.,(10,10),(0.,
    1.570796326795),.PIECEWISE_BEZIER_KNOTS.);
#9543 = CARTESIAN_POINT('',(0.,130.03801248022));
#9544 = CARTESIAN_POINT('',(0.570427410417,130.03801248021));
#9545 = CARTESIAN_POINT('',(1.094462040738,130.03801248022));
#9546 = CARTESIAN_POINT('',(1.59113513227,130.03801248021));
#9547 = CARTESIAN_POINT('',(2.07264564636,130.03801248023));
#9548 = CARTESIAN_POINT('',(2.549440296672,130.03801248021));
#9549 = CARTESIAN_POINT('',(3.030950810762,130.03801248022));
#9550 = CARTESIAN_POINT('',(3.527623902294,130.03801248021));
#9551 = CARTESIAN_POINT('',(4.051658532615,130.03801248022));
#9552 = CARTESIAN_POINT('',(4.622085943032,130.03801248022));
#9553 = ( GEOMETRIC_REPRESENTATION_CONTEXT(2) 
PARAMETRIC_REPRESENTATION_CONTEXT() REPRESENTATION_CONTEXT('2D SPACE',''
  ) );
#9554 = PCURVE('',#8202,#9555);
#9555 = DEFINITIONAL_REPRESENTATION('',(#9556),#9559);
#9556 = B_SPLINE_CURVE_WITH_KNOTS('',1,(#9557,#9558),.UNSPECIFIED.,.F.,
  .F.,(2,2),(0.,1.570796326795),.PIECEWISE_BEZIER_KNOTS.);
#9557 = CARTESIAN_POINT('',(0.,41.));
#9558 = CARTESIAN_POINT('',(1.570796326795,41.));
#9559 = ( GEOMETRIC_REPRESENTATION_CONTEXT(2) 
PARAMETRIC_REPRESENTATION_CONTEXT() REPRESENTATION_CONTEXT('2D SPACE',''
  ) );
#9560 = ORIENTED_EDGE('',*,*,#9561,.T.);
#9561 = EDGE_CURVE('',#9532,#9441,#9562,.T.);
#9562 = SURFACE_CURVE('',#9563,(#9579,#9586),.PCURVE_S1.);
#9563 = ( BOUNDED_CURVE() B_SPLINE_CURVE(14,(#9564,#9565,#9566,#9567,
    #9568,#9569,#9570,#9571,#9572,#9573,#9574,#9575,#9576,#9577,#9578),
.UNSPECIFIED.,.F.,.F.) B_SPLINE_CURVE_WITH_KNOTS((15,15),(
130.03801248022,134.66009842325),.PIECEWISE_BEZIER_KNOTS.) CURVE() 
GEOMETRIC_REPRESENTATION_ITEM() RATIONAL_B_SPLINE_CURVE((1.,1.,
    1.000000000002,0.999999999995,1.000000000011,0.999999999982,
    1.000000000025,0.999999999972,1.000000000026,0.999999999981,
    1.000000000011,0.999999999995,1.000000000002,1.,1.)) 
REPRESENTATION_ITEM('') );
#9564 = CARTESIAN_POINT('',(-8.4,11.,0.));
#9565 = CARTESIAN_POINT('',(-8.4,10.657142857143,-1.709743457923E-14));
#9566 = CARTESIAN_POINT('',(-8.347019891951,10.393398617501,
    7.838174553854E-14));
#9567 = CARTESIAN_POINT('',(-8.26155351889,10.191466823177,
    -2.192135362122E-13));
#9568 = CARTESIAN_POINT('',(-8.140569175594,10.020793919611,
    4.538036613155E-13));
#9569 = CARTESIAN_POINT('',(-8.061229110149,9.865518405078,
    -7.4795725169E-13));
#9570 = CARTESIAN_POINT('',(-7.788147848275,9.578288925351,
    1.017186335162E-12));
#9571 = CARTESIAN_POINT('',(-7.652991377775,9.528379938962,
    -1.150912698478E-12));
#9572 = CARTESIAN_POINT('',(-7.326609386746,9.182684529754,
    1.07980291375E-12));
#9573 = CARTESIAN_POINT('',(-7.160130209037,9.052331591879,
    -8.297251774536E-13));
#9574 = CARTESIAN_POINT('',(-6.843865878903,8.746068644898,
    5.111466805374E-13));
#9575 = CARTESIAN_POINT('',(-6.635179892509,8.38926902097,
    -2.444155988712E-13));
#9576 = CARTESIAN_POINT('',(-6.478888023822,7.975816199923,
    8.520961713998E-14));
#9577 = CARTESIAN_POINT('',(-6.4,7.514285714285,-1.826316875508E-14));
#9578 = CARTESIAN_POINT('',(-6.4,7.,0.));
#9579 = PCURVE('',#8107,#9580);
#9580 = DEFINITIONAL_REPRESENTATION('',(#9581),#9585);
#9581 = LINE('',#9582,#9583);
#9582 = CARTESIAN_POINT('',(4.622085943032,0.));
#9583 = VECTOR('',#9584,1.);
#9584 = DIRECTION('',(0.,1.));
#9585 = ( GEOMETRIC_REPRESENTATION_CONTEXT(2) 
PARAMETRIC_REPRESENTATION_CONTEXT() REPRESENTATION_CONTEXT('2D SPACE',''
  ) );
#9586 = PCURVE('',#9516,#9587);
#9587 = DEFINITIONAL_REPRESENTATION('',(#9588),#9604);
#9588 = B_SPLINE_CURVE_WITH_KNOTS('',14,(#9589,#9590,#9591,#9592,#9593,
    #9594,#9595,#9596,#9597,#9598,#9599,#9600,#9601,#9602,#9603),
  .UNSPECIFIED.,.F.,.F.,(15,15),(130.03801248022,134.66009842325),
  .PIECEWISE_BEZIER_KNOTS.);
#9589 = CARTESIAN_POINT('',(-8.4,-18.14721913016));
#9590 = CARTESIAN_POINT('',(-8.399999999997,-18.49007627301));
#9591 = CARTESIAN_POINT('',(-8.347019891968,-18.75382051267));
#9592 = CARTESIAN_POINT('',(-8.261553518841,-18.95575230693));
#9593 = CARTESIAN_POINT('',(-8.140569175698,-19.12642521065));
#9594 = CARTESIAN_POINT('',(-8.061229109975,-19.28170072488));
#9595 = CARTESIAN_POINT('',(-7.788147848504,-19.56893020509));
#9596 = CARTESIAN_POINT('',(-7.652991377527,-19.61883919087));
#9597 = CARTESIAN_POINT('',(-7.326609386961,-19.96453460071));
#9598 = CARTESIAN_POINT('',(-7.16013020888,-20.09488753804));
#9599 = CARTESIAN_POINT('',(-6.843865878993,-20.4011504854));
#9600 = CARTESIAN_POINT('',(-6.635179892468,-20.75795010911));
#9601 = CARTESIAN_POINT('',(-6.478888023837,-21.17140293026));
#9602 = CARTESIAN_POINT('',(-6.399999999997,-21.63293341586));
#9603 = CARTESIAN_POINT('',(-6.4,-22.14721913016));
#9604 = ( GEOMETRIC_REPRESENTATION_CONTEXT(2) 
PARAMETRIC_REPRESENTATION_CONTEXT() REPRESENTATION_CONTEXT('2D SPACE',''
  ) );
#9605 = ORIENTED_EDGE('',*,*,#9440,.F.);
#9606 = ORIENTED_EDGE('',*,*,#8067,.F.);
#9607 = ADVANCED_FACE('',(#9608),#8314,.T.);
#9608 = FACE_BOUND('',#9609,.T.);
#9609 = EDGE_LOOP('',(#9610,#9611,#9612,#9632));
#9610 = ORIENTED_EDGE('',*,*,#8367,.T.);
#9611 = ORIENTED_EDGE('',*,*,#8522,.T.);
#9612 = ORIENTED_EDGE('',*,*,#9613,.F.);
#9613 = EDGE_CURVE('',#8271,#8490,#9614,.T.);
#9614 = SURFACE_CURVE('',#9615,(#9620,#9626),.PCURVE_S1.);
#9615 = CIRCLE('',#9616,0.7);
#9616 = AXIS2_PLACEMENT_3D('',#9617,#9618,#9619);
#9617 = CARTESIAN_POINT('',(-8.3,52.,7.3));
#9618 = DIRECTION('',(0.,1.,-0.));
#9619 = DIRECTION('',(-1.,-0.,-0.));
#9620 = PCURVE('',#8314,#9621);
#9621 = DEFINITIONAL_REPRESENTATION('',(#9622),#9625);
#9622 = B_SPLINE_CURVE_WITH_KNOTS('',1,(#9623,#9624),.UNSPECIFIED.,.F.,
  .F.,(2,2),(0.,1.570796326795),.PIECEWISE_BEZIER_KNOTS.);
#9623 = CARTESIAN_POINT('',(0.,24.2));
#9624 = CARTESIAN_POINT('',(1.570796326795,24.2));
#9625 = ( GEOMETRIC_REPRESENTATION_CONTEXT(2) 
PARAMETRIC_REPRESENTATION_CONTEXT() REPRESENTATION_CONTEXT('2D SPACE',''
  ) );
#9626 = PCURVE('',#8510,#9627);
#9627 = DEFINITIONAL_REPRESENTATION('',(#9628),#9631);
#9628 = B_SPLINE_CURVE_WITH_KNOTS('',1,(#9629,#9630),.UNSPECIFIED.,.F.,
  .F.,(2,2),(0.,1.570796326795),.PIECEWISE_BEZIER_KNOTS.);
#9629 = CARTESIAN_POINT('',(1.7763568394E-15,0.));
#9630 = CARTESIAN_POINT('',(1.7763568394E-15,1.570796326795));
#9631 = ( GEOMETRIC_REPRESENTATION_CONTEXT(2) 
PARAMETRIC_REPRESENTATION_CONTEXT() REPRESENTATION_CONTEXT('2D SPACE',''
  ) );
#9632 = ORIENTED_EDGE('',*,*,#8298,.F.);
#9633 = ADVANCED_FACE('',(#9634),#8286,.T.);
#9634 = FACE_BOUND('',#9635,.F.);
#9635 = EDGE_LOOP('',(#9636,#9637,#9665,#9693));
#9636 = ORIENTED_EDGE('',*,*,#8270,.F.);
#9637 = ORIENTED_EDGE('',*,*,#9638,.T.);
#9638 = EDGE_CURVE('',#8243,#9639,#9641,.T.);
#9639 = VERTEX_POINT('',#9640);
#9640 = CARTESIAN_POINT('',(-6.,55.,3.));
#9641 = SURFACE_CURVE('',#9642,(#9647,#9654),.PCURVE_S1.);
#9642 = CIRCLE('',#9643,2.999999998497);
#9643 = AXIS2_PLACEMENT_3D('',#9644,#9645,#9646);
#9644 = CARTESIAN_POINT('',(-6.000000001503,52.000000001503,3.));
#9645 = DIRECTION('',(0.,-0.,-1.));
#9646 = DIRECTION('',(5.011570420427E-10,1.,-0.));
#9647 = PCURVE('',#8286,#9648);
#9648 = DEFINITIONAL_REPRESENTATION('',(#9649),#9653);
#9649 = LINE('',#9650,#9651);
#9650 = CARTESIAN_POINT('',(-6.28318530718,-3.));
#9651 = VECTOR('',#9652,1.);
#9652 = DIRECTION('',(1.,-0.));
#9653 = ( GEOMETRIC_REPRESENTATION_CONTEXT(2) 
PARAMETRIC_REPRESENTATION_CONTEXT() REPRESENTATION_CONTEXT('2D SPACE',''
  ) );
#9654 = PCURVE('',#8258,#9655);
#9655 = DEFINITIONAL_REPRESENTATION('',(#9656),#9664);
#9656 = ( BOUNDED_CURVE() B_SPLINE_CURVE(2,(#9657,#9658,#9659,#9660,
#9661,#9662,#9663),.UNSPECIFIED.,.T.,.F.) B_SPLINE_CURVE_WITH_KNOTS((1,2
    ,2,2,2,1),(-2.094395102393,0.,2.094395102393,4.188790204786,
6.28318530718,8.377580409573),.UNSPECIFIED.) CURVE() 
GEOMETRIC_REPRESENTATION_ITEM() RATIONAL_B_SPLINE_CURVE((1.,0.5,1.,0.5,
1.,0.5,1.)) REPRESENTATION_ITEM('') );
#9657 = CARTESIAN_POINT('',(3.,27.));
#9658 = CARTESIAN_POINT('',(8.196152420103,26.999999997396));
#9659 = CARTESIAN_POINT('',(5.598076207796,22.500000000953));
#9660 = CARTESIAN_POINT('',(2.99999999549,18.00000000451));
#9661 = CARTESIAN_POINT('',(0.401923787694,22.500000003557));
#9662 = CARTESIAN_POINT('',(-2.196152420103,27.000000002604));
#9663 = CARTESIAN_POINT('',(3.,27.));
#9664 = ( GEOMETRIC_REPRESENTATION_CONTEXT(2) 
PARAMETRIC_REPRESENTATION_CONTEXT() REPRESENTATION_CONTEXT('2D SPACE',''
  ) );
#9665 = ORIENTED_EDGE('',*,*,#9666,.T.);
#9666 = EDGE_CURVE('',#9639,#9667,#9669,.T.);
#9667 = VERTEX_POINT('',#9668);
#9668 = CARTESIAN_POINT('',(-6.,55.,7.3));
#9669 = SURFACE_CURVE('',#9670,(#9674,#9681),.PCURVE_S1.);
#9670 = LINE('',#9671,#9672);
#9671 = CARTESIAN_POINT('',(-6.,55.,0.));
#9672 = VECTOR('',#9673,1.);
#9673 = DIRECTION('',(0.,0.,1.));
#9674 = PCURVE('',#8286,#9675);
#9675 = DEFINITIONAL_REPRESENTATION('',(#9676),#9680);
#9676 = LINE('',#9677,#9678);
#9677 = CARTESIAN_POINT('',(-0.,0.));
#9678 = VECTOR('',#9679,1.);
#9679 = DIRECTION('',(-0.,-1.));
#9680 = ( GEOMETRIC_REPRESENTATION_CONTEXT(2) 
PARAMETRIC_REPRESENTATION_CONTEXT() REPRESENTATION_CONTEXT('2D SPACE',''
  ) );
#9681 = PCURVE('',#9682,#9687);
#9682 = PLANE('',#9683);
#9683 = AXIS2_PLACEMENT_3D('',#9684,#9685,#9686);
#9684 = CARTESIAN_POINT('',(6.,55.,0.));
#9685 = DIRECTION('',(0.,-1.,0.));
#9686 = DIRECTION('',(-1.,0.,0.));
#9687 = DEFINITIONAL_REPRESENTATION('',(#9688),#9692);
#9688 = LINE('',#9689,#9690);
#9689 = CARTESIAN_POINT('',(12.,0.));
#9690 = VECTOR('',#9691,1.);
#9691 = DIRECTION('',(0.,-1.));
#9692 = ( GEOMETRIC_REPRESENTATION_CONTEXT(2) 
PARAMETRIC_REPRESENTATION_CONTEXT() REPRESENTATION_CONTEXT('2D SPACE',''
  ) );
#9693 = ORIENTED_EDGE('',*,*,#9694,.F.);
#9694 = EDGE_CURVE('',#8271,#9667,#9695,.T.);
#9695 = SURFACE_CURVE('',#9696,(#9701,#9708),.PCURVE_S1.);
#9696 = CIRCLE('',#9697,2.999999998497);
#9697 = AXIS2_PLACEMENT_3D('',#9698,#9699,#9700);
#9698 = CARTESIAN_POINT('',(-6.000000001503,52.000000001503,7.3));
#9699 = DIRECTION('',(-0.,0.,-1.));
#9700 = DIRECTION('',(-1.,-5.011576341617E-10,0.));
#9701 = PCURVE('',#8286,#9702);
#9702 = DEFINITIONAL_REPRESENTATION('',(#9703),#9707);
#9703 = LINE('',#9704,#9705);
#9704 = CARTESIAN_POINT('',(-1.570796327797,-7.3));
#9705 = VECTOR('',#9706,1.);
#9706 = DIRECTION('',(1.,-0.));
#9707 = ( GEOMETRIC_REPRESENTATION_CONTEXT(2) 
PARAMETRIC_REPRESENTATION_CONTEXT() REPRESENTATION_CONTEXT('2D SPACE',''
  ) );
#9708 = PCURVE('',#8510,#9709);
#9709 = DEFINITIONAL_REPRESENTATION('',(#9710),#9714);
#9710 = LINE('',#9711,#9712);
#9711 = CARTESIAN_POINT('',(-0.,0.));
#9712 = VECTOR('',#9713,1.);
#9713 = DIRECTION('',(-1.,0.));
#9714 = ( GEOMETRIC_REPRESENTATION_CONTEXT(2) 
PARAMETRIC_REPRESENTATION_CONTEXT() REPRESENTATION_CONTEXT('2D SPACE',''
  ) );
#9715 = ADVANCED_FACE('',(#9716,#9883),#8258,.F.);
#9716 = FACE_BOUND('',#9717,.F.);
#9717 = EDGE_LOOP('',(#9718,#9719,#9743,#9771,#9804,#9832,#9861,#9882));
#9718 = ORIENTED_EDGE('',*,*,#8242,.F.);
#9719 = ORIENTED_EDGE('',*,*,#9720,.T.);
#9720 = EDGE_CURVE('',#8215,#9721,#9723,.T.);
#9721 = VERTEX_POINT('',#9722);
#9722 = CARTESIAN_POINT('',(-7.5,28.,3.));
#9723 = SURFACE_CURVE('',#9724,(#9729,#9736),.PCURVE_S1.);
#9724 = CIRCLE('',#9725,1.5);
#9725 = AXIS2_PLACEMENT_3D('',#9726,#9727,#9728);
#9726 = CARTESIAN_POINT('',(-7.5,29.5,3.));
#9727 = DIRECTION('',(0.,0.,1.));
#9728 = DIRECTION('',(0.,-1.,0.));
#9729 = PCURVE('',#8258,#9730);
#9730 = DEFINITIONAL_REPRESENTATION('',(#9731),#9735);
#9731 = CIRCLE('',#9732,1.5);
#9732 = AXIS2_PLACEMENT_2D('',#9733,#9734);
#9733 = CARTESIAN_POINT('',(1.5,1.5));
#9734 = DIRECTION('',(0.,-1.));
#9735 = ( GEOMETRIC_REPRESENTATION_CONTEXT(2) 
PARAMETRIC_REPRESENTATION_CONTEXT() REPRESENTATION_CONTEXT('2D SPACE',''
  ) );
#9736 = PCURVE('',#8230,#9737);
#9737 = DEFINITIONAL_REPRESENTATION('',(#9738),#9742);
#9738 = LINE('',#9739,#9740);
#9739 = CARTESIAN_POINT('',(-4.712388980385,3.));
#9740 = VECTOR('',#9741,1.);
#9741 = DIRECTION('',(1.,0.));
#9742 = ( GEOMETRIC_REPRESENTATION_CONTEXT(2) 
PARAMETRIC_REPRESENTATION_CONTEXT() REPRESENTATION_CONTEXT('2D SPACE',''
  ) );
#9743 = ORIENTED_EDGE('',*,*,#9744,.T.);
#9744 = EDGE_CURVE('',#9721,#9745,#9747,.T.);
#9745 = VERTEX_POINT('',#9746);
#9746 = CARTESIAN_POINT('',(-4.5,28.,3.));
#9747 = SURFACE_CURVE('',#9748,(#9752,#9759),.PCURVE_S1.);
#9748 = LINE('',#9749,#9750);
#9749 = CARTESIAN_POINT('',(-9.,28.,3.));
#9750 = VECTOR('',#9751,1.);
#9751 = DIRECTION('',(1.,0.,0.));
#9752 = PCURVE('',#8258,#9753);
#9753 = DEFINITIONAL_REPRESENTATION('',(#9754),#9758);
#9754 = LINE('',#9755,#9756);
#9755 = CARTESIAN_POINT('',(0.,0.));
#9756 = VECTOR('',#9757,1.);
#9757 = DIRECTION('',(1.,0.));
#9758 = ( GEOMETRIC_REPRESENTATION_CONTEXT(2) 
PARAMETRIC_REPRESENTATION_CONTEXT() REPRESENTATION_CONTEXT('2D SPACE',''
  ) );
#9759 = PCURVE('',#9760,#9765);
#9760 = PLANE('',#9761);
#9761 = AXIS2_PLACEMENT_3D('',#9762,#9763,#9764);
#9762 = CARTESIAN_POINT('',(-9.,28.,0.));
#9763 = DIRECTION('',(0.,1.,0.));
#9764 = DIRECTION('',(0.,0.,1.));
#9765 = DEFINITIONAL_REPRESENTATION('',(#9766),#9770);
#9766 = LINE('',#9767,#9768);
#9767 = CARTESIAN_POINT('',(3.,0.));
#9768 = VECTOR('',#9769,1.);
#9769 = DIRECTION('',(0.,1.));
#9770 = ( GEOMETRIC_REPRESENTATION_CONTEXT(2) 
PARAMETRIC_REPRESENTATION_CONTEXT() REPRESENTATION_CONTEXT('2D SPACE',''
  ) );
#9771 = ORIENTED_EDGE('',*,*,#9772,.F.);
#9772 = EDGE_CURVE('',#9773,#9745,#9775,.T.);
#9773 = VERTEX_POINT('',#9774);
#9774 = CARTESIAN_POINT('',(-3.,29.5,3.));
#9775 = SURFACE_CURVE('',#9776,(#9781,#9792),.PCURVE_S1.);
#9776 = CIRCLE('',#9777,1.5);
#9777 = AXIS2_PLACEMENT_3D('',#9778,#9779,#9780);
#9778 = CARTESIAN_POINT('',(-4.5,29.5,3.));
#9779 = DIRECTION('',(-0.,-0.,-1.));
#9780 = DIRECTION('',(0.,-1.,0.));
#9781 = PCURVE('',#8258,#9782);
#9782 = DEFINITIONAL_REPRESENTATION('',(#9783),#9791);
#9783 = ( BOUNDED_CURVE() B_SPLINE_CURVE(2,(#9784,#9785,#9786,#9787,
#9788,#9789,#9790),.UNSPECIFIED.,.T.,.F.) B_SPLINE_CURVE_WITH_KNOTS((1,2
    ,2,2,2,1),(-2.094395102393,0.,2.094395102393,4.188790204786,
6.28318530718,8.377580409573),.UNSPECIFIED.) CURVE() 
GEOMETRIC_REPRESENTATION_ITEM() RATIONAL_B_SPLINE_CURVE((1.,0.5,1.,0.5,
1.,0.5,1.)) REPRESENTATION_ITEM('') );
#9784 = CARTESIAN_POINT('',(4.5,0.));
#9785 = CARTESIAN_POINT('',(1.901923788647,0.));
#9786 = CARTESIAN_POINT('',(3.200961894323,2.25));
#9787 = CARTESIAN_POINT('',(4.5,4.5));
#9788 = CARTESIAN_POINT('',(5.799038105677,2.25));
#9789 = CARTESIAN_POINT('',(7.098076211353,2.22044604925E-15));
#9790 = CARTESIAN_POINT('',(4.5,0.));
#9791 = ( GEOMETRIC_REPRESENTATION_CONTEXT(2) 
PARAMETRIC_REPRESENTATION_CONTEXT() REPRESENTATION_CONTEXT('2D SPACE',''
  ) );
#9792 = PCURVE('',#9793,#9798);
#9793 = CYLINDRICAL_SURFACE('',#9794,1.5);
#9794 = AXIS2_PLACEMENT_3D('',#9795,#9796,#9797);
#9795 = CARTESIAN_POINT('',(-4.5,29.5,0.));
#9796 = DIRECTION('',(0.,0.,1.));
#9797 = DIRECTION('',(1.,0.,-0.));
#9798 = DEFINITIONAL_REPRESENTATION('',(#9799),#9803);
#9799 = LINE('',#9800,#9801);
#9800 = CARTESIAN_POINT('',(4.712388980385,3.));
#9801 = VECTOR('',#9802,1.);
#9802 = DIRECTION('',(-1.,0.));
#9803 = ( GEOMETRIC_REPRESENTATION_CONTEXT(2) 
PARAMETRIC_REPRESENTATION_CONTEXT() REPRESENTATION_CONTEXT('2D SPACE',''
  ) );
#9804 = ORIENTED_EDGE('',*,*,#9805,.T.);
#9805 = EDGE_CURVE('',#9773,#9806,#9808,.T.);
#9806 = VERTEX_POINT('',#9807);
#9807 = CARTESIAN_POINT('',(-3.,53.5,3.));
#9808 = SURFACE_CURVE('',#9809,(#9813,#9820),.PCURVE_S1.);
#9809 = LINE('',#9810,#9811);
#9810 = CARTESIAN_POINT('',(-3.,28.,3.));
#9811 = VECTOR('',#9812,1.);
#9812 = DIRECTION('',(0.,1.,0.));
#9813 = PCURVE('',#8258,#9814);
#9814 = DEFINITIONAL_REPRESENTATION('',(#9815),#9819);
#9815 = LINE('',#9816,#9817);
#9816 = CARTESIAN_POINT('',(6.,0.));
#9817 = VECTOR('',#9818,1.);
#9818 = DIRECTION('',(0.,1.));
#9819 = ( GEOMETRIC_REPRESENTATION_CONTEXT(2) 
PARAMETRIC_REPRESENTATION_CONTEXT() REPRESENTATION_CONTEXT('2D SPACE',''
  ) );
#9820 = PCURVE('',#9821,#9826);
#9821 = PLANE('',#9822);
#9822 = AXIS2_PLACEMENT_3D('',#9823,#9824,#9825);
#9823 = CARTESIAN_POINT('',(-3.,28.,0.));
#9824 = DIRECTION('',(1.,0.,0.));
#9825 = DIRECTION('',(0.,0.,1.));
#9826 = DEFINITIONAL_REPRESENTATION('',(#9827),#9831);
#9827 = LINE('',#9828,#9829);
#9828 = CARTESIAN_POINT('',(3.,0.));
#9829 = VECTOR('',#9830,1.);
#9830 = DIRECTION('',(0.,-1.));
#9831 = ( GEOMETRIC_REPRESENTATION_CONTEXT(2) 
PARAMETRIC_REPRESENTATION_CONTEXT() REPRESENTATION_CONTEXT('2D SPACE',''
  ) );
#9832 = ORIENTED_EDGE('',*,*,#9833,.T.);
#9833 = EDGE_CURVE('',#9806,#9834,#9836,.T.);
#9834 = VERTEX_POINT('',#9835);
#9835 = CARTESIAN_POINT('',(-4.5,55.,3.));
#9836 = SURFACE_CURVE('',#9837,(#9842,#9849),.PCURVE_S1.);
#9837 = CIRCLE('',#9838,1.5);
#9838 = AXIS2_PLACEMENT_3D('',#9839,#9840,#9841);
#9839 = CARTESIAN_POINT('',(-4.5,53.5,3.));
#9840 = DIRECTION('',(0.,0.,1.));
#9841 = DIRECTION('',(0.,-1.,0.));
#9842 = PCURVE('',#8258,#9843);
#9843 = DEFINITIONAL_REPRESENTATION('',(#9844),#9848);
#9844 = CIRCLE('',#9845,1.5);
#9845 = AXIS2_PLACEMENT_2D('',#9846,#9847);
#9846 = CARTESIAN_POINT('',(4.5,25.5));
#9847 = DIRECTION('',(0.,-1.));
#9848 = ( GEOMETRIC_REPRESENTATION_CONTEXT(2) 
PARAMETRIC_REPRESENTATION_CONTEXT() REPRESENTATION_CONTEXT('2D SPACE',''
  ) );
#9849 = PCURVE('',#9850,#9855);
#9850 = CYLINDRICAL_SURFACE('',#9851,1.5);
#9851 = AXIS2_PLACEMENT_3D('',#9852,#9853,#9854);
#9852 = CARTESIAN_POINT('',(-4.5,53.5,0.));
#9853 = DIRECTION('',(0.,0.,1.));
#9854 = DIRECTION('',(1.,0.,-0.));
#9855 = DEFINITIONAL_REPRESENTATION('',(#9856),#9860);
#9856 = LINE('',#9857,#9858);
#9857 = CARTESIAN_POINT('',(-1.570796326795,3.));
#9858 = VECTOR('',#9859,1.);
#9859 = DIRECTION('',(1.,0.));
#9860 = ( GEOMETRIC_REPRESENTATION_CONTEXT(2) 
PARAMETRIC_REPRESENTATION_CONTEXT() REPRESENTATION_CONTEXT('2D SPACE',''
  ) );
#9861 = ORIENTED_EDGE('',*,*,#9862,.F.);
#9862 = EDGE_CURVE('',#9639,#9834,#9863,.T.);
#9863 = SURFACE_CURVE('',#9864,(#9868,#9875),.PCURVE_S1.);
#9864 = LINE('',#9865,#9866);
#9865 = CARTESIAN_POINT('',(-9.,55.,3.));
#9866 = VECTOR('',#9867,1.);
#9867 = DIRECTION('',(1.,0.,0.));
#9868 = PCURVE('',#8258,#9869);
#9869 = DEFINITIONAL_REPRESENTATION('',(#9870),#9874);
#9870 = LINE('',#9871,#9872);
#9871 = CARTESIAN_POINT('',(0.,27.));
#9872 = VECTOR('',#9873,1.);
#9873 = DIRECTION('',(1.,0.));
#9874 = ( GEOMETRIC_REPRESENTATION_CONTEXT(2) 
PARAMETRIC_REPRESENTATION_CONTEXT() REPRESENTATION_CONTEXT('2D SPACE',''
  ) );
#9875 = PCURVE('',#9682,#9876);
#9876 = DEFINITIONAL_REPRESENTATION('',(#9877),#9881);
#9877 = LINE('',#9878,#9879);
#9878 = CARTESIAN_POINT('',(15.,-3.));
#9879 = VECTOR('',#9880,1.);
#9880 = DIRECTION('',(-1.,-0.));
#9881 = ( GEOMETRIC_REPRESENTATION_CONTEXT(2) 
PARAMETRIC_REPRESENTATION_CONTEXT() REPRESENTATION_CONTEXT('2D SPACE',''
  ) );
#9882 = ORIENTED_EDGE('',*,*,#9638,.F.);
#9883 = FACE_BOUND('',#9884,.F.);
#9884 = EDGE_LOOP('',(#9885,#9908,#9936,#9957));
#9885 = ORIENTED_EDGE('',*,*,#9886,.F.);
#9886 = EDGE_CURVE('',#9887,#9889,#9891,.T.);
#9887 = VERTEX_POINT('',#9888);
#9888 = CARTESIAN_POINT('',(-7.7,51.,3.));
#9889 = VERTEX_POINT('',#9890);
#9890 = CARTESIAN_POINT('',(-7.7,31.,3.));
#9891 = SURFACE_CURVE('',#9892,(#9896,#9902),.PCURVE_S1.);
#9892 = LINE('',#9893,#9894);
#9893 = CARTESIAN_POINT('',(-7.7,29.5,3.));
#9894 = VECTOR('',#9895,1.);
#9895 = DIRECTION('',(-1.110223024625E-16,-1.,0.));
#9896 = PCURVE('',#8258,#9897);
#9897 = DEFINITIONAL_REPRESENTATION('',(#9898),#9901);
#9898 = B_SPLINE_CURVE_WITH_KNOTS('',1,(#9899,#9900),.UNSPECIFIED.,.F.,
  .F.,(2,2),(-21.5,-1.5),.PIECEWISE_BEZIER_KNOTS.);
#9899 = CARTESIAN_POINT('',(1.3,23.));
#9900 = CARTESIAN_POINT('',(1.3,3.));
#9901 = ( GEOMETRIC_REPRESENTATION_CONTEXT(2) 
PARAMETRIC_REPRESENTATION_CONTEXT() REPRESENTATION_CONTEXT('2D SPACE',''
  ) );
#9902 = PCURVE('',#8596,#9903);
#9903 = DEFINITIONAL_REPRESENTATION('',(#9904),#9907);
#9904 = B_SPLINE_CURVE_WITH_KNOTS('',1,(#9905,#9906),.UNSPECIFIED.,.F.,
  .F.,(2,2),(-21.5,-1.5),.PIECEWISE_BEZIER_KNOTS.);
#9905 = CARTESIAN_POINT('',(20.,-3.));
#9906 = CARTESIAN_POINT('',(0.,-3.));
#9907 = ( GEOMETRIC_REPRESENTATION_CONTEXT(2) 
PARAMETRIC_REPRESENTATION_CONTEXT() REPRESENTATION_CONTEXT('2D SPACE',''
  ) );
#9908 = ORIENTED_EDGE('',*,*,#9909,.T.);
#9909 = EDGE_CURVE('',#9887,#9910,#9912,.T.);
#9910 = VERTEX_POINT('',#9911);
#9911 = CARTESIAN_POINT('',(-4.3,51.,3.));
#9912 = SURFACE_CURVE('',#9913,(#9918,#9929),.PCURVE_S1.);
#9913 = CIRCLE('',#9914,1.7);
#9914 = AXIS2_PLACEMENT_3D('',#9915,#9916,#9917);
#9915 = CARTESIAN_POINT('',(-6.,51.,3.));
#9916 = DIRECTION('',(0.,0.,-1.));
#9917 = DIRECTION('',(-1.,1.110223024625E-16,0.));
#9918 = PCURVE('',#8258,#9919);
#9919 = DEFINITIONAL_REPRESENTATION('',(#9920),#9928);
#9920 = ( BOUNDED_CURVE() B_SPLINE_CURVE(2,(#9921,#9922,#9923,#9924,
#9925,#9926,#9927),.UNSPECIFIED.,.T.,.F.) B_SPLINE_CURVE_WITH_KNOTS((1,2
    ,2,2,2,1),(-2.094395102393,0.,2.094395102393,4.188790204786,
6.28318530718,8.377580409573),.UNSPECIFIED.) CURVE() 
GEOMETRIC_REPRESENTATION_ITEM() RATIONAL_B_SPLINE_CURVE((1.,0.5,1.,0.5,
1.,0.5,1.)) REPRESENTATION_ITEM('') );
#9921 = CARTESIAN_POINT('',(1.3,23.));
#9922 = CARTESIAN_POINT('',(1.3,25.944486372867));
#9923 = CARTESIAN_POINT('',(3.85,24.472243186434));
#9924 = CARTESIAN_POINT('',(6.4,23.));
#9925 = CARTESIAN_POINT('',(3.85,21.527756813566));
#9926 = CARTESIAN_POINT('',(1.3,20.055513627133));
#9927 = CARTESIAN_POINT('',(1.3,23.));
#9928 = ( GEOMETRIC_REPRESENTATION_CONTEXT(2) 
PARAMETRIC_REPRESENTATION_CONTEXT() REPRESENTATION_CONTEXT('2D SPACE',''
  ) );
#9929 = PCURVE('',#8629,#9930);
#9930 = DEFINITIONAL_REPRESENTATION('',(#9931),#9935);
#9931 = LINE('',#9932,#9933);
#9932 = CARTESIAN_POINT('',(0.,-3.));
#9933 = VECTOR('',#9934,1.);
#9934 = DIRECTION('',(1.,0.));
#9935 = ( GEOMETRIC_REPRESENTATION_CONTEXT(2) 
PARAMETRIC_REPRESENTATION_CONTEXT() REPRESENTATION_CONTEXT('2D SPACE',''
  ) );
#9936 = ORIENTED_EDGE('',*,*,#9937,.F.);
#9937 = EDGE_CURVE('',#9938,#9910,#9940,.T.);
#9938 = VERTEX_POINT('',#9939);
#9939 = CARTESIAN_POINT('',(-4.3,31.,3.));
#9940 = SURFACE_CURVE('',#9941,(#9945,#9951),.PCURVE_S1.);
#9941 = LINE('',#9942,#9943);
#9942 = CARTESIAN_POINT('',(-4.3,39.5,3.));
#9943 = VECTOR('',#9944,1.);
#9944 = DIRECTION('',(1.110223024625E-16,1.,-0.));
#9945 = PCURVE('',#8258,#9946);
#9946 = DEFINITIONAL_REPRESENTATION('',(#9947),#9950);
#9947 = B_SPLINE_CURVE_WITH_KNOTS('',1,(#9948,#9949),.UNSPECIFIED.,.F.,
  .F.,(2,2),(-8.5,11.5),.PIECEWISE_BEZIER_KNOTS.);
#9948 = CARTESIAN_POINT('',(4.7,3.));
#9949 = CARTESIAN_POINT('',(4.7,23.));
#9950 = ( GEOMETRIC_REPRESENTATION_CONTEXT(2) 
PARAMETRIC_REPRESENTATION_CONTEXT() REPRESENTATION_CONTEXT('2D SPACE',''
  ) );
#9951 = PCURVE('',#8655,#9952);
#9952 = DEFINITIONAL_REPRESENTATION('',(#9953),#9956);
#9953 = B_SPLINE_CURVE_WITH_KNOTS('',1,(#9954,#9955),.UNSPECIFIED.,.F.,
  .F.,(2,2),(-8.5,11.5),.PIECEWISE_BEZIER_KNOTS.);
#9954 = CARTESIAN_POINT('',(20.,-3.));
#9955 = CARTESIAN_POINT('',(0.,-3.));
#9956 = ( GEOMETRIC_REPRESENTATION_CONTEXT(2) 
PARAMETRIC_REPRESENTATION_CONTEXT() REPRESENTATION_CONTEXT('2D SPACE',''
  ) );
#9957 = ORIENTED_EDGE('',*,*,#9958,.T.);
#9958 = EDGE_CURVE('',#9938,#9889,#9959,.T.);
#9959 = SURFACE_CURVE('',#9960,(#9965,#9976),.PCURVE_S1.);
#9960 = CIRCLE('',#9961,1.7);
#9961 = AXIS2_PLACEMENT_3D('',#9962,#9963,#9964);
#9962 = CARTESIAN_POINT('',(-6.,31.,3.));
#9963 = DIRECTION('',(0.,-0.,-1.));
#9964 = DIRECTION('',(1.,-1.110223024625E-16,0.));
#9965 = PCURVE('',#8258,#9966);
#9966 = DEFINITIONAL_REPRESENTATION('',(#9967),#9975);
#9967 = ( BOUNDED_CURVE() B_SPLINE_CURVE(2,(#9968,#9969,#9970,#9971,
#9972,#9973,#9974),.UNSPECIFIED.,.T.,.F.) B_SPLINE_CURVE_WITH_KNOTS((1,2
    ,2,2,2,1),(-2.094395102393,0.,2.094395102393,4.188790204786,
6.28318530718,8.377580409573),.UNSPECIFIED.) CURVE() 
GEOMETRIC_REPRESENTATION_ITEM() RATIONAL_B_SPLINE_CURVE((1.,0.5,1.,0.5,
1.,0.5,1.)) REPRESENTATION_ITEM('') );
#9968 = CARTESIAN_POINT('',(4.7,3.));
#9969 = CARTESIAN_POINT('',(4.7,5.551362713291E-02));
#9970 = CARTESIAN_POINT('',(2.15,1.527756813566));
#9971 = CARTESIAN_POINT('',(-0.4,3.));
#9972 = CARTESIAN_POINT('',(2.15,4.472243186434));
#9973 = CARTESIAN_POINT('',(4.7,5.944486372867));
#9974 = CARTESIAN_POINT('',(4.7,3.));
#9975 = ( GEOMETRIC_REPRESENTATION_CONTEXT(2) 
PARAMETRIC_REPRESENTATION_CONTEXT() REPRESENTATION_CONTEXT('2D SPACE',''
  ) );
#9976 = PCURVE('',#8568,#9977);
#9977 = DEFINITIONAL_REPRESENTATION('',(#9978),#9982);
#9978 = LINE('',#9979,#9980);
#9979 = CARTESIAN_POINT('',(0.,-3.));
#9980 = VECTOR('',#9981,1.);
#9981 = DIRECTION('',(1.,0.));
#9982 = ( GEOMETRIC_REPRESENTATION_CONTEXT(2) 
PARAMETRIC_REPRESENTATION_CONTEXT() REPRESENTATION_CONTEXT('2D SPACE',''
  ) );
#9983 = ADVANCED_FACE('',(#9984),#8230,.F.);
#9984 = FACE_BOUND('',#9985,.F.);
#9985 = EDGE_LOOP('',(#9986,#10204,#10228,#10249,#10250));
#9986 = ORIENTED_EDGE('',*,*,#9987,.T.);
#9987 = EDGE_CURVE('',#8187,#9988,#9990,.T.);
#9988 = VERTEX_POINT('',#9989);
#9989 = CARTESIAN_POINT('',(-8.4,28.3,-5.551115123126E-17));
#9990 = SURFACE_CURVE('',#9991,(#10060,#10132),.PCURVE_S1.);
#9991 = B_SPLINE_CURVE_WITH_KNOTS('',7,(#9992,#9993,#9994,#9995,#9996,
    #9997,#9998,#9999,#10000,#10001,#10002,#10003,#10004,#10005,#10006,
    #10007,#10008,#10009,#10010,#10011,#10012,#10013,#10014,#10015,
    #10016,#10017,#10018,#10019,#10020,#10021,#10022,#10023,#10024,
    #10025,#10026,#10027,#10028,#10029,#10030,#10031,#10032,#10033,
    #10034,#10035,#10036,#10037,#10038,#10039,#10040,#10041,#10042,
    #10043,#10044,#10045,#10046,#10047,#10048,#10049,#10050,#10051,
    #10052,#10053,#10054,#10055,#10056,#10057,#10058,#10059),
  .UNSPECIFIED.,.F.,.F.,(8,6,6,6,6,6,6,6,6,6,6,8),(0.,6.387050105226E-04
    ,1.277409838862E-03,1.894090019667E-03,2.532793960688E-03,
    3.171497180531E-03,3.810199497439E-03,4.448900729439E-03,
    5.087600694719E-03,5.594154818488E-03,0.72829151958,1.),
  .UNSPECIFIED.);
#9992 = CARTESIAN_POINT('',(-9.,29.5,0.6));
#9993 = CARTESIAN_POINT('',(-9.,29.499879421154,0.599923739248));
#9994 = CARTESIAN_POINT('',(-8.999999988692,29.499758842313,
    0.599847478491));
#9995 = CARTESIAN_POINT('',(-8.999999966075,29.499638263474,
    0.599771217735));
#9996 = CARTESIAN_POINT('',(-8.99999993215,29.499517684636,
    0.599694956982));
#9997 = CARTESIAN_POINT('',(-8.999999886917,29.499397105798,
    0.599618696234));
#9998 = CARTESIAN_POINT('',(-8.999999830375,29.499276526961,
    0.599542435493));
#9999 = CARTESIAN_POINT('',(-8.999999694676,29.49903536933,
    0.599389914042));
#10000 = CARTESIAN_POINT('',(-8.999999615517,29.498914790534,
    0.599313653334));
#10001 = CARTESIAN_POINT('',(-8.999999525051,29.498794211742,
    0.599237392633));
#10002 = CARTESIAN_POINT('',(-8.999999423276,29.498673632955,
    0.599161131942));
#10003 = CARTESIAN_POINT('',(-8.999999310193,29.498553054172,
    0.599084871261));
#10004 = CARTESIAN_POINT('',(-8.999999185802,29.498432475395,
    0.599008610592));
#10005 = CARTESIAN_POINT('',(-8.999998919082,29.498195475806,
    0.598858718997));
#10006 = CARTESIAN_POINT('',(-8.99999877752,29.498079054994,
    0.598785088072));
#10007 = CARTESIAN_POINT('',(-8.999998625415,29.497962634189,
    0.598711457159));
#10008 = CARTESIAN_POINT('',(-8.99999846277,29.497846213389,
    0.598637826261));
#10009 = CARTESIAN_POINT('',(-8.999998289582,29.497729792598,
    0.598564195378));
#10010 = CARTESIAN_POINT('',(-8.999998105852,29.497613371814,
    0.598490564512));
#10011 = CARTESIAN_POINT('',(-8.999997710371,29.497376372478,
    0.598340673206));
#10012 = CARTESIAN_POINT('',(-8.999997497853,29.497255793927,
    0.598264412767));
#10013 = CARTESIAN_POINT('',(-8.999997274027,29.497135215385,
    0.598188152349));
#10014 = CARTESIAN_POINT('',(-8.999997038892,29.497014636854,
    0.598111891952));
#10015 = CARTESIAN_POINT('',(-8.999996792449,29.496894058333,
    0.598035631578));
#10016 = CARTESIAN_POINT('',(-8.999996534698,29.496773479824,
    0.597959371228));
#10017 = CARTESIAN_POINT('',(-8.99999599658,29.496532322966,
    0.597806850667));
#10018 = CARTESIAN_POINT('',(-8.999995716212,29.496411744617,
    0.597730590454));
#10019 = CARTESIAN_POINT('',(-8.999995424537,29.496291166281,
    0.597654330269));
#10020 = CARTESIAN_POINT('',(-8.999995121553,29.496170587958,
    0.597578070112));
#10021 = CARTESIAN_POINT('',(-8.99999480726,29.496050009648,
    0.597501809984));
#10022 = CARTESIAN_POINT('',(-8.99999448166,29.495929431354,
    0.597425549886));
#10023 = CARTESIAN_POINT('',(-8.999993807843,29.495688274964,
    0.597273029864));
#10024 = CARTESIAN_POINT('',(-8.999993459626,29.49556769687,
    0.597196769938));
#10025 = CARTESIAN_POINT('',(-8.999993100101,29.495447118791,
    0.597120510046));
#10026 = CARTESIAN_POINT('',(-8.999992729268,29.495326540729,
    0.597044250188));
#10027 = CARTESIAN_POINT('',(-8.999992347127,29.495205962683,
    0.596967990367));
#10028 = CARTESIAN_POINT('',(-8.999991953677,29.495085384655,
    0.596891730582));
#10029 = CARTESIAN_POINT('',(-8.999991144161,29.494844228839,
    0.596739211219));
#10030 = CARTESIAN_POINT('',(-8.999990728096,29.494723651052,
    0.596662951641));
#10031 = CARTESIAN_POINT('',(-8.999990300722,29.494603073284,
    0.596586692103));
#10032 = CARTESIAN_POINT('',(-8.99998986204,29.494482495534,
    0.596510432605));
#10033 = CARTESIAN_POINT('',(-8.99998941205,29.494361917805,
    0.59643417315));
#10034 = CARTESIAN_POINT('',(-8.999988950751,29.494241340096,
    0.596357913738));
#10035 = CARTESIAN_POINT('',(-8.999988005538,29.494000184959,
    0.596205395156));
#10036 = CARTESIAN_POINT('',(-8.999987521624,29.493879607532,
    0.596129135985));
#10037 = CARTESIAN_POINT('',(-8.999987026402,29.493759030126,
    0.596052876861));
#10038 = CARTESIAN_POINT('',(-8.999986519871,29.493638452742,
    0.595976617784));
#10039 = CARTESIAN_POINT('',(-8.999986002032,29.493517875381,
    0.595900358756));
#10040 = CARTESIAN_POINT('',(-8.999985472885,29.493397298044,
    0.595824099778));
#10041 = CARTESIAN_POINT('',(-8.999984503793,29.493181090641,
    0.595687359755));
#10042 = CARTESIAN_POINT('',(-8.999984068044,29.493085460566,
    0.595626878691));
#10043 = CARTESIAN_POINT('',(-8.999983625182,29.492989830507,
    0.59556639766));
#10044 = CARTESIAN_POINT('',(-8.999983175207,29.492894200463,
    0.595505916663));
#10045 = CARTESIAN_POINT('',(-8.999982718119,29.492798570436,
    0.5954454357));
#10046 = CARTESIAN_POINT('',(-8.999982253917,29.492702940424,
    0.595384954772));
#10047 = CARTESIAN_POINT('',(-8.999309361659,29.356172639819,
    0.509036790679));
#10048 = CARTESIAN_POINT('',(-8.984161023003,29.220352841123,
    0.423187897442));
#10049 = CARTESIAN_POINT('',(-8.954749012451,29.085319732771,
    0.3392034941));
#10050 = CARTESIAN_POINT('',(-8.910499668969,28.951619298399,
    0.258679435651));
#10051 = CARTESIAN_POINT('',(-8.850571923577,28.820708090722,
    0.184287462073));
#10052 = CARTESIAN_POINT('',(-8.774439494233,28.695020717607,
    0.119809237628));
#10053 = CARTESIAN_POINT('',(-8.648399157193,28.53339998668,
    5.24392739007E-02));
#10054 = CARTESIAN_POINT('',(-8.611682795755,28.490285322245,
    3.617598927791E-02));
#10055 = CARTESIAN_POINT('',(-8.572812584582,28.448522428564,
    2.243283615811E-02));
#10056 = CARTESIAN_POINT('',(-8.53196110463,28.40838668689,
    1.157956101869E-02));
#10057 = CARTESIAN_POINT('',(-8.489348587436,28.370121726916,
    3.981117573457E-03));
#10058 = CARTESIAN_POINT('',(-8.445248497411,28.333936373059,
    -5.44966777961E-17));
#10059 = CARTESIAN_POINT('',(-8.4,28.3,-1.110223024625E-16));
#10060 = PCURVE('',#8230,#10061);
#10061 = DEFINITIONAL_REPRESENTATION('',(#10062),#10131);
#10062 = B_SPLINE_CURVE_WITH_KNOTS('',7,(#10063,#10064,#10065,#10066,
    #10067,#10068,#10069,#10070,#10071,#10072,#10073,#10074,#10075,
    #10076,#10077,#10078,#10079,#10080,#10081,#10082,#10083,#10084,
    #10085,#10086,#10087,#10088,#10089,#10090,#10091,#10092,#10093,
    #10094,#10095,#10096,#10097,#10098,#10099,#10100,#10101,#10102,
    #10103,#10104,#10105,#10106,#10107,#10108,#10109,#10110,#10111,
    #10112,#10113,#10114,#10115,#10116,#10117,#10118,#10119,#10120,
    #10121,#10122,#10123,#10124,#10125,#10126,#10127,#10128,#10129,
    #10130),.UNSPECIFIED.,.F.,.F.,(8,6,6,6,6,6,6,6,6,6,6,8),(0.,
    6.387050105226E-04,1.277409838862E-03,1.894090019667E-03,
    2.532793960688E-03,3.171497180531E-03,3.810199497439E-03,
    4.448900729439E-03,5.087600694719E-03,5.594154818488E-03,
    0.72829151958,1.),.UNSPECIFIED.);
#10063 = CARTESIAN_POINT('',(0.,0.6));
#10064 = CARTESIAN_POINT('',(8.03858972833E-05,0.599923739248));
#10065 = CARTESIAN_POINT('',(1.607717912051E-04,0.599847478491));
#10066 = CARTESIAN_POINT('',(2.411576846396E-04,0.599771217735));
#10067 = CARTESIAN_POINT('',(3.215435795106E-04,0.599694956982));
#10068 = CARTESIAN_POINT('',(4.019294767915E-04,0.599618696234));
#10069 = CARTESIAN_POINT('',(4.823153765054E-04,0.599542435493));
#10070 = CARTESIAN_POINT('',(6.430871560161E-04,0.599389914042));
#10071 = CARTESIAN_POINT('',(7.234730365804E-04,0.599313653334));
#10072 = CARTESIAN_POINT('',(8.03858919811E-04,0.599237392633));
#10073 = CARTESIAN_POINT('',(8.842448061256E-04,0.599161131942));
#10074 = CARTESIAN_POINT('',(9.646306959668E-04,0.599084871261));
#10075 = CARTESIAN_POINT('',(1.045016589802E-03,0.599008610592));
#10076 = CARTESIAN_POINT('',(1.203016415733E-03,0.598858718997));
#10077 = CARTESIAN_POINT('',(1.280630347508E-03,0.598785088072));
#10078 = CARTESIAN_POINT('',(1.358244283825E-03,0.598711457159));
#10079 = CARTESIAN_POINT('',(1.435858225074E-03,0.598637826261));
#10080 = CARTESIAN_POINT('',(1.513472171657E-03,0.598564195378));
#10081 = CARTESIAN_POINT('',(1.591086123984E-03,0.598490564512));
#10082 = CARTESIAN_POINT('',(1.749085901114E-03,0.598340673206));
#10083 = CARTESIAN_POINT('',(1.829471726353E-03,0.598264412767));
#10084 = CARTESIAN_POINT('',(1.909857558633E-03,0.598188152349));
#10085 = CARTESIAN_POINT('',(1.990243398391E-03,0.598111891952));
#10086 = CARTESIAN_POINT('',(2.070629246071E-03,0.598035631578));
#10087 = CARTESIAN_POINT('',(2.151015102121E-03,0.597959371228));
#10088 = CARTESIAN_POINT('',(2.311786741102E-03,0.597806850667));
#10089 = CARTESIAN_POINT('',(2.392172524029E-03,0.597730590454));
#10090 = CARTESIAN_POINT('',(2.472558316218E-03,0.597654330269));
#10091 = CARTESIAN_POINT('',(2.55294411811E-03,0.597578070112));
#10092 = CARTESIAN_POINT('',(2.633329930153E-03,0.597501809984));
#10093 = CARTESIAN_POINT('',(2.713715752793E-03,0.597425549886));
#10094 = CARTESIAN_POINT('',(2.874487306529E-03,0.597273029864));
#10095 = CARTESIAN_POINT('',(2.954873037623E-03,0.597196769938));
#10096 = CARTESIAN_POINT('',(3.035258780204E-03,0.597120510046));
#10097 = CARTESIAN_POINT('',(3.115644534714E-03,0.597044250188));
#10098 = CARTESIAN_POINT('',(3.196030301597E-03,0.596967990367));
#10099 = CARTESIAN_POINT('',(3.276416081301E-03,0.596891730582));
#10100 = CARTESIAN_POINT('',(3.437187530707E-03,0.596739211219));
#10101 = CARTESIAN_POINT('',(3.517573200406E-03,0.596662951641));
#10102 = CARTESIAN_POINT('',(3.597958883815E-03,0.596586692103));
#10103 = CARTESIAN_POINT('',(3.678344581381E-03,0.596510432605));
#10104 = CARTESIAN_POINT('',(3.758730293547E-03,0.59643417315));
#10105 = CARTESIAN_POINT('',(3.839116020758E-03,0.596357913738));
#10106 = CARTESIAN_POINT('',(3.999887346737E-03,0.596205395156));
#10107 = CARTESIAN_POINT('',(4.080272945506E-03,0.596129135985));
#10108 = CARTESIAN_POINT('',(4.16065856021E-03,0.596052876861));
#10109 = CARTESIAN_POINT('',(4.241044191293E-03,0.595976617784));
#10110 = CARTESIAN_POINT('',(4.3214298392E-03,0.595900358756));
#10111 = CARTESIAN_POINT('',(4.401815504377E-03,0.595824099778));
#10112 = CARTESIAN_POINT('',(4.545955221047E-03,0.595687359755));
#10113 = CARTESIAN_POINT('',(4.609709265969E-03,0.595626878691));
#10114 = CARTESIAN_POINT('',(4.673463322256E-03,0.59556639766));
#10115 = CARTESIAN_POINT('',(4.737217390126E-03,0.595505916663));
#10116 = CARTESIAN_POINT('',(4.800971469804E-03,0.5954454357));
#10117 = CARTESIAN_POINT('',(4.86472556151E-03,0.595384954772));
#10118 = CARTESIAN_POINT('',(9.588603141277E-02,0.509036790679));
#10119 = CARTESIAN_POINT('',(0.186481727696,0.423187897442));
#10120 = CARTESIAN_POINT('',(0.277825928728,0.3392034941));
#10121 = CARTESIAN_POINT('',(0.370753709929,0.258679435651));
#10122 = CARTESIAN_POINT('',(0.465744600311,0.184287462073));
#10123 = CARTESIAN_POINT('',(0.563031097415,0.119809237628));
#10124 = CARTESIAN_POINT('',(0.699669187478,5.24392739007E-02));
#10125 = CARTESIAN_POINT('',(0.7373875156,3.617598927791E-02));
#10126 = CARTESIAN_POINT('',(0.775363305121,2.243283615811E-02));
#10127 = CARTESIAN_POINT('',(0.81347368519,1.157956101869E-02));
#10128 = CARTESIAN_POINT('',(0.851593960078,3.981117573457E-03));
#10129 = CARTESIAN_POINT('',(0.889588136825,-5.44966777961E-17));
#10130 = CARTESIAN_POINT('',(0.927295218002,-1.110223024625E-16));
#10131 = ( GEOMETRIC_REPRESENTATION_CONTEXT(2) 
PARAMETRIC_REPRESENTATION_CONTEXT() REPRESENTATION_CONTEXT('2D SPACE',''
  ) );
#10132 = PCURVE('',#8202,#10133);
#10133 = DEFINITIONAL_REPRESENTATION('',(#10134),#10203);
#10134 = B_SPLINE_CURVE_WITH_KNOTS('',7,(#10135,#10136,#10137,#10138,
    #10139,#10140,#10141,#10142,#10143,#10144,#10145,#10146,#10147,
    #10148,#10149,#10150,#10151,#10152,#10153,#10154,#10155,#10156,
    #10157,#10158,#10159,#10160,#10161,#10162,#10163,#10164,#10165,
    #10166,#10167,#10168,#10169,#10170,#10171,#10172,#10173,#10174,
    #10175,#10176,#10177,#10178,#10179,#10180,#10181,#10182,#10183,
    #10184,#10185,#10186,#10187,#10188,#10189,#10190,#10191,#10192,
    #10193,#10194,#10195,#10196,#10197,#10198,#10199,#10200,#10201,
    #10202),.UNSPECIFIED.,.F.,.F.,(8,6,6,6,6,6,6,6,6,6,6,8),(0.,
    6.387050105226E-04,1.277409838862E-03,1.894090019667E-03,
    2.532793960688E-03,3.171497180531E-03,3.810199497439E-03,
    4.448900729439E-03,5.087600694719E-03,5.594154818488E-03,
    0.72829151958,1.),.UNSPECIFIED.);
#10135 = CARTESIAN_POINT('',(0.,22.5));
#10136 = CARTESIAN_POINT('',(1.271012538141E-04,22.500120578846));
#10137 = CARTESIAN_POINT('',(2.542025144228E-04,22.500241157687));
#10138 = CARTESIAN_POINT('',(3.813037781219E-04,22.500361736526));
#10139 = CARTESIAN_POINT('',(5.084050431282E-04,22.500482315364));
#10140 = CARTESIAN_POINT('',(6.355063095796E-04,22.500602894202));
#10141 = CARTESIAN_POINT('',(7.626075795348E-04,22.500723473039));
#10142 = CARTESIAN_POINT('',(1.016810098159E-03,22.50096463067));
#10143 = CARTESIAN_POINT('',(1.14391134527E-03,22.501085209466));
#10144 = CARTESIAN_POINT('',(1.271012599624E-03,22.501205788258));
#10145 = CARTESIAN_POINT('',(1.398113862483E-03,22.501326367045));
#10146 = CARTESIAN_POINT('',(1.52521513506E-03,22.501446945828));
#10147 = CARTESIAN_POINT('',(1.652316418512E-03,22.501567524605));
#10148 = CARTESIAN_POINT('',(1.902136137814E-03,22.501804524194));
#10149 = CARTESIAN_POINT('',(2.024854572889E-03,22.501920945006));
#10150 = CARTESIAN_POINT('',(2.147573020303E-03,22.502037365811));
#10151 = CARTESIAN_POINT('',(2.270291481166E-03,22.502153786611));
#10152 = CARTESIAN_POINT('',(2.39300995656E-03,22.502270207402));
#10153 = CARTESIAN_POINT('',(2.515728447546E-03,22.502386628186));
#10154 = CARTESIAN_POINT('',(2.765548160761E-03,22.502623627522));
#10155 = CARTESIAN_POINT('',(2.892649384221E-03,22.502744206073));
#10156 = CARTESIAN_POINT('',(3.019750626774E-03,22.502864784615));
#10157 = CARTESIAN_POINT('',(3.146851889638E-03,22.502985363146));
#10158 = CARTESIAN_POINT('',(3.273953174022E-03,22.503105941667));
#10159 = CARTESIAN_POINT('',(3.401054481126E-03,22.503226520176));
#10160 = CARTESIAN_POINT('',(3.655256999631E-03,22.503467677034));
#10161 = CARTESIAN_POINT('',(3.782358211035E-03,22.503588255383));
#10162 = CARTESIAN_POINT('',(3.909459447568E-03,22.503708833719));
#10163 = CARTESIAN_POINT('',(4.03656071044E-03,22.503829412042));
#10164 = CARTESIAN_POINT('',(4.163662000857E-03,22.503949990352));
#10165 = CARTESIAN_POINT('',(4.290763320017E-03,22.504070568646));
#10166 = CARTESIAN_POINT('',(4.544965838515E-03,22.504311725036));
#10167 = CARTESIAN_POINT('',(4.67206703786E-03,22.50443230313));
#10168 = CARTESIAN_POINT('',(4.799168268361E-03,22.504552881209));
#10169 = CARTESIAN_POINT('',(4.926269531228E-03,22.504673459271));
#10170 = CARTESIAN_POINT('',(5.053370827668E-03,22.504794037317));
#10171 = CARTESIAN_POINT('',(5.180472158887E-03,22.504914615345));
#10172 = CARTESIAN_POINT('',(5.434674677392E-03,22.505155771161));
#10173 = CARTESIAN_POINT('',(5.561775864678E-03,22.505276348948));
#10174 = CARTESIAN_POINT('',(5.688877089152E-03,22.505396926716));
#10175 = CARTESIAN_POINT('',(5.815978352022E-03,22.505517504466));
#10176 = CARTESIAN_POINT('',(5.943079654494E-03,22.505638082195));
#10177 = CARTESIAN_POINT('',(6.070180997772E-03,22.505758659904));
#10178 = CARTESIAN_POINT('',(6.32438351627E-03,22.505999815041));
#10179 = CARTESIAN_POINT('',(6.451484691498E-03,22.506120392468));
#10180 = CARTESIAN_POINT('',(6.578585909943E-03,22.506240969874));
#10181 = CARTESIAN_POINT('',(6.705687172811E-03,22.506361547258));
#10182 = CARTESIAN_POINT('',(6.83278848131E-03,22.506482124619));
#10183 = CARTESIAN_POINT('',(6.959889836646E-03,22.506602701956));
#10184 = CARTESIAN_POINT('',(7.187795598137E-03,22.506818909359));
#10185 = CARTESIAN_POINT('',(7.28859998646E-03,22.506914539434));
#10186 = CARTESIAN_POINT('',(7.389404405607E-03,22.507010169493));
#10187 = CARTESIAN_POINT('',(7.490208856179E-03,22.507105799537));
#10188 = CARTESIAN_POINT('',(7.591013338778E-03,22.507201429564));
#10189 = CARTESIAN_POINT('',(7.691817854005E-03,22.507297059576));
#10190 = CARTESIAN_POINT('',(0.15160979436,22.643827360181));
#10191 = CARTESIAN_POINT('',(0.294881282725,22.779647158877));
#10192 = CARTESIAN_POINT('',(0.440103318146,22.914680267229));
#10193 = CARTESIAN_POINT('',(0.58926355455,23.048380701601));
#10194 = CARTESIAN_POINT('',(0.744246300457,23.179291909278));
#10195 = CARTESIAN_POINT('',(0.906812818438,23.304979282393));
#10196 = CARTESIAN_POINT('',(1.145005542543,23.46660001332));
#10197 = CARTESIAN_POINT('',(1.211751286143,23.509714677755));
#10198 = CARTESIAN_POINT('',(1.280132868308,23.551477571436));
#10199 = CARTESIAN_POINT('',(1.350160886517,23.59161331311));
#10200 = CARTESIAN_POINT('',(1.421881911786,23.629878273084));
#10201 = CARTESIAN_POINT('',(1.495382164443,23.666063626941));
#10202 = CARTESIAN_POINT('',(1.570796326795,23.7));
#10203 = ( GEOMETRIC_REPRESENTATION_CONTEXT(2) 
PARAMETRIC_REPRESENTATION_CONTEXT() REPRESENTATION_CONTEXT('2D SPACE',''
  ) );
#10204 = ORIENTED_EDGE('',*,*,#10205,.T.);
#10205 = EDGE_CURVE('',#9988,#10206,#10208,.T.);
#10206 = VERTEX_POINT('',#10207);
#10207 = CARTESIAN_POINT('',(-7.5,28.,0.));
#10208 = SURFACE_CURVE('',#10209,(#10214,#10221),.PCURVE_S1.);
#10209 = CIRCLE('',#10210,1.5);
#10210 = AXIS2_PLACEMENT_3D('',#10211,#10212,#10213);
#10211 = CARTESIAN_POINT('',(-7.5,29.5,0.));
#10212 = DIRECTION('',(0.,0.,1.));
#10213 = DIRECTION('',(0.,-1.,0.));
#10214 = PCURVE('',#8230,#10215);
#10215 = DEFINITIONAL_REPRESENTATION('',(#10216),#10220);
#10216 = LINE('',#10217,#10218);
#10217 = CARTESIAN_POINT('',(-4.712388980385,0.));
#10218 = VECTOR('',#10219,1.);
#10219 = DIRECTION('',(1.,0.));
#10220 = ( GEOMETRIC_REPRESENTATION_CONTEXT(2) 
PARAMETRIC_REPRESENTATION_CONTEXT() REPRESENTATION_CONTEXT('2D SPACE',''
  ) );
#10221 = PCURVE('',#9516,#10222);
#10222 = DEFINITIONAL_REPRESENTATION('',(#10223),#10227);
#10223 = CIRCLE('',#10224,1.5);
#10224 = AXIS2_PLACEMENT_2D('',#10225,#10226);
#10225 = CARTESIAN_POINT('',(-7.5,0.35278086984));
#10226 = DIRECTION('',(0.,-1.));
#10227 = ( GEOMETRIC_REPRESENTATION_CONTEXT(2) 
PARAMETRIC_REPRESENTATION_CONTEXT() REPRESENTATION_CONTEXT('2D SPACE',''
  ) );
#10228 = ORIENTED_EDGE('',*,*,#10229,.T.);
#10229 = EDGE_CURVE('',#10206,#9721,#10230,.T.);
#10230 = SURFACE_CURVE('',#10231,(#10235,#10242),.PCURVE_S1.);
#10231 = LINE('',#10232,#10233);
#10232 = CARTESIAN_POINT('',(-7.5,28.,0.));
#10233 = VECTOR('',#10234,1.);
#10234 = DIRECTION('',(0.,0.,1.));
#10235 = PCURVE('',#8230,#10236);
#10236 = DEFINITIONAL_REPRESENTATION('',(#10237),#10241);
#10237 = LINE('',#10238,#10239);
#10238 = CARTESIAN_POINT('',(1.570796326795,0.));
#10239 = VECTOR('',#10240,1.);
#10240 = DIRECTION('',(0.,1.));
#10241 = ( GEOMETRIC_REPRESENTATION_CONTEXT(2) 
PARAMETRIC_REPRESENTATION_CONTEXT() REPRESENTATION_CONTEXT('2D SPACE',''
  ) );
#10242 = PCURVE('',#9760,#10243);
#10243 = DEFINITIONAL_REPRESENTATION('',(#10244),#10248);
#10244 = LINE('',#10245,#10246);
#10245 = CARTESIAN_POINT('',(0.,1.5));
#10246 = VECTOR('',#10247,1.);
#10247 = DIRECTION('',(1.,0.));
#10248 = ( GEOMETRIC_REPRESENTATION_CONTEXT(2) 
PARAMETRIC_REPRESENTATION_CONTEXT() REPRESENTATION_CONTEXT('2D SPACE',''
  ) );
#10249 = ORIENTED_EDGE('',*,*,#9720,.F.);
#10250 = ORIENTED_EDGE('',*,*,#8214,.F.);
#10251 = ADVANCED_FACE('',(#10252),#8202,.T.);
#10252 = FACE_BOUND('',#10253,.T.);
#10253 = EDGE_LOOP('',(#10254,#10255,#10256,#10277));
#10254 = ORIENTED_EDGE('',*,*,#8186,.F.);
#10255 = ORIENTED_EDGE('',*,*,#9987,.T.);
#10256 = ORIENTED_EDGE('',*,*,#10257,.T.);
#10257 = EDGE_CURVE('',#9988,#9532,#10258,.T.);
#10258 = SURFACE_CURVE('',#10259,(#10263,#10270),.PCURVE_S1.);
#10259 = LINE('',#10260,#10261);
#10260 = CARTESIAN_POINT('',(-8.4,52.,-1.110223024625E-16));
#10261 = VECTOR('',#10262,1.);
#10262 = DIRECTION('',(-4.332577657074E-17,-1.,0.));
#10263 = PCURVE('',#8202,#10264);
#10264 = DEFINITIONAL_REPRESENTATION('',(#10265),#10269);
#10265 = LINE('',#10266,#10267);
#10266 = CARTESIAN_POINT('',(1.570796326795,0.));
#10267 = VECTOR('',#10268,1.);
#10268 = DIRECTION('',(0.,1.));
#10269 = ( GEOMETRIC_REPRESENTATION_CONTEXT(2) 
PARAMETRIC_REPRESENTATION_CONTEXT() REPRESENTATION_CONTEXT('2D SPACE',''
  ) );
#10270 = PCURVE('',#9516,#10271);
#10271 = DEFINITIONAL_REPRESENTATION('',(#10272),#10276);
#10272 = LINE('',#10273,#10274);
#10273 = CARTESIAN_POINT('',(-8.4,22.85278086984));
#10274 = VECTOR('',#10275,1.);
#10275 = DIRECTION('',(-4.332577657074E-17,-1.));
#10276 = ( GEOMETRIC_REPRESENTATION_CONTEXT(2) 
PARAMETRIC_REPRESENTATION_CONTEXT() REPRESENTATION_CONTEXT('2D SPACE',''
  ) );
#10277 = ORIENTED_EDGE('',*,*,#9531,.F.);
#10278 = ADVANCED_FACE('',(#10279),#8416,.T.);
#10279 = FACE_BOUND('',#10280,.T.);
#10280 = EDGE_LOOP('',(#10281,#10301,#10302,#10303));
#10281 = ORIENTED_EDGE('',*,*,#10282,.T.);
#10282 = EDGE_CURVE('',#9049,#8401,#10283,.T.);
#10283 = SURFACE_CURVE('',#10284,(#10289,#10295),.PCURVE_S1.);
#10284 = CIRCLE('',#10285,0.7);
#10285 = AXIS2_PLACEMENT_3D('',#10286,#10287,#10288);
#10286 = CARTESIAN_POINT('',(8.3,52.000000000351,7.3));
#10287 = DIRECTION('',(-5.011572763676E-10,-1.,0.));
#10288 = DIRECTION('',(1.,-5.011572763676E-10,-0.));
#10289 = PCURVE('',#8416,#10290);
#10290 = DEFINITIONAL_REPRESENTATION('',(#10291),#10294);
#10291 = B_SPLINE_CURVE_WITH_KNOTS('',1,(#10292,#10293),.UNSPECIFIED.,
  .F.,.F.,(2,2),(0.,1.570796326795),.PIECEWISE_BEZIER_KNOTS.);
#10292 = CARTESIAN_POINT('',(0.,0.));
#10293 = CARTESIAN_POINT('',(1.570796326795,0.));
#10294 = ( GEOMETRIC_REPRESENTATION_CONTEXT(2) 
PARAMETRIC_REPRESENTATION_CONTEXT() REPRESENTATION_CONTEXT('2D SPACE',''
  ) );
#10295 = PCURVE('',#8449,#10296);
#10296 = DEFINITIONAL_REPRESENTATION('',(#10297),#10300);
#10297 = B_SPLINE_CURVE_WITH_KNOTS('',1,(#10298,#10299),.UNSPECIFIED.,
  .F.,.F.,(2,2),(0.,1.570796326795),.PIECEWISE_BEZIER_KNOTS.);
#10298 = CARTESIAN_POINT('',(-1.570796327797,0.));
#10299 = CARTESIAN_POINT('',(-1.570796327797,1.570796326795));
#10300 = ( GEOMETRIC_REPRESENTATION_CONTEXT(2) 
PARAMETRIC_REPRESENTATION_CONTEXT() REPRESENTATION_CONTEXT('2D SPACE',''
  ) );
#10301 = ORIENTED_EDGE('',*,*,#8400,.T.);
#10302 = ORIENTED_EDGE('',*,*,#8794,.F.);
#10303 = ORIENTED_EDGE('',*,*,#9183,.F.);
#10304 = ADVANCED_FACE('',(#10305),#8510,.T.);
#10305 = FACE_BOUND('',#10306,.F.);
#10306 = EDGE_LOOP('',(#10307,#10308,#10309,#10329));
#10307 = ORIENTED_EDGE('',*,*,#9613,.F.);
#10308 = ORIENTED_EDGE('',*,*,#9694,.T.);
#10309 = ORIENTED_EDGE('',*,*,#10310,.T.);
#10310 = EDGE_CURVE('',#9667,#8462,#10311,.T.);
#10311 = SURFACE_CURVE('',#10312,(#10317,#10323),.PCURVE_S1.);
#10312 = CIRCLE('',#10313,0.7);
#10313 = AXIS2_PLACEMENT_3D('',#10314,#10315,#10316);
#10314 = CARTESIAN_POINT('',(-6.000000000351,54.3,7.3));
#10315 = DIRECTION('',(1.,-5.011552039512E-10,0.));
#10316 = DIRECTION('',(5.011552039512E-10,1.,0.));
#10317 = PCURVE('',#8510,#10318);
#10318 = DEFINITIONAL_REPRESENTATION('',(#10319),#10322);
#10319 = B_SPLINE_CURVE_WITH_KNOTS('',1,(#10320,#10321),.UNSPECIFIED.,
  .F.,.F.,(2,2),(0.,1.570796326795),.PIECEWISE_BEZIER_KNOTS.);
#10320 = CARTESIAN_POINT('',(-1.570796327797,0.));
#10321 = CARTESIAN_POINT('',(-1.570796327797,1.570796326795));
#10322 = ( GEOMETRIC_REPRESENTATION_CONTEXT(2) 
PARAMETRIC_REPRESENTATION_CONTEXT() REPRESENTATION_CONTEXT('2D SPACE',''
  ) );
#10323 = PCURVE('',#8477,#10324);
#10324 = DEFINITIONAL_REPRESENTATION('',(#10325),#10328);
#10325 = B_SPLINE_CURVE_WITH_KNOTS('',1,(#10326,#10327),.UNSPECIFIED.,
  .F.,.F.,(2,2),(0.,1.570796326795),.PIECEWISE_BEZIER_KNOTS.);
#10326 = CARTESIAN_POINT('',(0.,0.));
#10327 = CARTESIAN_POINT('',(1.570796326795,0.));
#10328 = ( GEOMETRIC_REPRESENTATION_CONTEXT(2) 
PARAMETRIC_REPRESENTATION_CONTEXT() REPRESENTATION_CONTEXT('2D SPACE',''
  ) );
#10329 = ORIENTED_EDGE('',*,*,#8489,.F.);
#10330 = ADVANCED_FACE('',(#10331),#8449,.T.);
#10331 = FACE_BOUND('',#10332,.F.);
#10332 = EDGE_LOOP('',(#10333,#10355,#10377,#10378));
#10333 = ORIENTED_EDGE('',*,*,#10334,.F.);
#10334 = EDGE_CURVE('',#10335,#8429,#10337,.T.);
#10335 = VERTEX_POINT('',#10336);
#10336 = CARTESIAN_POINT('',(6.,55.,7.3));
#10337 = SURFACE_CURVE('',#10338,(#10343,#10349),.PCURVE_S1.);
#10338 = CIRCLE('',#10339,0.7);
#10339 = AXIS2_PLACEMENT_3D('',#10340,#10341,#10342);
#10340 = CARTESIAN_POINT('',(6.,54.3,7.3));
#10341 = DIRECTION('',(1.,0.,-0.));
#10342 = DIRECTION('',(0.,1.,0.));
#10343 = PCURVE('',#8449,#10344);
#10344 = DEFINITIONAL_REPRESENTATION('',(#10345),#10348);
#10345 = B_SPLINE_CURVE_WITH_KNOTS('',1,(#10346,#10347),.UNSPECIFIED.,
  .F.,.F.,(2,2),(0.,1.570796326795),.PIECEWISE_BEZIER_KNOTS.);
#10346 = CARTESIAN_POINT('',(0.,0.));
#10347 = CARTESIAN_POINT('',(0.,1.570796326795));
#10348 = ( GEOMETRIC_REPRESENTATION_CONTEXT(2) 
PARAMETRIC_REPRESENTATION_CONTEXT() REPRESENTATION_CONTEXT('2D SPACE',''
  ) );
#10349 = PCURVE('',#8477,#10350);
#10350 = DEFINITIONAL_REPRESENTATION('',(#10351),#10354);
#10351 = B_SPLINE_CURVE_WITH_KNOTS('',1,(#10352,#10353),.UNSPECIFIED.,
  .F.,.F.,(2,2),(0.,1.570796326795),.PIECEWISE_BEZIER_KNOTS.);
#10352 = CARTESIAN_POINT('',(0.,12.));
#10353 = CARTESIAN_POINT('',(1.570796326795,12.));
#10354 = ( GEOMETRIC_REPRESENTATION_CONTEXT(2) 
PARAMETRIC_REPRESENTATION_CONTEXT() REPRESENTATION_CONTEXT('2D SPACE',''
  ) );
#10355 = ORIENTED_EDGE('',*,*,#10356,.T.);
#10356 = EDGE_CURVE('',#10335,#9049,#10357,.T.);
#10357 = SURFACE_CURVE('',#10358,(#10363,#10370),.PCURVE_S1.);
#10358 = CIRCLE('',#10359,2.999999998497);
#10359 = AXIS2_PLACEMENT_3D('',#10360,#10361,#10362);
#10360 = CARTESIAN_POINT('',(6.000000001503,52.000000001503,7.3));
#10361 = DIRECTION('',(-0.,0.,-1.));
#10362 = DIRECTION('',(-5.011573381022E-10,1.,0.));
#10363 = PCURVE('',#8449,#10364);
#10364 = DEFINITIONAL_REPRESENTATION('',(#10365),#10369);
#10365 = LINE('',#10366,#10367);
#10366 = CARTESIAN_POINT('',(-0.,0.));
#10367 = VECTOR('',#10368,1.);
#10368 = DIRECTION('',(-1.,0.));
#10369 = ( GEOMETRIC_REPRESENTATION_CONTEXT(2) 
PARAMETRIC_REPRESENTATION_CONTEXT() REPRESENTATION_CONTEXT('2D SPACE',''
  ) );
#10370 = PCURVE('',#9064,#10371);
#10371 = DEFINITIONAL_REPRESENTATION('',(#10372),#10376);
#10372 = LINE('',#10373,#10374);
#10373 = CARTESIAN_POINT('',(-1.570796327797,-7.3));
#10374 = VECTOR('',#10375,1.);
#10375 = DIRECTION('',(1.,-0.));
#10376 = ( GEOMETRIC_REPRESENTATION_CONTEXT(2) 
PARAMETRIC_REPRESENTATION_CONTEXT() REPRESENTATION_CONTEXT('2D SPACE',''
  ) );
#10377 = ORIENTED_EDGE('',*,*,#10282,.T.);
#10378 = ORIENTED_EDGE('',*,*,#8428,.F.);
#10379 = ADVANCED_FACE('',(#10380),#8477,.T.);
#10380 = FACE_BOUND('',#10381,.T.);
#10381 = EDGE_LOOP('',(#10382,#10383,#10384,#10385));
#10382 = ORIENTED_EDGE('',*,*,#10310,.T.);
#10383 = ORIENTED_EDGE('',*,*,#8461,.T.);
#10384 = ORIENTED_EDGE('',*,*,#10334,.F.);
#10385 = ORIENTED_EDGE('',*,*,#10386,.F.);
#10386 = EDGE_CURVE('',#9667,#10335,#10387,.T.);
#10387 = SURFACE_CURVE('',#10388,(#10392,#10399),.PCURVE_S1.);
#10388 = LINE('',#10389,#10390);
#10389 = CARTESIAN_POINT('',(-6.,55.,7.3));
#10390 = VECTOR('',#10391,1.);
#10391 = DIRECTION('',(1.,-0.,-0.));
#10392 = PCURVE('',#8477,#10393);
#10393 = DEFINITIONAL_REPRESENTATION('',(#10394),#10398);
#10394 = LINE('',#10395,#10396);
#10395 = CARTESIAN_POINT('',(0.,0.));
#10396 = VECTOR('',#10397,1.);
#10397 = DIRECTION('',(0.,1.));
#10398 = ( GEOMETRIC_REPRESENTATION_CONTEXT(2) 
PARAMETRIC_REPRESENTATION_CONTEXT() REPRESENTATION_CONTEXT('2D SPACE',''
  ) );
#10399 = PCURVE('',#9682,#10400);
#10400 = DEFINITIONAL_REPRESENTATION('',(#10401),#10405);
#10401 = LINE('',#10402,#10403);
#10402 = CARTESIAN_POINT('',(12.,-7.3));
#10403 = VECTOR('',#10404,1.);
#10404 = DIRECTION('',(-1.,0.));
#10405 = ( GEOMETRIC_REPRESENTATION_CONTEXT(2) 
PARAMETRIC_REPRESENTATION_CONTEXT() REPRESENTATION_CONTEXT('2D SPACE',''
  ) );
#10406 = ADVANCED_FACE('',(#10407),#8568,.F.);
#10407 = FACE_BOUND('',#10408,.F.);
#10408 = EDGE_LOOP('',(#10409,#10410,#10431,#10432));
#10409 = ORIENTED_EDGE('',*,*,#9958,.F.);
#10410 = ORIENTED_EDGE('',*,*,#10411,.T.);
#10411 = EDGE_CURVE('',#9938,#8546,#10412,.T.);
#10412 = SURFACE_CURVE('',#10413,(#10417,#10424),.PCURVE_S1.);
#10413 = LINE('',#10414,#10415);
#10414 = CARTESIAN_POINT('',(-4.3,31.,0.));
#10415 = VECTOR('',#10416,1.);
#10416 = DIRECTION('',(0.,0.,1.));
#10417 = PCURVE('',#8568,#10418);
#10418 = DEFINITIONAL_REPRESENTATION('',(#10419),#10423);
#10419 = LINE('',#10420,#10421);
#10420 = CARTESIAN_POINT('',(0.,0.));
#10421 = VECTOR('',#10422,1.);
#10422 = DIRECTION('',(0.,-1.));
#10423 = ( GEOMETRIC_REPRESENTATION_CONTEXT(2) 
PARAMETRIC_REPRESENTATION_CONTEXT() REPRESENTATION_CONTEXT('2D SPACE',''
  ) );
#10424 = PCURVE('',#8655,#10425);
#10425 = DEFINITIONAL_REPRESENTATION('',(#10426),#10430);
#10426 = LINE('',#10427,#10428);
#10427 = CARTESIAN_POINT('',(20.,0.));
#10428 = VECTOR('',#10429,1.);
#10429 = DIRECTION('',(0.,-1.));
#10430 = ( GEOMETRIC_REPRESENTATION_CONTEXT(2) 
PARAMETRIC_REPRESENTATION_CONTEXT() REPRESENTATION_CONTEXT('2D SPACE',''
  ) );
#10431 = ORIENTED_EDGE('',*,*,#8545,.T.);
#10432 = ORIENTED_EDGE('',*,*,#10433,.F.);
#10433 = EDGE_CURVE('',#9889,#8548,#10434,.T.);
#10434 = SURFACE_CURVE('',#10435,(#10439,#10446),.PCURVE_S1.);
#10435 = LINE('',#10436,#10437);
#10436 = CARTESIAN_POINT('',(-7.7,31.,0.));
#10437 = VECTOR('',#10438,1.);
#10438 = DIRECTION('',(0.,0.,1.));
#10439 = PCURVE('',#8568,#10440);
#10440 = DEFINITIONAL_REPRESENTATION('',(#10441),#10445);
#10441 = LINE('',#10442,#10443);
#10442 = CARTESIAN_POINT('',(3.14159265359,0.));
#10443 = VECTOR('',#10444,1.);
#10444 = DIRECTION('',(0.,-1.));
#10445 = ( GEOMETRIC_REPRESENTATION_CONTEXT(2) 
PARAMETRIC_REPRESENTATION_CONTEXT() REPRESENTATION_CONTEXT('2D SPACE',''
  ) );
#10446 = PCURVE('',#8596,#10447);
#10447 = DEFINITIONAL_REPRESENTATION('',(#10448),#10452);
#10448 = LINE('',#10449,#10450);
#10449 = CARTESIAN_POINT('',(0.,0.));
#10450 = VECTOR('',#10451,1.);
#10451 = DIRECTION('',(0.,-1.));
#10452 = ( GEOMETRIC_REPRESENTATION_CONTEXT(2) 
PARAMETRIC_REPRESENTATION_CONTEXT() REPRESENTATION_CONTEXT('2D SPACE',''
  ) );
#10453 = ADVANCED_FACE('',(#10454),#8655,.F.);
#10454 = FACE_BOUND('',#10455,.F.);
#10455 = EDGE_LOOP('',(#10456,#10457,#10478,#10479));
#10456 = ORIENTED_EDGE('',*,*,#9937,.T.);
#10457 = ORIENTED_EDGE('',*,*,#10458,.T.);
#10458 = EDGE_CURVE('',#9910,#8609,#10459,.T.);
#10459 = SURFACE_CURVE('',#10460,(#10464,#10471),.PCURVE_S1.);
#10460 = LINE('',#10461,#10462);
#10461 = CARTESIAN_POINT('',(-4.3,51.,0.));
#10462 = VECTOR('',#10463,1.);
#10463 = DIRECTION('',(0.,0.,1.));
#10464 = PCURVE('',#8655,#10465);
#10465 = DEFINITIONAL_REPRESENTATION('',(#10466),#10470);
#10466 = LINE('',#10467,#10468);
#10467 = CARTESIAN_POINT('',(0.,0.));
#10468 = VECTOR('',#10469,1.);
#10469 = DIRECTION('',(0.,-1.));
#10470 = ( GEOMETRIC_REPRESENTATION_CONTEXT(2) 
PARAMETRIC_REPRESENTATION_CONTEXT() REPRESENTATION_CONTEXT('2D SPACE',''
  ) );
#10471 = PCURVE('',#8629,#10472);
#10472 = DEFINITIONAL_REPRESENTATION('',(#10473),#10477);
#10473 = LINE('',#10474,#10475);
#10474 = CARTESIAN_POINT('',(3.14159265359,0.));
#10475 = VECTOR('',#10476,1.);
#10476 = DIRECTION('',(0.,-1.));
#10477 = ( GEOMETRIC_REPRESENTATION_CONTEXT(2) 
PARAMETRIC_REPRESENTATION_CONTEXT() REPRESENTATION_CONTEXT('2D SPACE',''
  ) );
#10478 = ORIENTED_EDGE('',*,*,#8641,.T.);
#10479 = ORIENTED_EDGE('',*,*,#10411,.F.);
#10480 = ADVANCED_FACE('',(#10481),#8596,.F.);
#10481 = FACE_BOUND('',#10482,.F.);
#10482 = EDGE_LOOP('',(#10483,#10484,#10485,#10486));
#10483 = ORIENTED_EDGE('',*,*,#9886,.T.);
#10484 = ORIENTED_EDGE('',*,*,#10433,.T.);
#10485 = ORIENTED_EDGE('',*,*,#8580,.T.);
#10486 = ORIENTED_EDGE('',*,*,#10487,.F.);
#10487 = EDGE_CURVE('',#9887,#8581,#10488,.T.);
#10488 = SURFACE_CURVE('',#10489,(#10493,#10500),.PCURVE_S1.);
#10489 = LINE('',#10490,#10491);
#10490 = CARTESIAN_POINT('',(-7.7,51.,0.));
#10491 = VECTOR('',#10492,1.);
#10492 = DIRECTION('',(0.,0.,1.));
#10493 = PCURVE('',#8596,#10494);
#10494 = DEFINITIONAL_REPRESENTATION('',(#10495),#10499);
#10495 = LINE('',#10496,#10497);
#10496 = CARTESIAN_POINT('',(20.,0.));
#10497 = VECTOR('',#10498,1.);
#10498 = DIRECTION('',(0.,-1.));
#10499 = ( GEOMETRIC_REPRESENTATION_CONTEXT(2) 
PARAMETRIC_REPRESENTATION_CONTEXT() REPRESENTATION_CONTEXT('2D SPACE',''
  ) );
#10500 = PCURVE('',#8629,#10501);
#10501 = DEFINITIONAL_REPRESENTATION('',(#10502),#10506);
#10502 = LINE('',#10503,#10504);
#10503 = CARTESIAN_POINT('',(0.,0.));
#10504 = VECTOR('',#10505,1.);
#10505 = DIRECTION('',(0.,-1.));
#10506 = ( GEOMETRIC_REPRESENTATION_CONTEXT(2) 
PARAMETRIC_REPRESENTATION_CONTEXT() REPRESENTATION_CONTEXT('2D SPACE',''
  ) );
#10507 = ADVANCED_FACE('',(#10508),#8629,.F.);
#10508 = FACE_BOUND('',#10509,.F.);
#10509 = EDGE_LOOP('',(#10510,#10511,#10512,#10513));
#10510 = ORIENTED_EDGE('',*,*,#9909,.F.);
#10511 = ORIENTED_EDGE('',*,*,#10487,.T.);
#10512 = ORIENTED_EDGE('',*,*,#8608,.T.);
#10513 = ORIENTED_EDGE('',*,*,#10458,.F.);
#10514 = ADVANCED_FACE('',(#10515),#8692,.F.);
#10515 = FACE_BOUND('',#10516,.F.);
#10516 = EDGE_LOOP('',(#10517,#10547,#10568,#10569));
#10517 = ORIENTED_EDGE('',*,*,#10518,.F.);
#10518 = EDGE_CURVE('',#10519,#10521,#10523,.T.);
#10519 = VERTEX_POINT('',#10520);
#10520 = CARTESIAN_POINT('',(7.7,31.,3.));
#10521 = VERTEX_POINT('',#10522);
#10522 = CARTESIAN_POINT('',(4.3,31.,3.));
#10523 = SURFACE_CURVE('',#10524,(#10529,#10536),.PCURVE_S1.);
#10524 = CIRCLE('',#10525,1.7);
#10525 = AXIS2_PLACEMENT_3D('',#10526,#10527,#10528);
#10526 = CARTESIAN_POINT('',(6.,31.,3.));
#10527 = DIRECTION('',(0.,-0.,-1.));
#10528 = DIRECTION('',(1.,-1.110223024625E-16,0.));
#10529 = PCURVE('',#8692,#10530);
#10530 = DEFINITIONAL_REPRESENTATION('',(#10531),#10535);
#10531 = LINE('',#10532,#10533);
#10532 = CARTESIAN_POINT('',(0.,-3.));
#10533 = VECTOR('',#10534,1.);
#10534 = DIRECTION('',(1.,0.));
#10535 = ( GEOMETRIC_REPRESENTATION_CONTEXT(2) 
PARAMETRIC_REPRESENTATION_CONTEXT() REPRESENTATION_CONTEXT('2D SPACE',''
  ) );
#10536 = PCURVE('',#9092,#10537);
#10537 = DEFINITIONAL_REPRESENTATION('',(#10538),#10546);
#10538 = ( BOUNDED_CURVE() B_SPLINE_CURVE(2,(#10539,#10540,#10541,#10542
    ,#10543,#10544,#10545),.UNSPECIFIED.,.T.,.F.) 
B_SPLINE_CURVE_WITH_KNOTS((1,2,2,2,2,1),(-2.094395102393,0.,
    2.094395102393,4.188790204786,6.28318530718,8.377580409573),
.UNSPECIFIED.) CURVE() GEOMETRIC_REPRESENTATION_ITEM() 
RATIONAL_B_SPLINE_CURVE((1.,0.5,1.,0.5,1.,0.5,1.)) REPRESENTATION_ITEM(
  '') );
#10539 = CARTESIAN_POINT('',(4.7,3.));
#10540 = CARTESIAN_POINT('',(4.7,5.551362713291E-02));
#10541 = CARTESIAN_POINT('',(2.15,1.527756813566));
#10542 = CARTESIAN_POINT('',(-0.4,3.));
#10543 = CARTESIAN_POINT('',(2.15,4.472243186434));
#10544 = CARTESIAN_POINT('',(4.7,5.944486372867));
#10545 = CARTESIAN_POINT('',(4.7,3.));
#10546 = ( GEOMETRIC_REPRESENTATION_CONTEXT(2) 
PARAMETRIC_REPRESENTATION_CONTEXT() REPRESENTATION_CONTEXT('2D SPACE',''
  ) );
#10547 = ORIENTED_EDGE('',*,*,#10548,.T.);
#10548 = EDGE_CURVE('',#10519,#8670,#10549,.T.);
#10549 = SURFACE_CURVE('',#10550,(#10554,#10561),.PCURVE_S1.);
#10550 = LINE('',#10551,#10552);
#10551 = CARTESIAN_POINT('',(7.7,31.,0.));
#10552 = VECTOR('',#10553,1.);
#10553 = DIRECTION('',(0.,0.,1.));
#10554 = PCURVE('',#8692,#10555);
#10555 = DEFINITIONAL_REPRESENTATION('',(#10556),#10560);
#10556 = LINE('',#10557,#10558);
#10557 = CARTESIAN_POINT('',(0.,0.));
#10558 = VECTOR('',#10559,1.);
#10559 = DIRECTION('',(0.,-1.));
#10560 = ( GEOMETRIC_REPRESENTATION_CONTEXT(2) 
PARAMETRIC_REPRESENTATION_CONTEXT() REPRESENTATION_CONTEXT('2D SPACE',''
  ) );
#10561 = PCURVE('',#8779,#10562);
#10562 = DEFINITIONAL_REPRESENTATION('',(#10563),#10567);
#10563 = LINE('',#10564,#10565);
#10564 = CARTESIAN_POINT('',(20.,0.));
#10565 = VECTOR('',#10566,1.);
#10566 = DIRECTION('',(0.,-1.));
#10567 = ( GEOMETRIC_REPRESENTATION_CONTEXT(2) 
PARAMETRIC_REPRESENTATION_CONTEXT() REPRESENTATION_CONTEXT('2D SPACE',''
  ) );
#10568 = ORIENTED_EDGE('',*,*,#8669,.T.);
#10569 = ORIENTED_EDGE('',*,*,#10570,.F.);
#10570 = EDGE_CURVE('',#10521,#8672,#10571,.T.);
#10571 = SURFACE_CURVE('',#10572,(#10576,#10583),.PCURVE_S1.);
#10572 = LINE('',#10573,#10574);
#10573 = CARTESIAN_POINT('',(4.3,31.,0.));
#10574 = VECTOR('',#10575,1.);
#10575 = DIRECTION('',(0.,0.,1.));
#10576 = PCURVE('',#8692,#10577);
#10577 = DEFINITIONAL_REPRESENTATION('',(#10578),#10582);
#10578 = LINE('',#10579,#10580);
#10579 = CARTESIAN_POINT('',(3.14159265359,0.));
#10580 = VECTOR('',#10581,1.);
#10581 = DIRECTION('',(0.,-1.));
#10582 = ( GEOMETRIC_REPRESENTATION_CONTEXT(2) 
PARAMETRIC_REPRESENTATION_CONTEXT() REPRESENTATION_CONTEXT('2D SPACE',''
  ) );
#10583 = PCURVE('',#8720,#10584);
#10584 = DEFINITIONAL_REPRESENTATION('',(#10585),#10589);
#10585 = LINE('',#10586,#10587);
#10586 = CARTESIAN_POINT('',(0.,0.));
#10587 = VECTOR('',#10588,1.);
#10588 = DIRECTION('',(0.,-1.));
#10589 = ( GEOMETRIC_REPRESENTATION_CONTEXT(2) 
PARAMETRIC_REPRESENTATION_CONTEXT() REPRESENTATION_CONTEXT('2D SPACE',''
  ) );
#10590 = ADVANCED_FACE('',(#10591),#8779,.F.);
#10591 = FACE_BOUND('',#10592,.F.);
#10592 = EDGE_LOOP('',(#10593,#10614,#10635,#10636));
#10593 = ORIENTED_EDGE('',*,*,#10594,.T.);
#10594 = EDGE_CURVE('',#10519,#10595,#10597,.T.);
#10595 = VERTEX_POINT('',#10596);
#10596 = CARTESIAN_POINT('',(7.7,51.,3.));
#10597 = SURFACE_CURVE('',#10598,(#10602,#10608),.PCURVE_S1.);
#10598 = LINE('',#10599,#10600);
#10599 = CARTESIAN_POINT('',(7.7,39.5,3.));
#10600 = VECTOR('',#10601,1.);
#10601 = DIRECTION('',(1.110223024625E-16,1.,-0.));
#10602 = PCURVE('',#8779,#10603);
#10603 = DEFINITIONAL_REPRESENTATION('',(#10604),#10607);
#10604 = B_SPLINE_CURVE_WITH_KNOTS('',1,(#10605,#10606),.UNSPECIFIED.,
  .F.,.F.,(2,2),(-8.5,11.5),.PIECEWISE_BEZIER_KNOTS.);
#10605 = CARTESIAN_POINT('',(20.,-3.));
#10606 = CARTESIAN_POINT('',(0.,-3.));
#10607 = ( GEOMETRIC_REPRESENTATION_CONTEXT(2) 
PARAMETRIC_REPRESENTATION_CONTEXT() REPRESENTATION_CONTEXT('2D SPACE',''
  ) );
#10608 = PCURVE('',#9092,#10609);
#10609 = DEFINITIONAL_REPRESENTATION('',(#10610),#10613);
#10610 = B_SPLINE_CURVE_WITH_KNOTS('',1,(#10611,#10612),.UNSPECIFIED.,
  .F.,.F.,(2,2),(-8.5,11.5),.PIECEWISE_BEZIER_KNOTS.);
#10611 = CARTESIAN_POINT('',(4.7,3.));
#10612 = CARTESIAN_POINT('',(4.7,23.));
#10613 = ( GEOMETRIC_REPRESENTATION_CONTEXT(2) 
PARAMETRIC_REPRESENTATION_CONTEXT() REPRESENTATION_CONTEXT('2D SPACE',''
  ) );
#10614 = ORIENTED_EDGE('',*,*,#10615,.T.);
#10615 = EDGE_CURVE('',#10595,#8733,#10616,.T.);
#10616 = SURFACE_CURVE('',#10617,(#10621,#10628),.PCURVE_S1.);
#10617 = LINE('',#10618,#10619);
#10618 = CARTESIAN_POINT('',(7.7,51.,0.));
#10619 = VECTOR('',#10620,1.);
#10620 = DIRECTION('',(0.,0.,1.));
#10621 = PCURVE('',#8779,#10622);
#10622 = DEFINITIONAL_REPRESENTATION('',(#10623),#10627);
#10623 = LINE('',#10624,#10625);
#10624 = CARTESIAN_POINT('',(0.,0.));
#10625 = VECTOR('',#10626,1.);
#10626 = DIRECTION('',(0.,-1.));
#10627 = ( GEOMETRIC_REPRESENTATION_CONTEXT(2) 
PARAMETRIC_REPRESENTATION_CONTEXT() REPRESENTATION_CONTEXT('2D SPACE',''
  ) );
#10628 = PCURVE('',#8753,#10629);
#10629 = DEFINITIONAL_REPRESENTATION('',(#10630),#10634);
#10630 = LINE('',#10631,#10632);
#10631 = CARTESIAN_POINT('',(3.14159265359,0.));
#10632 = VECTOR('',#10633,1.);
#10633 = DIRECTION('',(0.,-1.));
#10634 = ( GEOMETRIC_REPRESENTATION_CONTEXT(2) 
PARAMETRIC_REPRESENTATION_CONTEXT() REPRESENTATION_CONTEXT('2D SPACE',''
  ) );
#10635 = ORIENTED_EDGE('',*,*,#8765,.T.);
#10636 = ORIENTED_EDGE('',*,*,#10548,.F.);
#10637 = ADVANCED_FACE('',(#10638),#8753,.F.);
#10638 = FACE_BOUND('',#10639,.F.);
#10639 = EDGE_LOOP('',(#10640,#10668,#10689,#10690));
#10640 = ORIENTED_EDGE('',*,*,#10641,.F.);
#10641 = EDGE_CURVE('',#10642,#10595,#10644,.T.);
#10642 = VERTEX_POINT('',#10643);
#10643 = CARTESIAN_POINT('',(4.3,51.,3.));
#10644 = SURFACE_CURVE('',#10645,(#10650,#10657),.PCURVE_S1.);
#10645 = CIRCLE('',#10646,1.7);
#10646 = AXIS2_PLACEMENT_3D('',#10647,#10648,#10649);
#10647 = CARTESIAN_POINT('',(6.,51.,3.));
#10648 = DIRECTION('',(0.,0.,-1.));
#10649 = DIRECTION('',(-1.,1.110223024625E-16,0.));
#10650 = PCURVE('',#8753,#10651);
#10651 = DEFINITIONAL_REPRESENTATION('',(#10652),#10656);
#10652 = LINE('',#10653,#10654);
#10653 = CARTESIAN_POINT('',(0.,-3.));
#10654 = VECTOR('',#10655,1.);
#10655 = DIRECTION('',(1.,0.));
#10656 = ( GEOMETRIC_REPRESENTATION_CONTEXT(2) 
PARAMETRIC_REPRESENTATION_CONTEXT() REPRESENTATION_CONTEXT('2D SPACE',''
  ) );
#10657 = PCURVE('',#9092,#10658);
#10658 = DEFINITIONAL_REPRESENTATION('',(#10659),#10667);
#10659 = ( BOUNDED_CURVE() B_SPLINE_CURVE(2,(#10660,#10661,#10662,#10663
    ,#10664,#10665,#10666),.UNSPECIFIED.,.T.,.F.) 
B_SPLINE_CURVE_WITH_KNOTS((1,2,2,2,2,1),(-2.094395102393,0.,
    2.094395102393,4.188790204786,6.28318530718,8.377580409573),
.UNSPECIFIED.) CURVE() GEOMETRIC_REPRESENTATION_ITEM() 
RATIONAL_B_SPLINE_CURVE((1.,0.5,1.,0.5,1.,0.5,1.)) REPRESENTATION_ITEM(
  '') );
#10660 = CARTESIAN_POINT('',(1.3,23.));
#10661 = CARTESIAN_POINT('',(1.3,25.944486372867));
#10662 = CARTESIAN_POINT('',(3.85,24.472243186434));
#10663 = CARTESIAN_POINT('',(6.4,23.));
#10664 = CARTESIAN_POINT('',(3.85,21.527756813566));
#10665 = CARTESIAN_POINT('',(1.3,20.055513627133));
#10666 = CARTESIAN_POINT('',(1.3,23.));
#10667 = ( GEOMETRIC_REPRESENTATION_CONTEXT(2) 
PARAMETRIC_REPRESENTATION_CONTEXT() REPRESENTATION_CONTEXT('2D SPACE',''
  ) );
#10668 = ORIENTED_EDGE('',*,*,#10669,.T.);
#10669 = EDGE_CURVE('',#10642,#8705,#10670,.T.);
#10670 = SURFACE_CURVE('',#10671,(#10675,#10682),.PCURVE_S1.);
#10671 = LINE('',#10672,#10673);
#10672 = CARTESIAN_POINT('',(4.3,51.,0.));
#10673 = VECTOR('',#10674,1.);
#10674 = DIRECTION('',(0.,0.,1.));
#10675 = PCURVE('',#8753,#10676);
#10676 = DEFINITIONAL_REPRESENTATION('',(#10677),#10681);
#10677 = LINE('',#10678,#10679);
#10678 = CARTESIAN_POINT('',(0.,0.));
#10679 = VECTOR('',#10680,1.);
#10680 = DIRECTION('',(0.,-1.));
#10681 = ( GEOMETRIC_REPRESENTATION_CONTEXT(2) 
PARAMETRIC_REPRESENTATION_CONTEXT() REPRESENTATION_CONTEXT('2D SPACE',''
  ) );
#10682 = PCURVE('',#8720,#10683);
#10683 = DEFINITIONAL_REPRESENTATION('',(#10684),#10688);
#10684 = LINE('',#10685,#10686);
#10685 = CARTESIAN_POINT('',(20.,0.));
#10686 = VECTOR('',#10687,1.);
#10687 = DIRECTION('',(0.,-1.));
#10688 = ( GEOMETRIC_REPRESENTATION_CONTEXT(2) 
PARAMETRIC_REPRESENTATION_CONTEXT() REPRESENTATION_CONTEXT('2D SPACE',''
  ) );
#10689 = ORIENTED_EDGE('',*,*,#8732,.T.);
#10690 = ORIENTED_EDGE('',*,*,#10615,.F.);
#10691 = ADVANCED_FACE('',(#10692),#8720,.F.);
#10692 = FACE_BOUND('',#10693,.F.);
#10693 = EDGE_LOOP('',(#10694,#10713,#10714,#10715));
#10694 = ORIENTED_EDGE('',*,*,#10695,.T.);
#10695 = EDGE_CURVE('',#10642,#10521,#10696,.T.);
#10696 = SURFACE_CURVE('',#10697,(#10701,#10707),.PCURVE_S1.);
#10697 = LINE('',#10698,#10699);
#10698 = CARTESIAN_POINT('',(4.3,29.5,3.));
#10699 = VECTOR('',#10700,1.);
#10700 = DIRECTION('',(-1.110223024625E-16,-1.,0.));
#10701 = PCURVE('',#8720,#10702);
#10702 = DEFINITIONAL_REPRESENTATION('',(#10703),#10706);
#10703 = B_SPLINE_CURVE_WITH_KNOTS('',1,(#10704,#10705),.UNSPECIFIED.,
  .F.,.F.,(2,2),(-21.5,-1.5),.PIECEWISE_BEZIER_KNOTS.);
#10704 = CARTESIAN_POINT('',(20.,-3.));
#10705 = CARTESIAN_POINT('',(0.,-3.));
#10706 = ( GEOMETRIC_REPRESENTATION_CONTEXT(2) 
PARAMETRIC_REPRESENTATION_CONTEXT() REPRESENTATION_CONTEXT('2D SPACE',''
  ) );
#10707 = PCURVE('',#9092,#10708);
#10708 = DEFINITIONAL_REPRESENTATION('',(#10709),#10712);
#10709 = B_SPLINE_CURVE_WITH_KNOTS('',1,(#10710,#10711),.UNSPECIFIED.,
  .F.,.F.,(2,2),(-21.5,-1.5),.PIECEWISE_BEZIER_KNOTS.);
#10710 = CARTESIAN_POINT('',(1.3,23.));
#10711 = CARTESIAN_POINT('',(1.3,3.));
#10712 = ( GEOMETRIC_REPRESENTATION_CONTEXT(2) 
PARAMETRIC_REPRESENTATION_CONTEXT() REPRESENTATION_CONTEXT('2D SPACE',''
  ) );
#10713 = ORIENTED_EDGE('',*,*,#10570,.T.);
#10714 = ORIENTED_EDGE('',*,*,#8704,.T.);
#10715 = ORIENTED_EDGE('',*,*,#10669,.F.);
#10716 = ADVANCED_FACE('',(#10717,#10720),#8903,.T.);
#10717 = FACE_BOUND('',#10718,.T.);
#10718 = EDGE_LOOP('',(#10719));
#10719 = ORIENTED_EDGE('',*,*,#8888,.T.);
#10720 = FACE_BOUND('',#10721,.T.);
#10721 = EDGE_LOOP('',(#10722));
#10722 = ORIENTED_EDGE('',*,*,#10723,.F.);
#10723 = EDGE_CURVE('',#10724,#10724,#10726,.T.);
#10724 = VERTEX_POINT('',#10725);
#10725 = CARTESIAN_POINT('',(-3.85,24.,8.));
#10726 = SURFACE_CURVE('',#10727,(#10732,#10739),.PCURVE_S1.);
#10727 = CIRCLE('',#10728,1.65);
#10728 = AXIS2_PLACEMENT_3D('',#10729,#10730,#10731);
#10729 = CARTESIAN_POINT('',(-5.5,24.,8.));
#10730 = DIRECTION('',(0.,0.,1.));
#10731 = DIRECTION('',(1.,0.,-0.));
#10732 = PCURVE('',#8903,#10733);
#10733 = DEFINITIONAL_REPRESENTATION('',(#10734),#10738);
#10734 = CIRCLE('',#10735,1.65);
#10735 = AXIS2_PLACEMENT_2D('',#10736,#10737);
#10736 = CARTESIAN_POINT('',(0.,0.));
#10737 = DIRECTION('',(1.,0.));
#10738 = ( GEOMETRIC_REPRESENTATION_CONTEXT(2) 
PARAMETRIC_REPRESENTATION_CONTEXT() REPRESENTATION_CONTEXT('2D SPACE',''
  ) );
#10739 = PCURVE('',#10740,#10745);
#10740 = CYLINDRICAL_SURFACE('',#10741,1.65);
#10741 = AXIS2_PLACEMENT_3D('',#10742,#10743,#10744);
#10742 = CARTESIAN_POINT('',(-5.5,24.,0.));
#10743 = DIRECTION('',(0.,0.,1.));
#10744 = DIRECTION('',(1.,0.,-0.));
#10745 = DEFINITIONAL_REPRESENTATION('',(#10746),#10750);
#10746 = LINE('',#10747,#10748);
#10747 = CARTESIAN_POINT('',(0.,8.));
#10748 = VECTOR('',#10749,1.);
#10749 = DIRECTION('',(1.,0.));
#10750 = ( GEOMETRIC_REPRESENTATION_CONTEXT(2) 
PARAMETRIC_REPRESENTATION_CONTEXT() REPRESENTATION_CONTEXT('2D SPACE',''
  ) );
#10751 = ADVANCED_FACE('',(#10752,#10755),#8959,.T.);
#10752 = FACE_BOUND('',#10753,.T.);
#10753 = EDGE_LOOP('',(#10754));
#10754 = ORIENTED_EDGE('',*,*,#8944,.T.);
#10755 = FACE_BOUND('',#10756,.T.);
#10756 = EDGE_LOOP('',(#10757));
#10757 = ORIENTED_EDGE('',*,*,#10758,.F.);
#10758 = EDGE_CURVE('',#10759,#10759,#10761,.T.);
#10759 = VERTEX_POINT('',#10760);
#10760 = CARTESIAN_POINT('',(7.15,24.,8.));
#10761 = SURFACE_CURVE('',#10762,(#10767,#10774),.PCURVE_S1.);
#10762 = CIRCLE('',#10763,1.65);
#10763 = AXIS2_PLACEMENT_3D('',#10764,#10765,#10766);
#10764 = CARTESIAN_POINT('',(5.5,24.,8.));
#10765 = DIRECTION('',(0.,0.,1.));
#10766 = DIRECTION('',(1.,0.,-0.));
#10767 = PCURVE('',#8959,#10768);
#10768 = DEFINITIONAL_REPRESENTATION('',(#10769),#10773);
#10769 = CIRCLE('',#10770,1.65);
#10770 = AXIS2_PLACEMENT_2D('',#10771,#10772);
#10771 = CARTESIAN_POINT('',(0.,0.));
#10772 = DIRECTION('',(1.,0.));
#10773 = ( GEOMETRIC_REPRESENTATION_CONTEXT(2) 
PARAMETRIC_REPRESENTATION_CONTEXT() REPRESENTATION_CONTEXT('2D SPACE',''
  ) );
#10774 = PCURVE('',#10775,#10780);
#10775 = CYLINDRICAL_SURFACE('',#10776,1.65);
#10776 = AXIS2_PLACEMENT_3D('',#10777,#10778,#10779);
#10777 = CARTESIAN_POINT('',(5.5,24.,0.));
#10778 = DIRECTION('',(0.,0.,1.));
#10779 = DIRECTION('',(1.,0.,-0.));
#10780 = DEFINITIONAL_REPRESENTATION('',(#10781),#10785);
#10781 = LINE('',#10782,#10783);
#10782 = CARTESIAN_POINT('',(0.,8.));
#10783 = VECTOR('',#10784,1.);
#10784 = DIRECTION('',(1.,0.));
#10785 = ( GEOMETRIC_REPRESENTATION_CONTEXT(2) 
PARAMETRIC_REPRESENTATION_CONTEXT() REPRESENTATION_CONTEXT('2D SPACE',''
  ) );
#10786 = ADVANCED_FACE('',(#10787),#8996,.F.);
#10787 = FACE_BOUND('',#10788,.F.);
#10788 = EDGE_LOOP('',(#10789,#10790,#10813,#10835));
#10789 = ORIENTED_EDGE('',*,*,#8979,.F.);
#10790 = ORIENTED_EDGE('',*,*,#10791,.F.);
#10791 = EDGE_CURVE('',#10792,#8980,#10794,.T.);
#10792 = VERTEX_POINT('',#10793);
#10793 = CARTESIAN_POINT('',(-3.85,19.,0.));
#10794 = SEAM_CURVE('',#10795,(#10799,#10806),.PCURVE_S1.);
#10795 = LINE('',#10796,#10797);
#10796 = CARTESIAN_POINT('',(-3.85,19.,0.));
#10797 = VECTOR('',#10798,1.);
#10798 = DIRECTION('',(0.,0.,1.));
#10799 = PCURVE('',#8996,#10800);
#10800 = DEFINITIONAL_REPRESENTATION('',(#10801),#10805);
#10801 = LINE('',#10802,#10803);
#10802 = CARTESIAN_POINT('',(6.28318530718,-0.));
#10803 = VECTOR('',#10804,1.);
#10804 = DIRECTION('',(0.,1.));
#10805 = ( GEOMETRIC_REPRESENTATION_CONTEXT(2) 
PARAMETRIC_REPRESENTATION_CONTEXT() REPRESENTATION_CONTEXT('2D SPACE',''
  ) );
#10806 = PCURVE('',#8996,#10807);
#10807 = DEFINITIONAL_REPRESENTATION('',(#10808),#10812);
#10808 = LINE('',#10809,#10810);
#10809 = CARTESIAN_POINT('',(0.,-0.));
#10810 = VECTOR('',#10811,1.);
#10811 = DIRECTION('',(0.,1.));
#10812 = ( GEOMETRIC_REPRESENTATION_CONTEXT(2) 
PARAMETRIC_REPRESENTATION_CONTEXT() REPRESENTATION_CONTEXT('2D SPACE',''
  ) );
#10813 = ORIENTED_EDGE('',*,*,#10814,.T.);
#10814 = EDGE_CURVE('',#10792,#10792,#10815,.T.);
#10815 = SURFACE_CURVE('',#10816,(#10821,#10828),.PCURVE_S1.);
#10816 = CIRCLE('',#10817,1.65);
#10817 = AXIS2_PLACEMENT_3D('',#10818,#10819,#10820);
#10818 = CARTESIAN_POINT('',(-5.5,19.,0.));
#10819 = DIRECTION('',(0.,0.,1.));
#10820 = DIRECTION('',(1.,0.,-0.));
#10821 = PCURVE('',#8996,#10822);
#10822 = DEFINITIONAL_REPRESENTATION('',(#10823),#10827);
#10823 = LINE('',#10824,#10825);
#10824 = CARTESIAN_POINT('',(0.,0.));
#10825 = VECTOR('',#10826,1.);
#10826 = DIRECTION('',(1.,0.));
#10827 = ( GEOMETRIC_REPRESENTATION_CONTEXT(2) 
PARAMETRIC_REPRESENTATION_CONTEXT() REPRESENTATION_CONTEXT('2D SPACE',''
  ) );
#10828 = PCURVE('',#9516,#10829);
#10829 = DEFINITIONAL_REPRESENTATION('',(#10830),#10834);
#10830 = CIRCLE('',#10831,1.65);
#10831 = AXIS2_PLACEMENT_2D('',#10832,#10833);
#10832 = CARTESIAN_POINT('',(-5.5,-10.14721913016));
#10833 = DIRECTION('',(1.,0.));
#10834 = ( GEOMETRIC_REPRESENTATION_CONTEXT(2) 
PARAMETRIC_REPRESENTATION_CONTEXT() REPRESENTATION_CONTEXT('2D SPACE',''
  ) );
#10835 = ORIENTED_EDGE('',*,*,#10791,.T.);
#10836 = ADVANCED_FACE('',(#10837),#9031,.F.);
#10837 = FACE_BOUND('',#10838,.F.);
#10838 = EDGE_LOOP('',(#10839,#10840,#10863,#10885));
#10839 = ORIENTED_EDGE('',*,*,#9014,.F.);
#10840 = ORIENTED_EDGE('',*,*,#10841,.F.);
#10841 = EDGE_CURVE('',#10842,#9015,#10844,.T.);
#10842 = VERTEX_POINT('',#10843);
#10843 = CARTESIAN_POINT('',(7.15,19.,0.));
#10844 = SEAM_CURVE('',#10845,(#10849,#10856),.PCURVE_S1.);
#10845 = LINE('',#10846,#10847);
#10846 = CARTESIAN_POINT('',(7.15,19.,0.));
#10847 = VECTOR('',#10848,1.);
#10848 = DIRECTION('',(0.,0.,1.));
#10849 = PCURVE('',#9031,#10850);
#10850 = DEFINITIONAL_REPRESENTATION('',(#10851),#10855);
#10851 = LINE('',#10852,#10853);
#10852 = CARTESIAN_POINT('',(6.28318530718,-0.));
#10853 = VECTOR('',#10854,1.);
#10854 = DIRECTION('',(0.,1.));
#10855 = ( GEOMETRIC_REPRESENTATION_CONTEXT(2) 
PARAMETRIC_REPRESENTATION_CONTEXT() REPRESENTATION_CONTEXT('2D SPACE',''
  ) );
#10856 = PCURVE('',#9031,#10857);
#10857 = DEFINITIONAL_REPRESENTATION('',(#10858),#10862);
#10858 = LINE('',#10859,#10860);
#10859 = CARTESIAN_POINT('',(0.,-0.));
#10860 = VECTOR('',#10861,1.);
#10861 = DIRECTION('',(0.,1.));
#10862 = ( GEOMETRIC_REPRESENTATION_CONTEXT(2) 
PARAMETRIC_REPRESENTATION_CONTEXT() REPRESENTATION_CONTEXT('2D SPACE',''
  ) );
#10863 = ORIENTED_EDGE('',*,*,#10864,.T.);
#10864 = EDGE_CURVE('',#10842,#10842,#10865,.T.);
#10865 = SURFACE_CURVE('',#10866,(#10871,#10878),.PCURVE_S1.);
#10866 = CIRCLE('',#10867,1.65);
#10867 = AXIS2_PLACEMENT_3D('',#10868,#10869,#10870);
#10868 = CARTESIAN_POINT('',(5.5,19.,0.));
#10869 = DIRECTION('',(0.,0.,1.));
#10870 = DIRECTION('',(1.,0.,-0.));
#10871 = PCURVE('',#9031,#10872);
#10872 = DEFINITIONAL_REPRESENTATION('',(#10873),#10877);
#10873 = LINE('',#10874,#10875);
#10874 = CARTESIAN_POINT('',(0.,0.));
#10875 = VECTOR('',#10876,1.);
#10876 = DIRECTION('',(1.,0.));
#10877 = ( GEOMETRIC_REPRESENTATION_CONTEXT(2) 
PARAMETRIC_REPRESENTATION_CONTEXT() REPRESENTATION_CONTEXT('2D SPACE',''
  ) );
#10878 = PCURVE('',#9516,#10879);
#10879 = DEFINITIONAL_REPRESENTATION('',(#10880),#10884);
#10880 = CIRCLE('',#10881,1.65);
#10881 = AXIS2_PLACEMENT_2D('',#10882,#10883);
#10882 = CARTESIAN_POINT('',(5.5,-10.14721913016));
#10883 = DIRECTION('',(1.,0.));
#10884 = ( GEOMETRIC_REPRESENTATION_CONTEXT(2) 
PARAMETRIC_REPRESENTATION_CONTEXT() REPRESENTATION_CONTEXT('2D SPACE',''
  ) );
#10885 = ORIENTED_EDGE('',*,*,#10841,.T.);
#10886 = ADVANCED_FACE('',(#10887),#9064,.T.);
#10887 = FACE_BOUND('',#10888,.F.);
#10888 = EDGE_LOOP('',(#10889,#10912,#10938,#10939));
#10889 = ORIENTED_EDGE('',*,*,#10890,.F.);
#10890 = EDGE_CURVE('',#10891,#10335,#10893,.T.);
#10891 = VERTEX_POINT('',#10892);
#10892 = CARTESIAN_POINT('',(6.,55.,3.));
#10893 = SURFACE_CURVE('',#10894,(#10898,#10905),.PCURVE_S1.);
#10894 = LINE('',#10895,#10896);
#10895 = CARTESIAN_POINT('',(6.,55.,0.));
#10896 = VECTOR('',#10897,1.);
#10897 = DIRECTION('',(0.,0.,1.));
#10898 = PCURVE('',#9064,#10899);
#10899 = DEFINITIONAL_REPRESENTATION('',(#10900),#10904);
#10900 = LINE('',#10901,#10902);
#10901 = CARTESIAN_POINT('',(-1.570796327797,0.));
#10902 = VECTOR('',#10903,1.);
#10903 = DIRECTION('',(-0.,-1.));
#10904 = ( GEOMETRIC_REPRESENTATION_CONTEXT(2) 
PARAMETRIC_REPRESENTATION_CONTEXT() REPRESENTATION_CONTEXT('2D SPACE',''
  ) );
#10905 = PCURVE('',#9682,#10906);
#10906 = DEFINITIONAL_REPRESENTATION('',(#10907),#10911);
#10907 = LINE('',#10908,#10909);
#10908 = CARTESIAN_POINT('',(0.,-0.));
#10909 = VECTOR('',#10910,1.);
#10910 = DIRECTION('',(0.,-1.));
#10911 = ( GEOMETRIC_REPRESENTATION_CONTEXT(2) 
PARAMETRIC_REPRESENTATION_CONTEXT() REPRESENTATION_CONTEXT('2D SPACE',''
  ) );
#10912 = ORIENTED_EDGE('',*,*,#10913,.T.);
#10913 = EDGE_CURVE('',#10891,#9047,#10914,.T.);
#10914 = SURFACE_CURVE('',#10915,(#10920,#10927),.PCURVE_S1.);
#10915 = CIRCLE('',#10916,2.999999998497);
#10916 = AXIS2_PLACEMENT_3D('',#10917,#10918,#10919);
#10917 = CARTESIAN_POINT('',(6.000000001503,52.000000001503,3.));
#10918 = DIRECTION('',(0.,-0.,-1.));
#10919 = DIRECTION('',(1.,-5.011576341617E-10,0.));
#10920 = PCURVE('',#9064,#10921);
#10921 = DEFINITIONAL_REPRESENTATION('',(#10922),#10926);
#10922 = LINE('',#10923,#10924);
#10923 = CARTESIAN_POINT('',(-6.28318530718,-3.));
#10924 = VECTOR('',#10925,1.);
#10925 = DIRECTION('',(1.,-0.));
#10926 = ( GEOMETRIC_REPRESENTATION_CONTEXT(2) 
PARAMETRIC_REPRESENTATION_CONTEXT() REPRESENTATION_CONTEXT('2D SPACE',''
  ) );
#10927 = PCURVE('',#9092,#10928);
#10928 = DEFINITIONAL_REPRESENTATION('',(#10929),#10937);
#10929 = ( BOUNDED_CURVE() B_SPLINE_CURVE(2,(#10930,#10931,#10932,#10933
    ,#10934,#10935,#10936),.UNSPECIFIED.,.T.,.F.) 
B_SPLINE_CURVE_WITH_KNOTS((1,2,2,2,2,1),(-2.094395102393,0.,
    2.094395102393,4.188790204786,6.28318530718,8.377580409573),
.UNSPECIFIED.) CURVE() GEOMETRIC_REPRESENTATION_ITEM() 
RATIONAL_B_SPLINE_CURVE((1.,0.5,1.,0.5,1.,0.5,1.)) REPRESENTATION_ITEM(
  '') );
#10930 = CARTESIAN_POINT('',(6.,24.));
#10931 = CARTESIAN_POINT('',(5.999999997396,18.803847579897));
#10932 = CARTESIAN_POINT('',(1.500000000953,21.401923792204));
#10933 = CARTESIAN_POINT('',(-2.99999999549,24.00000000451));
#10934 = CARTESIAN_POINT('',(1.500000003557,26.598076212306));
#10935 = CARTESIAN_POINT('',(6.000000002604,29.196152420103));
#10936 = CARTESIAN_POINT('',(6.,24.));
#10937 = ( GEOMETRIC_REPRESENTATION_CONTEXT(2) 
PARAMETRIC_REPRESENTATION_CONTEXT() REPRESENTATION_CONTEXT('2D SPACE',''
  ) );
#10938 = ORIENTED_EDGE('',*,*,#9046,.T.);
#10939 = ORIENTED_EDGE('',*,*,#10356,.F.);
#10940 = ADVANCED_FACE('',(#10941),#9148,.T.);
#10941 = FACE_BOUND('',#10942,.T.);
#10942 = EDGE_LOOP('',(#10943,#10944,#10973,#10996));
#10943 = ORIENTED_EDGE('',*,*,#9132,.F.);
#10944 = ORIENTED_EDGE('',*,*,#10945,.T.);
#10945 = EDGE_CURVE('',#9133,#10946,#10948,.T.);
#10946 = VERTEX_POINT('',#10947);
#10947 = CARTESIAN_POINT('',(8.4,11.,0.));
#10948 = SURFACE_CURVE('',#10949,(#10953,#10967),.PCURVE_S1.);
#10949 = ( BOUNDED_CURVE() B_SPLINE_CURVE(2,(#10950,#10951,#10952),
.UNSPECIFIED.,.F.,.F.) B_SPLINE_CURVE_WITH_KNOTS((3,3),(0.,
4.622085943032),.PIECEWISE_BEZIER_KNOTS.) CURVE() 
GEOMETRIC_REPRESENTATION_ITEM() RATIONAL_B_SPLINE_CURVE((1.,
0.707106781187,1.)) REPRESENTATION_ITEM('') );
#10950 = CARTESIAN_POINT('',(9.,11.,0.6));
#10951 = CARTESIAN_POINT('',(9.,11.,1.110223024625E-16));
#10952 = CARTESIAN_POINT('',(8.4,11.,0.));
#10953 = PCURVE('',#9148,#10954);
#10954 = DEFINITIONAL_REPRESENTATION('',(#10955),#10966);
#10955 = B_SPLINE_CURVE_WITH_KNOTS('',9,(#10956,#10957,#10958,#10959,
    #10960,#10961,#10962,#10963,#10964,#10965),.UNSPECIFIED.,.F.,.F.,(10
    ,10),(0.,4.622085943032),.PIECEWISE_BEZIER_KNOTS.);
#10956 = CARTESIAN_POINT('',(2.22044604925E-16,0.));
#10957 = CARTESIAN_POINT('',(0.157134840264,0.));
#10958 = CARTESIAN_POINT('',(0.325774716821,0.));
#10959 = CARTESIAN_POINT('',(0.50456638687,0.));
#10960 = CARTESIAN_POINT('',(0.690744851612,0.));
#10961 = CARTESIAN_POINT('',(0.880051475183,0.));
#10962 = CARTESIAN_POINT('',(1.066229939925,0.));
#10963 = CARTESIAN_POINT('',(1.245021609974,0.));
#10964 = CARTESIAN_POINT('',(1.413661486531,0.));
#10965 = CARTESIAN_POINT('',(1.570796326795,0.));
#10966 = ( GEOMETRIC_REPRESENTATION_CONTEXT(2) 
PARAMETRIC_REPRESENTATION_CONTEXT() REPRESENTATION_CONTEXT('2D SPACE',''
  ) );
#10967 = PCURVE('',#9246,#10968);
#10968 = DEFINITIONAL_REPRESENTATION('',(#10969),#10972);
#10969 = B_SPLINE_CURVE_WITH_KNOTS('',1,(#10970,#10971),.UNSPECIFIED.,
  .F.,.F.,(2,2),(0.,4.622085943032),.PIECEWISE_BEZIER_KNOTS.);
#10970 = CARTESIAN_POINT('',(0.,26.61323451816));
#10971 = CARTESIAN_POINT('',(4.622085943032,26.61323451816));
#10972 = ( GEOMETRIC_REPRESENTATION_CONTEXT(2) 
PARAMETRIC_REPRESENTATION_CONTEXT() REPRESENTATION_CONTEXT('2D SPACE',''
  ) );
#10973 = ORIENTED_EDGE('',*,*,#10974,.T.);
#10974 = EDGE_CURVE('',#10946,#10975,#10977,.T.);
#10975 = VERTEX_POINT('',#10976);
#10976 = CARTESIAN_POINT('',(8.4,28.3,-5.551115123126E-17));
#10977 = SURFACE_CURVE('',#10978,(#10982,#10989),.PCURVE_S1.);
#10978 = LINE('',#10979,#10980);
#10979 = CARTESIAN_POINT('',(8.4,11.,-1.110223024625E-16));
#10980 = VECTOR('',#10981,1.);
#10981 = DIRECTION('',(0.,1.,0.));
#10982 = PCURVE('',#9148,#10983);
#10983 = DEFINITIONAL_REPRESENTATION('',(#10984),#10988);
#10984 = LINE('',#10985,#10986);
#10985 = CARTESIAN_POINT('',(1.570796326795,0.));
#10986 = VECTOR('',#10987,1.);
#10987 = DIRECTION('',(0.,1.));
#10988 = ( GEOMETRIC_REPRESENTATION_CONTEXT(2) 
PARAMETRIC_REPRESENTATION_CONTEXT() REPRESENTATION_CONTEXT('2D SPACE',''
  ) );
#10989 = PCURVE('',#9516,#10990);
#10990 = DEFINITIONAL_REPRESENTATION('',(#10991),#10995);
#10991 = LINE('',#10992,#10993);
#10992 = CARTESIAN_POINT('',(8.4,-18.14721913016));
#10993 = VECTOR('',#10994,1.);
#10994 = DIRECTION('',(0.,1.));
#10995 = ( GEOMETRIC_REPRESENTATION_CONTEXT(2) 
PARAMETRIC_REPRESENTATION_CONTEXT() REPRESENTATION_CONTEXT('2D SPACE',''
  ) );
#10996 = ORIENTED_EDGE('',*,*,#10997,.F.);
#10997 = EDGE_CURVE('',#9105,#10975,#10998,.T.);
#10998 = SURFACE_CURVE('',#10999,(#11014,#11032),.PCURVE_S1.);
#10999 = B_SPLINE_CURVE_WITH_KNOTS('',7,(#11000,#11001,#11002,#11003,
    #11004,#11005,#11006,#11007,#11008,#11009,#11010,#11011,#11012,
    #11013),.UNSPECIFIED.,.F.,.F.,(8,6,8),(0.,0.728294222197,1.),
  .UNSPECIFIED.);
#11000 = CARTESIAN_POINT('',(9.,29.5,0.599999982119));
#11001 = CARTESIAN_POINT('',(9.000000267023,29.362397668852,
    0.512972688532));
#11002 = CARTESIAN_POINT('',(8.98527205653,29.225627097746,0.42647139354
    ));
#11003 = CARTESIAN_POINT('',(8.956142325378,29.089485234373,
    0.341712567659));
#11004 = CARTESIAN_POINT('',(8.911877654807,28.954665377824,
    0.260413788377));
#11005 = CARTESIAN_POINT('',(8.851769816274,28.822681564234,
    0.185299545351));
#11006 = CARTESIAN_POINT('',(8.77514966051,28.695931327175,
    0.120188802137));
#11007 = CARTESIAN_POINT('',(8.648399046265,28.533399856443,
    5.243922478362E-02));
#11008 = CARTESIAN_POINT('',(8.611682697969,28.490285217189,
    3.617595471121E-02));
#11009 = CARTESIAN_POINT('',(8.572812502357,28.448522347772,
    2.243281430594E-02));
#11010 = CARTESIAN_POINT('',(8.531961040244,28.408386629061,
    1.157954952505E-02));
#11011 = CARTESIAN_POINT('',(8.489348542943,28.370121690401,
    3.981113548238E-03));
#11012 = CARTESIAN_POINT('',(8.445248474537,28.333936355903,
    -1.110223024625E-16));
#11013 = CARTESIAN_POINT('',(8.4,28.3,-1.110223024625E-16));
#11014 = PCURVE('',#9148,#11015);
#11015 = DEFINITIONAL_REPRESENTATION('',(#11016),#11031);
#11016 = B_SPLINE_CURVE_WITH_KNOTS('',7,(#11017,#11018,#11019,#11020,
    #11021,#11022,#11023,#11024,#11025,#11026,#11027,#11028,#11029,
    #11030),.UNSPECIFIED.,.F.,.F.,(8,6,8),(0.,0.728294222197,1.),
  .UNSPECIFIED.);
#11017 = CARTESIAN_POINT('',(2.98023223877E-08,18.5));
#11018 = CARTESIAN_POINT('',(0.145045156626,18.362397668852));
#11019 = CARTESIAN_POINT('',(0.289216507164,18.225627097746));
#11020 = CARTESIAN_POINT('',(0.435455662429,18.089485234373));
#11021 = CARTESIAN_POINT('',(0.585664683274,17.954665377824));
#11022 = CARTESIAN_POINT('',(0.741692974754,17.822681564234));
#11023 = CARTESIAN_POINT('',(0.905470758086,17.695931327175));
#11024 = CARTESIAN_POINT('',(1.145005744182,17.533399856443));
#11025 = CARTESIAN_POINT('',(1.211751458168,17.490285217189));
#11026 = CARTESIAN_POINT('',(1.280133009264,17.448522347772));
#11027 = CARTESIAN_POINT('',(1.350160994888,17.408386629061));
#11028 = CARTESIAN_POINT('',(1.421881985941,17.370121690401));
#11029 = CARTESIAN_POINT('',(1.495382202567,17.333936355903));
#11030 = CARTESIAN_POINT('',(1.570796326795,17.3));
#11031 = ( GEOMETRIC_REPRESENTATION_CONTEXT(2) 
PARAMETRIC_REPRESENTATION_CONTEXT() REPRESENTATION_CONTEXT('2D SPACE',''
  ) );
#11032 = PCURVE('',#9120,#11033);
#11033 = DEFINITIONAL_REPRESENTATION('',(#11034),#11049);
#11034 = B_SPLINE_CURVE_WITH_KNOTS('',7,(#11035,#11036,#11037,#11038,
    #11039,#11040,#11041,#11042,#11043,#11044,#11045,#11046,#11047,
    #11048),.UNSPECIFIED.,.F.,.F.,(8,6,8),(0.,0.728294222197,1.),
  .UNSPECIFIED.);
#11035 = CARTESIAN_POINT('',(0.,0.599999982119));
#11036 = CARTESIAN_POINT('',(-9.173433398313E-02,0.512972688532));
#11037 = CARTESIAN_POINT('',(-0.182918133376,0.42647139354));
#11038 = CARTESIAN_POINT('',(-0.274929561454,0.341712567659));
#11039 = CARTESIAN_POINT('',(-0.368547206757,0.260413788377));
#11040 = CARTESIAN_POINT('',(-0.464216558532,0.185299545351));
#11041 = CARTESIAN_POINT('',(-0.562261235688,0.120188802137));
#11042 = CARTESIAN_POINT('',(-0.699669301423,5.243922478362E-02));
#11043 = CARTESIAN_POINT('',(-0.737387611132,3.617595471121E-02));
#11044 = CARTESIAN_POINT('',(-0.775363381833,2.243281430594E-02));
#11045 = CARTESIAN_POINT('',(-0.813473742793,1.157954952505E-02));
#11046 = CARTESIAN_POINT('',(-0.851593998413,3.981113548238E-03));
#11047 = CARTESIAN_POINT('',(-0.889588155888,-1.110223024625E-16));
#11048 = CARTESIAN_POINT('',(-0.927295218002,-1.110223024625E-16));
#11049 = ( GEOMETRIC_REPRESENTATION_CONTEXT(2) 
PARAMETRIC_REPRESENTATION_CONTEXT() REPRESENTATION_CONTEXT('2D SPACE',''
  ) );
#11050 = ADVANCED_FACE('',(#11051),#9120,.F.);
#11051 = FACE_BOUND('',#11052,.T.);
#11052 = EDGE_LOOP('',(#11053,#11054,#11082,#11110,#11136));
#11053 = ORIENTED_EDGE('',*,*,#10997,.T.);
#11054 = ORIENTED_EDGE('',*,*,#11055,.T.);
#11055 = EDGE_CURVE('',#10975,#11056,#11058,.T.);
#11056 = VERTEX_POINT('',#11057);
#11057 = CARTESIAN_POINT('',(7.5,28.,0.));
#11058 = SURFACE_CURVE('',#11059,(#11064,#11071),.PCURVE_S1.);
#11059 = CIRCLE('',#11060,1.5);
#11060 = AXIS2_PLACEMENT_3D('',#11061,#11062,#11063);
#11061 = CARTESIAN_POINT('',(7.5,29.5,0.));
#11062 = DIRECTION('',(-0.,-0.,-1.));
#11063 = DIRECTION('',(0.,-1.,0.));
#11064 = PCURVE('',#9120,#11065);
#11065 = DEFINITIONAL_REPRESENTATION('',(#11066),#11070);
#11066 = LINE('',#11067,#11068);
#11067 = CARTESIAN_POINT('',(4.712388980385,-0.));
#11068 = VECTOR('',#11069,1.);
#11069 = DIRECTION('',(-1.,0.));
#11070 = ( GEOMETRIC_REPRESENTATION_CONTEXT(2) 
PARAMETRIC_REPRESENTATION_CONTEXT() REPRESENTATION_CONTEXT('2D SPACE',''
  ) );
#11071 = PCURVE('',#9516,#11072);
#11072 = DEFINITIONAL_REPRESENTATION('',(#11073),#11081);
#11073 = ( BOUNDED_CURVE() B_SPLINE_CURVE(2,(#11074,#11075,#11076,#11077
    ,#11078,#11079,#11080),.UNSPECIFIED.,.T.,.F.) 
B_SPLINE_CURVE_WITH_KNOTS((1,2,2,2,2,1),(-2.094395102393,0.,
    2.094395102393,4.188790204786,6.28318530718,8.377580409573),
.UNSPECIFIED.) CURVE() GEOMETRIC_REPRESENTATION_ITEM() 
RATIONAL_B_SPLINE_CURVE((1.,0.5,1.,0.5,1.,0.5,1.)) REPRESENTATION_ITEM(
  '') );
#11074 = CARTESIAN_POINT('',(7.5,-1.14721913016));
#11075 = CARTESIAN_POINT('',(4.901923788647,-1.14721913016));
#11076 = CARTESIAN_POINT('',(6.200961894323,1.10278086984));
#11077 = CARTESIAN_POINT('',(7.5,3.35278086984));
#11078 = CARTESIAN_POINT('',(8.799038105677,1.10278086984));
#11079 = CARTESIAN_POINT('',(10.098076211353,-1.14721913016));
#11080 = CARTESIAN_POINT('',(7.5,-1.14721913016));
#11081 = ( GEOMETRIC_REPRESENTATION_CONTEXT(2) 
PARAMETRIC_REPRESENTATION_CONTEXT() REPRESENTATION_CONTEXT('2D SPACE',''
  ) );
#11082 = ORIENTED_EDGE('',*,*,#11083,.T.);
#11083 = EDGE_CURVE('',#11056,#11084,#11086,.T.);
#11084 = VERTEX_POINT('',#11085);
#11085 = CARTESIAN_POINT('',(7.5,28.,3.));
#11086 = SURFACE_CURVE('',#11087,(#11091,#11098),.PCURVE_S1.);
#11087 = LINE('',#11088,#11089);
#11088 = CARTESIAN_POINT('',(7.5,28.,0.));
#11089 = VECTOR('',#11090,1.);
#11090 = DIRECTION('',(0.,0.,1.));
#11091 = PCURVE('',#9120,#11092);
#11092 = DEFINITIONAL_REPRESENTATION('',(#11093),#11097);
#11093 = LINE('',#11094,#11095);
#11094 = CARTESIAN_POINT('',(-1.570796326795,0.));
#11095 = VECTOR('',#11096,1.);
#11096 = DIRECTION('',(-0.,1.));
#11097 = ( GEOMETRIC_REPRESENTATION_CONTEXT(2) 
PARAMETRIC_REPRESENTATION_CONTEXT() REPRESENTATION_CONTEXT('2D SPACE',''
  ) );
#11098 = PCURVE('',#11099,#11104);
#11099 = PLANE('',#11100);
#11100 = AXIS2_PLACEMENT_3D('',#11101,#11102,#11103);
#11101 = CARTESIAN_POINT('',(3.,28.,0.));
#11102 = DIRECTION('',(0.,1.,0.));
#11103 = DIRECTION('',(0.,0.,1.));
#11104 = DEFINITIONAL_REPRESENTATION('',(#11105),#11109);
#11105 = LINE('',#11106,#11107);
#11106 = CARTESIAN_POINT('',(0.,4.5));
#11107 = VECTOR('',#11108,1.);
#11108 = DIRECTION('',(1.,0.));
#11109 = ( GEOMETRIC_REPRESENTATION_CONTEXT(2) 
PARAMETRIC_REPRESENTATION_CONTEXT() REPRESENTATION_CONTEXT('2D SPACE',''
  ) );
#11110 = ORIENTED_EDGE('',*,*,#11111,.F.);
#11111 = EDGE_CURVE('',#9077,#11084,#11112,.T.);
#11112 = SURFACE_CURVE('',#11113,(#11118,#11125),.PCURVE_S1.);
#11113 = CIRCLE('',#11114,1.5);
#11114 = AXIS2_PLACEMENT_3D('',#11115,#11116,#11117);
#11115 = CARTESIAN_POINT('',(7.5,29.5,3.));
#11116 = DIRECTION('',(-0.,-0.,-1.));
#11117 = DIRECTION('',(0.,-1.,0.));
#11118 = PCURVE('',#9120,#11119);
#11119 = DEFINITIONAL_REPRESENTATION('',(#11120),#11124);
#11120 = LINE('',#11121,#11122);
#11121 = CARTESIAN_POINT('',(4.712388980385,3.));
#11122 = VECTOR('',#11123,1.);
#11123 = DIRECTION('',(-1.,0.));
#11124 = ( GEOMETRIC_REPRESENTATION_CONTEXT(2) 
PARAMETRIC_REPRESENTATION_CONTEXT() REPRESENTATION_CONTEXT('2D SPACE',''
  ) );
#11125 = PCURVE('',#9092,#11126);
#11126 = DEFINITIONAL_REPRESENTATION('',(#11127),#11135);
#11127 = ( BOUNDED_CURVE() B_SPLINE_CURVE(2,(#11128,#11129,#11130,#11131
    ,#11132,#11133,#11134),.UNSPECIFIED.,.T.,.F.) 
B_SPLINE_CURVE_WITH_KNOTS((1,2,2,2,2,1),(-2.094395102393,0.,
    2.094395102393,4.188790204786,6.28318530718,8.377580409573),
.UNSPECIFIED.) CURVE() GEOMETRIC_REPRESENTATION_ITEM() 
RATIONAL_B_SPLINE_CURVE((1.,0.5,1.,0.5,1.,0.5,1.)) REPRESENTATION_ITEM(
  '') );
#11128 = CARTESIAN_POINT('',(4.5,0.));
#11129 = CARTESIAN_POINT('',(1.901923788647,0.));
#11130 = CARTESIAN_POINT('',(3.200961894323,2.25));
#11131 = CARTESIAN_POINT('',(4.5,4.5));
#11132 = CARTESIAN_POINT('',(5.799038105677,2.25));
#11133 = CARTESIAN_POINT('',(7.098076211353,2.22044604925E-15));
#11134 = CARTESIAN_POINT('',(4.5,0.));
#11135 = ( GEOMETRIC_REPRESENTATION_CONTEXT(2) 
PARAMETRIC_REPRESENTATION_CONTEXT() REPRESENTATION_CONTEXT('2D SPACE',''
  ) );
#11136 = ORIENTED_EDGE('',*,*,#9104,.F.);
#11137 = ADVANCED_FACE('',(#11138,#11277),#9092,.F.);
#11138 = FACE_BOUND('',#11139,.F.);
#11139 = EDGE_LOOP('',(#11140,#11170,#11199,#11220,#11221,#11222,#11223,
    #11246));
#11140 = ORIENTED_EDGE('',*,*,#11141,.F.);
#11141 = EDGE_CURVE('',#11142,#11144,#11146,.T.);
#11142 = VERTEX_POINT('',#11143);
#11143 = CARTESIAN_POINT('',(3.,29.5,3.));
#11144 = VERTEX_POINT('',#11145);
#11145 = CARTESIAN_POINT('',(3.,53.5,3.));
#11146 = SURFACE_CURVE('',#11147,(#11151,#11158),.PCURVE_S1.);
#11147 = LINE('',#11148,#11149);
#11148 = CARTESIAN_POINT('',(3.,28.,3.));
#11149 = VECTOR('',#11150,1.);
#11150 = DIRECTION('',(0.,1.,0.));
#11151 = PCURVE('',#9092,#11152);
#11152 = DEFINITIONAL_REPRESENTATION('',(#11153),#11157);
#11153 = LINE('',#11154,#11155);
#11154 = CARTESIAN_POINT('',(0.,0.));
#11155 = VECTOR('',#11156,1.);
#11156 = DIRECTION('',(0.,1.));
#11157 = ( GEOMETRIC_REPRESENTATION_CONTEXT(2) 
PARAMETRIC_REPRESENTATION_CONTEXT() REPRESENTATION_CONTEXT('2D SPACE',''
  ) );
#11158 = PCURVE('',#11159,#11164);
#11159 = PLANE('',#11160);
#11160 = AXIS2_PLACEMENT_3D('',#11161,#11162,#11163);
#11161 = CARTESIAN_POINT('',(3.,28.,0.));
#11162 = DIRECTION('',(1.,0.,0.));
#11163 = DIRECTION('',(0.,0.,1.));
#11164 = DEFINITIONAL_REPRESENTATION('',(#11165),#11169);
#11165 = LINE('',#11166,#11167);
#11166 = CARTESIAN_POINT('',(3.,0.));
#11167 = VECTOR('',#11168,1.);
#11168 = DIRECTION('',(0.,-1.));
#11169 = ( GEOMETRIC_REPRESENTATION_CONTEXT(2) 
PARAMETRIC_REPRESENTATION_CONTEXT() REPRESENTATION_CONTEXT('2D SPACE',''
  ) );
#11170 = ORIENTED_EDGE('',*,*,#11171,.T.);
#11171 = EDGE_CURVE('',#11142,#11172,#11174,.T.);
#11172 = VERTEX_POINT('',#11173);
#11173 = CARTESIAN_POINT('',(4.5,28.,3.));
#11174 = SURFACE_CURVE('',#11175,(#11180,#11187),.PCURVE_S1.);
#11175 = CIRCLE('',#11176,1.5);
#11176 = AXIS2_PLACEMENT_3D('',#11177,#11178,#11179);
#11177 = CARTESIAN_POINT('',(4.5,29.5,3.));
#11178 = DIRECTION('',(0.,0.,1.));
#11179 = DIRECTION('',(0.,-1.,0.));
#11180 = PCURVE('',#9092,#11181);
#11181 = DEFINITIONAL_REPRESENTATION('',(#11182),#11186);
#11182 = CIRCLE('',#11183,1.5);
#11183 = AXIS2_PLACEMENT_2D('',#11184,#11185);
#11184 = CARTESIAN_POINT('',(1.5,1.5));
#11185 = DIRECTION('',(0.,-1.));
#11186 = ( GEOMETRIC_REPRESENTATION_CONTEXT(2) 
PARAMETRIC_REPRESENTATION_CONTEXT() REPRESENTATION_CONTEXT('2D SPACE',''
  ) );
#11187 = PCURVE('',#11188,#11193);
#11188 = CYLINDRICAL_SURFACE('',#11189,1.5);
#11189 = AXIS2_PLACEMENT_3D('',#11190,#11191,#11192);
#11190 = CARTESIAN_POINT('',(4.5,29.5,0.));
#11191 = DIRECTION('',(0.,0.,1.));
#11192 = DIRECTION('',(-1.,-0.,0.));
#11193 = DEFINITIONAL_REPRESENTATION('',(#11194),#11198);
#11194 = LINE('',#11195,#11196);
#11195 = CARTESIAN_POINT('',(-4.712388980385,3.));
#11196 = VECTOR('',#11197,1.);
#11197 = DIRECTION('',(1.,0.));
#11198 = ( GEOMETRIC_REPRESENTATION_CONTEXT(2) 
PARAMETRIC_REPRESENTATION_CONTEXT() REPRESENTATION_CONTEXT('2D SPACE',''
  ) );
#11199 = ORIENTED_EDGE('',*,*,#11200,.T.);
#11200 = EDGE_CURVE('',#11172,#11084,#11201,.T.);
#11201 = SURFACE_CURVE('',#11202,(#11206,#11213),.PCURVE_S1.);
#11202 = LINE('',#11203,#11204);
#11203 = CARTESIAN_POINT('',(3.,28.,3.));
#11204 = VECTOR('',#11205,1.);
#11205 = DIRECTION('',(1.,0.,0.));
#11206 = PCURVE('',#9092,#11207);
#11207 = DEFINITIONAL_REPRESENTATION('',(#11208),#11212);
#11208 = LINE('',#11209,#11210);
#11209 = CARTESIAN_POINT('',(0.,0.));
#11210 = VECTOR('',#11211,1.);
#11211 = DIRECTION('',(1.,0.));
#11212 = ( GEOMETRIC_REPRESENTATION_CONTEXT(2) 
PARAMETRIC_REPRESENTATION_CONTEXT() REPRESENTATION_CONTEXT('2D SPACE',''
  ) );
#11213 = PCURVE('',#11099,#11214);
#11214 = DEFINITIONAL_REPRESENTATION('',(#11215),#11219);
#11215 = LINE('',#11216,#11217);
#11216 = CARTESIAN_POINT('',(3.,0.));
#11217 = VECTOR('',#11218,1.);
#11218 = DIRECTION('',(0.,1.));
#11219 = ( GEOMETRIC_REPRESENTATION_CONTEXT(2) 
PARAMETRIC_REPRESENTATION_CONTEXT() REPRESENTATION_CONTEXT('2D SPACE',''
  ) );
#11220 = ORIENTED_EDGE('',*,*,#11111,.F.);
#11221 = ORIENTED_EDGE('',*,*,#9076,.T.);
#11222 = ORIENTED_EDGE('',*,*,#10913,.F.);
#11223 = ORIENTED_EDGE('',*,*,#11224,.F.);
#11224 = EDGE_CURVE('',#11225,#10891,#11227,.T.);
#11225 = VERTEX_POINT('',#11226);
#11226 = CARTESIAN_POINT('',(4.5,55.,3.));
#11227 = SURFACE_CURVE('',#11228,(#11232,#11239),.PCURVE_S1.);
#11228 = LINE('',#11229,#11230);
#11229 = CARTESIAN_POINT('',(3.,55.,3.));
#11230 = VECTOR('',#11231,1.);
#11231 = DIRECTION('',(1.,0.,0.));
#11232 = PCURVE('',#9092,#11233);
#11233 = DEFINITIONAL_REPRESENTATION('',(#11234),#11238);
#11234 = LINE('',#11235,#11236);
#11235 = CARTESIAN_POINT('',(0.,27.));
#11236 = VECTOR('',#11237,1.);
#11237 = DIRECTION('',(1.,0.));
#11238 = ( GEOMETRIC_REPRESENTATION_CONTEXT(2) 
PARAMETRIC_REPRESENTATION_CONTEXT() REPRESENTATION_CONTEXT('2D SPACE',''
  ) );
#11239 = PCURVE('',#9682,#11240);
#11240 = DEFINITIONAL_REPRESENTATION('',(#11241),#11245);
#11241 = LINE('',#11242,#11243);
#11242 = CARTESIAN_POINT('',(3.,-3.));
#11243 = VECTOR('',#11244,1.);
#11244 = DIRECTION('',(-1.,-0.));
#11245 = ( GEOMETRIC_REPRESENTATION_CONTEXT(2) 
PARAMETRIC_REPRESENTATION_CONTEXT() REPRESENTATION_CONTEXT('2D SPACE',''
  ) );
#11246 = ORIENTED_EDGE('',*,*,#11247,.F.);
#11247 = EDGE_CURVE('',#11144,#11225,#11248,.T.);
#11248 = SURFACE_CURVE('',#11249,(#11254,#11265),.PCURVE_S1.);
#11249 = CIRCLE('',#11250,1.5);
#11250 = AXIS2_PLACEMENT_3D('',#11251,#11252,#11253);
#11251 = CARTESIAN_POINT('',(4.5,53.5,3.));
#11252 = DIRECTION('',(-0.,-0.,-1.));
#11253 = DIRECTION('',(0.,-1.,0.));
#11254 = PCURVE('',#9092,#11255);
#11255 = DEFINITIONAL_REPRESENTATION('',(#11256),#11264);
#11256 = ( BOUNDED_CURVE() B_SPLINE_CURVE(2,(#11257,#11258,#11259,#11260
    ,#11261,#11262,#11263),.UNSPECIFIED.,.T.,.F.) 
B_SPLINE_CURVE_WITH_KNOTS((1,2,2,2,2,1),(-2.094395102393,0.,
    2.094395102393,4.188790204786,6.28318530718,8.377580409573),
.UNSPECIFIED.) CURVE() GEOMETRIC_REPRESENTATION_ITEM() 
RATIONAL_B_SPLINE_CURVE((1.,0.5,1.,0.5,1.,0.5,1.)) REPRESENTATION_ITEM(
  '') );
#11257 = CARTESIAN_POINT('',(1.5,24.));
#11258 = CARTESIAN_POINT('',(-1.098076211353,24.));
#11259 = CARTESIAN_POINT('',(0.200961894323,26.25));
#11260 = CARTESIAN_POINT('',(1.5,28.5));
#11261 = CARTESIAN_POINT('',(2.799038105677,26.25));
#11262 = CARTESIAN_POINT('',(4.098076211353,24.));
#11263 = CARTESIAN_POINT('',(1.5,24.));
#11264 = ( GEOMETRIC_REPRESENTATION_CONTEXT(2) 
PARAMETRIC_REPRESENTATION_CONTEXT() REPRESENTATION_CONTEXT('2D SPACE',''
  ) );
#11265 = PCURVE('',#11266,#11271);
#11266 = CYLINDRICAL_SURFACE('',#11267,1.5);
#11267 = AXIS2_PLACEMENT_3D('',#11268,#11269,#11270);
#11268 = CARTESIAN_POINT('',(4.5,53.5,0.));
#11269 = DIRECTION('',(0.,0.,1.));
#11270 = DIRECTION('',(-1.,-0.,0.));
#11271 = DEFINITIONAL_REPRESENTATION('',(#11272),#11276);
#11272 = LINE('',#11273,#11274);
#11273 = CARTESIAN_POINT('',(1.570796326795,3.));
#11274 = VECTOR('',#11275,1.);
#11275 = DIRECTION('',(-1.,0.));
#11276 = ( GEOMETRIC_REPRESENTATION_CONTEXT(2) 
PARAMETRIC_REPRESENTATION_CONTEXT() REPRESENTATION_CONTEXT('2D SPACE',''
  ) );
#11277 = FACE_BOUND('',#11278,.F.);
#11278 = EDGE_LOOP('',(#11279,#11280,#11281,#11282));
#11279 = ORIENTED_EDGE('',*,*,#10695,.F.);
#11280 = ORIENTED_EDGE('',*,*,#10641,.T.);
#11281 = ORIENTED_EDGE('',*,*,#10594,.F.);
#11282 = ORIENTED_EDGE('',*,*,#10518,.T.);
#11283 = ADVANCED_FACE('',(#11284),#9246,.T.);
#11284 = FACE_BOUND('',#11285,.T.);
#11285 = EDGE_LOOP('',(#11286,#11287,#11332,#11333));
#11286 = ORIENTED_EDGE('',*,*,#9471,.T.);
#11287 = ORIENTED_EDGE('',*,*,#11288,.T.);
#11288 = EDGE_CURVE('',#9472,#10946,#11289,.T.);
#11289 = SURFACE_CURVE('',#11290,(#11306,#11313),.PCURVE_S1.);
#11290 = ( BOUNDED_CURVE() B_SPLINE_CURVE(14,(#11291,#11292,#11293,
    #11294,#11295,#11296,#11297,#11298,#11299,#11300,#11301,#11302,
    #11303,#11304,#11305),.UNSPECIFIED.,.F.,.F.) 
B_SPLINE_CURVE_WITH_KNOTS((15,15),(21.991148575129,26.61323451816),
.PIECEWISE_BEZIER_KNOTS.) CURVE() GEOMETRIC_REPRESENTATION_ITEM() 
RATIONAL_B_SPLINE_CURVE((1.,1.,0.999999999998,1.000000000006,
    0.999999999987,1.000000000022,0.999999999969,1.000000000035,
    0.999999999968,1.000000000024,0.999999999985,1.000000000007,
0.999999999997,1.000000000001,1.)) REPRESENTATION_ITEM('') );
#11291 = CARTESIAN_POINT('',(6.4,7.,0.));
#11292 = CARTESIAN_POINT('',(6.400000000001,7.514285714287,
    4.424238753131E-14));
#11293 = CARTESIAN_POINT('',(6.478888023818,7.975816199917,
    -2.047251257409E-13));
#11294 = CARTESIAN_POINT('',(6.635179892519,8.389269020982,
    5.72486502648E-13));
#11295 = CARTESIAN_POINT('',(6.843865878887,8.746068644882,
    -1.17761356222E-12));
#11296 = CARTESIAN_POINT('',(7.160130209051,9.052331591894,
    1.898703416714E-12));
#11297 = CARTESIAN_POINT('',(7.326609386734,9.182684529739,
    -2.473687921167E-12));
#11298 = CARTESIAN_POINT('',(7.652991377769,9.528379938957,
    2.645772489984E-12));
#11299 = CARTESIAN_POINT('',(7.788147848288,9.578288925357,
    -2.339628490944E-12));
#11300 = CARTESIAN_POINT('',(8.061229110128,9.865518405061,
    1.71007652483E-12));
#11301 = CARTESIAN_POINT('',(8.140569175609,10.020793919626,
    -1.023459095251E-12));
#11302 = CARTESIAN_POINT('',(8.261553518882,10.191466823168,
    4.882760862301E-13));
#11303 = CARTESIAN_POINT('',(8.347019891955,10.393398617505,
    -1.738054145051E-13));
#11304 = CARTESIAN_POINT('',(8.4,10.657142857142,3.785860513972E-14));
#11305 = CARTESIAN_POINT('',(8.4,11.,0.));
#11306 = PCURVE('',#9246,#11307);
#11307 = DEFINITIONAL_REPRESENTATION('',(#11308),#11312);
#11308 = LINE('',#11309,#11310);
#11309 = CARTESIAN_POINT('',(4.622085943032,0.));
#11310 = VECTOR('',#11311,1.);
#11311 = DIRECTION('',(0.,1.));
#11312 = ( GEOMETRIC_REPRESENTATION_CONTEXT(2) 
PARAMETRIC_REPRESENTATION_CONTEXT() REPRESENTATION_CONTEXT('2D SPACE',''
  ) );
#11313 = PCURVE('',#9516,#11314);
#11314 = DEFINITIONAL_REPRESENTATION('',(#11315),#11331);
#11315 = B_SPLINE_CURVE_WITH_KNOTS('',14,(#11316,#11317,#11318,#11319,
    #11320,#11321,#11322,#11323,#11324,#11325,#11326,#11327,#11328,
    #11329,#11330),.UNSPECIFIED.,.F.,.F.,(15,15),(21.991148575129,
    26.61323451816),.PIECEWISE_BEZIER_KNOTS.);
#11316 = CARTESIAN_POINT('',(6.4,-22.14721913016));
#11317 = CARTESIAN_POINT('',(6.400000000003,-21.63293341588));
#11318 = CARTESIAN_POINT('',(6.478888023805,-21.1714029302));
#11319 = CARTESIAN_POINT('',(6.635179892559,-20.75795010929));
#11320 = CARTESIAN_POINT('',(6.843865878797,-20.40115048502));
#11321 = CARTESIAN_POINT('',(7.160130209211,-20.09488753869));
#11322 = CARTESIAN_POINT('',(7.326609386509,-19.96453459982));
#11323 = CARTESIAN_POINT('',(7.652991378034,-19.61883919186));
#11324 = CARTESIAN_POINT('',(7.788147848039,-19.56893020419));
#11325 = CARTESIAN_POINT('',(8.061229110322,-19.28170072554));
#11326 = CARTESIAN_POINT('',(8.140569175489,-19.12642521026));
#11327 = CARTESIAN_POINT('',(8.26155351894,-18.95575230711));
#11328 = CARTESIAN_POINT('',(8.347019891934,-18.75382051261));
#11329 = CARTESIAN_POINT('',(8.400000000004,-18.49007627302));
#11330 = CARTESIAN_POINT('',(8.4,-18.14721913016));
#11331 = ( GEOMETRIC_REPRESENTATION_CONTEXT(2) 
PARAMETRIC_REPRESENTATION_CONTEXT() REPRESENTATION_CONTEXT('2D SPACE',''
  ) );
#11332 = ORIENTED_EDGE('',*,*,#10945,.F.);
#11333 = ORIENTED_EDGE('',*,*,#9208,.F.);
#11334 = ADVANCED_FACE('',(#11335,#11566,#11569,#11595,#11598,#11624),
  #9516,.F.);
#11335 = FACE_BOUND('',#11336,.F.);
#11336 = EDGE_LOOP('',(#11337,#11338,#11339,#11340,#11341,#11342,#11343,
    #11366,#11390,#11413,#11441,#11469,#11493,#11516,#11544,#11565));
#11337 = ORIENTED_EDGE('',*,*,#10257,.T.);
#11338 = ORIENTED_EDGE('',*,*,#9561,.T.);
#11339 = ORIENTED_EDGE('',*,*,#9501,.T.);
#11340 = ORIENTED_EDGE('',*,*,#11288,.T.);
#11341 = ORIENTED_EDGE('',*,*,#10974,.T.);
#11342 = ORIENTED_EDGE('',*,*,#11055,.T.);
#11343 = ORIENTED_EDGE('',*,*,#11344,.F.);
#11344 = EDGE_CURVE('',#11345,#11056,#11347,.T.);
#11345 = VERTEX_POINT('',#11346);
#11346 = CARTESIAN_POINT('',(4.5,28.,0.));
#11347 = SURFACE_CURVE('',#11348,(#11352,#11359),.PCURVE_S1.);
#11348 = LINE('',#11349,#11350);
#11349 = CARTESIAN_POINT('',(3.,28.,0.));
#11350 = VECTOR('',#11351,1.);
#11351 = DIRECTION('',(1.,0.,0.));
#11352 = PCURVE('',#9516,#11353);
#11353 = DEFINITIONAL_REPRESENTATION('',(#11354),#11358);
#11354 = LINE('',#11355,#11356);
#11355 = CARTESIAN_POINT('',(3.,-1.14721913016));
#11356 = VECTOR('',#11357,1.);
#11357 = DIRECTION('',(1.,0.));
#11358 = ( GEOMETRIC_REPRESENTATION_CONTEXT(2) 
PARAMETRIC_REPRESENTATION_CONTEXT() REPRESENTATION_CONTEXT('2D SPACE',''
  ) );
#11359 = PCURVE('',#11099,#11360);
#11360 = DEFINITIONAL_REPRESENTATION('',(#11361),#11365);
#11361 = LINE('',#11362,#11363);
#11362 = CARTESIAN_POINT('',(0.,0.));
#11363 = VECTOR('',#11364,1.);
#11364 = DIRECTION('',(0.,1.));
#11365 = ( GEOMETRIC_REPRESENTATION_CONTEXT(2) 
PARAMETRIC_REPRESENTATION_CONTEXT() REPRESENTATION_CONTEXT('2D SPACE',''
  ) );
#11366 = ORIENTED_EDGE('',*,*,#11367,.F.);
#11367 = EDGE_CURVE('',#11368,#11345,#11370,.T.);
#11368 = VERTEX_POINT('',#11369);
#11369 = CARTESIAN_POINT('',(3.,29.5,0.));
#11370 = SURFACE_CURVE('',#11371,(#11376,#11383),.PCURVE_S1.);
#11371 = CIRCLE('',#11372,1.5);
#11372 = AXIS2_PLACEMENT_3D('',#11373,#11374,#11375);
#11373 = CARTESIAN_POINT('',(4.5,29.5,0.));
#11374 = DIRECTION('',(0.,0.,1.));
#11375 = DIRECTION('',(0.,-1.,0.));
#11376 = PCURVE('',#9516,#11377);
#11377 = DEFINITIONAL_REPRESENTATION('',(#11378),#11382);
#11378 = CIRCLE('',#11379,1.5);
#11379 = AXIS2_PLACEMENT_2D('',#11380,#11381);
#11380 = CARTESIAN_POINT('',(4.5,0.35278086984));
#11381 = DIRECTION('',(0.,-1.));
#11382 = ( GEOMETRIC_REPRESENTATION_CONTEXT(2) 
PARAMETRIC_REPRESENTATION_CONTEXT() REPRESENTATION_CONTEXT('2D SPACE',''
  ) );
#11383 = PCURVE('',#11188,#11384);
#11384 = DEFINITIONAL_REPRESENTATION('',(#11385),#11389);
#11385 = LINE('',#11386,#11387);
#11386 = CARTESIAN_POINT('',(-4.712388980385,0.));
#11387 = VECTOR('',#11388,1.);
#11388 = DIRECTION('',(1.,0.));
#11389 = ( GEOMETRIC_REPRESENTATION_CONTEXT(2) 
PARAMETRIC_REPRESENTATION_CONTEXT() REPRESENTATION_CONTEXT('2D SPACE',''
  ) );
#11390 = ORIENTED_EDGE('',*,*,#11391,.T.);
#11391 = EDGE_CURVE('',#11368,#11392,#11394,.T.);
#11392 = VERTEX_POINT('',#11393);
#11393 = CARTESIAN_POINT('',(3.,53.5,0.));
#11394 = SURFACE_CURVE('',#11395,(#11399,#11406),.PCURVE_S1.);
#11395 = LINE('',#11396,#11397);
#11396 = CARTESIAN_POINT('',(3.,28.,0.));
#11397 = VECTOR('',#11398,1.);
#11398 = DIRECTION('',(0.,1.,0.));
#11399 = PCURVE('',#9516,#11400);
#11400 = DEFINITIONAL_REPRESENTATION('',(#11401),#11405);
#11401 = LINE('',#11402,#11403);
#11402 = CARTESIAN_POINT('',(3.,-1.14721913016));
#11403 = VECTOR('',#11404,1.);
#11404 = DIRECTION('',(0.,1.));
#11405 = ( GEOMETRIC_REPRESENTATION_CONTEXT(2) 
PARAMETRIC_REPRESENTATION_CONTEXT() REPRESENTATION_CONTEXT('2D SPACE',''
  ) );
#11406 = PCURVE('',#11159,#11407);
#11407 = DEFINITIONAL_REPRESENTATION('',(#11408),#11412);
#11408 = LINE('',#11409,#11410);
#11409 = CARTESIAN_POINT('',(0.,0.));
#11410 = VECTOR('',#11411,1.);
#11411 = DIRECTION('',(0.,-1.));
#11412 = ( GEOMETRIC_REPRESENTATION_CONTEXT(2) 
PARAMETRIC_REPRESENTATION_CONTEXT() REPRESENTATION_CONTEXT('2D SPACE',''
  ) );
#11413 = ORIENTED_EDGE('',*,*,#11414,.T.);
#11414 = EDGE_CURVE('',#11392,#11415,#11417,.T.);
#11415 = VERTEX_POINT('',#11416);
#11416 = CARTESIAN_POINT('',(3.3,54.4,-5.551115123126E-17));
#11417 = SURFACE_CURVE('',#11418,(#11423,#11434),.PCURVE_S1.);
#11418 = CIRCLE('',#11419,1.5);
#11419 = AXIS2_PLACEMENT_3D('',#11420,#11421,#11422);
#11420 = CARTESIAN_POINT('',(4.5,53.5,0.));
#11421 = DIRECTION('',(-0.,-0.,-1.));
#11422 = DIRECTION('',(0.,-1.,0.));
#11423 = PCURVE('',#9516,#11424);
#11424 = DEFINITIONAL_REPRESENTATION('',(#11425),#11433);
#11425 = ( BOUNDED_CURVE() B_SPLINE_CURVE(2,(#11426,#11427,#11428,#11429
    ,#11430,#11431,#11432),.UNSPECIFIED.,.T.,.F.) 
B_SPLINE_CURVE_WITH_KNOTS((1,2,2,2,2,1),(-2.094395102393,0.,
    2.094395102393,4.188790204786,6.28318530718,8.377580409573),
.UNSPECIFIED.) CURVE() GEOMETRIC_REPRESENTATION_ITEM() 
RATIONAL_B_SPLINE_CURVE((1.,0.5,1.,0.5,1.,0.5,1.)) REPRESENTATION_ITEM(
  '') );
#11426 = CARTESIAN_POINT('',(4.5,22.85278086984));
#11427 = CARTESIAN_POINT('',(1.901923788647,22.85278086984));
#11428 = CARTESIAN_POINT('',(3.200961894323,25.10278086984));
#11429 = CARTESIAN_POINT('',(4.5,27.35278086984));
#11430 = CARTESIAN_POINT('',(5.799038105677,25.10278086984));
#11431 = CARTESIAN_POINT('',(7.098076211353,22.85278086984));
#11432 = CARTESIAN_POINT('',(4.5,22.85278086984));
#11433 = ( GEOMETRIC_REPRESENTATION_CONTEXT(2) 
PARAMETRIC_REPRESENTATION_CONTEXT() REPRESENTATION_CONTEXT('2D SPACE',''
  ) );
#11434 = PCURVE('',#11266,#11435);
#11435 = DEFINITIONAL_REPRESENTATION('',(#11436),#11440);
#11436 = LINE('',#11437,#11438);
#11437 = CARTESIAN_POINT('',(1.570796326795,-0.));
#11438 = VECTOR('',#11439,1.);
#11439 = DIRECTION('',(-1.,0.));
#11440 = ( GEOMETRIC_REPRESENTATION_CONTEXT(2) 
PARAMETRIC_REPRESENTATION_CONTEXT() REPRESENTATION_CONTEXT('2D SPACE',''
  ) );
#11441 = ORIENTED_EDGE('',*,*,#11442,.T.);
#11442 = EDGE_CURVE('',#11415,#11443,#11445,.T.);
#11443 = VERTEX_POINT('',#11444);
#11444 = CARTESIAN_POINT('',(-3.3,54.4,-5.551115123126E-17));
#11445 = SURFACE_CURVE('',#11446,(#11450,#11457),.PCURVE_S1.);
#11446 = LINE('',#11447,#11448);
#11447 = CARTESIAN_POINT('',(6.,54.4,-1.110223024625E-16));
#11448 = VECTOR('',#11449,1.);
#11449 = DIRECTION('',(-1.,0.,0.));
#11450 = PCURVE('',#9516,#11451);
#11451 = DEFINITIONAL_REPRESENTATION('',(#11452),#11456);
#11452 = LINE('',#11453,#11454);
#11453 = CARTESIAN_POINT('',(6.,25.25278086984));
#11454 = VECTOR('',#11455,1.);
#11455 = DIRECTION('',(-1.,0.));
#11456 = ( GEOMETRIC_REPRESENTATION_CONTEXT(2) 
PARAMETRIC_REPRESENTATION_CONTEXT() REPRESENTATION_CONTEXT('2D SPACE',''
  ) );
#11457 = PCURVE('',#11458,#11463);
#11458 = CYLINDRICAL_SURFACE('',#11459,0.6);
#11459 = AXIS2_PLACEMENT_3D('',#11460,#11461,#11462);
#11460 = CARTESIAN_POINT('',(6.,54.4,0.6));
#11461 = DIRECTION('',(-1.,0.,0.));
#11462 = DIRECTION('',(0.,1.,-0.));
#11463 = DEFINITIONAL_REPRESENTATION('',(#11464),#11468);
#11464 = LINE('',#11465,#11466);
#11465 = CARTESIAN_POINT('',(1.570796326795,0.));
#11466 = VECTOR('',#11467,1.);
#11467 = DIRECTION('',(0.,1.));
#11468 = ( GEOMETRIC_REPRESENTATION_CONTEXT(2) 
PARAMETRIC_REPRESENTATION_CONTEXT() REPRESENTATION_CONTEXT('2D SPACE',''
  ) );
#11469 = ORIENTED_EDGE('',*,*,#11470,.F.);
#11470 = EDGE_CURVE('',#11471,#11443,#11473,.T.);
#11471 = VERTEX_POINT('',#11472);
#11472 = CARTESIAN_POINT('',(-3.,53.5,0.));
#11473 = SURFACE_CURVE('',#11474,(#11479,#11486),.PCURVE_S1.);
#11474 = CIRCLE('',#11475,1.5);
#11475 = AXIS2_PLACEMENT_3D('',#11476,#11477,#11478);
#11476 = CARTESIAN_POINT('',(-4.5,53.5,0.));
#11477 = DIRECTION('',(0.,0.,1.));
#11478 = DIRECTION('',(0.,-1.,0.));
#11479 = PCURVE('',#9516,#11480);
#11480 = DEFINITIONAL_REPRESENTATION('',(#11481),#11485);
#11481 = CIRCLE('',#11482,1.5);
#11482 = AXIS2_PLACEMENT_2D('',#11483,#11484);
#11483 = CARTESIAN_POINT('',(-4.5,24.35278086984));
#11484 = DIRECTION('',(0.,-1.));
#11485 = ( GEOMETRIC_REPRESENTATION_CONTEXT(2) 
PARAMETRIC_REPRESENTATION_CONTEXT() REPRESENTATION_CONTEXT('2D SPACE',''
  ) );
#11486 = PCURVE('',#9850,#11487);
#11487 = DEFINITIONAL_REPRESENTATION('',(#11488),#11492);
#11488 = LINE('',#11489,#11490);
#11489 = CARTESIAN_POINT('',(-1.570796326795,0.));
#11490 = VECTOR('',#11491,1.);
#11491 = DIRECTION('',(1.,0.));
#11492 = ( GEOMETRIC_REPRESENTATION_CONTEXT(2) 
PARAMETRIC_REPRESENTATION_CONTEXT() REPRESENTATION_CONTEXT('2D SPACE',''
  ) );
#11493 = ORIENTED_EDGE('',*,*,#11494,.F.);
#11494 = EDGE_CURVE('',#11495,#11471,#11497,.T.);
#11495 = VERTEX_POINT('',#11496);
#11496 = CARTESIAN_POINT('',(-3.,29.5,0.));
#11497 = SURFACE_CURVE('',#11498,(#11502,#11509),.PCURVE_S1.);
#11498 = LINE('',#11499,#11500);
#11499 = CARTESIAN_POINT('',(-3.,28.,0.));
#11500 = VECTOR('',#11501,1.);
#11501 = DIRECTION('',(0.,1.,0.));
#11502 = PCURVE('',#9516,#11503);
#11503 = DEFINITIONAL_REPRESENTATION('',(#11504),#11508);
#11504 = LINE('',#11505,#11506);
#11505 = CARTESIAN_POINT('',(-3.,-1.14721913016));
#11506 = VECTOR('',#11507,1.);
#11507 = DIRECTION('',(0.,1.));
#11508 = ( GEOMETRIC_REPRESENTATION_CONTEXT(2) 
PARAMETRIC_REPRESENTATION_CONTEXT() REPRESENTATION_CONTEXT('2D SPACE',''
  ) );
#11509 = PCURVE('',#9821,#11510);
#11510 = DEFINITIONAL_REPRESENTATION('',(#11511),#11515);
#11511 = LINE('',#11512,#11513);
#11512 = CARTESIAN_POINT('',(0.,0.));
#11513 = VECTOR('',#11514,1.);
#11514 = DIRECTION('',(0.,-1.));
#11515 = ( GEOMETRIC_REPRESENTATION_CONTEXT(2) 
PARAMETRIC_REPRESENTATION_CONTEXT() REPRESENTATION_CONTEXT('2D SPACE',''
  ) );
#11516 = ORIENTED_EDGE('',*,*,#11517,.T.);
#11517 = EDGE_CURVE('',#11495,#11518,#11520,.T.);
#11518 = VERTEX_POINT('',#11519);
#11519 = CARTESIAN_POINT('',(-4.5,28.,0.));
#11520 = SURFACE_CURVE('',#11521,(#11526,#11537),.PCURVE_S1.);
#11521 = CIRCLE('',#11522,1.5);
#11522 = AXIS2_PLACEMENT_3D('',#11523,#11524,#11525);
#11523 = CARTESIAN_POINT('',(-4.5,29.5,0.));
#11524 = DIRECTION('',(-0.,-0.,-1.));
#11525 = DIRECTION('',(0.,-1.,0.));
#11526 = PCURVE('',#9516,#11527);
#11527 = DEFINITIONAL_REPRESENTATION('',(#11528),#11536);
#11528 = ( BOUNDED_CURVE() B_SPLINE_CURVE(2,(#11529,#11530,#11531,#11532
    ,#11533,#11534,#11535),.UNSPECIFIED.,.T.,.F.) 
B_SPLINE_CURVE_WITH_KNOTS((1,2,2,2,2,1),(-2.094395102393,0.,
    2.094395102393,4.188790204786,6.28318530718,8.377580409573),
.UNSPECIFIED.) CURVE() GEOMETRIC_REPRESENTATION_ITEM() 
RATIONAL_B_SPLINE_CURVE((1.,0.5,1.,0.5,1.,0.5,1.)) REPRESENTATION_ITEM(
  '') );
#11529 = CARTESIAN_POINT('',(-4.5,-1.14721913016));
#11530 = CARTESIAN_POINT('',(-7.098076211353,-1.14721913016));
#11531 = CARTESIAN_POINT('',(-5.799038105677,1.10278086984));
#11532 = CARTESIAN_POINT('',(-4.5,3.35278086984));
#11533 = CARTESIAN_POINT('',(-3.200961894323,1.10278086984));
#11534 = CARTESIAN_POINT('',(-1.901923788647,-1.14721913016));
#11535 = CARTESIAN_POINT('',(-4.5,-1.14721913016));
#11536 = ( GEOMETRIC_REPRESENTATION_CONTEXT(2) 
PARAMETRIC_REPRESENTATION_CONTEXT() REPRESENTATION_CONTEXT('2D SPACE',''
  ) );
#11537 = PCURVE('',#9793,#11538);
#11538 = DEFINITIONAL_REPRESENTATION('',(#11539),#11543);
#11539 = LINE('',#11540,#11541);
#11540 = CARTESIAN_POINT('',(4.712388980385,-0.));
#11541 = VECTOR('',#11542,1.);
#11542 = DIRECTION('',(-1.,0.));
#11543 = ( GEOMETRIC_REPRESENTATION_CONTEXT(2) 
PARAMETRIC_REPRESENTATION_CONTEXT() REPRESENTATION_CONTEXT('2D SPACE',''
  ) );
#11544 = ORIENTED_EDGE('',*,*,#11545,.F.);
#11545 = EDGE_CURVE('',#10206,#11518,#11546,.T.);
#11546 = SURFACE_CURVE('',#11547,(#11551,#11558),.PCURVE_S1.);
#11547 = LINE('',#11548,#11549);
#11548 = CARTESIAN_POINT('',(-9.,28.,0.));
#11549 = VECTOR('',#11550,1.);
#11550 = DIRECTION('',(1.,0.,0.));
#11551 = PCURVE('',#9516,#11552);
#11552 = DEFINITIONAL_REPRESENTATION('',(#11553),#11557);
#11553 = LINE('',#11554,#11555);
#11554 = CARTESIAN_POINT('',(-9.,-1.14721913016));
#11555 = VECTOR('',#11556,1.);
#11556 = DIRECTION('',(1.,0.));
#11557 = ( GEOMETRIC_REPRESENTATION_CONTEXT(2) 
PARAMETRIC_REPRESENTATION_CONTEXT() REPRESENTATION_CONTEXT('2D SPACE',''
  ) );
#11558 = PCURVE('',#9760,#11559);
#11559 = DEFINITIONAL_REPRESENTATION('',(#11560),#11564);
#11560 = LINE('',#11561,#11562);
#11561 = CARTESIAN_POINT('',(0.,0.));
#11562 = VECTOR('',#11563,1.);
#11563 = DIRECTION('',(0.,1.));
#11564 = ( GEOMETRIC_REPRESENTATION_CONTEXT(2) 
PARAMETRIC_REPRESENTATION_CONTEXT() REPRESENTATION_CONTEXT('2D SPACE',''
  ) );
#11565 = ORIENTED_EDGE('',*,*,#10205,.F.);
#11566 = FACE_BOUND('',#11567,.F.);
#11567 = EDGE_LOOP('',(#11568));
#11568 = ORIENTED_EDGE('',*,*,#10814,.F.);
#11569 = FACE_BOUND('',#11570,.F.);
#11570 = EDGE_LOOP('',(#11571));
#11571 = ORIENTED_EDGE('',*,*,#11572,.F.);
#11572 = EDGE_CURVE('',#11573,#11573,#11575,.T.);
#11573 = VERTEX_POINT('',#11574);
#11574 = CARTESIAN_POINT('',(-3.85,24.,0.));
#11575 = SURFACE_CURVE('',#11576,(#11581,#11588),.PCURVE_S1.);
#11576 = CIRCLE('',#11577,1.65);
#11577 = AXIS2_PLACEMENT_3D('',#11578,#11579,#11580);
#11578 = CARTESIAN_POINT('',(-5.5,24.,0.));
#11579 = DIRECTION('',(0.,0.,1.));
#11580 = DIRECTION('',(1.,0.,-0.));
#11581 = PCURVE('',#9516,#11582);
#11582 = DEFINITIONAL_REPRESENTATION('',(#11583),#11587);
#11583 = CIRCLE('',#11584,1.65);
#11584 = AXIS2_PLACEMENT_2D('',#11585,#11586);
#11585 = CARTESIAN_POINT('',(-5.5,-5.14721913016));
#11586 = DIRECTION('',(1.,0.));
#11587 = ( GEOMETRIC_REPRESENTATION_CONTEXT(2) 
PARAMETRIC_REPRESENTATION_CONTEXT() REPRESENTATION_CONTEXT('2D SPACE',''
  ) );
#11588 = PCURVE('',#10740,#11589);
#11589 = DEFINITIONAL_REPRESENTATION('',(#11590),#11594);
#11590 = LINE('',#11591,#11592);
#11591 = CARTESIAN_POINT('',(0.,0.));
#11592 = VECTOR('',#11593,1.);
#11593 = DIRECTION('',(1.,0.));
#11594 = ( GEOMETRIC_REPRESENTATION_CONTEXT(2) 
PARAMETRIC_REPRESENTATION_CONTEXT() REPRESENTATION_CONTEXT('2D SPACE',''
  ) );
#11595 = FACE_BOUND('',#11596,.F.);
#11596 = EDGE_LOOP('',(#11597));
#11597 = ORIENTED_EDGE('',*,*,#10864,.F.);
#11598 = FACE_BOUND('',#11599,.F.);
#11599 = EDGE_LOOP('',(#11600));
#11600 = ORIENTED_EDGE('',*,*,#11601,.F.);
#11601 = EDGE_CURVE('',#11602,#11602,#11604,.T.);
#11602 = VERTEX_POINT('',#11603);
#11603 = CARTESIAN_POINT('',(7.15,24.,0.));
#11604 = SURFACE_CURVE('',#11605,(#11610,#11617),.PCURVE_S1.);
#11605 = CIRCLE('',#11606,1.65);
#11606 = AXIS2_PLACEMENT_3D('',#11607,#11608,#11609);
#11607 = CARTESIAN_POINT('',(5.5,24.,0.));
#11608 = DIRECTION('',(0.,0.,1.));
#11609 = DIRECTION('',(1.,0.,-0.));
#11610 = PCURVE('',#9516,#11611);
#11611 = DEFINITIONAL_REPRESENTATION('',(#11612),#11616);
#11612 = CIRCLE('',#11613,1.65);
#11613 = AXIS2_PLACEMENT_2D('',#11614,#11615);
#11614 = CARTESIAN_POINT('',(5.5,-5.14721913016));
#11615 = DIRECTION('',(1.,0.));
#11616 = ( GEOMETRIC_REPRESENTATION_CONTEXT(2) 
PARAMETRIC_REPRESENTATION_CONTEXT() REPRESENTATION_CONTEXT('2D SPACE',''
  ) );
#11617 = PCURVE('',#10775,#11618);
#11618 = DEFINITIONAL_REPRESENTATION('',(#11619),#11623);
#11619 = LINE('',#11620,#11621);
#11620 = CARTESIAN_POINT('',(0.,0.));
#11621 = VECTOR('',#11622,1.);
#11622 = DIRECTION('',(1.,0.));
#11623 = ( GEOMETRIC_REPRESENTATION_CONTEXT(2) 
PARAMETRIC_REPRESENTATION_CONTEXT() REPRESENTATION_CONTEXT('2D SPACE',''
  ) );
#11624 = FACE_BOUND('',#11625,.F.);
#11625 = EDGE_LOOP('',(#11626,#11657,#11685,#11718,#11746,#11775,#11803,
    #11836));
#11626 = ORIENTED_EDGE('',*,*,#11627,.F.);
#11627 = EDGE_CURVE('',#11628,#11630,#11632,.T.);
#11628 = VERTEX_POINT('',#11629);
#11629 = CARTESIAN_POINT('',(-2.2,26.5,0.));
#11630 = VERTEX_POINT('',#11631);
#11631 = CARTESIAN_POINT('',(-0.7,25.,0.));
#11632 = SURFACE_CURVE('',#11633,(#11638,#11645),.PCURVE_S1.);
#11633 = CIRCLE('',#11634,1.5);
#11634 = AXIS2_PLACEMENT_3D('',#11635,#11636,#11637);
#11635 = CARTESIAN_POINT('',(-0.7,26.5,0.));
#11636 = DIRECTION('',(0.,0.,1.));
#11637 = DIRECTION('',(0.,-1.,0.));
#11638 = PCURVE('',#9516,#11639);
#11639 = DEFINITIONAL_REPRESENTATION('',(#11640),#11644);
#11640 = CIRCLE('',#11641,1.5);
#11641 = AXIS2_PLACEMENT_2D('',#11642,#11643);
#11642 = CARTESIAN_POINT('',(-0.7,-2.64721913016));
#11643 = DIRECTION('',(0.,-1.));
#11644 = ( GEOMETRIC_REPRESENTATION_CONTEXT(2) 
PARAMETRIC_REPRESENTATION_CONTEXT() REPRESENTATION_CONTEXT('2D SPACE',''
  ) );
#11645 = PCURVE('',#11646,#11651);
#11646 = CYLINDRICAL_SURFACE('',#11647,1.5);
#11647 = AXIS2_PLACEMENT_3D('',#11648,#11649,#11650);
#11648 = CARTESIAN_POINT('',(-0.7,26.5,0.));
#11649 = DIRECTION('',(0.,0.,1.));
#11650 = DIRECTION('',(-1.,-0.,0.));
#11651 = DEFINITIONAL_REPRESENTATION('',(#11652),#11656);
#11652 = LINE('',#11653,#11654);
#11653 = CARTESIAN_POINT('',(-4.712388980385,0.));
#11654 = VECTOR('',#11655,1.);
#11655 = DIRECTION('',(1.,0.));
#11656 = ( GEOMETRIC_REPRESENTATION_CONTEXT(2) 
PARAMETRIC_REPRESENTATION_CONTEXT() REPRESENTATION_CONTEXT('2D SPACE',''
  ) );
#11657 = ORIENTED_EDGE('',*,*,#11658,.T.);
#11658 = EDGE_CURVE('',#11628,#11659,#11661,.T.);
#11659 = VERTEX_POINT('',#11660);
#11660 = CARTESIAN_POINT('',(-2.2,45.5,0.));
#11661 = SURFACE_CURVE('',#11662,(#11666,#11673),.PCURVE_S1.);
#11662 = LINE('',#11663,#11664);
#11663 = CARTESIAN_POINT('',(-2.2,25.,0.));
#11664 = VECTOR('',#11665,1.);
#11665 = DIRECTION('',(0.,1.,0.));
#11666 = PCURVE('',#9516,#11667);
#11667 = DEFINITIONAL_REPRESENTATION('',(#11668),#11672);
#11668 = LINE('',#11669,#11670);
#11669 = CARTESIAN_POINT('',(-2.2,-4.14721913016));
#11670 = VECTOR('',#11671,1.);
#11671 = DIRECTION('',(0.,1.));
#11672 = ( GEOMETRIC_REPRESENTATION_CONTEXT(2) 
PARAMETRIC_REPRESENTATION_CONTEXT() REPRESENTATION_CONTEXT('2D SPACE',''
  ) );
#11673 = PCURVE('',#11674,#11679);
#11674 = PLANE('',#11675);
#11675 = AXIS2_PLACEMENT_3D('',#11676,#11677,#11678);
#11676 = CARTESIAN_POINT('',(-2.2,25.,0.));
#11677 = DIRECTION('',(1.,0.,0.));
#11678 = DIRECTION('',(0.,0.,1.));
#11679 = DEFINITIONAL_REPRESENTATION('',(#11680),#11684);
#11680 = LINE('',#11681,#11682);
#11681 = CARTESIAN_POINT('',(0.,0.));
#11682 = VECTOR('',#11683,1.);
#11683 = DIRECTION('',(0.,-1.));
#11684 = ( GEOMETRIC_REPRESENTATION_CONTEXT(2) 
PARAMETRIC_REPRESENTATION_CONTEXT() REPRESENTATION_CONTEXT('2D SPACE',''
  ) );
#11685 = ORIENTED_EDGE('',*,*,#11686,.T.);
#11686 = EDGE_CURVE('',#11659,#11687,#11689,.T.);
#11687 = VERTEX_POINT('',#11688);
#11688 = CARTESIAN_POINT('',(-0.7,47.,0.));
#11689 = SURFACE_CURVE('',#11690,(#11695,#11706),.PCURVE_S1.);
#11690 = CIRCLE('',#11691,1.5);
#11691 = AXIS2_PLACEMENT_3D('',#11692,#11693,#11694);
#11692 = CARTESIAN_POINT('',(-0.7,45.5,0.));
#11693 = DIRECTION('',(-0.,-0.,-1.));
#11694 = DIRECTION('',(0.,-1.,0.));
#11695 = PCURVE('',#9516,#11696);
#11696 = DEFINITIONAL_REPRESENTATION('',(#11697),#11705);
#11697 = ( BOUNDED_CURVE() B_SPLINE_CURVE(2,(#11698,#11699,#11700,#11701
    ,#11702,#11703,#11704),.UNSPECIFIED.,.T.,.F.) 
B_SPLINE_CURVE_WITH_KNOTS((1,2,2,2,2,1),(-2.094395102393,0.,
    2.094395102393,4.188790204786,6.28318530718,8.377580409573),
.UNSPECIFIED.) CURVE() GEOMETRIC_REPRESENTATION_ITEM() 
RATIONAL_B_SPLINE_CURVE((1.,0.5,1.,0.5,1.,0.5,1.)) REPRESENTATION_ITEM(
  '') );
#11698 = CARTESIAN_POINT('',(-0.7,14.85278086984));
#11699 = CARTESIAN_POINT('',(-3.298076211353,14.85278086984));
#11700 = CARTESIAN_POINT('',(-1.999038105677,17.10278086984));
#11701 = CARTESIAN_POINT('',(-0.7,19.35278086984));
#11702 = CARTESIAN_POINT('',(0.599038105677,17.10278086984));
#11703 = CARTESIAN_POINT('',(1.898076211353,14.85278086984));
#11704 = CARTESIAN_POINT('',(-0.7,14.85278086984));
#11705 = ( GEOMETRIC_REPRESENTATION_CONTEXT(2) 
PARAMETRIC_REPRESENTATION_CONTEXT() REPRESENTATION_CONTEXT('2D SPACE',''
  ) );
#11706 = PCURVE('',#11707,#11712);
#11707 = CYLINDRICAL_SURFACE('',#11708,1.5);
#11708 = AXIS2_PLACEMENT_3D('',#11709,#11710,#11711);
#11709 = CARTESIAN_POINT('',(-0.7,45.5,0.));
#11710 = DIRECTION('',(0.,0.,1.));
#11711 = DIRECTION('',(-1.,-0.,0.));
#11712 = DEFINITIONAL_REPRESENTATION('',(#11713),#11717);
#11713 = LINE('',#11714,#11715);
#11714 = CARTESIAN_POINT('',(1.570796326795,-0.));
#11715 = VECTOR('',#11716,1.);
#11716 = DIRECTION('',(-1.,0.));
#11717 = ( GEOMETRIC_REPRESENTATION_CONTEXT(2) 
PARAMETRIC_REPRESENTATION_CONTEXT() REPRESENTATION_CONTEXT('2D SPACE',''
  ) );
#11718 = ORIENTED_EDGE('',*,*,#11719,.T.);
#11719 = EDGE_CURVE('',#11687,#11720,#11722,.T.);
#11720 = VERTEX_POINT('',#11721);
#11721 = CARTESIAN_POINT('',(0.7,47.,0.));
#11722 = SURFACE_CURVE('',#11723,(#11727,#11734),.PCURVE_S1.);
#11723 = LINE('',#11724,#11725);
#11724 = CARTESIAN_POINT('',(-2.2,47.,0.));
#11725 = VECTOR('',#11726,1.);
#11726 = DIRECTION('',(1.,0.,0.));
#11727 = PCURVE('',#9516,#11728);
#11728 = DEFINITIONAL_REPRESENTATION('',(#11729),#11733);
#11729 = LINE('',#11730,#11731);
#11730 = CARTESIAN_POINT('',(-2.2,17.85278086984));
#11731 = VECTOR('',#11732,1.);
#11732 = DIRECTION('',(1.,0.));
#11733 = ( GEOMETRIC_REPRESENTATION_CONTEXT(2) 
PARAMETRIC_REPRESENTATION_CONTEXT() REPRESENTATION_CONTEXT('2D SPACE',''
  ) );
#11734 = PCURVE('',#11735,#11740);
#11735 = PLANE('',#11736);
#11736 = AXIS2_PLACEMENT_3D('',#11737,#11738,#11739);
#11737 = CARTESIAN_POINT('',(-2.2,47.,0.));
#11738 = DIRECTION('',(0.,1.,0.));
#11739 = DIRECTION('',(0.,0.,1.));
#11740 = DEFINITIONAL_REPRESENTATION('',(#11741),#11745);
#11741 = LINE('',#11742,#11743);
#11742 = CARTESIAN_POINT('',(0.,0.));
#11743 = VECTOR('',#11744,1.);
#11744 = DIRECTION('',(0.,1.));
#11745 = ( GEOMETRIC_REPRESENTATION_CONTEXT(2) 
PARAMETRIC_REPRESENTATION_CONTEXT() REPRESENTATION_CONTEXT('2D SPACE',''
  ) );
#11746 = ORIENTED_EDGE('',*,*,#11747,.F.);
#11747 = EDGE_CURVE('',#11748,#11720,#11750,.T.);
#11748 = VERTEX_POINT('',#11749);
#11749 = CARTESIAN_POINT('',(2.2,45.5,0.));
#11750 = SURFACE_CURVE('',#11751,(#11756,#11763),.PCURVE_S1.);
#11751 = CIRCLE('',#11752,1.5);
#11752 = AXIS2_PLACEMENT_3D('',#11753,#11754,#11755);
#11753 = CARTESIAN_POINT('',(0.7,45.5,0.));
#11754 = DIRECTION('',(0.,0.,1.));
#11755 = DIRECTION('',(0.,-1.,0.));
#11756 = PCURVE('',#9516,#11757);
#11757 = DEFINITIONAL_REPRESENTATION('',(#11758),#11762);
#11758 = CIRCLE('',#11759,1.5);
#11759 = AXIS2_PLACEMENT_2D('',#11760,#11761);
#11760 = CARTESIAN_POINT('',(0.7,16.35278086984));
#11761 = DIRECTION('',(0.,-1.));
#11762 = ( GEOMETRIC_REPRESENTATION_CONTEXT(2) 
PARAMETRIC_REPRESENTATION_CONTEXT() REPRESENTATION_CONTEXT('2D SPACE',''
  ) );
#11763 = PCURVE('',#11764,#11769);
#11764 = CYLINDRICAL_SURFACE('',#11765,1.5);
#11765 = AXIS2_PLACEMENT_3D('',#11766,#11767,#11768);
#11766 = CARTESIAN_POINT('',(0.7,45.5,0.));
#11767 = DIRECTION('',(0.,0.,1.));
#11768 = DIRECTION('',(1.,0.,-0.));
#11769 = DEFINITIONAL_REPRESENTATION('',(#11770),#11774);
#11770 = LINE('',#11771,#11772);
#11771 = CARTESIAN_POINT('',(-1.570796326795,0.));
#11772 = VECTOR('',#11773,1.);
#11773 = DIRECTION('',(1.,0.));
#11774 = ( GEOMETRIC_REPRESENTATION_CONTEXT(2) 
PARAMETRIC_REPRESENTATION_CONTEXT() REPRESENTATION_CONTEXT('2D SPACE',''
  ) );
#11775 = ORIENTED_EDGE('',*,*,#11776,.F.);
#11776 = EDGE_CURVE('',#11777,#11748,#11779,.T.);
#11777 = VERTEX_POINT('',#11778);
#11778 = CARTESIAN_POINT('',(2.2,26.5,0.));
#11779 = SURFACE_CURVE('',#11780,(#11784,#11791),.PCURVE_S1.);
#11780 = LINE('',#11781,#11782);
#11781 = CARTESIAN_POINT('',(2.2,25.,0.));
#11782 = VECTOR('',#11783,1.);
#11783 = DIRECTION('',(0.,1.,0.));
#11784 = PCURVE('',#9516,#11785);
#11785 = DEFINITIONAL_REPRESENTATION('',(#11786),#11790);
#11786 = LINE('',#11787,#11788);
#11787 = CARTESIAN_POINT('',(2.2,-4.14721913016));
#11788 = VECTOR('',#11789,1.);
#11789 = DIRECTION('',(0.,1.));
#11790 = ( GEOMETRIC_REPRESENTATION_CONTEXT(2) 
PARAMETRIC_REPRESENTATION_CONTEXT() REPRESENTATION_CONTEXT('2D SPACE',''
  ) );
#11791 = PCURVE('',#11792,#11797);
#11792 = PLANE('',#11793);
#11793 = AXIS2_PLACEMENT_3D('',#11794,#11795,#11796);
#11794 = CARTESIAN_POINT('',(2.2,25.,0.));
#11795 = DIRECTION('',(1.,0.,0.));
#11796 = DIRECTION('',(0.,0.,1.));
#11797 = DEFINITIONAL_REPRESENTATION('',(#11798),#11802);
#11798 = LINE('',#11799,#11800);
#11799 = CARTESIAN_POINT('',(0.,0.));
#11800 = VECTOR('',#11801,1.);
#11801 = DIRECTION('',(0.,-1.));
#11802 = ( GEOMETRIC_REPRESENTATION_CONTEXT(2) 
PARAMETRIC_REPRESENTATION_CONTEXT() REPRESENTATION_CONTEXT('2D SPACE',''
  ) );
#11803 = ORIENTED_EDGE('',*,*,#11804,.T.);
#11804 = EDGE_CURVE('',#11777,#11805,#11807,.T.);
#11805 = VERTEX_POINT('',#11806);
#11806 = CARTESIAN_POINT('',(0.7,25.,0.));
#11807 = SURFACE_CURVE('',#11808,(#11813,#11824),.PCURVE_S1.);
#11808 = CIRCLE('',#11809,1.5);
#11809 = AXIS2_PLACEMENT_3D('',#11810,#11811,#11812);
#11810 = CARTESIAN_POINT('',(0.7,26.5,0.));
#11811 = DIRECTION('',(-0.,-0.,-1.));
#11812 = DIRECTION('',(0.,-1.,0.));
#11813 = PCURVE('',#9516,#11814);
#11814 = DEFINITIONAL_REPRESENTATION('',(#11815),#11823);
#11815 = ( BOUNDED_CURVE() B_SPLINE_CURVE(2,(#11816,#11817,#11818,#11819
    ,#11820,#11821,#11822),.UNSPECIFIED.,.T.,.F.) 
B_SPLINE_CURVE_WITH_KNOTS((1,2,2,2,2,1),(-2.094395102393,0.,
    2.094395102393,4.188790204786,6.28318530718,8.377580409573),
.UNSPECIFIED.) CURVE() GEOMETRIC_REPRESENTATION_ITEM() 
RATIONAL_B_SPLINE_CURVE((1.,0.5,1.,0.5,1.,0.5,1.)) REPRESENTATION_ITEM(
  '') );
#11816 = CARTESIAN_POINT('',(0.7,-4.14721913016));
#11817 = CARTESIAN_POINT('',(-1.898076211353,-4.14721913016));
#11818 = CARTESIAN_POINT('',(-0.599038105677,-1.89721913016));
#11819 = CARTESIAN_POINT('',(0.7,0.35278086984));
#11820 = CARTESIAN_POINT('',(1.999038105677,-1.89721913016));
#11821 = CARTESIAN_POINT('',(3.298076211353,-4.14721913016));
#11822 = CARTESIAN_POINT('',(0.7,-4.14721913016));
#11823 = ( GEOMETRIC_REPRESENTATION_CONTEXT(2) 
PARAMETRIC_REPRESENTATION_CONTEXT() REPRESENTATION_CONTEXT('2D SPACE',''
  ) );
#11824 = PCURVE('',#11825,#11830);
#11825 = CYLINDRICAL_SURFACE('',#11826,1.5);
#11826 = AXIS2_PLACEMENT_3D('',#11827,#11828,#11829);
#11827 = CARTESIAN_POINT('',(0.7,26.5,0.));
#11828 = DIRECTION('',(0.,0.,1.));
#11829 = DIRECTION('',(1.,0.,-0.));
#11830 = DEFINITIONAL_REPRESENTATION('',(#11831),#11835);
#11831 = LINE('',#11832,#11833);
#11832 = CARTESIAN_POINT('',(4.712388980385,-0.));
#11833 = VECTOR('',#11834,1.);
#11834 = DIRECTION('',(-1.,0.));
#11835 = ( GEOMETRIC_REPRESENTATION_CONTEXT(2) 
PARAMETRIC_REPRESENTATION_CONTEXT() REPRESENTATION_CONTEXT('2D SPACE',''
  ) );
#11836 = ORIENTED_EDGE('',*,*,#11837,.F.);
#11837 = EDGE_CURVE('',#11630,#11805,#11838,.T.);
#11838 = SURFACE_CURVE('',#11839,(#11843,#11850),.PCURVE_S1.);
#11839 = LINE('',#11840,#11841);
#11840 = CARTESIAN_POINT('',(-2.2,25.,0.));
#11841 = VECTOR('',#11842,1.);
#11842 = DIRECTION('',(1.,0.,0.));
#11843 = PCURVE('',#9516,#11844);
#11844 = DEFINITIONAL_REPRESENTATION('',(#11845),#11849);
#11845 = LINE('',#11846,#11847);
#11846 = CARTESIAN_POINT('',(-2.2,-4.14721913016));
#11847 = VECTOR('',#11848,1.);
#11848 = DIRECTION('',(1.,0.));
#11849 = ( GEOMETRIC_REPRESENTATION_CONTEXT(2) 
PARAMETRIC_REPRESENTATION_CONTEXT() REPRESENTATION_CONTEXT('2D SPACE',''
  ) );
#11850 = PCURVE('',#11851,#11856);
#11851 = PLANE('',#11852);
#11852 = AXIS2_PLACEMENT_3D('',#11853,#11854,#11855);
#11853 = CARTESIAN_POINT('',(-2.2,25.,0.));
#11854 = DIRECTION('',(0.,1.,0.));
#11855 = DIRECTION('',(0.,0.,1.));
#11856 = DEFINITIONAL_REPRESENTATION('',(#11857),#11861);
#11857 = LINE('',#11858,#11859);
#11858 = CARTESIAN_POINT('',(0.,0.));
#11859 = VECTOR('',#11860,1.);
#11860 = DIRECTION('',(0.,1.));
#11861 = ( GEOMETRIC_REPRESENTATION_CONTEXT(2) 
PARAMETRIC_REPRESENTATION_CONTEXT() REPRESENTATION_CONTEXT('2D SPACE',''
  ) );
#11862 = ADVANCED_FACE('',(#11863,#11937),#9682,.F.);
#11863 = FACE_BOUND('',#11864,.F.);
#11864 = EDGE_LOOP('',(#11865,#11866,#11867,#11890,#11913,#11934,#11935,
    #11936));
#11865 = ORIENTED_EDGE('',*,*,#9666,.F.);
#11866 = ORIENTED_EDGE('',*,*,#9862,.T.);
#11867 = ORIENTED_EDGE('',*,*,#11868,.F.);
#11868 = EDGE_CURVE('',#11869,#9834,#11871,.T.);
#11869 = VERTEX_POINT('',#11870);
#11870 = CARTESIAN_POINT('',(-4.5,55.,0.6));
#11871 = SURFACE_CURVE('',#11872,(#11876,#11883),.PCURVE_S1.);
#11872 = LINE('',#11873,#11874);
#11873 = CARTESIAN_POINT('',(-4.5,55.,0.));
#11874 = VECTOR('',#11875,1.);
#11875 = DIRECTION('',(0.,0.,1.));
#11876 = PCURVE('',#9682,#11877);
#11877 = DEFINITIONAL_REPRESENTATION('',(#11878),#11882);
#11878 = LINE('',#11879,#11880);
#11879 = CARTESIAN_POINT('',(10.5,0.));
#11880 = VECTOR('',#11881,1.);
#11881 = DIRECTION('',(0.,-1.));
#11882 = ( GEOMETRIC_REPRESENTATION_CONTEXT(2) 
PARAMETRIC_REPRESENTATION_CONTEXT() REPRESENTATION_CONTEXT('2D SPACE',''
  ) );
#11883 = PCURVE('',#9850,#11884);
#11884 = DEFINITIONAL_REPRESENTATION('',(#11885),#11889);
#11885 = LINE('',#11886,#11887);
#11886 = CARTESIAN_POINT('',(1.570796326795,0.));
#11887 = VECTOR('',#11888,1.);
#11888 = DIRECTION('',(0.,1.));
#11889 = ( GEOMETRIC_REPRESENTATION_CONTEXT(2) 
PARAMETRIC_REPRESENTATION_CONTEXT() REPRESENTATION_CONTEXT('2D SPACE',''
  ) );
#11890 = ORIENTED_EDGE('',*,*,#11891,.F.);
#11891 = EDGE_CURVE('',#11892,#11869,#11894,.T.);
#11892 = VERTEX_POINT('',#11893);
#11893 = CARTESIAN_POINT('',(4.5,55.,0.6));
#11894 = SURFACE_CURVE('',#11895,(#11899,#11906),.PCURVE_S1.);
#11895 = LINE('',#11896,#11897);
#11896 = CARTESIAN_POINT('',(6.,55.,0.6));
#11897 = VECTOR('',#11898,1.);
#11898 = DIRECTION('',(-1.,0.,0.));
#11899 = PCURVE('',#9682,#11900);
#11900 = DEFINITIONAL_REPRESENTATION('',(#11901),#11905);
#11901 = LINE('',#11902,#11903);
#11902 = CARTESIAN_POINT('',(0.,-0.6));
#11903 = VECTOR('',#11904,1.);
#11904 = DIRECTION('',(1.,0.));
#11905 = ( GEOMETRIC_REPRESENTATION_CONTEXT(2) 
PARAMETRIC_REPRESENTATION_CONTEXT() REPRESENTATION_CONTEXT('2D SPACE',''
  ) );
#11906 = PCURVE('',#11458,#11907);
#11907 = DEFINITIONAL_REPRESENTATION('',(#11908),#11912);
#11908 = LINE('',#11909,#11910);
#11909 = CARTESIAN_POINT('',(0.,0.));
#11910 = VECTOR('',#11911,1.);
#11911 = DIRECTION('',(0.,1.));
#11912 = ( GEOMETRIC_REPRESENTATION_CONTEXT(2) 
PARAMETRIC_REPRESENTATION_CONTEXT() REPRESENTATION_CONTEXT('2D SPACE',''
  ) );
#11913 = ORIENTED_EDGE('',*,*,#11914,.T.);
#11914 = EDGE_CURVE('',#11892,#11225,#11915,.T.);
#11915 = SURFACE_CURVE('',#11916,(#11920,#11927),.PCURVE_S1.);
#11916 = LINE('',#11917,#11918);
#11917 = CARTESIAN_POINT('',(4.5,55.,0.));
#11918 = VECTOR('',#11919,1.);
#11919 = DIRECTION('',(0.,0.,1.));
#11920 = PCURVE('',#9682,#11921);
#11921 = DEFINITIONAL_REPRESENTATION('',(#11922),#11926);
#11922 = LINE('',#11923,#11924);
#11923 = CARTESIAN_POINT('',(1.5,0.));
#11924 = VECTOR('',#11925,1.);
#11925 = DIRECTION('',(0.,-1.));
#11926 = ( GEOMETRIC_REPRESENTATION_CONTEXT(2) 
PARAMETRIC_REPRESENTATION_CONTEXT() REPRESENTATION_CONTEXT('2D SPACE',''
  ) );
#11927 = PCURVE('',#11266,#11928);
#11928 = DEFINITIONAL_REPRESENTATION('',(#11929),#11933);
#11929 = LINE('',#11930,#11931);
#11930 = CARTESIAN_POINT('',(-1.570796326795,0.));
#11931 = VECTOR('',#11932,1.);
#11932 = DIRECTION('',(-0.,1.));
#11933 = ( GEOMETRIC_REPRESENTATION_CONTEXT(2) 
PARAMETRIC_REPRESENTATION_CONTEXT() REPRESENTATION_CONTEXT('2D SPACE',''
  ) );
#11934 = ORIENTED_EDGE('',*,*,#11224,.T.);
#11935 = ORIENTED_EDGE('',*,*,#10890,.T.);
#11936 = ORIENTED_EDGE('',*,*,#10386,.F.);
#11937 = FACE_BOUND('',#11938,.F.);
#11938 = EDGE_LOOP('',(#11939));
#11939 = ORIENTED_EDGE('',*,*,#11940,.F.);
#11940 = EDGE_CURVE('',#11941,#11941,#11943,.T.);
#11941 = VERTEX_POINT('',#11942);
#11942 = CARTESIAN_POINT('',(-4.041334437186E-16,55.,2.35));
#11943 = SURFACE_CURVE('',#11944,(#11949,#11956),.PCURVE_S1.);
#11944 = CIRCLE('',#11945,1.65);
#11945 = AXIS2_PLACEMENT_3D('',#11946,#11947,#11948);
#11946 = CARTESIAN_POINT('',(0.,55.,4.));
#11947 = DIRECTION('',(0.,-1.,0.));
#11948 = DIRECTION('',(0.,-0.,-1.));
#11949 = PCURVE('',#9682,#11950);
#11950 = DEFINITIONAL_REPRESENTATION('',(#11951),#11955);
#11951 = CIRCLE('',#11952,1.65);
#11952 = AXIS2_PLACEMENT_2D('',#11953,#11954);
#11953 = CARTESIAN_POINT('',(6.,-4.));
#11954 = DIRECTION('',(0.,1.));
#11955 = ( GEOMETRIC_REPRESENTATION_CONTEXT(2) 
PARAMETRIC_REPRESENTATION_CONTEXT() REPRESENTATION_CONTEXT('2D SPACE',''
  ) );
#11956 = PCURVE('',#11957,#11962);
#11957 = CYLINDRICAL_SURFACE('',#11958,1.65);
#11958 = AXIS2_PLACEMENT_3D('',#11959,#11960,#11961);
#11959 = CARTESIAN_POINT('',(0.,55.,4.));
#11960 = DIRECTION('',(0.,-1.,0.));
#11961 = DIRECTION('',(0.,-0.,-1.));
#11962 = DEFINITIONAL_REPRESENTATION('',(#11963),#11967);
#11963 = LINE('',#11964,#11965);
#11964 = CARTESIAN_POINT('',(0.,0.));
#11965 = VECTOR('',#11966,1.);
#11966 = DIRECTION('',(1.,0.));
#11967 = ( GEOMETRIC_REPRESENTATION_CONTEXT(2) 
PARAMETRIC_REPRESENTATION_CONTEXT() REPRESENTATION_CONTEXT('2D SPACE',''
  ) );
#11968 = ADVANCED_FACE('',(#11969),#9760,.T.);
#11969 = FACE_BOUND('',#11970,.T.);
#11970 = EDGE_LOOP('',(#11971,#11972,#11973,#11974));
#11971 = ORIENTED_EDGE('',*,*,#11545,.F.);
#11972 = ORIENTED_EDGE('',*,*,#10229,.T.);
#11973 = ORIENTED_EDGE('',*,*,#9744,.T.);
#11974 = ORIENTED_EDGE('',*,*,#11975,.F.);
#11975 = EDGE_CURVE('',#11518,#9745,#11976,.T.);
#11976 = SURFACE_CURVE('',#11977,(#11981,#11988),.PCURVE_S1.);
#11977 = LINE('',#11978,#11979);
#11978 = CARTESIAN_POINT('',(-4.5,28.,0.));
#11979 = VECTOR('',#11980,1.);
#11980 = DIRECTION('',(0.,0.,1.));
#11981 = PCURVE('',#9760,#11982);
#11982 = DEFINITIONAL_REPRESENTATION('',(#11983),#11987);
#11983 = LINE('',#11984,#11985);
#11984 = CARTESIAN_POINT('',(0.,4.5));
#11985 = VECTOR('',#11986,1.);
#11986 = DIRECTION('',(1.,0.));
#11987 = ( GEOMETRIC_REPRESENTATION_CONTEXT(2) 
PARAMETRIC_REPRESENTATION_CONTEXT() REPRESENTATION_CONTEXT('2D SPACE',''
  ) );
#11988 = PCURVE('',#9793,#11989);
#11989 = DEFINITIONAL_REPRESENTATION('',(#11990),#11994);
#11990 = LINE('',#11991,#11992);
#11991 = CARTESIAN_POINT('',(-1.570796326795,0.));
#11992 = VECTOR('',#11993,1.);
#11993 = DIRECTION('',(-0.,1.));
#11994 = ( GEOMETRIC_REPRESENTATION_CONTEXT(2) 
PARAMETRIC_REPRESENTATION_CONTEXT() REPRESENTATION_CONTEXT('2D SPACE',''
  ) );
#11995 = ADVANCED_FACE('',(#11996),#9793,.F.);
#11996 = FACE_BOUND('',#11997,.T.);
#11997 = EDGE_LOOP('',(#11998,#11999,#12000,#12001));
#11998 = ORIENTED_EDGE('',*,*,#11517,.T.);
#11999 = ORIENTED_EDGE('',*,*,#11975,.T.);
#12000 = ORIENTED_EDGE('',*,*,#9772,.F.);
#12001 = ORIENTED_EDGE('',*,*,#12002,.F.);
#12002 = EDGE_CURVE('',#11495,#9773,#12003,.T.);
#12003 = SURFACE_CURVE('',#12004,(#12008,#12015),.PCURVE_S1.);
#12004 = LINE('',#12005,#12006);
#12005 = CARTESIAN_POINT('',(-3.,29.5,0.));
#12006 = VECTOR('',#12007,1.);
#12007 = DIRECTION('',(0.,0.,1.));
#12008 = PCURVE('',#9793,#12009);
#12009 = DEFINITIONAL_REPRESENTATION('',(#12010),#12014);
#12010 = LINE('',#12011,#12012);
#12011 = CARTESIAN_POINT('',(-0.,0.));
#12012 = VECTOR('',#12013,1.);
#12013 = DIRECTION('',(-0.,1.));
#12014 = ( GEOMETRIC_REPRESENTATION_CONTEXT(2) 
PARAMETRIC_REPRESENTATION_CONTEXT() REPRESENTATION_CONTEXT('2D SPACE',''
  ) );
#12015 = PCURVE('',#9821,#12016);
#12016 = DEFINITIONAL_REPRESENTATION('',(#12017),#12021);
#12017 = LINE('',#12018,#12019);
#12018 = CARTESIAN_POINT('',(0.,-1.5));
#12019 = VECTOR('',#12020,1.);
#12020 = DIRECTION('',(1.,0.));
#12021 = ( GEOMETRIC_REPRESENTATION_CONTEXT(2) 
PARAMETRIC_REPRESENTATION_CONTEXT() REPRESENTATION_CONTEXT('2D SPACE',''
  ) );
#12022 = ADVANCED_FACE('',(#12023),#9850,.F.);
#12023 = FACE_BOUND('',#12024,.F.);
#12024 = EDGE_LOOP('',(#12025,#12046,#12047,#12263,#12264));
#12025 = ORIENTED_EDGE('',*,*,#12026,.F.);
#12026 = EDGE_CURVE('',#11471,#9806,#12027,.T.);
#12027 = SURFACE_CURVE('',#12028,(#12032,#12039),.PCURVE_S1.);
#12028 = LINE('',#12029,#12030);
#12029 = CARTESIAN_POINT('',(-3.,53.5,0.));
#12030 = VECTOR('',#12031,1.);
#12031 = DIRECTION('',(0.,0.,1.));
#12032 = PCURVE('',#9850,#12033);
#12033 = DEFINITIONAL_REPRESENTATION('',(#12034),#12038);
#12034 = LINE('',#12035,#12036);
#12035 = CARTESIAN_POINT('',(0.,0.));
#12036 = VECTOR('',#12037,1.);
#12037 = DIRECTION('',(0.,1.));
#12038 = ( GEOMETRIC_REPRESENTATION_CONTEXT(2) 
PARAMETRIC_REPRESENTATION_CONTEXT() REPRESENTATION_CONTEXT('2D SPACE',''
  ) );
#12039 = PCURVE('',#9821,#12040);
#12040 = DEFINITIONAL_REPRESENTATION('',(#12041),#12045);
#12041 = LINE('',#12042,#12043);
#12042 = CARTESIAN_POINT('',(0.,-25.5));
#12043 = VECTOR('',#12044,1.);
#12044 = DIRECTION('',(1.,0.));
#12045 = ( GEOMETRIC_REPRESENTATION_CONTEXT(2) 
PARAMETRIC_REPRESENTATION_CONTEXT() REPRESENTATION_CONTEXT('2D SPACE',''
  ) );
#12046 = ORIENTED_EDGE('',*,*,#11470,.T.);
#12047 = ORIENTED_EDGE('',*,*,#12048,.F.);
#12048 = EDGE_CURVE('',#11869,#11443,#12049,.T.);
#12049 = SURFACE_CURVE('',#12050,(#12119,#12191),.PCURVE_S1.);
#12050 = B_SPLINE_CURVE_WITH_KNOTS('',7,(#12051,#12052,#12053,#12054,
    #12055,#12056,#12057,#12058,#12059,#12060,#12061,#12062,#12063,
    #12064,#12065,#12066,#12067,#12068,#12069,#12070,#12071,#12072,
    #12073,#12074,#12075,#12076,#12077,#12078,#12079,#12080,#12081,
    #12082,#12083,#12084,#12085,#12086,#12087,#12088,#12089,#12090,
    #12091,#12092,#12093,#12094,#12095,#12096,#12097,#12098,#12099,
    #12100,#12101,#12102,#12103,#12104,#12105,#12106,#12107,#12108,
    #12109,#12110,#12111,#12112,#12113,#12114,#12115,#12116,#12117,
    #12118),.UNSPECIFIED.,.F.,.F.,(8,6,6,6,6,6,6,6,6,6,6,8),(0.,
    6.166808265577E-04,1.255385791972E-03,1.894090400313E-03,
    2.51077020223E-03,3.149473578167E-03,3.78817605738E-03,
    4.404853291698E-03,4.999505233638E-03,5.5721318651E-03,
    0.728291451452,1.),.UNSPECIFIED.);
#12051 = CARTESIAN_POINT('',(-4.5,55.,0.6));
#12052 = CARTESIAN_POINT('',(-4.499883579034,55.,0.599926368937));
#12053 = CARTESIAN_POINT('',(-4.499767158086,54.999999989458,
    0.59985273786));
#12054 = CARTESIAN_POINT('',(-4.499650737144,54.999999968374,
    0.599779106779));
#12055 = CARTESIAN_POINT('',(-4.4995343162,54.999999936749,
    0.599705475703));
#12056 = CARTESIAN_POINT('',(-4.499417895252,54.999999894581,
    0.599631844636));
#12057 = CARTESIAN_POINT('',(-4.499301474302,54.999999841872,
    0.599558213576));
#12058 = CARTESIAN_POINT('',(-4.499064474558,54.99999971311,
    0.599408321802));
#12059 = CARTESIAN_POINT('',(-4.498943895761,54.999999636292,
    0.599332061091));
#12060 = CARTESIAN_POINT('',(-4.498823316967,54.999999548165,
    0.599255800388));
#12061 = CARTESIAN_POINT('',(-4.498702738177,54.99999944873,
    0.599179539693));
#12062 = CARTESIAN_POINT('',(-4.498582159391,54.999999337987,
    0.599103279009));
#12063 = CARTESIAN_POINT('',(-4.498461580611,54.999999215935,
    0.599027018336));
#12064 = CARTESIAN_POINT('',(-4.498220423131,54.999998949215,
    0.598874497058));
#12065 = CARTESIAN_POINT('',(-4.49809984443,54.999998804546,
    0.598798236453));
#12066 = CARTESIAN_POINT('',(-4.497979265736,54.99999864857,
    0.598721975862));
#12067 = CARTESIAN_POINT('',(-4.497858687049,54.999998481285,
    0.598645715287));
#12068 = CARTESIAN_POINT('',(-4.49773810837,54.999998302692,
    0.598569454727));
#12069 = CARTESIAN_POINT('',(-4.497617529699,54.99999811279,
    0.598493194186));
#12070 = CARTESIAN_POINT('',(-4.497380530357,54.999997717309,
    0.598343302875));
#12071 = CARTESIAN_POINT('',(-4.497264109684,54.999997512496,
    0.598269672105));
#12072 = CARTESIAN_POINT('',(-4.497147689021,54.999997297141,
    0.598196041353));
#12073 = CARTESIAN_POINT('',(-4.497031268367,54.999997071244,
    0.598122410622));
#12074 = CARTESIAN_POINT('',(-4.496914847723,54.999996834805,
    0.598048779912));
#12075 = CARTESIAN_POINT('',(-4.496798427089,54.999996587824,
    0.597975149224));
#12076 = CARTESIAN_POINT('',(-4.496561428098,54.999996063582,
    0.597825258314));
#12077 = CARTESIAN_POINT('',(-4.496440849741,54.999995785555,
    0.597748998093));
#12078 = CARTESIAN_POINT('',(-4.496320271397,54.999995496219,
    0.597672737898));
#12079 = CARTESIAN_POINT('',(-4.496199693066,54.999995195574,
    0.597596477732));
#12080 = CARTESIAN_POINT('',(-4.496079114749,54.999994883622,
    0.597520217594));
#12081 = CARTESIAN_POINT('',(-4.495958536445,54.999994560361,
    0.597443957487));
#12082 = CARTESIAN_POINT('',(-4.495717380038,54.999993891223,
    0.597291437444));
#12083 = CARTESIAN_POINT('',(-4.495596801934,54.999993545346,
    0.597215177508));
#12084 = CARTESIAN_POINT('',(-4.495476223846,54.99999318816,
    0.597138917604));
#12085 = CARTESIAN_POINT('',(-4.495355645773,54.999992819667,
    0.597062657735));
#12086 = CARTESIAN_POINT('',(-4.495235067718,54.999992439865,
    0.596986397902));
#12087 = CARTESIAN_POINT('',(-4.49511448968,54.999992048755,
    0.596910138106));
#12088 = CARTESIAN_POINT('',(-4.494877491695,54.999991257795,
    0.596760248358));
#12089 = CARTESIAN_POINT('',(-4.494761071747,54.999990858712,
    0.596686618404));
#12090 = CARTESIAN_POINT('',(-4.494644651816,54.999990449087,
    0.596612988487));
#12091 = CARTESIAN_POINT('',(-4.494528231903,54.999990028921,
    0.596539358608));
#12092 = CARTESIAN_POINT('',(-4.494411812009,54.999989598212,
    0.596465728768));
#12093 = CARTESIAN_POINT('',(-4.494295392133,54.999989156962,
    0.596392098969));
#12094 = CARTESIAN_POINT('',(-4.494066710482,54.999988269514,
    0.596247469218));
#12095 = CARTESIAN_POINT('',(-4.493954448705,54.999987824055,
    0.596176469265));
#12096 = CARTESIAN_POINT('',(-4.493842186946,54.999987368795,
    0.596105469351));
#12097 = CARTESIAN_POINT('',(-4.493729925206,54.999986903732,
    0.596034469477));
#12098 = CARTESIAN_POINT('',(-4.493617663486,54.999986428867,
    0.595963469646));
#12099 = CARTESIAN_POINT('',(-4.493505401786,54.9999859442,
    0.595892469857));
#12100 = CARTESIAN_POINT('',(-4.493285036487,54.999984973575,
    0.595753100125));
#12101 = CARTESIAN_POINT('',(-4.493176932887,54.999984488331,
    0.595684730179));
#12102 = CARTESIAN_POINT('',(-4.493068829305,54.999983993997,
    0.595616360275));
#12103 = CARTESIAN_POINT('',(-4.492960725744,54.999983490573,
    0.595547990413));
#12104 = CARTESIAN_POINT('',(-4.492852622203,54.99998297806,
    0.595479620595));
#12105 = CARTESIAN_POINT('',(-4.492744518683,54.999982456457,
    0.595411250821));
#12106 = CARTESIAN_POINT('',(-4.356197621023,54.999312131938,
    0.509052580697));
#12107 = CARTESIAN_POINT('',(-4.220373414693,54.984165535513,
    0.423200693056));
#12108 = CARTESIAN_POINT('',(-4.085336057665,54.954754388801,
    0.33921332492));
#12109 = CARTESIAN_POINT('',(-3.951631323773,54.910505180228,
    0.258686273983));
#12110 = CARTESIAN_POINT('',(-3.820715745969,54.850576574805,
    0.184291380615));
#12111 = CARTESIAN_POINT('',(-3.695024256583,54.774442254113,
    0.119810712814));
#12112 = CARTESIAN_POINT('',(-3.533399986638,54.64839915716,
    5.243927388314E-02));
#12113 = CARTESIAN_POINT('',(-3.490285322247,54.61168279575,
    3.617598928198E-02));
#12114 = CARTESIAN_POINT('',(-3.448522428597,54.572812584611,
    2.24328361705E-02));
#12115 = CARTESIAN_POINT('',(-3.408386686913,54.531961104659,
    1.15795610212E-02));
#12116 = CARTESIAN_POINT('',(-3.370121726907,54.489348587431,
    3.981117566916E-03));
#12117 = CARTESIAN_POINT('',(-3.333936373031,54.445248497374,
    -1.110223024625E-16));
#12118 = CARTESIAN_POINT('',(-3.3,54.4,-1.110223024625E-16));
#12119 = PCURVE('',#9850,#12120);
#12120 = DEFINITIONAL_REPRESENTATION('',(#12121),#12190);
#12121 = B_SPLINE_CURVE_WITH_KNOTS('',7,(#12122,#12123,#12124,#12125,
    #12126,#12127,#12128,#12129,#12130,#12131,#12132,#12133,#12134,
    #12135,#12136,#12137,#12138,#12139,#12140,#12141,#12142,#12143,
    #12144,#12145,#12146,#12147,#12148,#12149,#12150,#12151,#12152,
    #12153,#12154,#12155,#12156,#12157,#12158,#12159,#12160,#12161,
    #12162,#12163,#12164,#12165,#12166,#12167,#12168,#12169,#12170,
    #12171,#12172,#12173,#12174,#12175,#12176,#12177,#12178,#12179,
    #12180,#12181,#12182,#12183,#12184,#12185,#12186,#12187,#12188,
    #12189),.UNSPECIFIED.,.F.,.F.,(8,6,6,6,6,6,6,6,6,6,6,8),(0.,
    6.166808265577E-04,1.255385791972E-03,1.894090400313E-03,
    2.51077020223E-03,3.149473578167E-03,3.78817605738E-03,
    4.404853291698E-03,4.999505233638E-03,5.5721318651E-03,
    0.728291451452,1.),.UNSPECIFIED.);
#12122 = CARTESIAN_POINT('',(1.570796326795,0.6));
#12123 = CARTESIAN_POINT('',(1.570718712817,0.599926368937));
#12124 = CARTESIAN_POINT('',(1.570641098852,0.59985273786));
#12125 = CARTESIAN_POINT('',(1.57056348489,0.599779106779));
#12126 = CARTESIAN_POINT('',(1.570485870925,0.599705475703));
#12127 = CARTESIAN_POINT('',(1.570408256955,0.599631844636));
#12128 = CARTESIAN_POINT('',(1.570330642981,0.599558213576));
#12129 = CARTESIAN_POINT('',(1.570172643129,0.599408321802));
#12130 = CARTESIAN_POINT('',(1.570092257247,0.599332061091));
#12131 = CARTESIAN_POINT('',(1.570011871364,0.599255800388));
#12132 = CARTESIAN_POINT('',(1.569931485477,0.599179539693));
#12133 = CARTESIAN_POINT('',(1.569851099587,0.599103279009));
#12134 = CARTESIAN_POINT('',(1.569770713693,0.599027018336));
#12135 = CARTESIAN_POINT('',(1.569609941941,0.598874497058));
#12136 = CARTESIAN_POINT('',(1.569529556083,0.598798236453));
#12137 = CARTESIAN_POINT('',(1.56944917022,0.598721975862));
#12138 = CARTESIAN_POINT('',(1.569368784352,0.598645715287));
#12139 = CARTESIAN_POINT('',(1.569288398478,0.598569454727));
#12140 = CARTESIAN_POINT('',(1.569208012598,0.598493194186));
#12141 = CARTESIAN_POINT('',(1.569050012817,0.598343302875));
#12142 = CARTESIAN_POINT('',(1.568972398915,0.598269672105));
#12143 = CARTESIAN_POINT('',(1.568894785007,0.598196041353));
#12144 = CARTESIAN_POINT('',(1.568817171093,0.598122410622));
#12145 = CARTESIAN_POINT('',(1.56873955717,0.598048779912));
#12146 = CARTESIAN_POINT('',(1.56866194324,0.597975149224));
#12147 = CARTESIAN_POINT('',(1.568503943527,0.597825258314));
#12148 = CARTESIAN_POINT('',(1.568423557742,0.597748998093));
#12149 = CARTESIAN_POINT('',(1.568343171948,0.597672737898));
#12150 = CARTESIAN_POINT('',(1.568262786145,0.597596477732));
#12151 = CARTESIAN_POINT('',(1.568182400332,0.597520217594));
#12152 = CARTESIAN_POINT('',(1.568102014508,0.597443957487));
#12153 = CARTESIAN_POINT('',(1.567941242951,0.597291437444));
#12154 = CARTESIAN_POINT('',(1.567860857218,0.597215177508));
#12155 = CARTESIAN_POINT('',(1.567780471473,0.597138917604));
#12156 = CARTESIAN_POINT('',(1.567700085717,0.597062657735));
#12157 = CARTESIAN_POINT('',(1.567619699948,0.596986397902));
#12158 = CARTESIAN_POINT('',(1.567539314167,0.596910138106));
#12159 = CARTESIAN_POINT('',(1.56738131463,0.596760248358));
#12160 = CARTESIAN_POINT('',(1.567303700876,0.596686618404));
#12161 = CARTESIAN_POINT('',(1.567226087109,0.596612988487));
#12162 = CARTESIAN_POINT('',(1.567148473329,0.596539358608));
#12163 = CARTESIAN_POINT('',(1.567070859535,0.596465728768));
#12164 = CARTESIAN_POINT('',(1.566993245728,0.596392098969));
#12165 = CARTESIAN_POINT('',(1.566840790146,0.596247469218));
#12166 = CARTESIAN_POINT('',(1.566765948372,0.596176469265));
#12167 = CARTESIAN_POINT('',(1.566691106584,0.596105469351));
#12168 = CARTESIAN_POINT('',(1.566616264783,0.596034469477));
#12169 = CARTESIAN_POINT('',(1.566541422967,0.595963469646));
#12170 = CARTESIAN_POINT('',(1.566466581137,0.595892469857));
#12171 = CARTESIAN_POINT('',(1.566319669512,0.595753100125));
#12172 = CARTESIAN_POINT('',(1.566247599719,0.595684730179));
#12173 = CARTESIAN_POINT('',(1.566175529912,0.595616360275));
#12174 = CARTESIAN_POINT('',(1.56610346009,0.595547990413));
#12175 = CARTESIAN_POINT('',(1.566031390254,0.595479620595));
#12176 = CARTESIAN_POINT('',(1.565959320402,0.595411250821));
#12177 = CARTESIAN_POINT('',(1.474926958401,0.509052580697));
#12178 = CARTESIAN_POINT('',(1.384328517343,0.423200693056));
#12179 = CARTESIAN_POINT('',(1.292981744138,0.33921332492));
#12180 = CARTESIAN_POINT('',(1.200051339998,0.258686273983));
#12181 = CARTESIAN_POINT('',(1.105057658388,0.184291380615));
#12182 = CARTESIAN_POINT('',(1.007768221316,0.119810712814));
#12183 = CARTESIAN_POINT('',(0.871127139281,5.243927388314E-02));
#12184 = CARTESIAN_POINT('',(0.833408811194,3.617598928198E-02));
#12185 = CARTESIAN_POINT('',(0.795433021702,2.24328361705E-02));
#12186 = CARTESIAN_POINT('',(0.75732264163,1.15795610212E-02));
#12187 = CARTESIAN_POINT('',(0.71920236671,3.981117566916E-03));
#12188 = CARTESIAN_POINT('',(0.681208189939,-1.110223024625E-16));
#12189 = CARTESIAN_POINT('',(0.643501108793,-1.110223024625E-16));
#12190 = ( GEOMETRIC_REPRESENTATION_CONTEXT(2) 
PARAMETRIC_REPRESENTATION_CONTEXT() REPRESENTATION_CONTEXT('2D SPACE',''
  ) );
#12191 = PCURVE('',#11458,#12192);
#12192 = DEFINITIONAL_REPRESENTATION('',(#12193),#12262);
#12193 = B_SPLINE_CURVE_WITH_KNOTS('',7,(#12194,#12195,#12196,#12197,
    #12198,#12199,#12200,#12201,#12202,#12203,#12204,#12205,#12206,
    #12207,#12208,#12209,#12210,#12211,#12212,#12213,#12214,#12215,
    #12216,#12217,#12218,#12219,#12220,#12221,#12222,#12223,#12224,
    #12225,#12226,#12227,#12228,#12229,#12230,#12231,#12232,#12233,
    #12234,#12235,#12236,#12237,#12238,#12239,#12240,#12241,#12242,
    #12243,#12244,#12245,#12246,#12247,#12248,#12249,#12250,#12251,
    #12252,#12253,#12254,#12255,#12256,#12257,#12258,#12259,#12260,
    #12261),.UNSPECIFIED.,.F.,.F.,(8,6,6,6,6,6,6,6,6,6,6,8),(0.,
    6.166808265577E-04,1.255385791972E-03,1.894090400313E-03,
    2.51077020223E-03,3.149473578167E-03,3.78817605738E-03,
    4.404853291698E-03,4.999505233638E-03,5.5721318651E-03,
    0.728291451452,1.),.UNSPECIFIED.);
#12194 = CARTESIAN_POINT('',(0.,10.5));
#12195 = CARTESIAN_POINT('',(1.2271843788E-04,10.499883579034));
#12196 = CARTESIAN_POINT('',(2.454369008096E-04,10.499767158086));
#12197 = CARTESIAN_POINT('',(3.681553715582E-04,10.499650737144));
#12198 = CARTESIAN_POINT('',(4.908738401263E-04,10.4995343162));
#12199 = CARTESIAN_POINT('',(6.135923037452E-04,10.499417895252));
#12200 = CARTESIAN_POINT('',(7.363107668773E-04,10.499301474302));
#12201 = CARTESIAN_POINT('',(9.861304831116E-04,10.499064474558));
#12202 = CARTESIAN_POINT('',(1.113231730739E-03,10.498943895761));
#12203 = CARTESIAN_POINT('',(1.240332985358E-03,10.498823316967));
#12204 = CARTESIAN_POINT('',(1.367434248205E-03,10.498702738177));
#12205 = CARTESIAN_POINT('',(1.494535520499E-03,10.498582159391));
#12206 = CARTESIAN_POINT('',(1.621636803435E-03,10.498461580611));
#12207 = CARTESIAN_POINT('',(1.875839321889E-03,10.498220423131));
#12208 = CARTESIAN_POINT('',(2.002940557408E-03,10.49809984443));
#12209 = CARTESIAN_POINT('',(2.130041805992E-03,10.497979265736));
#12210 = CARTESIAN_POINT('',(2.257143068864E-03,10.497858687049));
#12211 = CARTESIAN_POINT('',(2.38424434723E-03,10.49773810837));
#12212 = CARTESIAN_POINT('',(2.511345642274E-03,10.497617529699));
#12213 = CARTESIAN_POINT('',(2.761165362754E-03,10.497380530357));
#12214 = CARTESIAN_POINT('',(2.883883786994E-03,10.497264109684));
#12215 = CARTESIAN_POINT('',(3.006602228991E-03,10.497147689021));
#12216 = CARTESIAN_POINT('',(3.129320689844E-03,10.497031268367));
#12217 = CARTESIAN_POINT('',(3.252039170642E-03,10.496914847723));
#12218 = CARTESIAN_POINT('',(3.374757672464E-03,10.496798427089));
#12219 = CARTESIAN_POINT('',(3.624577384502E-03,10.496561428098));
#12220 = CARTESIAN_POINT('',(3.751678596341E-03,10.496440849741));
#12221 = CARTESIAN_POINT('',(3.878779833093E-03,10.496320271397));
#12222 = CARTESIAN_POINT('',(4.005881095962E-03,10.496199693066));
#12223 = CARTESIAN_POINT('',(4.132982386154E-03,10.496079114749));
#12224 = CARTESIAN_POINT('',(4.26008370488E-03,10.495958536445));
#12225 = CARTESIAN_POINT('',(4.51428622338E-03,10.495717380038));
#12226 = CARTESIAN_POINT('',(4.641387423165E-03,10.495596801934));
#12227 = CARTESIAN_POINT('',(4.768488653894E-03,10.495476223846));
#12228 = CARTESIAN_POINT('',(4.895589916762E-03,10.495355645773));
#12229 = CARTESIAN_POINT('',(5.022691212977E-03,10.495235067718));
#12230 = CARTESIAN_POINT('',(5.149792543756E-03,10.49511448968));
#12231 = CARTESIAN_POINT('',(5.399612267882E-03,10.494877491695));
#12232 = CARTESIAN_POINT('',(5.522330658799E-03,10.494761071747));
#12233 = CARTESIAN_POINT('',(5.645049084148E-03,10.494644651816));
#12234 = CARTESIAN_POINT('',(5.767767545008E-03,10.494528231903));
#12235 = CARTESIAN_POINT('',(5.890486042465E-03,10.494411812009));
#12236 = CARTESIAN_POINT('',(6.01320457761E-03,10.494295392133));
#12237 = CARTESIAN_POINT('',(6.254258699283E-03,10.494066710482));
#12238 = CARTESIAN_POINT('',(6.372594283086E-03,10.493954448705));
#12239 = CARTESIAN_POINT('',(6.490929903919E-03,10.493842186946));
#12240 = CARTESIAN_POINT('',(6.609265562752E-03,10.493729925206));
#12241 = CARTESIAN_POINT('',(6.727601260559E-03,10.493617663486));
#12242 = CARTESIAN_POINT('',(6.845936998316E-03,10.493505401786));
#12243 = CARTESIAN_POINT('',(7.078225517338E-03,10.493285036487));
#12244 = CARTESIAN_POINT('',(7.192178295617E-03,10.493176932887));
#12245 = CARTESIAN_POINT('',(7.306131112715E-03,10.493068829305));
#12246 = CARTESIAN_POINT('',(7.420083969505E-03,10.492960725744));
#12247 = CARTESIAN_POINT('',(7.534036866856E-03,10.492852622203));
#12248 = CARTESIAN_POINT('',(7.647989805634E-03,10.492744518683));
#12249 = CARTESIAN_POINT('',(0.151583442551,10.356197621023));
#12250 = CARTESIAN_POINT('',(0.294859155773,10.220373414693));
#12251 = CARTESIAN_POINT('',(0.44008510423,10.085336057665));
#12252 = CARTESIAN_POINT('',(0.589249326336,9.951631323773));
#12253 = CARTESIAN_POINT('',(0.744236382718,9.820715745969));
#12254 = CARTESIAN_POINT('',(0.906807602781,9.695024256583));
#12255 = CARTESIAN_POINT('',(1.145005542605,9.533399986638));
#12256 = CARTESIAN_POINT('',(1.211751286146,9.490285322247));
#12257 = CARTESIAN_POINT('',(1.280132868257,9.448522428597));
#12258 = CARTESIAN_POINT('',(1.35016088647,9.408386686913));
#12259 = CARTESIAN_POINT('',(1.421881911795,9.370121726907));
#12260 = CARTESIAN_POINT('',(1.495382164504,9.333936373031));
#12261 = CARTESIAN_POINT('',(1.570796326795,9.3));
#12262 = ( GEOMETRIC_REPRESENTATION_CONTEXT(2) 
PARAMETRIC_REPRESENTATION_CONTEXT() REPRESENTATION_CONTEXT('2D SPACE',''
  ) );
#12263 = ORIENTED_EDGE('',*,*,#11868,.T.);
#12264 = ORIENTED_EDGE('',*,*,#9833,.F.);
#12265 = ADVANCED_FACE('',(#12266),#9821,.F.);
#12266 = FACE_BOUND('',#12267,.F.);
#12267 = EDGE_LOOP('',(#12268,#12269,#12270,#12271));
#12268 = ORIENTED_EDGE('',*,*,#9805,.F.);
#12269 = ORIENTED_EDGE('',*,*,#12002,.F.);
#12270 = ORIENTED_EDGE('',*,*,#11494,.T.);
#12271 = ORIENTED_EDGE('',*,*,#12026,.T.);
#12272 = ADVANCED_FACE('',(#12273),#10740,.F.);
#12273 = FACE_BOUND('',#12274,.F.);
#12274 = EDGE_LOOP('',(#12275,#12276,#12297,#12298));
#12275 = ORIENTED_EDGE('',*,*,#10723,.F.);
#12276 = ORIENTED_EDGE('',*,*,#12277,.F.);
#12277 = EDGE_CURVE('',#11573,#10724,#12278,.T.);
#12278 = SEAM_CURVE('',#12279,(#12283,#12290),.PCURVE_S1.);
#12279 = LINE('',#12280,#12281);
#12280 = CARTESIAN_POINT('',(-3.85,24.,0.));
#12281 = VECTOR('',#12282,1.);
#12282 = DIRECTION('',(0.,0.,1.));
#12283 = PCURVE('',#10740,#12284);
#12284 = DEFINITIONAL_REPRESENTATION('',(#12285),#12289);
#12285 = LINE('',#12286,#12287);
#12286 = CARTESIAN_POINT('',(6.28318530718,-0.));
#12287 = VECTOR('',#12288,1.);
#12288 = DIRECTION('',(0.,1.));
#12289 = ( GEOMETRIC_REPRESENTATION_CONTEXT(2) 
PARAMETRIC_REPRESENTATION_CONTEXT() REPRESENTATION_CONTEXT('2D SPACE',''
  ) );
#12290 = PCURVE('',#10740,#12291);
#12291 = DEFINITIONAL_REPRESENTATION('',(#12292),#12296);
#12292 = LINE('',#12293,#12294);
#12293 = CARTESIAN_POINT('',(0.,-0.));
#12294 = VECTOR('',#12295,1.);
#12295 = DIRECTION('',(0.,1.));
#12296 = ( GEOMETRIC_REPRESENTATION_CONTEXT(2) 
PARAMETRIC_REPRESENTATION_CONTEXT() REPRESENTATION_CONTEXT('2D SPACE',''
  ) );
#12297 = ORIENTED_EDGE('',*,*,#11572,.T.);
#12298 = ORIENTED_EDGE('',*,*,#12277,.T.);
#12299 = ADVANCED_FACE('',(#12300),#10775,.F.);
#12300 = FACE_BOUND('',#12301,.F.);
#12301 = EDGE_LOOP('',(#12302,#12303,#12324,#12325));
#12302 = ORIENTED_EDGE('',*,*,#10758,.F.);
#12303 = ORIENTED_EDGE('',*,*,#12304,.F.);
#12304 = EDGE_CURVE('',#11602,#10759,#12305,.T.);
#12305 = SEAM_CURVE('',#12306,(#12310,#12317),.PCURVE_S1.);
#12306 = LINE('',#12307,#12308);
#12307 = CARTESIAN_POINT('',(7.15,24.,0.));
#12308 = VECTOR('',#12309,1.);
#12309 = DIRECTION('',(0.,0.,1.));
#12310 = PCURVE('',#10775,#12311);
#12311 = DEFINITIONAL_REPRESENTATION('',(#12312),#12316);
#12312 = LINE('',#12313,#12314);
#12313 = CARTESIAN_POINT('',(6.28318530718,-0.));
#12314 = VECTOR('',#12315,1.);
#12315 = DIRECTION('',(0.,1.));
#12316 = ( GEOMETRIC_REPRESENTATION_CONTEXT(2) 
PARAMETRIC_REPRESENTATION_CONTEXT() REPRESENTATION_CONTEXT('2D SPACE',''
  ) );
#12317 = PCURVE('',#10775,#12318);
#12318 = DEFINITIONAL_REPRESENTATION('',(#12319),#12323);
#12319 = LINE('',#12320,#12321);
#12320 = CARTESIAN_POINT('',(0.,-0.));
#12321 = VECTOR('',#12322,1.);
#12322 = DIRECTION('',(0.,1.));
#12323 = ( GEOMETRIC_REPRESENTATION_CONTEXT(2) 
PARAMETRIC_REPRESENTATION_CONTEXT() REPRESENTATION_CONTEXT('2D SPACE',''
  ) );
#12324 = ORIENTED_EDGE('',*,*,#11601,.T.);
#12325 = ORIENTED_EDGE('',*,*,#12304,.T.);
#12326 = ADVANCED_FACE('',(#12327),#11099,.T.);
#12327 = FACE_BOUND('',#12328,.T.);
#12328 = EDGE_LOOP('',(#12329,#12330,#12351,#12352));
#12329 = ORIENTED_EDGE('',*,*,#11344,.F.);
#12330 = ORIENTED_EDGE('',*,*,#12331,.T.);
#12331 = EDGE_CURVE('',#11345,#11172,#12332,.T.);
#12332 = SURFACE_CURVE('',#12333,(#12337,#12344),.PCURVE_S1.);
#12333 = LINE('',#12334,#12335);
#12334 = CARTESIAN_POINT('',(4.5,28.,0.));
#12335 = VECTOR('',#12336,1.);
#12336 = DIRECTION('',(0.,0.,1.));
#12337 = PCURVE('',#11099,#12338);
#12338 = DEFINITIONAL_REPRESENTATION('',(#12339),#12343);
#12339 = LINE('',#12340,#12341);
#12340 = CARTESIAN_POINT('',(0.,1.5));
#12341 = VECTOR('',#12342,1.);
#12342 = DIRECTION('',(1.,0.));
#12343 = ( GEOMETRIC_REPRESENTATION_CONTEXT(2) 
PARAMETRIC_REPRESENTATION_CONTEXT() REPRESENTATION_CONTEXT('2D SPACE',''
  ) );
#12344 = PCURVE('',#11188,#12345);
#12345 = DEFINITIONAL_REPRESENTATION('',(#12346),#12350);
#12346 = LINE('',#12347,#12348);
#12347 = CARTESIAN_POINT('',(1.570796326795,0.));
#12348 = VECTOR('',#12349,1.);
#12349 = DIRECTION('',(0.,1.));
#12350 = ( GEOMETRIC_REPRESENTATION_CONTEXT(2) 
PARAMETRIC_REPRESENTATION_CONTEXT() REPRESENTATION_CONTEXT('2D SPACE',''
  ) );
#12351 = ORIENTED_EDGE('',*,*,#11200,.T.);
#12352 = ORIENTED_EDGE('',*,*,#11083,.F.);
#12353 = ADVANCED_FACE('',(#12354),#11159,.T.);
#12354 = FACE_BOUND('',#12355,.T.);
#12355 = EDGE_LOOP('',(#12356,#12357,#12378,#12379));
#12356 = ORIENTED_EDGE('',*,*,#11141,.F.);
#12357 = ORIENTED_EDGE('',*,*,#12358,.F.);
#12358 = EDGE_CURVE('',#11368,#11142,#12359,.T.);
#12359 = SURFACE_CURVE('',#12360,(#12364,#12371),.PCURVE_S1.);
#12360 = LINE('',#12361,#12362);
#12361 = CARTESIAN_POINT('',(3.,29.5,0.));
#12362 = VECTOR('',#12363,1.);
#12363 = DIRECTION('',(0.,0.,1.));
#12364 = PCURVE('',#11159,#12365);
#12365 = DEFINITIONAL_REPRESENTATION('',(#12366),#12370);
#12366 = LINE('',#12367,#12368);
#12367 = CARTESIAN_POINT('',(0.,-1.5));
#12368 = VECTOR('',#12369,1.);
#12369 = DIRECTION('',(1.,0.));
#12370 = ( GEOMETRIC_REPRESENTATION_CONTEXT(2) 
PARAMETRIC_REPRESENTATION_CONTEXT() REPRESENTATION_CONTEXT('2D SPACE',''
  ) );
#12371 = PCURVE('',#11188,#12372);
#12372 = DEFINITIONAL_REPRESENTATION('',(#12373),#12377);
#12373 = LINE('',#12374,#12375);
#12374 = CARTESIAN_POINT('',(0.,0.));
#12375 = VECTOR('',#12376,1.);
#12376 = DIRECTION('',(0.,1.));
#12377 = ( GEOMETRIC_REPRESENTATION_CONTEXT(2) 
PARAMETRIC_REPRESENTATION_CONTEXT() REPRESENTATION_CONTEXT('2D SPACE',''
  ) );
#12378 = ORIENTED_EDGE('',*,*,#11391,.T.);
#12379 = ORIENTED_EDGE('',*,*,#12380,.T.);
#12380 = EDGE_CURVE('',#11392,#11144,#12381,.T.);
#12381 = SURFACE_CURVE('',#12382,(#12386,#12393),.PCURVE_S1.);
#12382 = LINE('',#12383,#12384);
#12383 = CARTESIAN_POINT('',(3.,53.5,0.));
#12384 = VECTOR('',#12385,1.);
#12385 = DIRECTION('',(0.,0.,1.));
#12386 = PCURVE('',#11159,#12387);
#12387 = DEFINITIONAL_REPRESENTATION('',(#12388),#12392);
#12388 = LINE('',#12389,#12390);
#12389 = CARTESIAN_POINT('',(0.,-25.5));
#12390 = VECTOR('',#12391,1.);
#12391 = DIRECTION('',(1.,0.));
#12392 = ( GEOMETRIC_REPRESENTATION_CONTEXT(2) 
PARAMETRIC_REPRESENTATION_CONTEXT() REPRESENTATION_CONTEXT('2D SPACE',''
  ) );
#12393 = PCURVE('',#11266,#12394);
#12394 = DEFINITIONAL_REPRESENTATION('',(#12395),#12399);
#12395 = LINE('',#12396,#12397);
#12396 = CARTESIAN_POINT('',(-0.,0.));
#12397 = VECTOR('',#12398,1.);
#12398 = DIRECTION('',(-0.,1.));
#12399 = ( GEOMETRIC_REPRESENTATION_CONTEXT(2) 
PARAMETRIC_REPRESENTATION_CONTEXT() REPRESENTATION_CONTEXT('2D SPACE',''
  ) );
#12400 = ADVANCED_FACE('',(#12401),#11188,.F.);
#12401 = FACE_BOUND('',#12402,.F.);
#12402 = EDGE_LOOP('',(#12403,#12404,#12405,#12406));
#12403 = ORIENTED_EDGE('',*,*,#11367,.T.);
#12404 = ORIENTED_EDGE('',*,*,#12331,.T.);
#12405 = ORIENTED_EDGE('',*,*,#11171,.F.);
#12406 = ORIENTED_EDGE('',*,*,#12358,.F.);
#12407 = ADVANCED_FACE('',(#12408),#11266,.F.);
#12408 = FACE_BOUND('',#12409,.T.);
#12409 = EDGE_LOOP('',(#12410,#12411,#12412,#12628,#12629));
#12410 = ORIENTED_EDGE('',*,*,#12380,.F.);
#12411 = ORIENTED_EDGE('',*,*,#11414,.T.);
#12412 = ORIENTED_EDGE('',*,*,#12413,.F.);
#12413 = EDGE_CURVE('',#11892,#11415,#12414,.T.);
#12414 = SURFACE_CURVE('',#12415,(#12484,#12556),.PCURVE_S1.);
#12415 = B_SPLINE_CURVE_WITH_KNOTS('',7,(#12416,#12417,#12418,#12419,
    #12420,#12421,#12422,#12423,#12424,#12425,#12426,#12427,#12428,
    #12429,#12430,#12431,#12432,#12433,#12434,#12435,#12436,#12437,
    #12438,#12439,#12440,#12441,#12442,#12443,#12444,#12445,#12446,
    #12447,#12448,#12449,#12450,#12451,#12452,#12453,#12454,#12455,
    #12456,#12457,#12458,#12459,#12460,#12461,#12462,#12463,#12464,
    #12465,#12466,#12467,#12468,#12469,#12470,#12471,#12472,#12473,
    #12474,#12475,#12476,#12477,#12478,#12479,#12480,#12481,#12482,
    #12483),.UNSPECIFIED.,.F.,.F.,(8,6,6,6,6,6,6,6,6,6,6,8),(0.,
    6.166808269624E-04,1.255385792804E-03,1.894090401573E-03,
    2.510770203902E-03,3.149473580253E-03,3.788176059888E-03,
    4.404853294642E-03,4.999505237011E-03,5.572131868881E-03,
    0.728291451604,1.),.UNSPECIFIED.);
#12416 = CARTESIAN_POINT('',(4.5,55.,0.6));
#12417 = CARTESIAN_POINT('',(4.499883579034,55.,0.599926368937));
#12418 = CARTESIAN_POINT('',(4.499767158086,54.999999989458,
    0.59985273786));
#12419 = CARTESIAN_POINT('',(4.499650737144,54.999999968374,
    0.599779106779));
#12420 = CARTESIAN_POINT('',(4.4995343162,54.999999936749,0.599705475703
    ));
#12421 = CARTESIAN_POINT('',(4.499417895252,54.999999894581,
    0.599631844636));
#12422 = CARTESIAN_POINT('',(4.499301474302,54.999999841872,
    0.599558213576));
#12423 = CARTESIAN_POINT('',(4.499064474558,54.99999971311,
    0.599408321802));
#12424 = CARTESIAN_POINT('',(4.498943895761,54.999999636292,
    0.599332061091));
#12425 = CARTESIAN_POINT('',(4.498823316967,54.999999548165,
    0.599255800388));
#12426 = CARTESIAN_POINT('',(4.498702738177,54.99999944873,
    0.599179539693));
#12427 = CARTESIAN_POINT('',(4.498582159391,54.999999337987,
    0.599103279009));
#12428 = CARTESIAN_POINT('',(4.498461580611,54.999999215935,
    0.599027018336));
#12429 = CARTESIAN_POINT('',(4.498220423131,54.999998949215,
    0.598874497058));
#12430 = CARTESIAN_POINT('',(4.49809984443,54.999998804546,
    0.598798236453));
#12431 = CARTESIAN_POINT('',(4.497979265736,54.99999864857,
    0.598721975862));
#12432 = CARTESIAN_POINT('',(4.497858687049,54.999998481285,
    0.598645715287));
#12433 = CARTESIAN_POINT('',(4.49773810837,54.999998302692,
    0.598569454727));
#12434 = CARTESIAN_POINT('',(4.497617529699,54.99999811279,
    0.598493194186));
#12435 = CARTESIAN_POINT('',(4.497380530357,54.999997717309,
    0.598343302875));
#12436 = CARTESIAN_POINT('',(4.497264109684,54.999997512496,
    0.598269672105));
#12437 = CARTESIAN_POINT('',(4.497147689021,54.999997297141,
    0.598196041353));
#12438 = CARTESIAN_POINT('',(4.497031268367,54.999997071244,
    0.598122410622));
#12439 = CARTESIAN_POINT('',(4.496914847723,54.999996834805,
    0.598048779912));
#12440 = CARTESIAN_POINT('',(4.496798427089,54.999996587824,
    0.597975149224));
#12441 = CARTESIAN_POINT('',(4.496561428098,54.999996063582,
    0.597825258314));
#12442 = CARTESIAN_POINT('',(4.496440849741,54.999995785555,
    0.597748998093));
#12443 = CARTESIAN_POINT('',(4.496320271397,54.999995496219,
    0.597672737898));
#12444 = CARTESIAN_POINT('',(4.496199693066,54.999995195574,
    0.597596477732));
#12445 = CARTESIAN_POINT('',(4.496079114749,54.999994883622,
    0.597520217594));
#12446 = CARTESIAN_POINT('',(4.495958536445,54.999994560361,
    0.597443957487));
#12447 = CARTESIAN_POINT('',(4.495717380038,54.999993891223,
    0.597291437444));
#12448 = CARTESIAN_POINT('',(4.495596801934,54.999993545346,
    0.597215177508));
#12449 = CARTESIAN_POINT('',(4.495476223846,54.99999318816,
    0.597138917604));
#12450 = CARTESIAN_POINT('',(4.495355645773,54.999992819667,
    0.597062657735));
#12451 = CARTESIAN_POINT('',(4.495235067718,54.999992439865,
    0.596986397902));
#12452 = CARTESIAN_POINT('',(4.49511448968,54.999992048755,
    0.596910138106));
#12453 = CARTESIAN_POINT('',(4.494877491695,54.999991257795,
    0.596760248358));
#12454 = CARTESIAN_POINT('',(4.494761071747,54.999990858712,
    0.596686618404));
#12455 = CARTESIAN_POINT('',(4.494644651816,54.999990449087,
    0.596612988487));
#12456 = CARTESIAN_POINT('',(4.494528231903,54.999990028921,
    0.596539358608));
#12457 = CARTESIAN_POINT('',(4.494411812009,54.999989598212,
    0.596465728768));
#12458 = CARTESIAN_POINT('',(4.494295392133,54.999989156962,
    0.596392098969));
#12459 = CARTESIAN_POINT('',(4.494066710482,54.999988269514,
    0.596247469218));
#12460 = CARTESIAN_POINT('',(4.493954448705,54.999987824055,
    0.596176469265));
#12461 = CARTESIAN_POINT('',(4.493842186946,54.999987368795,
    0.596105469351));
#12462 = CARTESIAN_POINT('',(4.493729925206,54.999986903732,
    0.596034469477));
#12463 = CARTESIAN_POINT('',(4.493617663486,54.999986428867,
    0.595963469646));
#12464 = CARTESIAN_POINT('',(4.493505401786,54.9999859442,0.595892469857
    ));
#12465 = CARTESIAN_POINT('',(4.493285036487,54.999984973575,
    0.595753100125));
#12466 = CARTESIAN_POINT('',(4.493176932887,54.999984488331,
    0.595684730179));
#12467 = CARTESIAN_POINT('',(4.493068829305,54.999983993997,
    0.595616360275));
#12468 = CARTESIAN_POINT('',(4.492960725744,54.999983490573,
    0.595547990413));
#12469 = CARTESIAN_POINT('',(4.492852622203,54.99998297806,
    0.595479620595));
#12470 = CARTESIAN_POINT('',(4.492744518683,54.999982456457,
    0.595411250821));
#12471 = CARTESIAN_POINT('',(4.356197621087,54.999312131938,
    0.509052580738));
#12472 = CARTESIAN_POINT('',(4.220373414608,54.984165535526,
    0.423200693002));
#12473 = CARTESIAN_POINT('',(4.08533605765,54.954754388763,
    0.339213324911));
#12474 = CARTESIAN_POINT('',(3.951631323829,54.910505180252,
    0.258686274022));
#12475 = CARTESIAN_POINT('',(3.820715745982,54.850576574827,
    0.184291380613));
#12476 = CARTESIAN_POINT('',(3.695024256552,54.774442254089,
    0.119810712801));
#12477 = CARTESIAN_POINT('',(3.533399986683,54.648399157195,
    5.243927390194E-02));
#12478 = CARTESIAN_POINT('',(3.490285322245,54.611682795755,
    3.617598927759E-02));
#12479 = CARTESIAN_POINT('',(3.448522428562,54.57281258458,
    2.243283615724E-02));
#12480 = CARTESIAN_POINT('',(3.408386686888,54.531961104628,
    1.157956101853E-02));
#12481 = CARTESIAN_POINT('',(3.370121726917,54.489348587437,
    3.981117573902E-03));
#12482 = CARTESIAN_POINT('',(3.333936373061,54.445248497414,
    -1.110223024625E-16));
#12483 = CARTESIAN_POINT('',(3.3,54.4,-1.110223024625E-16));
#12484 = PCURVE('',#11266,#12485);
#12485 = DEFINITIONAL_REPRESENTATION('',(#12486),#12555);
#12486 = B_SPLINE_CURVE_WITH_KNOTS('',7,(#12487,#12488,#12489,#12490,
    #12491,#12492,#12493,#12494,#12495,#12496,#12497,#12498,#12499,
    #12500,#12501,#12502,#12503,#12504,#12505,#12506,#12507,#12508,
    #12509,#12510,#12511,#12512,#12513,#12514,#12515,#12516,#12517,
    #12518,#12519,#12520,#12521,#12522,#12523,#12524,#12525,#12526,
    #12527,#12528,#12529,#12530,#12531,#12532,#12533,#12534,#12535,
    #12536,#12537,#12538,#12539,#12540,#12541,#12542,#12543,#12544,
    #12545,#12546,#12547,#12548,#12549,#12550,#12551,#12552,#12553,
    #12554),.UNSPECIFIED.,.F.,.F.,(8,6,6,6,6,6,6,6,6,6,6,8),(0.,
    6.166808269624E-04,1.255385792804E-03,1.894090401573E-03,
    2.510770203902E-03,3.149473580253E-03,3.788176059888E-03,
    4.404853294642E-03,4.999505237011E-03,5.572131868881E-03,
    0.728291451604,1.),.UNSPECIFIED.);
#12487 = CARTESIAN_POINT('',(-1.570796326795,0.6));
#12488 = CARTESIAN_POINT('',(-1.570718712817,0.599926368937));
#12489 = CARTESIAN_POINT('',(-1.570641098852,0.59985273786));
#12490 = CARTESIAN_POINT('',(-1.57056348489,0.599779106779));
#12491 = CARTESIAN_POINT('',(-1.570485870925,0.599705475703));
#12492 = CARTESIAN_POINT('',(-1.570408256955,0.599631844636));
#12493 = CARTESIAN_POINT('',(-1.570330642981,0.599558213576));
#12494 = CARTESIAN_POINT('',(-1.570172643129,0.599408321802));
#12495 = CARTESIAN_POINT('',(-1.570092257247,0.599332061091));
#12496 = CARTESIAN_POINT('',(-1.570011871364,0.599255800388));
#12497 = CARTESIAN_POINT('',(-1.569931485477,0.599179539693));
#12498 = CARTESIAN_POINT('',(-1.569851099587,0.599103279009));
#12499 = CARTESIAN_POINT('',(-1.569770713693,0.599027018336));
#12500 = CARTESIAN_POINT('',(-1.569609941941,0.598874497058));
#12501 = CARTESIAN_POINT('',(-1.569529556083,0.598798236453));
#12502 = CARTESIAN_POINT('',(-1.56944917022,0.598721975862));
#12503 = CARTESIAN_POINT('',(-1.569368784352,0.598645715287));
#12504 = CARTESIAN_POINT('',(-1.569288398478,0.598569454727));
#12505 = CARTESIAN_POINT('',(-1.569208012598,0.598493194186));
#12506 = CARTESIAN_POINT('',(-1.569050012817,0.598343302875));
#12507 = CARTESIAN_POINT('',(-1.568972398915,0.598269672105));
#12508 = CARTESIAN_POINT('',(-1.568894785007,0.598196041353));
#12509 = CARTESIAN_POINT('',(-1.568817171093,0.598122410622));
#12510 = CARTESIAN_POINT('',(-1.56873955717,0.598048779912));
#12511 = CARTESIAN_POINT('',(-1.56866194324,0.597975149224));
#12512 = CARTESIAN_POINT('',(-1.568503943527,0.597825258314));
#12513 = CARTESIAN_POINT('',(-1.568423557742,0.597748998093));
#12514 = CARTESIAN_POINT('',(-1.568343171948,0.597672737898));
#12515 = CARTESIAN_POINT('',(-1.568262786145,0.597596477732));
#12516 = CARTESIAN_POINT('',(-1.568182400332,0.597520217594));
#12517 = CARTESIAN_POINT('',(-1.568102014508,0.597443957487));
#12518 = CARTESIAN_POINT('',(-1.567941242951,0.597291437444));
#12519 = CARTESIAN_POINT('',(-1.567860857218,0.597215177508));
#12520 = CARTESIAN_POINT('',(-1.567780471473,0.597138917604));
#12521 = CARTESIAN_POINT('',(-1.567700085717,0.597062657735));
#12522 = CARTESIAN_POINT('',(-1.567619699948,0.596986397902));
#12523 = CARTESIAN_POINT('',(-1.567539314167,0.596910138106));
#12524 = CARTESIAN_POINT('',(-1.56738131463,0.596760248358));
#12525 = CARTESIAN_POINT('',(-1.567303700876,0.596686618404));
#12526 = CARTESIAN_POINT('',(-1.567226087109,0.596612988487));
#12527 = CARTESIAN_POINT('',(-1.567148473329,0.596539358608));
#12528 = CARTESIAN_POINT('',(-1.567070859535,0.596465728768));
#12529 = CARTESIAN_POINT('',(-1.566993245728,0.596392098969));
#12530 = CARTESIAN_POINT('',(-1.566840790146,0.596247469218));
#12531 = CARTESIAN_POINT('',(-1.566765948372,0.596176469265));
#12532 = CARTESIAN_POINT('',(-1.566691106584,0.596105469351));
#12533 = CARTESIAN_POINT('',(-1.566616264783,0.596034469477));
#12534 = CARTESIAN_POINT('',(-1.566541422967,0.595963469646));
#12535 = CARTESIAN_POINT('',(-1.566466581137,0.595892469857));
#12536 = CARTESIAN_POINT('',(-1.566319669512,0.595753100125));
#12537 = CARTESIAN_POINT('',(-1.566247599719,0.595684730179));
#12538 = CARTESIAN_POINT('',(-1.566175529912,0.595616360275));
#12539 = CARTESIAN_POINT('',(-1.56610346009,0.595547990413));
#12540 = CARTESIAN_POINT('',(-1.566031390254,0.595479620595));
#12541 = CARTESIAN_POINT('',(-1.565959320402,0.595411250821));
#12542 = CARTESIAN_POINT('',(-1.474926958444,0.509052580738));
#12543 = CARTESIAN_POINT('',(-1.384328517287,0.423200693002));
#12544 = CARTESIAN_POINT('',(-1.292981744127,0.339213324911));
#12545 = CARTESIAN_POINT('',(-1.200051340032,0.258686274022));
#12546 = CARTESIAN_POINT('',(-1.105057658405,0.184291380613));
#12547 = CARTESIAN_POINT('',(-1.00776822129,0.119810712801));
#12548 = CARTESIAN_POINT('',(-0.871127139319,5.243927390194E-02));
#12549 = CARTESIAN_POINT('',(-0.833408811195,3.617598927759E-02));
#12550 = CARTESIAN_POINT('',(-0.795433021672,2.243283615724E-02));
#12551 = CARTESIAN_POINT('',(-0.757322641604,1.157956101853E-02));
#12552 = CARTESIAN_POINT('',(-0.719202366717,3.981117573902E-03));
#12553 = CARTESIAN_POINT('',(-0.681208189972,-1.110223024625E-16));
#12554 = CARTESIAN_POINT('',(-0.643501108793,-1.110223024625E-16));
#12555 = ( GEOMETRIC_REPRESENTATION_CONTEXT(2) 
PARAMETRIC_REPRESENTATION_CONTEXT() REPRESENTATION_CONTEXT('2D SPACE',''
  ) );
#12556 = PCURVE('',#11458,#12557);
#12557 = DEFINITIONAL_REPRESENTATION('',(#12558),#12627);
#12558 = B_SPLINE_CURVE_WITH_KNOTS('',7,(#12559,#12560,#12561,#12562,
    #12563,#12564,#12565,#12566,#12567,#12568,#12569,#12570,#12571,
    #12572,#12573,#12574,#12575,#12576,#12577,#12578,#12579,#12580,
    #12581,#12582,#12583,#12584,#12585,#12586,#12587,#12588,#12589,
    #12590,#12591,#12592,#12593,#12594,#12595,#12596,#12597,#12598,
    #12599,#12600,#12601,#12602,#12603,#12604,#12605,#12606,#12607,
    #12608,#12609,#12610,#12611,#12612,#12613,#12614,#12615,#12616,
    #12617,#12618,#12619,#12620,#12621,#12622,#12623,#12624,#12625,
    #12626),.UNSPECIFIED.,.F.,.F.,(8,6,6,6,6,6,6,6,6,6,6,8),(0.,
    6.166808269624E-04,1.255385792804E-03,1.894090401573E-03,
    2.510770203902E-03,3.149473580253E-03,3.788176059888E-03,
    4.404853294642E-03,4.999505237011E-03,5.572131868881E-03,
    0.728291451604,1.),.UNSPECIFIED.);
#12559 = CARTESIAN_POINT('',(0.,1.5));
#12560 = CARTESIAN_POINT('',(1.227184378812E-04,1.500116420966));
#12561 = CARTESIAN_POINT('',(2.454369008099E-04,1.500232841914));
#12562 = CARTESIAN_POINT('',(3.681553715574E-04,1.500349262856));
#12563 = CARTESIAN_POINT('',(4.908738401255E-04,1.5004656838));
#12564 = CARTESIAN_POINT('',(6.135923037454E-04,1.500582104748));
#12565 = CARTESIAN_POINT('',(7.363107668785E-04,1.500698525698));
#12566 = CARTESIAN_POINT('',(9.86130483111E-04,1.500935525442));
#12567 = CARTESIAN_POINT('',(1.113231730739E-03,1.501056104239));
#12568 = CARTESIAN_POINT('',(1.240332985358E-03,1.501176683033));
#12569 = CARTESIAN_POINT('',(1.367434248206E-03,1.501297261823));
#12570 = CARTESIAN_POINT('',(1.494535520499E-03,1.501417840609));
#12571 = CARTESIAN_POINT('',(1.621636803435E-03,1.501538419389));
#12572 = CARTESIAN_POINT('',(1.875839321888E-03,1.501779576869));
#12573 = CARTESIAN_POINT('',(2.002940557408E-03,1.50190015557));
#12574 = CARTESIAN_POINT('',(2.130041805993E-03,1.502020734264));
#12575 = CARTESIAN_POINT('',(2.257143068865E-03,1.502141312951));
#12576 = CARTESIAN_POINT('',(2.38424434723E-03,1.50226189163));
#12577 = CARTESIAN_POINT('',(2.511345642274E-03,1.502382470301));
#12578 = CARTESIAN_POINT('',(2.761165362754E-03,1.502619469643));
#12579 = CARTESIAN_POINT('',(2.883883786994E-03,1.502735890316));
#12580 = CARTESIAN_POINT('',(3.006602228991E-03,1.502852310979));
#12581 = CARTESIAN_POINT('',(3.129320689844E-03,1.502968731633));
#12582 = CARTESIAN_POINT('',(3.252039170642E-03,1.503085152277));
#12583 = CARTESIAN_POINT('',(3.374757672464E-03,1.503201572911));
#12584 = CARTESIAN_POINT('',(3.624577384502E-03,1.503438571902));
#12585 = CARTESIAN_POINT('',(3.75167859634E-03,1.503559150259));
#12586 = CARTESIAN_POINT('',(3.878779833093E-03,1.503679728603));
#12587 = CARTESIAN_POINT('',(4.005881095962E-03,1.503800306934));
#12588 = CARTESIAN_POINT('',(4.132982386154E-03,1.503920885251));
#12589 = CARTESIAN_POINT('',(4.260083704879E-03,1.504041463555));
#12590 = CARTESIAN_POINT('',(4.514286223382E-03,1.504282619962));
#12591 = CARTESIAN_POINT('',(4.641387423165E-03,1.504403198066));
#12592 = CARTESIAN_POINT('',(4.768488653892E-03,1.504523776154));
#12593 = CARTESIAN_POINT('',(4.89558991676E-03,1.504644354227));
#12594 = CARTESIAN_POINT('',(5.022691212977E-03,1.504764932282));
#12595 = CARTESIAN_POINT('',(5.149792543758E-03,1.50488551032));
#12596 = CARTESIAN_POINT('',(5.399612267884E-03,1.505122508305));
#12597 = CARTESIAN_POINT('',(5.522330658799E-03,1.505238928253));
#12598 = CARTESIAN_POINT('',(5.645049084146E-03,1.505355348184));
#12599 = CARTESIAN_POINT('',(5.767767545006E-03,1.505471768097));
#12600 = CARTESIAN_POINT('',(5.890486042465E-03,1.505588187991));
#12601 = CARTESIAN_POINT('',(6.013204577612E-03,1.505704607867));
#12602 = CARTESIAN_POINT('',(6.254258699284E-03,1.505933289518));
#12603 = CARTESIAN_POINT('',(6.372594283086E-03,1.506045551295));
#12604 = CARTESIAN_POINT('',(6.490929903919E-03,1.506157813054));
#12605 = CARTESIAN_POINT('',(6.609265562752E-03,1.506270074794));
#12606 = CARTESIAN_POINT('',(6.727601260559E-03,1.506382336514));
#12607 = CARTESIAN_POINT('',(6.845936998316E-03,1.506494598214));
#12608 = CARTESIAN_POINT('',(7.078225517334E-03,1.506714963513));
#12609 = CARTESIAN_POINT('',(7.192178295616E-03,1.506823067113));
#12610 = CARTESIAN_POINT('',(7.306131112717E-03,1.506931170695));
#12611 = CARTESIAN_POINT('',(7.420083969507E-03,1.507039274256));
#12612 = CARTESIAN_POINT('',(7.534036866856E-03,1.507147377797));
#12613 = CARTESIAN_POINT('',(7.647989805631E-03,1.507255481317));
#12614 = CARTESIAN_POINT('',(0.151583442483,1.643802378913));
#12615 = CARTESIAN_POINT('',(0.294859155861,1.779626585392));
#12616 = CARTESIAN_POINT('',(0.440085104247,1.91466394235));
#12617 = CARTESIAN_POINT('',(0.589249326284,2.048368676171));
#12618 = CARTESIAN_POINT('',(0.744236382687,2.179284254018));
#12619 = CARTESIAN_POINT('',(0.906807602826,2.304975743448));
#12620 = CARTESIAN_POINT('',(1.145005542538,2.466600013317));
#12621 = CARTESIAN_POINT('',(1.211751286143,2.509714677755));
#12622 = CARTESIAN_POINT('',(1.280132868312,2.551477571438));
#12623 = CARTESIAN_POINT('',(1.350160886521,2.591613313112));
#12624 = CARTESIAN_POINT('',(1.421881911785,2.629878273083));
#12625 = CARTESIAN_POINT('',(1.495382164438,2.666063626939));
#12626 = CARTESIAN_POINT('',(1.570796326795,2.7));
#12627 = ( GEOMETRIC_REPRESENTATION_CONTEXT(2) 
PARAMETRIC_REPRESENTATION_CONTEXT() REPRESENTATION_CONTEXT('2D SPACE',''
  ) );
#12628 = ORIENTED_EDGE('',*,*,#11914,.T.);
#12629 = ORIENTED_EDGE('',*,*,#11247,.F.);
#12630 = ADVANCED_FACE('',(#12631),#11458,.T.);
#12631 = FACE_BOUND('',#12632,.T.);
#12632 = EDGE_LOOP('',(#12633,#12634,#12635,#12636));
#12633 = ORIENTED_EDGE('',*,*,#11891,.F.);
#12634 = ORIENTED_EDGE('',*,*,#12413,.T.);
#12635 = ORIENTED_EDGE('',*,*,#11442,.T.);
#12636 = ORIENTED_EDGE('',*,*,#12048,.F.);
#12637 = ADVANCED_FACE('',(#12638),#11646,.F.);
#12638 = FACE_BOUND('',#12639,.F.);
#12639 = EDGE_LOOP('',(#12640,#12641,#12664,#12693));
#12640 = ORIENTED_EDGE('',*,*,#11627,.T.);
#12641 = ORIENTED_EDGE('',*,*,#12642,.T.);
#12642 = EDGE_CURVE('',#11630,#12643,#12645,.T.);
#12643 = VERTEX_POINT('',#12644);
#12644 = CARTESIAN_POINT('',(-0.7,25.,6.3));
#12645 = SURFACE_CURVE('',#12646,(#12650,#12657),.PCURVE_S1.);
#12646 = LINE('',#12647,#12648);
#12647 = CARTESIAN_POINT('',(-0.7,25.,0.));
#12648 = VECTOR('',#12649,1.);
#12649 = DIRECTION('',(0.,0.,1.));
#12650 = PCURVE('',#11646,#12651);
#12651 = DEFINITIONAL_REPRESENTATION('',(#12652),#12656);
#12652 = LINE('',#12653,#12654);
#12653 = CARTESIAN_POINT('',(1.570796326795,0.));
#12654 = VECTOR('',#12655,1.);
#12655 = DIRECTION('',(0.,1.));
#12656 = ( GEOMETRIC_REPRESENTATION_CONTEXT(2) 
PARAMETRIC_REPRESENTATION_CONTEXT() REPRESENTATION_CONTEXT('2D SPACE',''
  ) );
#12657 = PCURVE('',#11851,#12658);
#12658 = DEFINITIONAL_REPRESENTATION('',(#12659),#12663);
#12659 = LINE('',#12660,#12661);
#12660 = CARTESIAN_POINT('',(0.,1.5));
#12661 = VECTOR('',#12662,1.);
#12662 = DIRECTION('',(1.,0.));
#12663 = ( GEOMETRIC_REPRESENTATION_CONTEXT(2) 
PARAMETRIC_REPRESENTATION_CONTEXT() REPRESENTATION_CONTEXT('2D SPACE',''
  ) );
#12664 = ORIENTED_EDGE('',*,*,#12665,.F.);
#12665 = EDGE_CURVE('',#12666,#12643,#12668,.T.);
#12666 = VERTEX_POINT('',#12667);
#12667 = CARTESIAN_POINT('',(-2.2,26.5,6.3));
#12668 = SURFACE_CURVE('',#12669,(#12674,#12681),.PCURVE_S1.);
#12669 = CIRCLE('',#12670,1.5);
#12670 = AXIS2_PLACEMENT_3D('',#12671,#12672,#12673);
#12671 = CARTESIAN_POINT('',(-0.7,26.5,6.3));
#12672 = DIRECTION('',(0.,0.,1.));
#12673 = DIRECTION('',(0.,-1.,0.));
#12674 = PCURVE('',#11646,#12675);
#12675 = DEFINITIONAL_REPRESENTATION('',(#12676),#12680);
#12676 = LINE('',#12677,#12678);
#12677 = CARTESIAN_POINT('',(-4.712388980385,6.3));
#12678 = VECTOR('',#12679,1.);
#12679 = DIRECTION('',(1.,0.));
#12680 = ( GEOMETRIC_REPRESENTATION_CONTEXT(2) 
PARAMETRIC_REPRESENTATION_CONTEXT() REPRESENTATION_CONTEXT('2D SPACE',''
  ) );
#12681 = PCURVE('',#12682,#12687);
#12682 = PLANE('',#12683);
#12683 = AXIS2_PLACEMENT_3D('',#12684,#12685,#12686);
#12684 = CARTESIAN_POINT('',(-2.2,25.,6.3));
#12685 = DIRECTION('',(0.,0.,1.));
#12686 = DIRECTION('',(1.,0.,0.));
#12687 = DEFINITIONAL_REPRESENTATION('',(#12688),#12692);
#12688 = CIRCLE('',#12689,1.5);
#12689 = AXIS2_PLACEMENT_2D('',#12690,#12691);
#12690 = CARTESIAN_POINT('',(1.5,1.5));
#12691 = DIRECTION('',(0.,-1.));
#12692 = ( GEOMETRIC_REPRESENTATION_CONTEXT(2) 
PARAMETRIC_REPRESENTATION_CONTEXT() REPRESENTATION_CONTEXT('2D SPACE',''
  ) );
#12693 = ORIENTED_EDGE('',*,*,#12694,.F.);
#12694 = EDGE_CURVE('',#11628,#12666,#12695,.T.);
#12695 = SURFACE_CURVE('',#12696,(#12700,#12707),.PCURVE_S1.);
#12696 = LINE('',#12697,#12698);
#12697 = CARTESIAN_POINT('',(-2.2,26.5,0.));
#12698 = VECTOR('',#12699,1.);
#12699 = DIRECTION('',(0.,0.,1.));
#12700 = PCURVE('',#11646,#12701);
#12701 = DEFINITIONAL_REPRESENTATION('',(#12702),#12706);
#12702 = LINE('',#12703,#12704);
#12703 = CARTESIAN_POINT('',(0.,0.));
#12704 = VECTOR('',#12705,1.);
#12705 = DIRECTION('',(0.,1.));
#12706 = ( GEOMETRIC_REPRESENTATION_CONTEXT(2) 
PARAMETRIC_REPRESENTATION_CONTEXT() REPRESENTATION_CONTEXT('2D SPACE',''
  ) );
#12707 = PCURVE('',#11674,#12708);
#12708 = DEFINITIONAL_REPRESENTATION('',(#12709),#12713);
#12709 = LINE('',#12710,#12711);
#12710 = CARTESIAN_POINT('',(0.,-1.5));
#12711 = VECTOR('',#12712,1.);
#12712 = DIRECTION('',(1.,0.));
#12713 = ( GEOMETRIC_REPRESENTATION_CONTEXT(2) 
PARAMETRIC_REPRESENTATION_CONTEXT() REPRESENTATION_CONTEXT('2D SPACE',''
  ) );
#12714 = ADVANCED_FACE('',(#12715),#11674,.T.);
#12715 = FACE_BOUND('',#12716,.T.);
#12716 = EDGE_LOOP('',(#12717,#12740,#12741,#12742));
#12717 = ORIENTED_EDGE('',*,*,#12718,.F.);
#12718 = EDGE_CURVE('',#12666,#12719,#12721,.T.);
#12719 = VERTEX_POINT('',#12720);
#12720 = CARTESIAN_POINT('',(-2.2,45.5,6.3));
#12721 = SURFACE_CURVE('',#12722,(#12726,#12733),.PCURVE_S1.);
#12722 = LINE('',#12723,#12724);
#12723 = CARTESIAN_POINT('',(-2.2,25.,6.3));
#12724 = VECTOR('',#12725,1.);
#12725 = DIRECTION('',(0.,1.,0.));
#12726 = PCURVE('',#11674,#12727);
#12727 = DEFINITIONAL_REPRESENTATION('',(#12728),#12732);
#12728 = LINE('',#12729,#12730);
#12729 = CARTESIAN_POINT('',(6.3,0.));
#12730 = VECTOR('',#12731,1.);
#12731 = DIRECTION('',(0.,-1.));
#12732 = ( GEOMETRIC_REPRESENTATION_CONTEXT(2) 
PARAMETRIC_REPRESENTATION_CONTEXT() REPRESENTATION_CONTEXT('2D SPACE',''
  ) );
#12733 = PCURVE('',#12682,#12734);
#12734 = DEFINITIONAL_REPRESENTATION('',(#12735),#12739);
#12735 = LINE('',#12736,#12737);
#12736 = CARTESIAN_POINT('',(0.,0.));
#12737 = VECTOR('',#12738,1.);
#12738 = DIRECTION('',(0.,1.));
#12739 = ( GEOMETRIC_REPRESENTATION_CONTEXT(2) 
PARAMETRIC_REPRESENTATION_CONTEXT() REPRESENTATION_CONTEXT('2D SPACE',''
  ) );
#12740 = ORIENTED_EDGE('',*,*,#12694,.F.);
#12741 = ORIENTED_EDGE('',*,*,#11658,.T.);
#12742 = ORIENTED_EDGE('',*,*,#12743,.T.);
#12743 = EDGE_CURVE('',#11659,#12719,#12744,.T.);
#12744 = SURFACE_CURVE('',#12745,(#12749,#12756),.PCURVE_S1.);
#12745 = LINE('',#12746,#12747);
#12746 = CARTESIAN_POINT('',(-2.2,45.5,0.));
#12747 = VECTOR('',#12748,1.);
#12748 = DIRECTION('',(0.,0.,1.));
#12749 = PCURVE('',#11674,#12750);
#12750 = DEFINITIONAL_REPRESENTATION('',(#12751),#12755);
#12751 = LINE('',#12752,#12753);
#12752 = CARTESIAN_POINT('',(0.,-20.5));
#12753 = VECTOR('',#12754,1.);
#12754 = DIRECTION('',(1.,0.));
#12755 = ( GEOMETRIC_REPRESENTATION_CONTEXT(2) 
PARAMETRIC_REPRESENTATION_CONTEXT() REPRESENTATION_CONTEXT('2D SPACE',''
  ) );
#12756 = PCURVE('',#11707,#12757);
#12757 = DEFINITIONAL_REPRESENTATION('',(#12758),#12762);
#12758 = LINE('',#12759,#12760);
#12759 = CARTESIAN_POINT('',(-0.,0.));
#12760 = VECTOR('',#12761,1.);
#12761 = DIRECTION('',(-0.,1.));
#12762 = ( GEOMETRIC_REPRESENTATION_CONTEXT(2) 
PARAMETRIC_REPRESENTATION_CONTEXT() REPRESENTATION_CONTEXT('2D SPACE',''
  ) );
#12763 = ADVANCED_FACE('',(#12764),#11851,.T.);
#12764 = FACE_BOUND('',#12765,.T.);
#12765 = EDGE_LOOP('',(#12766,#12767,#12768,#12791));
#12766 = ORIENTED_EDGE('',*,*,#11837,.F.);
#12767 = ORIENTED_EDGE('',*,*,#12642,.T.);
#12768 = ORIENTED_EDGE('',*,*,#12769,.T.);
#12769 = EDGE_CURVE('',#12643,#12770,#12772,.T.);
#12770 = VERTEX_POINT('',#12771);
#12771 = CARTESIAN_POINT('',(0.7,25.,6.3));
#12772 = SURFACE_CURVE('',#12773,(#12777,#12784),.PCURVE_S1.);
#12773 = LINE('',#12774,#12775);
#12774 = CARTESIAN_POINT('',(-2.2,25.,6.3));
#12775 = VECTOR('',#12776,1.);
#12776 = DIRECTION('',(1.,0.,0.));
#12777 = PCURVE('',#11851,#12778);
#12778 = DEFINITIONAL_REPRESENTATION('',(#12779),#12783);
#12779 = LINE('',#12780,#12781);
#12780 = CARTESIAN_POINT('',(6.3,0.));
#12781 = VECTOR('',#12782,1.);
#12782 = DIRECTION('',(0.,1.));
#12783 = ( GEOMETRIC_REPRESENTATION_CONTEXT(2) 
PARAMETRIC_REPRESENTATION_CONTEXT() REPRESENTATION_CONTEXT('2D SPACE',''
  ) );
#12784 = PCURVE('',#12682,#12785);
#12785 = DEFINITIONAL_REPRESENTATION('',(#12786),#12790);
#12786 = LINE('',#12787,#12788);
#12787 = CARTESIAN_POINT('',(0.,0.));
#12788 = VECTOR('',#12789,1.);
#12789 = DIRECTION('',(1.,0.));
#12790 = ( GEOMETRIC_REPRESENTATION_CONTEXT(2) 
PARAMETRIC_REPRESENTATION_CONTEXT() REPRESENTATION_CONTEXT('2D SPACE',''
  ) );
#12791 = ORIENTED_EDGE('',*,*,#12792,.F.);
#12792 = EDGE_CURVE('',#11805,#12770,#12793,.T.);
#12793 = SURFACE_CURVE('',#12794,(#12798,#12805),.PCURVE_S1.);
#12794 = LINE('',#12795,#12796);
#12795 = CARTESIAN_POINT('',(0.7,25.,0.));
#12796 = VECTOR('',#12797,1.);
#12797 = DIRECTION('',(0.,0.,1.));
#12798 = PCURVE('',#11851,#12799);
#12799 = DEFINITIONAL_REPRESENTATION('',(#12800),#12804);
#12800 = LINE('',#12801,#12802);
#12801 = CARTESIAN_POINT('',(0.,2.9));
#12802 = VECTOR('',#12803,1.);
#12803 = DIRECTION('',(1.,0.));
#12804 = ( GEOMETRIC_REPRESENTATION_CONTEXT(2) 
PARAMETRIC_REPRESENTATION_CONTEXT() REPRESENTATION_CONTEXT('2D SPACE',''
  ) );
#12805 = PCURVE('',#11825,#12806);
#12806 = DEFINITIONAL_REPRESENTATION('',(#12807),#12811);
#12807 = LINE('',#12808,#12809);
#12808 = CARTESIAN_POINT('',(-1.570796326795,0.));
#12809 = VECTOR('',#12810,1.);
#12810 = DIRECTION('',(-0.,1.));
#12811 = ( GEOMETRIC_REPRESENTATION_CONTEXT(2) 
PARAMETRIC_REPRESENTATION_CONTEXT() REPRESENTATION_CONTEXT('2D SPACE',''
  ) );
#12812 = ADVANCED_FACE('',(#12813),#11707,.F.);
#12813 = FACE_BOUND('',#12814,.T.);
#12814 = EDGE_LOOP('',(#12815,#12816,#12817,#12840,#12995,#13023));
#12815 = ORIENTED_EDGE('',*,*,#12743,.F.);
#12816 = ORIENTED_EDGE('',*,*,#11686,.T.);
#12817 = ORIENTED_EDGE('',*,*,#12818,.T.);
#12818 = EDGE_CURVE('',#11687,#12819,#12821,.T.);
#12819 = VERTEX_POINT('',#12820);
#12820 = CARTESIAN_POINT('',(-0.7,47.,2.505844720252));
#12821 = SURFACE_CURVE('',#12822,(#12826,#12833),.PCURVE_S1.);
#12822 = LINE('',#12823,#12824);
#12823 = CARTESIAN_POINT('',(-0.7,47.,0.));
#12824 = VECTOR('',#12825,1.);
#12825 = DIRECTION('',(0.,0.,1.));
#12826 = PCURVE('',#11707,#12827);
#12827 = DEFINITIONAL_REPRESENTATION('',(#12828),#12832);
#12828 = LINE('',#12829,#12830);
#12829 = CARTESIAN_POINT('',(-1.570796326795,0.));
#12830 = VECTOR('',#12831,1.);
#12831 = DIRECTION('',(-0.,1.));
#12832 = ( GEOMETRIC_REPRESENTATION_CONTEXT(2) 
PARAMETRIC_REPRESENTATION_CONTEXT() REPRESENTATION_CONTEXT('2D SPACE',''
  ) );
#12833 = PCURVE('',#11735,#12834);
#12834 = DEFINITIONAL_REPRESENTATION('',(#12835),#12839);
#12835 = LINE('',#12836,#12837);
#12836 = CARTESIAN_POINT('',(0.,1.5));
#12837 = VECTOR('',#12838,1.);
#12838 = DIRECTION('',(1.,0.));
#12839 = ( GEOMETRIC_REPRESENTATION_CONTEXT(2) 
PARAMETRIC_REPRESENTATION_CONTEXT() REPRESENTATION_CONTEXT('2D SPACE',''
  ) );
#12840 = ORIENTED_EDGE('',*,*,#12841,.F.);
#12841 = EDGE_CURVE('',#12842,#12819,#12844,.T.);
#12842 = VERTEX_POINT('',#12843);
#12843 = CARTESIAN_POINT('',(-0.7,47.,5.494155279748));
#12844 = SURFACE_CURVE('',#12845,(#12893,#12944),.PCURVE_S1.);
#12845 = B_SPLINE_CURVE_WITH_KNOTS('',6,(#12846,#12847,#12848,#12849,
    #12850,#12851,#12852,#12853,#12854,#12855,#12856,#12857,#12858,
    #12859,#12860,#12861,#12862,#12863,#12864,#12865,#12866,#12867,
    #12868,#12869,#12870,#12871,#12872,#12873,#12874,#12875,#12876,
    #12877,#12878,#12879,#12880,#12881,#12882,#12883,#12884,#12885,
    #12886,#12887,#12888,#12889,#12890,#12891,#12892),.UNSPECIFIED.,.F.,
  .F.,(7,5,5,5,5,5,5,5,5,7),(0.,8.651486243446E-02,0.138229506163,
    0.255790772777,0.383948925319,0.50006704519,0.616350988467,
    0.745218185465,0.913772258092,1.),.UNSPECIFIED.);
#12846 = CARTESIAN_POINT('',(-0.7,47.,5.494155279748));
#12847 = CARTESIAN_POINT('',(-0.753305073767,47.,5.469182271827));
#12848 = CARTESIAN_POINT('',(-0.805215195624,46.997726927517,
    5.44207982834));
#12849 = CARTESIAN_POINT('',(-0.855577709699,46.993403513976,
    5.412983495075));
#12850 = CARTESIAN_POINT('',(-0.904255976989,46.98726133334,
    5.382049767962));
#12851 = CARTESIAN_POINT('',(-0.951130462948,46.97953970186,
    5.349456454092));
#12852 = CARTESIAN_POINT('',(-1.02298046125,46.965071837151,
    5.295047448669));
#12853 = CARTESIAN_POINT('',(-1.049199298067,46.959178695754,
    5.274155571856));
#12854 = CARTESIAN_POINT('',(-1.074748409604,46.952853514819,
    5.25275772162));
#12855 = CARTESIAN_POINT('',(-1.099623280594,46.946142680058,
    5.230881215045));
#12856 = CARTESIAN_POINT('',(-1.123822806415,46.939090601693,
    5.20855036695));
#12857 = CARTESIAN_POINT('',(-1.20083131238,46.915029174635,
    5.134038087013));
#12858 = CARTESIAN_POINT('',(-1.250814894332,46.896780641965,
    5.080070474357));
#12859 = CARTESIAN_POINT('',(-1.297353513945,46.877483154296,
    5.024104409562));
#12860 = CARTESIAN_POINT('',(-1.340497179077,46.857584752768,
    4.966318347993));
#12861 = CARTESIAN_POINT('',(-1.380286607009,46.837509947743,
    4.906845342995));
#12862 = CARTESIAN_POINT('',(-1.456494744068,46.796056711089,
    4.77918925802));
#12863 = CARTESIAN_POINT('',(-1.492322676391,46.774703735486,
    4.710642808739));
#12864 = CARTESIAN_POINT('',(-1.524202831183,46.754185442465,
    4.640310520281));
#12865 = CARTESIAN_POINT('',(-1.552096257638,46.735068330305,
    4.568344086622));
#12866 = CARTESIAN_POINT('',(-1.575952481596,46.717912903874,
    4.494854187997));
#12867 = CARTESIAN_POINT('',(-1.61354692787,46.689927871517,
    4.351990859055));
#12868 = CARTESIAN_POINT('',(-1.628041621406,46.67864314608,
    4.282816599435));
#12869 = CARTESIAN_POINT('',(-1.638989208615,46.669829816972,
    4.212757025475));
#12870 = CARTESIAN_POINT('',(-1.646322130013,46.663828589227,
    4.142108140743));
#12871 = CARTESIAN_POINT('',(-1.65,46.660818676624,4.07111333286));
#12872 = CARTESIAN_POINT('',(-1.65,46.660818676624,3.928785113179));
#12873 = CARTESIAN_POINT('',(-1.646311618292,46.663837191753,
    3.857689554995));
#12874 = CARTESIAN_POINT('',(-1.638957860548,46.669855472347,
    3.786941407334));
#12875 = CARTESIAN_POINT('',(-1.627979302312,46.678693310995,
    3.716784860809));
#12876 = CARTESIAN_POINT('',(-1.613443781627,46.690008176276,
    3.647517053979));
#12877 = CARTESIAN_POINT('',(-1.575663608278,46.718124002521,
    3.504159917363));
#12878 = CARTESIAN_POINT('',(-1.551625206193,46.735402124891,
    3.430278110085));
#12879 = CARTESIAN_POINT('',(-1.523504601946,46.754658664794,
    3.357936289012));
#12880 = CARTESIAN_POINT('',(-1.49135321925,46.775322861041,
    3.287249160834));
#12881 = CARTESIAN_POINT('',(-1.455211469993,46.796817961243,
    3.218372990478));
#12882 = CARTESIAN_POINT('',(-1.362657234974,46.847013675492,
    3.064014501926));
#12883 = CARTESIAN_POINT('',(-1.303331654552,46.875948000197,
    2.979786620713));
#12884 = CARTESIAN_POINT('',(-1.237070669266,46.90412510603,
    2.899110581229));
#12885 = CARTESIAN_POINT('',(-1.16374077458,46.930267316254,
    2.82245691681));
#12886 = CARTESIAN_POINT('',(-1.083214530811,46.952981030889,
    2.75050100328));
#12887 = CARTESIAN_POINT('',(-0.950604400164,46.979625962739,
    2.650178414304));
#12888 = CARTESIAN_POINT('',(-0.903817600832,46.98731682414,
    2.617671365238));
#12889 = CARTESIAN_POINT('',(-0.855230487557,46.993433941281,
    2.586815009866));
#12890 = CARTESIAN_POINT('',(-0.804967872448,46.997738261573,
    2.557790385612));
#12891 = CARTESIAN_POINT('',(-0.753171766592,47.,2.53075527481));
#12892 = CARTESIAN_POINT('',(-0.7,47.,2.505844720252));
#12893 = PCURVE('',#11707,#12894);
#12894 = DEFINITIONAL_REPRESENTATION('',(#12895),#12943);
#12895 = B_SPLINE_CURVE_WITH_KNOTS('',6,(#12896,#12897,#12898,#12899,
    #12900,#12901,#12902,#12903,#12904,#12905,#12906,#12907,#12908,
    #12909,#12910,#12911,#12912,#12913,#12914,#12915,#12916,#12917,
    #12918,#12919,#12920,#12921,#12922,#12923,#12924,#12925,#12926,
    #12927,#12928,#12929,#12930,#12931,#12932,#12933,#12934,#12935,
    #12936,#12937,#12938,#12939,#12940,#12941,#12942),.UNSPECIFIED.,.F.,
  .F.,(7,5,5,5,5,5,5,5,5,7),(0.,8.651486243446E-02,0.138229506163,
    0.255790772777,0.383948925319,0.50006704519,0.616350988467,
    0.745218185465,0.913772258092,1.),.UNSPECIFIED.);
#12896 = CARTESIAN_POINT('',(-1.570796326795,5.494155279748));
#12897 = CARTESIAN_POINT('',(-1.53525961095,5.469182271827));
#12898 = CARTESIAN_POINT('',(-1.500652863534,5.44207982834));
#12899 = CARTESIAN_POINT('',(-1.466997079466,5.412983495075));
#12900 = CARTESIAN_POINT('',(-1.434323668303,5.382049767962));
#12901 = CARTESIAN_POINT('',(-1.402672745497,5.349456454092));
#12902 = CARTESIAN_POINT('',(-1.353811302551,5.295047448669));
#12903 = CARTESIAN_POINT('',(-1.335900424487,5.274155571856));
#12904 = CARTESIAN_POINT('',(-1.31835949813,5.25275772162));
#12905 = CARTESIAN_POINT('',(-1.301188704308,5.230881215045));
#12906 = CARTESIAN_POINT('',(-1.284387696026,5.20855036695));
#12907 = CARTESIAN_POINT('',(-1.230601029925,5.134038087013));
#12908 = CARTESIAN_POINT('',(-1.195166683831,5.080070474357));
#12909 = CARTESIAN_POINT('',(-1.16162268614,5.024104409562));
#12910 = CARTESIAN_POINT('',(-1.129979042086,4.966318347993));
#12911 = CARTESIAN_POINT('',(-1.100282215846,4.906845342995));
#12912 = CARTESIAN_POINT('',(-1.042447005566,4.77918925802));
#12913 = CARTESIAN_POINT('',(-1.014662847337,4.710642808739));
#12914 = CARTESIAN_POINT('',(-0.989407182146,4.640310520281));
#12915 = CARTESIAN_POINT('',(-0.966872618656,4.568344086622));
#12916 = CARTESIAN_POINT('',(-0.947285836588,4.494854187997));
#12917 = CARTESIAN_POINT('',(-0.916041250023,4.351990859055));
#12918 = CARTESIAN_POINT('',(-0.90379776594,4.282816599435));
#12919 = CARTESIAN_POINT('',(-0.894428859056,4.212757025475));
#12920 = CARTESIAN_POINT('',(-0.888111668294,4.142108140743));
#12921 = CARTESIAN_POINT('',(-0.884943362176,4.07111333286));
#12922 = CARTESIAN_POINT('',(-0.884943362176,3.928785113179));
#12923 = CARTESIAN_POINT('',(-0.888120723346,3.857689554995));
#12924 = CARTESIAN_POINT('',(-0.894455865593,3.786941407334));
#12925 = CARTESIAN_POINT('',(-0.903851095797,3.716784860809));
#12926 = CARTESIAN_POINT('',(-0.91612837692,3.647517053979));
#12927 = CARTESIAN_POINT('',(-0.94752435107,3.504159917363));
#12928 = CARTESIAN_POINT('',(-0.967257440343,3.430278110085));
#12929 = CARTESIAN_POINT('',(-0.989969272224,3.357936289012));
#12930 = CARTESIAN_POINT('',(-1.015429153162,3.287249160834));
#12931 = CARTESIAN_POINT('',(-1.04344101131,3.218372990478));
#12932 = CARTESIAN_POINT('',(-1.113634066202,3.064014501926));
#12933 = CARTESIAN_POINT('',(-1.157596857394,2.979786620713));
#12934 = CARTESIAN_POINT('',(-1.205495789591,2.899110581229));
#12935 = CARTESIAN_POINT('',(-1.257238910158,2.82245691681));
#12936 = CARTESIAN_POINT('',(-1.312854250247,2.75050100328));
#12937 = CARTESIAN_POINT('',(-1.403027907754,2.650178414304));
#12938 = CARTESIAN_POINT('',(-1.434617946821,2.617671365238));
#12939 = CARTESIAN_POINT('',(-1.467229157916,2.586815009866));
#12940 = CARTESIAN_POINT('',(-1.500817747814,2.557790385612));
#12941 = CARTESIAN_POINT('',(-1.5353484824,2.53075527481));
#12942 = CARTESIAN_POINT('',(-1.570796326795,2.505844720252));
#12943 = ( GEOMETRIC_REPRESENTATION_CONTEXT(2) 
PARAMETRIC_REPRESENTATION_CONTEXT() REPRESENTATION_CONTEXT('2D SPACE',''
  ) );
#12944 = PCURVE('',#11957,#12945);
#12945 = DEFINITIONAL_REPRESENTATION('',(#12946),#12994);
#12946 = B_SPLINE_CURVE_WITH_KNOTS('',6,(#12947,#12948,#12949,#12950,
    #12951,#12952,#12953,#12954,#12955,#12956,#12957,#12958,#12959,
    #12960,#12961,#12962,#12963,#12964,#12965,#12966,#12967,#12968,
    #12969,#12970,#12971,#12972,#12973,#12974,#12975,#12976,#12977,
    #12978,#12979,#12980,#12981,#12982,#12983,#12984,#12985,#12986,
    #12987,#12988,#12989,#12990,#12991,#12992,#12993),.UNSPECIFIED.,.F.,
  .F.,(7,5,5,5,5,5,5,5,5,7),(0.,8.651486243446E-02,0.138229506163,
    0.255790772777,0.383948925319,0.50006704519,0.616350988467,
    0.745218185465,0.913772258092,1.),.UNSPECIFIED.);
#12947 = CARTESIAN_POINT('',(3.57971778199,8.));
#12948 = CARTESIAN_POINT('',(3.615393507592,8.));
#12949 = CARTESIAN_POINT('',(3.650851179214,8.002273072483));
#12950 = CARTESIAN_POINT('',(3.686053868955,8.006596486024));
#12951 = CARTESIAN_POINT('',(3.720963126125,8.01273866666));
#12952 = CARTESIAN_POINT('',(3.755536138627,8.02046029814));
#12953 = CARTESIAN_POINT('',(3.810158179564,8.034928162849));
#12954 = CARTESIAN_POINT('',(3.830469947075,8.040821304246));
#12955 = CARTESIAN_POINT('',(3.85065858135,8.047146485181));
#12956 = CARTESIAN_POINT('',(3.870726353438,8.053857319942));
#12957 = CARTESIAN_POINT('',(3.890677420945,8.060909398307));
#12958 = CARTESIAN_POINT('',(3.955620398977,8.084970825365));
#12959 = CARTESIAN_POINT('',(4.000134456393,8.103219358035));
#12960 = CARTESIAN_POINT('',(4.044155444279,8.122516845704));
#12961 = CARTESIAN_POINT('',(4.087773599874,8.142415247232));
#12962 = CARTESIAN_POINT('',(4.131083396135,8.162490052257));
#12963 = CARTESIAN_POINT('',(4.221188438774,8.203943288911));
#12964 = CARTESIAN_POINT('',(4.267989261446,8.225296264514));
#12965 = CARTESIAN_POINT('',(4.314679712799,8.245814557535));
#12966 = CARTESIAN_POINT('',(4.361348295742,8.264931669695));
#12967 = CARTESIAN_POINT('',(4.408100696733,8.282087096126));
#12968 = CARTESIAN_POINT('',(4.49763222546,8.310072128483));
#12969 = CARTESIAN_POINT('',(4.540411280801,8.32135685392));
#12970 = CARTESIAN_POINT('',(4.583301091958,8.330170183028));
#12971 = CARTESIAN_POINT('',(4.626262869197,8.336171410773));
#12972 = CARTESIAN_POINT('',(4.669289990773,8.339181323376));
#12973 = CARTESIAN_POINT('',(4.755549517852,8.339181323376));
#12974 = CARTESIAN_POINT('',(4.798637699905,8.336162808247));
#12975 = CARTESIAN_POINT('',(4.841660256218,8.330144527653));
#12976 = CARTESIAN_POINT('',(4.88461066635,8.321306689005));
#12977 = CARTESIAN_POINT('',(4.927450056736,8.309991823724));
#12978 = CARTESIAN_POINT('',(5.017299660934,8.281875997479));
#12979 = CARTESIAN_POINT('',(5.064310836777,8.264597875109));
#12980 = CARTESIAN_POINT('',(5.111239508086,8.245341335206));
#12981 = CARTESIAN_POINT('',(5.158191861582,8.224677138959));
#12982 = CARTESIAN_POINT('',(5.205256664513,8.203182038757));
#12983 = CARTESIAN_POINT('',(5.314335501232,8.152986324508));
#12984 = CARTESIAN_POINT('',(5.376605429803,8.124051999803));
#12985 = CARTESIAN_POINT('',(5.439615885045,8.09587489397));
#12986 = CARTESIAN_POINT('',(5.503620369498,8.069732683746));
#12987 = CARTESIAN_POINT('',(5.568851956563,8.047018969111));
#12988 = CARTESIAN_POINT('',(5.669629591584,8.020374037261));
#12989 = CARTESIAN_POINT('',(5.704129329504,8.01268317586));
#12990 = CARTESIAN_POINT('',(5.738967075651,8.006566058719));
#12991 = CARTESIAN_POINT('',(5.774095888172,8.002261738427));
#12992 = CARTESIAN_POINT('',(5.809473672268,8.));
#12993 = CARTESIAN_POINT('',(5.84506017878,8.));
#12994 = ( GEOMETRIC_REPRESENTATION_CONTEXT(2) 
PARAMETRIC_REPRESENTATION_CONTEXT() REPRESENTATION_CONTEXT('2D SPACE',''
  ) );
#12995 = ORIENTED_EDGE('',*,*,#12996,.T.);
#12996 = EDGE_CURVE('',#12842,#12997,#12999,.T.);
#12997 = VERTEX_POINT('',#12998);
#12998 = CARTESIAN_POINT('',(-0.7,47.,6.3));
#12999 = SURFACE_CURVE('',#13000,(#13004,#13011),.PCURVE_S1.);
#13000 = LINE('',#13001,#13002);
#13001 = CARTESIAN_POINT('',(-0.7,47.,0.));
#13002 = VECTOR('',#13003,1.);
#13003 = DIRECTION('',(0.,0.,1.));
#13004 = PCURVE('',#11707,#13005);
#13005 = DEFINITIONAL_REPRESENTATION('',(#13006),#13010);
#13006 = LINE('',#13007,#13008);
#13007 = CARTESIAN_POINT('',(-1.570796326795,0.));
#13008 = VECTOR('',#13009,1.);
#13009 = DIRECTION('',(-0.,1.));
#13010 = ( GEOMETRIC_REPRESENTATION_CONTEXT(2) 
PARAMETRIC_REPRESENTATION_CONTEXT() REPRESENTATION_CONTEXT('2D SPACE',''
  ) );
#13011 = PCURVE('',#13012,#13017);
#13012 = PLANE('',#13013);
#13013 = AXIS2_PLACEMENT_3D('',#13014,#13015,#13016);
#13014 = CARTESIAN_POINT('',(-2.2,47.,0.));
#13015 = DIRECTION('',(0.,1.,0.));
#13016 = DIRECTION('',(0.,0.,1.));
#13017 = DEFINITIONAL_REPRESENTATION('',(#13018),#13022);
#13018 = LINE('',#13019,#13020);
#13019 = CARTESIAN_POINT('',(0.,1.5));
#13020 = VECTOR('',#13021,1.);
#13021 = DIRECTION('',(1.,0.));
#13022 = ( GEOMETRIC_REPRESENTATION_CONTEXT(2) 
PARAMETRIC_REPRESENTATION_CONTEXT() REPRESENTATION_CONTEXT('2D SPACE',''
  ) );
#13023 = ORIENTED_EDGE('',*,*,#13024,.F.);
#13024 = EDGE_CURVE('',#12719,#12997,#13025,.T.);
#13025 = SURFACE_CURVE('',#13026,(#13031,#13038),.PCURVE_S1.);
#13026 = CIRCLE('',#13027,1.5);
#13027 = AXIS2_PLACEMENT_3D('',#13028,#13029,#13030);
#13028 = CARTESIAN_POINT('',(-0.7,45.5,6.3));
#13029 = DIRECTION('',(-0.,-0.,-1.));
#13030 = DIRECTION('',(0.,-1.,0.));
#13031 = PCURVE('',#11707,#13032);
#13032 = DEFINITIONAL_REPRESENTATION('',(#13033),#13037);
#13033 = LINE('',#13034,#13035);
#13034 = CARTESIAN_POINT('',(1.570796326795,6.3));
#13035 = VECTOR('',#13036,1.);
#13036 = DIRECTION('',(-1.,0.));
#13037 = ( GEOMETRIC_REPRESENTATION_CONTEXT(2) 
PARAMETRIC_REPRESENTATION_CONTEXT() REPRESENTATION_CONTEXT('2D SPACE',''
  ) );
#13038 = PCURVE('',#12682,#13039);
#13039 = DEFINITIONAL_REPRESENTATION('',(#13040),#13048);
#13040 = ( BOUNDED_CURVE() B_SPLINE_CURVE(2,(#13041,#13042,#13043,#13044
    ,#13045,#13046,#13047),.UNSPECIFIED.,.T.,.F.) 
B_SPLINE_CURVE_WITH_KNOTS((1,2,2,2,2,1),(-2.094395102393,0.,
    2.094395102393,4.188790204786,6.28318530718,8.377580409573),
.UNSPECIFIED.) CURVE() GEOMETRIC_REPRESENTATION_ITEM() 
RATIONAL_B_SPLINE_CURVE((1.,0.5,1.,0.5,1.,0.5,1.)) REPRESENTATION_ITEM(
  '') );
#13041 = CARTESIAN_POINT('',(1.5,19.));
#13042 = CARTESIAN_POINT('',(-1.098076211353,19.));
#13043 = CARTESIAN_POINT('',(0.200961894323,21.25));
#13044 = CARTESIAN_POINT('',(1.5,23.5));
#13045 = CARTESIAN_POINT('',(2.799038105677,21.25));
#13046 = CARTESIAN_POINT('',(4.098076211353,19.));
#13047 = CARTESIAN_POINT('',(1.5,19.));
#13048 = ( GEOMETRIC_REPRESENTATION_CONTEXT(2) 
PARAMETRIC_REPRESENTATION_CONTEXT() REPRESENTATION_CONTEXT('2D SPACE',''
  ) );
#13049 = ADVANCED_FACE('',(#13050),#11825,.F.);
#13050 = FACE_BOUND('',#13051,.T.);
#13051 = EDGE_LOOP('',(#13052,#13053,#13054,#13082));
#13052 = ORIENTED_EDGE('',*,*,#11804,.T.);
#13053 = ORIENTED_EDGE('',*,*,#12792,.T.);
#13054 = ORIENTED_EDGE('',*,*,#13055,.F.);
#13055 = EDGE_CURVE('',#13056,#12770,#13058,.T.);
#13056 = VERTEX_POINT('',#13057);
#13057 = CARTESIAN_POINT('',(2.2,26.5,6.3));
#13058 = SURFACE_CURVE('',#13059,(#13064,#13071),.PCURVE_S1.);
#13059 = CIRCLE('',#13060,1.5);
#13060 = AXIS2_PLACEMENT_3D('',#13061,#13062,#13063);
#13061 = CARTESIAN_POINT('',(0.7,26.5,6.3));
#13062 = DIRECTION('',(-0.,-0.,-1.));
#13063 = DIRECTION('',(0.,-1.,0.));
#13064 = PCURVE('',#11825,#13065);
#13065 = DEFINITIONAL_REPRESENTATION('',(#13066),#13070);
#13066 = LINE('',#13067,#13068);
#13067 = CARTESIAN_POINT('',(4.712388980385,6.3));
#13068 = VECTOR('',#13069,1.);
#13069 = DIRECTION('',(-1.,0.));
#13070 = ( GEOMETRIC_REPRESENTATION_CONTEXT(2) 
PARAMETRIC_REPRESENTATION_CONTEXT() REPRESENTATION_CONTEXT('2D SPACE',''
  ) );
#13071 = PCURVE('',#12682,#13072);
#13072 = DEFINITIONAL_REPRESENTATION('',(#13073),#13081);
#13073 = ( BOUNDED_CURVE() B_SPLINE_CURVE(2,(#13074,#13075,#13076,#13077
    ,#13078,#13079,#13080),.UNSPECIFIED.,.T.,.F.) 
B_SPLINE_CURVE_WITH_KNOTS((1,2,2,2,2,1),(-2.094395102393,0.,
    2.094395102393,4.188790204786,6.28318530718,8.377580409573),
.UNSPECIFIED.) CURVE() GEOMETRIC_REPRESENTATION_ITEM() 
RATIONAL_B_SPLINE_CURVE((1.,0.5,1.,0.5,1.,0.5,1.)) REPRESENTATION_ITEM(
  '') );
#13074 = CARTESIAN_POINT('',(2.9,0.));
#13075 = CARTESIAN_POINT('',(0.301923788647,0.));
#13076 = CARTESIAN_POINT('',(1.600961894323,2.25));
#13077 = CARTESIAN_POINT('',(2.9,4.5));
#13078 = CARTESIAN_POINT('',(4.199038105677,2.25));
#13079 = CARTESIAN_POINT('',(5.498076211353,2.22044604925E-15));
#13080 = CARTESIAN_POINT('',(2.9,0.));
#13081 = ( GEOMETRIC_REPRESENTATION_CONTEXT(2) 
PARAMETRIC_REPRESENTATION_CONTEXT() REPRESENTATION_CONTEXT('2D SPACE',''
  ) );
#13082 = ORIENTED_EDGE('',*,*,#13083,.F.);
#13083 = EDGE_CURVE('',#11777,#13056,#13084,.T.);
#13084 = SURFACE_CURVE('',#13085,(#13089,#13096),.PCURVE_S1.);
#13085 = LINE('',#13086,#13087);
#13086 = CARTESIAN_POINT('',(2.2,26.5,0.));
#13087 = VECTOR('',#13088,1.);
#13088 = DIRECTION('',(0.,0.,1.));
#13089 = PCURVE('',#11825,#13090);
#13090 = DEFINITIONAL_REPRESENTATION('',(#13091),#13095);
#13091 = LINE('',#13092,#13093);
#13092 = CARTESIAN_POINT('',(-0.,0.));
#13093 = VECTOR('',#13094,1.);
#13094 = DIRECTION('',(-0.,1.));
#13095 = ( GEOMETRIC_REPRESENTATION_CONTEXT(2) 
PARAMETRIC_REPRESENTATION_CONTEXT() REPRESENTATION_CONTEXT('2D SPACE',''
  ) );
#13096 = PCURVE('',#11792,#13097);
#13097 = DEFINITIONAL_REPRESENTATION('',(#13098),#13102);
#13098 = LINE('',#13099,#13100);
#13099 = CARTESIAN_POINT('',(0.,-1.5));
#13100 = VECTOR('',#13101,1.);
#13101 = DIRECTION('',(1.,0.));
#13102 = ( GEOMETRIC_REPRESENTATION_CONTEXT(2) 
PARAMETRIC_REPRESENTATION_CONTEXT() REPRESENTATION_CONTEXT('2D SPACE',''
  ) );
#13103 = ADVANCED_FACE('',(#13104),#11735,.F.);
#13104 = FACE_BOUND('',#13105,.F.);
#13105 = EDGE_LOOP('',(#13106,#13107,#13108,#13136,#13164));
#13106 = ORIENTED_EDGE('',*,*,#11719,.F.);
#13107 = ORIENTED_EDGE('',*,*,#12818,.T.);
#13108 = ORIENTED_EDGE('',*,*,#13109,.T.);
#13109 = EDGE_CURVE('',#12819,#13110,#13112,.T.);
#13110 = VERTEX_POINT('',#13111);
#13111 = CARTESIAN_POINT('',(-4.041334437186E-16,47.,2.35));
#13112 = SURFACE_CURVE('',#13113,(#13118,#13129),.PCURVE_S1.);
#13113 = CIRCLE('',#13114,1.65);
#13114 = AXIS2_PLACEMENT_3D('',#13115,#13116,#13117);
#13115 = CARTESIAN_POINT('',(0.,47.,4.));
#13116 = DIRECTION('',(0.,-1.,0.));
#13117 = DIRECTION('',(0.,-0.,-1.));
#13118 = PCURVE('',#11735,#13119);
#13119 = DEFINITIONAL_REPRESENTATION('',(#13120),#13128);
#13120 = ( BOUNDED_CURVE() B_SPLINE_CURVE(2,(#13121,#13122,#13123,#13124
    ,#13125,#13126,#13127),.UNSPECIFIED.,.T.,.F.) 
B_SPLINE_CURVE_WITH_KNOTS((1,2,2,2,2,1),(-2.094395102393,0.,
    2.094395102393,4.188790204786,6.28318530718,8.377580409573),
.UNSPECIFIED.) CURVE() GEOMETRIC_REPRESENTATION_ITEM() 
RATIONAL_B_SPLINE_CURVE((1.,0.5,1.,0.5,1.,0.5,1.)) REPRESENTATION_ITEM(
  '') );
#13121 = CARTESIAN_POINT('',(2.35,2.2));
#13122 = CARTESIAN_POINT('',(2.35,5.057883832489));
#13123 = CARTESIAN_POINT('',(4.825,3.628941916244));
#13124 = CARTESIAN_POINT('',(7.3,2.2));
#13125 = CARTESIAN_POINT('',(4.825,0.771058083756));
#13126 = CARTESIAN_POINT('',(2.35,-0.657883832489));
#13127 = CARTESIAN_POINT('',(2.35,2.2));
#13128 = ( GEOMETRIC_REPRESENTATION_CONTEXT(2) 
PARAMETRIC_REPRESENTATION_CONTEXT() REPRESENTATION_CONTEXT('2D SPACE',''
  ) );
#13129 = PCURVE('',#11957,#13130);
#13130 = DEFINITIONAL_REPRESENTATION('',(#13131),#13135);
#13131 = LINE('',#13132,#13133);
#13132 = CARTESIAN_POINT('',(0.,8.));
#13133 = VECTOR('',#13134,1.);
#13134 = DIRECTION('',(1.,0.));
#13135 = ( GEOMETRIC_REPRESENTATION_CONTEXT(2) 
PARAMETRIC_REPRESENTATION_CONTEXT() REPRESENTATION_CONTEXT('2D SPACE',''
  ) );
#13136 = ORIENTED_EDGE('',*,*,#13137,.T.);
#13137 = EDGE_CURVE('',#13110,#13138,#13140,.T.);
#13138 = VERTEX_POINT('',#13139);
#13139 = CARTESIAN_POINT('',(0.7,47.,2.505844720252));
#13140 = SURFACE_CURVE('',#13141,(#13146,#13157),.PCURVE_S1.);
#13141 = CIRCLE('',#13142,1.65);
#13142 = AXIS2_PLACEMENT_3D('',#13143,#13144,#13145);
#13143 = CARTESIAN_POINT('',(0.,47.,4.));
#13144 = DIRECTION('',(0.,-1.,0.));
#13145 = DIRECTION('',(0.,-0.,-1.));
#13146 = PCURVE('',#11735,#13147);
#13147 = DEFINITIONAL_REPRESENTATION('',(#13148),#13156);
#13148 = ( BOUNDED_CURVE() B_SPLINE_CURVE(2,(#13149,#13150,#13151,#13152
    ,#13153,#13154,#13155),.UNSPECIFIED.,.T.,.F.) 
B_SPLINE_CURVE_WITH_KNOTS((1,2,2,2,2,1),(-2.094395102393,0.,
    2.094395102393,4.188790204786,6.28318530718,8.377580409573),
.UNSPECIFIED.) CURVE() GEOMETRIC_REPRESENTATION_ITEM() 
RATIONAL_B_SPLINE_CURVE((1.,0.5,1.,0.5,1.,0.5,1.)) REPRESENTATION_ITEM(
  '') );
#13149 = CARTESIAN_POINT('',(2.35,2.2));
#13150 = CARTESIAN_POINT('',(2.35,5.057883832489));
#13151 = CARTESIAN_POINT('',(4.825,3.628941916244));
#13152 = CARTESIAN_POINT('',(7.3,2.2));
#13153 = CARTESIAN_POINT('',(4.825,0.771058083756));
#13154 = CARTESIAN_POINT('',(2.35,-0.657883832489));
#13155 = CARTESIAN_POINT('',(2.35,2.2));
#13156 = ( GEOMETRIC_REPRESENTATION_CONTEXT(2) 
PARAMETRIC_REPRESENTATION_CONTEXT() REPRESENTATION_CONTEXT('2D SPACE',''
  ) );
#13157 = PCURVE('',#11957,#13158);
#13158 = DEFINITIONAL_REPRESENTATION('',(#13159),#13163);
#13159 = LINE('',#13160,#13161);
#13160 = CARTESIAN_POINT('',(0.,8.));
#13161 = VECTOR('',#13162,1.);
#13162 = DIRECTION('',(1.,0.));
#13163 = ( GEOMETRIC_REPRESENTATION_CONTEXT(2) 
PARAMETRIC_REPRESENTATION_CONTEXT() REPRESENTATION_CONTEXT('2D SPACE',''
  ) );
#13164 = ORIENTED_EDGE('',*,*,#13165,.F.);
#13165 = EDGE_CURVE('',#11720,#13138,#13166,.T.);
#13166 = SURFACE_CURVE('',#13167,(#13171,#13178),.PCURVE_S1.);
#13167 = LINE('',#13168,#13169);
#13168 = CARTESIAN_POINT('',(0.7,47.,0.));
#13169 = VECTOR('',#13170,1.);
#13170 = DIRECTION('',(0.,0.,1.));
#13171 = PCURVE('',#11735,#13172);
#13172 = DEFINITIONAL_REPRESENTATION('',(#13173),#13177);
#13173 = LINE('',#13174,#13175);
#13174 = CARTESIAN_POINT('',(0.,2.9));
#13175 = VECTOR('',#13176,1.);
#13176 = DIRECTION('',(1.,0.));
#13177 = ( GEOMETRIC_REPRESENTATION_CONTEXT(2) 
PARAMETRIC_REPRESENTATION_CONTEXT() REPRESENTATION_CONTEXT('2D SPACE',''
  ) );
#13178 = PCURVE('',#11764,#13179);
#13179 = DEFINITIONAL_REPRESENTATION('',(#13180),#13184);
#13180 = LINE('',#13181,#13182);
#13181 = CARTESIAN_POINT('',(1.570796326795,0.));
#13182 = VECTOR('',#13183,1.);
#13183 = DIRECTION('',(0.,1.));
#13184 = ( GEOMETRIC_REPRESENTATION_CONTEXT(2) 
PARAMETRIC_REPRESENTATION_CONTEXT() REPRESENTATION_CONTEXT('2D SPACE',''
  ) );
#13185 = ADVANCED_FACE('',(#13186),#11792,.F.);
#13186 = FACE_BOUND('',#13187,.F.);
#13187 = EDGE_LOOP('',(#13188,#13211,#13212,#13213));
#13188 = ORIENTED_EDGE('',*,*,#13189,.F.);
#13189 = EDGE_CURVE('',#13056,#13190,#13192,.T.);
#13190 = VERTEX_POINT('',#13191);
#13191 = CARTESIAN_POINT('',(2.2,45.5,6.3));
#13192 = SURFACE_CURVE('',#13193,(#13197,#13204),.PCURVE_S1.);
#13193 = LINE('',#13194,#13195);
#13194 = CARTESIAN_POINT('',(2.2,25.,6.3));
#13195 = VECTOR('',#13196,1.);
#13196 = DIRECTION('',(0.,1.,0.));
#13197 = PCURVE('',#11792,#13198);
#13198 = DEFINITIONAL_REPRESENTATION('',(#13199),#13203);
#13199 = LINE('',#13200,#13201);
#13200 = CARTESIAN_POINT('',(6.3,0.));
#13201 = VECTOR('',#13202,1.);
#13202 = DIRECTION('',(0.,-1.));
#13203 = ( GEOMETRIC_REPRESENTATION_CONTEXT(2) 
PARAMETRIC_REPRESENTATION_CONTEXT() REPRESENTATION_CONTEXT('2D SPACE',''
  ) );
#13204 = PCURVE('',#12682,#13205);
#13205 = DEFINITIONAL_REPRESENTATION('',(#13206),#13210);
#13206 = LINE('',#13207,#13208);
#13207 = CARTESIAN_POINT('',(4.4,0.));
#13208 = VECTOR('',#13209,1.);
#13209 = DIRECTION('',(0.,1.));
#13210 = ( GEOMETRIC_REPRESENTATION_CONTEXT(2) 
PARAMETRIC_REPRESENTATION_CONTEXT() REPRESENTATION_CONTEXT('2D SPACE',''
  ) );
#13211 = ORIENTED_EDGE('',*,*,#13083,.F.);
#13212 = ORIENTED_EDGE('',*,*,#11776,.T.);
#13213 = ORIENTED_EDGE('',*,*,#13214,.T.);
#13214 = EDGE_CURVE('',#11748,#13190,#13215,.T.);
#13215 = SURFACE_CURVE('',#13216,(#13220,#13227),.PCURVE_S1.);
#13216 = LINE('',#13217,#13218);
#13217 = CARTESIAN_POINT('',(2.2,45.5,0.));
#13218 = VECTOR('',#13219,1.);
#13219 = DIRECTION('',(0.,0.,1.));
#13220 = PCURVE('',#11792,#13221);
#13221 = DEFINITIONAL_REPRESENTATION('',(#13222),#13226);
#13222 = LINE('',#13223,#13224);
#13223 = CARTESIAN_POINT('',(0.,-20.5));
#13224 = VECTOR('',#13225,1.);
#13225 = DIRECTION('',(1.,0.));
#13226 = ( GEOMETRIC_REPRESENTATION_CONTEXT(2) 
PARAMETRIC_REPRESENTATION_CONTEXT() REPRESENTATION_CONTEXT('2D SPACE',''
  ) );
#13227 = PCURVE('',#11764,#13228);
#13228 = DEFINITIONAL_REPRESENTATION('',(#13229),#13233);
#13229 = LINE('',#13230,#13231);
#13230 = CARTESIAN_POINT('',(0.,0.));
#13231 = VECTOR('',#13232,1.);
#13232 = DIRECTION('',(0.,1.));
#13233 = ( GEOMETRIC_REPRESENTATION_CONTEXT(2) 
PARAMETRIC_REPRESENTATION_CONTEXT() REPRESENTATION_CONTEXT('2D SPACE',''
  ) );
#13234 = ADVANCED_FACE('',(#13235),#11764,.F.);
#13235 = FACE_BOUND('',#13236,.F.);
#13236 = EDGE_LOOP('',(#13237,#13238,#13239,#13240,#13395,#13418));
#13237 = ORIENTED_EDGE('',*,*,#13214,.F.);
#13238 = ORIENTED_EDGE('',*,*,#11747,.T.);
#13239 = ORIENTED_EDGE('',*,*,#13165,.T.);
#13240 = ORIENTED_EDGE('',*,*,#13241,.T.);
#13241 = EDGE_CURVE('',#13138,#13242,#13244,.T.);
#13242 = VERTEX_POINT('',#13243);
#13243 = CARTESIAN_POINT('',(0.7,47.,5.494155279748));
#13244 = SURFACE_CURVE('',#13245,(#13293,#13344),.PCURVE_S1.);
#13245 = B_SPLINE_CURVE_WITH_KNOTS('',6,(#13246,#13247,#13248,#13249,
    #13250,#13251,#13252,#13253,#13254,#13255,#13256,#13257,#13258,
    #13259,#13260,#13261,#13262,#13263,#13264,#13265,#13266,#13267,
    #13268,#13269,#13270,#13271,#13272,#13273,#13274,#13275,#13276,
    #13277,#13278,#13279,#13280,#13281,#13282,#13283,#13284,#13285,
    #13286,#13287,#13288,#13289,#13290,#13291,#13292),.UNSPECIFIED.,.F.,
  .F.,(7,5,5,5,5,5,5,5,5,7),(0.,8.65148624252E-02,0.138229506154,
    0.255790772769,0.383948925312,0.500067045184,0.616350988462,
    0.745218185462,0.913772258091,1.),.UNSPECIFIED.);
#13246 = CARTESIAN_POINT('',(0.7,47.,2.505844720252));
#13247 = CARTESIAN_POINT('',(0.753305073774,47.,2.530817728176));
#13248 = CARTESIAN_POINT('',(0.805215195622,46.997726927517,
    2.557920171659));
#13249 = CARTESIAN_POINT('',(0.855577709693,46.993403513976,
    2.587016504922));
#13250 = CARTESIAN_POINT('',(0.904255976988,46.987261333341,
    2.617950232036));
#13251 = CARTESIAN_POINT('',(0.951130462953,46.979539701859,
    2.650543545912));
#13252 = CARTESIAN_POINT('',(1.02298046125,46.965071837151,
    2.704952551331));
#13253 = CARTESIAN_POINT('',(1.049199298067,46.959178695754,
    2.725844428144));
#13254 = CARTESIAN_POINT('',(1.074748409604,46.952853514819,
    2.74724227838));
#13255 = CARTESIAN_POINT('',(1.099623280594,46.946142680058,
    2.769118784955));
#13256 = CARTESIAN_POINT('',(1.123822806415,46.939090601693,
    2.79144963305));
#13257 = CARTESIAN_POINT('',(1.20083131238,46.915029174635,
    2.865961912987));
#13258 = CARTESIAN_POINT('',(1.250814894332,46.896780641965,
    2.919929525643));
#13259 = CARTESIAN_POINT('',(1.297353513945,46.877483154296,
    2.975895590438));
#13260 = CARTESIAN_POINT('',(1.340497179077,46.857584752768,
    3.033681652007));
#13261 = CARTESIAN_POINT('',(1.380286607009,46.837509947743,
    3.093154657005));
#13262 = CARTESIAN_POINT('',(1.456494744068,46.796056711089,
    3.22081074198));
#13263 = CARTESIAN_POINT('',(1.492322676391,46.774703735486,
    3.289357191261));
#13264 = CARTESIAN_POINT('',(1.524202831183,46.754185442465,
    3.35968947972));
#13265 = CARTESIAN_POINT('',(1.552096257638,46.735068330305,
    3.431655913378));
#13266 = CARTESIAN_POINT('',(1.575952481596,46.717912903874,
    3.505145812003));
#13267 = CARTESIAN_POINT('',(1.61354692787,46.689927871517,
    3.648009140945));
#13268 = CARTESIAN_POINT('',(1.628041621406,46.67864314608,
    3.717183400565));
#13269 = CARTESIAN_POINT('',(1.638989208614,46.669829816972,
    3.787242974525));
#13270 = CARTESIAN_POINT('',(1.646322130013,46.663828589227,
    3.857891859257));
#13271 = CARTESIAN_POINT('',(1.65,46.660818676624,3.92888666714));
#13272 = CARTESIAN_POINT('',(1.65,46.660818676624,4.071214886821));
#13273 = CARTESIAN_POINT('',(1.646311618292,46.663837191753,
    4.142310445005));
#13274 = CARTESIAN_POINT('',(1.638957860548,46.669855472347,
    4.213058592666));
#13275 = CARTESIAN_POINT('',(1.627979302312,46.678693310995,
    4.283215139191));
#13276 = CARTESIAN_POINT('',(1.613443781627,46.690008176276,
    4.352482946021));
#13277 = CARTESIAN_POINT('',(1.575663608278,46.718124002521,
    4.495840082637));
#13278 = CARTESIAN_POINT('',(1.551625206193,46.735402124891,
    4.569721889915));
#13279 = CARTESIAN_POINT('',(1.523504601946,46.754658664794,
    4.642063710989));
#13280 = CARTESIAN_POINT('',(1.49135321925,46.775322861041,
    4.712750839165));
#13281 = CARTESIAN_POINT('',(1.455211469993,46.796817961243,
    4.781627009522));
#13282 = CARTESIAN_POINT('',(1.362657234974,46.847013675492,
    4.935985498074));
#13283 = CARTESIAN_POINT('',(1.303331654552,46.875948000197,
    5.020213379287));
#13284 = CARTESIAN_POINT('',(1.237070669266,46.90412510603,
    5.100889418771));
#13285 = CARTESIAN_POINT('',(1.16374077458,46.930267316254,5.17754308319
    ));
#13286 = CARTESIAN_POINT('',(1.083214530811,46.952981030889,
    5.24949899672));
#13287 = CARTESIAN_POINT('',(0.950604400164,46.979625962739,
    5.349821585696));
#13288 = CARTESIAN_POINT('',(0.903817600832,46.98731682414,
    5.382328634762));
#13289 = CARTESIAN_POINT('',(0.855230487557,46.993433941281,
    5.413184990134));
#13290 = CARTESIAN_POINT('',(0.804967872448,46.997738261573,
    5.442209614388));
#13291 = CARTESIAN_POINT('',(0.753171766592,47.,5.46924472519));
#13292 = CARTESIAN_POINT('',(0.7,47.,5.494155279748));
#13293 = PCURVE('',#11764,#13294);
#13294 = DEFINITIONAL_REPRESENTATION('',(#13295),#13343);
#13295 = B_SPLINE_CURVE_WITH_KNOTS('',6,(#13296,#13297,#13298,#13299,
    #13300,#13301,#13302,#13303,#13304,#13305,#13306,#13307,#13308,
    #13309,#13310,#13311,#13312,#13313,#13314,#13315,#13316,#13317,
    #13318,#13319,#13320,#13321,#13322,#13323,#13324,#13325,#13326,
    #13327,#13328,#13329,#13330,#13331,#13332,#13333,#13334,#13335,
    #13336,#13337,#13338,#13339,#13340,#13341,#13342),.UNSPECIFIED.,.F.,
  .F.,(7,5,5,5,5,5,5,5,5,7),(0.,8.65148624252E-02,0.138229506154,
    0.255790772769,0.383948925312,0.500067045184,0.616350988462,
    0.745218185462,0.913772258091,1.),.UNSPECIFIED.);
#13296 = CARTESIAN_POINT('',(1.570796326795,2.505844720252));
#13297 = CARTESIAN_POINT('',(1.535259610946,2.530817728176));
#13298 = CARTESIAN_POINT('',(1.500652863535,2.557920171659));
#13299 = CARTESIAN_POINT('',(1.46699707947,2.587016504922));
#13300 = CARTESIAN_POINT('',(1.434323668304,2.617950232036));
#13301 = CARTESIAN_POINT('',(1.402672745494,2.650543545912));
#13302 = CARTESIAN_POINT('',(1.353811302551,2.704952551331));
#13303 = CARTESIAN_POINT('',(1.335900424487,2.725844428144));
#13304 = CARTESIAN_POINT('',(1.31835949813,2.74724227838));
#13305 = CARTESIAN_POINT('',(1.301188704308,2.769118784955));
#13306 = CARTESIAN_POINT('',(1.284387696026,2.79144963305));
#13307 = CARTESIAN_POINT('',(1.230601029925,2.865961912987));
#13308 = CARTESIAN_POINT('',(1.195166683831,2.919929525643));
#13309 = CARTESIAN_POINT('',(1.16162268614,2.975895590438));
#13310 = CARTESIAN_POINT('',(1.129979042086,3.033681652007));
#13311 = CARTESIAN_POINT('',(1.100282215846,3.093154657005));
#13312 = CARTESIAN_POINT('',(1.042447005566,3.22081074198));
#13313 = CARTESIAN_POINT('',(1.014662847337,3.289357191261));
#13314 = CARTESIAN_POINT('',(0.989407182146,3.35968947972));
#13315 = CARTESIAN_POINT('',(0.966872618656,3.431655913378));
#13316 = CARTESIAN_POINT('',(0.947285836588,3.505145812003));
#13317 = CARTESIAN_POINT('',(0.916041250023,3.648009140945));
#13318 = CARTESIAN_POINT('',(0.90379776594,3.717183400565));
#13319 = CARTESIAN_POINT('',(0.894428859056,3.787242974525));
#13320 = CARTESIAN_POINT('',(0.888111668294,3.857891859257));
#13321 = CARTESIAN_POINT('',(0.884943362176,3.92888666714));
#13322 = CARTESIAN_POINT('',(0.884943362176,4.071214886821));
#13323 = CARTESIAN_POINT('',(0.888120723346,4.142310445005));
#13324 = CARTESIAN_POINT('',(0.894455865593,4.213058592666));
#13325 = CARTESIAN_POINT('',(0.903851095797,4.283215139191));
#13326 = CARTESIAN_POINT('',(0.91612837692,4.352482946021));
#13327 = CARTESIAN_POINT('',(0.94752435107,4.495840082637));
#13328 = CARTESIAN_POINT('',(0.967257440343,4.569721889915));
#13329 = CARTESIAN_POINT('',(0.989969272224,4.642063710989));
#13330 = CARTESIAN_POINT('',(1.015429153161,4.712750839165));
#13331 = CARTESIAN_POINT('',(1.04344101131,4.781627009522));
#13332 = CARTESIAN_POINT('',(1.113634066202,4.935985498074));
#13333 = CARTESIAN_POINT('',(1.157596857394,5.020213379287));
#13334 = CARTESIAN_POINT('',(1.205495789591,5.100889418771));
#13335 = CARTESIAN_POINT('',(1.257238910158,5.17754308319));
#13336 = CARTESIAN_POINT('',(1.312854250247,5.24949899672));
#13337 = CARTESIAN_POINT('',(1.403027907754,5.349821585696));
#13338 = CARTESIAN_POINT('',(1.434617946821,5.382328634762));
#13339 = CARTESIAN_POINT('',(1.467229157916,5.413184990134));
#13340 = CARTESIAN_POINT('',(1.500817747814,5.442209614388));
#13341 = CARTESIAN_POINT('',(1.5353484824,5.46924472519));
#13342 = CARTESIAN_POINT('',(1.570796326795,5.494155279748));
#13343 = ( GEOMETRIC_REPRESENTATION_CONTEXT(2) 
PARAMETRIC_REPRESENTATION_CONTEXT() REPRESENTATION_CONTEXT('2D SPACE',''
  ) );
#13344 = PCURVE('',#11957,#13345);
#13345 = DEFINITIONAL_REPRESENTATION('',(#13346),#13394);
#13346 = B_SPLINE_CURVE_WITH_KNOTS('',6,(#13347,#13348,#13349,#13350,
    #13351,#13352,#13353,#13354,#13355,#13356,#13357,#13358,#13359,
    #13360,#13361,#13362,#13363,#13364,#13365,#13366,#13367,#13368,
    #13369,#13370,#13371,#13372,#13373,#13374,#13375,#13376,#13377,
    #13378,#13379,#13380,#13381,#13382,#13383,#13384,#13385,#13386,
    #13387,#13388,#13389,#13390,#13391,#13392,#13393),.UNSPECIFIED.,.F.,
  .F.,(7,5,5,5,5,5,5,5,5,7),(0.,8.65148624252E-02,0.138229506154,
    0.255790772769,0.383948925312,0.500067045184,0.616350988462,
    0.745218185462,0.913772258091,1.),.UNSPECIFIED.);
#13347 = CARTESIAN_POINT('',(0.4381251284,8.));
#13348 = CARTESIAN_POINT('',(0.473800854006,8.));
#13349 = CARTESIAN_POINT('',(0.509258525624,8.002273072483));
#13350 = CARTESIAN_POINT('',(0.544461215361,8.006596486024));
#13351 = CARTESIAN_POINT('',(0.579370472534,8.012738666659));
#13352 = CARTESIAN_POINT('',(0.613943485041,8.020460298141));
#13353 = CARTESIAN_POINT('',(0.668565525975,8.034928162849));
#13354 = CARTESIAN_POINT('',(0.688877293485,8.040821304246));
#13355 = CARTESIAN_POINT('',(0.70906592776,8.047146485181));
#13356 = CARTESIAN_POINT('',(0.729133699848,8.053857319942));
#13357 = CARTESIAN_POINT('',(0.749084767355,8.060909398307));
#13358 = CARTESIAN_POINT('',(0.814027745388,8.084970825365));
#13359 = CARTESIAN_POINT('',(0.858541802803,8.103219358035));
#13360 = CARTESIAN_POINT('',(0.902562790689,8.122516845704));
#13361 = CARTESIAN_POINT('',(0.946180946284,8.142415247232));
#13362 = CARTESIAN_POINT('',(0.989490742545,8.162490052257));
#13363 = CARTESIAN_POINT('',(1.079595785184,8.203943288911));
#13364 = CARTESIAN_POINT('',(1.126396607856,8.225296264514));
#13365 = CARTESIAN_POINT('',(1.173087059209,8.245814557535));
#13366 = CARTESIAN_POINT('',(1.219755642152,8.264931669695));
#13367 = CARTESIAN_POINT('',(1.266508043143,8.282087096126));
#13368 = CARTESIAN_POINT('',(1.35603957187,8.310072128483));
#13369 = CARTESIAN_POINT('',(1.398818627211,8.32135685392));
#13370 = CARTESIAN_POINT('',(1.441708438368,8.330170183027));
#13371 = CARTESIAN_POINT('',(1.484670215607,8.336171410773));
#13372 = CARTESIAN_POINT('',(1.527697337183,8.339181323376));
#13373 = CARTESIAN_POINT('',(1.613956864262,8.339181323376));
#13374 = CARTESIAN_POINT('',(1.657045046315,8.336162808247));
#13375 = CARTESIAN_POINT('',(1.700067602628,8.330144527653));
#13376 = CARTESIAN_POINT('',(1.74301801276,8.321306689005));
#13377 = CARTESIAN_POINT('',(1.785857403147,8.309991823724));
#13378 = CARTESIAN_POINT('',(1.875707007344,8.281875997479));
#13379 = CARTESIAN_POINT('',(1.922718183187,8.264597875109));
#13380 = CARTESIAN_POINT('',(1.969646854497,8.245341335206));
#13381 = CARTESIAN_POINT('',(2.016599207992,8.224677138959));
#13382 = CARTESIAN_POINT('',(2.063664010923,8.203182038757));
#13383 = CARTESIAN_POINT('',(2.172742847642,8.152986324508));
#13384 = CARTESIAN_POINT('',(2.235012776213,8.124051999803));
#13385 = CARTESIAN_POINT('',(2.298023231455,8.09587489397));
#13386 = CARTESIAN_POINT('',(2.362027715908,8.069732683746));
#13387 = CARTESIAN_POINT('',(2.427259302973,8.047018969111));
#13388 = CARTESIAN_POINT('',(2.528036937994,8.020374037261));
#13389 = CARTESIAN_POINT('',(2.562536675914,8.01268317586));
#13390 = CARTESIAN_POINT('',(2.597374422061,8.006566058719));
#13391 = CARTESIAN_POINT('',(2.632503234582,8.002261738427));
#13392 = CARTESIAN_POINT('',(2.667881018678,8.));
#13393 = CARTESIAN_POINT('',(2.70346752519,8.));
#13394 = ( GEOMETRIC_REPRESENTATION_CONTEXT(2) 
PARAMETRIC_REPRESENTATION_CONTEXT() REPRESENTATION_CONTEXT('2D SPACE',''
  ) );
#13395 = ORIENTED_EDGE('',*,*,#13396,.T.);
#13396 = EDGE_CURVE('',#13242,#13397,#13399,.T.);
#13397 = VERTEX_POINT('',#13398);
#13398 = CARTESIAN_POINT('',(0.7,47.,6.3));
#13399 = SURFACE_CURVE('',#13400,(#13404,#13411),.PCURVE_S1.);
#13400 = LINE('',#13401,#13402);
#13401 = CARTESIAN_POINT('',(0.7,47.,0.));
#13402 = VECTOR('',#13403,1.);
#13403 = DIRECTION('',(0.,0.,1.));
#13404 = PCURVE('',#11764,#13405);
#13405 = DEFINITIONAL_REPRESENTATION('',(#13406),#13410);
#13406 = LINE('',#13407,#13408);
#13407 = CARTESIAN_POINT('',(1.570796326795,0.));
#13408 = VECTOR('',#13409,1.);
#13409 = DIRECTION('',(0.,1.));
#13410 = ( GEOMETRIC_REPRESENTATION_CONTEXT(2) 
PARAMETRIC_REPRESENTATION_CONTEXT() REPRESENTATION_CONTEXT('2D SPACE',''
  ) );
#13411 = PCURVE('',#13012,#13412);
#13412 = DEFINITIONAL_REPRESENTATION('',(#13413),#13417);
#13413 = LINE('',#13414,#13415);
#13414 = CARTESIAN_POINT('',(0.,2.9));
#13415 = VECTOR('',#13416,1.);
#13416 = DIRECTION('',(1.,0.));
#13417 = ( GEOMETRIC_REPRESENTATION_CONTEXT(2) 
PARAMETRIC_REPRESENTATION_CONTEXT() REPRESENTATION_CONTEXT('2D SPACE',''
  ) );
#13418 = ORIENTED_EDGE('',*,*,#13419,.F.);
#13419 = EDGE_CURVE('',#13190,#13397,#13420,.T.);
#13420 = SURFACE_CURVE('',#13421,(#13426,#13433),.PCURVE_S1.);
#13421 = CIRCLE('',#13422,1.5);
#13422 = AXIS2_PLACEMENT_3D('',#13423,#13424,#13425);
#13423 = CARTESIAN_POINT('',(0.7,45.5,6.3));
#13424 = DIRECTION('',(0.,0.,1.));
#13425 = DIRECTION('',(0.,-1.,0.));
#13426 = PCURVE('',#11764,#13427);
#13427 = DEFINITIONAL_REPRESENTATION('',(#13428),#13432);
#13428 = LINE('',#13429,#13430);
#13429 = CARTESIAN_POINT('',(-1.570796326795,6.3));
#13430 = VECTOR('',#13431,1.);
#13431 = DIRECTION('',(1.,0.));
#13432 = ( GEOMETRIC_REPRESENTATION_CONTEXT(2) 
PARAMETRIC_REPRESENTATION_CONTEXT() REPRESENTATION_CONTEXT('2D SPACE',''
  ) );
#13433 = PCURVE('',#12682,#13434);
#13434 = DEFINITIONAL_REPRESENTATION('',(#13435),#13439);
#13435 = CIRCLE('',#13436,1.5);
#13436 = AXIS2_PLACEMENT_2D('',#13437,#13438);
#13437 = CARTESIAN_POINT('',(2.9,20.5));
#13438 = DIRECTION('',(0.,-1.));
#13439 = ( GEOMETRIC_REPRESENTATION_CONTEXT(2) 
PARAMETRIC_REPRESENTATION_CONTEXT() REPRESENTATION_CONTEXT('2D SPACE',''
  ) );
#13440 = ADVANCED_FACE('',(#13441),#11957,.F.);
#13441 = FACE_BOUND('',#13442,.F.);
#13442 = EDGE_LOOP('',(#13443,#13444,#13465,#13466,#13467,#13468,#13469,
    #13495));
#13443 = ORIENTED_EDGE('',*,*,#13137,.F.);
#13444 = ORIENTED_EDGE('',*,*,#13445,.F.);
#13445 = EDGE_CURVE('',#11941,#13110,#13446,.T.);
#13446 = SEAM_CURVE('',#13447,(#13451,#13458),.PCURVE_S1.);
#13447 = LINE('',#13448,#13449);
#13448 = CARTESIAN_POINT('',(-4.041334437186E-16,55.,2.35));
#13449 = VECTOR('',#13450,1.);
#13450 = DIRECTION('',(0.,-1.,0.));
#13451 = PCURVE('',#11957,#13452);
#13452 = DEFINITIONAL_REPRESENTATION('',(#13453),#13457);
#13453 = LINE('',#13454,#13455);
#13454 = CARTESIAN_POINT('',(6.28318530718,-0.));
#13455 = VECTOR('',#13456,1.);
#13456 = DIRECTION('',(0.,1.));
#13457 = ( GEOMETRIC_REPRESENTATION_CONTEXT(2) 
PARAMETRIC_REPRESENTATION_CONTEXT() REPRESENTATION_CONTEXT('2D SPACE',''
  ) );
#13458 = PCURVE('',#11957,#13459);
#13459 = DEFINITIONAL_REPRESENTATION('',(#13460),#13464);
#13460 = LINE('',#13461,#13462);
#13461 = CARTESIAN_POINT('',(0.,-0.));
#13462 = VECTOR('',#13463,1.);
#13463 = DIRECTION('',(0.,1.));
#13464 = ( GEOMETRIC_REPRESENTATION_CONTEXT(2) 
PARAMETRIC_REPRESENTATION_CONTEXT() REPRESENTATION_CONTEXT('2D SPACE',''
  ) );
#13465 = ORIENTED_EDGE('',*,*,#11940,.T.);
#13466 = ORIENTED_EDGE('',*,*,#13445,.T.);
#13467 = ORIENTED_EDGE('',*,*,#13109,.F.);
#13468 = ORIENTED_EDGE('',*,*,#12841,.F.);
#13469 = ORIENTED_EDGE('',*,*,#13470,.F.);
#13470 = EDGE_CURVE('',#13242,#12842,#13471,.T.);
#13471 = SURFACE_CURVE('',#13472,(#13477,#13484),.PCURVE_S1.);
#13472 = CIRCLE('',#13473,1.65);
#13473 = AXIS2_PLACEMENT_3D('',#13474,#13475,#13476);
#13474 = CARTESIAN_POINT('',(0.,47.,4.));
#13475 = DIRECTION('',(0.,-1.,0.));
#13476 = DIRECTION('',(0.,-0.,-1.));
#13477 = PCURVE('',#11957,#13478);
#13478 = DEFINITIONAL_REPRESENTATION('',(#13479),#13483);
#13479 = LINE('',#13480,#13481);
#13480 = CARTESIAN_POINT('',(0.,8.));
#13481 = VECTOR('',#13482,1.);
#13482 = DIRECTION('',(1.,0.));
#13483 = ( GEOMETRIC_REPRESENTATION_CONTEXT(2) 
PARAMETRIC_REPRESENTATION_CONTEXT() REPRESENTATION_CONTEXT('2D SPACE',''
  ) );
#13484 = PCURVE('',#13012,#13485);
#13485 = DEFINITIONAL_REPRESENTATION('',(#13486),#13494);
#13486 = ( BOUNDED_CURVE() B_SPLINE_CURVE(2,(#13487,#13488,#13489,#13490
    ,#13491,#13492,#13493),.UNSPECIFIED.,.T.,.F.) 
B_SPLINE_CURVE_WITH_KNOTS((1,2,2,2,2,1),(-2.094395102393,0.,
    2.094395102393,4.188790204786,6.28318530718,8.377580409573),
.UNSPECIFIED.) CURVE() GEOMETRIC_REPRESENTATION_ITEM() 
RATIONAL_B_SPLINE_CURVE((1.,0.5,1.,0.5,1.,0.5,1.)) REPRESENTATION_ITEM(
  '') );
#13487 = CARTESIAN_POINT('',(2.35,2.2));
#13488 = CARTESIAN_POINT('',(2.35,5.057883832489));
#13489 = CARTESIAN_POINT('',(4.825,3.628941916244));
#13490 = CARTESIAN_POINT('',(7.3,2.2));
#13491 = CARTESIAN_POINT('',(4.825,0.771058083756));
#13492 = CARTESIAN_POINT('',(2.35,-0.657883832489));
#13493 = CARTESIAN_POINT('',(2.35,2.2));
#13494 = ( GEOMETRIC_REPRESENTATION_CONTEXT(2) 
PARAMETRIC_REPRESENTATION_CONTEXT() REPRESENTATION_CONTEXT('2D SPACE',''
  ) );
#13495 = ORIENTED_EDGE('',*,*,#13241,.F.);
#13496 = ADVANCED_FACE('',(#13497),#12682,.F.);
#13497 = FACE_BOUND('',#13498,.F.);
#13498 = EDGE_LOOP('',(#13499,#13500,#13501,#13502,#13503,#13504,#13505,
    #13526));
#13499 = ORIENTED_EDGE('',*,*,#12718,.F.);
#13500 = ORIENTED_EDGE('',*,*,#12665,.T.);
#13501 = ORIENTED_EDGE('',*,*,#12769,.T.);
#13502 = ORIENTED_EDGE('',*,*,#13055,.F.);
#13503 = ORIENTED_EDGE('',*,*,#13189,.T.);
#13504 = ORIENTED_EDGE('',*,*,#13419,.T.);
#13505 = ORIENTED_EDGE('',*,*,#13506,.F.);
#13506 = EDGE_CURVE('',#12997,#13397,#13507,.T.);
#13507 = SURFACE_CURVE('',#13508,(#13512,#13519),.PCURVE_S1.);
#13508 = LINE('',#13509,#13510);
#13509 = CARTESIAN_POINT('',(-2.2,47.,6.3));
#13510 = VECTOR('',#13511,1.);
#13511 = DIRECTION('',(1.,0.,0.));
#13512 = PCURVE('',#12682,#13513);
#13513 = DEFINITIONAL_REPRESENTATION('',(#13514),#13518);
#13514 = LINE('',#13515,#13516);
#13515 = CARTESIAN_POINT('',(0.,22.));
#13516 = VECTOR('',#13517,1.);
#13517 = DIRECTION('',(1.,0.));
#13518 = ( GEOMETRIC_REPRESENTATION_CONTEXT(2) 
PARAMETRIC_REPRESENTATION_CONTEXT() REPRESENTATION_CONTEXT('2D SPACE',''
  ) );
#13519 = PCURVE('',#13012,#13520);
#13520 = DEFINITIONAL_REPRESENTATION('',(#13521),#13525);
#13521 = LINE('',#13522,#13523);
#13522 = CARTESIAN_POINT('',(6.3,0.));
#13523 = VECTOR('',#13524,1.);
#13524 = DIRECTION('',(0.,1.));
#13525 = ( GEOMETRIC_REPRESENTATION_CONTEXT(2) 
PARAMETRIC_REPRESENTATION_CONTEXT() REPRESENTATION_CONTEXT('2D SPACE',''
  ) );
#13526 = ORIENTED_EDGE('',*,*,#13024,.F.);
#13527 = ADVANCED_FACE('',(#13528),#13012,.F.);
#13528 = FACE_BOUND('',#13529,.F.);
#13529 = EDGE_LOOP('',(#13530,#13531,#13532,#13533));
#13530 = ORIENTED_EDGE('',*,*,#13470,.T.);
#13531 = ORIENTED_EDGE('',*,*,#12996,.T.);
#13532 = ORIENTED_EDGE('',*,*,#13506,.T.);
#13533 = ORIENTED_EDGE('',*,*,#13396,.F.);
#13534 = ( GEOMETRIC_REPRESENTATION_CONTEXT(3) 
GLOBAL_UNCERTAINTY_ASSIGNED_CONTEXT((#13538)) 
GLOBAL_UNIT_ASSIGNED_CONTEXT((#13535,#13536,#13537)) 
REPRESENTATION_CONTEXT('Context #1',
  '3D Context with UNIT and UNCERTAINTY') );
#13535 = ( LENGTH_UNIT() NAMED_UNIT(*) SI_UNIT(.MILLI.,.METRE.) );
#13536 = ( NAMED_UNIT(*) PLANE_ANGLE_UNIT() SI_UNIT($,.RADIAN.) );
#13537 = ( NAMED_UNIT(*) SI_UNIT($,.STERADIAN.) SOLID_ANGLE_UNIT() );
#13538 = UNCERTAINTY_MEASURE_WITH_UNIT(LENGTH_MEASURE(2.E-05),#13535,
  'distance_accuracy_value','confusion accuracy');
#13539 = PRODUCT_RELATED_PRODUCT_CATEGORY('part',$,(#7));
ENDSEC;
END-ISO-10303-21;
