ISO-10303-21;
HEADER;
FILE_DESCRIPTION(('Open CASCADE Model'),'2;1');
FILE_NAME('Open CASCADE Shape Model','2026-10-05T13:26:26',('Author'),(
    'Open CASCADE'),'Open CASCADE STEP processor 7.9','Open CASCADE 7.9'
  ,'Unknown');
FILE_SCHEMA(('AUTOMOTIVE_DESIGN { 1 0 10303 214 1 1 1 1 }'));
ENDSEC;
DATA;
#1 = APPLICATION_PROTOCOL_DEFINITION('international standard',
  'automotive_design',2000,#2);
#2 = APPLICATION_CONTEXT(
  'core data for automotive mechanical design processes');
#3 = SHAPE_DEFINITION_REPRESENTATION(#4,#10);
#4 = PRODUCT_DEFINITION_SHAPE('','',#5);
#5 = PRODUCT_DEFINITION('design','',#6,#9);
#6 = PRODUCT_DEFINITION_FORMATION('','',#7);
#7 = PRODUCT('Open CASCADE STEP translator 7.9 1',
  'Open CASCADE STEP translator 7.9 1','',(#8));
#8 = PRODUCT_CONTEXT('',#2,'mechanical');
#9 = PRODUCT_DEFINITION_CONTEXT('part definition',#2,'design');
#10 = ADVANCED_BREP_SHAPE_REPRESENTATION('',(#11,#15),#11811);
#11 = AXIS2_PLACEMENT_3D('',#12,#13,#14);
#12 = CARTESIAN_POINT('',(0.,0.,0.));
#13 = DIRECTION('',(0.,0.,1.));
#14 = DIRECTION('',(1.,0.,-0.));
#15 = MANIFOLD_SOLID_BREP('',#16);
#16 = CLOSED_SHELL('',(#17,#473,#679,#843,#1132,#1906,#1932,#1939,#1965,
    #1992,#2041,#2123,#2295,#2539,#2598,#2679,#2728,#2782,#2809,#3004,
    #3010,#3120,#3174,#3424,#3479,#3585,#3639,#3693,#3748,#3803,#3857,
    #3911,#3990,#4045,#4099,#4155,#4238,#4293,#4326,#4381,#4457,#4489,
    #4678,#4998,#5083,#5138,#5485,#5937,#5963,#5990,#6043,#6070,#6102,
    #6185,#6235,#6799,#6826,#6853,#6859,#6914,#6963,#7010,#7016,#7071,
    #7103,#7186,#7236,#7286,#7341,#7396,#7446,#7496,#7551,#7606,#7656,
    #7711,#7766,#7820,#7853,#7908,#7955,#7961,#7988,#8014,#8230,#8441,
    #8611,#8776,#8877,#9027,#9053,#9081,#9134,#9216,#9289,#9316,#9358,
    #9479,#9611,#9637,#9665,#9718,#9795,#9872,#9947,#10021,#10096,#10146
    ,#10154,#10181,#10223,#10278,#10328,#10360,#10561,#10637,#10707,
    #10733,#10739,#10789,#11023,#11096,#11300,#11432,#11459,#11506,
    #11534,#11561,#11588,#11616,#11675,#11702,#11709,#11759,#11766,
    #11773,#11780,#11807));
#17 = ADVANCED_FACE('',(#18),#32,.T.);
#18 = FACE_BOUND('',#19,.T.);
#19 = EDGE_LOOP('',(#20,#57,#211,#239,#267,#418,#452));
#20 = ORIENTED_EDGE('',*,*,#21,.F.);
#21 = EDGE_CURVE('',#22,#24,#26,.T.);
#22 = VERTEX_POINT('',#23);
#23 = CARTESIAN_POINT('',(-8.2,75.,16.));
#24 = VERTEX_POINT('',#25);
#25 = CARTESIAN_POINT('',(-7.6,75.,16.));
#26 = SURFACE_CURVE('',#27,(#31,#45),.PCURVE_S1.);
#27 = LINE('',#28,#29);
#28 = CARTESIAN_POINT('',(-9.,75.,16.));
#29 = VECTOR('',#30,1.);
#30 = DIRECTION('',(1.,0.,0.));
#31 = PCURVE('',#32,#39);
#32 = SURFACE_OF_LINEAR_EXTRUSION('',#33,#37);
#33 = B_SPLINE_CURVE_WITH_KNOTS('',2,(#34,#35,#36),.UNSPECIFIED.,.F.,.F.
  ,(3,3),(0.,1.),.PIECEWISE_BEZIER_KNOTS.);
#34 = CARTESIAN_POINT('',(-9.,68.5,3.));
#35 = CARTESIAN_POINT('',(-9.,71.75,3.));
#36 = CARTESIAN_POINT('',(-9.,75.,16.));
#37 = VECTOR('',#38,1.);
#38 = DIRECTION('',(-1.,-0.,-0.));
#39 = DEFINITIONAL_REPRESENTATION('',(#40),#44);
#40 = LINE('',#41,#42);
#41 = CARTESIAN_POINT('',(1.,0.));
#42 = VECTOR('',#43,1.);
#43 = DIRECTION('',(0.,-1.));
#44 = ( GEOMETRIC_REPRESENTATION_CONTEXT(2) 
PARAMETRIC_REPRESENTATION_CONTEXT() REPRESENTATION_CONTEXT('2D SPACE',''
  ) );
#45 = PCURVE('',#46,#51);
#46 = PLANE('',#47);
#47 = AXIS2_PLACEMENT_3D('',#48,#49,#50);
#48 = CARTESIAN_POINT('',(-9.,75.,16.));
#49 = DIRECTION('',(-0.,1.,0.));
#50 = DIRECTION('',(0.,0.,-1.));
#51 = DEFINITIONAL_REPRESENTATION('',(#52),#56);
#52 = LINE('',#53,#54);
#53 = CARTESIAN_POINT('',(0.,0.));
#54 = VECTOR('',#55,1.);
#55 = DIRECTION('',(0.,-1.));
#56 = ( GEOMETRIC_REPRESENTATION_CONTEXT(2) 
PARAMETRIC_REPRESENTATION_CONTEXT() REPRESENTATION_CONTEXT('2D SPACE',''
  ) );
#57 = ORIENTED_EDGE('',*,*,#58,.F.);
#58 = EDGE_CURVE('',#59,#22,#61,.T.);
#59 = VERTEX_POINT('',#60);
#60 = CARTESIAN_POINT('',(-8.2,68.5,3.));
#61 = SURFACE_CURVE('',#62,(#92,#116),.PCURVE_S1.);
#62 = B_SPLINE_CURVE_WITH_KNOTS('',10,(#63,#64,#65,#66,#67,#68,#69,#70,
    #71,#72,#73,#74,#75,#76,#77,#78,#79,#80,#81,#82,#83,#84,#85,#86,#87,
    #88,#89,#90,#91),.UNSPECIFIED.,.F.,.F.,(11,9,9,11),(
    2.673738134691E-14,7.551634534365,15.103269068731,15.598350230583),
  .UNSPECIFIED.);
#63 = CARTESIAN_POINT('',(-8.2,68.5,3.));
#64 = CARTESIAN_POINT('',(-8.2,68.825000000002,3.));
#65 = CARTESIAN_POINT('',(-8.199999999999,69.149999999993,3.072222222221
    ));
#66 = CARTESIAN_POINT('',(-8.200000000002,69.475000000014,3.216666666669
    ));
#67 = CARTESIAN_POINT('',(-8.199999999998,69.799999999979,3.43333333333)
  );
#68 = CARTESIAN_POINT('',(-8.200000000003,70.125000000023,3.722222222227
    ));
#69 = CARTESIAN_POINT('',(-8.199999999998,70.449999999981,4.08333333333)
  );
#70 = CARTESIAN_POINT('',(-8.200000000001,70.775000000012,4.516666666669
    ));
#71 = CARTESIAN_POINT('',(-8.199999999999,71.099999999995,5.022222222221
    ));
#72 = CARTESIAN_POINT('',(-8.2,71.425000000001,5.6));
#73 = CARTESIAN_POINT('',(-8.2,72.074999999999,6.9));
#74 = CARTESIAN_POINT('',(-8.2,72.400000000003,7.622222222223));
#75 = CARTESIAN_POINT('',(-8.199999999999,72.724999999993,8.416666666666
    ));
#76 = CARTESIAN_POINT('',(-8.200000000001,73.050000000011,9.283333333335
    ));
#77 = CARTESIAN_POINT('',(-8.199999999999,73.374999999988,10.22222222222
    ));
#78 = CARTESIAN_POINT('',(-8.200000000001,73.70000000001,11.233333333335
    ));
#79 = CARTESIAN_POINT('',(-8.199999999999,74.024999999995,
    12.316666666666));
#80 = CARTESIAN_POINT('',(-8.2,74.350000000002,13.472222222223));
#81 = CARTESIAN_POINT('',(-8.2,74.674999999999,14.7));
#82 = CARTESIAN_POINT('',(-8.2,75.021306827928,16.085227311714));
#83 = CARTESIAN_POINT('',(-8.2,75.04264691182,16.170587647278));
#84 = CARTESIAN_POINT('',(-8.2,75.064020251673,16.256081006693));
#85 = CARTESIAN_POINT('',(-8.2,75.08542684749,16.341707389959));
#86 = CARTESIAN_POINT('',(-8.2,75.106866699269,16.427466797076));
#87 = CARTESIAN_POINT('',(-8.2,75.128339807011,16.513359228044));
#88 = CARTESIAN_POINT('',(-8.2,75.149846170716,16.599384682862));
#89 = CARTESIAN_POINT('',(-8.2,75.171385790383,16.685543161531));
#90 = CARTESIAN_POINT('',(-8.2,75.192958666013,16.771834664051));
#91 = CARTESIAN_POINT('',(-8.2,75.214564797606,16.858259190422));
#92 = PCURVE('',#32,#93);
#93 = DEFINITIONAL_REPRESENTATION('',(#94),#115);
#94 = B_SPLINE_CURVE_WITH_KNOTS('',10,(#95,#96,#97,#98,#99,#100,#101,
    #102,#103,#104,#105,#106,#107,#108,#109,#110,#111,#112,#113,#114),
  .UNSPECIFIED.,.F.,.F.,(11,9,11),(2.673738134691E-14,7.551634534365,
    15.103269068731),.UNSPECIFIED.);
#95 = CARTESIAN_POINT('',(1.665334536938E-15,-0.8));
#96 = CARTESIAN_POINT('',(5.E-02,-0.8));
#97 = CARTESIAN_POINT('',(9.999999999999E-02,-0.8));
#98 = CARTESIAN_POINT('',(0.15,-0.8));
#99 = CARTESIAN_POINT('',(0.2,-0.8));
#100 = CARTESIAN_POINT('',(0.25,-0.8));
#101 = CARTESIAN_POINT('',(0.3,-0.8));
#102 = CARTESIAN_POINT('',(0.35,-0.8));
#103 = CARTESIAN_POINT('',(0.4,-0.8));
#104 = CARTESIAN_POINT('',(0.45,-0.8));
#105 = CARTESIAN_POINT('',(0.55,-0.8));
#106 = CARTESIAN_POINT('',(0.6,-0.8));
#107 = CARTESIAN_POINT('',(0.65,-0.8));
#108 = CARTESIAN_POINT('',(0.7,-0.8));
#109 = CARTESIAN_POINT('',(0.75,-0.8));
#110 = CARTESIAN_POINT('',(0.8,-0.8));
#111 = CARTESIAN_POINT('',(0.85,-0.8));
#112 = CARTESIAN_POINT('',(0.9,-0.8));
#113 = CARTESIAN_POINT('',(0.95,-0.8));
#114 = CARTESIAN_POINT('',(1.,-0.8));
#115 = ( GEOMETRIC_REPRESENTATION_CONTEXT(2) 
PARAMETRIC_REPRESENTATION_CONTEXT() REPRESENTATION_CONTEXT('2D SPACE',''
  ) );
#116 = PCURVE('',#117,#205);
#117 = ( BOUNDED_SURFACE() B_SPLINE_SURFACE(2,10,(
    (#118,#119,#120,#121,#122,#123,#124,#125,#126,#127,#128,#129,#130
      ,#131,#132,#133,#134,#135,#136,#137,#138,#139,#140,#141,#142,#143
      ,#144,#145,#146)
    ,(#147,#148,#149,#150,#151,#152,#153,#154,#155,#156,#157,#158,#159
      ,#160,#161,#162,#163,#164,#165,#166,#167,#168,#169,#170,#171,#172
      ,#173,#174,#175)
    ,(#176,#177,#178,#179,#180,#181,#182,#183,#184,#185,#186,#187,#188
      ,#189,#190,#191,#192,#193,#194,#195,#196,#197,#198,#199,#200,#201
      ,#202,#203,#204
)),.UNSPECIFIED.,.F.,.F.,.F.) B_SPLINE_SURFACE_WITH_KNOTS((3,3),(11,9,9,
    11),(0.,15.103269068731),(2.673738134691E-14,7.551634534365,
    15.103269068731,15.598350230583),.UNSPECIFIED.) 
GEOMETRIC_REPRESENTATION_ITEM() RATIONAL_B_SPLINE_SURFACE((
    (1.,1.,1.,1.,1.,1.,1.,1.,1.,1.,1.,1.,1.,1.,1.,1.,1.,1.,1.,1.,1.,1.
      ,1.,1.,1.,1.,1.,1.,1.)
    ,(0.707106781187,0.707106781187,0.707106781187,0.707106781187
      ,0.707106781187,0.707106781186,0.707106781187,0.707106781186
      ,0.707106781187,0.707106781187,0.707106781187,0.707106781187
      ,0.707106781187,0.707106781186,0.707106781187,0.707106781186
      ,0.707106781187,0.707106781187,0.707106781187,0.707106781187
      ,0.707106781187,0.707106781187,0.707106781187,0.707106781187
      ,0.707106781187,0.707106781187,0.707106781187,0.707106781187
      ,0.707106781187)
    ,(1.,1.,1.,1.,1.,1.,1.,1.,1.,1.,1.,1.,1.,1.,1.,1.,1.,1.,1.,1.,1.,1.
,1.,1.,1.,1.,1.,1.,1.))) REPRESENTATION_ITEM('') SURFACE() );
#118 = CARTESIAN_POINT('',(-8.2,68.5,3.));
#119 = CARTESIAN_POINT('',(-8.2,68.825000000002,3.));
#120 = CARTESIAN_POINT('',(-8.199999999999,69.149999999993,
    3.072222222221));
#121 = CARTESIAN_POINT('',(-8.200000000002,69.475000000014,
    3.216666666669));
#122 = CARTESIAN_POINT('',(-8.199999999998,69.799999999979,3.43333333333
    ));
#123 = CARTESIAN_POINT('',(-8.200000000003,70.125000000023,
    3.722222222227));
#124 = CARTESIAN_POINT('',(-8.199999999998,70.449999999981,4.08333333333
    ));
#125 = CARTESIAN_POINT('',(-8.200000000001,70.775000000012,
    4.516666666669));
#126 = CARTESIAN_POINT('',(-8.199999999999,71.099999999995,
    5.022222222221));
#127 = CARTESIAN_POINT('',(-8.2,71.425000000001,5.6));
#128 = CARTESIAN_POINT('',(-8.2,72.074999999999,6.9));
#129 = CARTESIAN_POINT('',(-8.2,72.400000000003,7.622222222223));
#130 = CARTESIAN_POINT('',(-8.199999999999,72.724999999993,
    8.416666666666));
#131 = CARTESIAN_POINT('',(-8.200000000001,73.050000000011,
    9.283333333335));
#132 = CARTESIAN_POINT('',(-8.199999999999,73.374999999988,
    10.22222222222));
#133 = CARTESIAN_POINT('',(-8.200000000001,73.70000000001,
    11.233333333335));
#134 = CARTESIAN_POINT('',(-8.199999999999,74.024999999995,
    12.316666666666));
#135 = CARTESIAN_POINT('',(-8.2,74.350000000002,13.472222222223));
#136 = CARTESIAN_POINT('',(-8.2,74.674999999999,14.7));
#137 = CARTESIAN_POINT('',(-8.2,75.021306827928,16.085227311714));
#138 = CARTESIAN_POINT('',(-8.2,75.04264691182,16.170587647278));
#139 = CARTESIAN_POINT('',(-8.2,75.064020251673,16.256081006693));
#140 = CARTESIAN_POINT('',(-8.2,75.08542684749,16.341707389959));
#141 = CARTESIAN_POINT('',(-8.2,75.106866699269,16.427466797076));
#142 = CARTESIAN_POINT('',(-8.2,75.128339807011,16.513359228044));
#143 = CARTESIAN_POINT('',(-8.2,75.149846170716,16.599384682862));
#144 = CARTESIAN_POINT('',(-8.2,75.171385790383,16.685543161531));
#145 = CARTESIAN_POINT('',(-8.2,75.192958666013,16.771834664051));
#146 = CARTESIAN_POINT('',(-8.2,75.214564797606,16.858259190422));
#147 = CARTESIAN_POINT('',(-9.,68.5,3.));
#148 = CARTESIAN_POINT('',(-9.,68.825,3.));
#149 = CARTESIAN_POINT('',(-9.,69.15,3.072222222222));
#150 = CARTESIAN_POINT('',(-9.,69.475,3.216666666667));
#151 = CARTESIAN_POINT('',(-9.,69.8,3.433333333332));
#152 = CARTESIAN_POINT('',(-9.,70.125,3.722222222224));
#153 = CARTESIAN_POINT('',(-9.,70.45,4.083333333332));
#154 = CARTESIAN_POINT('',(-9.,70.775,4.516666666667));
#155 = CARTESIAN_POINT('',(-9.,71.1,5.022222222222));
#156 = CARTESIAN_POINT('',(-9.,71.425,5.6));
#157 = CARTESIAN_POINT('',(-9.,72.075,6.9));
#158 = CARTESIAN_POINT('',(-9.,72.4,7.622222222222));
#159 = CARTESIAN_POINT('',(-9.,72.725,8.416666666666));
#160 = CARTESIAN_POINT('',(-9.,73.05,9.283333333334));
#161 = CARTESIAN_POINT('',(-9.,73.374999999999,10.222222222221));
#162 = CARTESIAN_POINT('',(-9.,73.700000000001,11.233333333334));
#163 = CARTESIAN_POINT('',(-9.,74.025,12.316666666666));
#164 = CARTESIAN_POINT('',(-9.,74.35,13.472222222223));
#165 = CARTESIAN_POINT('',(-9.,74.675,14.7));
#166 = CARTESIAN_POINT('',(-9.,75.021306827928,16.085227311714));
#167 = CARTESIAN_POINT('',(-9.,75.04264691182,16.170587647278));
#168 = CARTESIAN_POINT('',(-9.,75.064020251673,16.256081006693));
#169 = CARTESIAN_POINT('',(-9.,75.08542684749,16.341707389959));
#170 = CARTESIAN_POINT('',(-9.,75.106866699269,16.427466797076));
#171 = CARTESIAN_POINT('',(-9.,75.128339807011,16.513359228044));
#172 = CARTESIAN_POINT('',(-9.,75.149846170716,16.599384682862));
#173 = CARTESIAN_POINT('',(-9.,75.171385790383,16.685543161531));
#174 = CARTESIAN_POINT('',(-9.,75.192958666013,16.771834664051));
#175 = CARTESIAN_POINT('',(-9.,75.214564797606,16.858259190422));
#176 = CARTESIAN_POINT('',(-9.,68.5,2.2));
#177 = CARTESIAN_POINT('',(-9.,68.985000000002,2.2));
#178 = CARTESIAN_POINT('',(-8.999999999999,69.46977788676,2.307572740684
    ));
#179 = CARTESIAN_POINT('',(-9.000000000002,69.929962492334,
    2.524422587155));
#180 = CARTESIAN_POINT('',(-8.999999999997,70.326867599573,
    2.821580239398));
#181 = CARTESIAN_POINT('',(-9.000000000003,70.713750821528,
    3.161487171146));
#182 = CARTESIAN_POINT('',(-8.999999999998,71.078731036496,3.58309069394
    ));
#183 = CARTESIAN_POINT('',(-9.000000000001,71.4347180631,4.057753677631)
  );
#184 = CARTESIAN_POINT('',(-8.999999999999,71.783117073014,
    4.602926489719));
#185 = CARTESIAN_POINT('',(-9.,72.126230917745,5.213607453488));
#186 = CARTESIAN_POINT('',(-9.,72.804852587855,6.570850793712));
#187 = CARTESIAN_POINT('',(-9.,73.140364711246,7.317237919206));
#188 = CARTESIAN_POINT('',(-8.999999999999,73.473444087876,
    8.132364374928));
#189 = CARTESIAN_POINT('',(-9.000000000001,73.80488824702,9.016959197523
    ));
#190 = CARTESIAN_POINT('',(-8.999999999999,74.135147824072,9.97156419794
    ));
#191 = CARTESIAN_POINT('',(-9.000000000001,74.464491117347,
    10.996582587653));
#192 = CARTESIAN_POINT('',(-8.999999999999,74.793111658791,
    12.092318618459));
#193 = CARTESIAN_POINT('',(-9.,75.121178799943,13.259008236028));
#194 = CARTESIAN_POINT('',(-9.,75.44883131188,14.496840747028));
#195 = CARTESIAN_POINT('',(-9.,75.797570479877,15.891797419013));
#196 = CARTESIAN_POINT('',(-9.,75.819026959637,15.977623338055));
#197 = CARTESIAN_POINT('',(-9.,75.840483439398,16.063449257098));
#198 = CARTESIAN_POINT('',(-9.,75.861939919159,16.14927517614));
#199 = CARTESIAN_POINT('',(-9.,75.883396398919,16.235101095182));
#200 = CARTESIAN_POINT('',(-9.,75.90485287868,16.320927014224));
#201 = CARTESIAN_POINT('',(-9.,75.92630935844,16.406752933267));
#202 = CARTESIAN_POINT('',(-9.,75.947765838201,16.492578852309));
#203 = CARTESIAN_POINT('',(-9.,75.969222317961,16.578404771351));
#204 = CARTESIAN_POINT('',(-9.,75.990678797722,16.664230690393));
#205 = DEFINITIONAL_REPRESENTATION('',(#206),#210);
#206 = LINE('',#207,#208);
#207 = CARTESIAN_POINT('',(0.,0.));
#208 = VECTOR('',#209,1.);
#209 = DIRECTION('',(0.,1.));
#210 = ( GEOMETRIC_REPRESENTATION_CONTEXT(2) 
PARAMETRIC_REPRESENTATION_CONTEXT() REPRESENTATION_CONTEXT('2D SPACE',''
  ) );
#211 = ORIENTED_EDGE('',*,*,#212,.T.);
#212 = EDGE_CURVE('',#59,#213,#215,.T.);
#213 = VERTEX_POINT('',#214);
#214 = CARTESIAN_POINT('',(-6.,68.5,3.));
#215 = SURFACE_CURVE('',#216,(#220,#227),.PCURVE_S1.);
#216 = LINE('',#217,#218);
#217 = CARTESIAN_POINT('',(-9.,68.5,3.));
#218 = VECTOR('',#219,1.);
#219 = DIRECTION('',(1.,0.,0.));
#220 = PCURVE('',#32,#221);
#221 = DEFINITIONAL_REPRESENTATION('',(#222),#226);
#222 = LINE('',#223,#224);
#223 = CARTESIAN_POINT('',(0.,0.));
#224 = VECTOR('',#225,1.);
#225 = DIRECTION('',(0.,-1.));
#226 = ( GEOMETRIC_REPRESENTATION_CONTEXT(2) 
PARAMETRIC_REPRESENTATION_CONTEXT() REPRESENTATION_CONTEXT('2D SPACE',''
  ) );
#227 = PCURVE('',#228,#233);
#228 = PLANE('',#229);
#229 = AXIS2_PLACEMENT_3D('',#230,#231,#232);
#230 = CARTESIAN_POINT('',(-9.,0.,3.));
#231 = DIRECTION('',(0.,0.,1.));
#232 = DIRECTION('',(1.,0.,0.));
#233 = DEFINITIONAL_REPRESENTATION('',(#234),#238);
#234 = LINE('',#235,#236);
#235 = CARTESIAN_POINT('',(0.,68.5));
#236 = VECTOR('',#237,1.);
#237 = DIRECTION('',(1.,0.));
#238 = ( GEOMETRIC_REPRESENTATION_CONTEXT(2) 
PARAMETRIC_REPRESENTATION_CONTEXT() REPRESENTATION_CONTEXT('2D SPACE',''
  ) );
#239 = ORIENTED_EDGE('',*,*,#240,.T.);
#240 = EDGE_CURVE('',#213,#241,#243,.T.);
#241 = VERTEX_POINT('',#242);
#242 = CARTESIAN_POINT('',(-6.,73.,9.230769230769));
#243 = SURFACE_CURVE('',#244,(#248,#255),.PCURVE_S1.);
#244 = B_SPLINE_CURVE_WITH_KNOTS('',2,(#245,#246,#247),.UNSPECIFIED.,.F.
  ,.F.,(3,3),(0.,1.),.PIECEWISE_BEZIER_KNOTS.);
#245 = CARTESIAN_POINT('',(-6.,68.5,3.));
#246 = CARTESIAN_POINT('',(-6.,71.75,3.));
#247 = CARTESIAN_POINT('',(-6.,75.,16.));
#248 = PCURVE('',#32,#249);
#249 = DEFINITIONAL_REPRESENTATION('',(#250),#254);
#250 = LINE('',#251,#252);
#251 = CARTESIAN_POINT('',(0.,-3.));
#252 = VECTOR('',#253,1.);
#253 = DIRECTION('',(1.,0.));
#254 = ( GEOMETRIC_REPRESENTATION_CONTEXT(2) 
PARAMETRIC_REPRESENTATION_CONTEXT() REPRESENTATION_CONTEXT('2D SPACE',''
  ) );
#255 = PCURVE('',#256,#261);
#256 = PLANE('',#257);
#257 = AXIS2_PLACEMENT_3D('',#258,#259,#260);
#258 = CARTESIAN_POINT('',(-6.,73.24771827212,8.104869081029));
#259 = DIRECTION('',(-1.,-0.,-0.));
#260 = DIRECTION('',(0.,0.,-1.));
#261 = DEFINITIONAL_REPRESENTATION('',(#262),#266);
#262 = B_SPLINE_CURVE_WITH_KNOTS('',2,(#263,#264,#265),.UNSPECIFIED.,.F.
  ,.F.,(3,3),(0.,1.),.PIECEWISE_BEZIER_KNOTS.);
#263 = CARTESIAN_POINT('',(5.104869081029,4.74771827212));
#264 = CARTESIAN_POINT('',(5.104869081029,1.49771827212));
#265 = CARTESIAN_POINT('',(-7.895130918971,-1.75228172788));
#266 = ( GEOMETRIC_REPRESENTATION_CONTEXT(2) 
PARAMETRIC_REPRESENTATION_CONTEXT() REPRESENTATION_CONTEXT('2D SPACE',''
  ) );
#267 = ORIENTED_EDGE('',*,*,#268,.T.);
#268 = EDGE_CURVE('',#241,#269,#271,.T.);
#269 = VERTEX_POINT('',#270);
#270 = CARTESIAN_POINT('',(-4.,75.,16.));
#271 = SURFACE_CURVE('',#272,(#317,#365),.PCURVE_S1.);
#272 = B_SPLINE_CURVE_WITH_KNOTS('',8,(#273,#274,#275,#276,#277,#278,
    #279,#280,#281,#282,#283,#284,#285,#286,#287,#288,#289,#290,#291,
    #292,#293,#294,#295,#296,#297,#298,#299,#300,#301,#302,#303,#304,
    #305,#306,#307,#308,#309,#310,#311,#312,#313,#314,#315,#316),
  .UNSPECIFIED.,.F.,.F.,(9,7,7,7,7,7,9),(0.,0.275737764974,
    0.653613107046,0.840388566978,0.895858845894,0.940441269756,1.),
  .UNSPECIFIED.);
#273 = CARTESIAN_POINT('',(-6.,73.,9.230769230769));
#274 = CARTESIAN_POINT('',(-6.,73.090908724937,9.482516469057));
#275 = CARTESIAN_POINT('',(-5.995277671776,73.179875020603,
    9.734696939579));
#276 = CARTESIAN_POINT('',(-5.986185268751,73.267008413577,9.98717953917
    ));
#277 = CARTESIAN_POINT('',(-5.972972923011,73.352404331466,
    10.239845621117));
#278 = CARTESIAN_POINT('',(-5.955814947463,73.436147576198,
    10.492588520294));
#279 = CARTESIAN_POINT('',(-5.934824585773,73.518314852672,
    10.745312846796));
#280 = CARTESIAN_POINT('',(-5.910057210085,73.598976352789,
    10.997933548074));
#281 = CARTESIAN_POINT('',(-5.842369414504,73.786760778454,
    11.596324093297));
#282 = CARTESIAN_POINT('',(-5.796144451094,73.892556876015,
    11.941741227735));
#283 = CARTESIAN_POINT('',(-5.742805012471,73.995801236624,
    12.286576899278));
#284 = CARTESIAN_POINT('',(-5.682070756845,74.096625241645,
    12.630627040974));
#285 = CARTESIAN_POINT('',(-5.613519643769,74.195102200809,
    12.973561613929));
#286 = CARTESIAN_POINT('',(-5.536255467942,74.291231991454,
    13.314823448606));
#287 = CARTESIAN_POINT('',(-5.449177990318,74.384967745591,
    13.653703282258));
#288 = CARTESIAN_POINT('',(-5.300178134176,74.521182468272,
    14.154648666958));
#289 = CARTESIAN_POINT('',(-5.247867476367,74.565551247516,
    14.319247741219));
#290 = CARTESIAN_POINT('',(-5.19216072929,74.609257678364,
    14.482762649673));
#291 = CARTESIAN_POINT('',(-5.132584000275,74.652271015316,
    14.645009097986));
#292 = CARTESIAN_POINT('',(-5.068625270879,74.694517466201,
    14.805638922892));
#293 = CARTESIAN_POINT('',(-4.999457482391,74.73584604592,
    14.963991387383));
#294 = CARTESIAN_POINT('',(-4.924171441852,74.776061826409,
    15.119216199356));
#295 = CARTESIAN_POINT('',(-4.815742343703,74.826283968292,
    15.314380491231));
#296 = CARTESIAN_POINT('',(-4.79019094457,74.837647315702,
    15.358631706818));
#297 = CARTESIAN_POINT('',(-4.763860782437,74.848863929522,
    15.402401859772));
#298 = CARTESIAN_POINT('',(-4.736690877551,74.859919489086,
    15.445631028396));
#299 = CARTESIAN_POINT('',(-4.708614806838,74.870795416052,
    15.488242095556));
#300 = CARTESIAN_POINT('',(-4.679557889829,74.881468417656,
    15.530138700264));
#301 = CARTESIAN_POINT('',(-4.64943186313,74.891909549058,15.57120128874
    ));
#302 = CARTESIAN_POINT('',(-4.592966817697,74.91025920854,
    15.643494235979));
#303 = CARTESIAN_POINT('',(-4.567055202902,74.918259262239,
    15.675059412728));
#304 = CARTESIAN_POINT('',(-4.540330509016,74.926066351198,
    15.705907822667));
#305 = CARTESIAN_POINT('',(-4.512732025129,74.933656844462,
    15.735942396124));
#306 = CARTESIAN_POINT('',(-4.484199975586,74.941000159314,
    15.765037936415));
#307 = CARTESIAN_POINT('',(-4.454674485804,74.948058524832,
    15.793039953626));
#308 = CARTESIAN_POINT('',(-4.42409355776,74.954786434492,
    15.819762362084));
#309 = CARTESIAN_POINT('',(-4.350036585021,74.96960402576,
    15.878678288437));
#310 = CARTESIAN_POINT('',(-4.305579774051,74.977411852718,
    15.909773372126));
#311 = CARTESIAN_POINT('',(-4.258940585336,74.984399231273,
    15.937642720958));
#312 = CARTESIAN_POINT('',(-4.210152490606,74.990367764002,
    15.961480503694));
#313 = CARTESIAN_POINT('',(-4.159386815839,74.995095896993,
    15.980383449789));
#314 = CARTESIAN_POINT('',(-4.106984225717,74.998362651606,
    15.993450648205));
#315 = CARTESIAN_POINT('',(-4.053528655639,75.,16.000000000002));
#316 = CARTESIAN_POINT('',(-3.999999999965,75.,16.));
#317 = PCURVE('',#32,#318);
#318 = DEFINITIONAL_REPRESENTATION('',(#319),#364);
#319 = B_SPLINE_CURVE_WITH_KNOTS('',8,(#320,#321,#322,#323,#324,#325,
    #326,#327,#328,#329,#330,#331,#332,#333,#334,#335,#336,#337,#338,
    #339,#340,#341,#342,#343,#344,#345,#346,#347,#348,#349,#350,#351,
    #352,#353,#354,#355,#356,#357,#358,#359,#360,#361,#362,#363),
  .UNSPECIFIED.,.F.,.F.,(9,7,7,7,7,7,9),(0.,0.275737764974,
    0.653613107046,0.840388566978,0.895858845894,0.940441269756,1.),
  .UNSPECIFIED.);
#320 = CARTESIAN_POINT('',(0.692307692308,-3.));
#321 = CARTESIAN_POINT('',(0.70629364999,-3.));
#322 = CARTESIAN_POINT('',(0.719980772401,-3.004722328224));
#323 = CARTESIAN_POINT('',(0.733385909781,-3.013814731249));
#324 = CARTESIAN_POINT('',(0.746523743303,-3.027027076989));
#325 = CARTESIAN_POINT('',(0.759407319415,-3.044185052537));
#326 = CARTESIAN_POINT('',(0.772048438873,-3.065175414227));
#327 = CARTESIAN_POINT('',(0.784457900429,-3.089942789915));
#328 = CARTESIAN_POINT('',(0.81334781207,-3.157630585496));
#329 = CARTESIAN_POINT('',(0.829624134772,-3.203855548906));
#330 = CARTESIAN_POINT('',(0.845507882558,-3.257194987531));
#331 = CARTESIAN_POINT('',(0.861019267945,-3.317929243153));
#332 = CARTESIAN_POINT('',(0.876169569355,-3.386480356232));
#333 = CARTESIAN_POINT('',(0.890958767916,-3.463744532058));
#334 = CARTESIAN_POINT('',(0.905379653168,-3.550822009682));
#335 = CARTESIAN_POINT('',(0.92633576435,-3.699821865824));
#336 = CARTESIAN_POINT('',(0.933161730387,-3.752132523634));
#337 = CARTESIAN_POINT('',(0.939885796672,-3.807839270709));
#338 = CARTESIAN_POINT('',(0.946503233125,-3.867415999727));
#339 = CARTESIAN_POINT('',(0.953002687108,-3.93137472912));
#340 = CARTESIAN_POINT('',(0.959360930141,-4.000542517609));
#341 = CARTESIAN_POINT('',(0.965547973294,-4.075828558148));
#342 = CARTESIAN_POINT('',(0.97327445666,-4.184257656297));
#343 = CARTESIAN_POINT('',(0.975022663954,-4.20980905543));
#344 = CARTESIAN_POINT('',(0.976748296849,-4.236139217563));
#345 = CARTESIAN_POINT('',(0.978449152167,-4.263309122449));
#346 = CARTESIAN_POINT('',(0.9801223717,-4.291385193162));
#347 = CARTESIAN_POINT('',(0.981764371947,-4.320442110171));
#348 = CARTESIAN_POINT('',(0.983370699855,-4.35056813687));
#349 = CARTESIAN_POINT('',(0.986193724391,-4.407033182303));
#350 = CARTESIAN_POINT('',(0.987424501883,-4.432944797098));
#351 = CARTESIAN_POINT('',(0.988625592492,-4.459669490984));
#352 = CARTESIAN_POINT('',(0.989793360687,-4.487267974871));
#353 = CARTESIAN_POINT('',(0.990923101433,-4.515800024414));
#354 = CARTESIAN_POINT('',(0.99200900382,-4.545325514196));
#355 = CARTESIAN_POINT('',(0.993044066845,-4.57590644224));
#356 = CARTESIAN_POINT('',(0.995323696271,-4.649963414979));
#357 = CARTESIAN_POINT('',(0.996524900418,-4.694420225949));
#358 = CARTESIAN_POINT('',(0.997599881734,-4.741059414664));
#359 = CARTESIAN_POINT('',(0.998518117539,-4.789847509394));
#360 = CARTESIAN_POINT('',(0.999245522614,-4.840613184161));
#361 = CARTESIAN_POINT('',(0.999748100247,-4.893015774283));
#362 = CARTESIAN_POINT('',(1.,-4.946471344361));
#363 = CARTESIAN_POINT('',(1.,-5.000000000035));
#364 = ( GEOMETRIC_REPRESENTATION_CONTEXT(2) 
PARAMETRIC_REPRESENTATION_CONTEXT() REPRESENTATION_CONTEXT('2D SPACE',''
  ) );
#365 = PCURVE('',#366,#371);
#366 = CYLINDRICAL_SURFACE('',#367,2.);
#367 = AXIS2_PLACEMENT_3D('',#368,#369,#370);
#368 = CARTESIAN_POINT('',(-4.,73.,16.));
#369 = DIRECTION('',(0.,0.,-1.));
#370 = DIRECTION('',(-1.,-0.,-0.));
#371 = DEFINITIONAL_REPRESENTATION('',(#372),#417);
#372 = B_SPLINE_CURVE_WITH_KNOTS('',8,(#373,#374,#375,#376,#377,#378,
    #379,#380,#381,#382,#383,#384,#385,#386,#387,#388,#389,#390,#391,
    #392,#393,#394,#395,#396,#397,#398,#399,#400,#401,#402,#403,#404,
    #405,#406,#407,#408,#409,#410,#411,#412,#413,#414,#415,#416),
  .UNSPECIFIED.,.F.,.F.,(9,7,7,7,7,7,9),(0.,0.275737764974,
    0.653613107046,0.840388566978,0.895858845894,0.940441269756,1.),
  .UNSPECIFIED.);
#373 = CARTESIAN_POINT('',(0.,6.769230769231));
#374 = CARTESIAN_POINT('',(4.545436246857E-02,6.517483530943));
#375 = CARTESIAN_POINT('',(8.993764775712E-02,6.265303060421));
#376 = CARTESIAN_POINT('',(0.133647072503,6.01282046083));
#377 = CARTESIAN_POINT('',(0.176748965534,5.760154378883));
#378 = CARTESIAN_POINT('',(0.219391078331,5.507411479706));
#379 = CARTESIAN_POINT('',(0.261712824905,5.254687153204));
#380 = CARTESIAN_POINT('',(0.303853451069,5.002066451926));
#381 = CARTESIAN_POINT('',(0.403659047346,4.403675906703));
#382 = CARTESIAN_POINT('',(0.461260659651,4.058258772266));
#383 = CARTESIAN_POINT('',(0.519158856514,3.713423100719));
#384 = CARTESIAN_POINT('',(0.57776044918,3.36937295903));
#385 = CARTESIAN_POINT('',(0.637473766305,3.026438386068));
#386 = CARTESIAN_POINT('',(0.698885821306,2.685176551395));
#387 = CARTESIAN_POINT('',(0.762643628024,2.346296717742));
#388 = CARTESIAN_POINT('',(0.863583471254,1.845351333042));
#389 = CARTESIAN_POINT('',(0.89785639426,1.68075225878));
#390 = CARTESIAN_POINT('',(0.933214984631,1.51723735033));
#391 = CARTESIAN_POINT('',(0.96989670513,1.354990902009));
#392 = CARTESIAN_POINT('',(1.008147538431,1.194361077112));
#393 = CARTESIAN_POINT('',(1.048361938851,1.036008612616));
#394 = CARTESIAN_POINT('',(1.090970057965,0.880783800644));
#395 = CARTESIAN_POINT('',(1.150717720808,0.685619508769));
#396 = CARTESIAN_POINT('',(1.164698218514,0.641368293182));
#397 = CARTESIAN_POINT('',(1.1790050843,0.597598140228));
#398 = CARTESIAN_POINT('',(1.193667635562,0.554368971604));
#399 = CARTESIAN_POINT('',(1.208717657274,0.511757904444));
#400 = CARTESIAN_POINT('',(1.224190919149,0.469861299736));
#401 = CARTESIAN_POINT('',(1.240129959996,0.42879871126));
#402 = CARTESIAN_POINT('',(1.269815863043,0.356505764021));
#403 = CARTESIAN_POINT('',(1.283373637127,0.324940587272));
#404 = CARTESIAN_POINT('',(1.297291746049,0.294092177333));
#405 = CARTESIAN_POINT('',(1.311599691086,0.264057603876));
#406 = CARTESIAN_POINT('',(1.3263264188,0.234962063585));
#407 = CARTESIAN_POINT('',(1.341501087757,0.206960046373));
#408 = CARTESIAN_POINT('',(1.357154373457,0.180237637916));
#409 = CARTESIAN_POINT('',(1.394916776129,0.121321711563));
#410 = CARTESIAN_POINT('',(1.417479117638,9.022662787427E-02));
#411 = CARTESIAN_POINT('',(1.441046207197,6.235727904208E-02));
#412 = CARTESIAN_POINT('',(1.465603607495,3.851949630574E-02));
#413 = CARTESIAN_POINT('',(1.491073661393,1.961655021092E-02));
#414 = CARTESIAN_POINT('',(1.517304228034,6.549351794926E-03));
#415 = CARTESIAN_POINT('',(1.544031998958,-1.953240884332E-12));
#416 = CARTESIAN_POINT('',(1.570796326795,0.));
#417 = ( GEOMETRIC_REPRESENTATION_CONTEXT(2) 
PARAMETRIC_REPRESENTATION_CONTEXT() REPRESENTATION_CONTEXT('2D SPACE',''
  ) );
#418 = ORIENTED_EDGE('',*,*,#419,.F.);
#419 = EDGE_CURVE('',#420,#269,#422,.T.);
#420 = VERTEX_POINT('',#421);
#421 = CARTESIAN_POINT('',(-6.,75.,16.));
#422 = SURFACE_CURVE('',#423,(#429,#438),.PCURVE_S1.);
#423 = B_SPLINE_CURVE_WITH_KNOTS('',4,(#424,#425,#426,#427,#428),
  .UNSPECIFIED.,.F.,.F.,(5,5),(0.,1.),.PIECEWISE_BEZIER_KNOTS.);
#424 = CARTESIAN_POINT('',(-6.,75.,16.));
#425 = CARTESIAN_POINT('',(-5.5,75.,16.));
#426 = CARTESIAN_POINT('',(-5.,75.,16.));
#427 = CARTESIAN_POINT('',(-4.5,75.,16.));
#428 = CARTESIAN_POINT('',(-4.,75.,16.));
#429 = PCURVE('',#32,#430);
#430 = DEFINITIONAL_REPRESENTATION('',(#431),#437);
#431 = B_SPLINE_CURVE_WITH_KNOTS('',4,(#432,#433,#434,#435,#436),
  .UNSPECIFIED.,.F.,.F.,(5,5),(0.,1.),.PIECEWISE_BEZIER_KNOTS.);
#432 = CARTESIAN_POINT('',(1.,-3.));
#433 = CARTESIAN_POINT('',(1.,-3.5));
#434 = CARTESIAN_POINT('',(1.,-4.));
#435 = CARTESIAN_POINT('',(1.,-4.5));
#436 = CARTESIAN_POINT('',(1.,-5.));
#437 = ( GEOMETRIC_REPRESENTATION_CONTEXT(2) 
PARAMETRIC_REPRESENTATION_CONTEXT() REPRESENTATION_CONTEXT('2D SPACE',''
  ) );
#438 = PCURVE('',#439,#444);
#439 = PLANE('',#440);
#440 = AXIS2_PLACEMENT_3D('',#441,#442,#443);
#441 = CARTESIAN_POINT('',(0.,75.,12.299945287508));
#442 = DIRECTION('',(-0.,-1.,-0.));
#443 = DIRECTION('',(0.,0.,-1.));
#444 = DEFINITIONAL_REPRESENTATION('',(#445),#451);
#445 = B_SPLINE_CURVE_WITH_KNOTS('',4,(#446,#447,#448,#449,#450),
  .UNSPECIFIED.,.F.,.F.,(5,5),(0.,1.),.PIECEWISE_BEZIER_KNOTS.);
#446 = CARTESIAN_POINT('',(-3.700054712492,-6.));
#447 = CARTESIAN_POINT('',(-3.700054712492,-5.5));
#448 = CARTESIAN_POINT('',(-3.700054712492,-5.));
#449 = CARTESIAN_POINT('',(-3.700054712492,-4.5));
#450 = CARTESIAN_POINT('',(-3.700054712492,-4.));
#451 = ( GEOMETRIC_REPRESENTATION_CONTEXT(2) 
PARAMETRIC_REPRESENTATION_CONTEXT() REPRESENTATION_CONTEXT('2D SPACE',''
  ) );
#452 = ORIENTED_EDGE('',*,*,#453,.F.);
#453 = EDGE_CURVE('',#24,#420,#454,.T.);
#454 = SURFACE_CURVE('',#455,(#459,#466),.PCURVE_S1.);
#455 = LINE('',#456,#457);
#456 = CARTESIAN_POINT('',(-9.,75.,16.));
#457 = VECTOR('',#458,1.);
#458 = DIRECTION('',(1.,0.,0.));
#459 = PCURVE('',#32,#460);
#460 = DEFINITIONAL_REPRESENTATION('',(#461),#465);
#461 = LINE('',#462,#463);
#462 = CARTESIAN_POINT('',(1.,0.));
#463 = VECTOR('',#464,1.);
#464 = DIRECTION('',(0.,-1.));
#465 = ( GEOMETRIC_REPRESENTATION_CONTEXT(2) 
PARAMETRIC_REPRESENTATION_CONTEXT() REPRESENTATION_CONTEXT('2D SPACE',''
  ) );
#466 = PCURVE('',#439,#467);
#467 = DEFINITIONAL_REPRESENTATION('',(#468),#472);
#468 = LINE('',#469,#470);
#469 = CARTESIAN_POINT('',(-3.700054712492,-9.));
#470 = VECTOR('',#471,1.);
#471 = DIRECTION('',(0.,1.));
#472 = ( GEOMETRIC_REPRESENTATION_CONTEXT(2) 
PARAMETRIC_REPRESENTATION_CONTEXT() REPRESENTATION_CONTEXT('2D SPACE',''
  ) );
#473 = ADVANCED_FACE('',(#474),#46,.T.);
#474 = FACE_BOUND('',#475,.T.);
#475 = EDGE_LOOP('',(#476,#506,#596,#597,#625,#653));
#476 = ORIENTED_EDGE('',*,*,#477,.F.);
#477 = EDGE_CURVE('',#478,#480,#482,.T.);
#478 = VERTEX_POINT('',#479);
#479 = CARTESIAN_POINT('',(-9.,75.,12.885401639174));
#480 = VERTEX_POINT('',#481);
#481 = CARTESIAN_POINT('',(-9.,75.,3.));
#482 = SURFACE_CURVE('',#483,(#487,#494),.PCURVE_S1.);
#483 = LINE('',#484,#485);
#484 = CARTESIAN_POINT('',(-9.,75.,16.));
#485 = VECTOR('',#486,1.);
#486 = DIRECTION('',(0.,0.,-1.));
#487 = PCURVE('',#46,#488);
#488 = DEFINITIONAL_REPRESENTATION('',(#489),#493);
#489 = LINE('',#490,#491);
#490 = CARTESIAN_POINT('',(0.,0.));
#491 = VECTOR('',#492,1.);
#492 = DIRECTION('',(1.,0.));
#493 = ( GEOMETRIC_REPRESENTATION_CONTEXT(2) 
PARAMETRIC_REPRESENTATION_CONTEXT() REPRESENTATION_CONTEXT('2D SPACE',''
  ) );
#494 = PCURVE('',#495,#500);
#495 = PLANE('',#496);
#496 = AXIS2_PLACEMENT_3D('',#497,#498,#499);
#497 = CARTESIAN_POINT('',(-9.,73.24771827212,8.104869081029));
#498 = DIRECTION('',(-1.,-0.,-0.));
#499 = DIRECTION('',(0.,0.,-1.));
#500 = DEFINITIONAL_REPRESENTATION('',(#501),#505);
#501 = LINE('',#502,#503);
#502 = CARTESIAN_POINT('',(-7.895130918971,-1.75228172788));
#503 = VECTOR('',#504,1.);
#504 = DIRECTION('',(1.,0.));
#505 = ( GEOMETRIC_REPRESENTATION_CONTEXT(2) 
PARAMETRIC_REPRESENTATION_CONTEXT() REPRESENTATION_CONTEXT('2D SPACE',''
  ) );
#506 = ORIENTED_EDGE('',*,*,#507,.F.);
#507 = EDGE_CURVE('',#22,#478,#508,.T.);
#508 = SURFACE_CURVE('',#509,(#536,#566),.PCURVE_S1.);
#509 = B_SPLINE_CURVE_WITH_KNOTS('',7,(#510,#511,#512,#513,#514,#515,
    #516,#517,#518,#519,#520,#521,#522,#523,#524,#525,#526,#527,#528,
    #529,#530,#531,#532,#533,#534,#535),.UNSPECIFIED.,.F.,.F.,(8,6,6,6,8
    ),(0.,0.209727147973,0.525118188791,0.788927891121,1.),
  .UNSPECIFIED.);
#510 = CARTESIAN_POINT('',(-8.2,75.,16.));
#511 = CARTESIAN_POINT('',(-8.235000909627,75.,16.));
#512 = CARTESIAN_POINT('',(-8.270739224225,75.,15.992633661737));
#513 = CARTESIAN_POINT('',(-8.307063768995,75.,15.977343389786));
#514 = CARTESIAN_POINT('',(-8.343790330382,75.,15.953649189556));
#515 = CARTESIAN_POINT('',(-8.380702955125,75.,15.921208983609));
#516 = CARTESIAN_POINT('',(-8.417561821008,75.,15.87986342131));
#517 = CARTESIAN_POINT('',(-8.50909096402,75.,15.754176266139));
#518 = CARTESIAN_POINT('',(-8.563389669941,75.,15.658652057995));
#519 = CARTESIAN_POINT('',(-8.61615689669,75.,15.543267076162));
#520 = CARTESIAN_POINT('',(-8.666529172669,75.,15.409214704032));
#521 = CARTESIAN_POINT('',(-8.713748701848,75.,15.258715187027));
#522 = CARTESIAN_POINT('',(-8.757244625979,75.,15.094515878941));
#523 = CARTESIAN_POINT('',(-8.829571798197,75.,14.773149646936));
#524 = CARTESIAN_POINT('',(-8.859640762742,75.,14.619212797624));
#525 = CARTESIAN_POINT('',(-8.886615962822,75.,14.459373647213));
#526 = CARTESIAN_POINT('',(-8.910363241528,75.,14.295369171038));
#527 = CARTESIAN_POINT('',(-8.930831559738,75.,14.128873571252));
#528 = CARTESIAN_POINT('',(-8.948042859566,75.,13.961411572797));
#529 = CARTESIAN_POINT('',(-8.973300650303,75.,13.660637667618));
#530 = CARTESIAN_POINT('',(-8.982490926571,75.,13.527197797172));
#531 = CARTESIAN_POINT('',(-8.989684561896,75.,13.394696494071));
#532 = CARTESIAN_POINT('',(-8.994943848272,75.,13.263760124422));
#533 = CARTESIAN_POINT('',(-8.998350198817,75.,13.134936573832));
#534 = CARTESIAN_POINT('',(-9.,75.,13.008690269462));
#535 = CARTESIAN_POINT('',(-9.,75.,12.885404491127));
#536 = PCURVE('',#46,#537);
#537 = DEFINITIONAL_REPRESENTATION('',(#538),#565);
#538 = B_SPLINE_CURVE_WITH_KNOTS('',7,(#539,#540,#541,#542,#543,#544,
    #545,#546,#547,#548,#549,#550,#551,#552,#553,#554,#555,#556,#557,
    #558,#559,#560,#561,#562,#563,#564),.UNSPECIFIED.,.F.,.F.,(8,6,6,6,8
    ),(0.,0.209727147973,0.525118188791,0.788927891121,1.),
  .UNSPECIFIED.);
#539 = CARTESIAN_POINT('',(-5.684341886081E-14,-0.8));
#540 = CARTESIAN_POINT('',(-5.606529847257E-14,-0.764999090373));
#541 = CARTESIAN_POINT('',(7.366338262512E-03,-0.729260775775));
#542 = CARTESIAN_POINT('',(2.265661021428E-02,-0.692936231005));
#543 = CARTESIAN_POINT('',(4.63508104436E-02,-0.656209669618));
#544 = CARTESIAN_POINT('',(7.879101639086E-02,-0.619297044875));
#545 = CARTESIAN_POINT('',(0.12013657869,-0.582438178992));
#546 = CARTESIAN_POINT('',(0.245823733861,-0.49090903598));
#547 = CARTESIAN_POINT('',(0.341347942005,-0.436610330059));
#548 = CARTESIAN_POINT('',(0.456732923838,-0.38384310331));
#549 = CARTESIAN_POINT('',(0.590785295968,-0.333470827331));
#550 = CARTESIAN_POINT('',(0.741284812973,-0.286251298152));
#551 = CARTESIAN_POINT('',(0.905484121059,-0.242755374021));
#552 = CARTESIAN_POINT('',(1.226850353064,-0.170428201803));
#553 = CARTESIAN_POINT('',(1.380787202376,-0.140359237258));
#554 = CARTESIAN_POINT('',(1.540626352787,-0.113384037178));
#555 = CARTESIAN_POINT('',(1.704630828962,-8.963675847226E-02));
#556 = CARTESIAN_POINT('',(1.871126428748,-6.916844026188E-02));
#557 = CARTESIAN_POINT('',(2.038588427203,-5.195714043399E-02));
#558 = CARTESIAN_POINT('',(2.339362332382,-2.669934969682E-02));
#559 = CARTESIAN_POINT('',(2.472802202828,-1.750907342945E-02));
#560 = CARTESIAN_POINT('',(2.605303505929,-1.031543810424E-02));
#561 = CARTESIAN_POINT('',(2.736239875578,-5.056151727744E-03));
#562 = CARTESIAN_POINT('',(2.865063426168,-1.649801183478E-03));
#563 = CARTESIAN_POINT('',(2.991309730538,9.51619735393E-17));
#564 = CARTESIAN_POINT('',(3.114595508873,0.));
#565 = ( GEOMETRIC_REPRESENTATION_CONTEXT(2) 
PARAMETRIC_REPRESENTATION_CONTEXT() REPRESENTATION_CONTEXT('2D SPACE',''
  ) );
#566 = PCURVE('',#117,#567);
#567 = DEFINITIONAL_REPRESENTATION('',(#568),#595);
#568 = B_SPLINE_CURVE_WITH_KNOTS('',7,(#569,#570,#571,#572,#573,#574,
    #575,#576,#577,#578,#579,#580,#581,#582,#583,#584,#585,#586,#587,
    #588,#589,#590,#591,#592,#593,#594),.UNSPECIFIED.,.F.,.F.,(8,6,6,6,8
    ),(0.,0.209727147973,0.525118188791,0.788927891121,1.),
  .UNSPECIFIED.);
#569 = CARTESIAN_POINT('',(0.,15.103269068731));
#570 = CARTESIAN_POINT('',(0.46724569207,15.103269068731));
#571 = CARTESIAN_POINT('',(0.934456585262,15.099241725629));
#572 = CARTESIAN_POINT('',(1.401432421628,15.090882100409));
#573 = CARTESIAN_POINT('',(1.867949096129,15.077922408115));
#574 = CARTESIAN_POINT('',(2.333762751807,15.060161852558));
#575 = CARTESIAN_POINT('',(2.798611855729,15.037490241835));
#576 = CARTESIAN_POINT('',(3.95939447399,14.968422835028));
#577 = CARTESIAN_POINT('',(4.653895339515,14.91582079528));
#578 = CARTESIAN_POINT('',(5.344653578259,14.852089425932));
#579 = CARTESIAN_POINT('',(6.031092643855,14.77773673693));
#580 = CARTESIAN_POINT('',(6.713112291702,14.693805746132));
#581 = CARTESIAN_POINT('',(7.390956660352,14.601654268332));
#582 = CARTESIAN_POINT('',(8.629032642479,14.420063092204));
#583 = CARTESIAN_POINT('',(9.190414230853,14.332638108575));
#584 = CARTESIAN_POINT('',(9.749701805077,14.24134758965));
#585 = CARTESIAN_POINT('',(10.307422427473,14.147104724061));
#586 = CARTESIAN_POINT('',(10.864145137815,14.050818555837));
#587 = CARTESIAN_POINT('',(11.420448154055,13.953346716495));
#588 = CARTESIAN_POINT('',(12.422121934974,13.777156829693));
#589 = CARTESIAN_POINT('',(12.867415294084,13.698588922524));
#590 = CARTESIAN_POINT('',(13.313058641715,13.62016752144));
#591 = CARTESIAN_POINT('',(13.759289937015,13.542269230222));
#592 = CARTESIAN_POINT('',(14.206306443614,13.465235531032));
#593 = CARTESIAN_POINT('',(14.654262337293,13.38936732528));
#594 = CARTESIAN_POINT('',(15.103269068731,13.314922962281));
#595 = ( GEOMETRIC_REPRESENTATION_CONTEXT(2) 
PARAMETRIC_REPRESENTATION_CONTEXT() REPRESENTATION_CONTEXT('2D SPACE',''
  ) );
#596 = ORIENTED_EDGE('',*,*,#21,.T.);
#597 = ORIENTED_EDGE('',*,*,#598,.T.);
#598 = EDGE_CURVE('',#24,#599,#601,.T.);
#599 = VERTEX_POINT('',#600);
#600 = CARTESIAN_POINT('',(-7.6,75.,3.));
#601 = SURFACE_CURVE('',#602,(#606,#613),.PCURVE_S1.);
#602 = LINE('',#603,#604);
#603 = CARTESIAN_POINT('',(-7.6,75.,16.));
#604 = VECTOR('',#605,1.);
#605 = DIRECTION('',(0.,0.,-1.));
#606 = PCURVE('',#46,#607);
#607 = DEFINITIONAL_REPRESENTATION('',(#608),#612);
#608 = LINE('',#609,#610);
#609 = CARTESIAN_POINT('',(0.,-1.4));
#610 = VECTOR('',#611,1.);
#611 = DIRECTION('',(1.,0.));
#612 = ( GEOMETRIC_REPRESENTATION_CONTEXT(2) 
PARAMETRIC_REPRESENTATION_CONTEXT() REPRESENTATION_CONTEXT('2D SPACE',''
  ) );
#613 = PCURVE('',#614,#619);
#614 = CYLINDRICAL_SURFACE('',#615,1.4);
#615 = AXIS2_PLACEMENT_3D('',#616,#617,#618);
#616 = CARTESIAN_POINT('',(-7.6,76.4,16.));
#617 = DIRECTION('',(0.,0.,-1.));
#618 = DIRECTION('',(-1.,-0.,-0.));
#619 = DEFINITIONAL_REPRESENTATION('',(#620),#624);
#620 = LINE('',#621,#622);
#621 = CARTESIAN_POINT('',(-1.570796326795,0.));
#622 = VECTOR('',#623,1.);
#623 = DIRECTION('',(-0.,1.));
#624 = ( GEOMETRIC_REPRESENTATION_CONTEXT(2) 
PARAMETRIC_REPRESENTATION_CONTEXT() REPRESENTATION_CONTEXT('2D SPACE',''
  ) );
#625 = ORIENTED_EDGE('',*,*,#626,.F.);
#626 = EDGE_CURVE('',#627,#599,#629,.T.);
#627 = VERTEX_POINT('',#628);
#628 = CARTESIAN_POINT('',(-8.2,75.,3.));
#629 = SURFACE_CURVE('',#630,(#634,#641),.PCURVE_S1.);
#630 = LINE('',#631,#632);
#631 = CARTESIAN_POINT('',(-9.,75.,3.));
#632 = VECTOR('',#633,1.);
#633 = DIRECTION('',(1.,0.,0.));
#634 = PCURVE('',#46,#635);
#635 = DEFINITIONAL_REPRESENTATION('',(#636),#640);
#636 = LINE('',#637,#638);
#637 = CARTESIAN_POINT('',(13.,0.));
#638 = VECTOR('',#639,1.);
#639 = DIRECTION('',(0.,-1.));
#640 = ( GEOMETRIC_REPRESENTATION_CONTEXT(2) 
PARAMETRIC_REPRESENTATION_CONTEXT() REPRESENTATION_CONTEXT('2D SPACE',''
  ) );
#641 = PCURVE('',#642,#647);
#642 = PLANE('',#643);
#643 = AXIS2_PLACEMENT_3D('',#644,#645,#646);
#644 = CARTESIAN_POINT('',(-9.,0.,3.));
#645 = DIRECTION('',(0.,0.,1.));
#646 = DIRECTION('',(1.,0.,0.));
#647 = DEFINITIONAL_REPRESENTATION('',(#648),#652);
#648 = LINE('',#649,#650);
#649 = CARTESIAN_POINT('',(0.,75.));
#650 = VECTOR('',#651,1.);
#651 = DIRECTION('',(1.,0.));
#652 = ( GEOMETRIC_REPRESENTATION_CONTEXT(2) 
PARAMETRIC_REPRESENTATION_CONTEXT() REPRESENTATION_CONTEXT('2D SPACE',''
  ) );
#653 = ORIENTED_EDGE('',*,*,#654,.F.);
#654 = EDGE_CURVE('',#480,#627,#655,.T.);
#655 = SURFACE_CURVE('',#656,(#660,#667),.PCURVE_S1.);
#656 = LINE('',#657,#658);
#657 = CARTESIAN_POINT('',(-9.,75.,3.));
#658 = VECTOR('',#659,1.);
#659 = DIRECTION('',(1.,0.,0.));
#660 = PCURVE('',#46,#661);
#661 = DEFINITIONAL_REPRESENTATION('',(#662),#666);
#662 = LINE('',#663,#664);
#663 = CARTESIAN_POINT('',(13.,0.));
#664 = VECTOR('',#665,1.);
#665 = DIRECTION('',(0.,-1.));
#666 = ( GEOMETRIC_REPRESENTATION_CONTEXT(2) 
PARAMETRIC_REPRESENTATION_CONTEXT() REPRESENTATION_CONTEXT('2D SPACE',''
  ) );
#667 = PCURVE('',#668,#673);
#668 = PLANE('',#669);
#669 = AXIS2_PLACEMENT_3D('',#670,#671,#672);
#670 = CARTESIAN_POINT('',(-9.,75.,3.));
#671 = DIRECTION('',(0.,0.,-1.));
#672 = DIRECTION('',(0.,-1.,0.));
#673 = DEFINITIONAL_REPRESENTATION('',(#674),#678);
#674 = LINE('',#675,#676);
#675 = CARTESIAN_POINT('',(0.,-0.));
#676 = VECTOR('',#677,1.);
#677 = DIRECTION('',(0.,-1.));
#678 = ( GEOMETRIC_REPRESENTATION_CONTEXT(2) 
PARAMETRIC_REPRESENTATION_CONTEXT() REPRESENTATION_CONTEXT('2D SPACE',''
  ) );
#679 = ADVANCED_FACE('',(#680),#117,.F.);
#680 = FACE_BOUND('',#681,.F.);
#681 = EDGE_LOOP('',(#682,#777,#841,#842));
#682 = ORIENTED_EDGE('',*,*,#683,.T.);
#683 = EDGE_CURVE('',#59,#684,#686,.T.);
#684 = VERTEX_POINT('',#685);
#685 = CARTESIAN_POINT('',(-9.,70.425657420544,3.));
#686 = SURFACE_CURVE('',#687,(#715,#746),.PCURVE_S1.);
#687 = B_SPLINE_CURVE_WITH_KNOTS('',6,(#688,#689,#690,#691,#692,#693,
    #694,#695,#696,#697,#698,#699,#700,#701,#702,#703,#704,#705,#706,
    #707,#708,#709,#710,#711,#712,#713,#714),.UNSPECIFIED.,.F.,.F.,(7,5,
    5,5,5,7),(0.,0.186468497129,0.259186413623,0.545082871185,
    0.827665510348,1.),.UNSPECIFIED.);
#688 = CARTESIAN_POINT('',(-8.2,68.500000024443,3.));
#689 = CARTESIAN_POINT('',(-8.234992404658,68.549871600951,3.));
#690 = CARTESIAN_POINT('',(-8.270689720343,68.600748972355,3.));
#691 = CARTESIAN_POINT('',(-8.306946744773,68.652678226814,3.));
#692 = CARTESIAN_POINT('',(-8.343585284574,68.705715905324,3.));
#693 = CARTESIAN_POINT('',(-8.380398618858,68.759911647176,3.));
#694 = CARTESIAN_POINT('',(-8.431490381257,68.836887294056,3.));
#695 = CARTESIAN_POINT('',(-8.445816295157,68.858663639429,3.));
#696 = CARTESIAN_POINT('',(-8.460119967845,68.880621419493,3.));
#697 = CARTESIAN_POINT('',(-8.474387230866,68.90276138761,3.));
#698 = CARTESIAN_POINT('',(-8.488603483961,68.925083502541,3.));
#699 = CARTESIAN_POINT('',(-8.558386411526,69.036060994545,3.));
#700 = CARTESIAN_POINT('',(-8.612998193942,69.127337018506,3.));
#701 = CARTESIAN_POINT('',(-8.66568223563,69.221359085169,3.));
#702 = CARTESIAN_POINT('',(-8.715443815429,69.317842084955,3.));
#703 = CARTESIAN_POINT('',(-8.761363459134,69.416136089685,3.));
#704 = CARTESIAN_POINT('',(-8.843700793871,69.613519698124,3.));
#705 = CARTESIAN_POINT('',(-8.880222880342,69.712588256185,3.));
#706 = CARTESIAN_POINT('',(-8.91168848256,69.811799077281,3.));
#707 = CARTESIAN_POINT('',(-8.93767924036,69.910154683618,3.));
#708 = CARTESIAN_POINT('',(-8.958132687558,70.006664770655,3.));
#709 = CARTESIAN_POINT('',(-8.982448990109,70.157734954249,3.));
#710 = CARTESIAN_POINT('',(-8.989671491604,70.213972324507,3.));
#711 = CARTESIAN_POINT('',(-8.994947496303,70.269030170976,3.));
#712 = CARTESIAN_POINT('',(-8.998355610202,70.322745916057,3.));
#713 = CARTESIAN_POINT('',(-9.,70.374986698325,3.));
#714 = CARTESIAN_POINT('',(-9.,70.42565410337,3.));
#715 = PCURVE('',#117,#716);
#716 = DEFINITIONAL_REPRESENTATION('',(#717),#745);
#717 = B_SPLINE_CURVE_WITH_KNOTS('',6,(#718,#719,#720,#721,#722,#723,
    #724,#725,#726,#727,#728,#729,#730,#731,#732,#733,#734,#735,#736,
    #737,#738,#739,#740,#741,#742,#743,#744),.UNSPECIFIED.,.F.,.F.,(7,5,
    5,5,5,7),(0.,0.186468497129,0.259186413623,0.545082871185,
    0.827665510348,1.),.UNSPECIFIED.);
#718 = CARTESIAN_POINT('',(0.,5.679496058506E-08));
#719 = CARTESIAN_POINT('',(0.467131195433,0.11588098614));
#720 = CARTESIAN_POINT('',(0.93352107673,0.234097178267));
#721 = CARTESIAN_POINT('',(1.399277116229,0.354172438453));
#722 = CARTESIAN_POINT('',(1.864545278482,0.475519105521));
#723 = CARTESIAN_POINT('',(2.329493865655,0.597508019096));
#724 = CARTESIAN_POINT('',(2.975558768573,0.767127229748));
#725 = CARTESIAN_POINT('',(3.15679773435,0.814722284699));
#726 = CARTESIAN_POINT('',(3.338024431733,0.862287663963));
#727 = CARTESIAN_POINT('',(3.519248823908,0.909788380698));
#728 = CARTESIAN_POINT('',(3.700480665762,0.957190448973));
#729 = CARTESIAN_POINT('',(4.594324188289,1.190308478259));
#730 = CARTESIAN_POINT('',(5.307179974182,1.374123256668));
#731 = CARTESIAN_POINT('',(6.020878432588,1.553908458331));
#732 = CARTESIAN_POINT('',(6.735889524066,1.728015975851));
#733 = CARTESIAN_POINT('',(7.452534214169,1.895313361046));
#734 = CARTESIAN_POINT('',(8.881121132298,2.21285879147));
#735 = CARTESIAN_POINT('',(9.593034838932,2.363285786339));
#736 = CARTESIAN_POINT('',(10.30688574543,2.505532278251));
#737 = CARTESIAN_POINT('',(11.022742537049,2.639202790983));
#738 = CARTESIAN_POINT('',(11.740572342053,2.764188720775));
#739 = CARTESIAN_POINT('',(12.899125461591,2.95159498818));
#740 = CARTESIAN_POINT('',(13.338703239252,3.019401407386));
#741 = CARTESIAN_POINT('',(13.778941729316,3.084045410541));
#742 = CARTESIAN_POINT('',(14.219808260516,3.145583907968));
#743 = CARTESIAN_POINT('',(14.661264915148,3.204097823192));
#744 = CARTESIAN_POINT('',(15.103269068731,3.25968474921));
#745 = ( GEOMETRIC_REPRESENTATION_CONTEXT(2) 
PARAMETRIC_REPRESENTATION_CONTEXT() REPRESENTATION_CONTEXT('2D SPACE',''
  ) );
#746 = PCURVE('',#668,#747);
#747 = DEFINITIONAL_REPRESENTATION('',(#748),#776);
#748 = B_SPLINE_CURVE_WITH_KNOTS('',6,(#749,#750,#751,#752,#753,#754,
    #755,#756,#757,#758,#759,#760,#761,#762,#763,#764,#765,#766,#767,
    #768,#769,#770,#771,#772,#773,#774,#775),.UNSPECIFIED.,.F.,.F.,(7,5,
    5,5,5,7),(0.,0.186468497129,0.259186413623,0.545082871185,
    0.827665510348,1.),.UNSPECIFIED.);
#749 = CARTESIAN_POINT('',(6.499999975557,-0.8));
#750 = CARTESIAN_POINT('',(6.450128399049,-0.765007595342));
#751 = CARTESIAN_POINT('',(6.399251027645,-0.729310279657));
#752 = CARTESIAN_POINT('',(6.347321773186,-0.693053255227));
#753 = CARTESIAN_POINT('',(6.294284094676,-0.656414715426));
#754 = CARTESIAN_POINT('',(6.240088352824,-0.619601381142));
#755 = CARTESIAN_POINT('',(6.163112705944,-0.568509618743));
#756 = CARTESIAN_POINT('',(6.141336360571,-0.554183704843));
#757 = CARTESIAN_POINT('',(6.119378580507,-0.539880032155));
#758 = CARTESIAN_POINT('',(6.09723861239,-0.525612769134));
#759 = CARTESIAN_POINT('',(6.074916497459,-0.511396516039));
#760 = CARTESIAN_POINT('',(5.963939005455,-0.441613588474));
#761 = CARTESIAN_POINT('',(5.872662981494,-0.387001806058));
#762 = CARTESIAN_POINT('',(5.778640914831,-0.33431776437));
#763 = CARTESIAN_POINT('',(5.682157915045,-0.284556184571));
#764 = CARTESIAN_POINT('',(5.583863910315,-0.238636540866));
#765 = CARTESIAN_POINT('',(5.386480301876,-0.156299206129));
#766 = CARTESIAN_POINT('',(5.287411743815,-0.119777119658));
#767 = CARTESIAN_POINT('',(5.188200922719,-8.831151744042E-02));
#768 = CARTESIAN_POINT('',(5.089845316382,-6.23207596401E-02));
#769 = CARTESIAN_POINT('',(4.993335229345,-4.186731244153E-02));
#770 = CARTESIAN_POINT('',(4.842265045751,-1.755100989062E-02));
#771 = CARTESIAN_POINT('',(4.786027675493,-1.032850839584E-02));
#772 = CARTESIAN_POINT('',(4.730969829024,-5.052503697129E-03));
#773 = CARTESIAN_POINT('',(4.677254083943,-1.644389798203E-03));
#774 = CARTESIAN_POINT('',(4.625013301675,-1.961394010171E-15));
#775 = CARTESIAN_POINT('',(4.57434589663,-1.7763568394E-15));
#776 = ( GEOMETRIC_REPRESENTATION_CONTEXT(2) 
PARAMETRIC_REPRESENTATION_CONTEXT() REPRESENTATION_CONTEXT('2D SPACE',''
  ) );
#777 = ORIENTED_EDGE('',*,*,#778,.T.);
#778 = EDGE_CURVE('',#684,#478,#779,.T.);
#779 = SURFACE_CURVE('',#780,(#810,#817),.PCURVE_S1.);
#780 = B_SPLINE_CURVE_WITH_KNOTS('',10,(#781,#782,#783,#784,#785,#786,
    #787,#788,#789,#790,#791,#792,#793,#794,#795,#796,#797,#798,#799,
    #800,#801,#802,#803,#804,#805,#806,#807,#808,#809),.UNSPECIFIED.,.F.
  ,.F.,(11,9,9,11),(2.673738134691E-14,7.551634534365,15.103269068731,
    15.598350230583),.UNSPECIFIED.);
#781 = CARTESIAN_POINT('',(-9.,68.5,2.2));
#782 = CARTESIAN_POINT('',(-9.,68.985000000002,2.2));
#783 = CARTESIAN_POINT('',(-8.999999999999,69.46977788676,2.307572740684
    ));
#784 = CARTESIAN_POINT('',(-9.000000000002,69.929962492334,
    2.524422587155));
#785 = CARTESIAN_POINT('',(-8.999999999997,70.326867599573,
    2.821580239398));
#786 = CARTESIAN_POINT('',(-9.000000000003,70.713750821528,
    3.161487171146));
#787 = CARTESIAN_POINT('',(-8.999999999998,71.078731036496,3.58309069394
    ));
#788 = CARTESIAN_POINT('',(-9.000000000001,71.4347180631,4.057753677631)
  );
#789 = CARTESIAN_POINT('',(-8.999999999999,71.783117073014,
    4.602926489719));
#790 = CARTESIAN_POINT('',(-9.,72.126230917745,5.213607453488));
#791 = CARTESIAN_POINT('',(-9.,72.804852587855,6.570850793712));
#792 = CARTESIAN_POINT('',(-9.,73.140364711246,7.317237919206));
#793 = CARTESIAN_POINT('',(-8.999999999999,73.473444087876,
    8.132364374928));
#794 = CARTESIAN_POINT('',(-9.000000000001,73.80488824702,9.016959197523
    ));
#795 = CARTESIAN_POINT('',(-8.999999999999,74.135147824072,9.97156419794
    ));
#796 = CARTESIAN_POINT('',(-9.000000000001,74.464491117347,
    10.996582587653));
#797 = CARTESIAN_POINT('',(-8.999999999999,74.793111658791,
    12.092318618459));
#798 = CARTESIAN_POINT('',(-9.,75.121178799943,13.259008236028));
#799 = CARTESIAN_POINT('',(-9.,75.44883131188,14.496840747028));
#800 = CARTESIAN_POINT('',(-9.,75.797570479877,15.891797419013));
#801 = CARTESIAN_POINT('',(-9.,75.819026959637,15.977623338055));
#802 = CARTESIAN_POINT('',(-9.,75.840483439398,16.063449257098));
#803 = CARTESIAN_POINT('',(-9.,75.861939919159,16.14927517614));
#804 = CARTESIAN_POINT('',(-9.,75.883396398919,16.235101095182));
#805 = CARTESIAN_POINT('',(-9.,75.90485287868,16.320927014224));
#806 = CARTESIAN_POINT('',(-9.,75.92630935844,16.406752933267));
#807 = CARTESIAN_POINT('',(-9.,75.947765838201,16.492578852309));
#808 = CARTESIAN_POINT('',(-9.,75.969222317961,16.578404771351));
#809 = CARTESIAN_POINT('',(-9.,75.990678797722,16.664230690393));
#810 = PCURVE('',#117,#811);
#811 = DEFINITIONAL_REPRESENTATION('',(#812),#816);
#812 = LINE('',#813,#814);
#813 = CARTESIAN_POINT('',(15.103269068731,0.));
#814 = VECTOR('',#815,1.);
#815 = DIRECTION('',(0.,1.));
#816 = ( GEOMETRIC_REPRESENTATION_CONTEXT(2) 
PARAMETRIC_REPRESENTATION_CONTEXT() REPRESENTATION_CONTEXT('2D SPACE',''
  ) );
#817 = PCURVE('',#495,#818);
#818 = DEFINITIONAL_REPRESENTATION('',(#819),#840);
#819 = B_SPLINE_CURVE_WITH_KNOTS('',10,(#820,#821,#822,#823,#824,#825,
    #826,#827,#828,#829,#830,#831,#832,#833,#834,#835,#836,#837,#838,
    #839),.UNSPECIFIED.,.F.,.F.,(11,9,11),(2.673738134691E-14,
    7.551634534365,15.103269068731),.UNSPECIFIED.);
#820 = CARTESIAN_POINT('',(5.904869081029,4.74771827212));
#821 = CARTESIAN_POINT('',(5.904869081029,4.26271827212));
#822 = CARTESIAN_POINT('',(5.797296340343,3.777940385353));
#823 = CARTESIAN_POINT('',(5.580446493876,3.317755779801));
#824 = CARTESIAN_POINT('',(5.283288841628,2.920850672527));
#825 = CARTESIAN_POINT('',(4.943381909887,2.533967450614));
#826 = CARTESIAN_POINT('',(4.521778387086,2.168987235606));
#827 = CARTESIAN_POINT('',(4.047115403399,1.813000209032));
#828 = CARTESIAN_POINT('',(3.501942591309,1.464601199101));
#829 = CARTESIAN_POINT('',(2.891261627541,1.121487354376));
#830 = CARTESIAN_POINT('',(1.534018287317,0.442865684264));
#831 = CARTESIAN_POINT('',(0.787631161823,0.107353560877));
#832 = CARTESIAN_POINT('',(-2.749529390041E-02,-0.225725815764));
#833 = CARTESIAN_POINT('',(-0.912090116493,-0.557169974888));
#834 = CARTESIAN_POINT('',(-1.866695116913,-0.887429551965));
#835 = CARTESIAN_POINT('',(-2.891713506623,-1.216772845217));
#836 = CARTESIAN_POINT('',(-3.987449537431,-1.545393386676));
#837 = CARTESIAN_POINT('',(-5.154139154999,-1.873460527821));
#838 = CARTESIAN_POINT('',(-6.391971666,-2.201113039761));
#839 = CARTESIAN_POINT('',(-7.701102418942,-2.528395727996));
#840 = ( GEOMETRIC_REPRESENTATION_CONTEXT(2) 
PARAMETRIC_REPRESENTATION_CONTEXT() REPRESENTATION_CONTEXT('2D SPACE',''
  ) );
#841 = ORIENTED_EDGE('',*,*,#507,.F.);
#842 = ORIENTED_EDGE('',*,*,#58,.F.);
#843 = ADVANCED_FACE('',(#844,#1008),#439,.T.);
#844 = FACE_BOUND('',#845,.T.);
#845 = EDGE_LOOP('',(#846,#871,#899,#935,#958,#985,#986,#987));
#846 = ORIENTED_EDGE('',*,*,#847,.T.);
#847 = EDGE_CURVE('',#848,#850,#852,.T.);
#848 = VERTEX_POINT('',#849);
#849 = CARTESIAN_POINT('',(-4.,75.,3.));
#850 = VERTEX_POINT('',#851);
#851 = CARTESIAN_POINT('',(4.,75.,3.));
#852 = SURFACE_CURVE('',#853,(#857,#864),.PCURVE_S1.);
#853 = LINE('',#854,#855);
#854 = CARTESIAN_POINT('',(-9.,75.,3.));
#855 = VECTOR('',#856,1.);
#856 = DIRECTION('',(1.,0.,0.));
#857 = PCURVE('',#439,#858);
#858 = DEFINITIONAL_REPRESENTATION('',(#859),#863);
#859 = LINE('',#860,#861);
#860 = CARTESIAN_POINT('',(9.299945287508,-9.));
#861 = VECTOR('',#862,1.);
#862 = DIRECTION('',(0.,1.));
#863 = ( GEOMETRIC_REPRESENTATION_CONTEXT(2) 
PARAMETRIC_REPRESENTATION_CONTEXT() REPRESENTATION_CONTEXT('2D SPACE',''
  ) );
#864 = PCURVE('',#228,#865);
#865 = DEFINITIONAL_REPRESENTATION('',(#866),#870);
#866 = LINE('',#867,#868);
#867 = CARTESIAN_POINT('',(0.,75.));
#868 = VECTOR('',#869,1.);
#869 = DIRECTION('',(1.,0.));
#870 = ( GEOMETRIC_REPRESENTATION_CONTEXT(2) 
PARAMETRIC_REPRESENTATION_CONTEXT() REPRESENTATION_CONTEXT('2D SPACE',''
  ) );
#871 = ORIENTED_EDGE('',*,*,#872,.F.);
#872 = EDGE_CURVE('',#873,#850,#875,.T.);
#873 = VERTEX_POINT('',#874);
#874 = CARTESIAN_POINT('',(4.,75.,16.));
#875 = SURFACE_CURVE('',#876,(#880,#887),.PCURVE_S1.);
#876 = LINE('',#877,#878);
#877 = CARTESIAN_POINT('',(4.,75.,16.));
#878 = VECTOR('',#879,1.);
#879 = DIRECTION('',(0.,0.,-1.));
#880 = PCURVE('',#439,#881);
#881 = DEFINITIONAL_REPRESENTATION('',(#882),#886);
#882 = LINE('',#883,#884);
#883 = CARTESIAN_POINT('',(-3.700054712492,4.));
#884 = VECTOR('',#885,1.);
#885 = DIRECTION('',(1.,0.));
#886 = ( GEOMETRIC_REPRESENTATION_CONTEXT(2) 
PARAMETRIC_REPRESENTATION_CONTEXT() REPRESENTATION_CONTEXT('2D SPACE',''
  ) );
#887 = PCURVE('',#888,#893);
#888 = CYLINDRICAL_SURFACE('',#889,2.);
#889 = AXIS2_PLACEMENT_3D('',#890,#891,#892);
#890 = CARTESIAN_POINT('',(4.,73.,16.));
#891 = DIRECTION('',(0.,0.,-1.));
#892 = DIRECTION('',(0.,1.,0.));
#893 = DEFINITIONAL_REPRESENTATION('',(#894),#898);
#894 = LINE('',#895,#896);
#895 = CARTESIAN_POINT('',(0.,0.));
#896 = VECTOR('',#897,1.);
#897 = DIRECTION('',(0.,1.));
#898 = ( GEOMETRIC_REPRESENTATION_CONTEXT(2) 
PARAMETRIC_REPRESENTATION_CONTEXT() REPRESENTATION_CONTEXT('2D SPACE',''
  ) );
#899 = ORIENTED_EDGE('',*,*,#900,.F.);
#900 = EDGE_CURVE('',#901,#873,#903,.T.);
#901 = VERTEX_POINT('',#902);
#902 = CARTESIAN_POINT('',(6.,75.,16.));
#903 = SURFACE_CURVE('',#904,(#910,#919),.PCURVE_S1.);
#904 = B_SPLINE_CURVE_WITH_KNOTS('',4,(#905,#906,#907,#908,#909),
  .UNSPECIFIED.,.F.,.F.,(5,5),(0.,1.),.PIECEWISE_BEZIER_KNOTS.);
#905 = CARTESIAN_POINT('',(6.,75.,16.));
#906 = CARTESIAN_POINT('',(5.5,75.,16.));
#907 = CARTESIAN_POINT('',(5.,75.,16.));
#908 = CARTESIAN_POINT('',(4.5,75.,16.));
#909 = CARTESIAN_POINT('',(4.,75.,16.));
#910 = PCURVE('',#439,#911);
#911 = DEFINITIONAL_REPRESENTATION('',(#912),#918);
#912 = B_SPLINE_CURVE_WITH_KNOTS('',4,(#913,#914,#915,#916,#917),
  .UNSPECIFIED.,.F.,.F.,(5,5),(0.,1.),.PIECEWISE_BEZIER_KNOTS.);
#913 = CARTESIAN_POINT('',(-3.700054712492,6.));
#914 = CARTESIAN_POINT('',(-3.700054712492,5.5));
#915 = CARTESIAN_POINT('',(-3.700054712492,5.));
#916 = CARTESIAN_POINT('',(-3.700054712492,4.5));
#917 = CARTESIAN_POINT('',(-3.700054712492,4.));
#918 = ( GEOMETRIC_REPRESENTATION_CONTEXT(2) 
PARAMETRIC_REPRESENTATION_CONTEXT() REPRESENTATION_CONTEXT('2D SPACE',''
  ) );
#919 = PCURVE('',#920,#927);
#920 = SURFACE_OF_LINEAR_EXTRUSION('',#921,#925);
#921 = B_SPLINE_CURVE_WITH_KNOTS('',2,(#922,#923,#924),.UNSPECIFIED.,.F.
  ,.F.,(3,3),(0.,1.),.PIECEWISE_BEZIER_KNOTS.);
#922 = CARTESIAN_POINT('',(6.,68.5,3.));
#923 = CARTESIAN_POINT('',(6.,71.75,3.));
#924 = CARTESIAN_POINT('',(6.,75.,16.));
#925 = VECTOR('',#926,1.);
#926 = DIRECTION('',(-1.,-0.,-0.));
#927 = DEFINITIONAL_REPRESENTATION('',(#928),#934);
#928 = B_SPLINE_CURVE_WITH_KNOTS('',4,(#929,#930,#931,#932,#933),
  .UNSPECIFIED.,.F.,.F.,(5,5),(0.,1.),.PIECEWISE_BEZIER_KNOTS.);
#929 = CARTESIAN_POINT('',(1.,0.));
#930 = CARTESIAN_POINT('',(1.,0.5));
#931 = CARTESIAN_POINT('',(1.,1.));
#932 = CARTESIAN_POINT('',(1.,1.5));
#933 = CARTESIAN_POINT('',(1.,2.));
#934 = ( GEOMETRIC_REPRESENTATION_CONTEXT(2) 
PARAMETRIC_REPRESENTATION_CONTEXT() REPRESENTATION_CONTEXT('2D SPACE',''
  ) );
#935 = ORIENTED_EDGE('',*,*,#936,.T.);
#936 = EDGE_CURVE('',#901,#937,#939,.T.);
#937 = VERTEX_POINT('',#938);
#938 = CARTESIAN_POINT('',(7.6,75.,16.));
#939 = SURFACE_CURVE('',#940,(#944,#951),.PCURVE_S1.);
#940 = LINE('',#941,#942);
#941 = CARTESIAN_POINT('',(6.,75.,16.));
#942 = VECTOR('',#943,1.);
#943 = DIRECTION('',(1.,0.,0.));
#944 = PCURVE('',#439,#945);
#945 = DEFINITIONAL_REPRESENTATION('',(#946),#950);
#946 = LINE('',#947,#948);
#947 = CARTESIAN_POINT('',(-3.700054712492,6.));
#948 = VECTOR('',#949,1.);
#949 = DIRECTION('',(0.,1.));
#950 = ( GEOMETRIC_REPRESENTATION_CONTEXT(2) 
PARAMETRIC_REPRESENTATION_CONTEXT() REPRESENTATION_CONTEXT('2D SPACE',''
  ) );
#951 = PCURVE('',#920,#952);
#952 = DEFINITIONAL_REPRESENTATION('',(#953),#957);
#953 = LINE('',#954,#955);
#954 = CARTESIAN_POINT('',(1.,0.));
#955 = VECTOR('',#956,1.);
#956 = DIRECTION('',(0.,-1.));
#957 = ( GEOMETRIC_REPRESENTATION_CONTEXT(2) 
PARAMETRIC_REPRESENTATION_CONTEXT() REPRESENTATION_CONTEXT('2D SPACE',''
  ) );
#958 = ORIENTED_EDGE('',*,*,#959,.T.);
#959 = EDGE_CURVE('',#937,#24,#960,.T.);
#960 = SURFACE_CURVE('',#961,(#966,#973),.PCURVE_S1.);
#961 = CIRCLE('',#962,7.6);
#962 = AXIS2_PLACEMENT_3D('',#963,#964,#965);
#963 = CARTESIAN_POINT('',(0.,75.,16.));
#964 = DIRECTION('',(0.,-1.,-0.));
#965 = DIRECTION('',(1.,0.,0.));
#966 = PCURVE('',#439,#967);
#967 = DEFINITIONAL_REPRESENTATION('',(#968),#972);
#968 = CIRCLE('',#969,7.6);
#969 = AXIS2_PLACEMENT_2D('',#970,#971);
#970 = CARTESIAN_POINT('',(-3.700054712492,0.));
#971 = DIRECTION('',(0.,1.));
#972 = ( GEOMETRIC_REPRESENTATION_CONTEXT(2) 
PARAMETRIC_REPRESENTATION_CONTEXT() REPRESENTATION_CONTEXT('2D SPACE',''
  ) );
#973 = PCURVE('',#974,#979);
#974 = TOROIDAL_SURFACE('',#975,7.6,1.4);
#975 = AXIS2_PLACEMENT_3D('',#976,#977,#978);
#976 = CARTESIAN_POINT('',(0.,76.4,16.));
#977 = DIRECTION('',(0.,-1.,-0.));
#978 = DIRECTION('',(1.,0.,0.));
#979 = DEFINITIONAL_REPRESENTATION('',(#980),#984);
#980 = LINE('',#981,#982);
#981 = CARTESIAN_POINT('',(0.,1.570796326795));
#982 = VECTOR('',#983,1.);
#983 = DIRECTION('',(1.,0.));
#984 = ( GEOMETRIC_REPRESENTATION_CONTEXT(2) 
PARAMETRIC_REPRESENTATION_CONTEXT() REPRESENTATION_CONTEXT('2D SPACE',''
  ) );
#985 = ORIENTED_EDGE('',*,*,#453,.T.);
#986 = ORIENTED_EDGE('',*,*,#419,.T.);
#987 = ORIENTED_EDGE('',*,*,#988,.T.);
#988 = EDGE_CURVE('',#269,#848,#989,.T.);
#989 = SURFACE_CURVE('',#990,(#994,#1001),.PCURVE_S1.);
#990 = LINE('',#991,#992);
#991 = CARTESIAN_POINT('',(-4.,75.,16.));
#992 = VECTOR('',#993,1.);
#993 = DIRECTION('',(0.,0.,-1.));
#994 = PCURVE('',#439,#995);
#995 = DEFINITIONAL_REPRESENTATION('',(#996),#1000);
#996 = LINE('',#997,#998);
#997 = CARTESIAN_POINT('',(-3.700054712492,-4.));
#998 = VECTOR('',#999,1.);
#999 = DIRECTION('',(1.,0.));
#1000 = ( GEOMETRIC_REPRESENTATION_CONTEXT(2) 
PARAMETRIC_REPRESENTATION_CONTEXT() REPRESENTATION_CONTEXT('2D SPACE',''
  ) );
#1001 = PCURVE('',#366,#1002);
#1002 = DEFINITIONAL_REPRESENTATION('',(#1003),#1007);
#1003 = LINE('',#1004,#1005);
#1004 = CARTESIAN_POINT('',(1.570796326795,0.));
#1005 = VECTOR('',#1006,1.);
#1006 = DIRECTION('',(0.,1.));
#1007 = ( GEOMETRIC_REPRESENTATION_CONTEXT(2) 
PARAMETRIC_REPRESENTATION_CONTEXT() REPRESENTATION_CONTEXT('2D SPACE',''
  ) );
#1008 = FACE_BOUND('',#1009,.T.);
#1009 = EDGE_LOOP('',(#1010,#1045,#1073,#1106));
#1010 = ORIENTED_EDGE('',*,*,#1011,.T.);
#1011 = EDGE_CURVE('',#1012,#1014,#1016,.T.);
#1012 = VERTEX_POINT('',#1013);
#1013 = CARTESIAN_POINT('',(2.25,75.,7.));
#1014 = VERTEX_POINT('',#1015);
#1015 = CARTESIAN_POINT('',(-2.25,75.,7.));
#1016 = SURFACE_CURVE('',#1017,(#1022,#1033),.PCURVE_S1.);
#1017 = CIRCLE('',#1018,2.25);
#1018 = AXIS2_PLACEMENT_3D('',#1019,#1020,#1021);
#1019 = CARTESIAN_POINT('',(-6.661338147751E-16,75.,7.));
#1020 = DIRECTION('',(0.,1.,0.));
#1021 = DIRECTION('',(1.,0.,-1.110223024625E-16));
#1022 = PCURVE('',#439,#1023);
#1023 = DEFINITIONAL_REPRESENTATION('',(#1024),#1032);
#1024 = ( BOUNDED_CURVE() B_SPLINE_CURVE(2,(#1025,#1026,#1027,#1028,
#1029,#1030,#1031),.UNSPECIFIED.,.T.,.F.) B_SPLINE_CURVE_WITH_KNOTS((1,2
    ,2,2,2,1),(-2.094395102393,0.,2.094395102393,4.188790204786,
6.28318530718,8.377580409573),.UNSPECIFIED.) CURVE() 
GEOMETRIC_REPRESENTATION_ITEM() RATIONAL_B_SPLINE_CURVE((1.,0.5,1.,0.5,
1.,0.5,1.)) REPRESENTATION_ITEM('') );
#1025 = CARTESIAN_POINT('',(5.299945287508,2.25));
#1026 = CARTESIAN_POINT('',(9.197059604538,2.25));
#1027 = CARTESIAN_POINT('',(7.248502446023,-1.125));
#1028 = CARTESIAN_POINT('',(5.299945287508,-4.5));
#1029 = CARTESIAN_POINT('',(3.351388128993,-1.125));
#1030 = CARTESIAN_POINT('',(1.402830970478,2.25));
#1031 = CARTESIAN_POINT('',(5.299945287508,2.25));
#1032 = ( GEOMETRIC_REPRESENTATION_CONTEXT(2) 
PARAMETRIC_REPRESENTATION_CONTEXT() REPRESENTATION_CONTEXT('2D SPACE',''
  ) );
#1033 = PCURVE('',#1034,#1039);
#1034 = CYLINDRICAL_SURFACE('',#1035,2.25);
#1035 = AXIS2_PLACEMENT_3D('',#1036,#1037,#1038);
#1036 = CARTESIAN_POINT('',(-6.661338147751E-16,81.,7.));
#1037 = DIRECTION('',(0.,1.,0.));
#1038 = DIRECTION('',(1.,0.,-1.110223024625E-16));
#1039 = DEFINITIONAL_REPRESENTATION('',(#1040),#1044);
#1040 = LINE('',#1041,#1042);
#1041 = CARTESIAN_POINT('',(0.,-6.));
#1042 = VECTOR('',#1043,1.);
#1043 = DIRECTION('',(1.,0.));
#1044 = ( GEOMETRIC_REPRESENTATION_CONTEXT(2) 
PARAMETRIC_REPRESENTATION_CONTEXT() REPRESENTATION_CONTEXT('2D SPACE',''
  ) );
#1045 = ORIENTED_EDGE('',*,*,#1046,.T.);
#1046 = EDGE_CURVE('',#1014,#1047,#1049,.T.);
#1047 = VERTEX_POINT('',#1048);
#1048 = CARTESIAN_POINT('',(-2.25,75.,19.));
#1049 = SURFACE_CURVE('',#1050,(#1054,#1061),.PCURVE_S1.);
#1050 = LINE('',#1051,#1052);
#1051 = CARTESIAN_POINT('',(-2.25,75.,7.));
#1052 = VECTOR('',#1053,1.);
#1053 = DIRECTION('',(1.110223024625E-16,0.,1.));
#1054 = PCURVE('',#439,#1055);
#1055 = DEFINITIONAL_REPRESENTATION('',(#1056),#1060);
#1056 = LINE('',#1057,#1058);
#1057 = CARTESIAN_POINT('',(5.299945287508,-2.25));
#1058 = VECTOR('',#1059,1.);
#1059 = DIRECTION('',(-1.,1.110223024625E-16));
#1060 = ( GEOMETRIC_REPRESENTATION_CONTEXT(2) 
PARAMETRIC_REPRESENTATION_CONTEXT() REPRESENTATION_CONTEXT('2D SPACE',''
  ) );
#1061 = PCURVE('',#1062,#1067);
#1062 = PLANE('',#1063);
#1063 = AXIS2_PLACEMENT_3D('',#1064,#1065,#1066);
#1064 = CARTESIAN_POINT('',(-2.25,81.,7.));
#1065 = DIRECTION('',(-1.,0.,1.110223024625E-16));
#1066 = DIRECTION('',(1.110223024625E-16,0.,1.));
#1067 = DEFINITIONAL_REPRESENTATION('',(#1068),#1072);
#1068 = LINE('',#1069,#1070);
#1069 = CARTESIAN_POINT('',(0.,-6.));
#1070 = VECTOR('',#1071,1.);
#1071 = DIRECTION('',(1.,0.));
#1072 = ( GEOMETRIC_REPRESENTATION_CONTEXT(2) 
PARAMETRIC_REPRESENTATION_CONTEXT() REPRESENTATION_CONTEXT('2D SPACE',''
  ) );
#1073 = ORIENTED_EDGE('',*,*,#1074,.T.);
#1074 = EDGE_CURVE('',#1047,#1075,#1077,.T.);
#1075 = VERTEX_POINT('',#1076);
#1076 = CARTESIAN_POINT('',(2.25,75.,19.));
#1077 = SURFACE_CURVE('',#1078,(#1083,#1094),.PCURVE_S1.);
#1078 = CIRCLE('',#1079,2.25);
#1079 = AXIS2_PLACEMENT_3D('',#1080,#1081,#1082);
#1080 = CARTESIAN_POINT('',(6.661338147751E-16,75.,19.));
#1081 = DIRECTION('',(0.,1.,-0.));
#1082 = DIRECTION('',(-1.,0.,1.110223024625E-16));
#1083 = PCURVE('',#439,#1084);
#1084 = DEFINITIONAL_REPRESENTATION('',(#1085),#1093);
#1085 = ( BOUNDED_CURVE() B_SPLINE_CURVE(2,(#1086,#1087,#1088,#1089,
#1090,#1091,#1092),.UNSPECIFIED.,.T.,.F.) B_SPLINE_CURVE_WITH_KNOTS((1,2
    ,2,2,2,1),(-2.094395102393,0.,2.094395102393,4.188790204786,
6.28318530718,8.377580409573),.UNSPECIFIED.) CURVE() 
GEOMETRIC_REPRESENTATION_ITEM() RATIONAL_B_SPLINE_CURVE((1.,0.5,1.,0.5,
1.,0.5,1.)) REPRESENTATION_ITEM('') );
#1086 = CARTESIAN_POINT('',(-6.700054712492,-2.25));
#1087 = CARTESIAN_POINT('',(-10.59716902952,-2.25));
#1088 = CARTESIAN_POINT('',(-8.648611871007,1.125));
#1089 = CARTESIAN_POINT('',(-6.700054712492,4.5));
#1090 = CARTESIAN_POINT('',(-4.751497553977,1.125));
#1091 = CARTESIAN_POINT('',(-2.802940395462,-2.25));
#1092 = CARTESIAN_POINT('',(-6.700054712492,-2.25));
#1093 = ( GEOMETRIC_REPRESENTATION_CONTEXT(2) 
PARAMETRIC_REPRESENTATION_CONTEXT() REPRESENTATION_CONTEXT('2D SPACE',''
  ) );
#1094 = PCURVE('',#1095,#1100);
#1095 = CYLINDRICAL_SURFACE('',#1096,2.25);
#1096 = AXIS2_PLACEMENT_3D('',#1097,#1098,#1099);
#1097 = CARTESIAN_POINT('',(6.661338147751E-16,81.,19.));
#1098 = DIRECTION('',(0.,1.,-0.));
#1099 = DIRECTION('',(-1.,0.,1.110223024625E-16));
#1100 = DEFINITIONAL_REPRESENTATION('',(#1101),#1105);
#1101 = LINE('',#1102,#1103);
#1102 = CARTESIAN_POINT('',(0.,-6.));
#1103 = VECTOR('',#1104,1.);
#1104 = DIRECTION('',(1.,0.));
#1105 = ( GEOMETRIC_REPRESENTATION_CONTEXT(2) 
PARAMETRIC_REPRESENTATION_CONTEXT() REPRESENTATION_CONTEXT('2D SPACE',''
  ) );
#1106 = ORIENTED_EDGE('',*,*,#1107,.T.);
#1107 = EDGE_CURVE('',#1075,#1012,#1108,.T.);
#1108 = SURFACE_CURVE('',#1109,(#1113,#1120),.PCURVE_S1.);
#1109 = LINE('',#1110,#1111);
#1110 = CARTESIAN_POINT('',(2.25,75.,19.));
#1111 = VECTOR('',#1112,1.);
#1112 = DIRECTION('',(-1.110223024625E-16,-0.,-1.));
#1113 = PCURVE('',#439,#1114);
#1114 = DEFINITIONAL_REPRESENTATION('',(#1115),#1119);
#1115 = LINE('',#1116,#1117);
#1116 = CARTESIAN_POINT('',(-6.700054712492,2.25));
#1117 = VECTOR('',#1118,1.);
#1118 = DIRECTION('',(1.,-1.110223024625E-16));
#1119 = ( GEOMETRIC_REPRESENTATION_CONTEXT(2) 
PARAMETRIC_REPRESENTATION_CONTEXT() REPRESENTATION_CONTEXT('2D SPACE',''
  ) );
#1120 = PCURVE('',#1121,#1126);
#1121 = PLANE('',#1122);
#1122 = AXIS2_PLACEMENT_3D('',#1123,#1124,#1125);
#1123 = CARTESIAN_POINT('',(2.25,81.,19.));
#1124 = DIRECTION('',(1.,0.,-1.110223024625E-16));
#1125 = DIRECTION('',(-1.110223024625E-16,-0.,-1.));
#1126 = DEFINITIONAL_REPRESENTATION('',(#1127),#1131);
#1127 = LINE('',#1128,#1129);
#1128 = CARTESIAN_POINT('',(0.,-6.));
#1129 = VECTOR('',#1130,1.);
#1130 = DIRECTION('',(1.,0.));
#1131 = ( GEOMETRIC_REPRESENTATION_CONTEXT(2) 
PARAMETRIC_REPRESENTATION_CONTEXT() REPRESENTATION_CONTEXT('2D SPACE',''
  ) );
#1132 = ADVANCED_FACE('',(#1133,#1875),#228,.T.);
#1133 = FACE_BOUND('',#1134,.T.);
#1134 = EDGE_LOOP('',(#1135,#1163,#1184,#1185,#1213,#1246,#1274,#1303,
    #1331,#1364,#1392,#1421,#1444,#1477,#1505,#1538,#1566,#1599,#1627,
    #1656,#1684,#1717,#1745,#1774,#1797,#1820,#1848,#1874));
#1135 = ORIENTED_EDGE('',*,*,#1136,.F.);
#1136 = EDGE_CURVE('',#1137,#848,#1139,.T.);
#1137 = VERTEX_POINT('',#1138);
#1138 = CARTESIAN_POINT('',(-6.,73.,3.));
#1139 = SURFACE_CURVE('',#1140,(#1145,#1156),.PCURVE_S1.);
#1140 = CIRCLE('',#1141,2.);
#1141 = AXIS2_PLACEMENT_3D('',#1142,#1143,#1144);
#1142 = CARTESIAN_POINT('',(-4.,73.,3.));
#1143 = DIRECTION('',(0.,0.,-1.));
#1144 = DIRECTION('',(0.,1.,0.));
#1145 = PCURVE('',#228,#1146);
#1146 = DEFINITIONAL_REPRESENTATION('',(#1147),#1155);
#1147 = ( BOUNDED_CURVE() B_SPLINE_CURVE(2,(#1148,#1149,#1150,#1151,
#1152,#1153,#1154),.UNSPECIFIED.,.T.,.F.) B_SPLINE_CURVE_WITH_KNOTS((1,2
    ,2,2,2,1),(-2.094395102393,0.,2.094395102393,4.188790204786,
6.28318530718,8.377580409573),.UNSPECIFIED.) CURVE() 
GEOMETRIC_REPRESENTATION_ITEM() RATIONAL_B_SPLINE_CURVE((1.,0.5,1.,0.5,
1.,0.5,1.)) REPRESENTATION_ITEM('') );
#1148 = CARTESIAN_POINT('',(5.,75.));
#1149 = CARTESIAN_POINT('',(8.464101615138,75.));
#1150 = CARTESIAN_POINT('',(6.732050807569,72.));
#1151 = CARTESIAN_POINT('',(5.,69.));
#1152 = CARTESIAN_POINT('',(3.267949192431,72.));
#1153 = CARTESIAN_POINT('',(1.535898384862,75.));
#1154 = CARTESIAN_POINT('',(5.,75.));
#1155 = ( GEOMETRIC_REPRESENTATION_CONTEXT(2) 
PARAMETRIC_REPRESENTATION_CONTEXT() REPRESENTATION_CONTEXT('2D SPACE',''
  ) );
#1156 = PCURVE('',#366,#1157);
#1157 = DEFINITIONAL_REPRESENTATION('',(#1158),#1162);
#1158 = LINE('',#1159,#1160);
#1159 = CARTESIAN_POINT('',(-4.712388980385,13.));
#1160 = VECTOR('',#1161,1.);
#1161 = DIRECTION('',(1.,0.));
#1162 = ( GEOMETRIC_REPRESENTATION_CONTEXT(2) 
PARAMETRIC_REPRESENTATION_CONTEXT() REPRESENTATION_CONTEXT('2D SPACE',''
  ) );
#1163 = ORIENTED_EDGE('',*,*,#1164,.T.);
#1164 = EDGE_CURVE('',#1137,#213,#1165,.T.);
#1165 = SURFACE_CURVE('',#1166,(#1170,#1177),.PCURVE_S1.);
#1166 = LINE('',#1167,#1168);
#1167 = CARTESIAN_POINT('',(-6.,75.,3.));
#1168 = VECTOR('',#1169,1.);
#1169 = DIRECTION('',(0.,-1.,0.));
#1170 = PCURVE('',#228,#1171);
#1171 = DEFINITIONAL_REPRESENTATION('',(#1172),#1176);
#1172 = LINE('',#1173,#1174);
#1173 = CARTESIAN_POINT('',(3.,75.));
#1174 = VECTOR('',#1175,1.);
#1175 = DIRECTION('',(0.,-1.));
#1176 = ( GEOMETRIC_REPRESENTATION_CONTEXT(2) 
PARAMETRIC_REPRESENTATION_CONTEXT() REPRESENTATION_CONTEXT('2D SPACE',''
  ) );
#1177 = PCURVE('',#256,#1178);
#1178 = DEFINITIONAL_REPRESENTATION('',(#1179),#1183);
#1179 = LINE('',#1180,#1181);
#1180 = CARTESIAN_POINT('',(5.104869081029,-1.75228172788));
#1181 = VECTOR('',#1182,1.);
#1182 = DIRECTION('',(0.,1.));
#1183 = ( GEOMETRIC_REPRESENTATION_CONTEXT(2) 
PARAMETRIC_REPRESENTATION_CONTEXT() REPRESENTATION_CONTEXT('2D SPACE',''
  ) );
#1184 = ORIENTED_EDGE('',*,*,#212,.F.);
#1185 = ORIENTED_EDGE('',*,*,#1186,.F.);
#1186 = EDGE_CURVE('',#1187,#59,#1189,.T.);
#1187 = VERTEX_POINT('',#1188);
#1188 = CARTESIAN_POINT('',(-8.2,56.826649916142,3.));
#1189 = SURFACE_CURVE('',#1190,(#1194,#1201),.PCURVE_S1.);
#1190 = LINE('',#1191,#1192);
#1191 = CARTESIAN_POINT('',(-8.2,4.,3.));
#1192 = VECTOR('',#1193,1.);
#1193 = DIRECTION('',(0.,1.,0.));
#1194 = PCURVE('',#228,#1195);
#1195 = DEFINITIONAL_REPRESENTATION('',(#1196),#1200);
#1196 = LINE('',#1197,#1198);
#1197 = CARTESIAN_POINT('',(0.8,4.));
#1198 = VECTOR('',#1199,1.);
#1199 = DIRECTION('',(0.,1.));
#1200 = ( GEOMETRIC_REPRESENTATION_CONTEXT(2) 
PARAMETRIC_REPRESENTATION_CONTEXT() REPRESENTATION_CONTEXT('2D SPACE',''
  ) );
#1201 = PCURVE('',#1202,#1207);
#1202 = CYLINDRICAL_SURFACE('',#1203,0.8);
#1203 = AXIS2_PLACEMENT_3D('',#1204,#1205,#1206);
#1204 = CARTESIAN_POINT('',(-8.2,4.,2.2));
#1205 = DIRECTION('',(0.,1.,0.));
#1206 = DIRECTION('',(-1.,0.,0.));
#1207 = DEFINITIONAL_REPRESENTATION('',(#1208),#1212);
#1208 = LINE('',#1209,#1210);
#1209 = CARTESIAN_POINT('',(1.570796326795,0.));
#1210 = VECTOR('',#1211,1.);
#1211 = DIRECTION('',(0.,1.));
#1212 = ( GEOMETRIC_REPRESENTATION_CONTEXT(2) 
PARAMETRIC_REPRESENTATION_CONTEXT() REPRESENTATION_CONTEXT('2D SPACE',''
  ) );
#1213 = ORIENTED_EDGE('',*,*,#1214,.T.);
#1214 = EDGE_CURVE('',#1187,#1215,#1217,.T.);
#1215 = VERTEX_POINT('',#1216);
#1216 = CARTESIAN_POINT('',(-7.5,57.,3.));
#1217 = SURFACE_CURVE('',#1218,(#1223,#1234),.PCURVE_S1.);
#1218 = CIRCLE('',#1219,1.5);
#1219 = AXIS2_PLACEMENT_3D('',#1220,#1221,#1222);
#1220 = CARTESIAN_POINT('',(-7.5,55.5,3.));
#1221 = DIRECTION('',(-0.,-0.,-1.));
#1222 = DIRECTION('',(0.,-1.,0.));
#1223 = PCURVE('',#228,#1224);
#1224 = DEFINITIONAL_REPRESENTATION('',(#1225),#1233);
#1225 = ( BOUNDED_CURVE() B_SPLINE_CURVE(2,(#1226,#1227,#1228,#1229,
#1230,#1231,#1232),.UNSPECIFIED.,.T.,.F.) B_SPLINE_CURVE_WITH_KNOTS((1,2
    ,2,2,2,1),(-2.094395102393,0.,2.094395102393,4.188790204786,
6.28318530718,8.377580409573),.UNSPECIFIED.) CURVE() 
GEOMETRIC_REPRESENTATION_ITEM() RATIONAL_B_SPLINE_CURVE((1.,0.5,1.,0.5,
1.,0.5,1.)) REPRESENTATION_ITEM('') );
#1226 = CARTESIAN_POINT('',(1.5,54.));
#1227 = CARTESIAN_POINT('',(-1.098076211353,54.));
#1228 = CARTESIAN_POINT('',(0.200961894323,56.25));
#1229 = CARTESIAN_POINT('',(1.5,58.5));
#1230 = CARTESIAN_POINT('',(2.799038105677,56.25));
#1231 = CARTESIAN_POINT('',(4.098076211353,54.));
#1232 = CARTESIAN_POINT('',(1.5,54.));
#1233 = ( GEOMETRIC_REPRESENTATION_CONTEXT(2) 
PARAMETRIC_REPRESENTATION_CONTEXT() REPRESENTATION_CONTEXT('2D SPACE',''
  ) );
#1234 = PCURVE('',#1235,#1240);
#1235 = CYLINDRICAL_SURFACE('',#1236,1.5);
#1236 = AXIS2_PLACEMENT_3D('',#1237,#1238,#1239);
#1237 = CARTESIAN_POINT('',(-7.5,55.5,3.));
#1238 = DIRECTION('',(0.,0.,1.));
#1239 = DIRECTION('',(-1.,-0.,0.));
#1240 = DEFINITIONAL_REPRESENTATION('',(#1241),#1245);
#1241 = LINE('',#1242,#1243);
#1242 = CARTESIAN_POINT('',(1.570796326795,-0.));
#1243 = VECTOR('',#1244,1.);
#1244 = DIRECTION('',(-1.,0.));
#1245 = ( GEOMETRIC_REPRESENTATION_CONTEXT(2) 
PARAMETRIC_REPRESENTATION_CONTEXT() REPRESENTATION_CONTEXT('2D SPACE',''
  ) );
#1246 = ORIENTED_EDGE('',*,*,#1247,.T.);
#1247 = EDGE_CURVE('',#1215,#1248,#1250,.T.);
#1248 = VERTEX_POINT('',#1249);
#1249 = CARTESIAN_POINT('',(-4.5,57.,3.));
#1250 = SURFACE_CURVE('',#1251,(#1255,#1262),.PCURVE_S1.);
#1251 = LINE('',#1252,#1253);
#1252 = CARTESIAN_POINT('',(-9.,57.,3.));
#1253 = VECTOR('',#1254,1.);
#1254 = DIRECTION('',(1.,0.,0.));
#1255 = PCURVE('',#228,#1256);
#1256 = DEFINITIONAL_REPRESENTATION('',(#1257),#1261);
#1257 = LINE('',#1258,#1259);
#1258 = CARTESIAN_POINT('',(0.,57.));
#1259 = VECTOR('',#1260,1.);
#1260 = DIRECTION('',(1.,0.));
#1261 = ( GEOMETRIC_REPRESENTATION_CONTEXT(2) 
PARAMETRIC_REPRESENTATION_CONTEXT() REPRESENTATION_CONTEXT('2D SPACE',''
  ) );
#1262 = PCURVE('',#1263,#1268);
#1263 = PLANE('',#1264);
#1264 = AXIS2_PLACEMENT_3D('',#1265,#1266,#1267);
#1265 = CARTESIAN_POINT('',(-9.,57.,3.));
#1266 = DIRECTION('',(0.,1.,0.));
#1267 = DIRECTION('',(0.,0.,1.));
#1268 = DEFINITIONAL_REPRESENTATION('',(#1269),#1273);
#1269 = LINE('',#1270,#1271);
#1270 = CARTESIAN_POINT('',(0.,0.));
#1271 = VECTOR('',#1272,1.);
#1272 = DIRECTION('',(0.,1.));
#1273 = ( GEOMETRIC_REPRESENTATION_CONTEXT(2) 
PARAMETRIC_REPRESENTATION_CONTEXT() REPRESENTATION_CONTEXT('2D SPACE',''
  ) );
#1274 = ORIENTED_EDGE('',*,*,#1275,.F.);
#1275 = EDGE_CURVE('',#1276,#1248,#1278,.T.);
#1276 = VERTEX_POINT('',#1277);
#1277 = CARTESIAN_POINT('',(-3.,55.5,3.));
#1278 = SURFACE_CURVE('',#1279,(#1284,#1291),.PCURVE_S1.);
#1279 = CIRCLE('',#1280,1.5);
#1280 = AXIS2_PLACEMENT_3D('',#1281,#1282,#1283);
#1281 = CARTESIAN_POINT('',(-4.5,55.5,3.));
#1282 = DIRECTION('',(0.,0.,1.));
#1283 = DIRECTION('',(0.,-1.,0.));
#1284 = PCURVE('',#228,#1285);
#1285 = DEFINITIONAL_REPRESENTATION('',(#1286),#1290);
#1286 = CIRCLE('',#1287,1.5);
#1287 = AXIS2_PLACEMENT_2D('',#1288,#1289);
#1288 = CARTESIAN_POINT('',(4.5,55.5));
#1289 = DIRECTION('',(0.,-1.));
#1290 = ( GEOMETRIC_REPRESENTATION_CONTEXT(2) 
PARAMETRIC_REPRESENTATION_CONTEXT() REPRESENTATION_CONTEXT('2D SPACE',''
  ) );
#1291 = PCURVE('',#1292,#1297);
#1292 = CYLINDRICAL_SURFACE('',#1293,1.5);
#1293 = AXIS2_PLACEMENT_3D('',#1294,#1295,#1296);
#1294 = CARTESIAN_POINT('',(-4.5,55.5,3.));
#1295 = DIRECTION('',(0.,0.,1.));
#1296 = DIRECTION('',(1.,0.,-0.));
#1297 = DEFINITIONAL_REPRESENTATION('',(#1298),#1302);
#1298 = LINE('',#1299,#1300);
#1299 = CARTESIAN_POINT('',(-1.570796326795,0.));
#1300 = VECTOR('',#1301,1.);
#1301 = DIRECTION('',(1.,0.));
#1302 = ( GEOMETRIC_REPRESENTATION_CONTEXT(2) 
PARAMETRIC_REPRESENTATION_CONTEXT() REPRESENTATION_CONTEXT('2D SPACE',''
  ) );
#1303 = ORIENTED_EDGE('',*,*,#1304,.F.);
#1304 = EDGE_CURVE('',#1305,#1276,#1307,.T.);
#1305 = VERTEX_POINT('',#1306);
#1306 = CARTESIAN_POINT('',(-3.,52.5,3.));
#1307 = SURFACE_CURVE('',#1308,(#1312,#1319),.PCURVE_S1.);
#1308 = LINE('',#1309,#1310);
#1309 = CARTESIAN_POINT('',(-3.,51.,3.));
#1310 = VECTOR('',#1311,1.);
#1311 = DIRECTION('',(0.,1.,0.));
#1312 = PCURVE('',#228,#1313);
#1313 = DEFINITIONAL_REPRESENTATION('',(#1314),#1318);
#1314 = LINE('',#1315,#1316);
#1315 = CARTESIAN_POINT('',(6.,51.));
#1316 = VECTOR('',#1317,1.);
#1317 = DIRECTION('',(0.,1.));
#1318 = ( GEOMETRIC_REPRESENTATION_CONTEXT(2) 
PARAMETRIC_REPRESENTATION_CONTEXT() REPRESENTATION_CONTEXT('2D SPACE',''
  ) );
#1319 = PCURVE('',#1320,#1325);
#1320 = PLANE('',#1321);
#1321 = AXIS2_PLACEMENT_3D('',#1322,#1323,#1324);
#1322 = CARTESIAN_POINT('',(-3.,51.,3.));
#1323 = DIRECTION('',(1.,0.,0.));
#1324 = DIRECTION('',(0.,0.,1.));
#1325 = DEFINITIONAL_REPRESENTATION('',(#1326),#1330);
#1326 = LINE('',#1327,#1328);
#1327 = CARTESIAN_POINT('',(0.,0.));
#1328 = VECTOR('',#1329,1.);
#1329 = DIRECTION('',(0.,-1.));
#1330 = ( GEOMETRIC_REPRESENTATION_CONTEXT(2) 
PARAMETRIC_REPRESENTATION_CONTEXT() REPRESENTATION_CONTEXT('2D SPACE',''
  ) );
#1331 = ORIENTED_EDGE('',*,*,#1332,.T.);
#1332 = EDGE_CURVE('',#1305,#1333,#1335,.T.);
#1333 = VERTEX_POINT('',#1334);
#1334 = CARTESIAN_POINT('',(-4.5,51.,3.));
#1335 = SURFACE_CURVE('',#1336,(#1341,#1352),.PCURVE_S1.);
#1336 = CIRCLE('',#1337,1.5);
#1337 = AXIS2_PLACEMENT_3D('',#1338,#1339,#1340);
#1338 = CARTESIAN_POINT('',(-4.5,52.5,3.));
#1339 = DIRECTION('',(-0.,-0.,-1.));
#1340 = DIRECTION('',(0.,-1.,0.));
#1341 = PCURVE('',#228,#1342);
#1342 = DEFINITIONAL_REPRESENTATION('',(#1343),#1351);
#1343 = ( BOUNDED_CURVE() B_SPLINE_CURVE(2,(#1344,#1345,#1346,#1347,
#1348,#1349,#1350),.UNSPECIFIED.,.T.,.F.) B_SPLINE_CURVE_WITH_KNOTS((1,2
    ,2,2,2,1),(-2.094395102393,0.,2.094395102393,4.188790204786,
6.28318530718,8.377580409573),.UNSPECIFIED.) CURVE() 
GEOMETRIC_REPRESENTATION_ITEM() RATIONAL_B_SPLINE_CURVE((1.,0.5,1.,0.5,
1.,0.5,1.)) REPRESENTATION_ITEM('') );
#1344 = CARTESIAN_POINT('',(4.5,51.));
#1345 = CARTESIAN_POINT('',(1.901923788647,51.));
#1346 = CARTESIAN_POINT('',(3.200961894323,53.25));
#1347 = CARTESIAN_POINT('',(4.5,55.5));
#1348 = CARTESIAN_POINT('',(5.799038105677,53.25));
#1349 = CARTESIAN_POINT('',(7.098076211353,51.));
#1350 = CARTESIAN_POINT('',(4.5,51.));
#1351 = ( GEOMETRIC_REPRESENTATION_CONTEXT(2) 
PARAMETRIC_REPRESENTATION_CONTEXT() REPRESENTATION_CONTEXT('2D SPACE',''
  ) );
#1352 = PCURVE('',#1353,#1358);
#1353 = CYLINDRICAL_SURFACE('',#1354,1.5);
#1354 = AXIS2_PLACEMENT_3D('',#1355,#1356,#1357);
#1355 = CARTESIAN_POINT('',(-4.5,52.5,3.));
#1356 = DIRECTION('',(0.,0.,1.));
#1357 = DIRECTION('',(1.,0.,-0.));
#1358 = DEFINITIONAL_REPRESENTATION('',(#1359),#1363);
#1359 = LINE('',#1360,#1361);
#1360 = CARTESIAN_POINT('',(4.712388980385,-0.));
#1361 = VECTOR('',#1362,1.);
#1362 = DIRECTION('',(-1.,0.));
#1363 = ( GEOMETRIC_REPRESENTATION_CONTEXT(2) 
PARAMETRIC_REPRESENTATION_CONTEXT() REPRESENTATION_CONTEXT('2D SPACE',''
  ) );
#1364 = ORIENTED_EDGE('',*,*,#1365,.F.);
#1365 = EDGE_CURVE('',#1366,#1333,#1368,.T.);
#1366 = VERTEX_POINT('',#1367);
#1367 = CARTESIAN_POINT('',(-7.5,51.,3.));
#1368 = SURFACE_CURVE('',#1369,(#1373,#1380),.PCURVE_S1.);
#1369 = LINE('',#1370,#1371);
#1370 = CARTESIAN_POINT('',(-9.,51.,3.));
#1371 = VECTOR('',#1372,1.);
#1372 = DIRECTION('',(1.,0.,0.));
#1373 = PCURVE('',#228,#1374);
#1374 = DEFINITIONAL_REPRESENTATION('',(#1375),#1379);
#1375 = LINE('',#1376,#1377);
#1376 = CARTESIAN_POINT('',(0.,51.));
#1377 = VECTOR('',#1378,1.);
#1378 = DIRECTION('',(1.,0.));
#1379 = ( GEOMETRIC_REPRESENTATION_CONTEXT(2) 
PARAMETRIC_REPRESENTATION_CONTEXT() REPRESENTATION_CONTEXT('2D SPACE',''
  ) );
#1380 = PCURVE('',#1381,#1386);
#1381 = PLANE('',#1382);
#1382 = AXIS2_PLACEMENT_3D('',#1383,#1384,#1385);
#1383 = CARTESIAN_POINT('',(-9.,51.,3.));
#1384 = DIRECTION('',(0.,1.,0.));
#1385 = DIRECTION('',(0.,0.,1.));
#1386 = DEFINITIONAL_REPRESENTATION('',(#1387),#1391);
#1387 = LINE('',#1388,#1389);
#1388 = CARTESIAN_POINT('',(0.,0.));
#1389 = VECTOR('',#1390,1.);
#1390 = DIRECTION('',(0.,1.));
#1391 = ( GEOMETRIC_REPRESENTATION_CONTEXT(2) 
PARAMETRIC_REPRESENTATION_CONTEXT() REPRESENTATION_CONTEXT('2D SPACE',''
  ) );
#1392 = ORIENTED_EDGE('',*,*,#1393,.F.);
#1393 = EDGE_CURVE('',#1394,#1366,#1396,.T.);
#1394 = VERTEX_POINT('',#1395);
#1395 = CARTESIAN_POINT('',(-8.2,51.173350083858,3.));
#1396 = SURFACE_CURVE('',#1397,(#1402,#1409),.PCURVE_S1.);
#1397 = CIRCLE('',#1398,1.5);
#1398 = AXIS2_PLACEMENT_3D('',#1399,#1400,#1401);
#1399 = CARTESIAN_POINT('',(-7.5,52.5,3.));
#1400 = DIRECTION('',(0.,0.,1.));
#1401 = DIRECTION('',(0.,-1.,0.));
#1402 = PCURVE('',#228,#1403);
#1403 = DEFINITIONAL_REPRESENTATION('',(#1404),#1408);
#1404 = CIRCLE('',#1405,1.5);
#1405 = AXIS2_PLACEMENT_2D('',#1406,#1407);
#1406 = CARTESIAN_POINT('',(1.5,52.5));
#1407 = DIRECTION('',(0.,-1.));
#1408 = ( GEOMETRIC_REPRESENTATION_CONTEXT(2) 
PARAMETRIC_REPRESENTATION_CONTEXT() REPRESENTATION_CONTEXT('2D SPACE',''
  ) );
#1409 = PCURVE('',#1410,#1415);
#1410 = CYLINDRICAL_SURFACE('',#1411,1.5);
#1411 = AXIS2_PLACEMENT_3D('',#1412,#1413,#1414);
#1412 = CARTESIAN_POINT('',(-7.5,52.5,3.));
#1413 = DIRECTION('',(0.,0.,1.));
#1414 = DIRECTION('',(-1.,-0.,0.));
#1415 = DEFINITIONAL_REPRESENTATION('',(#1416),#1420);
#1416 = LINE('',#1417,#1418);
#1417 = CARTESIAN_POINT('',(-4.712388980385,0.));
#1418 = VECTOR('',#1419,1.);
#1419 = DIRECTION('',(1.,0.));
#1420 = ( GEOMETRIC_REPRESENTATION_CONTEXT(2) 
PARAMETRIC_REPRESENTATION_CONTEXT() REPRESENTATION_CONTEXT('2D SPACE',''
  ) );
#1421 = ORIENTED_EDGE('',*,*,#1422,.F.);
#1422 = EDGE_CURVE('',#1423,#1394,#1425,.T.);
#1423 = VERTEX_POINT('',#1424);
#1424 = CARTESIAN_POINT('',(-8.2,4.,3.));
#1425 = SURFACE_CURVE('',#1426,(#1430,#1437),.PCURVE_S1.);
#1426 = LINE('',#1427,#1428);
#1427 = CARTESIAN_POINT('',(-8.2,4.,3.));
#1428 = VECTOR('',#1429,1.);
#1429 = DIRECTION('',(0.,1.,0.));
#1430 = PCURVE('',#228,#1431);
#1431 = DEFINITIONAL_REPRESENTATION('',(#1432),#1436);
#1432 = LINE('',#1433,#1434);
#1433 = CARTESIAN_POINT('',(0.8,4.));
#1434 = VECTOR('',#1435,1.);
#1435 = DIRECTION('',(0.,1.));
#1436 = ( GEOMETRIC_REPRESENTATION_CONTEXT(2) 
PARAMETRIC_REPRESENTATION_CONTEXT() REPRESENTATION_CONTEXT('2D SPACE',''
  ) );
#1437 = PCURVE('',#1202,#1438);
#1438 = DEFINITIONAL_REPRESENTATION('',(#1439),#1443);
#1439 = LINE('',#1440,#1441);
#1440 = CARTESIAN_POINT('',(1.570796326795,0.));
#1441 = VECTOR('',#1442,1.);
#1442 = DIRECTION('',(0.,1.));
#1443 = ( GEOMETRIC_REPRESENTATION_CONTEXT(2) 
PARAMETRIC_REPRESENTATION_CONTEXT() REPRESENTATION_CONTEXT('2D SPACE',''
  ) );
#1444 = ORIENTED_EDGE('',*,*,#1445,.F.);
#1445 = EDGE_CURVE('',#1446,#1423,#1448,.T.);
#1446 = VERTEX_POINT('',#1447);
#1447 = CARTESIAN_POINT('',(-5.,0.8,3.));
#1448 = SURFACE_CURVE('',#1449,(#1454,#1465),.PCURVE_S1.);
#1449 = CIRCLE('',#1450,3.2);
#1450 = AXIS2_PLACEMENT_3D('',#1451,#1452,#1453);
#1451 = CARTESIAN_POINT('',(-5.,4.,3.));
#1452 = DIRECTION('',(-0.,0.,-1.));
#1453 = DIRECTION('',(-2.22044604925E-16,-1.,0.));
#1454 = PCURVE('',#228,#1455);
#1455 = DEFINITIONAL_REPRESENTATION('',(#1456),#1464);
#1456 = ( BOUNDED_CURVE() B_SPLINE_CURVE(2,(#1457,#1458,#1459,#1460,
#1461,#1462,#1463),.UNSPECIFIED.,.T.,.F.) B_SPLINE_CURVE_WITH_KNOTS((1,2
    ,2,2,2,1),(-2.094395102393,0.,2.094395102393,4.188790204786,
6.28318530718,8.377580409573),.UNSPECIFIED.) CURVE() 
GEOMETRIC_REPRESENTATION_ITEM() RATIONAL_B_SPLINE_CURVE((1.,0.5,1.,0.5,
1.,0.5,1.)) REPRESENTATION_ITEM('') );
#1457 = CARTESIAN_POINT('',(4.,0.8));
#1458 = CARTESIAN_POINT('',(-1.54256258422,0.8));
#1459 = CARTESIAN_POINT('',(1.22871870789,5.6));
#1460 = CARTESIAN_POINT('',(4.,10.4));
#1461 = CARTESIAN_POINT('',(6.77128129211,5.6));
#1462 = CARTESIAN_POINT('',(9.54256258422,0.8));
#1463 = CARTESIAN_POINT('',(4.,0.8));
#1464 = ( GEOMETRIC_REPRESENTATION_CONTEXT(2) 
PARAMETRIC_REPRESENTATION_CONTEXT() REPRESENTATION_CONTEXT('2D SPACE',''
  ) );
#1465 = PCURVE('',#1466,#1471);
#1466 = TOROIDAL_SURFACE('',#1467,3.2,0.8);
#1467 = AXIS2_PLACEMENT_3D('',#1468,#1469,#1470);
#1468 = CARTESIAN_POINT('',(-5.,4.,2.2));
#1469 = DIRECTION('',(0.,0.,1.));
#1470 = DIRECTION('',(-2.22044604925E-16,-1.,0.));
#1471 = DEFINITIONAL_REPRESENTATION('',(#1472),#1476);
#1472 = LINE('',#1473,#1474);
#1473 = CARTESIAN_POINT('',(-0.,1.570796326795));
#1474 = VECTOR('',#1475,1.);
#1475 = DIRECTION('',(-1.,0.));
#1476 = ( GEOMETRIC_REPRESENTATION_CONTEXT(2) 
PARAMETRIC_REPRESENTATION_CONTEXT() REPRESENTATION_CONTEXT('2D SPACE',''
  ) );
#1477 = ORIENTED_EDGE('',*,*,#1478,.F.);
#1478 = EDGE_CURVE('',#1479,#1446,#1481,.T.);
#1479 = VERTEX_POINT('',#1480);
#1480 = CARTESIAN_POINT('',(5.,0.8,3.));
#1481 = SURFACE_CURVE('',#1482,(#1486,#1493),.PCURVE_S1.);
#1482 = LINE('',#1483,#1484);
#1483 = CARTESIAN_POINT('',(5.,0.8,3.));
#1484 = VECTOR('',#1485,1.);
#1485 = DIRECTION('',(-1.,-0.,-0.));
#1486 = PCURVE('',#228,#1487);
#1487 = DEFINITIONAL_REPRESENTATION('',(#1488),#1492);
#1488 = LINE('',#1489,#1490);
#1489 = CARTESIAN_POINT('',(14.,0.8));
#1490 = VECTOR('',#1491,1.);
#1491 = DIRECTION('',(-1.,0.));
#1492 = ( GEOMETRIC_REPRESENTATION_CONTEXT(2) 
PARAMETRIC_REPRESENTATION_CONTEXT() REPRESENTATION_CONTEXT('2D SPACE',''
  ) );
#1493 = PCURVE('',#1494,#1499);
#1494 = CYLINDRICAL_SURFACE('',#1495,0.8);
#1495 = AXIS2_PLACEMENT_3D('',#1496,#1497,#1498);
#1496 = CARTESIAN_POINT('',(5.,0.8,2.2));
#1497 = DIRECTION('',(-1.,-0.,-0.));
#1498 = DIRECTION('',(0.,-1.,0.));
#1499 = DEFINITIONAL_REPRESENTATION('',(#1500),#1504);
#1500 = LINE('',#1501,#1502);
#1501 = CARTESIAN_POINT('',(1.570796326795,0.));
#1502 = VECTOR('',#1503,1.);
#1503 = DIRECTION('',(0.,1.));
#1504 = ( GEOMETRIC_REPRESENTATION_CONTEXT(2) 
PARAMETRIC_REPRESENTATION_CONTEXT() REPRESENTATION_CONTEXT('2D SPACE',''
  ) );
#1505 = ORIENTED_EDGE('',*,*,#1506,.F.);
#1506 = EDGE_CURVE('',#1507,#1479,#1509,.T.);
#1507 = VERTEX_POINT('',#1508);
#1508 = CARTESIAN_POINT('',(8.2,4.,3.));
#1509 = SURFACE_CURVE('',#1510,(#1515,#1526),.PCURVE_S1.);
#1510 = CIRCLE('',#1511,3.2);
#1511 = AXIS2_PLACEMENT_3D('',#1512,#1513,#1514);
#1512 = CARTESIAN_POINT('',(5.,4.,3.));
#1513 = DIRECTION('',(0.,-0.,-1.));
#1514 = DIRECTION('',(1.,0.,-0.));
#1515 = PCURVE('',#228,#1516);
#1516 = DEFINITIONAL_REPRESENTATION('',(#1517),#1525);
#1517 = ( BOUNDED_CURVE() B_SPLINE_CURVE(2,(#1518,#1519,#1520,#1521,
#1522,#1523,#1524),.UNSPECIFIED.,.T.,.F.) B_SPLINE_CURVE_WITH_KNOTS((1,2
    ,2,2,2,1),(-2.094395102393,0.,2.094395102393,4.188790204786,
6.28318530718,8.377580409573),.UNSPECIFIED.) CURVE() 
GEOMETRIC_REPRESENTATION_ITEM() RATIONAL_B_SPLINE_CURVE((1.,0.5,1.,0.5,
1.,0.5,1.)) REPRESENTATION_ITEM('') );
#1518 = CARTESIAN_POINT('',(17.2,4.));
#1519 = CARTESIAN_POINT('',(17.2,-1.54256258422));
#1520 = CARTESIAN_POINT('',(12.4,1.22871870789));
#1521 = CARTESIAN_POINT('',(7.6,4.));
#1522 = CARTESIAN_POINT('',(12.4,6.77128129211));
#1523 = CARTESIAN_POINT('',(17.2,9.54256258422));
#1524 = CARTESIAN_POINT('',(17.2,4.));
#1525 = ( GEOMETRIC_REPRESENTATION_CONTEXT(2) 
PARAMETRIC_REPRESENTATION_CONTEXT() REPRESENTATION_CONTEXT('2D SPACE',''
  ) );
#1526 = PCURVE('',#1527,#1532);
#1527 = TOROIDAL_SURFACE('',#1528,3.2,0.8);
#1528 = AXIS2_PLACEMENT_3D('',#1529,#1530,#1531);
#1529 = CARTESIAN_POINT('',(5.,4.,2.2));
#1530 = DIRECTION('',(0.,0.,1.));
#1531 = DIRECTION('',(1.,0.,-0.));
#1532 = DEFINITIONAL_REPRESENTATION('',(#1533),#1537);
#1533 = LINE('',#1534,#1535);
#1534 = CARTESIAN_POINT('',(-0.,1.570796326795));
#1535 = VECTOR('',#1536,1.);
#1536 = DIRECTION('',(-1.,0.));
#1537 = ( GEOMETRIC_REPRESENTATION_CONTEXT(2) 
PARAMETRIC_REPRESENTATION_CONTEXT() REPRESENTATION_CONTEXT('2D SPACE',''
  ) );
#1538 = ORIENTED_EDGE('',*,*,#1539,.F.);
#1539 = EDGE_CURVE('',#1540,#1507,#1542,.T.);
#1540 = VERTEX_POINT('',#1541);
#1541 = CARTESIAN_POINT('',(8.2,51.173350083858,3.));
#1542 = SURFACE_CURVE('',#1543,(#1547,#1554),.PCURVE_S1.);
#1543 = LINE('',#1544,#1545);
#1544 = CARTESIAN_POINT('',(8.2,94.,3.));
#1545 = VECTOR('',#1546,1.);
#1546 = DIRECTION('',(-0.,-1.,-0.));
#1547 = PCURVE('',#228,#1548);
#1548 = DEFINITIONAL_REPRESENTATION('',(#1549),#1553);
#1549 = LINE('',#1550,#1551);
#1550 = CARTESIAN_POINT('',(17.2,94.));
#1551 = VECTOR('',#1552,1.);
#1552 = DIRECTION('',(0.,-1.));
#1553 = ( GEOMETRIC_REPRESENTATION_CONTEXT(2) 
PARAMETRIC_REPRESENTATION_CONTEXT() REPRESENTATION_CONTEXT('2D SPACE',''
  ) );
#1554 = PCURVE('',#1555,#1560);
#1555 = CYLINDRICAL_SURFACE('',#1556,0.8);
#1556 = AXIS2_PLACEMENT_3D('',#1557,#1558,#1559);
#1557 = CARTESIAN_POINT('',(8.2,94.,2.2));
#1558 = DIRECTION('',(-0.,-1.,-0.));
#1559 = DIRECTION('',(1.,0.,-0.));
#1560 = DEFINITIONAL_REPRESENTATION('',(#1561),#1565);
#1561 = LINE('',#1562,#1563);
#1562 = CARTESIAN_POINT('',(1.570796326795,0.));
#1563 = VECTOR('',#1564,1.);
#1564 = DIRECTION('',(0.,1.));
#1565 = ( GEOMETRIC_REPRESENTATION_CONTEXT(2) 
PARAMETRIC_REPRESENTATION_CONTEXT() REPRESENTATION_CONTEXT('2D SPACE',''
  ) );
#1566 = ORIENTED_EDGE('',*,*,#1567,.T.);
#1567 = EDGE_CURVE('',#1540,#1568,#1570,.T.);
#1568 = VERTEX_POINT('',#1569);
#1569 = CARTESIAN_POINT('',(7.5,51.,3.));
#1570 = SURFACE_CURVE('',#1571,(#1576,#1587),.PCURVE_S1.);
#1571 = CIRCLE('',#1572,1.5);
#1572 = AXIS2_PLACEMENT_3D('',#1573,#1574,#1575);
#1573 = CARTESIAN_POINT('',(7.5,52.5,3.));
#1574 = DIRECTION('',(-0.,-0.,-1.));
#1575 = DIRECTION('',(0.,-1.,0.));
#1576 = PCURVE('',#228,#1577);
#1577 = DEFINITIONAL_REPRESENTATION('',(#1578),#1586);
#1578 = ( BOUNDED_CURVE() B_SPLINE_CURVE(2,(#1579,#1580,#1581,#1582,
#1583,#1584,#1585),.UNSPECIFIED.,.T.,.F.) B_SPLINE_CURVE_WITH_KNOTS((1,2
    ,2,2,2,1),(-2.094395102393,0.,2.094395102393,4.188790204786,
6.28318530718,8.377580409573),.UNSPECIFIED.) CURVE() 
GEOMETRIC_REPRESENTATION_ITEM() RATIONAL_B_SPLINE_CURVE((1.,0.5,1.,0.5,
1.,0.5,1.)) REPRESENTATION_ITEM('') );
#1579 = CARTESIAN_POINT('',(16.5,51.));
#1580 = CARTESIAN_POINT('',(13.901923788647,51.));
#1581 = CARTESIAN_POINT('',(15.200961894323,53.25));
#1582 = CARTESIAN_POINT('',(16.5,55.5));
#1583 = CARTESIAN_POINT('',(17.799038105677,53.25));
#1584 = CARTESIAN_POINT('',(19.098076211353,51.));
#1585 = CARTESIAN_POINT('',(16.5,51.));
#1586 = ( GEOMETRIC_REPRESENTATION_CONTEXT(2) 
PARAMETRIC_REPRESENTATION_CONTEXT() REPRESENTATION_CONTEXT('2D SPACE',''
  ) );
#1587 = PCURVE('',#1588,#1593);
#1588 = CYLINDRICAL_SURFACE('',#1589,1.5);
#1589 = AXIS2_PLACEMENT_3D('',#1590,#1591,#1592);
#1590 = CARTESIAN_POINT('',(7.5,52.5,3.));
#1591 = DIRECTION('',(0.,0.,1.));
#1592 = DIRECTION('',(1.,0.,-0.));
#1593 = DEFINITIONAL_REPRESENTATION('',(#1594),#1598);
#1594 = LINE('',#1595,#1596);
#1595 = CARTESIAN_POINT('',(4.712388980385,-0.));
#1596 = VECTOR('',#1597,1.);
#1597 = DIRECTION('',(-1.,0.));
#1598 = ( GEOMETRIC_REPRESENTATION_CONTEXT(2) 
PARAMETRIC_REPRESENTATION_CONTEXT() REPRESENTATION_CONTEXT('2D SPACE',''
  ) );
#1599 = ORIENTED_EDGE('',*,*,#1600,.F.);
#1600 = EDGE_CURVE('',#1601,#1568,#1603,.T.);
#1601 = VERTEX_POINT('',#1602);
#1602 = CARTESIAN_POINT('',(4.5,51.,3.));
#1603 = SURFACE_CURVE('',#1604,(#1608,#1615),.PCURVE_S1.);
#1604 = LINE('',#1605,#1606);
#1605 = CARTESIAN_POINT('',(3.,51.,3.));
#1606 = VECTOR('',#1607,1.);
#1607 = DIRECTION('',(1.,0.,0.));
#1608 = PCURVE('',#228,#1609);
#1609 = DEFINITIONAL_REPRESENTATION('',(#1610),#1614);
#1610 = LINE('',#1611,#1612);
#1611 = CARTESIAN_POINT('',(12.,51.));
#1612 = VECTOR('',#1613,1.);
#1613 = DIRECTION('',(1.,0.));
#1614 = ( GEOMETRIC_REPRESENTATION_CONTEXT(2) 
PARAMETRIC_REPRESENTATION_CONTEXT() REPRESENTATION_CONTEXT('2D SPACE',''
  ) );
#1615 = PCURVE('',#1616,#1621);
#1616 = PLANE('',#1617);
#1617 = AXIS2_PLACEMENT_3D('',#1618,#1619,#1620);
#1618 = CARTESIAN_POINT('',(3.,51.,3.));
#1619 = DIRECTION('',(0.,1.,0.));
#1620 = DIRECTION('',(0.,0.,1.));
#1621 = DEFINITIONAL_REPRESENTATION('',(#1622),#1626);
#1622 = LINE('',#1623,#1624);
#1623 = CARTESIAN_POINT('',(0.,0.));
#1624 = VECTOR('',#1625,1.);
#1625 = DIRECTION('',(0.,1.));
#1626 = ( GEOMETRIC_REPRESENTATION_CONTEXT(2) 
PARAMETRIC_REPRESENTATION_CONTEXT() REPRESENTATION_CONTEXT('2D SPACE',''
  ) );
#1627 = ORIENTED_EDGE('',*,*,#1628,.F.);
#1628 = EDGE_CURVE('',#1629,#1601,#1631,.T.);
#1629 = VERTEX_POINT('',#1630);
#1630 = CARTESIAN_POINT('',(3.,52.5,3.));
#1631 = SURFACE_CURVE('',#1632,(#1637,#1644),.PCURVE_S1.);
#1632 = CIRCLE('',#1633,1.5);
#1633 = AXIS2_PLACEMENT_3D('',#1634,#1635,#1636);
#1634 = CARTESIAN_POINT('',(4.5,52.5,3.));
#1635 = DIRECTION('',(0.,0.,1.));
#1636 = DIRECTION('',(0.,-1.,0.));
#1637 = PCURVE('',#228,#1638);
#1638 = DEFINITIONAL_REPRESENTATION('',(#1639),#1643);
#1639 = CIRCLE('',#1640,1.5);
#1640 = AXIS2_PLACEMENT_2D('',#1641,#1642);
#1641 = CARTESIAN_POINT('',(13.5,52.5));
#1642 = DIRECTION('',(0.,-1.));
#1643 = ( GEOMETRIC_REPRESENTATION_CONTEXT(2) 
PARAMETRIC_REPRESENTATION_CONTEXT() REPRESENTATION_CONTEXT('2D SPACE',''
  ) );
#1644 = PCURVE('',#1645,#1650);
#1645 = CYLINDRICAL_SURFACE('',#1646,1.5);
#1646 = AXIS2_PLACEMENT_3D('',#1647,#1648,#1649);
#1647 = CARTESIAN_POINT('',(4.5,52.5,3.));
#1648 = DIRECTION('',(0.,0.,1.));
#1649 = DIRECTION('',(-1.,-0.,0.));
#1650 = DEFINITIONAL_REPRESENTATION('',(#1651),#1655);
#1651 = LINE('',#1652,#1653);
#1652 = CARTESIAN_POINT('',(-4.712388980385,0.));
#1653 = VECTOR('',#1654,1.);
#1654 = DIRECTION('',(1.,0.));
#1655 = ( GEOMETRIC_REPRESENTATION_CONTEXT(2) 
PARAMETRIC_REPRESENTATION_CONTEXT() REPRESENTATION_CONTEXT('2D SPACE',''
  ) );
#1656 = ORIENTED_EDGE('',*,*,#1657,.T.);
#1657 = EDGE_CURVE('',#1629,#1658,#1660,.T.);
#1658 = VERTEX_POINT('',#1659);
#1659 = CARTESIAN_POINT('',(3.,55.5,3.));
#1660 = SURFACE_CURVE('',#1661,(#1665,#1672),.PCURVE_S1.);
#1661 = LINE('',#1662,#1663);
#1662 = CARTESIAN_POINT('',(3.,51.,3.));
#1663 = VECTOR('',#1664,1.);
#1664 = DIRECTION('',(0.,1.,0.));
#1665 = PCURVE('',#228,#1666);
#1666 = DEFINITIONAL_REPRESENTATION('',(#1667),#1671);
#1667 = LINE('',#1668,#1669);
#1668 = CARTESIAN_POINT('',(12.,51.));
#1669 = VECTOR('',#1670,1.);
#1670 = DIRECTION('',(0.,1.));
#1671 = ( GEOMETRIC_REPRESENTATION_CONTEXT(2) 
PARAMETRIC_REPRESENTATION_CONTEXT() REPRESENTATION_CONTEXT('2D SPACE',''
  ) );
#1672 = PCURVE('',#1673,#1678);
#1673 = PLANE('',#1674);
#1674 = AXIS2_PLACEMENT_3D('',#1675,#1676,#1677);
#1675 = CARTESIAN_POINT('',(3.,51.,3.));
#1676 = DIRECTION('',(1.,0.,0.));
#1677 = DIRECTION('',(0.,0.,1.));
#1678 = DEFINITIONAL_REPRESENTATION('',(#1679),#1683);
#1679 = LINE('',#1680,#1681);
#1680 = CARTESIAN_POINT('',(0.,0.));
#1681 = VECTOR('',#1682,1.);
#1682 = DIRECTION('',(0.,-1.));
#1683 = ( GEOMETRIC_REPRESENTATION_CONTEXT(2) 
PARAMETRIC_REPRESENTATION_CONTEXT() REPRESENTATION_CONTEXT('2D SPACE',''
  ) );
#1684 = ORIENTED_EDGE('',*,*,#1685,.T.);
#1685 = EDGE_CURVE('',#1658,#1686,#1688,.T.);
#1686 = VERTEX_POINT('',#1687);
#1687 = CARTESIAN_POINT('',(4.5,57.,3.));
#1688 = SURFACE_CURVE('',#1689,(#1694,#1705),.PCURVE_S1.);
#1689 = CIRCLE('',#1690,1.5);
#1690 = AXIS2_PLACEMENT_3D('',#1691,#1692,#1693);
#1691 = CARTESIAN_POINT('',(4.5,55.5,3.));
#1692 = DIRECTION('',(-0.,-0.,-1.));
#1693 = DIRECTION('',(0.,-1.,0.));
#1694 = PCURVE('',#228,#1695);
#1695 = DEFINITIONAL_REPRESENTATION('',(#1696),#1704);
#1696 = ( BOUNDED_CURVE() B_SPLINE_CURVE(2,(#1697,#1698,#1699,#1700,
#1701,#1702,#1703),.UNSPECIFIED.,.T.,.F.) B_SPLINE_CURVE_WITH_KNOTS((1,2
    ,2,2,2,1),(-2.094395102393,0.,2.094395102393,4.188790204786,
6.28318530718,8.377580409573),.UNSPECIFIED.) CURVE() 
GEOMETRIC_REPRESENTATION_ITEM() RATIONAL_B_SPLINE_CURVE((1.,0.5,1.,0.5,
1.,0.5,1.)) REPRESENTATION_ITEM('') );
#1697 = CARTESIAN_POINT('',(13.5,54.));
#1698 = CARTESIAN_POINT('',(10.901923788647,54.));
#1699 = CARTESIAN_POINT('',(12.200961894323,56.25));
#1700 = CARTESIAN_POINT('',(13.5,58.5));
#1701 = CARTESIAN_POINT('',(14.799038105677,56.25));
#1702 = CARTESIAN_POINT('',(16.098076211353,54.));
#1703 = CARTESIAN_POINT('',(13.5,54.));
#1704 = ( GEOMETRIC_REPRESENTATION_CONTEXT(2) 
PARAMETRIC_REPRESENTATION_CONTEXT() REPRESENTATION_CONTEXT('2D SPACE',''
  ) );
#1705 = PCURVE('',#1706,#1711);
#1706 = CYLINDRICAL_SURFACE('',#1707,1.5);
#1707 = AXIS2_PLACEMENT_3D('',#1708,#1709,#1710);
#1708 = CARTESIAN_POINT('',(4.5,55.5,3.));
#1709 = DIRECTION('',(0.,0.,1.));
#1710 = DIRECTION('',(-1.,-0.,0.));
#1711 = DEFINITIONAL_REPRESENTATION('',(#1712),#1716);
#1712 = LINE('',#1713,#1714);
#1713 = CARTESIAN_POINT('',(1.570796326795,-0.));
#1714 = VECTOR('',#1715,1.);
#1715 = DIRECTION('',(-1.,0.));
#1716 = ( GEOMETRIC_REPRESENTATION_CONTEXT(2) 
PARAMETRIC_REPRESENTATION_CONTEXT() REPRESENTATION_CONTEXT('2D SPACE',''
  ) );
#1717 = ORIENTED_EDGE('',*,*,#1718,.T.);
#1718 = EDGE_CURVE('',#1686,#1719,#1721,.T.);
#1719 = VERTEX_POINT('',#1720);
#1720 = CARTESIAN_POINT('',(7.5,57.,3.));
#1721 = SURFACE_CURVE('',#1722,(#1726,#1733),.PCURVE_S1.);
#1722 = LINE('',#1723,#1724);
#1723 = CARTESIAN_POINT('',(3.,57.,3.));
#1724 = VECTOR('',#1725,1.);
#1725 = DIRECTION('',(1.,0.,0.));
#1726 = PCURVE('',#228,#1727);
#1727 = DEFINITIONAL_REPRESENTATION('',(#1728),#1732);
#1728 = LINE('',#1729,#1730);
#1729 = CARTESIAN_POINT('',(12.,57.));
#1730 = VECTOR('',#1731,1.);
#1731 = DIRECTION('',(1.,0.));
#1732 = ( GEOMETRIC_REPRESENTATION_CONTEXT(2) 
PARAMETRIC_REPRESENTATION_CONTEXT() REPRESENTATION_CONTEXT('2D SPACE',''
  ) );
#1733 = PCURVE('',#1734,#1739);
#1734 = PLANE('',#1735);
#1735 = AXIS2_PLACEMENT_3D('',#1736,#1737,#1738);
#1736 = CARTESIAN_POINT('',(3.,57.,3.));
#1737 = DIRECTION('',(0.,1.,0.));
#1738 = DIRECTION('',(0.,0.,1.));
#1739 = DEFINITIONAL_REPRESENTATION('',(#1740),#1744);
#1740 = LINE('',#1741,#1742);
#1741 = CARTESIAN_POINT('',(0.,0.));
#1742 = VECTOR('',#1743,1.);
#1743 = DIRECTION('',(0.,1.));
#1744 = ( GEOMETRIC_REPRESENTATION_CONTEXT(2) 
PARAMETRIC_REPRESENTATION_CONTEXT() REPRESENTATION_CONTEXT('2D SPACE',''
  ) );
#1745 = ORIENTED_EDGE('',*,*,#1746,.F.);
#1746 = EDGE_CURVE('',#1747,#1719,#1749,.T.);
#1747 = VERTEX_POINT('',#1748);
#1748 = CARTESIAN_POINT('',(8.2,56.826649916142,3.));
#1749 = SURFACE_CURVE('',#1750,(#1755,#1762),.PCURVE_S1.);
#1750 = CIRCLE('',#1751,1.5);
#1751 = AXIS2_PLACEMENT_3D('',#1752,#1753,#1754);
#1752 = CARTESIAN_POINT('',(7.5,55.5,3.));
#1753 = DIRECTION('',(0.,0.,1.));
#1754 = DIRECTION('',(0.,-1.,0.));
#1755 = PCURVE('',#228,#1756);
#1756 = DEFINITIONAL_REPRESENTATION('',(#1757),#1761);
#1757 = CIRCLE('',#1758,1.5);
#1758 = AXIS2_PLACEMENT_2D('',#1759,#1760);
#1759 = CARTESIAN_POINT('',(16.5,55.5));
#1760 = DIRECTION('',(0.,-1.));
#1761 = ( GEOMETRIC_REPRESENTATION_CONTEXT(2) 
PARAMETRIC_REPRESENTATION_CONTEXT() REPRESENTATION_CONTEXT('2D SPACE',''
  ) );
#1762 = PCURVE('',#1763,#1768);
#1763 = CYLINDRICAL_SURFACE('',#1764,1.5);
#1764 = AXIS2_PLACEMENT_3D('',#1765,#1766,#1767);
#1765 = CARTESIAN_POINT('',(7.5,55.5,3.));
#1766 = DIRECTION('',(0.,0.,1.));
#1767 = DIRECTION('',(1.,0.,-0.));
#1768 = DEFINITIONAL_REPRESENTATION('',(#1769),#1773);
#1769 = LINE('',#1770,#1771);
#1770 = CARTESIAN_POINT('',(-1.570796326795,0.));
#1771 = VECTOR('',#1772,1.);
#1772 = DIRECTION('',(1.,0.));
#1773 = ( GEOMETRIC_REPRESENTATION_CONTEXT(2) 
PARAMETRIC_REPRESENTATION_CONTEXT() REPRESENTATION_CONTEXT('2D SPACE',''
  ) );
#1774 = ORIENTED_EDGE('',*,*,#1775,.F.);
#1775 = EDGE_CURVE('',#1776,#1747,#1778,.T.);
#1776 = VERTEX_POINT('',#1777);
#1777 = CARTESIAN_POINT('',(8.2,68.5,3.));
#1778 = SURFACE_CURVE('',#1779,(#1783,#1790),.PCURVE_S1.);
#1779 = LINE('',#1780,#1781);
#1780 = CARTESIAN_POINT('',(8.2,94.,3.));
#1781 = VECTOR('',#1782,1.);
#1782 = DIRECTION('',(-0.,-1.,-0.));
#1783 = PCURVE('',#228,#1784);
#1784 = DEFINITIONAL_REPRESENTATION('',(#1785),#1789);
#1785 = LINE('',#1786,#1787);
#1786 = CARTESIAN_POINT('',(17.2,94.));
#1787 = VECTOR('',#1788,1.);
#1788 = DIRECTION('',(0.,-1.));
#1789 = ( GEOMETRIC_REPRESENTATION_CONTEXT(2) 
PARAMETRIC_REPRESENTATION_CONTEXT() REPRESENTATION_CONTEXT('2D SPACE',''
  ) );
#1790 = PCURVE('',#1555,#1791);
#1791 = DEFINITIONAL_REPRESENTATION('',(#1792),#1796);
#1792 = LINE('',#1793,#1794);
#1793 = CARTESIAN_POINT('',(1.570796326795,0.));
#1794 = VECTOR('',#1795,1.);
#1795 = DIRECTION('',(0.,1.));
#1796 = ( GEOMETRIC_REPRESENTATION_CONTEXT(2) 
PARAMETRIC_REPRESENTATION_CONTEXT() REPRESENTATION_CONTEXT('2D SPACE',''
  ) );
#1797 = ORIENTED_EDGE('',*,*,#1798,.F.);
#1798 = EDGE_CURVE('',#1799,#1776,#1801,.T.);
#1799 = VERTEX_POINT('',#1800);
#1800 = CARTESIAN_POINT('',(6.,68.5,3.));
#1801 = SURFACE_CURVE('',#1802,(#1806,#1813),.PCURVE_S1.);
#1802 = LINE('',#1803,#1804);
#1803 = CARTESIAN_POINT('',(6.,68.5,3.));
#1804 = VECTOR('',#1805,1.);
#1805 = DIRECTION('',(1.,0.,0.));
#1806 = PCURVE('',#228,#1807);
#1807 = DEFINITIONAL_REPRESENTATION('',(#1808),#1812);
#1808 = LINE('',#1809,#1810);
#1809 = CARTESIAN_POINT('',(15.,68.5));
#1810 = VECTOR('',#1811,1.);
#1811 = DIRECTION('',(1.,0.));
#1812 = ( GEOMETRIC_REPRESENTATION_CONTEXT(2) 
PARAMETRIC_REPRESENTATION_CONTEXT() REPRESENTATION_CONTEXT('2D SPACE',''
  ) );
#1813 = PCURVE('',#920,#1814);
#1814 = DEFINITIONAL_REPRESENTATION('',(#1815),#1819);
#1815 = LINE('',#1816,#1817);
#1816 = CARTESIAN_POINT('',(0.,0.));
#1817 = VECTOR('',#1818,1.);
#1818 = DIRECTION('',(0.,-1.));
#1819 = ( GEOMETRIC_REPRESENTATION_CONTEXT(2) 
PARAMETRIC_REPRESENTATION_CONTEXT() REPRESENTATION_CONTEXT('2D SPACE',''
  ) );
#1820 = ORIENTED_EDGE('',*,*,#1821,.F.);
#1821 = EDGE_CURVE('',#1822,#1799,#1824,.T.);
#1822 = VERTEX_POINT('',#1823);
#1823 = CARTESIAN_POINT('',(6.,73.,3.));
#1824 = SURFACE_CURVE('',#1825,(#1829,#1836),.PCURVE_S1.);
#1825 = LINE('',#1826,#1827);
#1826 = CARTESIAN_POINT('',(6.,75.,3.));
#1827 = VECTOR('',#1828,1.);
#1828 = DIRECTION('',(0.,-1.,0.));
#1829 = PCURVE('',#228,#1830);
#1830 = DEFINITIONAL_REPRESENTATION('',(#1831),#1835);
#1831 = LINE('',#1832,#1833);
#1832 = CARTESIAN_POINT('',(15.,75.));
#1833 = VECTOR('',#1834,1.);
#1834 = DIRECTION('',(0.,-1.));
#1835 = ( GEOMETRIC_REPRESENTATION_CONTEXT(2) 
PARAMETRIC_REPRESENTATION_CONTEXT() REPRESENTATION_CONTEXT('2D SPACE',''
  ) );
#1836 = PCURVE('',#1837,#1842);
#1837 = PLANE('',#1838);
#1838 = AXIS2_PLACEMENT_3D('',#1839,#1840,#1841);
#1839 = CARTESIAN_POINT('',(6.,73.24771827212,8.104869081029));
#1840 = DIRECTION('',(-1.,-0.,-0.));
#1841 = DIRECTION('',(0.,0.,-1.));
#1842 = DEFINITIONAL_REPRESENTATION('',(#1843),#1847);
#1843 = LINE('',#1844,#1845);
#1844 = CARTESIAN_POINT('',(5.104869081029,-1.75228172788));
#1845 = VECTOR('',#1846,1.);
#1846 = DIRECTION('',(0.,1.));
#1847 = ( GEOMETRIC_REPRESENTATION_CONTEXT(2) 
PARAMETRIC_REPRESENTATION_CONTEXT() REPRESENTATION_CONTEXT('2D SPACE',''
  ) );
#1848 = ORIENTED_EDGE('',*,*,#1849,.F.);
#1849 = EDGE_CURVE('',#850,#1822,#1850,.T.);
#1850 = SURFACE_CURVE('',#1851,(#1856,#1867),.PCURVE_S1.);
#1851 = CIRCLE('',#1852,2.);
#1852 = AXIS2_PLACEMENT_3D('',#1853,#1854,#1855);
#1853 = CARTESIAN_POINT('',(4.,73.,3.));
#1854 = DIRECTION('',(0.,0.,-1.));
#1855 = DIRECTION('',(0.,1.,0.));
#1856 = PCURVE('',#228,#1857);
#1857 = DEFINITIONAL_REPRESENTATION('',(#1858),#1866);
#1858 = ( BOUNDED_CURVE() B_SPLINE_CURVE(2,(#1859,#1860,#1861,#1862,
#1863,#1864,#1865),.UNSPECIFIED.,.T.,.F.) B_SPLINE_CURVE_WITH_KNOTS((1,2
    ,2,2,2,1),(-2.094395102393,0.,2.094395102393,4.188790204786,
6.28318530718,8.377580409573),.UNSPECIFIED.) CURVE() 
GEOMETRIC_REPRESENTATION_ITEM() RATIONAL_B_SPLINE_CURVE((1.,0.5,1.,0.5,
1.,0.5,1.)) REPRESENTATION_ITEM('') );
#1859 = CARTESIAN_POINT('',(13.,75.));
#1860 = CARTESIAN_POINT('',(16.464101615138,75.));
#1861 = CARTESIAN_POINT('',(14.732050807569,72.));
#1862 = CARTESIAN_POINT('',(13.,69.));
#1863 = CARTESIAN_POINT('',(11.267949192431,72.));
#1864 = CARTESIAN_POINT('',(9.535898384862,75.));
#1865 = CARTESIAN_POINT('',(13.,75.));
#1866 = ( GEOMETRIC_REPRESENTATION_CONTEXT(2) 
PARAMETRIC_REPRESENTATION_CONTEXT() REPRESENTATION_CONTEXT('2D SPACE',''
  ) );
#1867 = PCURVE('',#888,#1868);
#1868 = DEFINITIONAL_REPRESENTATION('',(#1869),#1873);
#1869 = LINE('',#1870,#1871);
#1870 = CARTESIAN_POINT('',(0.,13.));
#1871 = VECTOR('',#1872,1.);
#1872 = DIRECTION('',(1.,0.));
#1873 = ( GEOMETRIC_REPRESENTATION_CONTEXT(2) 
PARAMETRIC_REPRESENTATION_CONTEXT() REPRESENTATION_CONTEXT('2D SPACE',''
  ) );
#1874 = ORIENTED_EDGE('',*,*,#847,.F.);
#1875 = FACE_BOUND('',#1876,.T.);
#1876 = EDGE_LOOP('',(#1877));
#1877 = ORIENTED_EDGE('',*,*,#1878,.F.);
#1878 = EDGE_CURVE('',#1879,#1879,#1881,.T.);
#1879 = VERTEX_POINT('',#1880);
#1880 = CARTESIAN_POINT('',(3.5,5.,3.));
#1881 = SURFACE_CURVE('',#1882,(#1887,#1894),.PCURVE_S1.);
#1882 = CIRCLE('',#1883,3.5);
#1883 = AXIS2_PLACEMENT_3D('',#1884,#1885,#1886);
#1884 = CARTESIAN_POINT('',(0.,5.,3.));
#1885 = DIRECTION('',(0.,0.,1.));
#1886 = DIRECTION('',(1.,0.,-0.));
#1887 = PCURVE('',#228,#1888);
#1888 = DEFINITIONAL_REPRESENTATION('',(#1889),#1893);
#1889 = CIRCLE('',#1890,3.5);
#1890 = AXIS2_PLACEMENT_2D('',#1891,#1892);
#1891 = CARTESIAN_POINT('',(9.,5.));
#1892 = DIRECTION('',(1.,0.));
#1893 = ( GEOMETRIC_REPRESENTATION_CONTEXT(2) 
PARAMETRIC_REPRESENTATION_CONTEXT() REPRESENTATION_CONTEXT('2D SPACE',''
  ) );
#1894 = PCURVE('',#1895,#1900);
#1895 = CONICAL_SURFACE('',#1896,1.9,0.785398163397);
#1896 = AXIS2_PLACEMENT_3D('',#1897,#1898,#1899);
#1897 = CARTESIAN_POINT('',(0.,5.,1.4));
#1898 = DIRECTION('',(0.,0.,1.));
#1899 = DIRECTION('',(1.,0.,-0.));
#1900 = DEFINITIONAL_REPRESENTATION('',(#1901),#1905);
#1901 = LINE('',#1902,#1903);
#1902 = CARTESIAN_POINT('',(0.,1.6));
#1903 = VECTOR('',#1904,1.);
#1904 = DIRECTION('',(1.,0.));
#1905 = ( GEOMETRIC_REPRESENTATION_CONTEXT(2) 
PARAMETRIC_REPRESENTATION_CONTEXT() REPRESENTATION_CONTEXT('2D SPACE',''
  ) );
#1906 = ADVANCED_FACE('',(#1907),#256,.F.);
#1907 = FACE_BOUND('',#1908,.F.);
#1908 = EDGE_LOOP('',(#1909,#1910,#1931));
#1909 = ORIENTED_EDGE('',*,*,#240,.T.);
#1910 = ORIENTED_EDGE('',*,*,#1911,.T.);
#1911 = EDGE_CURVE('',#241,#1137,#1912,.T.);
#1912 = SURFACE_CURVE('',#1913,(#1917,#1924),.PCURVE_S1.);
#1913 = LINE('',#1914,#1915);
#1914 = CARTESIAN_POINT('',(-6.,73.,16.));
#1915 = VECTOR('',#1916,1.);
#1916 = DIRECTION('',(0.,0.,-1.));
#1917 = PCURVE('',#256,#1918);
#1918 = DEFINITIONAL_REPRESENTATION('',(#1919),#1923);
#1919 = LINE('',#1920,#1921);
#1920 = CARTESIAN_POINT('',(-7.895130918971,0.24771827212));
#1921 = VECTOR('',#1922,1.);
#1922 = DIRECTION('',(1.,0.));
#1923 = ( GEOMETRIC_REPRESENTATION_CONTEXT(2) 
PARAMETRIC_REPRESENTATION_CONTEXT() REPRESENTATION_CONTEXT('2D SPACE',''
  ) );
#1924 = PCURVE('',#366,#1925);
#1925 = DEFINITIONAL_REPRESENTATION('',(#1926),#1930);
#1926 = LINE('',#1927,#1928);
#1927 = CARTESIAN_POINT('',(0.,0.));
#1928 = VECTOR('',#1929,1.);
#1929 = DIRECTION('',(0.,1.));
#1930 = ( GEOMETRIC_REPRESENTATION_CONTEXT(2) 
PARAMETRIC_REPRESENTATION_CONTEXT() REPRESENTATION_CONTEXT('2D SPACE',''
  ) );
#1931 = ORIENTED_EDGE('',*,*,#1164,.T.);
#1932 = ADVANCED_FACE('',(#1933),#366,.F.);
#1933 = FACE_BOUND('',#1934,.F.);
#1934 = EDGE_LOOP('',(#1935,#1936,#1937,#1938));
#1935 = ORIENTED_EDGE('',*,*,#268,.T.);
#1936 = ORIENTED_EDGE('',*,*,#988,.T.);
#1937 = ORIENTED_EDGE('',*,*,#1136,.F.);
#1938 = ORIENTED_EDGE('',*,*,#1911,.F.);
#1939 = ADVANCED_FACE('',(#1940),#495,.T.);
#1940 = FACE_BOUND('',#1941,.T.);
#1941 = EDGE_LOOP('',(#1942,#1943,#1964));
#1942 = ORIENTED_EDGE('',*,*,#477,.T.);
#1943 = ORIENTED_EDGE('',*,*,#1944,.T.);
#1944 = EDGE_CURVE('',#480,#684,#1945,.T.);
#1945 = SURFACE_CURVE('',#1946,(#1950,#1957),.PCURVE_S1.);
#1946 = LINE('',#1947,#1948);
#1947 = CARTESIAN_POINT('',(-9.,75.,3.));
#1948 = VECTOR('',#1949,1.);
#1949 = DIRECTION('',(0.,-1.,0.));
#1950 = PCURVE('',#495,#1951);
#1951 = DEFINITIONAL_REPRESENTATION('',(#1952),#1956);
#1952 = LINE('',#1953,#1954);
#1953 = CARTESIAN_POINT('',(5.104869081029,-1.75228172788));
#1954 = VECTOR('',#1955,1.);
#1955 = DIRECTION('',(0.,1.));
#1956 = ( GEOMETRIC_REPRESENTATION_CONTEXT(2) 
PARAMETRIC_REPRESENTATION_CONTEXT() REPRESENTATION_CONTEXT('2D SPACE',''
  ) );
#1957 = PCURVE('',#668,#1958);
#1958 = DEFINITIONAL_REPRESENTATION('',(#1959),#1963);
#1959 = LINE('',#1960,#1961);
#1960 = CARTESIAN_POINT('',(0.,-0.));
#1961 = VECTOR('',#1962,1.);
#1962 = DIRECTION('',(1.,0.));
#1963 = ( GEOMETRIC_REPRESENTATION_CONTEXT(2) 
PARAMETRIC_REPRESENTATION_CONTEXT() REPRESENTATION_CONTEXT('2D SPACE',''
  ) );
#1964 = ORIENTED_EDGE('',*,*,#778,.T.);
#1965 = ADVANCED_FACE('',(#1966),#668,.T.);
#1966 = FACE_BOUND('',#1967,.T.);
#1967 = EDGE_LOOP('',(#1968,#1969,#1970,#1991));
#1968 = ORIENTED_EDGE('',*,*,#1944,.F.);
#1969 = ORIENTED_EDGE('',*,*,#654,.T.);
#1970 = ORIENTED_EDGE('',*,*,#1971,.F.);
#1971 = EDGE_CURVE('',#59,#627,#1972,.T.);
#1972 = SURFACE_CURVE('',#1973,(#1977,#1984),.PCURVE_S1.);
#1973 = LINE('',#1974,#1975);
#1974 = CARTESIAN_POINT('',(-8.2,4.,3.));
#1975 = VECTOR('',#1976,1.);
#1976 = DIRECTION('',(0.,1.,0.));
#1977 = PCURVE('',#668,#1978);
#1978 = DEFINITIONAL_REPRESENTATION('',(#1979),#1983);
#1979 = LINE('',#1980,#1981);
#1980 = CARTESIAN_POINT('',(71.,-0.8));
#1981 = VECTOR('',#1982,1.);
#1982 = DIRECTION('',(-1.,-0.));
#1983 = ( GEOMETRIC_REPRESENTATION_CONTEXT(2) 
PARAMETRIC_REPRESENTATION_CONTEXT() REPRESENTATION_CONTEXT('2D SPACE',''
  ) );
#1984 = PCURVE('',#1202,#1985);
#1985 = DEFINITIONAL_REPRESENTATION('',(#1986),#1990);
#1986 = LINE('',#1987,#1988);
#1987 = CARTESIAN_POINT('',(1.570796326795,0.));
#1988 = VECTOR('',#1989,1.);
#1989 = DIRECTION('',(0.,1.));
#1990 = ( GEOMETRIC_REPRESENTATION_CONTEXT(2) 
PARAMETRIC_REPRESENTATION_CONTEXT() REPRESENTATION_CONTEXT('2D SPACE',''
  ) );
#1991 = ORIENTED_EDGE('',*,*,#683,.T.);
#1992 = ADVANCED_FACE('',(#1993),#642,.T.);
#1993 = FACE_BOUND('',#1994,.T.);
#1994 = EDGE_LOOP('',(#1995,#2018,#2019));
#1995 = ORIENTED_EDGE('',*,*,#1996,.F.);
#1996 = EDGE_CURVE('',#627,#1997,#1999,.T.);
#1997 = VERTEX_POINT('',#1998);
#1998 = CARTESIAN_POINT('',(-8.2,75.135088935933,3.));
#1999 = SURFACE_CURVE('',#2000,(#2004,#2011),.PCURVE_S1.);
#2000 = LINE('',#2001,#2002);
#2001 = CARTESIAN_POINT('',(-8.2,4.,3.));
#2002 = VECTOR('',#2003,1.);
#2003 = DIRECTION('',(0.,1.,0.));
#2004 = PCURVE('',#642,#2005);
#2005 = DEFINITIONAL_REPRESENTATION('',(#2006),#2010);
#2006 = LINE('',#2007,#2008);
#2007 = CARTESIAN_POINT('',(0.8,4.));
#2008 = VECTOR('',#2009,1.);
#2009 = DIRECTION('',(0.,1.));
#2010 = ( GEOMETRIC_REPRESENTATION_CONTEXT(2) 
PARAMETRIC_REPRESENTATION_CONTEXT() REPRESENTATION_CONTEXT('2D SPACE',''
  ) );
#2011 = PCURVE('',#1202,#2012);
#2012 = DEFINITIONAL_REPRESENTATION('',(#2013),#2017);
#2013 = LINE('',#2014,#2015);
#2014 = CARTESIAN_POINT('',(1.570796326795,0.));
#2015 = VECTOR('',#2016,1.);
#2016 = DIRECTION('',(0.,1.));
#2017 = ( GEOMETRIC_REPRESENTATION_CONTEXT(2) 
PARAMETRIC_REPRESENTATION_CONTEXT() REPRESENTATION_CONTEXT('2D SPACE',''
  ) );
#2018 = ORIENTED_EDGE('',*,*,#626,.T.);
#2019 = ORIENTED_EDGE('',*,*,#2020,.F.);
#2020 = EDGE_CURVE('',#1997,#599,#2021,.T.);
#2021 = SURFACE_CURVE('',#2022,(#2027,#2034),.PCURVE_S1.);
#2022 = CIRCLE('',#2023,1.4);
#2023 = AXIS2_PLACEMENT_3D('',#2024,#2025,#2026);
#2024 = CARTESIAN_POINT('',(-7.6,76.4,3.));
#2025 = DIRECTION('',(0.,-0.,1.));
#2026 = DIRECTION('',(0.,1.,0.));
#2027 = PCURVE('',#642,#2028);
#2028 = DEFINITIONAL_REPRESENTATION('',(#2029),#2033);
#2029 = CIRCLE('',#2030,1.4);
#2030 = AXIS2_PLACEMENT_2D('',#2031,#2032);
#2031 = CARTESIAN_POINT('',(1.4,76.4));
#2032 = DIRECTION('',(0.,1.));
#2033 = ( GEOMETRIC_REPRESENTATION_CONTEXT(2) 
PARAMETRIC_REPRESENTATION_CONTEXT() REPRESENTATION_CONTEXT('2D SPACE',''
  ) );
#2034 = PCURVE('',#614,#2035);
#2035 = DEFINITIONAL_REPRESENTATION('',(#2036),#2040);
#2036 = LINE('',#2037,#2038);
#2037 = CARTESIAN_POINT('',(1.570796326795,13.));
#2038 = VECTOR('',#2039,1.);
#2039 = DIRECTION('',(-1.,0.));
#2040 = ( GEOMETRIC_REPRESENTATION_CONTEXT(2) 
PARAMETRIC_REPRESENTATION_CONTEXT() REPRESENTATION_CONTEXT('2D SPACE',''
  ) );
#2041 = ADVANCED_FACE('',(#2042),#614,.T.);
#2042 = FACE_BOUND('',#2043,.F.);
#2043 = EDGE_LOOP('',(#2044,#2066,#2067,#2068,#2097));
#2044 = ORIENTED_EDGE('',*,*,#2045,.T.);
#2045 = EDGE_CURVE('',#2046,#24,#2048,.T.);
#2046 = VERTEX_POINT('',#2047);
#2047 = CARTESIAN_POINT('',(-9.,76.4,16.));
#2048 = SURFACE_CURVE('',#2049,(#2054,#2060),.PCURVE_S1.);
#2049 = CIRCLE('',#2050,1.4);
#2050 = AXIS2_PLACEMENT_3D('',#2051,#2052,#2053);
#2051 = CARTESIAN_POINT('',(-7.6,76.4,16.));
#2052 = DIRECTION('',(1.224646799147E-16,0.,1.));
#2053 = DIRECTION('',(-1.,-0.,1.224646799147E-16));
#2054 = PCURVE('',#614,#2055);
#2055 = DEFINITIONAL_REPRESENTATION('',(#2056),#2059);
#2056 = B_SPLINE_CURVE_WITH_KNOTS('',1,(#2057,#2058),.UNSPECIFIED.,.F.,
  .F.,(2,2),(0.,1.570796326795),.PIECEWISE_BEZIER_KNOTS.);
#2057 = CARTESIAN_POINT('',(0.,0.));
#2058 = CARTESIAN_POINT('',(-1.570796326795,0.));
#2059 = ( GEOMETRIC_REPRESENTATION_CONTEXT(2) 
PARAMETRIC_REPRESENTATION_CONTEXT() REPRESENTATION_CONTEXT('2D SPACE',''
  ) );
#2060 = PCURVE('',#974,#2061);
#2061 = DEFINITIONAL_REPRESENTATION('',(#2062),#2065);
#2062 = B_SPLINE_CURVE_WITH_KNOTS('',1,(#2063,#2064),.UNSPECIFIED.,.F.,
  .F.,(2,2),(0.,1.570796326795),.PIECEWISE_BEZIER_KNOTS.);
#2063 = CARTESIAN_POINT('',(3.14159265359,0.));
#2064 = CARTESIAN_POINT('',(3.14159265359,1.570796326795));
#2065 = ( GEOMETRIC_REPRESENTATION_CONTEXT(2) 
PARAMETRIC_REPRESENTATION_CONTEXT() REPRESENTATION_CONTEXT('2D SPACE',''
  ) );
#2066 = ORIENTED_EDGE('',*,*,#598,.T.);
#2067 = ORIENTED_EDGE('',*,*,#2020,.F.);
#2068 = ORIENTED_EDGE('',*,*,#2069,.F.);
#2069 = EDGE_CURVE('',#2070,#1997,#2072,.T.);
#2070 = VERTEX_POINT('',#2071);
#2071 = CARTESIAN_POINT('',(-9.,76.4,3.));
#2072 = SURFACE_CURVE('',#2073,(#2078,#2085),.PCURVE_S1.);
#2073 = CIRCLE('',#2074,1.4);
#2074 = AXIS2_PLACEMENT_3D('',#2075,#2076,#2077);
#2075 = CARTESIAN_POINT('',(-7.6,76.4,3.));
#2076 = DIRECTION('',(0.,-0.,1.));
#2077 = DIRECTION('',(0.,1.,0.));
#2078 = PCURVE('',#614,#2079);
#2079 = DEFINITIONAL_REPRESENTATION('',(#2080),#2084);
#2080 = LINE('',#2081,#2082);
#2081 = CARTESIAN_POINT('',(1.570796326795,13.));
#2082 = VECTOR('',#2083,1.);
#2083 = DIRECTION('',(-1.,0.));
#2084 = ( GEOMETRIC_REPRESENTATION_CONTEXT(2) 
PARAMETRIC_REPRESENTATION_CONTEXT() REPRESENTATION_CONTEXT('2D SPACE',''
  ) );
#2085 = PCURVE('',#2086,#2091);
#2086 = PLANE('',#2087);
#2087 = AXIS2_PLACEMENT_3D('',#2088,#2089,#2090);
#2088 = CARTESIAN_POINT('',(-9.,81.,3.));
#2089 = DIRECTION('',(-0.,0.,1.));
#2090 = DIRECTION('',(1.,0.,0.));
#2091 = DEFINITIONAL_REPRESENTATION('',(#2092),#2096);
#2092 = CIRCLE('',#2093,1.4);
#2093 = AXIS2_PLACEMENT_2D('',#2094,#2095);
#2094 = CARTESIAN_POINT('',(1.4,-4.6));
#2095 = DIRECTION('',(0.,1.));
#2096 = ( GEOMETRIC_REPRESENTATION_CONTEXT(2) 
PARAMETRIC_REPRESENTATION_CONTEXT() REPRESENTATION_CONTEXT('2D SPACE',''
  ) );
#2097 = ORIENTED_EDGE('',*,*,#2098,.F.);
#2098 = EDGE_CURVE('',#2046,#2070,#2099,.T.);
#2099 = SURFACE_CURVE('',#2100,(#2104,#2111),.PCURVE_S1.);
#2100 = LINE('',#2101,#2102);
#2101 = CARTESIAN_POINT('',(-9.,76.4,16.));
#2102 = VECTOR('',#2103,1.);
#2103 = DIRECTION('',(0.,0.,-1.));
#2104 = PCURVE('',#614,#2105);
#2105 = DEFINITIONAL_REPRESENTATION('',(#2106),#2110);
#2106 = LINE('',#2107,#2108);
#2107 = CARTESIAN_POINT('',(-0.,0.));
#2108 = VECTOR('',#2109,1.);
#2109 = DIRECTION('',(-0.,1.));
#2110 = ( GEOMETRIC_REPRESENTATION_CONTEXT(2) 
PARAMETRIC_REPRESENTATION_CONTEXT() REPRESENTATION_CONTEXT('2D SPACE',''
  ) );
#2111 = PCURVE('',#2112,#2117);
#2112 = PLANE('',#2113);
#2113 = AXIS2_PLACEMENT_3D('',#2114,#2115,#2116);
#2114 = CARTESIAN_POINT('',(-9.,81.,16.));
#2115 = DIRECTION('',(1.,0.,0.));
#2116 = DIRECTION('',(0.,0.,-1.));
#2117 = DEFINITIONAL_REPRESENTATION('',(#2118),#2122);
#2118 = LINE('',#2119,#2120);
#2119 = CARTESIAN_POINT('',(0.,-4.6));
#2120 = VECTOR('',#2121,1.);
#2121 = DIRECTION('',(1.,0.));
#2122 = ( GEOMETRIC_REPRESENTATION_CONTEXT(2) 
PARAMETRIC_REPRESENTATION_CONTEXT() REPRESENTATION_CONTEXT('2D SPACE',''
  ) );
#2123 = ADVANCED_FACE('',(#2124),#888,.F.);
#2124 = FACE_BOUND('',#2125,.F.);
#2125 = EDGE_LOOP('',(#2126,#2272,#2293,#2294));
#2126 = ORIENTED_EDGE('',*,*,#2127,.T.);
#2127 = EDGE_CURVE('',#873,#2128,#2130,.T.);
#2128 = VERTEX_POINT('',#2129);
#2129 = CARTESIAN_POINT('',(6.,73.,9.230769230769));
#2130 = SURFACE_CURVE('',#2131,(#2176,#2224),.PCURVE_S1.);
#2131 = B_SPLINE_CURVE_WITH_KNOTS('',8,(#2132,#2133,#2134,#2135,#2136,
    #2137,#2138,#2139,#2140,#2141,#2142,#2143,#2144,#2145,#2146,#2147,
    #2148,#2149,#2150,#2151,#2152,#2153,#2154,#2155,#2156,#2157,#2158,
    #2159,#2160,#2161,#2162,#2163,#2164,#2165,#2166,#2167,#2168,#2169,
    #2170,#2171,#2172,#2173,#2174,#2175),.UNSPECIFIED.,.F.,.F.,(9,7,7,7,
    7,7,9),(0.,4.958351693389E-02,0.112754584781,0.242534256448,
    0.498184258275,0.724622923122,1.),.UNSPECIFIED.);
#2132 = CARTESIAN_POINT('',(4.,75.,16.));
#2133 = CARTESIAN_POINT('',(4.044477828531,75.,16.));
#2134 = CARTESIAN_POINT('',(4.088954495131,74.998869450025,
    15.995477878594));
#2135 = CARTESIAN_POINT('',(4.13285211544,74.996608900776,
    15.986435458276));
#2136 = CARTESIAN_POINT('',(4.175769661412,74.993296563944,
    15.973190709468));
#2137 = CARTESIAN_POINT('',(4.217440218461,74.989050177677,
    15.95622281246));
#2138 = CARTESIAN_POINT('',(4.257699159817,74.983999047794,
    15.936058283733));
#2139 = CARTESIAN_POINT('',(4.296463238086,74.978266264734,
    15.913198166658));
#2140 = CARTESIAN_POINT('',(4.381187718269,74.96392809959,
    15.856092906966));
#2141 = CARTESIAN_POINT('',(4.426253404557,74.954958455654,
    15.820414459969));
#2142 = CARTESIAN_POINT('',(4.469102894361,74.945236033651,
    15.78180188028));
#2143 = CARTESIAN_POINT('',(4.509901205053,74.934907589884,
    15.740855180303));
#2144 = CARTESIAN_POINT('',(4.548808982168,74.924087825404,
    15.698043167212));
#2145 = CARTESIAN_POINT('',(4.585992289539,74.912862284451,
    15.653715487828));
#2146 = CARTESIAN_POINT('',(4.62162633729,74.901288093695,
    15.608107001333));
#2147 = CARTESIAN_POINT('',(4.726291441591,74.864954127525,
    15.465244249041));
#2148 = CARTESIAN_POINT('',(4.790664107224,74.839248793432,
    15.364592618805));
#2149 = CARTESIAN_POINT('',(4.850414163943,74.812619414239,
    15.260803887206));
#2150 = CARTESIAN_POINT('',(4.90620403754,74.785260791318,
    15.154693018246));
#2151 = CARTESIAN_POINT('',(4.958617102915,74.757321793847,
    15.046880769338));
#2152 = CARTESIAN_POINT('',(5.008061696308,74.72888713356,14.93772683847
    ));
#2153 = CARTESIAN_POINT('',(5.054915453671,74.700000651356,
    14.827429873311));
#2154 = CARTESIAN_POINT('',(5.1873280307,74.61285671665,14.496515767615)
  );
#2155 = CARTESIAN_POINT('',(5.266082154073,74.553465252247,
    14.27333663111));
#2156 = CARTESIAN_POINT('',(5.337928147994,74.492740338473,
    14.047669721189));
#2157 = CARTESIAN_POINT('',(5.40382236564,74.430810887668,
    13.820181905126));
#2158 = CARTESIAN_POINT('',(5.464572598209,74.367767821532,
    13.591381510224));
#2159 = CARTESIAN_POINT('',(5.520678268018,74.30364559529,
    13.361556159089));
#2160 = CARTESIAN_POINT('',(5.572566232774,74.238441678999,
    13.130865394504));
#2161 = CARTESIAN_POINT('',(5.663041873823,74.113350762228,
    12.694232171237));
#2162 = CARTESIAN_POINT('',(5.70244930574,74.053739666508,
    12.488585984791));
#2163 = CARTESIAN_POINT('',(5.738970603756,73.993267340231,
    12.282485257073));
#2164 = CARTESIAN_POINT('',(5.772745213795,73.931921934466,
    12.076016329775));
#2165 = CARTESIAN_POINT('',(5.803867680578,73.86968609389,
    11.869252287997));
#2166 = CARTESIAN_POINT('',(5.832399583335,73.806537038537,
    11.662255578907));
#2167 = CARTESIAN_POINT('',(5.858374607862,73.742446143045,
    11.455079292687));
#2168 = CARTESIAN_POINT('',(5.910280946928,73.598247219427,
    10.995650162414));
#2169 = CARTESIAN_POINT('',(5.934987112332,73.517678218105,
    10.743354852442));
#2170 = CARTESIAN_POINT('',(5.955925655219,73.435606885867,
    10.490956765538));
#2171 = CARTESIAN_POINT('',(5.97304112185,73.351963256584,10.23854063993
    ));
#2172 = CARTESIAN_POINT('',(5.986220468142,73.266670883851,
    9.986201521639));
#2173 = CARTESIAN_POINT('',(5.995289859068,73.179645265963,
    9.734045695119));
#2174 = CARTESIAN_POINT('',(6.,73.090791333566,9.482191385258));
#2175 = CARTESIAN_POINT('',(6.,73.,9.230769230769));
#2176 = PCURVE('',#888,#2177);
#2177 = DEFINITIONAL_REPRESENTATION('',(#2178),#2223);
#2178 = B_SPLINE_CURVE_WITH_KNOTS('',8,(#2179,#2180,#2181,#2182,#2183,
    #2184,#2185,#2186,#2187,#2188,#2189,#2190,#2191,#2192,#2193,#2194,
    #2195,#2196,#2197,#2198,#2199,#2200,#2201,#2202,#2203,#2204,#2205,
    #2206,#2207,#2208,#2209,#2210,#2211,#2212,#2213,#2214,#2215,#2216,
    #2217,#2218,#2219,#2220,#2221,#2222),.UNSPECIFIED.,.F.,.F.,(9,7,7,7,
    7,7,9),(0.,4.958351693389E-02,0.112754584781,0.242534256448,
    0.498184258275,0.724622923122,1.),.UNSPECIFIED.);
#2179 = CARTESIAN_POINT('',(0.,0.));
#2180 = CARTESIAN_POINT('',(2.223891426562E-02,0.));
#2181 = CARTESIAN_POINT('',(4.447719647776E-02,4.522121405849E-03));
#2182 = CARTESIAN_POINT('',(6.644290092013E-02,1.356454172369E-02));
#2183 = CARTESIAN_POINT('',(8.795186852244E-02,2.680929053184E-02));
#2184 = CARTESIAN_POINT('',(0.108883249792,4.377718753987E-02));
#2185 = CARTESIAN_POINT('',(0.129162365373,6.39417162673E-02));
#2186 = CARTESIAN_POINT('',(0.148750904235,8.680183334183E-02));
#2187 = CARTESIAN_POINT('',(0.191715484188,0.143907093034));
#2188 = CARTESIAN_POINT('',(0.21468078929,0.179585540031));
#2189 = CARTESIAN_POINT('',(0.23663750619,0.21819811972));
#2190 = CARTESIAN_POINT('',(0.257667995647,0.259144819697));
#2191 = CARTESIAN_POINT('',(0.277849955457,0.301956832788));
#2192 = CARTESIAN_POINT('',(0.297263141151,0.346284512172));
#2193 = CARTESIAN_POINT('',(0.315992699723,0.391892998667));
#2194 = CARTESIAN_POINT('',(0.371388866458,0.534755750959));
#2195 = CARTESIAN_POINT('',(0.406010197591,0.635407381194));
#2196 = CARTESIAN_POINT('',(0.438678128648,0.739196112795));
#2197 = CARTESIAN_POINT('',(0.469706865407,0.845306981752));
#2198 = CARTESIAN_POINT('',(0.49937280128,0.953119230663));
#2199 = CARTESIAN_POINT('',(0.527868732632,1.06227316153));
#2200 = CARTESIAN_POINT('',(0.555378107705,1.172570126689));
#2201 = CARTESIAN_POINT('',(0.634635845358,1.503484232385));
#2202 = CARTESIAN_POINT('',(0.683853987574,1.726663368889));
#2203 = CARTESIAN_POINT('',(0.730774001889,1.952330278813));
#2204 = CARTESIAN_POINT('',(0.775866582713,2.179818094872));
#2205 = CARTESIAN_POINT('',(0.819539566116,2.408618489777));
#2206 = CARTESIAN_POINT('',(0.862061973001,2.63844384091));
#2207 = CARTESIAN_POINT('',(0.903683141554,2.869134605496));
#2208 = CARTESIAN_POINT('',(0.980873780691,3.305767828763));
#2209 = CARTESIAN_POINT('',(1.01657187654,3.511414015209));
#2210 = CARTESIAN_POINT('',(1.051845604064,3.717514742927));
#2211 = CARTESIAN_POINT('',(1.086804316525,3.923983670225));
#2212 = CARTESIAN_POINT('',(1.121542173018,4.130747712003));
#2213 = CARTESIAN_POINT('',(1.156145162435,4.337744421093));
#2214 = CARTESIAN_POINT('',(1.190695460718,4.544920707313));
#2215 = CARTESIAN_POINT('',(1.26732378056,5.004349837586));
#2216 = CARTESIAN_POINT('',(1.309411401113,5.256645147558));
#2217 = CARTESIAN_POINT('',(1.351680562344,5.509043234462));
#2218 = CARTESIAN_POINT('',(1.394269981295,5.76145936007));
#2219 = CARTESIAN_POINT('',(1.437318570797,6.013798478361));
#2220 = CARTESIAN_POINT('',(1.480973557516,6.265954304881));
#2221 = CARTESIAN_POINT('',(1.525400660012,6.517808614742));
#2222 = CARTESIAN_POINT('',(1.570796326795,6.769230769231));
#2223 = ( GEOMETRIC_REPRESENTATION_CONTEXT(2) 
PARAMETRIC_REPRESENTATION_CONTEXT() REPRESENTATION_CONTEXT('2D SPACE',''
  ) );
#2224 = PCURVE('',#920,#2225);
#2225 = DEFINITIONAL_REPRESENTATION('',(#2226),#2271);
#2226 = B_SPLINE_CURVE_WITH_KNOTS('',8,(#2227,#2228,#2229,#2230,#2231,
    #2232,#2233,#2234,#2235,#2236,#2237,#2238,#2239,#2240,#2241,#2242,
    #2243,#2244,#2245,#2246,#2247,#2248,#2249,#2250,#2251,#2252,#2253,
    #2254,#2255,#2256,#2257,#2258,#2259,#2260,#2261,#2262,#2263,#2264,
    #2265,#2266,#2267,#2268,#2269,#2270),.UNSPECIFIED.,.F.,.F.,(9,7,7,7,
    7,7,9),(0.,4.958351693389E-02,0.112754584781,0.242534256448,
    0.498184258275,0.724622923122,1.),.UNSPECIFIED.);
#2227 = CARTESIAN_POINT('',(1.,2.));
#2228 = CARTESIAN_POINT('',(1.,1.955522171469));
#2229 = CARTESIAN_POINT('',(0.999826069235,1.911045504869));
#2230 = CARTESIAN_POINT('',(0.999478292427,1.86714788456));
#2231 = CARTESIAN_POINT('',(0.998968702145,1.824230338588));
#2232 = CARTESIAN_POINT('',(0.99831541195,1.782559781539));
#2233 = CARTESIAN_POINT('',(0.997538315045,1.742300840183));
#2234 = CARTESIAN_POINT('',(0.996656348421,1.703536761914));
#2235 = CARTESIAN_POINT('',(0.99445047686,1.618812281731));
#2236 = CARTESIAN_POINT('',(0.993070531639,1.573746595443));
#2237 = CARTESIAN_POINT('',(0.991574774408,1.530897105639));
#2238 = CARTESIAN_POINT('',(0.989985783059,1.490098794947));
#2239 = CARTESIAN_POINT('',(0.988321203908,1.451191017832));
#2240 = CARTESIAN_POINT('',(0.986594197608,1.414007710461));
#2241 = CARTESIAN_POINT('',(0.984813552876,1.37837366271));
#2242 = CARTESIAN_POINT('',(0.979223711927,1.273708558409));
#2243 = CARTESIAN_POINT('',(0.975269045143,1.209335892776));
#2244 = CARTESIAN_POINT('',(0.971172217575,1.149585836058));
#2245 = CARTESIAN_POINT('',(0.966963198665,1.09379596246));
#2246 = CARTESIAN_POINT('',(0.962664891361,1.041382897085));
#2247 = CARTESIAN_POINT('',(0.95829032824,0.991938303692));
#2248 = CARTESIAN_POINT('',(0.953846254055,0.945084546329));
#2249 = CARTESIAN_POINT('',(0.940439494869,0.8126719693));
#2250 = CARTESIAN_POINT('',(0.9313023465,0.733917845927));
#2251 = CARTESIAN_POINT('',(0.921960052073,0.662071852006));
#2252 = CARTESIAN_POINT('',(0.912432444257,0.59617763436));
#2253 = CARTESIAN_POINT('',(0.902733511005,0.53542740179));
#2254 = CARTESIAN_POINT('',(0.892868553122,0.479321731982));
#2255 = CARTESIAN_POINT('',(0.882837181384,0.427433767226));
#2256 = CARTESIAN_POINT('',(0.863592424958,0.336958126177));
#2257 = CARTESIAN_POINT('',(0.854421487155,0.29755069426));
#2258 = CARTESIAN_POINT('',(0.845118052343,0.261029396244));
#2259 = CARTESIAN_POINT('',(0.83568029761,0.227254786205));
#2260 = CARTESIAN_POINT('',(0.826105552906,0.196132319422));
#2261 = CARTESIAN_POINT('',(0.816390313621,0.167600416665));
#2262 = CARTESIAN_POINT('',(0.806530175853,0.141625392138));
#2263 = CARTESIAN_POINT('',(0.784345726066,8.97190530721E-02));
#2264 = CARTESIAN_POINT('',(0.771950495093,6.501288766785E-02));
#2265 = CARTESIAN_POINT('',(0.759324136287,4.407434478075E-02));
#2266 = CARTESIAN_POINT('',(0.746455885628,2.695887815011E-02));
#2267 = CARTESIAN_POINT('',(0.733333982131,1.3779531858E-02));
#2268 = CARTESIAN_POINT('',(0.719945425533,4.710140931848E-03));
#2269 = CARTESIAN_POINT('',(0.706275589779,2.054725111911E-16));
#2270 = CARTESIAN_POINT('',(0.692307692308,2.054725111911E-16));
#2271 = ( GEOMETRIC_REPRESENTATION_CONTEXT(2) 
PARAMETRIC_REPRESENTATION_CONTEXT() REPRESENTATION_CONTEXT('2D SPACE',''
  ) );
#2272 = ORIENTED_EDGE('',*,*,#2273,.T.);
#2273 = EDGE_CURVE('',#2128,#1822,#2274,.T.);
#2274 = SURFACE_CURVE('',#2275,(#2279,#2286),.PCURVE_S1.);
#2275 = LINE('',#2276,#2277);
#2276 = CARTESIAN_POINT('',(6.,73.,16.));
#2277 = VECTOR('',#2278,1.);
#2278 = DIRECTION('',(0.,0.,-1.));
#2279 = PCURVE('',#888,#2280);
#2280 = DEFINITIONAL_REPRESENTATION('',(#2281),#2285);
#2281 = LINE('',#2282,#2283);
#2282 = CARTESIAN_POINT('',(1.570796326795,0.));
#2283 = VECTOR('',#2284,1.);
#2284 = DIRECTION('',(0.,1.));
#2285 = ( GEOMETRIC_REPRESENTATION_CONTEXT(2) 
PARAMETRIC_REPRESENTATION_CONTEXT() REPRESENTATION_CONTEXT('2D SPACE',''
  ) );
#2286 = PCURVE('',#1837,#2287);
#2287 = DEFINITIONAL_REPRESENTATION('',(#2288),#2292);
#2288 = LINE('',#2289,#2290);
#2289 = CARTESIAN_POINT('',(-7.895130918971,0.24771827212));
#2290 = VECTOR('',#2291,1.);
#2291 = DIRECTION('',(1.,0.));
#2292 = ( GEOMETRIC_REPRESENTATION_CONTEXT(2) 
PARAMETRIC_REPRESENTATION_CONTEXT() REPRESENTATION_CONTEXT('2D SPACE',''
  ) );
#2293 = ORIENTED_EDGE('',*,*,#1849,.F.);
#2294 = ORIENTED_EDGE('',*,*,#872,.F.);
#2295 = ADVANCED_FACE('',(#2296),#920,.T.);
#2296 = FACE_BOUND('',#2297,.T.);
#2297 = EDGE_LOOP('',(#2298,#2326,#2327,#2328,#2329,#2350,#2351));
#2298 = ORIENTED_EDGE('',*,*,#2299,.F.);
#2299 = EDGE_CURVE('',#937,#2300,#2302,.T.);
#2300 = VERTEX_POINT('',#2301);
#2301 = CARTESIAN_POINT('',(8.2,75.,16.));
#2302 = SURFACE_CURVE('',#2303,(#2307,#2314),.PCURVE_S1.);
#2303 = LINE('',#2304,#2305);
#2304 = CARTESIAN_POINT('',(6.,75.,16.));
#2305 = VECTOR('',#2306,1.);
#2306 = DIRECTION('',(1.,0.,0.));
#2307 = PCURVE('',#920,#2308);
#2308 = DEFINITIONAL_REPRESENTATION('',(#2309),#2313);
#2309 = LINE('',#2310,#2311);
#2310 = CARTESIAN_POINT('',(1.,0.));
#2311 = VECTOR('',#2312,1.);
#2312 = DIRECTION('',(0.,-1.));
#2313 = ( GEOMETRIC_REPRESENTATION_CONTEXT(2) 
PARAMETRIC_REPRESENTATION_CONTEXT() REPRESENTATION_CONTEXT('2D SPACE',''
  ) );
#2314 = PCURVE('',#2315,#2320);
#2315 = PLANE('',#2316);
#2316 = AXIS2_PLACEMENT_3D('',#2317,#2318,#2319);
#2317 = CARTESIAN_POINT('',(6.,75.,16.));
#2318 = DIRECTION('',(-0.,1.,0.));
#2319 = DIRECTION('',(0.,0.,-1.));
#2320 = DEFINITIONAL_REPRESENTATION('',(#2321),#2325);
#2321 = LINE('',#2322,#2323);
#2322 = CARTESIAN_POINT('',(0.,0.));
#2323 = VECTOR('',#2324,1.);
#2324 = DIRECTION('',(0.,-1.));
#2325 = ( GEOMETRIC_REPRESENTATION_CONTEXT(2) 
PARAMETRIC_REPRESENTATION_CONTEXT() REPRESENTATION_CONTEXT('2D SPACE',''
  ) );
#2326 = ORIENTED_EDGE('',*,*,#936,.F.);
#2327 = ORIENTED_EDGE('',*,*,#900,.T.);
#2328 = ORIENTED_EDGE('',*,*,#2127,.T.);
#2329 = ORIENTED_EDGE('',*,*,#2330,.F.);
#2330 = EDGE_CURVE('',#1799,#2128,#2331,.T.);
#2331 = SURFACE_CURVE('',#2332,(#2336,#2343),.PCURVE_S1.);
#2332 = B_SPLINE_CURVE_WITH_KNOTS('',2,(#2333,#2334,#2335),
  .UNSPECIFIED.,.F.,.F.,(3,3),(0.,1.),.PIECEWISE_BEZIER_KNOTS.);
#2333 = CARTESIAN_POINT('',(6.,68.5,3.));
#2334 = CARTESIAN_POINT('',(6.,71.75,3.));
#2335 = CARTESIAN_POINT('',(6.,75.,16.));
#2336 = PCURVE('',#920,#2337);
#2337 = DEFINITIONAL_REPRESENTATION('',(#2338),#2342);
#2338 = LINE('',#2339,#2340);
#2339 = CARTESIAN_POINT('',(0.,0.));
#2340 = VECTOR('',#2341,1.);
#2341 = DIRECTION('',(1.,0.));
#2342 = ( GEOMETRIC_REPRESENTATION_CONTEXT(2) 
PARAMETRIC_REPRESENTATION_CONTEXT() REPRESENTATION_CONTEXT('2D SPACE',''
  ) );
#2343 = PCURVE('',#1837,#2344);
#2344 = DEFINITIONAL_REPRESENTATION('',(#2345),#2349);
#2345 = B_SPLINE_CURVE_WITH_KNOTS('',2,(#2346,#2347,#2348),
  .UNSPECIFIED.,.F.,.F.,(3,3),(0.,1.),.PIECEWISE_BEZIER_KNOTS.);
#2346 = CARTESIAN_POINT('',(5.104869081029,4.74771827212));
#2347 = CARTESIAN_POINT('',(5.104869081029,1.49771827212));
#2348 = CARTESIAN_POINT('',(-7.895130918971,-1.75228172788));
#2349 = ( GEOMETRIC_REPRESENTATION_CONTEXT(2) 
PARAMETRIC_REPRESENTATION_CONTEXT() REPRESENTATION_CONTEXT('2D SPACE',''
  ) );
#2350 = ORIENTED_EDGE('',*,*,#1798,.T.);
#2351 = ORIENTED_EDGE('',*,*,#2352,.T.);
#2352 = EDGE_CURVE('',#1776,#2300,#2353,.T.);
#2353 = SURFACE_CURVE('',#2354,(#2393,#2417),.PCURVE_S1.);
#2354 = B_SPLINE_CURVE_WITH_KNOTS('',10,(#2355,#2356,#2357,#2358,#2359,
    #2360,#2361,#2362,#2363,#2364,#2365,#2366,#2367,#2368,#2369,#2370,
    #2371,#2372,#2373,#2374,#2375,#2376,#2377,#2378,#2379,#2380,#2381,
    #2382,#2383,#2384,#2385,#2386,#2387,#2388,#2389,#2390,#2391,#2392),
  .UNSPECIFIED.,.F.,.F.,(11,9,9,9,11),(-0.884673324067,
    -2.827494419663E-14,7.551634534365,15.103269068731,15.598350230582),
  .UNSPECIFIED.);
#2355 = CARTESIAN_POINT('',(8.2,67.615326675933,3.));
#2356 = CARTESIAN_POINT('',(8.2,67.754187619221,3.));
#2357 = CARTESIAN_POINT('',(8.2,67.881849982313,3.));
#2358 = CARTESIAN_POINT('',(8.2,67.998313765209,3.));
#2359 = CARTESIAN_POINT('',(8.2,68.10357896791,3.));
#2360 = CARTESIAN_POINT('',(8.2,68.197645590414,3.));
#2361 = CARTESIAN_POINT('',(8.2,68.280513632723,3.));
#2362 = CARTESIAN_POINT('',(8.2,68.352183094836,3.));
#2363 = CARTESIAN_POINT('',(8.2,68.412653976753,3.));
#2364 = CARTESIAN_POINT('',(8.2,68.461926278474,3.));
#2365 = CARTESIAN_POINT('',(8.2,68.825000000002,3.));
#2366 = CARTESIAN_POINT('',(8.199999999999,69.149999999991,
    3.072222222222));
#2367 = CARTESIAN_POINT('',(8.200000000002,69.47500000002,3.216666666668
    ));
#2368 = CARTESIAN_POINT('',(8.199999999996,69.79999999997,3.433333333332
    ));
#2369 = CARTESIAN_POINT('',(8.200000000004,70.125000000034,
    3.722222222224));
#2370 = CARTESIAN_POINT('',(8.199999999996,70.449999999971,
    4.083333333332));
#2371 = CARTESIAN_POINT('',(8.200000000002,70.775000000019,
    4.516666666667));
#2372 = CARTESIAN_POINT('',(8.199999999999,71.099999999991,
    5.022222222222));
#2373 = CARTESIAN_POINT('',(8.2,71.425000000003,5.6));
#2374 = CARTESIAN_POINT('',(8.2,72.074999999997,6.9));
#2375 = CARTESIAN_POINT('',(8.200000000002,72.400000000015,
    7.622222222224));
#2376 = CARTESIAN_POINT('',(8.199999999996,72.724999999965,
    8.416666666662));
#2377 = CARTESIAN_POINT('',(8.200000000006,73.050000000054,
    9.283333333341));
#2378 = CARTESIAN_POINT('',(8.199999999993,73.374999999941,
    10.222222222214));
#2379 = CARTESIAN_POINT('',(8.200000000005,73.700000000048,
    11.23333333334));
#2380 = CARTESIAN_POINT('',(8.199999999997,74.024999999972,
    12.316666666663));
#2381 = CARTESIAN_POINT('',(8.200000000001,74.350000000012,
    13.472222222224));
#2382 = CARTESIAN_POINT('',(8.2,74.674999999997,14.7));
#2383 = CARTESIAN_POINT('',(8.2,75.021306827929,16.085227311714));
#2384 = CARTESIAN_POINT('',(8.2,75.04264691182,16.170587647278));
#2385 = CARTESIAN_POINT('',(8.2,75.064020251674,16.256081006693));
#2386 = CARTESIAN_POINT('',(8.2,75.085426847491,16.341707389959));
#2387 = CARTESIAN_POINT('',(8.2,75.10686669927,16.427466797076));
#2388 = CARTESIAN_POINT('',(8.2,75.128339807012,16.513359228043));
#2389 = CARTESIAN_POINT('',(8.2,75.149846170717,16.599384682862));
#2390 = CARTESIAN_POINT('',(8.2,75.171385790384,16.685543161531));
#2391 = CARTESIAN_POINT('',(8.2,75.192958666014,16.771834664051));
#2392 = CARTESIAN_POINT('',(8.2,75.214564797607,16.858259190422));
#2393 = PCURVE('',#920,#2394);
#2394 = DEFINITIONAL_REPRESENTATION('',(#2395),#2416);
#2395 = B_SPLINE_CURVE_WITH_KNOTS('',10,(#2396,#2397,#2398,#2399,#2400,
    #2401,#2402,#2403,#2404,#2405,#2406,#2407,#2408,#2409,#2410,#2411,
    #2412,#2413,#2414,#2415),.UNSPECIFIED.,.F.,.F.,(11,9,11),(
    -2.827494419663E-14,7.551634534365,15.103269068731),.UNSPECIFIED.);
#2396 = CARTESIAN_POINT('',(-7.216449660064E-16,-2.2));
#2397 = CARTESIAN_POINT('',(5.000000000001E-02,-2.2));
#2398 = CARTESIAN_POINT('',(9.999999999996E-02,-2.2));
#2399 = CARTESIAN_POINT('',(0.15,-2.2));
#2400 = CARTESIAN_POINT('',(0.2,-2.199999999999));
#2401 = CARTESIAN_POINT('',(0.25,-2.200000000001));
#2402 = CARTESIAN_POINT('',(0.3,-2.199999999999));
#2403 = CARTESIAN_POINT('',(0.35,-2.2));
#2404 = CARTESIAN_POINT('',(0.4,-2.2));
#2405 = CARTESIAN_POINT('',(0.45,-2.2));
#2406 = CARTESIAN_POINT('',(0.55,-2.2));
#2407 = CARTESIAN_POINT('',(0.6,-2.2));
#2408 = CARTESIAN_POINT('',(0.65,-2.199999999999));
#2409 = CARTESIAN_POINT('',(0.700000000001,-2.200000000001));
#2410 = CARTESIAN_POINT('',(0.749999999999,-2.199999999999));
#2411 = CARTESIAN_POINT('',(0.8,-2.200000000001));
#2412 = CARTESIAN_POINT('',(0.85,-2.2));
#2413 = CARTESIAN_POINT('',(0.9,-2.2));
#2414 = CARTESIAN_POINT('',(0.95,-2.2));
#2415 = CARTESIAN_POINT('',(1.,-2.2));
#2416 = ( GEOMETRIC_REPRESENTATION_CONTEXT(2) 
PARAMETRIC_REPRESENTATION_CONTEXT() REPRESENTATION_CONTEXT('2D SPACE',''
  ) );
#2417 = PCURVE('',#2418,#2533);
#2418 = ( BOUNDED_SURFACE() B_SPLINE_SURFACE(2,10,(
    (#2419,#2420,#2421,#2422,#2423,#2424,#2425,#2426,#2427,#2428,#2429
      ,#2430,#2431,#2432,#2433,#2434,#2435,#2436,#2437,#2438,#2439,#2440
      ,#2441,#2442,#2443,#2444,#2445,#2446,#2447,#2448,#2449,#2450,#2451
      ,#2452,#2453,#2454,#2455,#2456)
    ,(#2457,#2458,#2459,#2460,#2461,#2462,#2463,#2464,#2465,#2466,#2467
      ,#2468,#2469,#2470,#2471,#2472,#2473,#2474,#2475,#2476,#2477,#2478
      ,#2479,#2480,#2481,#2482,#2483,#2484,#2485,#2486,#2487,#2488,#2489
      ,#2490,#2491,#2492,#2493,#2494)
    ,(#2495,#2496,#2497,#2498,#2499,#2500,#2501,#2502,#2503,#2504,#2505
      ,#2506,#2507,#2508,#2509,#2510,#2511,#2512,#2513,#2514,#2515,#2516
      ,#2517,#2518,#2519,#2520,#2521,#2522,#2523,#2524,#2525,#2526,#2527
      ,#2528,#2529,#2530,#2531,#2532
)),.UNSPECIFIED.,.F.,.F.,.F.) B_SPLINE_SURFACE_WITH_KNOTS((3,3),(11,9,9,
    9,11),(0.,15.103269068731),(-0.884673324067,-2.827494419663E-14,
    7.551634534365,15.103269068731,15.598350230582),.UNSPECIFIED.) 
GEOMETRIC_REPRESENTATION_ITEM() RATIONAL_B_SPLINE_SURFACE((
    (1.,1.,1.,1.,1.,1.,1.,1.,1.,1.,1.,1.,1.,1.,1.,1.,1.,1.,1.,1.,1.,1.
      ,1.,1.,1.,1.,1.,1.,1.,1.,1.,1.,1.,1.,1.,1.,1.,1.)
    ,(0.707106781187,0.707106781187,0.707106781187,0.707106781187
      ,0.707106781187,0.707106781187,0.707106781187,0.707106781187
      ,0.707106781187,0.707106781187,0.707106781187,0.707106781187
      ,0.707106781187,0.707106781187,0.707106781187,0.707106781187
      ,0.707106781187,0.707106781187,0.707106781187,0.707106781187
      ,0.707106781187,0.707106781186,0.707106781187,0.707106781186
      ,0.707106781187,0.707106781186,0.707106781187,0.707106781187
      ,0.707106781187,0.707106781187,0.707106781187,0.707106781187
      ,0.707106781187,0.707106781187,0.707106781187,0.707106781187
      ,0.707106781187,0.707106781187)
    ,(1.,1.,1.,1.,1.,1.,1.,1.,1.,1.,1.,1.,1.,1.,1.,1.,1.,1.,1.,1.,1.,1.
      ,1.,1.,1.,1.,1.,1.,1.,1.,1.,1.,1.,1.,1.,1.,1.,1.
))) REPRESENTATION_ITEM('') SURFACE() );
#2419 = CARTESIAN_POINT('',(8.2,67.615326675933,3.));
#2420 = CARTESIAN_POINT('',(8.2,67.754187619221,3.));
#2421 = CARTESIAN_POINT('',(8.2,67.881849982313,3.));
#2422 = CARTESIAN_POINT('',(8.2,67.998313765209,3.));
#2423 = CARTESIAN_POINT('',(8.2,68.10357896791,3.));
#2424 = CARTESIAN_POINT('',(8.2,68.197645590414,3.));
#2425 = CARTESIAN_POINT('',(8.2,68.280513632723,3.));
#2426 = CARTESIAN_POINT('',(8.2,68.352183094836,3.));
#2427 = CARTESIAN_POINT('',(8.2,68.412653976753,3.));
#2428 = CARTESIAN_POINT('',(8.2,68.461926278474,3.));
#2429 = CARTESIAN_POINT('',(8.2,68.825000000002,3.));
#2430 = CARTESIAN_POINT('',(8.199999999999,69.149999999991,
    3.072222222222));
#2431 = CARTESIAN_POINT('',(8.200000000002,69.47500000002,3.216666666668
    ));
#2432 = CARTESIAN_POINT('',(8.199999999996,69.79999999997,3.433333333332
    ));
#2433 = CARTESIAN_POINT('',(8.200000000004,70.125000000034,
    3.722222222224));
#2434 = CARTESIAN_POINT('',(8.199999999996,70.449999999971,
    4.083333333332));
#2435 = CARTESIAN_POINT('',(8.200000000002,70.775000000019,
    4.516666666667));
#2436 = CARTESIAN_POINT('',(8.199999999999,71.099999999991,
    5.022222222222));
#2437 = CARTESIAN_POINT('',(8.2,71.425000000003,5.6));
#2438 = CARTESIAN_POINT('',(8.2,72.074999999997,6.9));
#2439 = CARTESIAN_POINT('',(8.200000000002,72.400000000015,
    7.622222222224));
#2440 = CARTESIAN_POINT('',(8.199999999996,72.724999999965,
    8.416666666662));
#2441 = CARTESIAN_POINT('',(8.200000000006,73.050000000054,
    9.283333333341));
#2442 = CARTESIAN_POINT('',(8.199999999993,73.374999999941,
    10.222222222214));
#2443 = CARTESIAN_POINT('',(8.200000000005,73.700000000048,
    11.23333333334));
#2444 = CARTESIAN_POINT('',(8.199999999997,74.024999999972,
    12.316666666663));
#2445 = CARTESIAN_POINT('',(8.200000000001,74.350000000012,
    13.472222222224));
#2446 = CARTESIAN_POINT('',(8.2,74.674999999997,14.7));
#2447 = CARTESIAN_POINT('',(8.2,75.021306827929,16.085227311714));
#2448 = CARTESIAN_POINT('',(8.2,75.04264691182,16.170587647278));
#2449 = CARTESIAN_POINT('',(8.2,75.064020251674,16.256081006693));
#2450 = CARTESIAN_POINT('',(8.2,75.085426847491,16.341707389959));
#2451 = CARTESIAN_POINT('',(8.2,75.10686669927,16.427466797076));
#2452 = CARTESIAN_POINT('',(8.2,75.128339807012,16.513359228043));
#2453 = CARTESIAN_POINT('',(8.2,75.149846170717,16.599384682862));
#2454 = CARTESIAN_POINT('',(8.2,75.171385790384,16.685543161531));
#2455 = CARTESIAN_POINT('',(8.2,75.192958666014,16.771834664051));
#2456 = CARTESIAN_POINT('',(8.2,75.214564797607,16.858259190422));
#2457 = CARTESIAN_POINT('',(9.,67.615326675933,3.));
#2458 = CARTESIAN_POINT('',(9.,67.754187619221,3.));
#2459 = CARTESIAN_POINT('',(9.,67.881849982313,3.));
#2460 = CARTESIAN_POINT('',(9.,67.99831376521,3.));
#2461 = CARTESIAN_POINT('',(9.,68.10357896791,3.));
#2462 = CARTESIAN_POINT('',(9.,68.197645590415,3.));
#2463 = CARTESIAN_POINT('',(9.,68.280513632724,3.));
#2464 = CARTESIAN_POINT('',(9.,68.352183094837,3.));
#2465 = CARTESIAN_POINT('',(9.,68.412653976754,3.));
#2466 = CARTESIAN_POINT('',(9.,68.461926278475,3.));
#2467 = CARTESIAN_POINT('',(9.,68.825,3.));
#2468 = CARTESIAN_POINT('',(9.,69.15,3.072222222223));
#2469 = CARTESIAN_POINT('',(9.,69.475000000002,3.216666666666));
#2470 = CARTESIAN_POINT('',(9.,69.799999999997,3.433333333335));
#2471 = CARTESIAN_POINT('',(9.,70.125000000003,3.72222222222));
#2472 = CARTESIAN_POINT('',(9.,70.449999999998,4.083333333335));
#2473 = CARTESIAN_POINT('',(9.,70.775000000001,4.516666666665));
#2474 = CARTESIAN_POINT('',(9.,71.1,5.022222222223));
#2475 = CARTESIAN_POINT('',(9.,71.425,5.6));
#2476 = CARTESIAN_POINT('',(9.,72.075,6.9));
#2477 = CARTESIAN_POINT('',(9.,72.4,7.622222222222));
#2478 = CARTESIAN_POINT('',(9.,72.725,8.416666666667));
#2479 = CARTESIAN_POINT('',(9.,73.05,9.283333333333));
#2480 = CARTESIAN_POINT('',(9.,73.375,10.222222222223));
#2481 = CARTESIAN_POINT('',(9.,73.7,11.233333333332));
#2482 = CARTESIAN_POINT('',(9.,74.025,12.316666666667));
#2483 = CARTESIAN_POINT('',(9.,74.35,13.472222222222));
#2484 = CARTESIAN_POINT('',(9.,74.675,14.7));
#2485 = CARTESIAN_POINT('',(9.,75.021306827928,16.085227311714));
#2486 = CARTESIAN_POINT('',(9.,75.042646911819,16.170587647278));
#2487 = CARTESIAN_POINT('',(9.,75.064020251673,16.256081006693));
#2488 = CARTESIAN_POINT('',(9.,75.08542684749,16.341707389959));
#2489 = CARTESIAN_POINT('',(9.,75.106866699269,16.427466797076));
#2490 = CARTESIAN_POINT('',(9.,75.128339807011,16.513359228044));
#2491 = CARTESIAN_POINT('',(9.,75.149846170715,16.599384682862));
#2492 = CARTESIAN_POINT('',(9.,75.171385790383,16.685543161531));
#2493 = CARTESIAN_POINT('',(9.,75.192958666013,16.771834664051));
#2494 = CARTESIAN_POINT('',(9.,75.214564797606,16.858259190422));
#2495 = CARTESIAN_POINT('',(9.,67.615326675933,2.2));
#2496 = CARTESIAN_POINT('',(9.,67.735443633239,2.2));
#2497 = CARTESIAN_POINT('',(9.,67.848527340568,2.2));
#2498 = CARTESIAN_POINT('',(9.,67.954577797919,2.2));
#2499 = CARTESIAN_POINT('',(9.,68.053595005292,2.2));
#2500 = CARTESIAN_POINT('',(9.,68.145578962687,2.2));
#2501 = CARTESIAN_POINT('',(9.,68.230529670105,2.2));
#2502 = CARTESIAN_POINT('',(9.,68.308447127545,2.2));
#2503 = CARTESIAN_POINT('',(9.,68.379331335008,2.2));
#2504 = CARTESIAN_POINT('',(9.,68.443182292493,2.2));
#2505 = CARTESIAN_POINT('',(9.,68.985000000002,2.2));
#2506 = CARTESIAN_POINT('',(8.999999999999,69.469777886757,
    2.307572740684));
#2507 = CARTESIAN_POINT('',(9.000000000002,69.92996249234,2.524422587155
    ));
#2508 = CARTESIAN_POINT('',(8.999999999996,70.326867599563,
    2.821580239399));
#2509 = CARTESIAN_POINT('',(9.000000000004,70.71375082154,3.161487171144
    ));
#2510 = CARTESIAN_POINT('',(8.999999999996,71.078731036486,
    3.583090693941));
#2511 = CARTESIAN_POINT('',(9.000000000002,71.434718063107,4.05775367763
    ));
#2512 = CARTESIAN_POINT('',(8.999999999999,71.78311707301,4.602926489719
    ));
#2513 = CARTESIAN_POINT('',(9.,72.126230917747,5.213607453488));
#2514 = CARTESIAN_POINT('',(9.,72.804852587853,6.570850793712));
#2515 = CARTESIAN_POINT('',(9.000000000002,73.140364711258,
    7.317237919208));
#2516 = CARTESIAN_POINT('',(8.999999999996,73.473444087849,
    8.132364374925));
#2517 = CARTESIAN_POINT('',(9.000000000007,73.804888247062,
    9.016959197529));
#2518 = CARTESIAN_POINT('',(8.999999999993,74.135147824026,
    9.971564197935));
#2519 = CARTESIAN_POINT('',(9.000000000006,74.464491117385,
    10.996582587657));
#2520 = CARTESIAN_POINT('',(8.999999999997,74.793111658768,
    12.092318618456));
#2521 = CARTESIAN_POINT('',(9.000000000001,75.121178799953,
    13.259008236029));
#2522 = CARTESIAN_POINT('',(9.,75.448831311878,14.496840747028));
#2523 = CARTESIAN_POINT('',(9.,75.797570479877,15.891797419013));
#2524 = CARTESIAN_POINT('',(9.,75.819026959638,15.977623338055));
#2525 = CARTESIAN_POINT('',(9.,75.840483439398,16.063449257097));
#2526 = CARTESIAN_POINT('',(9.,75.861939919159,16.14927517614));
#2527 = CARTESIAN_POINT('',(9.,75.88339639892,16.235101095182));
#2528 = CARTESIAN_POINT('',(9.,75.904852878681,16.320927014224));
#2529 = CARTESIAN_POINT('',(9.,75.926309358441,16.406752933266));
#2530 = CARTESIAN_POINT('',(9.,75.947765838202,16.492578852308));
#2531 = CARTESIAN_POINT('',(9.,75.969222317963,16.578404771351));
#2532 = CARTESIAN_POINT('',(9.,75.990678797724,16.664230690393));
#2533 = DEFINITIONAL_REPRESENTATION('',(#2534),#2538);
#2534 = LINE('',#2535,#2536);
#2535 = CARTESIAN_POINT('',(0.,0.));
#2536 = VECTOR('',#2537,1.);
#2537 = DIRECTION('',(0.,1.));
#2538 = ( GEOMETRIC_REPRESENTATION_CONTEXT(2) 
PARAMETRIC_REPRESENTATION_CONTEXT() REPRESENTATION_CONTEXT('2D SPACE',''
  ) );
#2539 = ADVANCED_FACE('',(#2540),#974,.T.);
#2540 = FACE_BOUND('',#2541,.T.);
#2541 = EDGE_LOOP('',(#2542,#2569,#2596,#2597));
#2542 = ORIENTED_EDGE('',*,*,#2543,.F.);
#2543 = EDGE_CURVE('',#2544,#937,#2546,.T.);
#2544 = VERTEX_POINT('',#2545);
#2545 = CARTESIAN_POINT('',(9.,76.4,16.));
#2546 = SURFACE_CURVE('',#2547,(#2552,#2558),.PCURVE_S1.);
#2547 = CIRCLE('',#2548,1.4);
#2548 = AXIS2_PLACEMENT_3D('',#2549,#2550,#2551);
#2549 = CARTESIAN_POINT('',(7.6,76.4,16.));
#2550 = DIRECTION('',(0.,-0.,-1.));
#2551 = DIRECTION('',(1.,0.,-0.));
#2552 = PCURVE('',#974,#2553);
#2553 = DEFINITIONAL_REPRESENTATION('',(#2554),#2557);
#2554 = B_SPLINE_CURVE_WITH_KNOTS('',1,(#2555,#2556),.UNSPECIFIED.,.F.,
  .F.,(2,2),(0.,1.570796326795),.PIECEWISE_BEZIER_KNOTS.);
#2555 = CARTESIAN_POINT('',(0.,0.));
#2556 = CARTESIAN_POINT('',(0.,1.570796326795));
#2557 = ( GEOMETRIC_REPRESENTATION_CONTEXT(2) 
PARAMETRIC_REPRESENTATION_CONTEXT() REPRESENTATION_CONTEXT('2D SPACE',''
  ) );
#2558 = PCURVE('',#2559,#2564);
#2559 = CYLINDRICAL_SURFACE('',#2560,1.4);
#2560 = AXIS2_PLACEMENT_3D('',#2561,#2562,#2563);
#2561 = CARTESIAN_POINT('',(7.6,76.4,3.));
#2562 = DIRECTION('',(0.,0.,1.));
#2563 = DIRECTION('',(1.,0.,-0.));
#2564 = DEFINITIONAL_REPRESENTATION('',(#2565),#2568);
#2565 = B_SPLINE_CURVE_WITH_KNOTS('',1,(#2566,#2567),.UNSPECIFIED.,.F.,
  .F.,(2,2),(0.,1.570796326795),.PIECEWISE_BEZIER_KNOTS.);
#2566 = CARTESIAN_POINT('',(0.,13.));
#2567 = CARTESIAN_POINT('',(-1.570796326795,13.));
#2568 = ( GEOMETRIC_REPRESENTATION_CONTEXT(2) 
PARAMETRIC_REPRESENTATION_CONTEXT() REPRESENTATION_CONTEXT('2D SPACE',''
  ) );
#2569 = ORIENTED_EDGE('',*,*,#2570,.T.);
#2570 = EDGE_CURVE('',#2544,#2046,#2571,.T.);
#2571 = SURFACE_CURVE('',#2572,(#2577,#2584),.PCURVE_S1.);
#2572 = CIRCLE('',#2573,9.);
#2573 = AXIS2_PLACEMENT_3D('',#2574,#2575,#2576);
#2574 = CARTESIAN_POINT('',(0.,76.4,16.));
#2575 = DIRECTION('',(0.,-1.,-0.));
#2576 = DIRECTION('',(1.,0.,0.));
#2577 = PCURVE('',#974,#2578);
#2578 = DEFINITIONAL_REPRESENTATION('',(#2579),#2583);
#2579 = LINE('',#2580,#2581);
#2580 = CARTESIAN_POINT('',(0.,0.));
#2581 = VECTOR('',#2582,1.);
#2582 = DIRECTION('',(1.,0.));
#2583 = ( GEOMETRIC_REPRESENTATION_CONTEXT(2) 
PARAMETRIC_REPRESENTATION_CONTEXT() REPRESENTATION_CONTEXT('2D SPACE',''
  ) );
#2584 = PCURVE('',#2585,#2590);
#2585 = CYLINDRICAL_SURFACE('',#2586,9.);
#2586 = AXIS2_PLACEMENT_3D('',#2587,#2588,#2589);
#2587 = CARTESIAN_POINT('',(0.,81.,16.));
#2588 = DIRECTION('',(-0.,1.,-0.));
#2589 = DIRECTION('',(1.,0.,0.));
#2590 = DEFINITIONAL_REPRESENTATION('',(#2591),#2595);
#2591 = LINE('',#2592,#2593);
#2592 = CARTESIAN_POINT('',(-0.,-4.6));
#2593 = VECTOR('',#2594,1.);
#2594 = DIRECTION('',(-1.,0.));
#2595 = ( GEOMETRIC_REPRESENTATION_CONTEXT(2) 
PARAMETRIC_REPRESENTATION_CONTEXT() REPRESENTATION_CONTEXT('2D SPACE',''
  ) );
#2596 = ORIENTED_EDGE('',*,*,#2045,.T.);
#2597 = ORIENTED_EDGE('',*,*,#959,.F.);
#2598 = ADVANCED_FACE('',(#2599),#1034,.F.);
#2599 = FACE_BOUND('',#2600,.F.);
#2600 = EDGE_LOOP('',(#2601,#2624,#2625,#2648));
#2601 = ORIENTED_EDGE('',*,*,#2602,.T.);
#2602 = EDGE_CURVE('',#2603,#1012,#2605,.T.);
#2603 = VERTEX_POINT('',#2604);
#2604 = CARTESIAN_POINT('',(2.25,81.,7.));
#2605 = SURFACE_CURVE('',#2606,(#2610,#2617),.PCURVE_S1.);
#2606 = LINE('',#2607,#2608);
#2607 = CARTESIAN_POINT('',(2.25,81.,7.));
#2608 = VECTOR('',#2609,1.);
#2609 = DIRECTION('',(0.,-1.,0.));
#2610 = PCURVE('',#1034,#2611);
#2611 = DEFINITIONAL_REPRESENTATION('',(#2612),#2616);
#2612 = LINE('',#2613,#2614);
#2613 = CARTESIAN_POINT('',(0.,0.));
#2614 = VECTOR('',#2615,1.);
#2615 = DIRECTION('',(0.,-1.));
#2616 = ( GEOMETRIC_REPRESENTATION_CONTEXT(2) 
PARAMETRIC_REPRESENTATION_CONTEXT() REPRESENTATION_CONTEXT('2D SPACE',''
  ) );
#2617 = PCURVE('',#1121,#2618);
#2618 = DEFINITIONAL_REPRESENTATION('',(#2619),#2623);
#2619 = LINE('',#2620,#2621);
#2620 = CARTESIAN_POINT('',(12.,0.));
#2621 = VECTOR('',#2622,1.);
#2622 = DIRECTION('',(0.,-1.));
#2623 = ( GEOMETRIC_REPRESENTATION_CONTEXT(2) 
PARAMETRIC_REPRESENTATION_CONTEXT() REPRESENTATION_CONTEXT('2D SPACE',''
  ) );
#2624 = ORIENTED_EDGE('',*,*,#1011,.T.);
#2625 = ORIENTED_EDGE('',*,*,#2626,.F.);
#2626 = EDGE_CURVE('',#2627,#1014,#2629,.T.);
#2627 = VERTEX_POINT('',#2628);
#2628 = CARTESIAN_POINT('',(-2.25,81.,7.));
#2629 = SURFACE_CURVE('',#2630,(#2634,#2641),.PCURVE_S1.);
#2630 = LINE('',#2631,#2632);
#2631 = CARTESIAN_POINT('',(-2.25,81.,7.));
#2632 = VECTOR('',#2633,1.);
#2633 = DIRECTION('',(0.,-1.,0.));
#2634 = PCURVE('',#1034,#2635);
#2635 = DEFINITIONAL_REPRESENTATION('',(#2636),#2640);
#2636 = LINE('',#2637,#2638);
#2637 = CARTESIAN_POINT('',(3.14159265359,0.));
#2638 = VECTOR('',#2639,1.);
#2639 = DIRECTION('',(0.,-1.));
#2640 = ( GEOMETRIC_REPRESENTATION_CONTEXT(2) 
PARAMETRIC_REPRESENTATION_CONTEXT() REPRESENTATION_CONTEXT('2D SPACE',''
  ) );
#2641 = PCURVE('',#1062,#2642);
#2642 = DEFINITIONAL_REPRESENTATION('',(#2643),#2647);
#2643 = LINE('',#2644,#2645);
#2644 = CARTESIAN_POINT('',(0.,0.));
#2645 = VECTOR('',#2646,1.);
#2646 = DIRECTION('',(0.,-1.));
#2647 = ( GEOMETRIC_REPRESENTATION_CONTEXT(2) 
PARAMETRIC_REPRESENTATION_CONTEXT() REPRESENTATION_CONTEXT('2D SPACE',''
  ) );
#2648 = ORIENTED_EDGE('',*,*,#2649,.F.);
#2649 = EDGE_CURVE('',#2603,#2627,#2650,.T.);
#2650 = SURFACE_CURVE('',#2651,(#2656,#2663),.PCURVE_S1.);
#2651 = CIRCLE('',#2652,2.25);
#2652 = AXIS2_PLACEMENT_3D('',#2653,#2654,#2655);
#2653 = CARTESIAN_POINT('',(-6.661338147751E-16,81.,7.));
#2654 = DIRECTION('',(0.,1.,0.));
#2655 = DIRECTION('',(1.,0.,-1.110223024625E-16));
#2656 = PCURVE('',#1034,#2657);
#2657 = DEFINITIONAL_REPRESENTATION('',(#2658),#2662);
#2658 = LINE('',#2659,#2660);
#2659 = CARTESIAN_POINT('',(0.,0.));
#2660 = VECTOR('',#2661,1.);
#2661 = DIRECTION('',(1.,0.));
#2662 = ( GEOMETRIC_REPRESENTATION_CONTEXT(2) 
PARAMETRIC_REPRESENTATION_CONTEXT() REPRESENTATION_CONTEXT('2D SPACE',''
  ) );
#2663 = PCURVE('',#2664,#2669);
#2664 = PLANE('',#2665);
#2665 = AXIS2_PLACEMENT_3D('',#2666,#2667,#2668);
#2666 = CARTESIAN_POINT('',(0.,81.,12.299945287508));
#2667 = DIRECTION('',(-0.,-1.,-0.));
#2668 = DIRECTION('',(0.,0.,-1.));
#2669 = DEFINITIONAL_REPRESENTATION('',(#2670),#2678);
#2670 = ( BOUNDED_CURVE() B_SPLINE_CURVE(2,(#2671,#2672,#2673,#2674,
#2675,#2676,#2677),.UNSPECIFIED.,.T.,.F.) B_SPLINE_CURVE_WITH_KNOTS((1,2
    ,2,2,2,1),(-2.094395102393,0.,2.094395102393,4.188790204786,
6.28318530718,8.377580409573),.UNSPECIFIED.) CURVE() 
GEOMETRIC_REPRESENTATION_ITEM() RATIONAL_B_SPLINE_CURVE((1.,0.5,1.,0.5,
1.,0.5,1.)) REPRESENTATION_ITEM('') );
#2671 = CARTESIAN_POINT('',(5.299945287508,2.25));
#2672 = CARTESIAN_POINT('',(9.197059604538,2.25));
#2673 = CARTESIAN_POINT('',(7.248502446023,-1.125));
#2674 = CARTESIAN_POINT('',(5.299945287508,-4.5));
#2675 = CARTESIAN_POINT('',(3.351388128993,-1.125));
#2676 = CARTESIAN_POINT('',(1.402830970478,2.25));
#2677 = CARTESIAN_POINT('',(5.299945287508,2.25));
#2678 = ( GEOMETRIC_REPRESENTATION_CONTEXT(2) 
PARAMETRIC_REPRESENTATION_CONTEXT() REPRESENTATION_CONTEXT('2D SPACE',''
  ) );
#2679 = ADVANCED_FACE('',(#2680),#1121,.F.);
#2680 = FACE_BOUND('',#2681,.F.);
#2681 = EDGE_LOOP('',(#2682,#2705,#2706,#2707));
#2682 = ORIENTED_EDGE('',*,*,#2683,.T.);
#2683 = EDGE_CURVE('',#2684,#1075,#2686,.T.);
#2684 = VERTEX_POINT('',#2685);
#2685 = CARTESIAN_POINT('',(2.25,81.,19.));
#2686 = SURFACE_CURVE('',#2687,(#2691,#2698),.PCURVE_S1.);
#2687 = LINE('',#2688,#2689);
#2688 = CARTESIAN_POINT('',(2.25,81.,19.));
#2689 = VECTOR('',#2690,1.);
#2690 = DIRECTION('',(0.,-1.,0.));
#2691 = PCURVE('',#1121,#2692);
#2692 = DEFINITIONAL_REPRESENTATION('',(#2693),#2697);
#2693 = LINE('',#2694,#2695);
#2694 = CARTESIAN_POINT('',(-0.,0.));
#2695 = VECTOR('',#2696,1.);
#2696 = DIRECTION('',(0.,-1.));
#2697 = ( GEOMETRIC_REPRESENTATION_CONTEXT(2) 
PARAMETRIC_REPRESENTATION_CONTEXT() REPRESENTATION_CONTEXT('2D SPACE',''
  ) );
#2698 = PCURVE('',#1095,#2699);
#2699 = DEFINITIONAL_REPRESENTATION('',(#2700),#2704);
#2700 = LINE('',#2701,#2702);
#2701 = CARTESIAN_POINT('',(3.14159265359,0.));
#2702 = VECTOR('',#2703,1.);
#2703 = DIRECTION('',(0.,-1.));
#2704 = ( GEOMETRIC_REPRESENTATION_CONTEXT(2) 
PARAMETRIC_REPRESENTATION_CONTEXT() REPRESENTATION_CONTEXT('2D SPACE',''
  ) );
#2705 = ORIENTED_EDGE('',*,*,#1107,.T.);
#2706 = ORIENTED_EDGE('',*,*,#2602,.F.);
#2707 = ORIENTED_EDGE('',*,*,#2708,.F.);
#2708 = EDGE_CURVE('',#2684,#2603,#2709,.T.);
#2709 = SURFACE_CURVE('',#2710,(#2714,#2721),.PCURVE_S1.);
#2710 = LINE('',#2711,#2712);
#2711 = CARTESIAN_POINT('',(2.25,81.,19.));
#2712 = VECTOR('',#2713,1.);
#2713 = DIRECTION('',(-1.110223024625E-16,-0.,-1.));
#2714 = PCURVE('',#1121,#2715);
#2715 = DEFINITIONAL_REPRESENTATION('',(#2716),#2720);
#2716 = LINE('',#2717,#2718);
#2717 = CARTESIAN_POINT('',(-0.,0.));
#2718 = VECTOR('',#2719,1.);
#2719 = DIRECTION('',(1.,0.));
#2720 = ( GEOMETRIC_REPRESENTATION_CONTEXT(2) 
PARAMETRIC_REPRESENTATION_CONTEXT() REPRESENTATION_CONTEXT('2D SPACE',''
  ) );
#2721 = PCURVE('',#2664,#2722);
#2722 = DEFINITIONAL_REPRESENTATION('',(#2723),#2727);
#2723 = LINE('',#2724,#2725);
#2724 = CARTESIAN_POINT('',(-6.700054712492,2.25));
#2725 = VECTOR('',#2726,1.);
#2726 = DIRECTION('',(1.,-1.110223024625E-16));
#2727 = ( GEOMETRIC_REPRESENTATION_CONTEXT(2) 
PARAMETRIC_REPRESENTATION_CONTEXT() REPRESENTATION_CONTEXT('2D SPACE',''
  ) );
#2728 = ADVANCED_FACE('',(#2729),#1095,.F.);
#2729 = FACE_BOUND('',#2730,.F.);
#2730 = EDGE_LOOP('',(#2731,#2754,#2755,#2756));
#2731 = ORIENTED_EDGE('',*,*,#2732,.T.);
#2732 = EDGE_CURVE('',#2733,#1047,#2735,.T.);
#2733 = VERTEX_POINT('',#2734);
#2734 = CARTESIAN_POINT('',(-2.25,81.,19.));
#2735 = SURFACE_CURVE('',#2736,(#2740,#2747),.PCURVE_S1.);
#2736 = LINE('',#2737,#2738);
#2737 = CARTESIAN_POINT('',(-2.25,81.,19.));
#2738 = VECTOR('',#2739,1.);
#2739 = DIRECTION('',(0.,-1.,0.));
#2740 = PCURVE('',#1095,#2741);
#2741 = DEFINITIONAL_REPRESENTATION('',(#2742),#2746);
#2742 = LINE('',#2743,#2744);
#2743 = CARTESIAN_POINT('',(0.,0.));
#2744 = VECTOR('',#2745,1.);
#2745 = DIRECTION('',(0.,-1.));
#2746 = ( GEOMETRIC_REPRESENTATION_CONTEXT(2) 
PARAMETRIC_REPRESENTATION_CONTEXT() REPRESENTATION_CONTEXT('2D SPACE',''
  ) );
#2747 = PCURVE('',#1062,#2748);
#2748 = DEFINITIONAL_REPRESENTATION('',(#2749),#2753);
#2749 = LINE('',#2750,#2751);
#2750 = CARTESIAN_POINT('',(12.,0.));
#2751 = VECTOR('',#2752,1.);
#2752 = DIRECTION('',(0.,-1.));
#2753 = ( GEOMETRIC_REPRESENTATION_CONTEXT(2) 
PARAMETRIC_REPRESENTATION_CONTEXT() REPRESENTATION_CONTEXT('2D SPACE',''
  ) );
#2754 = ORIENTED_EDGE('',*,*,#1074,.T.);
#2755 = ORIENTED_EDGE('',*,*,#2683,.F.);
#2756 = ORIENTED_EDGE('',*,*,#2757,.F.);
#2757 = EDGE_CURVE('',#2733,#2684,#2758,.T.);
#2758 = SURFACE_CURVE('',#2759,(#2764,#2771),.PCURVE_S1.);
#2759 = CIRCLE('',#2760,2.25);
#2760 = AXIS2_PLACEMENT_3D('',#2761,#2762,#2763);
#2761 = CARTESIAN_POINT('',(6.661338147751E-16,81.,19.));
#2762 = DIRECTION('',(0.,1.,-0.));
#2763 = DIRECTION('',(-1.,0.,1.110223024625E-16));
#2764 = PCURVE('',#1095,#2765);
#2765 = DEFINITIONAL_REPRESENTATION('',(#2766),#2770);
#2766 = LINE('',#2767,#2768);
#2767 = CARTESIAN_POINT('',(0.,0.));
#2768 = VECTOR('',#2769,1.);
#2769 = DIRECTION('',(1.,0.));
#2770 = ( GEOMETRIC_REPRESENTATION_CONTEXT(2) 
PARAMETRIC_REPRESENTATION_CONTEXT() REPRESENTATION_CONTEXT('2D SPACE',''
  ) );
#2771 = PCURVE('',#2664,#2772);
#2772 = DEFINITIONAL_REPRESENTATION('',(#2773),#2781);
#2773 = ( BOUNDED_CURVE() B_SPLINE_CURVE(2,(#2774,#2775,#2776,#2777,
#2778,#2779,#2780),.UNSPECIFIED.,.T.,.F.) B_SPLINE_CURVE_WITH_KNOTS((1,2
    ,2,2,2,1),(-2.094395102393,0.,2.094395102393,4.188790204786,
6.28318530718,8.377580409573),.UNSPECIFIED.) CURVE() 
GEOMETRIC_REPRESENTATION_ITEM() RATIONAL_B_SPLINE_CURVE((1.,0.5,1.,0.5,
1.,0.5,1.)) REPRESENTATION_ITEM('') );
#2774 = CARTESIAN_POINT('',(-6.700054712492,-2.25));
#2775 = CARTESIAN_POINT('',(-10.59716902952,-2.25));
#2776 = CARTESIAN_POINT('',(-8.648611871007,1.125));
#2777 = CARTESIAN_POINT('',(-6.700054712492,4.5));
#2778 = CARTESIAN_POINT('',(-4.751497553977,1.125));
#2779 = CARTESIAN_POINT('',(-2.802940395462,-2.25));
#2780 = CARTESIAN_POINT('',(-6.700054712492,-2.25));
#2781 = ( GEOMETRIC_REPRESENTATION_CONTEXT(2) 
PARAMETRIC_REPRESENTATION_CONTEXT() REPRESENTATION_CONTEXT('2D SPACE',''
  ) );
#2782 = ADVANCED_FACE('',(#2783),#1062,.F.);
#2783 = FACE_BOUND('',#2784,.F.);
#2784 = EDGE_LOOP('',(#2785,#2786,#2787,#2788));
#2785 = ORIENTED_EDGE('',*,*,#2626,.T.);
#2786 = ORIENTED_EDGE('',*,*,#1046,.T.);
#2787 = ORIENTED_EDGE('',*,*,#2732,.F.);
#2788 = ORIENTED_EDGE('',*,*,#2789,.F.);
#2789 = EDGE_CURVE('',#2627,#2733,#2790,.T.);
#2790 = SURFACE_CURVE('',#2791,(#2795,#2802),.PCURVE_S1.);
#2791 = LINE('',#2792,#2793);
#2792 = CARTESIAN_POINT('',(-2.25,81.,7.));
#2793 = VECTOR('',#2794,1.);
#2794 = DIRECTION('',(1.110223024625E-16,0.,1.));
#2795 = PCURVE('',#1062,#2796);
#2796 = DEFINITIONAL_REPRESENTATION('',(#2797),#2801);
#2797 = LINE('',#2798,#2799);
#2798 = CARTESIAN_POINT('',(0.,0.));
#2799 = VECTOR('',#2800,1.);
#2800 = DIRECTION('',(1.,0.));
#2801 = ( GEOMETRIC_REPRESENTATION_CONTEXT(2) 
PARAMETRIC_REPRESENTATION_CONTEXT() REPRESENTATION_CONTEXT('2D SPACE',''
  ) );
#2802 = PCURVE('',#2664,#2803);
#2803 = DEFINITIONAL_REPRESENTATION('',(#2804),#2808);
#2804 = LINE('',#2805,#2806);
#2805 = CARTESIAN_POINT('',(5.299945287508,-2.25));
#2806 = VECTOR('',#2807,1.);
#2807 = DIRECTION('',(-1.,1.110223024625E-16));
#2808 = ( GEOMETRIC_REPRESENTATION_CONTEXT(2) 
PARAMETRIC_REPRESENTATION_CONTEXT() REPRESENTATION_CONTEXT('2D SPACE',''
  ) );
#2809 = ADVANCED_FACE('',(#2810),#1202,.T.);
#2810 = FACE_BOUND('',#2811,.T.);
#2811 = EDGE_LOOP('',(#2812,#2842,#2864,#2865,#2891,#2892,#2893,#2894,
    #2917,#2945,#2973));
#2812 = ORIENTED_EDGE('',*,*,#2813,.F.);
#2813 = EDGE_CURVE('',#2814,#2816,#2818,.T.);
#2814 = VERTEX_POINT('',#2815);
#2815 = CARTESIAN_POINT('',(-9.,4.,2.2));
#2816 = VERTEX_POINT('',#2817);
#2817 = CARTESIAN_POINT('',(-9.,86.,2.2));
#2818 = SURFACE_CURVE('',#2819,(#2823,#2830),.PCURVE_S1.);
#2819 = LINE('',#2820,#2821);
#2820 = CARTESIAN_POINT('',(-9.,4.,2.2));
#2821 = VECTOR('',#2822,1.);
#2822 = DIRECTION('',(0.,1.,0.));
#2823 = PCURVE('',#1202,#2824);
#2824 = DEFINITIONAL_REPRESENTATION('',(#2825),#2829);
#2825 = LINE('',#2826,#2827);
#2826 = CARTESIAN_POINT('',(0.,0.));
#2827 = VECTOR('',#2828,1.);
#2828 = DIRECTION('',(0.,1.));
#2829 = ( GEOMETRIC_REPRESENTATION_CONTEXT(2) 
PARAMETRIC_REPRESENTATION_CONTEXT() REPRESENTATION_CONTEXT('2D SPACE',''
  ) );
#2830 = PCURVE('',#2831,#2836);
#2831 = PLANE('',#2832);
#2832 = AXIS2_PLACEMENT_3D('',#2833,#2834,#2835);
#2833 = CARTESIAN_POINT('',(-9.,0.,0.));
#2834 = DIRECTION('',(1.,0.,0.));
#2835 = DIRECTION('',(0.,0.,1.));
#2836 = DEFINITIONAL_REPRESENTATION('',(#2837),#2841);
#2837 = LINE('',#2838,#2839);
#2838 = CARTESIAN_POINT('',(2.2,-4.));
#2839 = VECTOR('',#2840,1.);
#2840 = DIRECTION('',(0.,-1.));
#2841 = ( GEOMETRIC_REPRESENTATION_CONTEXT(2) 
PARAMETRIC_REPRESENTATION_CONTEXT() REPRESENTATION_CONTEXT('2D SPACE',''
  ) );
#2842 = ORIENTED_EDGE('',*,*,#2843,.T.);
#2843 = EDGE_CURVE('',#2814,#1423,#2844,.T.);
#2844 = SURFACE_CURVE('',#2845,(#2850,#2857),.PCURVE_S1.);
#2845 = CIRCLE('',#2846,0.8);
#2846 = AXIS2_PLACEMENT_3D('',#2847,#2848,#2849);
#2847 = CARTESIAN_POINT('',(-8.2,4.,2.2));
#2848 = DIRECTION('',(0.,1.,0.));
#2849 = DIRECTION('',(-1.,0.,0.));
#2850 = PCURVE('',#1202,#2851);
#2851 = DEFINITIONAL_REPRESENTATION('',(#2852),#2856);
#2852 = LINE('',#2853,#2854);
#2853 = CARTESIAN_POINT('',(0.,0.));
#2854 = VECTOR('',#2855,1.);
#2855 = DIRECTION('',(1.,0.));
#2856 = ( GEOMETRIC_REPRESENTATION_CONTEXT(2) 
PARAMETRIC_REPRESENTATION_CONTEXT() REPRESENTATION_CONTEXT('2D SPACE',''
  ) );
#2857 = PCURVE('',#1466,#2858);
#2858 = DEFINITIONAL_REPRESENTATION('',(#2859),#2863);
#2859 = LINE('',#2860,#2861);
#2860 = CARTESIAN_POINT('',(-1.570796326795,0.));
#2861 = VECTOR('',#2862,1.);
#2862 = DIRECTION('',(-0.,1.));
#2863 = ( GEOMETRIC_REPRESENTATION_CONTEXT(2) 
PARAMETRIC_REPRESENTATION_CONTEXT() REPRESENTATION_CONTEXT('2D SPACE',''
  ) );
#2864 = ORIENTED_EDGE('',*,*,#1422,.T.);
#2865 = ORIENTED_EDGE('',*,*,#2866,.T.);
#2866 = EDGE_CURVE('',#1394,#1187,#2867,.T.);
#2867 = SURFACE_CURVE('',#2868,(#2872,#2879),.PCURVE_S1.);
#2868 = LINE('',#2869,#2870);
#2869 = CARTESIAN_POINT('',(-8.2,4.,3.));
#2870 = VECTOR('',#2871,1.);
#2871 = DIRECTION('',(0.,1.,0.));
#2872 = PCURVE('',#1202,#2873);
#2873 = DEFINITIONAL_REPRESENTATION('',(#2874),#2878);
#2874 = LINE('',#2875,#2876);
#2875 = CARTESIAN_POINT('',(1.570796326795,0.));
#2876 = VECTOR('',#2877,1.);
#2877 = DIRECTION('',(0.,1.));
#2878 = ( GEOMETRIC_REPRESENTATION_CONTEXT(2) 
PARAMETRIC_REPRESENTATION_CONTEXT() REPRESENTATION_CONTEXT('2D SPACE',''
  ) );
#2879 = PCURVE('',#2880,#2885);
#2880 = PLANE('',#2881);
#2881 = AXIS2_PLACEMENT_3D('',#2882,#2883,#2884);
#2882 = CARTESIAN_POINT('',(-9.,51.,3.));
#2883 = DIRECTION('',(0.,0.,1.));
#2884 = DIRECTION('',(1.,0.,0.));
#2885 = DEFINITIONAL_REPRESENTATION('',(#2886),#2890);
#2886 = LINE('',#2887,#2888);
#2887 = CARTESIAN_POINT('',(0.8,-47.));
#2888 = VECTOR('',#2889,1.);
#2889 = DIRECTION('',(0.,1.));
#2890 = ( GEOMETRIC_REPRESENTATION_CONTEXT(2) 
PARAMETRIC_REPRESENTATION_CONTEXT() REPRESENTATION_CONTEXT('2D SPACE',''
  ) );
#2891 = ORIENTED_EDGE('',*,*,#1186,.T.);
#2892 = ORIENTED_EDGE('',*,*,#1971,.T.);
#2893 = ORIENTED_EDGE('',*,*,#1996,.T.);
#2894 = ORIENTED_EDGE('',*,*,#2895,.T.);
#2895 = EDGE_CURVE('',#1997,#2896,#2898,.T.);
#2896 = VERTEX_POINT('',#2897);
#2897 = CARTESIAN_POINT('',(-8.2,80.864911064067,3.));
#2898 = SURFACE_CURVE('',#2899,(#2903,#2910),.PCURVE_S1.);
#2899 = LINE('',#2900,#2901);
#2900 = CARTESIAN_POINT('',(-8.2,4.,3.));
#2901 = VECTOR('',#2902,1.);
#2902 = DIRECTION('',(0.,1.,0.));
#2903 = PCURVE('',#1202,#2904);
#2904 = DEFINITIONAL_REPRESENTATION('',(#2905),#2909);
#2905 = LINE('',#2906,#2907);
#2906 = CARTESIAN_POINT('',(1.570796326795,0.));
#2907 = VECTOR('',#2908,1.);
#2908 = DIRECTION('',(0.,1.));
#2909 = ( GEOMETRIC_REPRESENTATION_CONTEXT(2) 
PARAMETRIC_REPRESENTATION_CONTEXT() REPRESENTATION_CONTEXT('2D SPACE',''
  ) );
#2910 = PCURVE('',#2086,#2911);
#2911 = DEFINITIONAL_REPRESENTATION('',(#2912),#2916);
#2912 = LINE('',#2913,#2914);
#2913 = CARTESIAN_POINT('',(0.8,-77.));
#2914 = VECTOR('',#2915,1.);
#2915 = DIRECTION('',(0.,1.));
#2916 = ( GEOMETRIC_REPRESENTATION_CONTEXT(2) 
PARAMETRIC_REPRESENTATION_CONTEXT() REPRESENTATION_CONTEXT('2D SPACE',''
  ) );
#2917 = ORIENTED_EDGE('',*,*,#2918,.T.);
#2918 = EDGE_CURVE('',#2896,#2919,#2921,.T.);
#2919 = VERTEX_POINT('',#2920);
#2920 = CARTESIAN_POINT('',(-8.2,81.,3.));
#2921 = SURFACE_CURVE('',#2922,(#2926,#2933),.PCURVE_S1.);
#2922 = LINE('',#2923,#2924);
#2923 = CARTESIAN_POINT('',(-8.2,4.,3.));
#2924 = VECTOR('',#2925,1.);
#2925 = DIRECTION('',(0.,1.,0.));
#2926 = PCURVE('',#1202,#2927);
#2927 = DEFINITIONAL_REPRESENTATION('',(#2928),#2932);
#2928 = LINE('',#2929,#2930);
#2929 = CARTESIAN_POINT('',(1.570796326795,0.));
#2930 = VECTOR('',#2931,1.);
#2931 = DIRECTION('',(0.,1.));
#2932 = ( GEOMETRIC_REPRESENTATION_CONTEXT(2) 
PARAMETRIC_REPRESENTATION_CONTEXT() REPRESENTATION_CONTEXT('2D SPACE',''
  ) );
#2933 = PCURVE('',#2934,#2939);
#2934 = PLANE('',#2935);
#2935 = AXIS2_PLACEMENT_3D('',#2936,#2937,#2938);
#2936 = CARTESIAN_POINT('',(-9.,0.,3.));
#2937 = DIRECTION('',(0.,0.,1.));
#2938 = DIRECTION('',(1.,0.,0.));
#2939 = DEFINITIONAL_REPRESENTATION('',(#2940),#2944);
#2940 = LINE('',#2941,#2942);
#2941 = CARTESIAN_POINT('',(0.8,4.));
#2942 = VECTOR('',#2943,1.);
#2943 = DIRECTION('',(0.,1.));
#2944 = ( GEOMETRIC_REPRESENTATION_CONTEXT(2) 
PARAMETRIC_REPRESENTATION_CONTEXT() REPRESENTATION_CONTEXT('2D SPACE',''
  ) );
#2945 = ORIENTED_EDGE('',*,*,#2946,.T.);
#2946 = EDGE_CURVE('',#2919,#2947,#2949,.T.);
#2947 = VERTEX_POINT('',#2948);
#2948 = CARTESIAN_POINT('',(-8.2,86.,3.));
#2949 = SURFACE_CURVE('',#2950,(#2954,#2961),.PCURVE_S1.);
#2950 = LINE('',#2951,#2952);
#2951 = CARTESIAN_POINT('',(-8.2,4.,3.));
#2952 = VECTOR('',#2953,1.);
#2953 = DIRECTION('',(0.,1.,0.));
#2954 = PCURVE('',#1202,#2955);
#2955 = DEFINITIONAL_REPRESENTATION('',(#2956),#2960);
#2956 = LINE('',#2957,#2958);
#2957 = CARTESIAN_POINT('',(1.570796326795,0.));
#2958 = VECTOR('',#2959,1.);
#2959 = DIRECTION('',(0.,1.));
#2960 = ( GEOMETRIC_REPRESENTATION_CONTEXT(2) 
PARAMETRIC_REPRESENTATION_CONTEXT() REPRESENTATION_CONTEXT('2D SPACE',''
  ) );
#2961 = PCURVE('',#2962,#2967);
#2962 = PLANE('',#2963);
#2963 = AXIS2_PLACEMENT_3D('',#2964,#2965,#2966);
#2964 = CARTESIAN_POINT('',(-9.,81.,3.));
#2965 = DIRECTION('',(0.,0.,1.));
#2966 = DIRECTION('',(0.,1.,0.));
#2967 = DEFINITIONAL_REPRESENTATION('',(#2968),#2972);
#2968 = LINE('',#2969,#2970);
#2969 = CARTESIAN_POINT('',(-77.,-0.8));
#2970 = VECTOR('',#2971,1.);
#2971 = DIRECTION('',(1.,0.));
#2972 = ( GEOMETRIC_REPRESENTATION_CONTEXT(2) 
PARAMETRIC_REPRESENTATION_CONTEXT() REPRESENTATION_CONTEXT('2D SPACE',''
  ) );
#2973 = ORIENTED_EDGE('',*,*,#2974,.F.);
#2974 = EDGE_CURVE('',#2816,#2947,#2975,.T.);
#2975 = SURFACE_CURVE('',#2976,(#2981,#2988),.PCURVE_S1.);
#2976 = CIRCLE('',#2977,0.8);
#2977 = AXIS2_PLACEMENT_3D('',#2978,#2979,#2980);
#2978 = CARTESIAN_POINT('',(-8.2,86.,2.2));
#2979 = DIRECTION('',(0.,1.,0.));
#2980 = DIRECTION('',(-1.,0.,0.));
#2981 = PCURVE('',#1202,#2982);
#2982 = DEFINITIONAL_REPRESENTATION('',(#2983),#2987);
#2983 = LINE('',#2984,#2985);
#2984 = CARTESIAN_POINT('',(0.,82.));
#2985 = VECTOR('',#2986,1.);
#2986 = DIRECTION('',(1.,0.));
#2987 = ( GEOMETRIC_REPRESENTATION_CONTEXT(2) 
PARAMETRIC_REPRESENTATION_CONTEXT() REPRESENTATION_CONTEXT('2D SPACE',''
  ) );
#2988 = PCURVE('',#2989,#2994);
#2989 = PLANE('',#2990);
#2990 = AXIS2_PLACEMENT_3D('',#2991,#2992,#2993);
#2991 = CARTESIAN_POINT('',(-9.,86.,2.));
#2992 = DIRECTION('',(0.,-1.,0.));
#2993 = DIRECTION('',(0.,0.,1.));
#2994 = DEFINITIONAL_REPRESENTATION('',(#2995),#3003);
#2995 = ( BOUNDED_CURVE() B_SPLINE_CURVE(2,(#2996,#2997,#2998,#2999,
#3000,#3001,#3002),.UNSPECIFIED.,.T.,.F.) B_SPLINE_CURVE_WITH_KNOTS((1,2
    ,2,2,2,1),(-2.094395102393,0.,2.094395102393,4.188790204786,
6.28318530718,8.377580409573),.UNSPECIFIED.) CURVE() 
GEOMETRIC_REPRESENTATION_ITEM() RATIONAL_B_SPLINE_CURVE((1.,0.5,1.,0.5,
1.,0.5,1.)) REPRESENTATION_ITEM('') );
#2996 = CARTESIAN_POINT('',(0.2,-6.661338147751E-16));
#2997 = CARTESIAN_POINT('',(1.585640646055,-6.661338147751E-16));
#2998 = CARTESIAN_POINT('',(0.892820323028,-1.2));
#2999 = CARTESIAN_POINT('',(0.2,-2.4));
#3000 = CARTESIAN_POINT('',(-0.492820323028,-1.2));
#3001 = CARTESIAN_POINT('',(-1.185640646055,-1.887379141863E-15));
#3002 = CARTESIAN_POINT('',(0.2,-6.661338147751E-16));
#3003 = ( GEOMETRIC_REPRESENTATION_CONTEXT(2) 
PARAMETRIC_REPRESENTATION_CONTEXT() REPRESENTATION_CONTEXT('2D SPACE',''
  ) );
#3004 = ADVANCED_FACE('',(#3005),#1837,.T.);
#3005 = FACE_BOUND('',#3006,.T.);
#3006 = EDGE_LOOP('',(#3007,#3008,#3009));
#3007 = ORIENTED_EDGE('',*,*,#2330,.T.);
#3008 = ORIENTED_EDGE('',*,*,#2273,.T.);
#3009 = ORIENTED_EDGE('',*,*,#1821,.T.);
#3010 = ADVANCED_FACE('',(#3011),#1235,.T.);
#3011 = FACE_BOUND('',#3012,.F.);
#3012 = EDGE_LOOP('',(#3013,#3043,#3069,#3070,#3093));
#3013 = ORIENTED_EDGE('',*,*,#3014,.F.);
#3014 = EDGE_CURVE('',#3015,#3017,#3019,.T.);
#3015 = VERTEX_POINT('',#3016);
#3016 = CARTESIAN_POINT('',(-9.,55.5,3.));
#3017 = VERTEX_POINT('',#3018);
#3018 = CARTESIAN_POINT('',(-9.,55.5,5.6));
#3019 = SURFACE_CURVE('',#3020,(#3024,#3031),.PCURVE_S1.);
#3020 = LINE('',#3021,#3022);
#3021 = CARTESIAN_POINT('',(-9.,55.5,3.));
#3022 = VECTOR('',#3023,1.);
#3023 = DIRECTION('',(0.,0.,1.));
#3024 = PCURVE('',#1235,#3025);
#3025 = DEFINITIONAL_REPRESENTATION('',(#3026),#3030);
#3026 = LINE('',#3027,#3028);
#3027 = CARTESIAN_POINT('',(-0.,0.));
#3028 = VECTOR('',#3029,1.);
#3029 = DIRECTION('',(-0.,1.));
#3030 = ( GEOMETRIC_REPRESENTATION_CONTEXT(2) 
PARAMETRIC_REPRESENTATION_CONTEXT() REPRESENTATION_CONTEXT('2D SPACE',''
  ) );
#3031 = PCURVE('',#3032,#3037);
#3032 = PLANE('',#3033);
#3033 = AXIS2_PLACEMENT_3D('',#3034,#3035,#3036);
#3034 = CARTESIAN_POINT('',(-9.,51.,3.));
#3035 = DIRECTION('',(1.,0.,0.));
#3036 = DIRECTION('',(0.,0.,1.));
#3037 = DEFINITIONAL_REPRESENTATION('',(#3038),#3042);
#3038 = LINE('',#3039,#3040);
#3039 = CARTESIAN_POINT('',(0.,-4.5));
#3040 = VECTOR('',#3041,1.);
#3041 = DIRECTION('',(1.,0.));
#3042 = ( GEOMETRIC_REPRESENTATION_CONTEXT(2) 
PARAMETRIC_REPRESENTATION_CONTEXT() REPRESENTATION_CONTEXT('2D SPACE',''
  ) );
#3043 = ORIENTED_EDGE('',*,*,#3044,.T.);
#3044 = EDGE_CURVE('',#3015,#1187,#3045,.T.);
#3045 = SURFACE_CURVE('',#3046,(#3051,#3058),.PCURVE_S1.);
#3046 = CIRCLE('',#3047,1.5);
#3047 = AXIS2_PLACEMENT_3D('',#3048,#3049,#3050);
#3048 = CARTESIAN_POINT('',(-7.5,55.5,3.));
#3049 = DIRECTION('',(-0.,-0.,-1.));
#3050 = DIRECTION('',(0.,-1.,0.));
#3051 = PCURVE('',#1235,#3052);
#3052 = DEFINITIONAL_REPRESENTATION('',(#3053),#3057);
#3053 = LINE('',#3054,#3055);
#3054 = CARTESIAN_POINT('',(1.570796326795,-0.));
#3055 = VECTOR('',#3056,1.);
#3056 = DIRECTION('',(-1.,0.));
#3057 = ( GEOMETRIC_REPRESENTATION_CONTEXT(2) 
PARAMETRIC_REPRESENTATION_CONTEXT() REPRESENTATION_CONTEXT('2D SPACE',''
  ) );
#3058 = PCURVE('',#2880,#3059);
#3059 = DEFINITIONAL_REPRESENTATION('',(#3060),#3068);
#3060 = ( BOUNDED_CURVE() B_SPLINE_CURVE(2,(#3061,#3062,#3063,#3064,
#3065,#3066,#3067),.UNSPECIFIED.,.T.,.F.) B_SPLINE_CURVE_WITH_KNOTS((1,2
    ,2,2,2,1),(-2.094395102393,0.,2.094395102393,4.188790204786,
6.28318530718,8.377580409573),.UNSPECIFIED.) CURVE() 
GEOMETRIC_REPRESENTATION_ITEM() RATIONAL_B_SPLINE_CURVE((1.,0.5,1.,0.5,
1.,0.5,1.)) REPRESENTATION_ITEM('') );
#3061 = CARTESIAN_POINT('',(1.5,3.));
#3062 = CARTESIAN_POINT('',(-1.098076211353,3.));
#3063 = CARTESIAN_POINT('',(0.200961894323,5.25));
#3064 = CARTESIAN_POINT('',(1.5,7.5));
#3065 = CARTESIAN_POINT('',(2.799038105677,5.25));
#3066 = CARTESIAN_POINT('',(4.098076211353,3.));
#3067 = CARTESIAN_POINT('',(1.5,3.));
#3068 = ( GEOMETRIC_REPRESENTATION_CONTEXT(2) 
PARAMETRIC_REPRESENTATION_CONTEXT() REPRESENTATION_CONTEXT('2D SPACE',''
  ) );
#3069 = ORIENTED_EDGE('',*,*,#1214,.T.);
#3070 = ORIENTED_EDGE('',*,*,#3071,.T.);
#3071 = EDGE_CURVE('',#1215,#3072,#3074,.T.);
#3072 = VERTEX_POINT('',#3073);
#3073 = CARTESIAN_POINT('',(-7.5,57.,5.6));
#3074 = SURFACE_CURVE('',#3075,(#3079,#3086),.PCURVE_S1.);
#3075 = LINE('',#3076,#3077);
#3076 = CARTESIAN_POINT('',(-7.5,57.,3.));
#3077 = VECTOR('',#3078,1.);
#3078 = DIRECTION('',(0.,0.,1.));
#3079 = PCURVE('',#1235,#3080);
#3080 = DEFINITIONAL_REPRESENTATION('',(#3081),#3085);
#3081 = LINE('',#3082,#3083);
#3082 = CARTESIAN_POINT('',(-1.570796326795,0.));
#3083 = VECTOR('',#3084,1.);
#3084 = DIRECTION('',(-0.,1.));
#3085 = ( GEOMETRIC_REPRESENTATION_CONTEXT(2) 
PARAMETRIC_REPRESENTATION_CONTEXT() REPRESENTATION_CONTEXT('2D SPACE',''
  ) );
#3086 = PCURVE('',#1263,#3087);
#3087 = DEFINITIONAL_REPRESENTATION('',(#3088),#3092);
#3088 = LINE('',#3089,#3090);
#3089 = CARTESIAN_POINT('',(0.,1.5));
#3090 = VECTOR('',#3091,1.);
#3091 = DIRECTION('',(1.,0.));
#3092 = ( GEOMETRIC_REPRESENTATION_CONTEXT(2) 
PARAMETRIC_REPRESENTATION_CONTEXT() REPRESENTATION_CONTEXT('2D SPACE',''
  ) );
#3093 = ORIENTED_EDGE('',*,*,#3094,.F.);
#3094 = EDGE_CURVE('',#3017,#3072,#3095,.T.);
#3095 = SURFACE_CURVE('',#3096,(#3101,#3108),.PCURVE_S1.);
#3096 = CIRCLE('',#3097,1.5);
#3097 = AXIS2_PLACEMENT_3D('',#3098,#3099,#3100);
#3098 = CARTESIAN_POINT('',(-7.5,55.5,5.6));
#3099 = DIRECTION('',(-0.,0.,-1.));
#3100 = DIRECTION('',(-1.,0.,0.));
#3101 = PCURVE('',#1235,#3102);
#3102 = DEFINITIONAL_REPRESENTATION('',(#3103),#3107);
#3103 = LINE('',#3104,#3105);
#3104 = CARTESIAN_POINT('',(-0.,2.6));
#3105 = VECTOR('',#3106,1.);
#3106 = DIRECTION('',(-1.,0.));
#3107 = ( GEOMETRIC_REPRESENTATION_CONTEXT(2) 
PARAMETRIC_REPRESENTATION_CONTEXT() REPRESENTATION_CONTEXT('2D SPACE',''
  ) );
#3108 = PCURVE('',#3109,#3114);
#3109 = TOROIDAL_SURFACE('',#3110,1.1,0.4);
#3110 = AXIS2_PLACEMENT_3D('',#3111,#3112,#3113);
#3111 = CARTESIAN_POINT('',(-7.5,55.5,5.6));
#3112 = DIRECTION('',(0.,0.,1.));
#3113 = DIRECTION('',(-1.,0.,0.));
#3114 = DEFINITIONAL_REPRESENTATION('',(#3115),#3119);
#3115 = LINE('',#3116,#3117);
#3116 = CARTESIAN_POINT('',(-0.,0.));
#3117 = VECTOR('',#3118,1.);
#3118 = DIRECTION('',(-1.,0.));
#3119 = ( GEOMETRIC_REPRESENTATION_CONTEXT(2) 
PARAMETRIC_REPRESENTATION_CONTEXT() REPRESENTATION_CONTEXT('2D SPACE',''
  ) );
#3120 = ADVANCED_FACE('',(#3121),#1263,.T.);
#3121 = FACE_BOUND('',#3122,.T.);
#3122 = EDGE_LOOP('',(#3123,#3124,#3152,#3173));
#3123 = ORIENTED_EDGE('',*,*,#3071,.T.);
#3124 = ORIENTED_EDGE('',*,*,#3125,.T.);
#3125 = EDGE_CURVE('',#3072,#3126,#3128,.T.);
#3126 = VERTEX_POINT('',#3127);
#3127 = CARTESIAN_POINT('',(-4.5,57.,5.6));
#3128 = SURFACE_CURVE('',#3129,(#3133,#3140),.PCURVE_S1.);
#3129 = LINE('',#3130,#3131);
#3130 = CARTESIAN_POINT('',(-7.5,57.,5.6));
#3131 = VECTOR('',#3132,1.);
#3132 = DIRECTION('',(1.,0.,0.));
#3133 = PCURVE('',#1263,#3134);
#3134 = DEFINITIONAL_REPRESENTATION('',(#3135),#3139);
#3135 = LINE('',#3136,#3137);
#3136 = CARTESIAN_POINT('',(2.6,1.5));
#3137 = VECTOR('',#3138,1.);
#3138 = DIRECTION('',(0.,1.));
#3139 = ( GEOMETRIC_REPRESENTATION_CONTEXT(2) 
PARAMETRIC_REPRESENTATION_CONTEXT() REPRESENTATION_CONTEXT('2D SPACE',''
  ) );
#3140 = PCURVE('',#3141,#3146);
#3141 = CYLINDRICAL_SURFACE('',#3142,0.4);
#3142 = AXIS2_PLACEMENT_3D('',#3143,#3144,#3145);
#3143 = CARTESIAN_POINT('',(-7.5,56.6,5.6));
#3144 = DIRECTION('',(1.,0.,0.));
#3145 = DIRECTION('',(-0.,1.,0.));
#3146 = DEFINITIONAL_REPRESENTATION('',(#3147),#3151);
#3147 = LINE('',#3148,#3149);
#3148 = CARTESIAN_POINT('',(0.,0.));
#3149 = VECTOR('',#3150,1.);
#3150 = DIRECTION('',(0.,1.));
#3151 = ( GEOMETRIC_REPRESENTATION_CONTEXT(2) 
PARAMETRIC_REPRESENTATION_CONTEXT() REPRESENTATION_CONTEXT('2D SPACE',''
  ) );
#3152 = ORIENTED_EDGE('',*,*,#3153,.F.);
#3153 = EDGE_CURVE('',#1248,#3126,#3154,.T.);
#3154 = SURFACE_CURVE('',#3155,(#3159,#3166),.PCURVE_S1.);
#3155 = LINE('',#3156,#3157);
#3156 = CARTESIAN_POINT('',(-4.5,57.,3.));
#3157 = VECTOR('',#3158,1.);
#3158 = DIRECTION('',(0.,0.,1.));
#3159 = PCURVE('',#1263,#3160);
#3160 = DEFINITIONAL_REPRESENTATION('',(#3161),#3165);
#3161 = LINE('',#3162,#3163);
#3162 = CARTESIAN_POINT('',(0.,4.5));
#3163 = VECTOR('',#3164,1.);
#3164 = DIRECTION('',(1.,0.));
#3165 = ( GEOMETRIC_REPRESENTATION_CONTEXT(2) 
PARAMETRIC_REPRESENTATION_CONTEXT() REPRESENTATION_CONTEXT('2D SPACE',''
  ) );
#3166 = PCURVE('',#1292,#3167);
#3167 = DEFINITIONAL_REPRESENTATION('',(#3168),#3172);
#3168 = LINE('',#3169,#3170);
#3169 = CARTESIAN_POINT('',(1.570796326795,0.));
#3170 = VECTOR('',#3171,1.);
#3171 = DIRECTION('',(0.,1.));
#3172 = ( GEOMETRIC_REPRESENTATION_CONTEXT(2) 
PARAMETRIC_REPRESENTATION_CONTEXT() REPRESENTATION_CONTEXT('2D SPACE',''
  ) );
#3173 = ORIENTED_EDGE('',*,*,#1247,.F.);
#3174 = ADVANCED_FACE('',(#3175),#1555,.T.);
#3175 = FACE_BOUND('',#3176,.T.);
#3176 = EDGE_LOOP('',(#3177,#3207,#3236,#3264,#3292,#3320,#3348,#3374,
    #3375,#3401,#3402));
#3177 = ORIENTED_EDGE('',*,*,#3178,.F.);
#3178 = EDGE_CURVE('',#3179,#3181,#3183,.T.);
#3179 = VERTEX_POINT('',#3180);
#3180 = CARTESIAN_POINT('',(9.,86.,2.2));
#3181 = VERTEX_POINT('',#3182);
#3182 = CARTESIAN_POINT('',(9.,4.,2.2));
#3183 = SURFACE_CURVE('',#3184,(#3188,#3195),.PCURVE_S1.);
#3184 = LINE('',#3185,#3186);
#3185 = CARTESIAN_POINT('',(9.,94.,2.2));
#3186 = VECTOR('',#3187,1.);
#3187 = DIRECTION('',(-0.,-1.,-0.));
#3188 = PCURVE('',#1555,#3189);
#3189 = DEFINITIONAL_REPRESENTATION('',(#3190),#3194);
#3190 = LINE('',#3191,#3192);
#3191 = CARTESIAN_POINT('',(0.,0.));
#3192 = VECTOR('',#3193,1.);
#3193 = DIRECTION('',(0.,1.));
#3194 = ( GEOMETRIC_REPRESENTATION_CONTEXT(2) 
PARAMETRIC_REPRESENTATION_CONTEXT() REPRESENTATION_CONTEXT('2D SPACE',''
  ) );
#3195 = PCURVE('',#3196,#3201);
#3196 = PLANE('',#3197);
#3197 = AXIS2_PLACEMENT_3D('',#3198,#3199,#3200);
#3198 = CARTESIAN_POINT('',(9.,0.,0.));
#3199 = DIRECTION('',(1.,0.,0.));
#3200 = DIRECTION('',(0.,0.,1.));
#3201 = DEFINITIONAL_REPRESENTATION('',(#3202),#3206);
#3202 = LINE('',#3203,#3204);
#3203 = CARTESIAN_POINT('',(2.2,-94.));
#3204 = VECTOR('',#3205,1.);
#3205 = DIRECTION('',(0.,1.));
#3206 = ( GEOMETRIC_REPRESENTATION_CONTEXT(2) 
PARAMETRIC_REPRESENTATION_CONTEXT() REPRESENTATION_CONTEXT('2D SPACE',''
  ) );
#3207 = ORIENTED_EDGE('',*,*,#3208,.T.);
#3208 = EDGE_CURVE('',#3179,#3209,#3211,.T.);
#3209 = VERTEX_POINT('',#3210);
#3210 = CARTESIAN_POINT('',(8.2,86.,3.));
#3211 = SURFACE_CURVE('',#3212,(#3217,#3224),.PCURVE_S1.);
#3212 = CIRCLE('',#3213,0.8);
#3213 = AXIS2_PLACEMENT_3D('',#3214,#3215,#3216);
#3214 = CARTESIAN_POINT('',(8.2,86.,2.2));
#3215 = DIRECTION('',(0.,-1.,-0.));
#3216 = DIRECTION('',(1.,0.,-0.));
#3217 = PCURVE('',#1555,#3218);
#3218 = DEFINITIONAL_REPRESENTATION('',(#3219),#3223);
#3219 = LINE('',#3220,#3221);
#3220 = CARTESIAN_POINT('',(0.,8.));
#3221 = VECTOR('',#3222,1.);
#3222 = DIRECTION('',(1.,0.));
#3223 = ( GEOMETRIC_REPRESENTATION_CONTEXT(2) 
PARAMETRIC_REPRESENTATION_CONTEXT() REPRESENTATION_CONTEXT('2D SPACE',''
  ) );
#3224 = PCURVE('',#3225,#3230);
#3225 = PLANE('',#3226);
#3226 = AXIS2_PLACEMENT_3D('',#3227,#3228,#3229);
#3227 = CARTESIAN_POINT('',(-9.,86.,2.));
#3228 = DIRECTION('',(0.,-1.,0.));
#3229 = DIRECTION('',(0.,0.,1.));
#3230 = DEFINITIONAL_REPRESENTATION('',(#3231),#3235);
#3231 = CIRCLE('',#3232,0.8);
#3232 = AXIS2_PLACEMENT_2D('',#3233,#3234);
#3233 = CARTESIAN_POINT('',(0.2,-17.2));
#3234 = DIRECTION('',(0.,-1.));
#3235 = ( GEOMETRIC_REPRESENTATION_CONTEXT(2) 
PARAMETRIC_REPRESENTATION_CONTEXT() REPRESENTATION_CONTEXT('2D SPACE',''
  ) );
#3236 = ORIENTED_EDGE('',*,*,#3237,.T.);
#3237 = EDGE_CURVE('',#3209,#3238,#3240,.T.);
#3238 = VERTEX_POINT('',#3239);
#3239 = CARTESIAN_POINT('',(8.2,81.,3.));
#3240 = SURFACE_CURVE('',#3241,(#3245,#3252),.PCURVE_S1.);
#3241 = LINE('',#3242,#3243);
#3242 = CARTESIAN_POINT('',(8.2,94.,3.));
#3243 = VECTOR('',#3244,1.);
#3244 = DIRECTION('',(-0.,-1.,-0.));
#3245 = PCURVE('',#1555,#3246);
#3246 = DEFINITIONAL_REPRESENTATION('',(#3247),#3251);
#3247 = LINE('',#3248,#3249);
#3248 = CARTESIAN_POINT('',(1.570796326795,0.));
#3249 = VECTOR('',#3250,1.);
#3250 = DIRECTION('',(0.,1.));
#3251 = ( GEOMETRIC_REPRESENTATION_CONTEXT(2) 
PARAMETRIC_REPRESENTATION_CONTEXT() REPRESENTATION_CONTEXT('2D SPACE',''
  ) );
#3252 = PCURVE('',#3253,#3258);
#3253 = PLANE('',#3254);
#3254 = AXIS2_PLACEMENT_3D('',#3255,#3256,#3257);
#3255 = CARTESIAN_POINT('',(6.,81.,3.));
#3256 = DIRECTION('',(0.,0.,1.));
#3257 = DIRECTION('',(0.,1.,0.));
#3258 = DEFINITIONAL_REPRESENTATION('',(#3259),#3263);
#3259 = LINE('',#3260,#3261);
#3260 = CARTESIAN_POINT('',(13.,-2.2));
#3261 = VECTOR('',#3262,1.);
#3262 = DIRECTION('',(-1.,0.));
#3263 = ( GEOMETRIC_REPRESENTATION_CONTEXT(2) 
PARAMETRIC_REPRESENTATION_CONTEXT() REPRESENTATION_CONTEXT('2D SPACE',''
  ) );
#3264 = ORIENTED_EDGE('',*,*,#3265,.T.);
#3265 = EDGE_CURVE('',#3238,#3266,#3268,.T.);
#3266 = VERTEX_POINT('',#3267);
#3267 = CARTESIAN_POINT('',(8.2,80.864911064067,3.));
#3268 = SURFACE_CURVE('',#3269,(#3273,#3280),.PCURVE_S1.);
#3269 = LINE('',#3270,#3271);
#3270 = CARTESIAN_POINT('',(8.2,94.,3.));
#3271 = VECTOR('',#3272,1.);
#3272 = DIRECTION('',(-0.,-1.,-0.));
#3273 = PCURVE('',#1555,#3274);
#3274 = DEFINITIONAL_REPRESENTATION('',(#3275),#3279);
#3275 = LINE('',#3276,#3277);
#3276 = CARTESIAN_POINT('',(1.570796326795,0.));
#3277 = VECTOR('',#3278,1.);
#3278 = DIRECTION('',(0.,1.));
#3279 = ( GEOMETRIC_REPRESENTATION_CONTEXT(2) 
PARAMETRIC_REPRESENTATION_CONTEXT() REPRESENTATION_CONTEXT('2D SPACE',''
  ) );
#3280 = PCURVE('',#3281,#3286);
#3281 = PLANE('',#3282);
#3282 = AXIS2_PLACEMENT_3D('',#3283,#3284,#3285);
#3283 = CARTESIAN_POINT('',(-9.,0.,3.));
#3284 = DIRECTION('',(0.,0.,1.));
#3285 = DIRECTION('',(1.,0.,0.));
#3286 = DEFINITIONAL_REPRESENTATION('',(#3287),#3291);
#3287 = LINE('',#3288,#3289);
#3288 = CARTESIAN_POINT('',(17.2,94.));
#3289 = VECTOR('',#3290,1.);
#3290 = DIRECTION('',(0.,-1.));
#3291 = ( GEOMETRIC_REPRESENTATION_CONTEXT(2) 
PARAMETRIC_REPRESENTATION_CONTEXT() REPRESENTATION_CONTEXT('2D SPACE',''
  ) );
#3292 = ORIENTED_EDGE('',*,*,#3293,.T.);
#3293 = EDGE_CURVE('',#3266,#3294,#3296,.T.);
#3294 = VERTEX_POINT('',#3295);
#3295 = CARTESIAN_POINT('',(8.2,75.135088935933,3.));
#3296 = SURFACE_CURVE('',#3297,(#3301,#3308),.PCURVE_S1.);
#3297 = LINE('',#3298,#3299);
#3298 = CARTESIAN_POINT('',(8.2,94.,3.));
#3299 = VECTOR('',#3300,1.);
#3300 = DIRECTION('',(-0.,-1.,-0.));
#3301 = PCURVE('',#1555,#3302);
#3302 = DEFINITIONAL_REPRESENTATION('',(#3303),#3307);
#3303 = LINE('',#3304,#3305);
#3304 = CARTESIAN_POINT('',(1.570796326795,0.));
#3305 = VECTOR('',#3306,1.);
#3306 = DIRECTION('',(0.,1.));
#3307 = ( GEOMETRIC_REPRESENTATION_CONTEXT(2) 
PARAMETRIC_REPRESENTATION_CONTEXT() REPRESENTATION_CONTEXT('2D SPACE',''
  ) );
#3308 = PCURVE('',#3309,#3314);
#3309 = PLANE('',#3310);
#3310 = AXIS2_PLACEMENT_3D('',#3311,#3312,#3313);
#3311 = CARTESIAN_POINT('',(-9.,81.,3.));
#3312 = DIRECTION('',(-0.,0.,1.));
#3313 = DIRECTION('',(1.,0.,0.));
#3314 = DEFINITIONAL_REPRESENTATION('',(#3315),#3319);
#3315 = LINE('',#3316,#3317);
#3316 = CARTESIAN_POINT('',(17.2,13.));
#3317 = VECTOR('',#3318,1.);
#3318 = DIRECTION('',(0.,-1.));
#3319 = ( GEOMETRIC_REPRESENTATION_CONTEXT(2) 
PARAMETRIC_REPRESENTATION_CONTEXT() REPRESENTATION_CONTEXT('2D SPACE',''
  ) );
#3320 = ORIENTED_EDGE('',*,*,#3321,.T.);
#3321 = EDGE_CURVE('',#3294,#3322,#3324,.T.);
#3322 = VERTEX_POINT('',#3323);
#3323 = CARTESIAN_POINT('',(8.2,75.,3.));
#3324 = SURFACE_CURVE('',#3325,(#3329,#3336),.PCURVE_S1.);
#3325 = LINE('',#3326,#3327);
#3326 = CARTESIAN_POINT('',(8.2,94.,3.));
#3327 = VECTOR('',#3328,1.);
#3328 = DIRECTION('',(-0.,-1.,-0.));
#3329 = PCURVE('',#1555,#3330);
#3330 = DEFINITIONAL_REPRESENTATION('',(#3331),#3335);
#3331 = LINE('',#3332,#3333);
#3332 = CARTESIAN_POINT('',(1.570796326795,0.));
#3333 = VECTOR('',#3334,1.);
#3334 = DIRECTION('',(0.,1.));
#3335 = ( GEOMETRIC_REPRESENTATION_CONTEXT(2) 
PARAMETRIC_REPRESENTATION_CONTEXT() REPRESENTATION_CONTEXT('2D SPACE',''
  ) );
#3336 = PCURVE('',#3337,#3342);
#3337 = PLANE('',#3338);
#3338 = AXIS2_PLACEMENT_3D('',#3339,#3340,#3341);
#3339 = CARTESIAN_POINT('',(-9.,0.,3.));
#3340 = DIRECTION('',(0.,0.,1.));
#3341 = DIRECTION('',(1.,0.,0.));
#3342 = DEFINITIONAL_REPRESENTATION('',(#3343),#3347);
#3343 = LINE('',#3344,#3345);
#3344 = CARTESIAN_POINT('',(17.2,94.));
#3345 = VECTOR('',#3346,1.);
#3346 = DIRECTION('',(0.,-1.));
#3347 = ( GEOMETRIC_REPRESENTATION_CONTEXT(2) 
PARAMETRIC_REPRESENTATION_CONTEXT() REPRESENTATION_CONTEXT('2D SPACE',''
  ) );
#3348 = ORIENTED_EDGE('',*,*,#3349,.T.);
#3349 = EDGE_CURVE('',#3322,#1776,#3350,.T.);
#3350 = SURFACE_CURVE('',#3351,(#3355,#3362),.PCURVE_S1.);
#3351 = LINE('',#3352,#3353);
#3352 = CARTESIAN_POINT('',(8.2,94.,3.));
#3353 = VECTOR('',#3354,1.);
#3354 = DIRECTION('',(-0.,-1.,-0.));
#3355 = PCURVE('',#1555,#3356);
#3356 = DEFINITIONAL_REPRESENTATION('',(#3357),#3361);
#3357 = LINE('',#3358,#3359);
#3358 = CARTESIAN_POINT('',(1.570796326795,0.));
#3359 = VECTOR('',#3360,1.);
#3360 = DIRECTION('',(0.,1.));
#3361 = ( GEOMETRIC_REPRESENTATION_CONTEXT(2) 
PARAMETRIC_REPRESENTATION_CONTEXT() REPRESENTATION_CONTEXT('2D SPACE',''
  ) );
#3362 = PCURVE('',#3363,#3368);
#3363 = PLANE('',#3364);
#3364 = AXIS2_PLACEMENT_3D('',#3365,#3366,#3367);
#3365 = CARTESIAN_POINT('',(6.,75.,3.));
#3366 = DIRECTION('',(0.,0.,-1.));
#3367 = DIRECTION('',(0.,-1.,0.));
#3368 = DEFINITIONAL_REPRESENTATION('',(#3369),#3373);
#3369 = LINE('',#3370,#3371);
#3370 = CARTESIAN_POINT('',(-19.,-2.2));
#3371 = VECTOR('',#3372,1.);
#3372 = DIRECTION('',(1.,0.));
#3373 = ( GEOMETRIC_REPRESENTATION_CONTEXT(2) 
PARAMETRIC_REPRESENTATION_CONTEXT() REPRESENTATION_CONTEXT('2D SPACE',''
  ) );
#3374 = ORIENTED_EDGE('',*,*,#1775,.T.);
#3375 = ORIENTED_EDGE('',*,*,#3376,.T.);
#3376 = EDGE_CURVE('',#1747,#1540,#3377,.T.);
#3377 = SURFACE_CURVE('',#3378,(#3382,#3389),.PCURVE_S1.);
#3378 = LINE('',#3379,#3380);
#3379 = CARTESIAN_POINT('',(8.2,94.,3.));
#3380 = VECTOR('',#3381,1.);
#3381 = DIRECTION('',(-0.,-1.,-0.));
#3382 = PCURVE('',#1555,#3383);
#3383 = DEFINITIONAL_REPRESENTATION('',(#3384),#3388);
#3384 = LINE('',#3385,#3386);
#3385 = CARTESIAN_POINT('',(1.570796326795,0.));
#3386 = VECTOR('',#3387,1.);
#3387 = DIRECTION('',(0.,1.));
#3388 = ( GEOMETRIC_REPRESENTATION_CONTEXT(2) 
PARAMETRIC_REPRESENTATION_CONTEXT() REPRESENTATION_CONTEXT('2D SPACE',''
  ) );
#3389 = PCURVE('',#3390,#3395);
#3390 = PLANE('',#3391);
#3391 = AXIS2_PLACEMENT_3D('',#3392,#3393,#3394);
#3392 = CARTESIAN_POINT('',(3.,51.,3.));
#3393 = DIRECTION('',(0.,0.,1.));
#3394 = DIRECTION('',(1.,0.,0.));
#3395 = DEFINITIONAL_REPRESENTATION('',(#3396),#3400);
#3396 = LINE('',#3397,#3398);
#3397 = CARTESIAN_POINT('',(5.2,43.));
#3398 = VECTOR('',#3399,1.);
#3399 = DIRECTION('',(0.,-1.));
#3400 = ( GEOMETRIC_REPRESENTATION_CONTEXT(2) 
PARAMETRIC_REPRESENTATION_CONTEXT() REPRESENTATION_CONTEXT('2D SPACE',''
  ) );
#3401 = ORIENTED_EDGE('',*,*,#1539,.T.);
#3402 = ORIENTED_EDGE('',*,*,#3403,.F.);
#3403 = EDGE_CURVE('',#3181,#1507,#3404,.T.);
#3404 = SURFACE_CURVE('',#3405,(#3410,#3417),.PCURVE_S1.);
#3405 = CIRCLE('',#3406,0.8);
#3406 = AXIS2_PLACEMENT_3D('',#3407,#3408,#3409);
#3407 = CARTESIAN_POINT('',(8.2,4.,2.2));
#3408 = DIRECTION('',(0.,-1.,-0.));
#3409 = DIRECTION('',(1.,0.,-0.));
#3410 = PCURVE('',#1555,#3411);
#3411 = DEFINITIONAL_REPRESENTATION('',(#3412),#3416);
#3412 = LINE('',#3413,#3414);
#3413 = CARTESIAN_POINT('',(0.,90.));
#3414 = VECTOR('',#3415,1.);
#3415 = DIRECTION('',(1.,0.));
#3416 = ( GEOMETRIC_REPRESENTATION_CONTEXT(2) 
PARAMETRIC_REPRESENTATION_CONTEXT() REPRESENTATION_CONTEXT('2D SPACE',''
  ) );
#3417 = PCURVE('',#1527,#3418);
#3418 = DEFINITIONAL_REPRESENTATION('',(#3419),#3423);
#3419 = LINE('',#3420,#3421);
#3420 = CARTESIAN_POINT('',(-0.,0.));
#3421 = VECTOR('',#3422,1.);
#3422 = DIRECTION('',(-0.,1.));
#3423 = ( GEOMETRIC_REPRESENTATION_CONTEXT(2) 
PARAMETRIC_REPRESENTATION_CONTEXT() REPRESENTATION_CONTEXT('2D SPACE',''
  ) );
#3424 = ADVANCED_FACE('',(#3425),#1292,.T.);
#3425 = FACE_BOUND('',#3426,.T.);
#3426 = EDGE_LOOP('',(#3427,#3450,#3451,#3452));
#3427 = ORIENTED_EDGE('',*,*,#3428,.F.);
#3428 = EDGE_CURVE('',#1276,#3429,#3431,.T.);
#3429 = VERTEX_POINT('',#3430);
#3430 = CARTESIAN_POINT('',(-3.,55.5,5.6));
#3431 = SURFACE_CURVE('',#3432,(#3436,#3443),.PCURVE_S1.);
#3432 = LINE('',#3433,#3434);
#3433 = CARTESIAN_POINT('',(-3.,55.5,3.));
#3434 = VECTOR('',#3435,1.);
#3435 = DIRECTION('',(0.,0.,1.));
#3436 = PCURVE('',#1292,#3437);
#3437 = DEFINITIONAL_REPRESENTATION('',(#3438),#3442);
#3438 = LINE('',#3439,#3440);
#3439 = CARTESIAN_POINT('',(0.,0.));
#3440 = VECTOR('',#3441,1.);
#3441 = DIRECTION('',(0.,1.));
#3442 = ( GEOMETRIC_REPRESENTATION_CONTEXT(2) 
PARAMETRIC_REPRESENTATION_CONTEXT() REPRESENTATION_CONTEXT('2D SPACE',''
  ) );
#3443 = PCURVE('',#1320,#3444);
#3444 = DEFINITIONAL_REPRESENTATION('',(#3445),#3449);
#3445 = LINE('',#3446,#3447);
#3446 = CARTESIAN_POINT('',(0.,-4.5));
#3447 = VECTOR('',#3448,1.);
#3448 = DIRECTION('',(1.,0.));
#3449 = ( GEOMETRIC_REPRESENTATION_CONTEXT(2) 
PARAMETRIC_REPRESENTATION_CONTEXT() REPRESENTATION_CONTEXT('2D SPACE',''
  ) );
#3450 = ORIENTED_EDGE('',*,*,#1275,.T.);
#3451 = ORIENTED_EDGE('',*,*,#3153,.T.);
#3452 = ORIENTED_EDGE('',*,*,#3453,.T.);
#3453 = EDGE_CURVE('',#3126,#3429,#3454,.T.);
#3454 = SURFACE_CURVE('',#3455,(#3460,#3467),.PCURVE_S1.);
#3455 = CIRCLE('',#3456,1.5);
#3456 = AXIS2_PLACEMENT_3D('',#3457,#3458,#3459);
#3457 = CARTESIAN_POINT('',(-4.5,55.5,5.6));
#3458 = DIRECTION('',(0.,-0.,-1.));
#3459 = DIRECTION('',(2.960594732334E-16,1.,-0.));
#3460 = PCURVE('',#1292,#3461);
#3461 = DEFINITIONAL_REPRESENTATION('',(#3462),#3466);
#3462 = LINE('',#3463,#3464);
#3463 = CARTESIAN_POINT('',(1.570796326795,2.6));
#3464 = VECTOR('',#3465,1.);
#3465 = DIRECTION('',(-1.,-0.));
#3466 = ( GEOMETRIC_REPRESENTATION_CONTEXT(2) 
PARAMETRIC_REPRESENTATION_CONTEXT() REPRESENTATION_CONTEXT('2D SPACE',''
  ) );
#3467 = PCURVE('',#3468,#3473);
#3468 = TOROIDAL_SURFACE('',#3469,1.1,0.4);
#3469 = AXIS2_PLACEMENT_3D('',#3470,#3471,#3472);
#3470 = CARTESIAN_POINT('',(-4.5,55.5,5.6));
#3471 = DIRECTION('',(0.,0.,1.));
#3472 = DIRECTION('',(2.960594732334E-16,1.,-0.));
#3473 = DEFINITIONAL_REPRESENTATION('',(#3474),#3478);
#3474 = LINE('',#3475,#3476);
#3475 = CARTESIAN_POINT('',(-0.,0.));
#3476 = VECTOR('',#3477,1.);
#3477 = DIRECTION('',(-1.,0.));
#3478 = ( GEOMETRIC_REPRESENTATION_CONTEXT(2) 
PARAMETRIC_REPRESENTATION_CONTEXT() REPRESENTATION_CONTEXT('2D SPACE',''
  ) );
#3479 = ADVANCED_FACE('',(#3480),#1763,.T.);
#3480 = FACE_BOUND('',#3481,.T.);
#3481 = EDGE_LOOP('',(#3482,#3512,#3534,#3535,#3558));
#3482 = ORIENTED_EDGE('',*,*,#3483,.F.);
#3483 = EDGE_CURVE('',#3484,#3486,#3488,.T.);
#3484 = VERTEX_POINT('',#3485);
#3485 = CARTESIAN_POINT('',(9.,55.5,3.));
#3486 = VERTEX_POINT('',#3487);
#3487 = CARTESIAN_POINT('',(9.,55.5,5.6));
#3488 = SURFACE_CURVE('',#3489,(#3493,#3500),.PCURVE_S1.);
#3489 = LINE('',#3490,#3491);
#3490 = CARTESIAN_POINT('',(9.,55.5,3.));
#3491 = VECTOR('',#3492,1.);
#3492 = DIRECTION('',(0.,0.,1.));
#3493 = PCURVE('',#1763,#3494);
#3494 = DEFINITIONAL_REPRESENTATION('',(#3495),#3499);
#3495 = LINE('',#3496,#3497);
#3496 = CARTESIAN_POINT('',(0.,0.));
#3497 = VECTOR('',#3498,1.);
#3498 = DIRECTION('',(0.,1.));
#3499 = ( GEOMETRIC_REPRESENTATION_CONTEXT(2) 
PARAMETRIC_REPRESENTATION_CONTEXT() REPRESENTATION_CONTEXT('2D SPACE',''
  ) );
#3500 = PCURVE('',#3501,#3506);
#3501 = PLANE('',#3502);
#3502 = AXIS2_PLACEMENT_3D('',#3503,#3504,#3505);
#3503 = CARTESIAN_POINT('',(9.,51.,3.));
#3504 = DIRECTION('',(1.,0.,0.));
#3505 = DIRECTION('',(0.,0.,1.));
#3506 = DEFINITIONAL_REPRESENTATION('',(#3507),#3511);
#3507 = LINE('',#3508,#3509);
#3508 = CARTESIAN_POINT('',(0.,-4.5));
#3509 = VECTOR('',#3510,1.);
#3510 = DIRECTION('',(1.,0.));
#3511 = ( GEOMETRIC_REPRESENTATION_CONTEXT(2) 
PARAMETRIC_REPRESENTATION_CONTEXT() REPRESENTATION_CONTEXT('2D SPACE',''
  ) );
#3512 = ORIENTED_EDGE('',*,*,#3513,.T.);
#3513 = EDGE_CURVE('',#3484,#1747,#3514,.T.);
#3514 = SURFACE_CURVE('',#3515,(#3520,#3527),.PCURVE_S1.);
#3515 = CIRCLE('',#3516,1.5);
#3516 = AXIS2_PLACEMENT_3D('',#3517,#3518,#3519);
#3517 = CARTESIAN_POINT('',(7.5,55.5,3.));
#3518 = DIRECTION('',(0.,0.,1.));
#3519 = DIRECTION('',(0.,-1.,0.));
#3520 = PCURVE('',#1763,#3521);
#3521 = DEFINITIONAL_REPRESENTATION('',(#3522),#3526);
#3522 = LINE('',#3523,#3524);
#3523 = CARTESIAN_POINT('',(-1.570796326795,0.));
#3524 = VECTOR('',#3525,1.);
#3525 = DIRECTION('',(1.,0.));
#3526 = ( GEOMETRIC_REPRESENTATION_CONTEXT(2) 
PARAMETRIC_REPRESENTATION_CONTEXT() REPRESENTATION_CONTEXT('2D SPACE',''
  ) );
#3527 = PCURVE('',#3390,#3528);
#3528 = DEFINITIONAL_REPRESENTATION('',(#3529),#3533);
#3529 = CIRCLE('',#3530,1.5);
#3530 = AXIS2_PLACEMENT_2D('',#3531,#3532);
#3531 = CARTESIAN_POINT('',(4.5,4.5));
#3532 = DIRECTION('',(0.,-1.));
#3533 = ( GEOMETRIC_REPRESENTATION_CONTEXT(2) 
PARAMETRIC_REPRESENTATION_CONTEXT() REPRESENTATION_CONTEXT('2D SPACE',''
  ) );
#3534 = ORIENTED_EDGE('',*,*,#1746,.T.);
#3535 = ORIENTED_EDGE('',*,*,#3536,.T.);
#3536 = EDGE_CURVE('',#1719,#3537,#3539,.T.);
#3537 = VERTEX_POINT('',#3538);
#3538 = CARTESIAN_POINT('',(7.5,57.,5.6));
#3539 = SURFACE_CURVE('',#3540,(#3544,#3551),.PCURVE_S1.);
#3540 = LINE('',#3541,#3542);
#3541 = CARTESIAN_POINT('',(7.5,57.,3.));
#3542 = VECTOR('',#3543,1.);
#3543 = DIRECTION('',(0.,0.,1.));
#3544 = PCURVE('',#1763,#3545);
#3545 = DEFINITIONAL_REPRESENTATION('',(#3546),#3550);
#3546 = LINE('',#3547,#3548);
#3547 = CARTESIAN_POINT('',(1.570796326795,0.));
#3548 = VECTOR('',#3549,1.);
#3549 = DIRECTION('',(0.,1.));
#3550 = ( GEOMETRIC_REPRESENTATION_CONTEXT(2) 
PARAMETRIC_REPRESENTATION_CONTEXT() REPRESENTATION_CONTEXT('2D SPACE',''
  ) );
#3551 = PCURVE('',#1734,#3552);
#3552 = DEFINITIONAL_REPRESENTATION('',(#3553),#3557);
#3553 = LINE('',#3554,#3555);
#3554 = CARTESIAN_POINT('',(0.,4.5));
#3555 = VECTOR('',#3556,1.);
#3556 = DIRECTION('',(1.,0.));
#3557 = ( GEOMETRIC_REPRESENTATION_CONTEXT(2) 
PARAMETRIC_REPRESENTATION_CONTEXT() REPRESENTATION_CONTEXT('2D SPACE',''
  ) );
#3558 = ORIENTED_EDGE('',*,*,#3559,.T.);
#3559 = EDGE_CURVE('',#3537,#3486,#3560,.T.);
#3560 = SURFACE_CURVE('',#3561,(#3566,#3573),.PCURVE_S1.);
#3561 = CIRCLE('',#3562,1.5);
#3562 = AXIS2_PLACEMENT_3D('',#3563,#3564,#3565);
#3563 = CARTESIAN_POINT('',(7.5,55.5,5.6));
#3564 = DIRECTION('',(0.,-0.,-1.));
#3565 = DIRECTION('',(2.960594732334E-16,1.,-0.));
#3566 = PCURVE('',#1763,#3567);
#3567 = DEFINITIONAL_REPRESENTATION('',(#3568),#3572);
#3568 = LINE('',#3569,#3570);
#3569 = CARTESIAN_POINT('',(1.570796326795,2.6));
#3570 = VECTOR('',#3571,1.);
#3571 = DIRECTION('',(-1.,-0.));
#3572 = ( GEOMETRIC_REPRESENTATION_CONTEXT(2) 
PARAMETRIC_REPRESENTATION_CONTEXT() REPRESENTATION_CONTEXT('2D SPACE',''
  ) );
#3573 = PCURVE('',#3574,#3579);
#3574 = TOROIDAL_SURFACE('',#3575,1.1,0.4);
#3575 = AXIS2_PLACEMENT_3D('',#3576,#3577,#3578);
#3576 = CARTESIAN_POINT('',(7.5,55.5,5.6));
#3577 = DIRECTION('',(0.,0.,1.));
#3578 = DIRECTION('',(2.960594732334E-16,1.,-0.));
#3579 = DEFINITIONAL_REPRESENTATION('',(#3580),#3584);
#3580 = LINE('',#3581,#3582);
#3581 = CARTESIAN_POINT('',(-0.,0.));
#3582 = VECTOR('',#3583,1.);
#3583 = DIRECTION('',(-1.,0.));
#3584 = ( GEOMETRIC_REPRESENTATION_CONTEXT(2) 
PARAMETRIC_REPRESENTATION_CONTEXT() REPRESENTATION_CONTEXT('2D SPACE',''
  ) );
#3585 = ADVANCED_FACE('',(#3586),#1320,.T.);
#3586 = FACE_BOUND('',#3587,.T.);
#3587 = EDGE_LOOP('',(#3588,#3611,#3612,#3613));
#3588 = ORIENTED_EDGE('',*,*,#3589,.F.);
#3589 = EDGE_CURVE('',#1305,#3590,#3592,.T.);
#3590 = VERTEX_POINT('',#3591);
#3591 = CARTESIAN_POINT('',(-3.,52.5,5.6));
#3592 = SURFACE_CURVE('',#3593,(#3597,#3604),.PCURVE_S1.);
#3593 = LINE('',#3594,#3595);
#3594 = CARTESIAN_POINT('',(-3.,52.5,3.));
#3595 = VECTOR('',#3596,1.);
#3596 = DIRECTION('',(0.,0.,1.));
#3597 = PCURVE('',#1320,#3598);
#3598 = DEFINITIONAL_REPRESENTATION('',(#3599),#3603);
#3599 = LINE('',#3600,#3601);
#3600 = CARTESIAN_POINT('',(0.,-1.5));
#3601 = VECTOR('',#3602,1.);
#3602 = DIRECTION('',(1.,0.));
#3603 = ( GEOMETRIC_REPRESENTATION_CONTEXT(2) 
PARAMETRIC_REPRESENTATION_CONTEXT() REPRESENTATION_CONTEXT('2D SPACE',''
  ) );
#3604 = PCURVE('',#1353,#3605);
#3605 = DEFINITIONAL_REPRESENTATION('',(#3606),#3610);
#3606 = LINE('',#3607,#3608);
#3607 = CARTESIAN_POINT('',(-0.,0.));
#3608 = VECTOR('',#3609,1.);
#3609 = DIRECTION('',(-0.,1.));
#3610 = ( GEOMETRIC_REPRESENTATION_CONTEXT(2) 
PARAMETRIC_REPRESENTATION_CONTEXT() REPRESENTATION_CONTEXT('2D SPACE',''
  ) );
#3611 = ORIENTED_EDGE('',*,*,#1304,.T.);
#3612 = ORIENTED_EDGE('',*,*,#3428,.T.);
#3613 = ORIENTED_EDGE('',*,*,#3614,.T.);
#3614 = EDGE_CURVE('',#3429,#3590,#3615,.T.);
#3615 = SURFACE_CURVE('',#3616,(#3620,#3627),.PCURVE_S1.);
#3616 = LINE('',#3617,#3618);
#3617 = CARTESIAN_POINT('',(-3.,55.5,5.6));
#3618 = VECTOR('',#3619,1.);
#3619 = DIRECTION('',(-0.,-1.,-0.));
#3620 = PCURVE('',#1320,#3621);
#3621 = DEFINITIONAL_REPRESENTATION('',(#3622),#3626);
#3622 = LINE('',#3623,#3624);
#3623 = CARTESIAN_POINT('',(2.6,-4.5));
#3624 = VECTOR('',#3625,1.);
#3625 = DIRECTION('',(0.,1.));
#3626 = ( GEOMETRIC_REPRESENTATION_CONTEXT(2) 
PARAMETRIC_REPRESENTATION_CONTEXT() REPRESENTATION_CONTEXT('2D SPACE',''
  ) );
#3627 = PCURVE('',#3628,#3633);
#3628 = CYLINDRICAL_SURFACE('',#3629,0.4);
#3629 = AXIS2_PLACEMENT_3D('',#3630,#3631,#3632);
#3630 = CARTESIAN_POINT('',(-3.4,55.5,5.6));
#3631 = DIRECTION('',(-0.,-1.,-0.));
#3632 = DIRECTION('',(1.,0.,-0.));
#3633 = DEFINITIONAL_REPRESENTATION('',(#3634),#3638);
#3634 = LINE('',#3635,#3636);
#3635 = CARTESIAN_POINT('',(0.,0.));
#3636 = VECTOR('',#3637,1.);
#3637 = DIRECTION('',(0.,1.));
#3638 = ( GEOMETRIC_REPRESENTATION_CONTEXT(2) 
PARAMETRIC_REPRESENTATION_CONTEXT() REPRESENTATION_CONTEXT('2D SPACE',''
  ) );
#3639 = ADVANCED_FACE('',(#3640),#1734,.T.);
#3640 = FACE_BOUND('',#3641,.T.);
#3641 = EDGE_LOOP('',(#3642,#3665,#3691,#3692));
#3642 = ORIENTED_EDGE('',*,*,#3643,.T.);
#3643 = EDGE_CURVE('',#1686,#3644,#3646,.T.);
#3644 = VERTEX_POINT('',#3645);
#3645 = CARTESIAN_POINT('',(4.5,57.,5.6));
#3646 = SURFACE_CURVE('',#3647,(#3651,#3658),.PCURVE_S1.);
#3647 = LINE('',#3648,#3649);
#3648 = CARTESIAN_POINT('',(4.5,57.,3.));
#3649 = VECTOR('',#3650,1.);
#3650 = DIRECTION('',(0.,0.,1.));
#3651 = PCURVE('',#1734,#3652);
#3652 = DEFINITIONAL_REPRESENTATION('',(#3653),#3657);
#3653 = LINE('',#3654,#3655);
#3654 = CARTESIAN_POINT('',(0.,1.5));
#3655 = VECTOR('',#3656,1.);
#3656 = DIRECTION('',(1.,0.));
#3657 = ( GEOMETRIC_REPRESENTATION_CONTEXT(2) 
PARAMETRIC_REPRESENTATION_CONTEXT() REPRESENTATION_CONTEXT('2D SPACE',''
  ) );
#3658 = PCURVE('',#1706,#3659);
#3659 = DEFINITIONAL_REPRESENTATION('',(#3660),#3664);
#3660 = LINE('',#3661,#3662);
#3661 = CARTESIAN_POINT('',(-1.570796326795,0.));
#3662 = VECTOR('',#3663,1.);
#3663 = DIRECTION('',(-0.,1.));
#3664 = ( GEOMETRIC_REPRESENTATION_CONTEXT(2) 
PARAMETRIC_REPRESENTATION_CONTEXT() REPRESENTATION_CONTEXT('2D SPACE',''
  ) );
#3665 = ORIENTED_EDGE('',*,*,#3666,.T.);
#3666 = EDGE_CURVE('',#3644,#3537,#3667,.T.);
#3667 = SURFACE_CURVE('',#3668,(#3672,#3679),.PCURVE_S1.);
#3668 = LINE('',#3669,#3670);
#3669 = CARTESIAN_POINT('',(4.5,57.,5.6));
#3670 = VECTOR('',#3671,1.);
#3671 = DIRECTION('',(1.,0.,0.));
#3672 = PCURVE('',#1734,#3673);
#3673 = DEFINITIONAL_REPRESENTATION('',(#3674),#3678);
#3674 = LINE('',#3675,#3676);
#3675 = CARTESIAN_POINT('',(2.6,1.5));
#3676 = VECTOR('',#3677,1.);
#3677 = DIRECTION('',(0.,1.));
#3678 = ( GEOMETRIC_REPRESENTATION_CONTEXT(2) 
PARAMETRIC_REPRESENTATION_CONTEXT() REPRESENTATION_CONTEXT('2D SPACE',''
  ) );
#3679 = PCURVE('',#3680,#3685);
#3680 = CYLINDRICAL_SURFACE('',#3681,0.4);
#3681 = AXIS2_PLACEMENT_3D('',#3682,#3683,#3684);
#3682 = CARTESIAN_POINT('',(4.5,56.6,5.6));
#3683 = DIRECTION('',(1.,0.,0.));
#3684 = DIRECTION('',(-0.,1.,0.));
#3685 = DEFINITIONAL_REPRESENTATION('',(#3686),#3690);
#3686 = LINE('',#3687,#3688);
#3687 = CARTESIAN_POINT('',(0.,0.));
#3688 = VECTOR('',#3689,1.);
#3689 = DIRECTION('',(0.,1.));
#3690 = ( GEOMETRIC_REPRESENTATION_CONTEXT(2) 
PARAMETRIC_REPRESENTATION_CONTEXT() REPRESENTATION_CONTEXT('2D SPACE',''
  ) );
#3691 = ORIENTED_EDGE('',*,*,#3536,.F.);
#3692 = ORIENTED_EDGE('',*,*,#1718,.F.);
#3693 = ADVANCED_FACE('',(#3694),#1353,.T.);
#3694 = FACE_BOUND('',#3695,.F.);
#3695 = EDGE_LOOP('',(#3696,#3697,#3698,#3721));
#3696 = ORIENTED_EDGE('',*,*,#3589,.F.);
#3697 = ORIENTED_EDGE('',*,*,#1332,.T.);
#3698 = ORIENTED_EDGE('',*,*,#3699,.T.);
#3699 = EDGE_CURVE('',#1333,#3700,#3702,.T.);
#3700 = VERTEX_POINT('',#3701);
#3701 = CARTESIAN_POINT('',(-4.5,51.,5.6));
#3702 = SURFACE_CURVE('',#3703,(#3707,#3714),.PCURVE_S1.);
#3703 = LINE('',#3704,#3705);
#3704 = CARTESIAN_POINT('',(-4.5,51.,3.));
#3705 = VECTOR('',#3706,1.);
#3706 = DIRECTION('',(0.,0.,1.));
#3707 = PCURVE('',#1353,#3708);
#3708 = DEFINITIONAL_REPRESENTATION('',(#3709),#3713);
#3709 = LINE('',#3710,#3711);
#3710 = CARTESIAN_POINT('',(-1.570796326795,0.));
#3711 = VECTOR('',#3712,1.);
#3712 = DIRECTION('',(-0.,1.));
#3713 = ( GEOMETRIC_REPRESENTATION_CONTEXT(2) 
PARAMETRIC_REPRESENTATION_CONTEXT() REPRESENTATION_CONTEXT('2D SPACE',''
  ) );
#3714 = PCURVE('',#1381,#3715);
#3715 = DEFINITIONAL_REPRESENTATION('',(#3716),#3720);
#3716 = LINE('',#3717,#3718);
#3717 = CARTESIAN_POINT('',(0.,4.5));
#3718 = VECTOR('',#3719,1.);
#3719 = DIRECTION('',(1.,0.));
#3720 = ( GEOMETRIC_REPRESENTATION_CONTEXT(2) 
PARAMETRIC_REPRESENTATION_CONTEXT() REPRESENTATION_CONTEXT('2D SPACE',''
  ) );
#3721 = ORIENTED_EDGE('',*,*,#3722,.F.);
#3722 = EDGE_CURVE('',#3590,#3700,#3723,.T.);
#3723 = SURFACE_CURVE('',#3724,(#3729,#3736),.PCURVE_S1.);
#3724 = CIRCLE('',#3725,1.5);
#3725 = AXIS2_PLACEMENT_3D('',#3726,#3727,#3728);
#3726 = CARTESIAN_POINT('',(-4.5,52.5,5.6));
#3727 = DIRECTION('',(0.,-0.,-1.));
#3728 = DIRECTION('',(1.,0.,-0.));
#3729 = PCURVE('',#1353,#3730);
#3730 = DEFINITIONAL_REPRESENTATION('',(#3731),#3735);
#3731 = LINE('',#3732,#3733);
#3732 = CARTESIAN_POINT('',(-0.,2.6));
#3733 = VECTOR('',#3734,1.);
#3734 = DIRECTION('',(-1.,0.));
#3735 = ( GEOMETRIC_REPRESENTATION_CONTEXT(2) 
PARAMETRIC_REPRESENTATION_CONTEXT() REPRESENTATION_CONTEXT('2D SPACE',''
  ) );
#3736 = PCURVE('',#3737,#3742);
#3737 = TOROIDAL_SURFACE('',#3738,1.1,0.4);
#3738 = AXIS2_PLACEMENT_3D('',#3739,#3740,#3741);
#3739 = CARTESIAN_POINT('',(-4.5,52.5,5.6));
#3740 = DIRECTION('',(0.,0.,1.));
#3741 = DIRECTION('',(1.,0.,-0.));
#3742 = DEFINITIONAL_REPRESENTATION('',(#3743),#3747);
#3743 = LINE('',#3744,#3745);
#3744 = CARTESIAN_POINT('',(-0.,0.));
#3745 = VECTOR('',#3746,1.);
#3746 = DIRECTION('',(-1.,0.));
#3747 = ( GEOMETRIC_REPRESENTATION_CONTEXT(2) 
PARAMETRIC_REPRESENTATION_CONTEXT() REPRESENTATION_CONTEXT('2D SPACE',''
  ) );
#3748 = ADVANCED_FACE('',(#3749),#1706,.T.);
#3749 = FACE_BOUND('',#3750,.F.);
#3750 = EDGE_LOOP('',(#3751,#3774,#3775,#3776));
#3751 = ORIENTED_EDGE('',*,*,#3752,.F.);
#3752 = EDGE_CURVE('',#1658,#3753,#3755,.T.);
#3753 = VERTEX_POINT('',#3754);
#3754 = CARTESIAN_POINT('',(3.,55.5,5.6));
#3755 = SURFACE_CURVE('',#3756,(#3760,#3767),.PCURVE_S1.);
#3756 = LINE('',#3757,#3758);
#3757 = CARTESIAN_POINT('',(3.,55.5,3.));
#3758 = VECTOR('',#3759,1.);
#3759 = DIRECTION('',(0.,0.,1.));
#3760 = PCURVE('',#1706,#3761);
#3761 = DEFINITIONAL_REPRESENTATION('',(#3762),#3766);
#3762 = LINE('',#3763,#3764);
#3763 = CARTESIAN_POINT('',(-0.,0.));
#3764 = VECTOR('',#3765,1.);
#3765 = DIRECTION('',(-0.,1.));
#3766 = ( GEOMETRIC_REPRESENTATION_CONTEXT(2) 
PARAMETRIC_REPRESENTATION_CONTEXT() REPRESENTATION_CONTEXT('2D SPACE',''
  ) );
#3767 = PCURVE('',#1673,#3768);
#3768 = DEFINITIONAL_REPRESENTATION('',(#3769),#3773);
#3769 = LINE('',#3770,#3771);
#3770 = CARTESIAN_POINT('',(0.,-4.5));
#3771 = VECTOR('',#3772,1.);
#3772 = DIRECTION('',(1.,0.));
#3773 = ( GEOMETRIC_REPRESENTATION_CONTEXT(2) 
PARAMETRIC_REPRESENTATION_CONTEXT() REPRESENTATION_CONTEXT('2D SPACE',''
  ) );
#3774 = ORIENTED_EDGE('',*,*,#1685,.T.);
#3775 = ORIENTED_EDGE('',*,*,#3643,.T.);
#3776 = ORIENTED_EDGE('',*,*,#3777,.F.);
#3777 = EDGE_CURVE('',#3753,#3644,#3778,.T.);
#3778 = SURFACE_CURVE('',#3779,(#3784,#3791),.PCURVE_S1.);
#3779 = CIRCLE('',#3780,1.5);
#3780 = AXIS2_PLACEMENT_3D('',#3781,#3782,#3783);
#3781 = CARTESIAN_POINT('',(4.5,55.5,5.6));
#3782 = DIRECTION('',(-0.,0.,-1.));
#3783 = DIRECTION('',(-1.,0.,0.));
#3784 = PCURVE('',#1706,#3785);
#3785 = DEFINITIONAL_REPRESENTATION('',(#3786),#3790);
#3786 = LINE('',#3787,#3788);
#3787 = CARTESIAN_POINT('',(-0.,2.6));
#3788 = VECTOR('',#3789,1.);
#3789 = DIRECTION('',(-1.,0.));
#3790 = ( GEOMETRIC_REPRESENTATION_CONTEXT(2) 
PARAMETRIC_REPRESENTATION_CONTEXT() REPRESENTATION_CONTEXT('2D SPACE',''
  ) );
#3791 = PCURVE('',#3792,#3797);
#3792 = TOROIDAL_SURFACE('',#3793,1.1,0.4);
#3793 = AXIS2_PLACEMENT_3D('',#3794,#3795,#3796);
#3794 = CARTESIAN_POINT('',(4.5,55.5,5.6));
#3795 = DIRECTION('',(0.,0.,1.));
#3796 = DIRECTION('',(-1.,0.,0.));
#3797 = DEFINITIONAL_REPRESENTATION('',(#3798),#3802);
#3798 = LINE('',#3799,#3800);
#3799 = CARTESIAN_POINT('',(-0.,0.));
#3800 = VECTOR('',#3801,1.);
#3801 = DIRECTION('',(-1.,0.));
#3802 = ( GEOMETRIC_REPRESENTATION_CONTEXT(2) 
PARAMETRIC_REPRESENTATION_CONTEXT() REPRESENTATION_CONTEXT('2D SPACE',''
  ) );
#3803 = ADVANCED_FACE('',(#3804),#1381,.F.);
#3804 = FACE_BOUND('',#3805,.F.);
#3805 = EDGE_LOOP('',(#3806,#3829,#3855,#3856));
#3806 = ORIENTED_EDGE('',*,*,#3807,.T.);
#3807 = EDGE_CURVE('',#1366,#3808,#3810,.T.);
#3808 = VERTEX_POINT('',#3809);
#3809 = CARTESIAN_POINT('',(-7.5,51.,5.6));
#3810 = SURFACE_CURVE('',#3811,(#3815,#3822),.PCURVE_S1.);
#3811 = LINE('',#3812,#3813);
#3812 = CARTESIAN_POINT('',(-7.5,51.,3.));
#3813 = VECTOR('',#3814,1.);
#3814 = DIRECTION('',(0.,0.,1.));
#3815 = PCURVE('',#1381,#3816);
#3816 = DEFINITIONAL_REPRESENTATION('',(#3817),#3821);
#3817 = LINE('',#3818,#3819);
#3818 = CARTESIAN_POINT('',(0.,1.5));
#3819 = VECTOR('',#3820,1.);
#3820 = DIRECTION('',(1.,0.));
#3821 = ( GEOMETRIC_REPRESENTATION_CONTEXT(2) 
PARAMETRIC_REPRESENTATION_CONTEXT() REPRESENTATION_CONTEXT('2D SPACE',''
  ) );
#3822 = PCURVE('',#1410,#3823);
#3823 = DEFINITIONAL_REPRESENTATION('',(#3824),#3828);
#3824 = LINE('',#3825,#3826);
#3825 = CARTESIAN_POINT('',(1.570796326795,0.));
#3826 = VECTOR('',#3827,1.);
#3827 = DIRECTION('',(0.,1.));
#3828 = ( GEOMETRIC_REPRESENTATION_CONTEXT(2) 
PARAMETRIC_REPRESENTATION_CONTEXT() REPRESENTATION_CONTEXT('2D SPACE',''
  ) );
#3829 = ORIENTED_EDGE('',*,*,#3830,.F.);
#3830 = EDGE_CURVE('',#3700,#3808,#3831,.T.);
#3831 = SURFACE_CURVE('',#3832,(#3836,#3843),.PCURVE_S1.);
#3832 = LINE('',#3833,#3834);
#3833 = CARTESIAN_POINT('',(-4.5,51.,5.6));
#3834 = VECTOR('',#3835,1.);
#3835 = DIRECTION('',(-1.,-0.,-0.));
#3836 = PCURVE('',#1381,#3837);
#3837 = DEFINITIONAL_REPRESENTATION('',(#3838),#3842);
#3838 = LINE('',#3839,#3840);
#3839 = CARTESIAN_POINT('',(2.6,4.5));
#3840 = VECTOR('',#3841,1.);
#3841 = DIRECTION('',(0.,-1.));
#3842 = ( GEOMETRIC_REPRESENTATION_CONTEXT(2) 
PARAMETRIC_REPRESENTATION_CONTEXT() REPRESENTATION_CONTEXT('2D SPACE',''
  ) );
#3843 = PCURVE('',#3844,#3849);
#3844 = CYLINDRICAL_SURFACE('',#3845,0.4);
#3845 = AXIS2_PLACEMENT_3D('',#3846,#3847,#3848);
#3846 = CARTESIAN_POINT('',(-4.5,51.4,5.6));
#3847 = DIRECTION('',(-1.,-0.,-0.));
#3848 = DIRECTION('',(0.,-1.,0.));
#3849 = DEFINITIONAL_REPRESENTATION('',(#3850),#3854);
#3850 = LINE('',#3851,#3852);
#3851 = CARTESIAN_POINT('',(0.,0.));
#3852 = VECTOR('',#3853,1.);
#3853 = DIRECTION('',(0.,1.));
#3854 = ( GEOMETRIC_REPRESENTATION_CONTEXT(2) 
PARAMETRIC_REPRESENTATION_CONTEXT() REPRESENTATION_CONTEXT('2D SPACE',''
  ) );
#3855 = ORIENTED_EDGE('',*,*,#3699,.F.);
#3856 = ORIENTED_EDGE('',*,*,#1365,.F.);
#3857 = ADVANCED_FACE('',(#3858),#1673,.F.);
#3858 = FACE_BOUND('',#3859,.F.);
#3859 = EDGE_LOOP('',(#3860,#3883,#3884,#3885));
#3860 = ORIENTED_EDGE('',*,*,#3861,.F.);
#3861 = EDGE_CURVE('',#1629,#3862,#3864,.T.);
#3862 = VERTEX_POINT('',#3863);
#3863 = CARTESIAN_POINT('',(3.,52.5,5.6));
#3864 = SURFACE_CURVE('',#3865,(#3869,#3876),.PCURVE_S1.);
#3865 = LINE('',#3866,#3867);
#3866 = CARTESIAN_POINT('',(3.,52.5,3.));
#3867 = VECTOR('',#3868,1.);
#3868 = DIRECTION('',(0.,0.,1.));
#3869 = PCURVE('',#1673,#3870);
#3870 = DEFINITIONAL_REPRESENTATION('',(#3871),#3875);
#3871 = LINE('',#3872,#3873);
#3872 = CARTESIAN_POINT('',(0.,-1.5));
#3873 = VECTOR('',#3874,1.);
#3874 = DIRECTION('',(1.,0.));
#3875 = ( GEOMETRIC_REPRESENTATION_CONTEXT(2) 
PARAMETRIC_REPRESENTATION_CONTEXT() REPRESENTATION_CONTEXT('2D SPACE',''
  ) );
#3876 = PCURVE('',#1645,#3877);
#3877 = DEFINITIONAL_REPRESENTATION('',(#3878),#3882);
#3878 = LINE('',#3879,#3880);
#3879 = CARTESIAN_POINT('',(0.,0.));
#3880 = VECTOR('',#3881,1.);
#3881 = DIRECTION('',(0.,1.));
#3882 = ( GEOMETRIC_REPRESENTATION_CONTEXT(2) 
PARAMETRIC_REPRESENTATION_CONTEXT() REPRESENTATION_CONTEXT('2D SPACE',''
  ) );
#3883 = ORIENTED_EDGE('',*,*,#1657,.T.);
#3884 = ORIENTED_EDGE('',*,*,#3752,.T.);
#3885 = ORIENTED_EDGE('',*,*,#3886,.F.);
#3886 = EDGE_CURVE('',#3862,#3753,#3887,.T.);
#3887 = SURFACE_CURVE('',#3888,(#3892,#3899),.PCURVE_S1.);
#3888 = LINE('',#3889,#3890);
#3889 = CARTESIAN_POINT('',(3.,52.5,5.6));
#3890 = VECTOR('',#3891,1.);
#3891 = DIRECTION('',(0.,1.,0.));
#3892 = PCURVE('',#1673,#3893);
#3893 = DEFINITIONAL_REPRESENTATION('',(#3894),#3898);
#3894 = LINE('',#3895,#3896);
#3895 = CARTESIAN_POINT('',(2.6,-1.5));
#3896 = VECTOR('',#3897,1.);
#3897 = DIRECTION('',(0.,-1.));
#3898 = ( GEOMETRIC_REPRESENTATION_CONTEXT(2) 
PARAMETRIC_REPRESENTATION_CONTEXT() REPRESENTATION_CONTEXT('2D SPACE',''
  ) );
#3899 = PCURVE('',#3900,#3905);
#3900 = CYLINDRICAL_SURFACE('',#3901,0.4);
#3901 = AXIS2_PLACEMENT_3D('',#3902,#3903,#3904);
#3902 = CARTESIAN_POINT('',(3.4,52.5,5.6));
#3903 = DIRECTION('',(0.,1.,0.));
#3904 = DIRECTION('',(-1.,0.,0.));
#3905 = DEFINITIONAL_REPRESENTATION('',(#3906),#3910);
#3906 = LINE('',#3907,#3908);
#3907 = CARTESIAN_POINT('',(0.,0.));
#3908 = VECTOR('',#3909,1.);
#3909 = DIRECTION('',(0.,1.));
#3910 = ( GEOMETRIC_REPRESENTATION_CONTEXT(2) 
PARAMETRIC_REPRESENTATION_CONTEXT() REPRESENTATION_CONTEXT('2D SPACE',''
  ) );
#3911 = ADVANCED_FACE('',(#3912),#1410,.T.);
#3912 = FACE_BOUND('',#3913,.T.);
#3913 = EDGE_LOOP('',(#3914,#3939,#3961,#3962,#3963));
#3914 = ORIENTED_EDGE('',*,*,#3915,.F.);
#3915 = EDGE_CURVE('',#3916,#3918,#3920,.T.);
#3916 = VERTEX_POINT('',#3917);
#3917 = CARTESIAN_POINT('',(-9.,52.5,3.));
#3918 = VERTEX_POINT('',#3919);
#3919 = CARTESIAN_POINT('',(-9.,52.5,5.6));
#3920 = SURFACE_CURVE('',#3921,(#3925,#3932),.PCURVE_S1.);
#3921 = LINE('',#3922,#3923);
#3922 = CARTESIAN_POINT('',(-9.,52.5,3.));
#3923 = VECTOR('',#3924,1.);
#3924 = DIRECTION('',(0.,0.,1.));
#3925 = PCURVE('',#1410,#3926);
#3926 = DEFINITIONAL_REPRESENTATION('',(#3927),#3931);
#3927 = LINE('',#3928,#3929);
#3928 = CARTESIAN_POINT('',(0.,0.));
#3929 = VECTOR('',#3930,1.);
#3930 = DIRECTION('',(0.,1.));
#3931 = ( GEOMETRIC_REPRESENTATION_CONTEXT(2) 
PARAMETRIC_REPRESENTATION_CONTEXT() REPRESENTATION_CONTEXT('2D SPACE',''
  ) );
#3932 = PCURVE('',#3032,#3933);
#3933 = DEFINITIONAL_REPRESENTATION('',(#3934),#3938);
#3934 = LINE('',#3935,#3936);
#3935 = CARTESIAN_POINT('',(0.,-1.5));
#3936 = VECTOR('',#3937,1.);
#3937 = DIRECTION('',(1.,0.));
#3938 = ( GEOMETRIC_REPRESENTATION_CONTEXT(2) 
PARAMETRIC_REPRESENTATION_CONTEXT() REPRESENTATION_CONTEXT('2D SPACE',''
  ) );
#3939 = ORIENTED_EDGE('',*,*,#3940,.T.);
#3940 = EDGE_CURVE('',#3916,#1394,#3941,.T.);
#3941 = SURFACE_CURVE('',#3942,(#3947,#3954),.PCURVE_S1.);
#3942 = CIRCLE('',#3943,1.5);
#3943 = AXIS2_PLACEMENT_3D('',#3944,#3945,#3946);
#3944 = CARTESIAN_POINT('',(-7.5,52.5,3.));
#3945 = DIRECTION('',(0.,0.,1.));
#3946 = DIRECTION('',(0.,-1.,0.));
#3947 = PCURVE('',#1410,#3948);
#3948 = DEFINITIONAL_REPRESENTATION('',(#3949),#3953);
#3949 = LINE('',#3950,#3951);
#3950 = CARTESIAN_POINT('',(-4.712388980385,0.));
#3951 = VECTOR('',#3952,1.);
#3952 = DIRECTION('',(1.,0.));
#3953 = ( GEOMETRIC_REPRESENTATION_CONTEXT(2) 
PARAMETRIC_REPRESENTATION_CONTEXT() REPRESENTATION_CONTEXT('2D SPACE',''
  ) );
#3954 = PCURVE('',#2880,#3955);
#3955 = DEFINITIONAL_REPRESENTATION('',(#3956),#3960);
#3956 = CIRCLE('',#3957,1.5);
#3957 = AXIS2_PLACEMENT_2D('',#3958,#3959);
#3958 = CARTESIAN_POINT('',(1.5,1.5));
#3959 = DIRECTION('',(0.,-1.));
#3960 = ( GEOMETRIC_REPRESENTATION_CONTEXT(2) 
PARAMETRIC_REPRESENTATION_CONTEXT() REPRESENTATION_CONTEXT('2D SPACE',''
  ) );
#3961 = ORIENTED_EDGE('',*,*,#1393,.T.);
#3962 = ORIENTED_EDGE('',*,*,#3807,.T.);
#3963 = ORIENTED_EDGE('',*,*,#3964,.T.);
#3964 = EDGE_CURVE('',#3808,#3918,#3965,.T.);
#3965 = SURFACE_CURVE('',#3966,(#3971,#3978),.PCURVE_S1.);
#3966 = CIRCLE('',#3967,1.5);
#3967 = AXIS2_PLACEMENT_3D('',#3968,#3969,#3970);
#3968 = CARTESIAN_POINT('',(-7.5,52.5,5.6));
#3969 = DIRECTION('',(-0.,0.,-1.));
#3970 = DIRECTION('',(-2.960594732334E-16,-1.,0.));
#3971 = PCURVE('',#1410,#3972);
#3972 = DEFINITIONAL_REPRESENTATION('',(#3973),#3977);
#3973 = LINE('',#3974,#3975);
#3974 = CARTESIAN_POINT('',(1.570796326795,2.6));
#3975 = VECTOR('',#3976,1.);
#3976 = DIRECTION('',(-1.,-0.));
#3977 = ( GEOMETRIC_REPRESENTATION_CONTEXT(2) 
PARAMETRIC_REPRESENTATION_CONTEXT() REPRESENTATION_CONTEXT('2D SPACE',''
  ) );
#3978 = PCURVE('',#3979,#3984);
#3979 = TOROIDAL_SURFACE('',#3980,1.1,0.4);
#3980 = AXIS2_PLACEMENT_3D('',#3981,#3982,#3983);
#3981 = CARTESIAN_POINT('',(-7.5,52.5,5.6));
#3982 = DIRECTION('',(0.,0.,1.));
#3983 = DIRECTION('',(-2.960594732334E-16,-1.,0.));
#3984 = DEFINITIONAL_REPRESENTATION('',(#3985),#3989);
#3985 = LINE('',#3986,#3987);
#3986 = CARTESIAN_POINT('',(-0.,0.));
#3987 = VECTOR('',#3988,1.);
#3988 = DIRECTION('',(-1.,0.));
#3989 = ( GEOMETRIC_REPRESENTATION_CONTEXT(2) 
PARAMETRIC_REPRESENTATION_CONTEXT() REPRESENTATION_CONTEXT('2D SPACE',''
  ) );
#3990 = ADVANCED_FACE('',(#3991),#1645,.T.);
#3991 = FACE_BOUND('',#3992,.T.);
#3992 = EDGE_LOOP('',(#3993,#3994,#3995,#4018));
#3993 = ORIENTED_EDGE('',*,*,#3861,.F.);
#3994 = ORIENTED_EDGE('',*,*,#1628,.T.);
#3995 = ORIENTED_EDGE('',*,*,#3996,.T.);
#3996 = EDGE_CURVE('',#1601,#3997,#3999,.T.);
#3997 = VERTEX_POINT('',#3998);
#3998 = CARTESIAN_POINT('',(4.5,51.,5.6));
#3999 = SURFACE_CURVE('',#4000,(#4004,#4011),.PCURVE_S1.);
#4000 = LINE('',#4001,#4002);
#4001 = CARTESIAN_POINT('',(4.5,51.,3.));
#4002 = VECTOR('',#4003,1.);
#4003 = DIRECTION('',(0.,0.,1.));
#4004 = PCURVE('',#1645,#4005);
#4005 = DEFINITIONAL_REPRESENTATION('',(#4006),#4010);
#4006 = LINE('',#4007,#4008);
#4007 = CARTESIAN_POINT('',(1.570796326795,0.));
#4008 = VECTOR('',#4009,1.);
#4009 = DIRECTION('',(0.,1.));
#4010 = ( GEOMETRIC_REPRESENTATION_CONTEXT(2) 
PARAMETRIC_REPRESENTATION_CONTEXT() REPRESENTATION_CONTEXT('2D SPACE',''
  ) );
#4011 = PCURVE('',#1616,#4012);
#4012 = DEFINITIONAL_REPRESENTATION('',(#4013),#4017);
#4013 = LINE('',#4014,#4015);
#4014 = CARTESIAN_POINT('',(0.,1.5));
#4015 = VECTOR('',#4016,1.);
#4016 = DIRECTION('',(1.,0.));
#4017 = ( GEOMETRIC_REPRESENTATION_CONTEXT(2) 
PARAMETRIC_REPRESENTATION_CONTEXT() REPRESENTATION_CONTEXT('2D SPACE',''
  ) );
#4018 = ORIENTED_EDGE('',*,*,#4019,.T.);
#4019 = EDGE_CURVE('',#3997,#3862,#4020,.T.);
#4020 = SURFACE_CURVE('',#4021,(#4026,#4033),.PCURVE_S1.);
#4021 = CIRCLE('',#4022,1.5);
#4022 = AXIS2_PLACEMENT_3D('',#4023,#4024,#4025);
#4023 = CARTESIAN_POINT('',(4.5,52.5,5.6));
#4024 = DIRECTION('',(-0.,0.,-1.));
#4025 = DIRECTION('',(-2.960594732334E-16,-1.,0.));
#4026 = PCURVE('',#1645,#4027);
#4027 = DEFINITIONAL_REPRESENTATION('',(#4028),#4032);
#4028 = LINE('',#4029,#4030);
#4029 = CARTESIAN_POINT('',(1.570796326795,2.6));
#4030 = VECTOR('',#4031,1.);
#4031 = DIRECTION('',(-1.,-0.));
#4032 = ( GEOMETRIC_REPRESENTATION_CONTEXT(2) 
PARAMETRIC_REPRESENTATION_CONTEXT() REPRESENTATION_CONTEXT('2D SPACE',''
  ) );
#4033 = PCURVE('',#4034,#4039);
#4034 = TOROIDAL_SURFACE('',#4035,1.1,0.4);
#4035 = AXIS2_PLACEMENT_3D('',#4036,#4037,#4038);
#4036 = CARTESIAN_POINT('',(4.5,52.5,5.6));
#4037 = DIRECTION('',(0.,0.,1.));
#4038 = DIRECTION('',(-2.960594732334E-16,-1.,0.));
#4039 = DEFINITIONAL_REPRESENTATION('',(#4040),#4044);
#4040 = LINE('',#4041,#4042);
#4041 = CARTESIAN_POINT('',(-0.,0.));
#4042 = VECTOR('',#4043,1.);
#4043 = DIRECTION('',(-1.,0.));
#4044 = ( GEOMETRIC_REPRESENTATION_CONTEXT(2) 
PARAMETRIC_REPRESENTATION_CONTEXT() REPRESENTATION_CONTEXT('2D SPACE',''
  ) );
#4045 = ADVANCED_FACE('',(#4046),#1616,.F.);
#4046 = FACE_BOUND('',#4047,.F.);
#4047 = EDGE_LOOP('',(#4048,#4049,#4077,#4098));
#4048 = ORIENTED_EDGE('',*,*,#3996,.T.);
#4049 = ORIENTED_EDGE('',*,*,#4050,.F.);
#4050 = EDGE_CURVE('',#4051,#3997,#4053,.T.);
#4051 = VERTEX_POINT('',#4052);
#4052 = CARTESIAN_POINT('',(7.5,51.,5.6));
#4053 = SURFACE_CURVE('',#4054,(#4058,#4065),.PCURVE_S1.);
#4054 = LINE('',#4055,#4056);
#4055 = CARTESIAN_POINT('',(7.5,51.,5.6));
#4056 = VECTOR('',#4057,1.);
#4057 = DIRECTION('',(-1.,-0.,-0.));
#4058 = PCURVE('',#1616,#4059);
#4059 = DEFINITIONAL_REPRESENTATION('',(#4060),#4064);
#4060 = LINE('',#4061,#4062);
#4061 = CARTESIAN_POINT('',(2.6,4.5));
#4062 = VECTOR('',#4063,1.);
#4063 = DIRECTION('',(0.,-1.));
#4064 = ( GEOMETRIC_REPRESENTATION_CONTEXT(2) 
PARAMETRIC_REPRESENTATION_CONTEXT() REPRESENTATION_CONTEXT('2D SPACE',''
  ) );
#4065 = PCURVE('',#4066,#4071);
#4066 = CYLINDRICAL_SURFACE('',#4067,0.4);
#4067 = AXIS2_PLACEMENT_3D('',#4068,#4069,#4070);
#4068 = CARTESIAN_POINT('',(7.5,51.4,5.6));
#4069 = DIRECTION('',(-1.,-0.,-0.));
#4070 = DIRECTION('',(0.,-1.,0.));
#4071 = DEFINITIONAL_REPRESENTATION('',(#4072),#4076);
#4072 = LINE('',#4073,#4074);
#4073 = CARTESIAN_POINT('',(0.,0.));
#4074 = VECTOR('',#4075,1.);
#4075 = DIRECTION('',(0.,1.));
#4076 = ( GEOMETRIC_REPRESENTATION_CONTEXT(2) 
PARAMETRIC_REPRESENTATION_CONTEXT() REPRESENTATION_CONTEXT('2D SPACE',''
  ) );
#4077 = ORIENTED_EDGE('',*,*,#4078,.F.);
#4078 = EDGE_CURVE('',#1568,#4051,#4079,.T.);
#4079 = SURFACE_CURVE('',#4080,(#4084,#4091),.PCURVE_S1.);
#4080 = LINE('',#4081,#4082);
#4081 = CARTESIAN_POINT('',(7.5,51.,3.));
#4082 = VECTOR('',#4083,1.);
#4083 = DIRECTION('',(0.,0.,1.));
#4084 = PCURVE('',#1616,#4085);
#4085 = DEFINITIONAL_REPRESENTATION('',(#4086),#4090);
#4086 = LINE('',#4087,#4088);
#4087 = CARTESIAN_POINT('',(0.,4.5));
#4088 = VECTOR('',#4089,1.);
#4089 = DIRECTION('',(1.,0.));
#4090 = ( GEOMETRIC_REPRESENTATION_CONTEXT(2) 
PARAMETRIC_REPRESENTATION_CONTEXT() REPRESENTATION_CONTEXT('2D SPACE',''
  ) );
#4091 = PCURVE('',#1588,#4092);
#4092 = DEFINITIONAL_REPRESENTATION('',(#4093),#4097);
#4093 = LINE('',#4094,#4095);
#4094 = CARTESIAN_POINT('',(-1.570796326795,0.));
#4095 = VECTOR('',#4096,1.);
#4096 = DIRECTION('',(-0.,1.));
#4097 = ( GEOMETRIC_REPRESENTATION_CONTEXT(2) 
PARAMETRIC_REPRESENTATION_CONTEXT() REPRESENTATION_CONTEXT('2D SPACE',''
  ) );
#4098 = ORIENTED_EDGE('',*,*,#1600,.F.);
#4099 = ADVANCED_FACE('',(#4100),#1466,.T.);
#4100 = FACE_BOUND('',#4101,.F.);
#4101 = EDGE_LOOP('',(#4102,#4126,#4153,#4154));
#4102 = ORIENTED_EDGE('',*,*,#4103,.F.);
#4103 = EDGE_CURVE('',#4104,#1446,#4106,.T.);
#4104 = VERTEX_POINT('',#4105);
#4105 = CARTESIAN_POINT('',(-5.,-1.110223024625E-16,2.2));
#4106 = SURFACE_CURVE('',#4107,(#4112,#4119),.PCURVE_S1.);
#4107 = CIRCLE('',#4108,0.8);
#4108 = AXIS2_PLACEMENT_3D('',#4109,#4110,#4111);
#4109 = CARTESIAN_POINT('',(-5.,0.8,2.2));
#4110 = DIRECTION('',(-1.,-0.,0.));
#4111 = DIRECTION('',(0.,-1.,0.));
#4112 = PCURVE('',#1466,#4113);
#4113 = DEFINITIONAL_REPRESENTATION('',(#4114),#4118);
#4114 = LINE('',#4115,#4116);
#4115 = CARTESIAN_POINT('',(2.22044604925E-16,-0.));
#4116 = VECTOR('',#4117,1.);
#4117 = DIRECTION('',(-0.,1.));
#4118 = ( GEOMETRIC_REPRESENTATION_CONTEXT(2) 
PARAMETRIC_REPRESENTATION_CONTEXT() REPRESENTATION_CONTEXT('2D SPACE',''
  ) );
#4119 = PCURVE('',#1494,#4120);
#4120 = DEFINITIONAL_REPRESENTATION('',(#4121),#4125);
#4121 = LINE('',#4122,#4123);
#4122 = CARTESIAN_POINT('',(0.,10.));
#4123 = VECTOR('',#4124,1.);
#4124 = DIRECTION('',(1.,0.));
#4125 = ( GEOMETRIC_REPRESENTATION_CONTEXT(2) 
PARAMETRIC_REPRESENTATION_CONTEXT() REPRESENTATION_CONTEXT('2D SPACE',''
  ) );
#4126 = ORIENTED_EDGE('',*,*,#4127,.T.);
#4127 = EDGE_CURVE('',#4104,#2814,#4128,.T.);
#4128 = SURFACE_CURVE('',#4129,(#4134,#4141),.PCURVE_S1.);
#4129 = CIRCLE('',#4130,4.);
#4130 = AXIS2_PLACEMENT_3D('',#4131,#4132,#4133);
#4131 = CARTESIAN_POINT('',(-5.,4.,2.2));
#4132 = DIRECTION('',(-0.,0.,-1.));
#4133 = DIRECTION('',(-2.22044604925E-16,-1.,0.));
#4134 = PCURVE('',#1466,#4135);
#4135 = DEFINITIONAL_REPRESENTATION('',(#4136),#4140);
#4136 = LINE('',#4137,#4138);
#4137 = CARTESIAN_POINT('',(-0.,0.));
#4138 = VECTOR('',#4139,1.);
#4139 = DIRECTION('',(-1.,0.));
#4140 = ( GEOMETRIC_REPRESENTATION_CONTEXT(2) 
PARAMETRIC_REPRESENTATION_CONTEXT() REPRESENTATION_CONTEXT('2D SPACE',''
  ) );
#4141 = PCURVE('',#4142,#4147);
#4142 = CYLINDRICAL_SURFACE('',#4143,4.);
#4143 = AXIS2_PLACEMENT_3D('',#4144,#4145,#4146);
#4144 = CARTESIAN_POINT('',(-5.,4.,0.));
#4145 = DIRECTION('',(0.,0.,1.));
#4146 = DIRECTION('',(-1.,-0.,0.));
#4147 = DEFINITIONAL_REPRESENTATION('',(#4148),#4152);
#4148 = LINE('',#4149,#4150);
#4149 = CARTESIAN_POINT('',(1.570796326795,2.2));
#4150 = VECTOR('',#4151,1.);
#4151 = DIRECTION('',(-1.,-0.));
#4152 = ( GEOMETRIC_REPRESENTATION_CONTEXT(2) 
PARAMETRIC_REPRESENTATION_CONTEXT() REPRESENTATION_CONTEXT('2D SPACE',''
  ) );
#4153 = ORIENTED_EDGE('',*,*,#2843,.T.);
#4154 = ORIENTED_EDGE('',*,*,#1445,.F.);
#4155 = ADVANCED_FACE('',(#4156),#1588,.T.);
#4156 = FACE_BOUND('',#4157,.F.);
#4157 = EDGE_LOOP('',(#4158,#4183,#4209,#4210,#4211));
#4158 = ORIENTED_EDGE('',*,*,#4159,.F.);
#4159 = EDGE_CURVE('',#4160,#4162,#4164,.T.);
#4160 = VERTEX_POINT('',#4161);
#4161 = CARTESIAN_POINT('',(9.,52.5,3.));
#4162 = VERTEX_POINT('',#4163);
#4163 = CARTESIAN_POINT('',(9.,52.5,5.6));
#4164 = SURFACE_CURVE('',#4165,(#4169,#4176),.PCURVE_S1.);
#4165 = LINE('',#4166,#4167);
#4166 = CARTESIAN_POINT('',(9.,52.5,3.));
#4167 = VECTOR('',#4168,1.);
#4168 = DIRECTION('',(0.,0.,1.));
#4169 = PCURVE('',#1588,#4170);
#4170 = DEFINITIONAL_REPRESENTATION('',(#4171),#4175);
#4171 = LINE('',#4172,#4173);
#4172 = CARTESIAN_POINT('',(-0.,0.));
#4173 = VECTOR('',#4174,1.);
#4174 = DIRECTION('',(-0.,1.));
#4175 = ( GEOMETRIC_REPRESENTATION_CONTEXT(2) 
PARAMETRIC_REPRESENTATION_CONTEXT() REPRESENTATION_CONTEXT('2D SPACE',''
  ) );
#4176 = PCURVE('',#3501,#4177);
#4177 = DEFINITIONAL_REPRESENTATION('',(#4178),#4182);
#4178 = LINE('',#4179,#4180);
#4179 = CARTESIAN_POINT('',(0.,-1.5));
#4180 = VECTOR('',#4181,1.);
#4181 = DIRECTION('',(1.,0.));
#4182 = ( GEOMETRIC_REPRESENTATION_CONTEXT(2) 
PARAMETRIC_REPRESENTATION_CONTEXT() REPRESENTATION_CONTEXT('2D SPACE',''
  ) );
#4183 = ORIENTED_EDGE('',*,*,#4184,.T.);
#4184 = EDGE_CURVE('',#4160,#1540,#4185,.T.);
#4185 = SURFACE_CURVE('',#4186,(#4191,#4198),.PCURVE_S1.);
#4186 = CIRCLE('',#4187,1.5);
#4187 = AXIS2_PLACEMENT_3D('',#4188,#4189,#4190);
#4188 = CARTESIAN_POINT('',(7.5,52.5,3.));
#4189 = DIRECTION('',(-0.,-0.,-1.));
#4190 = DIRECTION('',(0.,-1.,0.));
#4191 = PCURVE('',#1588,#4192);
#4192 = DEFINITIONAL_REPRESENTATION('',(#4193),#4197);
#4193 = LINE('',#4194,#4195);
#4194 = CARTESIAN_POINT('',(4.712388980385,-0.));
#4195 = VECTOR('',#4196,1.);
#4196 = DIRECTION('',(-1.,0.));
#4197 = ( GEOMETRIC_REPRESENTATION_CONTEXT(2) 
PARAMETRIC_REPRESENTATION_CONTEXT() REPRESENTATION_CONTEXT('2D SPACE',''
  ) );
#4198 = PCURVE('',#3390,#4199);
#4199 = DEFINITIONAL_REPRESENTATION('',(#4200),#4208);
#4200 = ( BOUNDED_CURVE() B_SPLINE_CURVE(2,(#4201,#4202,#4203,#4204,
#4205,#4206,#4207),.UNSPECIFIED.,.T.,.F.) B_SPLINE_CURVE_WITH_KNOTS((1,2
    ,2,2,2,1),(-2.094395102393,0.,2.094395102393,4.188790204786,
6.28318530718,8.377580409573),.UNSPECIFIED.) CURVE() 
GEOMETRIC_REPRESENTATION_ITEM() RATIONAL_B_SPLINE_CURVE((1.,0.5,1.,0.5,
1.,0.5,1.)) REPRESENTATION_ITEM('') );
#4201 = CARTESIAN_POINT('',(4.5,0.));
#4202 = CARTESIAN_POINT('',(1.901923788647,0.));
#4203 = CARTESIAN_POINT('',(3.200961894323,2.25));
#4204 = CARTESIAN_POINT('',(4.5,4.5));
#4205 = CARTESIAN_POINT('',(5.799038105677,2.25));
#4206 = CARTESIAN_POINT('',(7.098076211353,2.22044604925E-15));
#4207 = CARTESIAN_POINT('',(4.5,0.));
#4208 = ( GEOMETRIC_REPRESENTATION_CONTEXT(2) 
PARAMETRIC_REPRESENTATION_CONTEXT() REPRESENTATION_CONTEXT('2D SPACE',''
  ) );
#4209 = ORIENTED_EDGE('',*,*,#1567,.T.);
#4210 = ORIENTED_EDGE('',*,*,#4078,.T.);
#4211 = ORIENTED_EDGE('',*,*,#4212,.F.);
#4212 = EDGE_CURVE('',#4162,#4051,#4213,.T.);
#4213 = SURFACE_CURVE('',#4214,(#4219,#4226),.PCURVE_S1.);
#4214 = CIRCLE('',#4215,1.5);
#4215 = AXIS2_PLACEMENT_3D('',#4216,#4217,#4218);
#4216 = CARTESIAN_POINT('',(7.5,52.5,5.6));
#4217 = DIRECTION('',(0.,-0.,-1.));
#4218 = DIRECTION('',(1.,0.,-0.));
#4219 = PCURVE('',#1588,#4220);
#4220 = DEFINITIONAL_REPRESENTATION('',(#4221),#4225);
#4221 = LINE('',#4222,#4223);
#4222 = CARTESIAN_POINT('',(-0.,2.6));
#4223 = VECTOR('',#4224,1.);
#4224 = DIRECTION('',(-1.,0.));
#4225 = ( GEOMETRIC_REPRESENTATION_CONTEXT(2) 
PARAMETRIC_REPRESENTATION_CONTEXT() REPRESENTATION_CONTEXT('2D SPACE',''
  ) );
#4226 = PCURVE('',#4227,#4232);
#4227 = TOROIDAL_SURFACE('',#4228,1.1,0.4);
#4228 = AXIS2_PLACEMENT_3D('',#4229,#4230,#4231);
#4229 = CARTESIAN_POINT('',(7.5,52.5,5.6));
#4230 = DIRECTION('',(0.,0.,1.));
#4231 = DIRECTION('',(1.,0.,-0.));
#4232 = DEFINITIONAL_REPRESENTATION('',(#4233),#4237);
#4233 = LINE('',#4234,#4235);
#4234 = CARTESIAN_POINT('',(-0.,0.));
#4235 = VECTOR('',#4236,1.);
#4236 = DIRECTION('',(-1.,0.));
#4237 = ( GEOMETRIC_REPRESENTATION_CONTEXT(2) 
PARAMETRIC_REPRESENTATION_CONTEXT() REPRESENTATION_CONTEXT('2D SPACE',''
  ) );
#4238 = ADVANCED_FACE('',(#4239),#1494,.T.);
#4239 = FACE_BOUND('',#4240,.T.);
#4240 = EDGE_LOOP('',(#4241,#4265,#4266,#4267));
#4241 = ORIENTED_EDGE('',*,*,#4242,.T.);
#4242 = EDGE_CURVE('',#4243,#1479,#4245,.T.);
#4243 = VERTEX_POINT('',#4244);
#4244 = CARTESIAN_POINT('',(5.,-8.881784197001E-16,2.2));
#4245 = SURFACE_CURVE('',#4246,(#4251,#4258),.PCURVE_S1.);
#4246 = CIRCLE('',#4247,0.8);
#4247 = AXIS2_PLACEMENT_3D('',#4248,#4249,#4250);
#4248 = CARTESIAN_POINT('',(5.,0.8,2.2));
#4249 = DIRECTION('',(-1.,-6.123233995737E-17,0.));
#4250 = DIRECTION('',(6.123233995737E-17,-1.,-0.));
#4251 = PCURVE('',#1494,#4252);
#4252 = DEFINITIONAL_REPRESENTATION('',(#4253),#4257);
#4253 = LINE('',#4254,#4255);
#4254 = CARTESIAN_POINT('',(0.,0.));
#4255 = VECTOR('',#4256,1.);
#4256 = DIRECTION('',(1.,0.));
#4257 = ( GEOMETRIC_REPRESENTATION_CONTEXT(2) 
PARAMETRIC_REPRESENTATION_CONTEXT() REPRESENTATION_CONTEXT('2D SPACE',''
  ) );
#4258 = PCURVE('',#1527,#4259);
#4259 = DEFINITIONAL_REPRESENTATION('',(#4260),#4264);
#4260 = LINE('',#4261,#4262);
#4261 = CARTESIAN_POINT('',(-1.570796326795,0.));
#4262 = VECTOR('',#4263,1.);
#4263 = DIRECTION('',(-0.,1.));
#4264 = ( GEOMETRIC_REPRESENTATION_CONTEXT(2) 
PARAMETRIC_REPRESENTATION_CONTEXT() REPRESENTATION_CONTEXT('2D SPACE',''
  ) );
#4265 = ORIENTED_EDGE('',*,*,#1478,.T.);
#4266 = ORIENTED_EDGE('',*,*,#4103,.F.);
#4267 = ORIENTED_EDGE('',*,*,#4268,.F.);
#4268 = EDGE_CURVE('',#4243,#4104,#4269,.T.);
#4269 = SURFACE_CURVE('',#4270,(#4274,#4281),.PCURVE_S1.);
#4270 = LINE('',#4271,#4272);
#4271 = CARTESIAN_POINT('',(5.,-1.110223024625E-16,2.2));
#4272 = VECTOR('',#4273,1.);
#4273 = DIRECTION('',(-1.,-0.,-0.));
#4274 = PCURVE('',#1494,#4275);
#4275 = DEFINITIONAL_REPRESENTATION('',(#4276),#4280);
#4276 = LINE('',#4277,#4278);
#4277 = CARTESIAN_POINT('',(0.,0.));
#4278 = VECTOR('',#4279,1.);
#4279 = DIRECTION('',(0.,1.));
#4280 = ( GEOMETRIC_REPRESENTATION_CONTEXT(2) 
PARAMETRIC_REPRESENTATION_CONTEXT() REPRESENTATION_CONTEXT('2D SPACE',''
  ) );
#4281 = PCURVE('',#4282,#4287);
#4282 = PLANE('',#4283);
#4283 = AXIS2_PLACEMENT_3D('',#4284,#4285,#4286);
#4284 = CARTESIAN_POINT('',(-9.,0.,0.));
#4285 = DIRECTION('',(0.,1.,0.));
#4286 = DIRECTION('',(0.,0.,1.));
#4287 = DEFINITIONAL_REPRESENTATION('',(#4288),#4292);
#4288 = LINE('',#4289,#4290);
#4289 = CARTESIAN_POINT('',(2.2,14.));
#4290 = VECTOR('',#4291,1.);
#4291 = DIRECTION('',(0.,-1.));
#4292 = ( GEOMETRIC_REPRESENTATION_CONTEXT(2) 
PARAMETRIC_REPRESENTATION_CONTEXT() REPRESENTATION_CONTEXT('2D SPACE',''
  ) );
#4293 = ADVANCED_FACE('',(#4294),#1527,.T.);
#4294 = FACE_BOUND('',#4295,.F.);
#4295 = EDGE_LOOP('',(#4296,#4297,#4324,#4325));
#4296 = ORIENTED_EDGE('',*,*,#3403,.F.);
#4297 = ORIENTED_EDGE('',*,*,#4298,.T.);
#4298 = EDGE_CURVE('',#3181,#4243,#4299,.T.);
#4299 = SURFACE_CURVE('',#4300,(#4305,#4312),.PCURVE_S1.);
#4300 = CIRCLE('',#4301,4.);
#4301 = AXIS2_PLACEMENT_3D('',#4302,#4303,#4304);
#4302 = CARTESIAN_POINT('',(5.,4.,2.2));
#4303 = DIRECTION('',(0.,-0.,-1.));
#4304 = DIRECTION('',(1.,0.,-0.));
#4305 = PCURVE('',#1527,#4306);
#4306 = DEFINITIONAL_REPRESENTATION('',(#4307),#4311);
#4307 = LINE('',#4308,#4309);
#4308 = CARTESIAN_POINT('',(-0.,0.));
#4309 = VECTOR('',#4310,1.);
#4310 = DIRECTION('',(-1.,0.));
#4311 = ( GEOMETRIC_REPRESENTATION_CONTEXT(2) 
PARAMETRIC_REPRESENTATION_CONTEXT() REPRESENTATION_CONTEXT('2D SPACE',''
  ) );
#4312 = PCURVE('',#4313,#4318);
#4313 = CYLINDRICAL_SURFACE('',#4314,4.);
#4314 = AXIS2_PLACEMENT_3D('',#4315,#4316,#4317);
#4315 = CARTESIAN_POINT('',(5.,4.,0.));
#4316 = DIRECTION('',(0.,0.,1.));
#4317 = DIRECTION('',(1.,0.,-0.));
#4318 = DEFINITIONAL_REPRESENTATION('',(#4319),#4323);
#4319 = LINE('',#4320,#4321);
#4320 = CARTESIAN_POINT('',(-0.,2.2));
#4321 = VECTOR('',#4322,1.);
#4322 = DIRECTION('',(-1.,0.));
#4323 = ( GEOMETRIC_REPRESENTATION_CONTEXT(2) 
PARAMETRIC_REPRESENTATION_CONTEXT() REPRESENTATION_CONTEXT('2D SPACE',''
  ) );
#4324 = ORIENTED_EDGE('',*,*,#4242,.T.);
#4325 = ORIENTED_EDGE('',*,*,#1506,.F.);
#4326 = ADVANCED_FACE('',(#4327),#1895,.F.);
#4327 = FACE_BOUND('',#4328,.F.);
#4328 = EDGE_LOOP('',(#4329,#4330,#4353,#4380));
#4329 = ORIENTED_EDGE('',*,*,#1878,.F.);
#4330 = ORIENTED_EDGE('',*,*,#4331,.F.);
#4331 = EDGE_CURVE('',#4332,#1879,#4334,.T.);
#4332 = VERTEX_POINT('',#4333);
#4333 = CARTESIAN_POINT('',(1.9,5.,1.4));
#4334 = SEAM_CURVE('',#4335,(#4339,#4346),.PCURVE_S1.);
#4335 = LINE('',#4336,#4337);
#4336 = CARTESIAN_POINT('',(1.9,5.,1.4));
#4337 = VECTOR('',#4338,1.);
#4338 = DIRECTION('',(0.707106781187,-1.731912112471E-16,0.707106781187)
  );
#4339 = PCURVE('',#1895,#4340);
#4340 = DEFINITIONAL_REPRESENTATION('',(#4341),#4345);
#4341 = LINE('',#4342,#4343);
#4342 = CARTESIAN_POINT('',(6.28318530718,-0.));
#4343 = VECTOR('',#4344,1.);
#4344 = DIRECTION('',(0.,1.));
#4345 = ( GEOMETRIC_REPRESENTATION_CONTEXT(2) 
PARAMETRIC_REPRESENTATION_CONTEXT() REPRESENTATION_CONTEXT('2D SPACE',''
  ) );
#4346 = PCURVE('',#1895,#4347);
#4347 = DEFINITIONAL_REPRESENTATION('',(#4348),#4352);
#4348 = LINE('',#4349,#4350);
#4349 = CARTESIAN_POINT('',(0.,-0.));
#4350 = VECTOR('',#4351,1.);
#4351 = DIRECTION('',(0.,1.));
#4352 = ( GEOMETRIC_REPRESENTATION_CONTEXT(2) 
PARAMETRIC_REPRESENTATION_CONTEXT() REPRESENTATION_CONTEXT('2D SPACE',''
  ) );
#4353 = ORIENTED_EDGE('',*,*,#4354,.T.);
#4354 = EDGE_CURVE('',#4332,#4332,#4355,.T.);
#4355 = SURFACE_CURVE('',#4356,(#4361,#4368),.PCURVE_S1.);
#4356 = CIRCLE('',#4357,1.9);
#4357 = AXIS2_PLACEMENT_3D('',#4358,#4359,#4360);
#4358 = CARTESIAN_POINT('',(0.,5.,1.4));
#4359 = DIRECTION('',(0.,0.,1.));
#4360 = DIRECTION('',(1.,0.,-0.));
#4361 = PCURVE('',#1895,#4362);
#4362 = DEFINITIONAL_REPRESENTATION('',(#4363),#4367);
#4363 = LINE('',#4364,#4365);
#4364 = CARTESIAN_POINT('',(0.,0.));
#4365 = VECTOR('',#4366,1.);
#4366 = DIRECTION('',(1.,0.));
#4367 = ( GEOMETRIC_REPRESENTATION_CONTEXT(2) 
PARAMETRIC_REPRESENTATION_CONTEXT() REPRESENTATION_CONTEXT('2D SPACE',''
  ) );
#4368 = PCURVE('',#4369,#4374);
#4369 = CYLINDRICAL_SURFACE('',#4370,1.9);
#4370 = AXIS2_PLACEMENT_3D('',#4371,#4372,#4373);
#4371 = CARTESIAN_POINT('',(0.,5.,0.));
#4372 = DIRECTION('',(0.,0.,1.));
#4373 = DIRECTION('',(1.,0.,-0.));
#4374 = DEFINITIONAL_REPRESENTATION('',(#4375),#4379);
#4375 = LINE('',#4376,#4377);
#4376 = CARTESIAN_POINT('',(0.,1.4));
#4377 = VECTOR('',#4378,1.);
#4378 = DIRECTION('',(1.,0.));
#4379 = ( GEOMETRIC_REPRESENTATION_CONTEXT(2) 
PARAMETRIC_REPRESENTATION_CONTEXT() REPRESENTATION_CONTEXT('2D SPACE',''
  ) );
#4380 = ORIENTED_EDGE('',*,*,#4331,.T.);
#4381 = ADVANCED_FACE('',(#4382),#2112,.F.);
#4382 = FACE_BOUND('',#4383,.F.);
#4383 = EDGE_LOOP('',(#4384,#4407,#4408,#4431));
#4384 = ORIENTED_EDGE('',*,*,#4385,.T.);
#4385 = EDGE_CURVE('',#4386,#2046,#4388,.T.);
#4386 = VERTEX_POINT('',#4387);
#4387 = CARTESIAN_POINT('',(-9.,79.6,16.));
#4388 = SURFACE_CURVE('',#4389,(#4393,#4400),.PCURVE_S1.);
#4389 = LINE('',#4390,#4391);
#4390 = CARTESIAN_POINT('',(-9.,81.,16.));
#4391 = VECTOR('',#4392,1.);
#4392 = DIRECTION('',(0.,-1.,0.));
#4393 = PCURVE('',#2112,#4394);
#4394 = DEFINITIONAL_REPRESENTATION('',(#4395),#4399);
#4395 = LINE('',#4396,#4397);
#4396 = CARTESIAN_POINT('',(0.,0.));
#4397 = VECTOR('',#4398,1.);
#4398 = DIRECTION('',(0.,-1.));
#4399 = ( GEOMETRIC_REPRESENTATION_CONTEXT(2) 
PARAMETRIC_REPRESENTATION_CONTEXT() REPRESENTATION_CONTEXT('2D SPACE',''
  ) );
#4400 = PCURVE('',#2585,#4401);
#4401 = DEFINITIONAL_REPRESENTATION('',(#4402),#4406);
#4402 = LINE('',#4403,#4404);
#4403 = CARTESIAN_POINT('',(-3.14159265359,0.));
#4404 = VECTOR('',#4405,1.);
#4405 = DIRECTION('',(-0.,-1.));
#4406 = ( GEOMETRIC_REPRESENTATION_CONTEXT(2) 
PARAMETRIC_REPRESENTATION_CONTEXT() REPRESENTATION_CONTEXT('2D SPACE',''
  ) );
#4407 = ORIENTED_EDGE('',*,*,#2098,.T.);
#4408 = ORIENTED_EDGE('',*,*,#4409,.F.);
#4409 = EDGE_CURVE('',#4410,#2070,#4412,.T.);
#4410 = VERTEX_POINT('',#4411);
#4411 = CARTESIAN_POINT('',(-9.,79.6,3.));
#4412 = SURFACE_CURVE('',#4413,(#4417,#4424),.PCURVE_S1.);
#4413 = LINE('',#4414,#4415);
#4414 = CARTESIAN_POINT('',(-9.,81.,3.));
#4415 = VECTOR('',#4416,1.);
#4416 = DIRECTION('',(0.,-1.,0.));
#4417 = PCURVE('',#2112,#4418);
#4418 = DEFINITIONAL_REPRESENTATION('',(#4419),#4423);
#4419 = LINE('',#4420,#4421);
#4420 = CARTESIAN_POINT('',(13.,0.));
#4421 = VECTOR('',#4422,1.);
#4422 = DIRECTION('',(0.,-1.));
#4423 = ( GEOMETRIC_REPRESENTATION_CONTEXT(2) 
PARAMETRIC_REPRESENTATION_CONTEXT() REPRESENTATION_CONTEXT('2D SPACE',''
  ) );
#4424 = PCURVE('',#2086,#4425);
#4425 = DEFINITIONAL_REPRESENTATION('',(#4426),#4430);
#4426 = LINE('',#4427,#4428);
#4427 = CARTESIAN_POINT('',(0.,0.));
#4428 = VECTOR('',#4429,1.);
#4429 = DIRECTION('',(0.,-1.));
#4430 = ( GEOMETRIC_REPRESENTATION_CONTEXT(2) 
PARAMETRIC_REPRESENTATION_CONTEXT() REPRESENTATION_CONTEXT('2D SPACE',''
  ) );
#4431 = ORIENTED_EDGE('',*,*,#4432,.F.);
#4432 = EDGE_CURVE('',#4386,#4410,#4433,.T.);
#4433 = SURFACE_CURVE('',#4434,(#4438,#4445),.PCURVE_S1.);
#4434 = LINE('',#4435,#4436);
#4435 = CARTESIAN_POINT('',(-9.,79.6,16.));
#4436 = VECTOR('',#4437,1.);
#4437 = DIRECTION('',(0.,0.,-1.));
#4438 = PCURVE('',#2112,#4439);
#4439 = DEFINITIONAL_REPRESENTATION('',(#4440),#4444);
#4440 = LINE('',#4441,#4442);
#4441 = CARTESIAN_POINT('',(0.,-1.4));
#4442 = VECTOR('',#4443,1.);
#4443 = DIRECTION('',(1.,0.));
#4444 = ( GEOMETRIC_REPRESENTATION_CONTEXT(2) 
PARAMETRIC_REPRESENTATION_CONTEXT() REPRESENTATION_CONTEXT('2D SPACE',''
  ) );
#4445 = PCURVE('',#4446,#4451);
#4446 = CYLINDRICAL_SURFACE('',#4447,1.4);
#4447 = AXIS2_PLACEMENT_3D('',#4448,#4449,#4450);
#4448 = CARTESIAN_POINT('',(-7.6,79.6,16.));
#4449 = DIRECTION('',(0.,0.,-1.));
#4450 = DIRECTION('',(-1.,-0.,-0.));
#4451 = DEFINITIONAL_REPRESENTATION('',(#4452),#4456);
#4452 = LINE('',#4453,#4454);
#4453 = CARTESIAN_POINT('',(0.,0.));
#4454 = VECTOR('',#4455,1.);
#4455 = DIRECTION('',(0.,1.));
#4456 = ( GEOMETRIC_REPRESENTATION_CONTEXT(2) 
PARAMETRIC_REPRESENTATION_CONTEXT() REPRESENTATION_CONTEXT('2D SPACE',''
  ) );
#4457 = ADVANCED_FACE('',(#4458),#2086,.F.);
#4458 = FACE_BOUND('',#4459,.F.);
#4459 = EDGE_LOOP('',(#4460,#4486,#4487,#4488));
#4460 = ORIENTED_EDGE('',*,*,#4461,.F.);
#4461 = EDGE_CURVE('',#4410,#2896,#4462,.T.);
#4462 = SURFACE_CURVE('',#4463,(#4468,#4479),.PCURVE_S1.);
#4463 = CIRCLE('',#4464,1.4);
#4464 = AXIS2_PLACEMENT_3D('',#4465,#4466,#4467);
#4465 = CARTESIAN_POINT('',(-7.6,79.6,3.));
#4466 = DIRECTION('',(0.,0.,-1.));
#4467 = DIRECTION('',(0.,1.,0.));
#4468 = PCURVE('',#2086,#4469);
#4469 = DEFINITIONAL_REPRESENTATION('',(#4470),#4478);
#4470 = ( BOUNDED_CURVE() B_SPLINE_CURVE(2,(#4471,#4472,#4473,#4474,
#4475,#4476,#4477),.UNSPECIFIED.,.T.,.F.) B_SPLINE_CURVE_WITH_KNOTS((1,2
    ,2,2,2,1),(-2.094395102393,0.,2.094395102393,4.188790204786,
6.28318530718,8.377580409573),.UNSPECIFIED.) CURVE() 
GEOMETRIC_REPRESENTATION_ITEM() RATIONAL_B_SPLINE_CURVE((1.,0.5,1.,0.5,
1.,0.5,1.)) REPRESENTATION_ITEM('') );
#4471 = CARTESIAN_POINT('',(1.4,-5.773159728051E-15));
#4472 = CARTESIAN_POINT('',(3.824871130596,-5.773159728051E-15));
#4473 = CARTESIAN_POINT('',(2.612435565298,-2.1));
#4474 = CARTESIAN_POINT('',(1.4,-4.2));
#4475 = CARTESIAN_POINT('',(0.187564434702,-2.1));
#4476 = CARTESIAN_POINT('',(-1.024871130596,-7.993605777301E-15));
#4477 = CARTESIAN_POINT('',(1.4,-5.773159728051E-15));
#4478 = ( GEOMETRIC_REPRESENTATION_CONTEXT(2) 
PARAMETRIC_REPRESENTATION_CONTEXT() REPRESENTATION_CONTEXT('2D SPACE',''
  ) );
#4479 = PCURVE('',#4446,#4480);
#4480 = DEFINITIONAL_REPRESENTATION('',(#4481),#4485);
#4481 = LINE('',#4482,#4483);
#4482 = CARTESIAN_POINT('',(-4.712388980385,13.));
#4483 = VECTOR('',#4484,1.);
#4484 = DIRECTION('',(1.,0.));
#4485 = ( GEOMETRIC_REPRESENTATION_CONTEXT(2) 
PARAMETRIC_REPRESENTATION_CONTEXT() REPRESENTATION_CONTEXT('2D SPACE',''
  ) );
#4486 = ORIENTED_EDGE('',*,*,#4409,.T.);
#4487 = ORIENTED_EDGE('',*,*,#2069,.T.);
#4488 = ORIENTED_EDGE('',*,*,#2895,.T.);
#4489 = ADVANCED_FACE('',(#4490),#2315,.T.);
#4490 = FACE_BOUND('',#4491,.T.);
#4491 = EDGE_LOOP('',(#4492,#4522,#4543,#4566,#4587,#4588));
#4492 = ORIENTED_EDGE('',*,*,#4493,.T.);
#4493 = EDGE_CURVE('',#4494,#4496,#4498,.T.);
#4494 = VERTEX_POINT('',#4495);
#4495 = CARTESIAN_POINT('',(9.,75.,12.885401639174));
#4496 = VERTEX_POINT('',#4497);
#4497 = CARTESIAN_POINT('',(9.,75.,3.));
#4498 = SURFACE_CURVE('',#4499,(#4503,#4510),.PCURVE_S1.);
#4499 = LINE('',#4500,#4501);
#4500 = CARTESIAN_POINT('',(9.,75.,16.));
#4501 = VECTOR('',#4502,1.);
#4502 = DIRECTION('',(0.,0.,-1.));
#4503 = PCURVE('',#2315,#4504);
#4504 = DEFINITIONAL_REPRESENTATION('',(#4505),#4509);
#4505 = LINE('',#4506,#4507);
#4506 = CARTESIAN_POINT('',(0.,-3.));
#4507 = VECTOR('',#4508,1.);
#4508 = DIRECTION('',(1.,0.));
#4509 = ( GEOMETRIC_REPRESENTATION_CONTEXT(2) 
PARAMETRIC_REPRESENTATION_CONTEXT() REPRESENTATION_CONTEXT('2D SPACE',''
  ) );
#4510 = PCURVE('',#4511,#4516);
#4511 = PLANE('',#4512);
#4512 = AXIS2_PLACEMENT_3D('',#4513,#4514,#4515);
#4513 = CARTESIAN_POINT('',(9.,73.24771827212,8.104869081029));
#4514 = DIRECTION('',(-1.,-0.,-0.));
#4515 = DIRECTION('',(0.,0.,-1.));
#4516 = DEFINITIONAL_REPRESENTATION('',(#4517),#4521);
#4517 = LINE('',#4518,#4519);
#4518 = CARTESIAN_POINT('',(-7.895130918971,-1.75228172788));
#4519 = VECTOR('',#4520,1.);
#4520 = DIRECTION('',(1.,0.));
#4521 = ( GEOMETRIC_REPRESENTATION_CONTEXT(2) 
PARAMETRIC_REPRESENTATION_CONTEXT() REPRESENTATION_CONTEXT('2D SPACE',''
  ) );
#4522 = ORIENTED_EDGE('',*,*,#4523,.F.);
#4523 = EDGE_CURVE('',#3322,#4496,#4524,.T.);
#4524 = SURFACE_CURVE('',#4525,(#4529,#4536),.PCURVE_S1.);
#4525 = LINE('',#4526,#4527);
#4526 = CARTESIAN_POINT('',(6.,75.,3.));
#4527 = VECTOR('',#4528,1.);
#4528 = DIRECTION('',(1.,0.,0.));
#4529 = PCURVE('',#2315,#4530);
#4530 = DEFINITIONAL_REPRESENTATION('',(#4531),#4535);
#4531 = LINE('',#4532,#4533);
#4532 = CARTESIAN_POINT('',(13.,0.));
#4533 = VECTOR('',#4534,1.);
#4534 = DIRECTION('',(0.,-1.));
#4535 = ( GEOMETRIC_REPRESENTATION_CONTEXT(2) 
PARAMETRIC_REPRESENTATION_CONTEXT() REPRESENTATION_CONTEXT('2D SPACE',''
  ) );
#4536 = PCURVE('',#3363,#4537);
#4537 = DEFINITIONAL_REPRESENTATION('',(#4538),#4542);
#4538 = LINE('',#4539,#4540);
#4539 = CARTESIAN_POINT('',(0.,-0.));
#4540 = VECTOR('',#4541,1.);
#4541 = DIRECTION('',(0.,-1.));
#4542 = ( GEOMETRIC_REPRESENTATION_CONTEXT(2) 
PARAMETRIC_REPRESENTATION_CONTEXT() REPRESENTATION_CONTEXT('2D SPACE',''
  ) );
#4543 = ORIENTED_EDGE('',*,*,#4544,.F.);
#4544 = EDGE_CURVE('',#4545,#3322,#4547,.T.);
#4545 = VERTEX_POINT('',#4546);
#4546 = CARTESIAN_POINT('',(7.6,75.,3.));
#4547 = SURFACE_CURVE('',#4548,(#4552,#4559),.PCURVE_S1.);
#4548 = LINE('',#4549,#4550);
#4549 = CARTESIAN_POINT('',(6.,75.,3.));
#4550 = VECTOR('',#4551,1.);
#4551 = DIRECTION('',(1.,0.,0.));
#4552 = PCURVE('',#2315,#4553);
#4553 = DEFINITIONAL_REPRESENTATION('',(#4554),#4558);
#4554 = LINE('',#4555,#4556);
#4555 = CARTESIAN_POINT('',(13.,0.));
#4556 = VECTOR('',#4557,1.);
#4557 = DIRECTION('',(0.,-1.));
#4558 = ( GEOMETRIC_REPRESENTATION_CONTEXT(2) 
PARAMETRIC_REPRESENTATION_CONTEXT() REPRESENTATION_CONTEXT('2D SPACE',''
  ) );
#4559 = PCURVE('',#3337,#4560);
#4560 = DEFINITIONAL_REPRESENTATION('',(#4561),#4565);
#4561 = LINE('',#4562,#4563);
#4562 = CARTESIAN_POINT('',(15.,75.));
#4563 = VECTOR('',#4564,1.);
#4564 = DIRECTION('',(1.,0.));
#4565 = ( GEOMETRIC_REPRESENTATION_CONTEXT(2) 
PARAMETRIC_REPRESENTATION_CONTEXT() REPRESENTATION_CONTEXT('2D SPACE',''
  ) );
#4566 = ORIENTED_EDGE('',*,*,#4567,.T.);
#4567 = EDGE_CURVE('',#4545,#937,#4568,.T.);
#4568 = SURFACE_CURVE('',#4569,(#4573,#4580),.PCURVE_S1.);
#4569 = LINE('',#4570,#4571);
#4570 = CARTESIAN_POINT('',(7.6,75.,3.));
#4571 = VECTOR('',#4572,1.);
#4572 = DIRECTION('',(0.,0.,1.));
#4573 = PCURVE('',#2315,#4574);
#4574 = DEFINITIONAL_REPRESENTATION('',(#4575),#4579);
#4575 = LINE('',#4576,#4577);
#4576 = CARTESIAN_POINT('',(13.,-1.6));
#4577 = VECTOR('',#4578,1.);
#4578 = DIRECTION('',(-1.,0.));
#4579 = ( GEOMETRIC_REPRESENTATION_CONTEXT(2) 
PARAMETRIC_REPRESENTATION_CONTEXT() REPRESENTATION_CONTEXT('2D SPACE',''
  ) );
#4580 = PCURVE('',#2559,#4581);
#4581 = DEFINITIONAL_REPRESENTATION('',(#4582),#4586);
#4582 = LINE('',#4583,#4584);
#4583 = CARTESIAN_POINT('',(-1.570796326795,0.));
#4584 = VECTOR('',#4585,1.);
#4585 = DIRECTION('',(-0.,1.));
#4586 = ( GEOMETRIC_REPRESENTATION_CONTEXT(2) 
PARAMETRIC_REPRESENTATION_CONTEXT() REPRESENTATION_CONTEXT('2D SPACE',''
  ) );
#4587 = ORIENTED_EDGE('',*,*,#2299,.T.);
#4588 = ORIENTED_EDGE('',*,*,#4589,.T.);
#4589 = EDGE_CURVE('',#2300,#4494,#4590,.T.);
#4590 = SURFACE_CURVE('',#4591,(#4618,#4648),.PCURVE_S1.);
#4591 = B_SPLINE_CURVE_WITH_KNOTS('',7,(#4592,#4593,#4594,#4595,#4596,
    #4597,#4598,#4599,#4600,#4601,#4602,#4603,#4604,#4605,#4606,#4607,
    #4608,#4609,#4610,#4611,#4612,#4613,#4614,#4615,#4616,#4617),
  .UNSPECIFIED.,.F.,.F.,(8,6,6,6,8),(0.,0.209727147973,0.525118188792,
    0.788927891122,1.),.UNSPECIFIED.);
#4592 = CARTESIAN_POINT('',(8.2,75.,16.));
#4593 = CARTESIAN_POINT('',(8.235000909627,75.,16.));
#4594 = CARTESIAN_POINT('',(8.270739224225,75.,15.992633661737));
#4595 = CARTESIAN_POINT('',(8.307063768995,75.,15.977343389786));
#4596 = CARTESIAN_POINT('',(8.343790330382,75.,15.953649189557));
#4597 = CARTESIAN_POINT('',(8.380702955125,75.,15.921208983609));
#4598 = CARTESIAN_POINT('',(8.417561821008,75.,15.879863421311));
#4599 = CARTESIAN_POINT('',(8.509090964021,75.,15.754176266139));
#4600 = CARTESIAN_POINT('',(8.56338966994,75.,15.658652057997));
#4601 = CARTESIAN_POINT('',(8.616156896691,75.,15.543267076162));
#4602 = CARTESIAN_POINT('',(8.666529172668,75.,15.409214704034));
#4603 = CARTESIAN_POINT('',(8.713748701849,75.,15.258715187027));
#4604 = CARTESIAN_POINT('',(8.757244625979,75.,15.094515878941));
#4605 = CARTESIAN_POINT('',(8.829571798197,75.,14.773149646936));
#4606 = CARTESIAN_POINT('',(8.859640762742,75.,14.619212797624));
#4607 = CARTESIAN_POINT('',(8.886615962822,75.,14.459373647213));
#4608 = CARTESIAN_POINT('',(8.910363241528,75.,14.295369171038));
#4609 = CARTESIAN_POINT('',(8.930831559738,75.,14.128873571252));
#4610 = CARTESIAN_POINT('',(8.948042859566,75.,13.961411572797));
#4611 = CARTESIAN_POINT('',(8.973300650303,75.,13.660637667618));
#4612 = CARTESIAN_POINT('',(8.982490926571,75.,13.527197797171));
#4613 = CARTESIAN_POINT('',(8.989684561896,75.,13.394696494072));
#4614 = CARTESIAN_POINT('',(8.994943848272,75.,13.263760124423));
#4615 = CARTESIAN_POINT('',(8.998350198817,75.,13.134936573831));
#4616 = CARTESIAN_POINT('',(9.,75.,13.008690269463));
#4617 = CARTESIAN_POINT('',(9.,75.,12.885404491127));
#4618 = PCURVE('',#2315,#4619);
#4619 = DEFINITIONAL_REPRESENTATION('',(#4620),#4647);
#4620 = B_SPLINE_CURVE_WITH_KNOTS('',7,(#4621,#4622,#4623,#4624,#4625,
    #4626,#4627,#4628,#4629,#4630,#4631,#4632,#4633,#4634,#4635,#4636,
    #4637,#4638,#4639,#4640,#4641,#4642,#4643,#4644,#4645,#4646),
  .UNSPECIFIED.,.F.,.F.,(8,6,6,6,8),(0.,0.209727147973,0.525118188792,
    0.788927891122,1.),.UNSPECIFIED.);
#4621 = CARTESIAN_POINT('',(-3.552713678801E-14,-2.2));
#4622 = CARTESIAN_POINT('',(-3.822462080055E-14,-2.235000909627));
#4623 = CARTESIAN_POINT('',(7.366338262893E-03,-2.270739224225));
#4624 = CARTESIAN_POINT('',(2.265661021416E-02,-2.307063768995));
#4625 = CARTESIAN_POINT('',(4.635081044325E-02,-2.343790330382));
#4626 = CARTESIAN_POINT('',(7.879101639075E-02,-2.380702955125));
#4627 = CARTESIAN_POINT('',(0.120136578689,-2.417561821008));
#4628 = CARTESIAN_POINT('',(0.245823733861,-2.509090964021));
#4629 = CARTESIAN_POINT('',(0.341347942003,-2.56338966994));
#4630 = CARTESIAN_POINT('',(0.456732923838,-2.616156896691));
#4631 = CARTESIAN_POINT('',(0.590785295966,-2.666529172668));
#4632 = CARTESIAN_POINT('',(0.741284812973,-2.713748701849));
#4633 = CARTESIAN_POINT('',(0.905484121059,-2.757244625979));
#4634 = CARTESIAN_POINT('',(1.226850353064,-2.829571798197));
#4635 = CARTESIAN_POINT('',(1.380787202376,-2.859640762742));
#4636 = CARTESIAN_POINT('',(1.540626352787,-2.886615962822));
#4637 = CARTESIAN_POINT('',(1.704630828962,-2.910363241528));
#4638 = CARTESIAN_POINT('',(1.871126428748,-2.930831559738));
#4639 = CARTESIAN_POINT('',(2.038588427203,-2.948042859566));
#4640 = CARTESIAN_POINT('',(2.339362332382,-2.973300650303));
#4641 = CARTESIAN_POINT('',(2.472802202829,-2.982490926571));
#4642 = CARTESIAN_POINT('',(2.605303505928,-2.989684561896));
#4643 = CARTESIAN_POINT('',(2.736239875577,-2.994943848272));
#4644 = CARTESIAN_POINT('',(2.865063426169,-2.998350198817));
#4645 = CARTESIAN_POINT('',(2.991309730537,-3.));
#4646 = CARTESIAN_POINT('',(3.114595508873,-3.));
#4647 = ( GEOMETRIC_REPRESENTATION_CONTEXT(2) 
PARAMETRIC_REPRESENTATION_CONTEXT() REPRESENTATION_CONTEXT('2D SPACE',''
  ) );
#4648 = PCURVE('',#2418,#4649);
#4649 = DEFINITIONAL_REPRESENTATION('',(#4650),#4677);
#4650 = B_SPLINE_CURVE_WITH_KNOTS('',7,(#4651,#4652,#4653,#4654,#4655,
    #4656,#4657,#4658,#4659,#4660,#4661,#4662,#4663,#4664,#4665,#4666,
    #4667,#4668,#4669,#4670,#4671,#4672,#4673,#4674,#4675,#4676),
  .UNSPECIFIED.,.F.,.F.,(8,6,6,6,8),(0.,0.209727147973,0.525118188792,
    0.788927891122,1.),.UNSPECIFIED.);
#4651 = CARTESIAN_POINT('',(0.,15.103269068731));
#4652 = CARTESIAN_POINT('',(0.46724569207,15.103269068731));
#4653 = CARTESIAN_POINT('',(0.934456585262,15.099241725628));
#4654 = CARTESIAN_POINT('',(1.401432421628,15.090882100409));
#4655 = CARTESIAN_POINT('',(1.867949096129,15.077922408115));
#4656 = CARTESIAN_POINT('',(2.333762751807,15.060161852558));
#4657 = CARTESIAN_POINT('',(2.798611855729,15.037490241835));
#4658 = CARTESIAN_POINT('',(3.959394473993,14.968422835028));
#4659 = CARTESIAN_POINT('',(4.653895339506,14.915820795281));
#4660 = CARTESIAN_POINT('',(5.344653578274,14.852089425931));
#4661 = CARTESIAN_POINT('',(6.031092643842,14.777736736932));
#4662 = CARTESIAN_POINT('',(6.713112291708,14.693805746132));
#4663 = CARTESIAN_POINT('',(7.390956660351,14.601654268332));
#4664 = CARTESIAN_POINT('',(8.629032642479,14.420063092204));
#4665 = CARTESIAN_POINT('',(9.190414230853,14.332638108575));
#4666 = CARTESIAN_POINT('',(9.749701805076,14.24134758965));
#4667 = CARTESIAN_POINT('',(10.307422427473,14.147104724061));
#4668 = CARTESIAN_POINT('',(10.864145137816,14.050818555837));
#4669 = CARTESIAN_POINT('',(11.420448154054,13.953346716495));
#4670 = CARTESIAN_POINT('',(12.422121934973,13.777156829693));
#4671 = CARTESIAN_POINT('',(12.867415294087,13.698588922523));
#4672 = CARTESIAN_POINT('',(13.313058641713,13.620167521441));
#4673 = CARTESIAN_POINT('',(13.759289937014,13.542269230223));
#4674 = CARTESIAN_POINT('',(14.206306443616,13.465235531032));
#4675 = CARTESIAN_POINT('',(14.654262337292,13.38936732528));
#4676 = CARTESIAN_POINT('',(15.103269068731,13.314922962281));
#4677 = ( GEOMETRIC_REPRESENTATION_CONTEXT(2) 
PARAMETRIC_REPRESENTATION_CONTEXT() REPRESENTATION_CONTEXT('2D SPACE',''
  ) );
#4678 = ADVANCED_FACE('',(#4679),#2418,.T.);
#4679 = FACE_BOUND('',#4680,.T.);
#4680 = EDGE_LOOP('',(#4681,#4923,#4996,#4997));
#4681 = ORIENTED_EDGE('',*,*,#4682,.T.);
#4682 = EDGE_CURVE('',#1776,#4683,#4685,.T.);
#4683 = VERTEX_POINT('',#4684);
#4684 = CARTESIAN_POINT('',(9.,70.425657420544,3.));
#4685 = SURFACE_CURVE('',#4686,(#4752,#4854),.PCURVE_S1.);
#4686 = B_SPLINE_CURVE_WITH_KNOTS('',8,(#4687,#4688,#4689,#4690,#4691,
    #4692,#4693,#4694,#4695,#4696,#4697,#4698,#4699,#4700,#4701,#4702,
    #4703,#4704,#4705,#4706,#4707,#4708,#4709,#4710,#4711,#4712,#4713,
    #4714,#4715,#4716,#4717,#4718,#4719,#4720,#4721,#4722,#4723,#4724,
    #4725,#4726,#4727,#4728,#4729,#4730,#4731,#4732,#4733,#4734,#4735,
    #4736,#4737,#4738,#4739,#4740,#4741,#4742,#4743,#4744,#4745,#4746,
    #4747,#4748,#4749,#4750,#4751),.UNSPECIFIED.,.F.,.F.,(9,7,7,7,7,7,7,
    7,7,9),(0.,1.397459264072E-02,2.500520730779E-02,4.707578500339E-02,
    9.227296218385E-02,0.188862370944,0.26136630984,0.546421496915,
    0.828172616736,1.),.UNSPECIFIED.);
#4687 = CARTESIAN_POINT('',(8.2,68.499993627172,3.));
#4688 = CARTESIAN_POINT('',(8.200026986412,68.500095327117,3.));
#4689 = CARTESIAN_POINT('',(8.201815236553,68.502465154398,3.));
#4690 = CARTESIAN_POINT('',(8.203952709921,68.505785264774,3.));
#4691 = CARTESIAN_POINT('',(8.205966418019,68.508384477891,3.));
#4692 = CARTESIAN_POINT('',(8.207643294566,68.510949554999,3.));
#4693 = CARTESIAN_POINT('',(8.209074409721,68.512920786276,3.));
#4694 = CARTESIAN_POINT('',(8.210514035174,68.514985372074,3.));
#4695 = CARTESIAN_POINT('',(8.214062755793,68.520043998007,3.));
#4696 = CARTESIAN_POINT('',(8.215629576014,68.522277583279,3.));
#4697 = CARTESIAN_POINT('',(8.217197748107,68.524513231695,3.));
#4698 = CARTESIAN_POINT('',(8.218767260344,68.52675094645,3.));
#4699 = CARTESIAN_POINT('',(8.220338100898,68.528990730737,3.));
#4700 = CARTESIAN_POINT('',(8.221910257842,68.531232587748,3.));
#4701 = CARTESIAN_POINT('',(8.223483719155,68.533476520674,3.));
#4702 = CARTESIAN_POINT('',(8.228209314429,68.540216460242,3.));
#4703 = CARTESIAN_POINT('',(8.231364937139,68.544718151579,3.));
#4704 = CARTESIAN_POINT('',(8.234525246885,68.549227636351,3.));
#4705 = CARTESIAN_POINT('',(8.237690148419,68.55374494432,3.));
#4706 = CARTESIAN_POINT('',(8.240859545208,68.558270105372,3.));
#4707 = CARTESIAN_POINT('',(8.244033339434,68.562803149518,3.));
#4708 = CARTESIAN_POINT('',(8.247211431994,68.567344106893,3.));
#4709 = CARTESIAN_POINT('',(8.256910568129,68.581208462985,3.));
#4710 = CARTESIAN_POINT('',(8.263445018788,68.590557229165,3.));
#4711 = CARTESIAN_POINT('',(8.269996212015,68.599939568341,3.));
#4712 = CARTESIAN_POINT('',(8.276563263225,68.609355741157,3.));
#4713 = CARTESIAN_POINT('',(8.283145265709,68.618806006854,3.));
#4714 = CARTESIAN_POINT('',(8.289741290634,68.628290623268,3.));
#4715 = CARTESIAN_POINT('',(8.296350387041,68.637809846836,3.));
#4716 = CARTESIAN_POINT('',(8.317121520671,68.667781656696,3.));
#4717 = CARTESIAN_POINT('',(8.331326709125,68.688358587556,3.));
#4718 = CARTESIAN_POINT('',(8.345577665132,68.709097190142,3.));
#4719 = CARTESIAN_POINT('',(8.359864441104,68.729999839292,3.));
#4720 = CARTESIAN_POINT('',(8.37417665006,68.751068740989,3.));
#4721 = CARTESIAN_POINT('',(8.388503491758,68.772305853653,3.));
#4722 = CARTESIAN_POINT('',(8.402833778808,68.793712809418,3.));
#4723 = CARTESIAN_POINT('',(8.427906776642,68.831488179396,3.));
#4724 = CARTESIAN_POINT('',(8.438653034473,68.847781891269,3.));
#4725 = CARTESIAN_POINT('',(8.449389830342,68.864172523876,3.));
#4726 = CARTESIAN_POINT('',(8.460112165774,68.88066045979,3.));
#4727 = CARTESIAN_POINT('',(8.470814949762,68.897245911311,3.));
#4728 = CARTESIAN_POINT('',(8.481492998771,68.913928920468,3.));
#4729 = CARTESIAN_POINT('',(8.492141036738,68.930709359018,3.));
#4730 = CARTESIAN_POINT('',(8.544478232412,69.013942478021,3.));
#4731 = CARTESIAN_POINT('',(8.585655840804,69.081799076449,3.));
#4732 = CARTESIAN_POINT('',(8.625962660714,69.151136754033,3.));
#4733 = CARTESIAN_POINT('',(8.665055993796,69.221886427981,3.));
#4734 = CARTESIAN_POINT('',(8.702591784469,69.293915371252,3.));
#4735 = CARTESIAN_POINT('',(8.738242530387,69.367023840917,3.));
#4736 = CARTESIAN_POINT('',(8.7717156218,69.440952866044,3.));
#4737 = CARTESIAN_POINT('',(8.833468622853,69.588990572374,3.));
#4738 = CARTESIAN_POINT('',(8.86180445862,69.663087979121,3.));
#4739 = CARTESIAN_POINT('',(8.887547514726,69.737406203927,3.));
#4740 = CARTESIAN_POINT('',(8.910515301613,69.811615816976,3.));
#4741 = CARTESIAN_POINT('',(8.930588267631,69.885368047823,3.));
#4742 = CARTESIAN_POINT('',(8.947714935562,69.958314397331,3.));
#4743 = CARTESIAN_POINT('',(8.961908850575,70.030124983777,3.));
#4744 = CARTESIAN_POINT('',(8.980146077488,70.143427621473,3.));
#4745 = CARTESIAN_POINT('',(8.985989199821,70.185818212205,3.));
#4746 = CARTESIAN_POINT('',(8.990781939551,70.227610408576,3.));
#4747 = CARTESIAN_POINT('',(8.994547233989,70.268742577822,3.));
#4748 = CARTESIAN_POINT('',(8.997314611288,70.309158948057,3.));
#4749 = CARTESIAN_POINT('',(8.999119076894,70.348810115147,3.));
#4750 = CARTESIAN_POINT('',(9.,70.387653549586,3.));
#4751 = CARTESIAN_POINT('',(9.,70.42565410337,3.));
#4752 = PCURVE('',#2418,#4753);
#4753 = DEFINITIONAL_REPRESENTATION('',(#4754),#4853);
#4754 = B_SPLINE_CURVE_WITH_KNOTS('',9,(#4755,#4756,#4757,#4758,#4759,
    #4760,#4761,#4762,#4763,#4764,#4765,#4766,#4767,#4768,#4769,#4770,
    #4771,#4772,#4773,#4774,#4775,#4776,#4777,#4778,#4779,#4780,#4781,
    #4782,#4783,#4784,#4785,#4786,#4787,#4788,#4789,#4790,#4791,#4792,
    #4793,#4794,#4795,#4796,#4797,#4798,#4799,#4800,#4801,#4802,#4803,
    #4804,#4805,#4806,#4807,#4808,#4809,#4810,#4811,#4812,#4813,#4814,
    #4815,#4816,#4817,#4818,#4819,#4820,#4821,#4822,#4823,#4824,#4825,
    #4826,#4827,#4828,#4829,#4830,#4831,#4832,#4833,#4834,#4835,#4836,
    #4837,#4838,#4839,#4840,#4841,#4842,#4843,#4844,#4845,#4846,#4847,
    #4848,#4849,#4850,#4851,#4852),.UNSPECIFIED.,.F.,.F.,(10,8,8,8,8,8,8
    ,8,8,8,8,8,10),(0.,7.8125E-03,1.171875E-02,1.3671875E-02,1.5625E-02,
    3.125E-02,6.25E-02,0.125,0.25,0.5,0.75,0.875,1.),.UNSPECIFIED.);
#4755 = CARTESIAN_POINT('',(6.938893903907E-18,-2.827599265842E-14));
#4756 = CARTESIAN_POINT('',(1.789399479531E-04,1.174332017801E-04));
#4757 = CARTESIAN_POINT('',(6.071649712049E-03,1.521826135581E-03));
#4758 = CARTESIAN_POINT('',(1.549035729425E-02,3.832852917405E-03));
#4759 = CARTESIAN_POINT('',(2.690096555307E-02,6.680961935294E-03));
#4760 = CARTESIAN_POINT('',(3.924821871046E-02,9.766734950531E-03));
#4761 = CARTESIAN_POINT('',(5.182453196136E-02,1.289034421761E-02));
#4762 = CARTESIAN_POINT('',(6.418248418576E-02,1.595110762288E-02));
#4763 = CARTESIAN_POINT('',(7.609097376341E-02,1.8917141842E-02));
#4764 = CARTESIAN_POINT('',(9.32570693549E-02,2.318909935302E-02));
#4765 = CARTESIAN_POINT('',(9.886171367847E-02,2.458482106055E-02));
#4766 = CARTESIAN_POINT('',(0.104347407322,2.595153568127E-02));
#4767 = CARTESIAN_POINT('',(0.109723559015,2.729130650953E-02));
#4768 = CARTESIAN_POINT('',(0.115010549354,2.860900309143E-02));
#4769 = CARTESIAN_POINT('',(0.120239730803,2.99123012247E-02));
#4770 = CARTESIAN_POINT('',(0.125453427695,3.121168295884E-02));
#4771 = CARTESIAN_POINT('',(0.130704936233,3.252043659501E-02));
#4772 = CARTESIAN_POINT('',(0.138735318609,3.45217667316E-02));
#4773 = CARTESIAN_POINT('',(0.141437543267,3.519523274181E-02));
#4774 = CARTESIAN_POINT('',(0.14417310922,3.587714968508E-02));
#4775 = CARTESIAN_POINT('',(0.146950623609,3.656974837508E-02));
#4776 = CARTESIAN_POINT('',(0.149779389954,3.727539547076E-02));
#4777 = CARTESIAN_POINT('',(0.152669408153,3.799659347643E-02));
#4778 = CARTESIAN_POINT('',(0.155631374485,3.873598074164E-02));
#4779 = CARTESIAN_POINT('',(0.158676681608,3.949633146128E-02));
#4780 = CARTESIAN_POINT('',(0.164958155507,4.106477988977E-02));
#4781 = CARTESIAN_POINT('',(0.168160649181,4.186458257856E-02));
#4782 = CARTESIAN_POINT('',(0.17178061755,4.276697034997E-02));
#4783 = CARTESIAN_POINT('',(0.174502688552,4.344862342414E-02));
#4784 = CARTESIAN_POINT('',(0.178279093497,4.438990178217E-02));
#4785 = CARTESIAN_POINT('',(0.181243065922,4.513122749881E-02));
#4786 = CARTESIAN_POINT('',(0.184621396937,4.597473092712E-02));
#4787 = CARTESIAN_POINT('',(0.187870511369,4.678650669508E-02));
#4788 = CARTESIAN_POINT('',(0.217282820521,5.413543439548E-02));
#4789 = CARTESIAN_POINT('',(0.243428135498,6.067507488866E-02));
#4790 = CARTESIAN_POINT('',(0.269574119601,6.722180780215E-02));
#4791 = CARTESIAN_POINT('',(0.295720401781,7.377546524117E-02));
#4792 = CARTESIAN_POINT('',(0.321866610989,8.0335879311E-02));
#4793 = CARTESIAN_POINT('',(0.348012376175,8.690288211688E-02));
#4794 = CARTESIAN_POINT('',(0.374157326291,9.347630576405E-02));
#4795 = CARTESIAN_POINT('',(0.400301090286,0.100055982358));
#4796 = CARTESIAN_POINT('',(0.478727710765,0.119813267294));
#4797 = CARTESIAN_POINT('',(0.531004943935,0.133008906491));
#4798 = CARTESIAN_POINT('',(0.583274920791,0.146227990308));
#4799 = CARTESIAN_POINT('',(0.635537565501,0.159469847459));
#4800 = CARTESIAN_POINT('',(0.68779280223,0.17273380666));
#4801 = CARTESIAN_POINT('',(0.740040555148,0.186019196623));
#4802 = CARTESIAN_POINT('',(0.792280748421,0.199325346064));
#4803 = CARTESIAN_POINT('',(0.844513306216,0.212651583697));
#4804 = CARTESIAN_POINT('',(1.001187845671,0.252688547313));
#4805 = CARTESIAN_POINT('',(1.105610431481,0.279458654409));
#4806 = CARTESIAN_POINT('',(1.210007198975,0.306302216062));
#4807 = CARTESIAN_POINT('',(1.314379436996,0.333213888815));
#4808 = CARTESIAN_POINT('',(1.418728434387,0.360188329207));
#4809 = CARTESIAN_POINT('',(1.523055479993,0.387220193779));
#4810 = CARTESIAN_POINT('',(1.627361862657,0.414304139072));
#4811 = CARTESIAN_POINT('',(1.731648871222,0.441434821626));
#4812 = CARTESIAN_POINT('',(2.044455641154,0.522951050694));
#4813 = CARTESIAN_POINT('',(2.252922049413,0.577460819864));
#4814 = CARTESIAN_POINT('',(2.461329283727,0.632091231834));
#4815 = CARTESIAN_POINT('',(2.669689576916,0.686797853756));
#4816 = CARTESIAN_POINT('',(2.878015130204,0.741536793595));
#4817 = CARTESIAN_POINT('',(3.08631811322,0.796264700126));
#4818 = CARTESIAN_POINT('',(3.294610663997,0.850938762937));
#4819 = CARTESIAN_POINT('',(3.502904888971,0.905516712428));
#4820 = CARTESIAN_POINT('',(4.127828811009,1.068837034572));
#4821 = CARTESIAN_POINT('',(4.544497531575,1.177171045297));
#4822 = CARTESIAN_POINT('',(4.961316246178,1.284626649112));
#4823 = CARTESIAN_POINT('',(5.378372828046,1.390901112908));
#4824 = CARTESIAN_POINT('',(5.795745802144,1.495721173327));
#4825 = CARTESIAN_POINT('',(6.213504345166,1.598843036775));
#4826 = CARTESIAN_POINT('',(6.631708285542,1.700052379412));
#4827 = CARTESIAN_POINT('',(7.050408103437,1.799164347158));
#4828 = CARTESIAN_POINT('',(7.888881758055,1.99288276422));
#4829 = CARTESIAN_POINT('',(8.308653843735,2.08748943685));
#4830 = CARTESIAN_POINT('',(8.729003739148,2.179688319027));
#4831 = CARTESIAN_POINT('',(9.149962066418,2.269351607802));
#4832 = CARTESIAN_POINT('',(9.571549093719,2.356377389252));
#4833 = CARTESIAN_POINT('',(9.99377631058,2.440688075913));
#4834 = CARTESIAN_POINT('',(10.416648003173,2.522228844204));
#4835 = CARTESIAN_POINT('',(10.840162829609,2.600966071854));
#4836 = CARTESIAN_POINT('',(11.47639167805,2.714845627069));
#4837 = CARTESIAN_POINT('',(11.688627197716,2.752100939488));
#4838 = CARTESIAN_POINT('',(11.901020445909,2.788650014564));
#4839 = CARTESIAN_POINT('',(12.113569725963,2.824492234761));
#4840 = CARTESIAN_POINT('',(12.326273152849,2.859628063045));
#4841 = CARTESIAN_POINT('',(12.539128653202,2.894059042868));
#4842 = CARTESIAN_POINT('',(12.752133965294,2.927787798181));
#4843 = CARTESIAN_POINT('',(12.965286639058,2.960818033426));
#4844 = CARTESIAN_POINT('',(13.391881433078,3.025491033655));
#4845 = CARTESIAN_POINT('',(13.605283833246,3.057128396263));
#4846 = CARTESIAN_POINT('',(13.819092986347,3.088111810275));
#4847 = CARTESIAN_POINT('',(14.032237380718,3.118303596298));
#4848 = CARTESIAN_POINT('',(14.246918872539,3.148006880886));
#4849 = CARTESIAN_POINT('',(14.460287995699,3.176842825501));
#4850 = CARTESIAN_POINT('',(14.67452593723,3.205120051077));
#4851 = CARTESIAN_POINT('',(14.8889047489,3.232740865227));
#4852 = CARTESIAN_POINT('',(15.103269068731,3.259699556658));
#4853 = ( GEOMETRIC_REPRESENTATION_CONTEXT(2) 
PARAMETRIC_REPRESENTATION_CONTEXT() REPRESENTATION_CONTEXT('2D SPACE',''
  ) );
#4854 = PCURVE('',#3363,#4855);
#4855 = DEFINITIONAL_REPRESENTATION('',(#4856),#4922);
#4856 = B_SPLINE_CURVE_WITH_KNOTS('',8,(#4857,#4858,#4859,#4860,#4861,
    #4862,#4863,#4864,#4865,#4866,#4867,#4868,#4869,#4870,#4871,#4872,
    #4873,#4874,#4875,#4876,#4877,#4878,#4879,#4880,#4881,#4882,#4883,
    #4884,#4885,#4886,#4887,#4888,#4889,#4890,#4891,#4892,#4893,#4894,
    #4895,#4896,#4897,#4898,#4899,#4900,#4901,#4902,#4903,#4904,#4905,
    #4906,#4907,#4908,#4909,#4910,#4911,#4912,#4913,#4914,#4915,#4916,
    #4917,#4918,#4919,#4920,#4921),.UNSPECIFIED.,.F.,.F.,(9,7,7,7,7,7,7,
    7,7,9),(0.,1.397459264072E-02,2.500520730779E-02,4.707578500339E-02,
    9.227296218385E-02,0.188862370944,0.26136630984,0.546421496915,
    0.828172616736,1.),.UNSPECIFIED.);
#4857 = CARTESIAN_POINT('',(6.500006372828,-2.2));
#4858 = CARTESIAN_POINT('',(6.499904672883,-2.200026986412));
#4859 = CARTESIAN_POINT('',(6.497534845602,-2.201815236553));
#4860 = CARTESIAN_POINT('',(6.494214735226,-2.203952709921));
#4861 = CARTESIAN_POINT('',(6.491615522109,-2.205966418019));
#4862 = CARTESIAN_POINT('',(6.489050445001,-2.207643294566));
#4863 = CARTESIAN_POINT('',(6.487079213724,-2.209074409721));
#4864 = CARTESIAN_POINT('',(6.485014627926,-2.210514035174));
#4865 = CARTESIAN_POINT('',(6.479956001993,-2.214062755793));
#4866 = CARTESIAN_POINT('',(6.477722416721,-2.215629576014));
#4867 = CARTESIAN_POINT('',(6.475486768305,-2.217197748107));
#4868 = CARTESIAN_POINT('',(6.47324905355,-2.218767260344));
#4869 = CARTESIAN_POINT('',(6.471009269263,-2.220338100898));
#4870 = CARTESIAN_POINT('',(6.468767412252,-2.221910257842));
#4871 = CARTESIAN_POINT('',(6.466523479326,-2.223483719155));
#4872 = CARTESIAN_POINT('',(6.459783539758,-2.228209314429));
#4873 = CARTESIAN_POINT('',(6.455281848421,-2.231364937139));
#4874 = CARTESIAN_POINT('',(6.450772363649,-2.234525246885));
#4875 = CARTESIAN_POINT('',(6.44625505568,-2.237690148419));
#4876 = CARTESIAN_POINT('',(6.441729894628,-2.240859545208));
#4877 = CARTESIAN_POINT('',(6.437196850482,-2.244033339434));
#4878 = CARTESIAN_POINT('',(6.432655893107,-2.247211431994));
#4879 = CARTESIAN_POINT('',(6.418791537015,-2.256910568129));
#4880 = CARTESIAN_POINT('',(6.409442770835,-2.263445018788));
#4881 = CARTESIAN_POINT('',(6.400060431659,-2.269996212015));
#4882 = CARTESIAN_POINT('',(6.390644258843,-2.276563263225));
#4883 = CARTESIAN_POINT('',(6.381193993146,-2.283145265709));
#4884 = CARTESIAN_POINT('',(6.371709376732,-2.289741290634));
#4885 = CARTESIAN_POINT('',(6.362190153164,-2.296350387041));
#4886 = CARTESIAN_POINT('',(6.332218343304,-2.317121520671));
#4887 = CARTESIAN_POINT('',(6.311641412444,-2.331326709125));
#4888 = CARTESIAN_POINT('',(6.290902809858,-2.345577665132));
#4889 = CARTESIAN_POINT('',(6.270000160708,-2.359864441104));
#4890 = CARTESIAN_POINT('',(6.248931259011,-2.37417665006));
#4891 = CARTESIAN_POINT('',(6.227694146347,-2.388503491758));
#4892 = CARTESIAN_POINT('',(6.206287190582,-2.402833778808));
#4893 = CARTESIAN_POINT('',(6.168511820604,-2.427906776642));
#4894 = CARTESIAN_POINT('',(6.152218108731,-2.438653034473));
#4895 = CARTESIAN_POINT('',(6.135827476124,-2.449389830342));
#4896 = CARTESIAN_POINT('',(6.11933954021,-2.460112165774));
#4897 = CARTESIAN_POINT('',(6.102754088689,-2.470814949762));
#4898 = CARTESIAN_POINT('',(6.086071079532,-2.481492998771));
#4899 = CARTESIAN_POINT('',(6.069290640982,-2.492141036738));
#4900 = CARTESIAN_POINT('',(5.986057521979,-2.544478232412));
#4901 = CARTESIAN_POINT('',(5.918200923551,-2.585655840804));
#4902 = CARTESIAN_POINT('',(5.848863245967,-2.625962660714));
#4903 = CARTESIAN_POINT('',(5.778113572019,-2.665055993796));
#4904 = CARTESIAN_POINT('',(5.706084628748,-2.702591784469));
#4905 = CARTESIAN_POINT('',(5.632976159083,-2.738242530387));
#4906 = CARTESIAN_POINT('',(5.559047133956,-2.7717156218));
#4907 = CARTESIAN_POINT('',(5.411009427626,-2.833468622853));
#4908 = CARTESIAN_POINT('',(5.336912020879,-2.86180445862));
#4909 = CARTESIAN_POINT('',(5.262593796073,-2.887547514726));
#4910 = CARTESIAN_POINT('',(5.188384183024,-2.910515301613));
#4911 = CARTESIAN_POINT('',(5.114631952177,-2.930588267631));
#4912 = CARTESIAN_POINT('',(5.041685602669,-2.947714935562));
#4913 = CARTESIAN_POINT('',(4.969875016223,-2.961908850575));
#4914 = CARTESIAN_POINT('',(4.856572378527,-2.980146077488));
#4915 = CARTESIAN_POINT('',(4.814181787795,-2.985989199821));
#4916 = CARTESIAN_POINT('',(4.772389591424,-2.990781939551));
#4917 = CARTESIAN_POINT('',(4.731257422178,-2.994547233989));
#4918 = CARTESIAN_POINT('',(4.690841051943,-2.997314611288));
#4919 = CARTESIAN_POINT('',(4.651189884853,-2.999119076894));
#4920 = CARTESIAN_POINT('',(4.612346450414,-3.));
#4921 = CARTESIAN_POINT('',(4.57434589663,-3.));
#4922 = ( GEOMETRIC_REPRESENTATION_CONTEXT(2) 
PARAMETRIC_REPRESENTATION_CONTEXT() REPRESENTATION_CONTEXT('2D SPACE',''
  ) );
#4923 = ORIENTED_EDGE('',*,*,#4924,.T.);
#4924 = EDGE_CURVE('',#4683,#4494,#4925,.T.);
#4925 = SURFACE_CURVE('',#4926,(#4965,#4972),.PCURVE_S1.);
#4926 = B_SPLINE_CURVE_WITH_KNOTS('',10,(#4927,#4928,#4929,#4930,#4931,
    #4932,#4933,#4934,#4935,#4936,#4937,#4938,#4939,#4940,#4941,#4942,
    #4943,#4944,#4945,#4946,#4947,#4948,#4949,#4950,#4951,#4952,#4953,
    #4954,#4955,#4956,#4957,#4958,#4959,#4960,#4961,#4962,#4963,#4964),
  .UNSPECIFIED.,.F.,.F.,(11,9,9,9,11),(-0.884673324067,
    -2.827494419663E-14,7.551634534365,15.103269068731,15.598350230582),
  .UNSPECIFIED.);
#4927 = CARTESIAN_POINT('',(9.,67.615326675933,2.2));
#4928 = CARTESIAN_POINT('',(9.,67.735443633239,2.2));
#4929 = CARTESIAN_POINT('',(9.,67.848527340568,2.2));
#4930 = CARTESIAN_POINT('',(9.,67.954577797919,2.2));
#4931 = CARTESIAN_POINT('',(9.,68.053595005292,2.2));
#4932 = CARTESIAN_POINT('',(9.,68.145578962687,2.2));
#4933 = CARTESIAN_POINT('',(9.,68.230529670105,2.2));
#4934 = CARTESIAN_POINT('',(9.,68.308447127545,2.2));
#4935 = CARTESIAN_POINT('',(9.,68.379331335008,2.2));
#4936 = CARTESIAN_POINT('',(9.,68.443182292493,2.2));
#4937 = CARTESIAN_POINT('',(9.,68.985000000002,2.2));
#4938 = CARTESIAN_POINT('',(8.999999999999,69.469777886757,
    2.307572740684));
#4939 = CARTESIAN_POINT('',(9.000000000002,69.92996249234,2.524422587155
    ));
#4940 = CARTESIAN_POINT('',(8.999999999996,70.326867599563,
    2.821580239399));
#4941 = CARTESIAN_POINT('',(9.000000000004,70.71375082154,3.161487171144
    ));
#4942 = CARTESIAN_POINT('',(8.999999999996,71.078731036486,
    3.583090693941));
#4943 = CARTESIAN_POINT('',(9.000000000002,71.434718063107,4.05775367763
    ));
#4944 = CARTESIAN_POINT('',(8.999999999999,71.78311707301,4.602926489719
    ));
#4945 = CARTESIAN_POINT('',(9.,72.126230917747,5.213607453488));
#4946 = CARTESIAN_POINT('',(9.,72.804852587853,6.570850793712));
#4947 = CARTESIAN_POINT('',(9.000000000002,73.140364711258,
    7.317237919208));
#4948 = CARTESIAN_POINT('',(8.999999999996,73.473444087849,
    8.132364374925));
#4949 = CARTESIAN_POINT('',(9.000000000007,73.804888247062,
    9.016959197529));
#4950 = CARTESIAN_POINT('',(8.999999999993,74.135147824026,
    9.971564197935));
#4951 = CARTESIAN_POINT('',(9.000000000006,74.464491117385,
    10.996582587657));
#4952 = CARTESIAN_POINT('',(8.999999999997,74.793111658768,
    12.092318618456));
#4953 = CARTESIAN_POINT('',(9.000000000001,75.121178799953,
    13.259008236029));
#4954 = CARTESIAN_POINT('',(9.,75.448831311878,14.496840747028));
#4955 = CARTESIAN_POINT('',(9.,75.797570479877,15.891797419013));
#4956 = CARTESIAN_POINT('',(9.,75.819026959638,15.977623338055));
#4957 = CARTESIAN_POINT('',(9.,75.840483439398,16.063449257097));
#4958 = CARTESIAN_POINT('',(9.,75.861939919159,16.14927517614));
#4959 = CARTESIAN_POINT('',(9.,75.88339639892,16.235101095182));
#4960 = CARTESIAN_POINT('',(9.,75.904852878681,16.320927014224));
#4961 = CARTESIAN_POINT('',(9.,75.926309358441,16.406752933266));
#4962 = CARTESIAN_POINT('',(9.,75.947765838202,16.492578852308));
#4963 = CARTESIAN_POINT('',(9.,75.969222317963,16.578404771351));
#4964 = CARTESIAN_POINT('',(9.,75.990678797724,16.664230690393));
#4965 = PCURVE('',#2418,#4966);
#4966 = DEFINITIONAL_REPRESENTATION('',(#4967),#4971);
#4967 = LINE('',#4968,#4969);
#4968 = CARTESIAN_POINT('',(15.103269068731,0.));
#4969 = VECTOR('',#4970,1.);
#4970 = DIRECTION('',(0.,1.));
#4971 = ( GEOMETRIC_REPRESENTATION_CONTEXT(2) 
PARAMETRIC_REPRESENTATION_CONTEXT() REPRESENTATION_CONTEXT('2D SPACE',''
  ) );
#4972 = PCURVE('',#4511,#4973);
#4973 = DEFINITIONAL_REPRESENTATION('',(#4974),#4995);
#4974 = B_SPLINE_CURVE_WITH_KNOTS('',10,(#4975,#4976,#4977,#4978,#4979,
    #4980,#4981,#4982,#4983,#4984,#4985,#4986,#4987,#4988,#4989,#4990,
    #4991,#4992,#4993,#4994),.UNSPECIFIED.,.F.,.F.,(11,9,11),(
    -2.827494419663E-14,7.551634534365,15.103269068731),.UNSPECIFIED.);
#4975 = CARTESIAN_POINT('',(5.904869081029,4.74771827212));
#4976 = CARTESIAN_POINT('',(5.904869081029,4.26271827212));
#4977 = CARTESIAN_POINT('',(5.797296340344,3.777940385353));
#4978 = CARTESIAN_POINT('',(5.580446493877,3.317755779801));
#4979 = CARTESIAN_POINT('',(5.283288841627,2.920850672526));
#4980 = CARTESIAN_POINT('',(4.943381909889,2.533967450616));
#4981 = CARTESIAN_POINT('',(4.521778387084,2.168987235604));
#4982 = CARTESIAN_POINT('',(4.047115403401,1.813000209033));
#4983 = CARTESIAN_POINT('',(3.501942591309,1.464601199101));
#4984 = CARTESIAN_POINT('',(2.891261627541,1.121487354376));
#4985 = CARTESIAN_POINT('',(1.534018287317,0.442865684264));
#4986 = CARTESIAN_POINT('',(0.787631161823,0.107353560877));
#4987 = CARTESIAN_POINT('',(-2.749529390037E-02,-0.225725815764));
#4988 = CARTESIAN_POINT('',(-0.912090116493,-0.557169974888));
#4989 = CARTESIAN_POINT('',(-1.866695116913,-0.887429551965));
#4990 = CARTESIAN_POINT('',(-2.891713506623,-1.216772845217));
#4991 = CARTESIAN_POINT('',(-3.987449537431,-1.545393386676));
#4992 = CARTESIAN_POINT('',(-5.154139154998,-1.873460527821));
#4993 = CARTESIAN_POINT('',(-6.391971666,-2.201113039761));
#4994 = CARTESIAN_POINT('',(-7.701102418942,-2.528395727996));
#4995 = ( GEOMETRIC_REPRESENTATION_CONTEXT(2) 
PARAMETRIC_REPRESENTATION_CONTEXT() REPRESENTATION_CONTEXT('2D SPACE',''
  ) );
#4996 = ORIENTED_EDGE('',*,*,#4589,.F.);
#4997 = ORIENTED_EDGE('',*,*,#2352,.F.);
#4998 = ADVANCED_FACE('',(#4999),#2559,.T.);
#4999 = FACE_BOUND('',#5000,.F.);
#5000 = EDGE_LOOP('',(#5001,#5029,#5055,#5056,#5057));
#5001 = ORIENTED_EDGE('',*,*,#5002,.T.);
#5002 = EDGE_CURVE('',#5003,#3294,#5005,.T.);
#5003 = VERTEX_POINT('',#5004);
#5004 = CARTESIAN_POINT('',(9.,76.4,3.));
#5005 = SURFACE_CURVE('',#5006,(#5011,#5018),.PCURVE_S1.);
#5006 = CIRCLE('',#5007,1.4);
#5007 = AXIS2_PLACEMENT_3D('',#5008,#5009,#5010);
#5008 = CARTESIAN_POINT('',(7.6,76.4,3.));
#5009 = DIRECTION('',(-0.,-0.,-1.));
#5010 = DIRECTION('',(0.,-1.,0.));
#5011 = PCURVE('',#2559,#5012);
#5012 = DEFINITIONAL_REPRESENTATION('',(#5013),#5017);
#5013 = LINE('',#5014,#5015);
#5014 = CARTESIAN_POINT('',(4.712388980385,-0.));
#5015 = VECTOR('',#5016,1.);
#5016 = DIRECTION('',(-1.,0.));
#5017 = ( GEOMETRIC_REPRESENTATION_CONTEXT(2) 
PARAMETRIC_REPRESENTATION_CONTEXT() REPRESENTATION_CONTEXT('2D SPACE',''
  ) );
#5018 = PCURVE('',#3309,#5019);
#5019 = DEFINITIONAL_REPRESENTATION('',(#5020),#5028);
#5020 = ( BOUNDED_CURVE() B_SPLINE_CURVE(2,(#5021,#5022,#5023,#5024,
#5025,#5026,#5027),.UNSPECIFIED.,.T.,.F.) B_SPLINE_CURVE_WITH_KNOTS((1,2
    ,2,2,2,1),(-2.094395102393,0.,2.094395102393,4.188790204786,
6.28318530718,8.377580409573),.UNSPECIFIED.) CURVE() 
GEOMETRIC_REPRESENTATION_ITEM() RATIONAL_B_SPLINE_CURVE((1.,0.5,1.,0.5,
1.,0.5,1.)) REPRESENTATION_ITEM('') );
#5021 = CARTESIAN_POINT('',(16.6,-6.));
#5022 = CARTESIAN_POINT('',(14.175128869404,-6.));
#5023 = CARTESIAN_POINT('',(15.387564434702,-3.9));
#5024 = CARTESIAN_POINT('',(16.6,-1.8));
#5025 = CARTESIAN_POINT('',(17.812435565298,-3.9));
#5026 = CARTESIAN_POINT('',(19.024871130596,-6.));
#5027 = CARTESIAN_POINT('',(16.6,-6.));
#5028 = ( GEOMETRIC_REPRESENTATION_CONTEXT(2) 
PARAMETRIC_REPRESENTATION_CONTEXT() REPRESENTATION_CONTEXT('2D SPACE',''
  ) );
#5029 = ORIENTED_EDGE('',*,*,#5030,.T.);
#5030 = EDGE_CURVE('',#3294,#4545,#5031,.T.);
#5031 = SURFACE_CURVE('',#5032,(#5037,#5044),.PCURVE_S1.);
#5032 = CIRCLE('',#5033,1.4);
#5033 = AXIS2_PLACEMENT_3D('',#5034,#5035,#5036);
#5034 = CARTESIAN_POINT('',(7.6,76.4,3.));
#5035 = DIRECTION('',(-0.,-0.,-1.));
#5036 = DIRECTION('',(0.,-1.,0.));
#5037 = PCURVE('',#2559,#5038);
#5038 = DEFINITIONAL_REPRESENTATION('',(#5039),#5043);
#5039 = LINE('',#5040,#5041);
#5040 = CARTESIAN_POINT('',(4.712388980385,-0.));
#5041 = VECTOR('',#5042,1.);
#5042 = DIRECTION('',(-1.,0.));
#5043 = ( GEOMETRIC_REPRESENTATION_CONTEXT(2) 
PARAMETRIC_REPRESENTATION_CONTEXT() REPRESENTATION_CONTEXT('2D SPACE',''
  ) );
#5044 = PCURVE('',#3337,#5045);
#5045 = DEFINITIONAL_REPRESENTATION('',(#5046),#5054);
#5046 = ( BOUNDED_CURVE() B_SPLINE_CURVE(2,(#5047,#5048,#5049,#5050,
#5051,#5052,#5053),.UNSPECIFIED.,.T.,.F.) B_SPLINE_CURVE_WITH_KNOTS((1,2
    ,2,2,2,1),(-2.094395102393,0.,2.094395102393,4.188790204786,
6.28318530718,8.377580409573),.UNSPECIFIED.) CURVE() 
GEOMETRIC_REPRESENTATION_ITEM() RATIONAL_B_SPLINE_CURVE((1.,0.5,1.,0.5,
1.,0.5,1.)) REPRESENTATION_ITEM('') );
#5047 = CARTESIAN_POINT('',(16.6,75.));
#5048 = CARTESIAN_POINT('',(14.175128869404,75.));
#5049 = CARTESIAN_POINT('',(15.387564434702,77.1));
#5050 = CARTESIAN_POINT('',(16.6,79.2));
#5051 = CARTESIAN_POINT('',(17.812435565298,77.1));
#5052 = CARTESIAN_POINT('',(19.024871130596,75.));
#5053 = CARTESIAN_POINT('',(16.6,75.));
#5054 = ( GEOMETRIC_REPRESENTATION_CONTEXT(2) 
PARAMETRIC_REPRESENTATION_CONTEXT() REPRESENTATION_CONTEXT('2D SPACE',''
  ) );
#5055 = ORIENTED_EDGE('',*,*,#4567,.T.);
#5056 = ORIENTED_EDGE('',*,*,#2543,.F.);
#5057 = ORIENTED_EDGE('',*,*,#5058,.F.);
#5058 = EDGE_CURVE('',#5003,#2544,#5059,.T.);
#5059 = SURFACE_CURVE('',#5060,(#5064,#5071),.PCURVE_S1.);
#5060 = LINE('',#5061,#5062);
#5061 = CARTESIAN_POINT('',(9.,76.4,3.));
#5062 = VECTOR('',#5063,1.);
#5063 = DIRECTION('',(0.,0.,1.));
#5064 = PCURVE('',#2559,#5065);
#5065 = DEFINITIONAL_REPRESENTATION('',(#5066),#5070);
#5066 = LINE('',#5067,#5068);
#5067 = CARTESIAN_POINT('',(-0.,0.));
#5068 = VECTOR('',#5069,1.);
#5069 = DIRECTION('',(-0.,1.));
#5070 = ( GEOMETRIC_REPRESENTATION_CONTEXT(2) 
PARAMETRIC_REPRESENTATION_CONTEXT() REPRESENTATION_CONTEXT('2D SPACE',''
  ) );
#5071 = PCURVE('',#5072,#5077);
#5072 = PLANE('',#5073);
#5073 = AXIS2_PLACEMENT_3D('',#5074,#5075,#5076);
#5074 = CARTESIAN_POINT('',(9.,81.,3.));
#5075 = DIRECTION('',(-1.,0.,0.));
#5076 = DIRECTION('',(0.,0.,1.));
#5077 = DEFINITIONAL_REPRESENTATION('',(#5078),#5082);
#5078 = LINE('',#5079,#5080);
#5079 = CARTESIAN_POINT('',(0.,-4.6));
#5080 = VECTOR('',#5081,1.);
#5081 = DIRECTION('',(1.,0.));
#5082 = ( GEOMETRIC_REPRESENTATION_CONTEXT(2) 
PARAMETRIC_REPRESENTATION_CONTEXT() REPRESENTATION_CONTEXT('2D SPACE',''
  ) );
#5083 = ADVANCED_FACE('',(#5084),#2585,.T.);
#5084 = FACE_BOUND('',#5085,.F.);
#5085 = EDGE_LOOP('',(#5086,#5109,#5110,#5111));
#5086 = ORIENTED_EDGE('',*,*,#5087,.T.);
#5087 = EDGE_CURVE('',#5088,#2544,#5090,.T.);
#5088 = VERTEX_POINT('',#5089);
#5089 = CARTESIAN_POINT('',(9.,79.6,16.));
#5090 = SURFACE_CURVE('',#5091,(#5095,#5102),.PCURVE_S1.);
#5091 = LINE('',#5092,#5093);
#5092 = CARTESIAN_POINT('',(9.,81.,16.));
#5093 = VECTOR('',#5094,1.);
#5094 = DIRECTION('',(0.,-1.,0.));
#5095 = PCURVE('',#2585,#5096);
#5096 = DEFINITIONAL_REPRESENTATION('',(#5097),#5101);
#5097 = LINE('',#5098,#5099);
#5098 = CARTESIAN_POINT('',(-0.,0.));
#5099 = VECTOR('',#5100,1.);
#5100 = DIRECTION('',(-0.,-1.));
#5101 = ( GEOMETRIC_REPRESENTATION_CONTEXT(2) 
PARAMETRIC_REPRESENTATION_CONTEXT() REPRESENTATION_CONTEXT('2D SPACE',''
  ) );
#5102 = PCURVE('',#5072,#5103);
#5103 = DEFINITIONAL_REPRESENTATION('',(#5104),#5108);
#5104 = LINE('',#5105,#5106);
#5105 = CARTESIAN_POINT('',(13.,0.));
#5106 = VECTOR('',#5107,1.);
#5107 = DIRECTION('',(0.,-1.));
#5108 = ( GEOMETRIC_REPRESENTATION_CONTEXT(2) 
PARAMETRIC_REPRESENTATION_CONTEXT() REPRESENTATION_CONTEXT('2D SPACE',''
  ) );
#5109 = ORIENTED_EDGE('',*,*,#2570,.T.);
#5110 = ORIENTED_EDGE('',*,*,#4385,.F.);
#5111 = ORIENTED_EDGE('',*,*,#5112,.F.);
#5112 = EDGE_CURVE('',#5088,#4386,#5113,.T.);
#5113 = SURFACE_CURVE('',#5114,(#5119,#5126),.PCURVE_S1.);
#5114 = CIRCLE('',#5115,9.);
#5115 = AXIS2_PLACEMENT_3D('',#5116,#5117,#5118);
#5116 = CARTESIAN_POINT('',(0.,79.6,16.));
#5117 = DIRECTION('',(0.,-1.,-0.));
#5118 = DIRECTION('',(1.,0.,0.));
#5119 = PCURVE('',#2585,#5120);
#5120 = DEFINITIONAL_REPRESENTATION('',(#5121),#5125);
#5121 = LINE('',#5122,#5123);
#5122 = CARTESIAN_POINT('',(-0.,-1.4));
#5123 = VECTOR('',#5124,1.);
#5124 = DIRECTION('',(-1.,0.));
#5125 = ( GEOMETRIC_REPRESENTATION_CONTEXT(2) 
PARAMETRIC_REPRESENTATION_CONTEXT() REPRESENTATION_CONTEXT('2D SPACE',''
  ) );
#5126 = PCURVE('',#5127,#5132);
#5127 = TOROIDAL_SURFACE('',#5128,7.6,1.4);
#5128 = AXIS2_PLACEMENT_3D('',#5129,#5130,#5131);
#5129 = CARTESIAN_POINT('',(0.,79.6,16.));
#5130 = DIRECTION('',(-0.,1.,0.));
#5131 = DIRECTION('',(1.,0.,0.));
#5132 = DEFINITIONAL_REPRESENTATION('',(#5133),#5137);
#5133 = LINE('',#5134,#5135);
#5134 = CARTESIAN_POINT('',(-0.,0.));
#5135 = VECTOR('',#5136,1.);
#5136 = DIRECTION('',(-1.,0.));
#5137 = ( GEOMETRIC_REPRESENTATION_CONTEXT(2) 
PARAMETRIC_REPRESENTATION_CONTEXT() REPRESENTATION_CONTEXT('2D SPACE',''
  ) );
#5138 = ADVANCED_FACE('',(#5139,#5479),#2664,.F.);
#5139 = FACE_BOUND('',#5140,.F.);
#5140 = EDGE_LOOP('',(#5141,#5171,#5199,#5227,#5255,#5283,#5311,#5339,
    #5375,#5398,#5422,#5452));
#5141 = ORIENTED_EDGE('',*,*,#5142,.T.);
#5142 = EDGE_CURVE('',#5143,#5145,#5147,.T.);
#5143 = VERTEX_POINT('',#5144);
#5144 = CARTESIAN_POINT('',(-4.,81.,16.));
#5145 = VERTEX_POINT('',#5146);
#5146 = CARTESIAN_POINT('',(-4.,81.,3.));
#5147 = SURFACE_CURVE('',#5148,(#5152,#5159),.PCURVE_S1.);
#5148 = LINE('',#5149,#5150);
#5149 = CARTESIAN_POINT('',(-4.,81.,16.));
#5150 = VECTOR('',#5151,1.);
#5151 = DIRECTION('',(0.,0.,-1.));
#5152 = PCURVE('',#2664,#5153);
#5153 = DEFINITIONAL_REPRESENTATION('',(#5154),#5158);
#5154 = LINE('',#5155,#5156);
#5155 = CARTESIAN_POINT('',(-3.700054712492,-4.));
#5156 = VECTOR('',#5157,1.);
#5157 = DIRECTION('',(1.,0.));
#5158 = ( GEOMETRIC_REPRESENTATION_CONTEXT(2) 
PARAMETRIC_REPRESENTATION_CONTEXT() REPRESENTATION_CONTEXT('2D SPACE',''
  ) );
#5159 = PCURVE('',#5160,#5165);
#5160 = CYLINDRICAL_SURFACE('',#5161,2.);
#5161 = AXIS2_PLACEMENT_3D('',#5162,#5163,#5164);
#5162 = CARTESIAN_POINT('',(-4.,83.,16.));
#5163 = DIRECTION('',(0.,0.,-1.));
#5164 = DIRECTION('',(0.,-1.,0.));
#5165 = DEFINITIONAL_REPRESENTATION('',(#5166),#5170);
#5166 = LINE('',#5167,#5168);
#5167 = CARTESIAN_POINT('',(0.,0.));
#5168 = VECTOR('',#5169,1.);
#5169 = DIRECTION('',(0.,1.));
#5170 = ( GEOMETRIC_REPRESENTATION_CONTEXT(2) 
PARAMETRIC_REPRESENTATION_CONTEXT() REPRESENTATION_CONTEXT('2D SPACE',''
  ) );
#5171 = ORIENTED_EDGE('',*,*,#5172,.F.);
#5172 = EDGE_CURVE('',#5173,#5145,#5175,.T.);
#5173 = VERTEX_POINT('',#5174);
#5174 = CARTESIAN_POINT('',(-4.5,81.,3.));
#5175 = SURFACE_CURVE('',#5176,(#5180,#5187),.PCURVE_S1.);
#5176 = LINE('',#5177,#5178);
#5177 = CARTESIAN_POINT('',(-4.5,81.,3.));
#5178 = VECTOR('',#5179,1.);
#5179 = DIRECTION('',(1.,0.,0.));
#5180 = PCURVE('',#2664,#5181);
#5181 = DEFINITIONAL_REPRESENTATION('',(#5182),#5186);
#5182 = LINE('',#5183,#5184);
#5183 = CARTESIAN_POINT('',(9.299945287508,-4.5));
#5184 = VECTOR('',#5185,1.);
#5185 = DIRECTION('',(0.,1.));
#5186 = ( GEOMETRIC_REPRESENTATION_CONTEXT(2) 
PARAMETRIC_REPRESENTATION_CONTEXT() REPRESENTATION_CONTEXT('2D SPACE',''
  ) );
#5187 = PCURVE('',#5188,#5193);
#5188 = PLANE('',#5189);
#5189 = AXIS2_PLACEMENT_3D('',#5190,#5191,#5192);
#5190 = CARTESIAN_POINT('',(-4.5,81.,3.));
#5191 = DIRECTION('',(0.,0.,1.));
#5192 = DIRECTION('',(1.,0.,0.));
#5193 = DEFINITIONAL_REPRESENTATION('',(#5194),#5198);
#5194 = LINE('',#5195,#5196);
#5195 = CARTESIAN_POINT('',(0.,0.));
#5196 = VECTOR('',#5197,1.);
#5197 = DIRECTION('',(1.,0.));
#5198 = ( GEOMETRIC_REPRESENTATION_CONTEXT(2) 
PARAMETRIC_REPRESENTATION_CONTEXT() REPRESENTATION_CONTEXT('2D SPACE',''
  ) );
#5199 = ORIENTED_EDGE('',*,*,#5200,.F.);
#5200 = EDGE_CURVE('',#5201,#5173,#5203,.T.);
#5201 = VERTEX_POINT('',#5202);
#5202 = CARTESIAN_POINT('',(-4.5,81.,2.));
#5203 = SURFACE_CURVE('',#5204,(#5208,#5215),.PCURVE_S1.);
#5204 = LINE('',#5205,#5206);
#5205 = CARTESIAN_POINT('',(-4.5,81.,2.));
#5206 = VECTOR('',#5207,1.);
#5207 = DIRECTION('',(0.,0.,1.));
#5208 = PCURVE('',#2664,#5209);
#5209 = DEFINITIONAL_REPRESENTATION('',(#5210),#5214);
#5210 = LINE('',#5211,#5212);
#5211 = CARTESIAN_POINT('',(10.299945287508,-4.5));
#5212 = VECTOR('',#5213,1.);
#5213 = DIRECTION('',(-1.,0.));
#5214 = ( GEOMETRIC_REPRESENTATION_CONTEXT(2) 
PARAMETRIC_REPRESENTATION_CONTEXT() REPRESENTATION_CONTEXT('2D SPACE',''
  ) );
#5215 = PCURVE('',#5216,#5221);
#5216 = PLANE('',#5217);
#5217 = AXIS2_PLACEMENT_3D('',#5218,#5219,#5220);
#5218 = CARTESIAN_POINT('',(-4.5,81.,2.));
#5219 = DIRECTION('',(1.,0.,0.));
#5220 = DIRECTION('',(0.,0.,1.));
#5221 = DEFINITIONAL_REPRESENTATION('',(#5222),#5226);
#5222 = LINE('',#5223,#5224);
#5223 = CARTESIAN_POINT('',(0.,0.));
#5224 = VECTOR('',#5225,1.);
#5225 = DIRECTION('',(1.,0.));
#5226 = ( GEOMETRIC_REPRESENTATION_CONTEXT(2) 
PARAMETRIC_REPRESENTATION_CONTEXT() REPRESENTATION_CONTEXT('2D SPACE',''
  ) );
#5227 = ORIENTED_EDGE('',*,*,#5228,.T.);
#5228 = EDGE_CURVE('',#5201,#5229,#5231,.T.);
#5229 = VERTEX_POINT('',#5230);
#5230 = CARTESIAN_POINT('',(4.5,81.,2.));
#5231 = SURFACE_CURVE('',#5232,(#5236,#5243),.PCURVE_S1.);
#5232 = LINE('',#5233,#5234);
#5233 = CARTESIAN_POINT('',(-4.5,81.,2.));
#5234 = VECTOR('',#5235,1.);
#5235 = DIRECTION('',(1.,0.,0.));
#5236 = PCURVE('',#2664,#5237);
#5237 = DEFINITIONAL_REPRESENTATION('',(#5238),#5242);
#5238 = LINE('',#5239,#5240);
#5239 = CARTESIAN_POINT('',(10.299945287508,-4.5));
#5240 = VECTOR('',#5241,1.);
#5241 = DIRECTION('',(0.,1.));
#5242 = ( GEOMETRIC_REPRESENTATION_CONTEXT(2) 
PARAMETRIC_REPRESENTATION_CONTEXT() REPRESENTATION_CONTEXT('2D SPACE',''
  ) );
#5243 = PCURVE('',#5244,#5249);
#5244 = PLANE('',#5245);
#5245 = AXIS2_PLACEMENT_3D('',#5246,#5247,#5248);
#5246 = CARTESIAN_POINT('',(-4.5,81.,2.));
#5247 = DIRECTION('',(0.,0.,1.));
#5248 = DIRECTION('',(1.,0.,0.));
#5249 = DEFINITIONAL_REPRESENTATION('',(#5250),#5254);
#5250 = LINE('',#5251,#5252);
#5251 = CARTESIAN_POINT('',(0.,0.));
#5252 = VECTOR('',#5253,1.);
#5253 = DIRECTION('',(1.,0.));
#5254 = ( GEOMETRIC_REPRESENTATION_CONTEXT(2) 
PARAMETRIC_REPRESENTATION_CONTEXT() REPRESENTATION_CONTEXT('2D SPACE',''
  ) );
#5255 = ORIENTED_EDGE('',*,*,#5256,.T.);
#5256 = EDGE_CURVE('',#5229,#5257,#5259,.T.);
#5257 = VERTEX_POINT('',#5258);
#5258 = CARTESIAN_POINT('',(4.5,81.,3.));
#5259 = SURFACE_CURVE('',#5260,(#5264,#5271),.PCURVE_S1.);
#5260 = LINE('',#5261,#5262);
#5261 = CARTESIAN_POINT('',(4.5,81.,2.));
#5262 = VECTOR('',#5263,1.);
#5263 = DIRECTION('',(0.,0.,1.));
#5264 = PCURVE('',#2664,#5265);
#5265 = DEFINITIONAL_REPRESENTATION('',(#5266),#5270);
#5266 = LINE('',#5267,#5268);
#5267 = CARTESIAN_POINT('',(10.299945287508,4.5));
#5268 = VECTOR('',#5269,1.);
#5269 = DIRECTION('',(-1.,0.));
#5270 = ( GEOMETRIC_REPRESENTATION_CONTEXT(2) 
PARAMETRIC_REPRESENTATION_CONTEXT() REPRESENTATION_CONTEXT('2D SPACE',''
  ) );
#5271 = PCURVE('',#5272,#5277);
#5272 = PLANE('',#5273);
#5273 = AXIS2_PLACEMENT_3D('',#5274,#5275,#5276);
#5274 = CARTESIAN_POINT('',(4.5,81.,2.));
#5275 = DIRECTION('',(1.,0.,0.));
#5276 = DIRECTION('',(0.,0.,1.));
#5277 = DEFINITIONAL_REPRESENTATION('',(#5278),#5282);
#5278 = LINE('',#5279,#5280);
#5279 = CARTESIAN_POINT('',(0.,0.));
#5280 = VECTOR('',#5281,1.);
#5281 = DIRECTION('',(1.,0.));
#5282 = ( GEOMETRIC_REPRESENTATION_CONTEXT(2) 
PARAMETRIC_REPRESENTATION_CONTEXT() REPRESENTATION_CONTEXT('2D SPACE',''
  ) );
#5283 = ORIENTED_EDGE('',*,*,#5284,.F.);
#5284 = EDGE_CURVE('',#5285,#5257,#5287,.T.);
#5285 = VERTEX_POINT('',#5286);
#5286 = CARTESIAN_POINT('',(4.,81.,3.));
#5287 = SURFACE_CURVE('',#5288,(#5292,#5299),.PCURVE_S1.);
#5288 = LINE('',#5289,#5290);
#5289 = CARTESIAN_POINT('',(-4.5,81.,3.));
#5290 = VECTOR('',#5291,1.);
#5291 = DIRECTION('',(1.,0.,0.));
#5292 = PCURVE('',#2664,#5293);
#5293 = DEFINITIONAL_REPRESENTATION('',(#5294),#5298);
#5294 = LINE('',#5295,#5296);
#5295 = CARTESIAN_POINT('',(9.299945287508,-4.5));
#5296 = VECTOR('',#5297,1.);
#5297 = DIRECTION('',(0.,1.));
#5298 = ( GEOMETRIC_REPRESENTATION_CONTEXT(2) 
PARAMETRIC_REPRESENTATION_CONTEXT() REPRESENTATION_CONTEXT('2D SPACE',''
  ) );
#5299 = PCURVE('',#5300,#5305);
#5300 = PLANE('',#5301);
#5301 = AXIS2_PLACEMENT_3D('',#5302,#5303,#5304);
#5302 = CARTESIAN_POINT('',(-4.5,81.,3.));
#5303 = DIRECTION('',(0.,0.,1.));
#5304 = DIRECTION('',(1.,0.,0.));
#5305 = DEFINITIONAL_REPRESENTATION('',(#5306),#5310);
#5306 = LINE('',#5307,#5308);
#5307 = CARTESIAN_POINT('',(0.,0.));
#5308 = VECTOR('',#5309,1.);
#5309 = DIRECTION('',(1.,0.));
#5310 = ( GEOMETRIC_REPRESENTATION_CONTEXT(2) 
PARAMETRIC_REPRESENTATION_CONTEXT() REPRESENTATION_CONTEXT('2D SPACE',''
  ) );
#5311 = ORIENTED_EDGE('',*,*,#5312,.F.);
#5312 = EDGE_CURVE('',#5313,#5285,#5315,.T.);
#5313 = VERTEX_POINT('',#5314);
#5314 = CARTESIAN_POINT('',(4.,81.,16.));
#5315 = SURFACE_CURVE('',#5316,(#5320,#5327),.PCURVE_S1.);
#5316 = LINE('',#5317,#5318);
#5317 = CARTESIAN_POINT('',(4.,81.,16.));
#5318 = VECTOR('',#5319,1.);
#5319 = DIRECTION('',(0.,0.,-1.));
#5320 = PCURVE('',#2664,#5321);
#5321 = DEFINITIONAL_REPRESENTATION('',(#5322),#5326);
#5322 = LINE('',#5323,#5324);
#5323 = CARTESIAN_POINT('',(-3.700054712492,4.));
#5324 = VECTOR('',#5325,1.);
#5325 = DIRECTION('',(1.,0.));
#5326 = ( GEOMETRIC_REPRESENTATION_CONTEXT(2) 
PARAMETRIC_REPRESENTATION_CONTEXT() REPRESENTATION_CONTEXT('2D SPACE',''
  ) );
#5327 = PCURVE('',#5328,#5333);
#5328 = CYLINDRICAL_SURFACE('',#5329,2.);
#5329 = AXIS2_PLACEMENT_3D('',#5330,#5331,#5332);
#5330 = CARTESIAN_POINT('',(4.,83.,16.));
#5331 = DIRECTION('',(0.,0.,-1.));
#5332 = DIRECTION('',(1.,0.,0.));
#5333 = DEFINITIONAL_REPRESENTATION('',(#5334),#5338);
#5334 = LINE('',#5335,#5336);
#5335 = CARTESIAN_POINT('',(1.570796326795,0.));
#5336 = VECTOR('',#5337,1.);
#5337 = DIRECTION('',(0.,1.));
#5338 = ( GEOMETRIC_REPRESENTATION_CONTEXT(2) 
PARAMETRIC_REPRESENTATION_CONTEXT() REPRESENTATION_CONTEXT('2D SPACE',''
  ) );
#5339 = ORIENTED_EDGE('',*,*,#5340,.F.);
#5340 = EDGE_CURVE('',#5341,#5313,#5343,.T.);
#5341 = VERTEX_POINT('',#5342);
#5342 = CARTESIAN_POINT('',(6.,81.,16.));
#5343 = SURFACE_CURVE('',#5344,(#5350,#5359),.PCURVE_S1.);
#5344 = B_SPLINE_CURVE_WITH_KNOTS('',4,(#5345,#5346,#5347,#5348,#5349),
  .UNSPECIFIED.,.F.,.F.,(5,5),(0.,1.),.PIECEWISE_BEZIER_KNOTS.);
#5345 = CARTESIAN_POINT('',(6.,81.,16.));
#5346 = CARTESIAN_POINT('',(5.5,81.,16.));
#5347 = CARTESIAN_POINT('',(5.,81.,16.));
#5348 = CARTESIAN_POINT('',(4.5,81.,16.));
#5349 = CARTESIAN_POINT('',(4.,81.,16.));
#5350 = PCURVE('',#2664,#5351);
#5351 = DEFINITIONAL_REPRESENTATION('',(#5352),#5358);
#5352 = B_SPLINE_CURVE_WITH_KNOTS('',4,(#5353,#5354,#5355,#5356,#5357),
  .UNSPECIFIED.,.F.,.F.,(5,5),(0.,1.),.PIECEWISE_BEZIER_KNOTS.);
#5353 = CARTESIAN_POINT('',(-3.700054712492,6.));
#5354 = CARTESIAN_POINT('',(-3.700054712492,5.5));
#5355 = CARTESIAN_POINT('',(-3.700054712492,5.));
#5356 = CARTESIAN_POINT('',(-3.700054712492,4.5));
#5357 = CARTESIAN_POINT('',(-3.700054712492,4.));
#5358 = ( GEOMETRIC_REPRESENTATION_CONTEXT(2) 
PARAMETRIC_REPRESENTATION_CONTEXT() REPRESENTATION_CONTEXT('2D SPACE',''
  ) );
#5359 = PCURVE('',#5360,#5367);
#5360 = SURFACE_OF_LINEAR_EXTRUSION('',#5361,#5365);
#5361 = B_SPLINE_CURVE_WITH_KNOTS('',2,(#5362,#5363,#5364),
  .UNSPECIFIED.,.F.,.F.,(3,3),(0.,1.),.PIECEWISE_BEZIER_KNOTS.);
#5362 = CARTESIAN_POINT('',(6.,88.,5.));
#5363 = CARTESIAN_POINT('',(6.,84.5,5.));
#5364 = CARTESIAN_POINT('',(6.,81.,16.));
#5365 = VECTOR('',#5366,1.);
#5366 = DIRECTION('',(-1.,-0.,-0.));
#5367 = DEFINITIONAL_REPRESENTATION('',(#5368),#5374);
#5368 = B_SPLINE_CURVE_WITH_KNOTS('',4,(#5369,#5370,#5371,#5372,#5373),
  .UNSPECIFIED.,.F.,.F.,(5,5),(0.,1.),.PIECEWISE_BEZIER_KNOTS.);
#5369 = CARTESIAN_POINT('',(1.,0.));
#5370 = CARTESIAN_POINT('',(1.,0.5));
#5371 = CARTESIAN_POINT('',(1.,1.));
#5372 = CARTESIAN_POINT('',(1.,1.5));
#5373 = CARTESIAN_POINT('',(1.,2.));
#5374 = ( GEOMETRIC_REPRESENTATION_CONTEXT(2) 
PARAMETRIC_REPRESENTATION_CONTEXT() REPRESENTATION_CONTEXT('2D SPACE',''
  ) );
#5375 = ORIENTED_EDGE('',*,*,#5376,.T.);
#5376 = EDGE_CURVE('',#5341,#5377,#5379,.T.);
#5377 = VERTEX_POINT('',#5378);
#5378 = CARTESIAN_POINT('',(7.6,81.,16.));
#5379 = SURFACE_CURVE('',#5380,(#5384,#5391),.PCURVE_S1.);
#5380 = LINE('',#5381,#5382);
#5381 = CARTESIAN_POINT('',(6.,81.,16.));
#5382 = VECTOR('',#5383,1.);
#5383 = DIRECTION('',(1.,0.,0.));
#5384 = PCURVE('',#2664,#5385);
#5385 = DEFINITIONAL_REPRESENTATION('',(#5386),#5390);
#5386 = LINE('',#5387,#5388);
#5387 = CARTESIAN_POINT('',(-3.700054712492,6.));
#5388 = VECTOR('',#5389,1.);
#5389 = DIRECTION('',(0.,1.));
#5390 = ( GEOMETRIC_REPRESENTATION_CONTEXT(2) 
PARAMETRIC_REPRESENTATION_CONTEXT() REPRESENTATION_CONTEXT('2D SPACE',''
  ) );
#5391 = PCURVE('',#5360,#5392);
#5392 = DEFINITIONAL_REPRESENTATION('',(#5393),#5397);
#5393 = LINE('',#5394,#5395);
#5394 = CARTESIAN_POINT('',(1.,0.));
#5395 = VECTOR('',#5396,1.);
#5396 = DIRECTION('',(0.,-1.));
#5397 = ( GEOMETRIC_REPRESENTATION_CONTEXT(2) 
PARAMETRIC_REPRESENTATION_CONTEXT() REPRESENTATION_CONTEXT('2D SPACE',''
  ) );
#5398 = ORIENTED_EDGE('',*,*,#5399,.T.);
#5399 = EDGE_CURVE('',#5377,#5400,#5402,.T.);
#5400 = VERTEX_POINT('',#5401);
#5401 = CARTESIAN_POINT('',(-7.6,81.,16.));
#5402 = SURFACE_CURVE('',#5403,(#5408,#5415),.PCURVE_S1.);
#5403 = CIRCLE('',#5404,7.6);
#5404 = AXIS2_PLACEMENT_3D('',#5405,#5406,#5407);
#5405 = CARTESIAN_POINT('',(0.,81.,16.));
#5406 = DIRECTION('',(0.,-1.,-0.));
#5407 = DIRECTION('',(1.,0.,0.));
#5408 = PCURVE('',#2664,#5409);
#5409 = DEFINITIONAL_REPRESENTATION('',(#5410),#5414);
#5410 = CIRCLE('',#5411,7.6);
#5411 = AXIS2_PLACEMENT_2D('',#5412,#5413);
#5412 = CARTESIAN_POINT('',(-3.700054712492,0.));
#5413 = DIRECTION('',(0.,1.));
#5414 = ( GEOMETRIC_REPRESENTATION_CONTEXT(2) 
PARAMETRIC_REPRESENTATION_CONTEXT() REPRESENTATION_CONTEXT('2D SPACE',''
  ) );
#5415 = PCURVE('',#5127,#5416);
#5416 = DEFINITIONAL_REPRESENTATION('',(#5417),#5421);
#5417 = LINE('',#5418,#5419);
#5418 = CARTESIAN_POINT('',(-0.,1.570796326795));
#5419 = VECTOR('',#5420,1.);
#5420 = DIRECTION('',(-1.,0.));
#5421 = ( GEOMETRIC_REPRESENTATION_CONTEXT(2) 
PARAMETRIC_REPRESENTATION_CONTEXT() REPRESENTATION_CONTEXT('2D SPACE',''
  ) );
#5422 = ORIENTED_EDGE('',*,*,#5423,.T.);
#5423 = EDGE_CURVE('',#5400,#5424,#5426,.T.);
#5424 = VERTEX_POINT('',#5425);
#5425 = CARTESIAN_POINT('',(-6.,81.,16.));
#5426 = SURFACE_CURVE('',#5427,(#5431,#5438),.PCURVE_S1.);
#5427 = LINE('',#5428,#5429);
#5428 = CARTESIAN_POINT('',(-9.,81.,16.));
#5429 = VECTOR('',#5430,1.);
#5430 = DIRECTION('',(1.,0.,0.));
#5431 = PCURVE('',#2664,#5432);
#5432 = DEFINITIONAL_REPRESENTATION('',(#5433),#5437);
#5433 = LINE('',#5434,#5435);
#5434 = CARTESIAN_POINT('',(-3.700054712492,-9.));
#5435 = VECTOR('',#5436,1.);
#5436 = DIRECTION('',(0.,1.));
#5437 = ( GEOMETRIC_REPRESENTATION_CONTEXT(2) 
PARAMETRIC_REPRESENTATION_CONTEXT() REPRESENTATION_CONTEXT('2D SPACE',''
  ) );
#5438 = PCURVE('',#5439,#5446);
#5439 = SURFACE_OF_LINEAR_EXTRUSION('',#5440,#5444);
#5440 = B_SPLINE_CURVE_WITH_KNOTS('',2,(#5441,#5442,#5443),
  .UNSPECIFIED.,.F.,.F.,(3,3),(0.,1.),.PIECEWISE_BEZIER_KNOTS.);
#5441 = CARTESIAN_POINT('',(-9.,88.,5.));
#5442 = CARTESIAN_POINT('',(-9.,84.5,5.));
#5443 = CARTESIAN_POINT('',(-9.,81.,16.));
#5444 = VECTOR('',#5445,1.);
#5445 = DIRECTION('',(-1.,-0.,-0.));
#5446 = DEFINITIONAL_REPRESENTATION('',(#5447),#5451);
#5447 = LINE('',#5448,#5449);
#5448 = CARTESIAN_POINT('',(1.,0.));
#5449 = VECTOR('',#5450,1.);
#5450 = DIRECTION('',(0.,-1.));
#5451 = ( GEOMETRIC_REPRESENTATION_CONTEXT(2) 
PARAMETRIC_REPRESENTATION_CONTEXT() REPRESENTATION_CONTEXT('2D SPACE',''
  ) );
#5452 = ORIENTED_EDGE('',*,*,#5453,.T.);
#5453 = EDGE_CURVE('',#5424,#5143,#5454,.T.);
#5454 = SURFACE_CURVE('',#5455,(#5461,#5470),.PCURVE_S1.);
#5455 = B_SPLINE_CURVE_WITH_KNOTS('',4,(#5456,#5457,#5458,#5459,#5460),
  .UNSPECIFIED.,.F.,.F.,(5,5),(0.,1.),.PIECEWISE_BEZIER_KNOTS.);
#5456 = CARTESIAN_POINT('',(-6.,81.,16.));
#5457 = CARTESIAN_POINT('',(-5.5,81.,16.));
#5458 = CARTESIAN_POINT('',(-5.,81.,16.));
#5459 = CARTESIAN_POINT('',(-4.5,81.,16.));
#5460 = CARTESIAN_POINT('',(-4.,81.,16.));
#5461 = PCURVE('',#2664,#5462);
#5462 = DEFINITIONAL_REPRESENTATION('',(#5463),#5469);
#5463 = B_SPLINE_CURVE_WITH_KNOTS('',4,(#5464,#5465,#5466,#5467,#5468),
  .UNSPECIFIED.,.F.,.F.,(5,5),(0.,1.),.PIECEWISE_BEZIER_KNOTS.);
#5464 = CARTESIAN_POINT('',(-3.700054712492,-6.));
#5465 = CARTESIAN_POINT('',(-3.700054712492,-5.5));
#5466 = CARTESIAN_POINT('',(-3.700054712492,-5.));
#5467 = CARTESIAN_POINT('',(-3.700054712492,-4.5));
#5468 = CARTESIAN_POINT('',(-3.700054712492,-4.));
#5469 = ( GEOMETRIC_REPRESENTATION_CONTEXT(2) 
PARAMETRIC_REPRESENTATION_CONTEXT() REPRESENTATION_CONTEXT('2D SPACE',''
  ) );
#5470 = PCURVE('',#5439,#5471);
#5471 = DEFINITIONAL_REPRESENTATION('',(#5472),#5478);
#5472 = B_SPLINE_CURVE_WITH_KNOTS('',4,(#5473,#5474,#5475,#5476,#5477),
  .UNSPECIFIED.,.F.,.F.,(5,5),(0.,1.),.PIECEWISE_BEZIER_KNOTS.);
#5473 = CARTESIAN_POINT('',(1.,-3.));
#5474 = CARTESIAN_POINT('',(1.,-3.5));
#5475 = CARTESIAN_POINT('',(1.,-4.));
#5476 = CARTESIAN_POINT('',(1.,-4.5));
#5477 = CARTESIAN_POINT('',(1.,-5.));
#5478 = ( GEOMETRIC_REPRESENTATION_CONTEXT(2) 
PARAMETRIC_REPRESENTATION_CONTEXT() REPRESENTATION_CONTEXT('2D SPACE',''
  ) );
#5479 = FACE_BOUND('',#5480,.F.);
#5480 = EDGE_LOOP('',(#5481,#5482,#5483,#5484));
#5481 = ORIENTED_EDGE('',*,*,#2649,.T.);
#5482 = ORIENTED_EDGE('',*,*,#2789,.T.);
#5483 = ORIENTED_EDGE('',*,*,#2757,.T.);
#5484 = ORIENTED_EDGE('',*,*,#2708,.T.);
#5485 = ADVANCED_FACE('',(#5486),#2831,.F.);
#5486 = FACE_BOUND('',#5487,.F.);
#5487 = EDGE_LOOP('',(#5488,#5511,#5539,#5567,#5595,#5623,#5656,#5864,
    #5892,#5915,#5936));
#5488 = ORIENTED_EDGE('',*,*,#5489,.F.);
#5489 = EDGE_CURVE('',#5490,#2814,#5492,.T.);
#5490 = VERTEX_POINT('',#5491);
#5491 = CARTESIAN_POINT('',(-9.,4.,0.2));
#5492 = SURFACE_CURVE('',#5493,(#5497,#5504),.PCURVE_S1.);
#5493 = LINE('',#5494,#5495);
#5494 = CARTESIAN_POINT('',(-9.,4.,0.));
#5495 = VECTOR('',#5496,1.);
#5496 = DIRECTION('',(0.,0.,1.));
#5497 = PCURVE('',#2831,#5498);
#5498 = DEFINITIONAL_REPRESENTATION('',(#5499),#5503);
#5499 = LINE('',#5500,#5501);
#5500 = CARTESIAN_POINT('',(0.,-4.));
#5501 = VECTOR('',#5502,1.);
#5502 = DIRECTION('',(1.,0.));
#5503 = ( GEOMETRIC_REPRESENTATION_CONTEXT(2) 
PARAMETRIC_REPRESENTATION_CONTEXT() REPRESENTATION_CONTEXT('2D SPACE',''
  ) );
#5504 = PCURVE('',#4142,#5505);
#5505 = DEFINITIONAL_REPRESENTATION('',(#5506),#5510);
#5506 = LINE('',#5507,#5508);
#5507 = CARTESIAN_POINT('',(0.,0.));
#5508 = VECTOR('',#5509,1.);
#5509 = DIRECTION('',(0.,1.));
#5510 = ( GEOMETRIC_REPRESENTATION_CONTEXT(2) 
PARAMETRIC_REPRESENTATION_CONTEXT() REPRESENTATION_CONTEXT('2D SPACE',''
  ) );
#5511 = ORIENTED_EDGE('',*,*,#5512,.T.);
#5512 = EDGE_CURVE('',#5490,#5513,#5515,.T.);
#5513 = VERTEX_POINT('',#5514);
#5514 = CARTESIAN_POINT('',(-9.,94.,0.2));
#5515 = SURFACE_CURVE('',#5516,(#5520,#5527),.PCURVE_S1.);
#5516 = LINE('',#5517,#5518);
#5517 = CARTESIAN_POINT('',(-9.,4.,0.2));
#5518 = VECTOR('',#5519,1.);
#5519 = DIRECTION('',(0.,1.,0.));
#5520 = PCURVE('',#2831,#5521);
#5521 = DEFINITIONAL_REPRESENTATION('',(#5522),#5526);
#5522 = LINE('',#5523,#5524);
#5523 = CARTESIAN_POINT('',(0.2,-4.));
#5524 = VECTOR('',#5525,1.);
#5525 = DIRECTION('',(0.,-1.));
#5526 = ( GEOMETRIC_REPRESENTATION_CONTEXT(2) 
PARAMETRIC_REPRESENTATION_CONTEXT() REPRESENTATION_CONTEXT('2D SPACE',''
  ) );
#5527 = PCURVE('',#5528,#5533);
#5528 = CYLINDRICAL_SURFACE('',#5529,0.2);
#5529 = AXIS2_PLACEMENT_3D('',#5530,#5531,#5532);
#5530 = CARTESIAN_POINT('',(-8.8,4.,0.2));
#5531 = DIRECTION('',(0.,1.,0.));
#5532 = DIRECTION('',(-1.,0.,0.));
#5533 = DEFINITIONAL_REPRESENTATION('',(#5534),#5538);
#5534 = LINE('',#5535,#5536);
#5535 = CARTESIAN_POINT('',(-0.,0.));
#5536 = VECTOR('',#5537,1.);
#5537 = DIRECTION('',(-0.,1.));
#5538 = ( GEOMETRIC_REPRESENTATION_CONTEXT(2) 
PARAMETRIC_REPRESENTATION_CONTEXT() REPRESENTATION_CONTEXT('2D SPACE',''
  ) );
#5539 = ORIENTED_EDGE('',*,*,#5540,.F.);
#5540 = EDGE_CURVE('',#5541,#5513,#5543,.T.);
#5541 = VERTEX_POINT('',#5542);
#5542 = CARTESIAN_POINT('',(-9.,94.,4.1));
#5543 = SURFACE_CURVE('',#5544,(#5548,#5555),.PCURVE_S1.);
#5544 = LINE('',#5545,#5546);
#5545 = CARTESIAN_POINT('',(-9.,94.,5.));
#5546 = VECTOR('',#5547,1.);
#5547 = DIRECTION('',(0.,0.,-1.));
#5548 = PCURVE('',#2831,#5549);
#5549 = DEFINITIONAL_REPRESENTATION('',(#5550),#5554);
#5550 = LINE('',#5551,#5552);
#5551 = CARTESIAN_POINT('',(5.,-94.));
#5552 = VECTOR('',#5553,1.);
#5553 = DIRECTION('',(-1.,0.));
#5554 = ( GEOMETRIC_REPRESENTATION_CONTEXT(2) 
PARAMETRIC_REPRESENTATION_CONTEXT() REPRESENTATION_CONTEXT('2D SPACE',''
  ) );
#5555 = PCURVE('',#5556,#5561);
#5556 = CYLINDRICAL_SURFACE('',#5557,4.);
#5557 = AXIS2_PLACEMENT_3D('',#5558,#5559,#5560);
#5558 = CARTESIAN_POINT('',(-5.,94.,0.));
#5559 = DIRECTION('',(0.,0.,1.));
#5560 = DIRECTION('',(-1.,-0.,0.));
#5561 = DEFINITIONAL_REPRESENTATION('',(#5562),#5566);
#5562 = LINE('',#5563,#5564);
#5563 = CARTESIAN_POINT('',(-0.,5.));
#5564 = VECTOR('',#5565,1.);
#5565 = DIRECTION('',(-0.,-1.));
#5566 = ( GEOMETRIC_REPRESENTATION_CONTEXT(2) 
PARAMETRIC_REPRESENTATION_CONTEXT() REPRESENTATION_CONTEXT('2D SPACE',''
  ) );
#5567 = ORIENTED_EDGE('',*,*,#5568,.F.);
#5568 = EDGE_CURVE('',#5569,#5541,#5571,.T.);
#5569 = VERTEX_POINT('',#5570);
#5570 = CARTESIAN_POINT('',(-9.,88.,4.1));
#5571 = SURFACE_CURVE('',#5572,(#5576,#5583),.PCURVE_S1.);
#5572 = LINE('',#5573,#5574);
#5573 = CARTESIAN_POINT('',(-9.,88.,4.1));
#5574 = VECTOR('',#5575,1.);
#5575 = DIRECTION('',(0.,1.,0.));
#5576 = PCURVE('',#2831,#5577);
#5577 = DEFINITIONAL_REPRESENTATION('',(#5578),#5582);
#5578 = LINE('',#5579,#5580);
#5579 = CARTESIAN_POINT('',(4.1,-88.));
#5580 = VECTOR('',#5581,1.);
#5581 = DIRECTION('',(0.,-1.));
#5582 = ( GEOMETRIC_REPRESENTATION_CONTEXT(2) 
PARAMETRIC_REPRESENTATION_CONTEXT() REPRESENTATION_CONTEXT('2D SPACE',''
  ) );
#5583 = PCURVE('',#5584,#5589);
#5584 = CYLINDRICAL_SURFACE('',#5585,0.9);
#5585 = AXIS2_PLACEMENT_3D('',#5586,#5587,#5588);
#5586 = CARTESIAN_POINT('',(-8.1,88.,4.1));
#5587 = DIRECTION('',(0.,1.,0.));
#5588 = DIRECTION('',(0.,-0.,1.));
#5589 = DEFINITIONAL_REPRESENTATION('',(#5590),#5594);
#5590 = LINE('',#5591,#5592);
#5591 = CARTESIAN_POINT('',(4.712388980385,0.));
#5592 = VECTOR('',#5593,1.);
#5593 = DIRECTION('',(0.,1.));
#5594 = ( GEOMETRIC_REPRESENTATION_CONTEXT(2) 
PARAMETRIC_REPRESENTATION_CONTEXT() REPRESENTATION_CONTEXT('2D SPACE',''
  ) );
#5595 = ORIENTED_EDGE('',*,*,#5596,.T.);
#5596 = EDGE_CURVE('',#5569,#5597,#5599,.T.);
#5597 = VERTEX_POINT('',#5598);
#5598 = CARTESIAN_POINT('',(-9.,88.,5.));
#5599 = SURFACE_CURVE('',#5600,(#5604,#5611),.PCURVE_S1.);
#5600 = LINE('',#5601,#5602);
#5601 = CARTESIAN_POINT('',(-9.,88.,4.1));
#5602 = VECTOR('',#5603,1.);
#5603 = DIRECTION('',(0.,0.,1.));
#5604 = PCURVE('',#2831,#5605);
#5605 = DEFINITIONAL_REPRESENTATION('',(#5606),#5610);
#5606 = LINE('',#5607,#5608);
#5607 = CARTESIAN_POINT('',(4.1,-88.));
#5608 = VECTOR('',#5609,1.);
#5609 = DIRECTION('',(1.,0.));
#5610 = ( GEOMETRIC_REPRESENTATION_CONTEXT(2) 
PARAMETRIC_REPRESENTATION_CONTEXT() REPRESENTATION_CONTEXT('2D SPACE',''
  ) );
#5611 = PCURVE('',#5612,#5617);
#5612 = PLANE('',#5613);
#5613 = AXIS2_PLACEMENT_3D('',#5614,#5615,#5616);
#5614 = CARTESIAN_POINT('',(-9.,88.,4.1));
#5615 = DIRECTION('',(0.,1.,0.));
#5616 = DIRECTION('',(0.,0.,1.));
#5617 = DEFINITIONAL_REPRESENTATION('',(#5618),#5622);
#5618 = LINE('',#5619,#5620);
#5619 = CARTESIAN_POINT('',(0.,0.));
#5620 = VECTOR('',#5621,1.);
#5621 = DIRECTION('',(1.,0.));
#5622 = ( GEOMETRIC_REPRESENTATION_CONTEXT(2) 
PARAMETRIC_REPRESENTATION_CONTEXT() REPRESENTATION_CONTEXT('2D SPACE',''
  ) );
#5623 = ORIENTED_EDGE('',*,*,#5624,.F.);
#5624 = EDGE_CURVE('',#5625,#5597,#5627,.T.);
#5625 = VERTEX_POINT('',#5626);
#5626 = CARTESIAN_POINT('',(-9.,87.205977979207,4.304597457283));
#5627 = SURFACE_CURVE('',#5628,(#5633,#5641),.PCURVE_S1.);
#5628 = B_SPLINE_CURVE_WITH_KNOTS('',3,(#5629,#5630,#5631,#5632),
  .UNSPECIFIED.,.F.,.F.,(4,4),(0.,1.),.PIECEWISE_BEZIER_KNOTS.);
#5629 = CARTESIAN_POINT('',(-9.,86.,3.));
#5630 = CARTESIAN_POINT('',(-9.,86.666666666667,3.));
#5631 = CARTESIAN_POINT('',(-9.,87.333333333333,5.));
#5632 = CARTESIAN_POINT('',(-9.,88.,5.));
#5633 = PCURVE('',#2831,#5634);
#5634 = DEFINITIONAL_REPRESENTATION('',(#5635),#5640);
#5635 = B_SPLINE_CURVE_WITH_KNOTS('',3,(#5636,#5637,#5638,#5639),
  .UNSPECIFIED.,.F.,.F.,(4,4),(0.,1.),.PIECEWISE_BEZIER_KNOTS.);
#5636 = CARTESIAN_POINT('',(3.,-86.));
#5637 = CARTESIAN_POINT('',(3.,-86.66666666666));
#5638 = CARTESIAN_POINT('',(5.,-87.33333333333));
#5639 = CARTESIAN_POINT('',(5.,-88.));
#5640 = ( GEOMETRIC_REPRESENTATION_CONTEXT(2) 
PARAMETRIC_REPRESENTATION_CONTEXT() REPRESENTATION_CONTEXT('2D SPACE',''
  ) );
#5641 = PCURVE('',#5642,#5650);
#5642 = SURFACE_OF_LINEAR_EXTRUSION('',#5643,#5648);
#5643 = B_SPLINE_CURVE_WITH_KNOTS('',3,(#5644,#5645,#5646,#5647),
  .UNSPECIFIED.,.F.,.F.,(4,4),(0.,1.),.PIECEWISE_BEZIER_KNOTS.);
#5644 = CARTESIAN_POINT('',(-9.,86.,3.));
#5645 = CARTESIAN_POINT('',(-9.,86.666666666667,3.));
#5646 = CARTESIAN_POINT('',(-9.,87.333333333333,5.));
#5647 = CARTESIAN_POINT('',(-9.,88.,5.));
#5648 = VECTOR('',#5649,1.);
#5649 = DIRECTION('',(-1.,-0.,-0.));
#5650 = DEFINITIONAL_REPRESENTATION('',(#5651),#5655);
#5651 = LINE('',#5652,#5653);
#5652 = CARTESIAN_POINT('',(0.,0.));
#5653 = VECTOR('',#5654,1.);
#5654 = DIRECTION('',(1.,0.));
#5655 = ( GEOMETRIC_REPRESENTATION_CONTEXT(2) 
PARAMETRIC_REPRESENTATION_CONTEXT() REPRESENTATION_CONTEXT('2D SPACE',''
  ) );
#5656 = ORIENTED_EDGE('',*,*,#5657,.T.);
#5657 = EDGE_CURVE('',#5625,#5658,#5660,.T.);
#5658 = VERTEX_POINT('',#5659);
#5659 = CARTESIAN_POINT('',(-9.,81.,13.490543144937));
#5660 = SURFACE_CURVE('',#5661,(#5700,#5742),.PCURVE_S1.);
#5661 = B_SPLINE_CURVE_WITH_KNOTS('',13,(#5662,#5663,#5664,#5665,#5666,
    #5667,#5668,#5669,#5670,#5671,#5672,#5673,#5674,#5675,#5676,#5677,
    #5678,#5679,#5680,#5681,#5682,#5683,#5684,#5685,#5686,#5687,#5688,
    #5689,#5690,#5691,#5692,#5693,#5694,#5695,#5696,#5697,#5698,#5699),
  .UNSPECIFIED.,.F.,.F.,(14,12,12,14),(-0.794399493455,
    1.102405685648E-14,13.61845532117,14.082411197872),.UNSPECIFIED.);
#5662 = CARTESIAN_POINT('',(-9.,88.794399493455,4.2));
#5663 = CARTESIAN_POINT('',(-9.,88.714875935541,4.2));
#5664 = CARTESIAN_POINT('',(-9.,88.638421695055,4.2));
#5665 = CARTESIAN_POINT('',(-9.,88.565036771998,4.2));
#5666 = CARTESIAN_POINT('',(-9.,88.49472116637,4.2));
#5667 = CARTESIAN_POINT('',(-9.,88.42747487817,4.2));
#5668 = CARTESIAN_POINT('',(-9.,88.363297907399,4.2));
#5669 = CARTESIAN_POINT('',(-9.,88.302190254056,4.2));
#5670 = CARTESIAN_POINT('',(-9.,88.244151918142,4.2));
#5671 = CARTESIAN_POINT('',(-9.,88.189182899656,4.2));
#5672 = CARTESIAN_POINT('',(-9.,88.137283198599,4.2));
#5673 = CARTESIAN_POINT('',(-9.,88.088452814971,4.2));
#5674 = CARTESIAN_POINT('',(-9.,88.042691748771,4.2));
#5675 = CARTESIAN_POINT('',(-9.000000000001,87.268131868142,
    4.200000000001));
#5676 = CARTESIAN_POINT('',(-8.999999999995,86.536677476205,
    4.391613457113));
#5677 = CARTESIAN_POINT('',(-9.000000000015,85.84433334971,
    4.775088526069));
#5678 = CARTESIAN_POINT('',(-8.99999999997,85.261151880479,
    5.312322891368));
#5679 = CARTESIAN_POINT('',(-9.000000000047,84.664828955689,
    5.886857819846));
#5680 = CARTESIAN_POINT('',(-8.999999999942,84.0849202419,6.707276364121
    ));
#5681 = CARTESIAN_POINT('',(-9.000000000057,83.539166982188,
    7.545470131677));
#5682 = CARTESIAN_POINT('',(-8.999999999955,82.967803670578,
    8.602645016687));
#5683 = CARTESIAN_POINT('',(-9.000000000029,82.425004137683,
    9.745046814098));
#5684 = CARTESIAN_POINT('',(-8.999999999986,81.872468033961,
    11.046107240097));
#5685 = CARTESIAN_POINT('',(-9.000000000005,81.326705101365,
    12.477368739186));
#5686 = CARTESIAN_POINT('',(-8.999999999999,80.781511979613,
    14.048186034187));
#5687 = CARTESIAN_POINT('',(-9.,80.219131312009,15.815668132405));
#5688 = CARTESIAN_POINT('',(-9.,80.200603248028,15.873899190631));
#5689 = CARTESIAN_POINT('',(-9.,80.182075184047,15.932130248858));
#5690 = CARTESIAN_POINT('',(-9.,80.163547120066,15.990361307084));
#5691 = CARTESIAN_POINT('',(-9.,80.145019056085,16.048592365311));
#5692 = CARTESIAN_POINT('',(-9.,80.126490992105,16.106823423537));
#5693 = CARTESIAN_POINT('',(-9.,80.107962928124,16.165054481764));
#5694 = CARTESIAN_POINT('',(-9.,80.089434864143,16.22328553999));
#5695 = CARTESIAN_POINT('',(-9.,80.070906800162,16.281516598217));
#5696 = CARTESIAN_POINT('',(-9.,80.052378736181,16.339747656443));
#5697 = CARTESIAN_POINT('',(-9.,80.033850672201,16.397978714669));
#5698 = CARTESIAN_POINT('',(-9.,80.01532260822,16.456209772896));
#5699 = CARTESIAN_POINT('',(-9.,79.996794544239,16.514440831122));
#5700 = PCURVE('',#2831,#5701);
#5701 = DEFINITIONAL_REPRESENTATION('',(#5702),#5741);
#5702 = B_SPLINE_CURVE_WITH_KNOTS('',13,(#5703,#5704,#5705,#5706,#5707,
    #5708,#5709,#5710,#5711,#5712,#5713,#5714,#5715,#5716,#5717,#5718,
    #5719,#5720,#5721,#5722,#5723,#5724,#5725,#5726,#5727,#5728,#5729,
    #5730,#5731,#5732,#5733,#5734,#5735,#5736,#5737,#5738,#5739,#5740),
  .UNSPECIFIED.,.F.,.F.,(14,12,12,14),(-0.794399493455,
    1.102405685648E-14,13.61845532117,14.082411197872),.UNSPECIFIED.);
#5703 = CARTESIAN_POINT('',(4.2,-88.79439949345));
#5704 = CARTESIAN_POINT('',(4.2,-88.71487593554));
#5705 = CARTESIAN_POINT('',(4.2,-88.63842169505));
#5706 = CARTESIAN_POINT('',(4.2,-88.56503677199));
#5707 = CARTESIAN_POINT('',(4.2,-88.49472116637));
#5708 = CARTESIAN_POINT('',(4.2,-88.42747487817));
#5709 = CARTESIAN_POINT('',(4.2,-88.36329790739));
#5710 = CARTESIAN_POINT('',(4.2,-88.30219025405));
#5711 = CARTESIAN_POINT('',(4.2,-88.24415191814));
#5712 = CARTESIAN_POINT('',(4.2,-88.18918289965));
#5713 = CARTESIAN_POINT('',(4.2,-88.13728319859));
#5714 = CARTESIAN_POINT('',(4.2,-88.08845281497));
#5715 = CARTESIAN_POINT('',(4.2,-88.04269174877));
#5716 = CARTESIAN_POINT('',(4.200000000001,-87.26813186814));
#5717 = CARTESIAN_POINT('',(4.391613457113,-86.5366774762));
#5718 = CARTESIAN_POINT('',(4.775088526069,-85.84433334971));
#5719 = CARTESIAN_POINT('',(5.312322891368,-85.26115188047));
#5720 = CARTESIAN_POINT('',(5.886857819846,-84.66482895568));
#5721 = CARTESIAN_POINT('',(6.707276364121,-84.0849202419));
#5722 = CARTESIAN_POINT('',(7.545470131677,-83.53916698218));
#5723 = CARTESIAN_POINT('',(8.602645016687,-82.96780367057));
#5724 = CARTESIAN_POINT('',(9.745046814098,-82.42500413768));
#5725 = CARTESIAN_POINT('',(11.046107240097,-81.87246803396));
#5726 = CARTESIAN_POINT('',(12.477368739186,-81.32670510136));
#5727 = CARTESIAN_POINT('',(14.048186034187,-80.78151197961));
#5728 = CARTESIAN_POINT('',(15.815668132405,-80.219131312));
#5729 = CARTESIAN_POINT('',(15.873899190631,-80.20060324802));
#5730 = CARTESIAN_POINT('',(15.932130248858,-80.18207518404));
#5731 = CARTESIAN_POINT('',(15.990361307084,-80.16354712006));
#5732 = CARTESIAN_POINT('',(16.048592365311,-80.14501905608));
#5733 = CARTESIAN_POINT('',(16.106823423537,-80.1264909921));
#5734 = CARTESIAN_POINT('',(16.165054481764,-80.10796292812));
#5735 = CARTESIAN_POINT('',(16.22328553999,-80.08943486414));
#5736 = CARTESIAN_POINT('',(16.281516598217,-80.07090680016));
#5737 = CARTESIAN_POINT('',(16.339747656443,-80.05237873618));
#5738 = CARTESIAN_POINT('',(16.397978714669,-80.0338506722));
#5739 = CARTESIAN_POINT('',(16.456209772896,-80.01532260822));
#5740 = CARTESIAN_POINT('',(16.514440831122,-79.99679454423));
#5741 = ( GEOMETRIC_REPRESENTATION_CONTEXT(2) 
PARAMETRIC_REPRESENTATION_CONTEXT() REPRESENTATION_CONTEXT('2D SPACE',''
  ) );
#5742 = PCURVE('',#5743,#5858);
#5743 = ( BOUNDED_SURFACE() B_SPLINE_SURFACE(2,13,(
    (#5744,#5745,#5746,#5747,#5748,#5749,#5750,#5751,#5752,#5753,#5754
      ,#5755,#5756,#5757,#5758,#5759,#5760,#5761,#5762,#5763,#5764,#5765
      ,#5766,#5767,#5768,#5769,#5770,#5771,#5772,#5773,#5774,#5775,#5776
      ,#5777,#5778,#5779,#5780,#5781)
    ,(#5782,#5783,#5784,#5785,#5786,#5787,#5788,#5789,#5790,#5791,#5792
      ,#5793,#5794,#5795,#5796,#5797,#5798,#5799,#5800,#5801,#5802,#5803
      ,#5804,#5805,#5806,#5807,#5808,#5809,#5810,#5811,#5812,#5813,#5814
      ,#5815,#5816,#5817,#5818,#5819)
    ,(#5820,#5821,#5822,#5823,#5824,#5825,#5826,#5827,#5828,#5829,#5830
      ,#5831,#5832,#5833,#5834,#5835,#5836,#5837,#5838,#5839,#5840,#5841
      ,#5842,#5843,#5844,#5845,#5846,#5847,#5848,#5849,#5850,#5851,#5852
      ,#5853,#5854,#5855,#5856,#5857
)),.UNSPECIFIED.,.F.,.F.,.F.) B_SPLINE_SURFACE_WITH_KNOTS((3,3),(14,12,
    12,14),(0.,13.61845532117),(-0.794399493455,1.102405685648E-14,
    13.61845532117,14.082411197872),.UNSPECIFIED.) 
GEOMETRIC_REPRESENTATION_ITEM() RATIONAL_B_SPLINE_SURFACE((
    (1.,1.,1.,1.,1.,1.,1.,1.,1.,1.,1.,1.,1.,1.,1.,1.,1.,1.,1.,1.,1.,1.
      ,1.,1.,1.,1.,1.,1.,1.,1.,1.,1.,1.,1.,1.,1.,1.,1.)
    ,(0.707106781187,0.707106781187,0.707106781187,0.707106781187
      ,0.707106781187,0.707106781187,0.707106781187,0.707106781187
      ,0.707106781187,0.707106781187,0.707106781187,0.707106781187
      ,0.707106781187,0.707106781187,0.707106781186,0.707106781188
      ,0.707106781184,0.707106781191,0.707106781181,0.707106781192
      ,0.707106781182,0.707106781189,0.707106781185,0.707106781187
      ,0.707106781186,0.707106781187,0.707106781187,0.707106781187
      ,0.707106781187,0.707106781187,0.707106781187,0.707106781187
      ,0.707106781187,0.707106781187,0.707106781187,0.707106781187
      ,0.707106781187,0.707106781187)
    ,(1.,1.,1.,1.,1.,1.,1.,1.,1.,1.,1.,1.,1.,1.,1.,1.,1.,1.,1.,1.,1.,1.
      ,1.,1.,1.,1.,1.,1.,1.,1.,1.,1.,1.,1.,1.,1.,1.,1.
))) REPRESENTATION_ITEM('') SURFACE() );
#5744 = CARTESIAN_POINT('',(-9.,88.794399493455,4.2));
#5745 = CARTESIAN_POINT('',(-9.,88.714875935541,4.2));
#5746 = CARTESIAN_POINT('',(-9.,88.638421695055,4.2));
#5747 = CARTESIAN_POINT('',(-9.,88.565036771998,4.2));
#5748 = CARTESIAN_POINT('',(-9.,88.49472116637,4.2));
#5749 = CARTESIAN_POINT('',(-9.,88.42747487817,4.2));
#5750 = CARTESIAN_POINT('',(-9.,88.363297907399,4.2));
#5751 = CARTESIAN_POINT('',(-9.,88.302190254056,4.2));
#5752 = CARTESIAN_POINT('',(-9.,88.244151918142,4.2));
#5753 = CARTESIAN_POINT('',(-9.,88.189182899656,4.2));
#5754 = CARTESIAN_POINT('',(-9.,88.137283198599,4.2));
#5755 = CARTESIAN_POINT('',(-9.,88.088452814971,4.2));
#5756 = CARTESIAN_POINT('',(-9.,88.042691748771,4.2));
#5757 = CARTESIAN_POINT('',(-9.000000000001,87.268131868142,
    4.200000000001));
#5758 = CARTESIAN_POINT('',(-8.999999999995,86.536677476205,
    4.391613457113));
#5759 = CARTESIAN_POINT('',(-9.000000000015,85.84433334971,
    4.775088526069));
#5760 = CARTESIAN_POINT('',(-8.99999999997,85.261151880479,
    5.312322891368));
#5761 = CARTESIAN_POINT('',(-9.000000000047,84.664828955689,
    5.886857819846));
#5762 = CARTESIAN_POINT('',(-8.999999999942,84.0849202419,6.707276364121
    ));
#5763 = CARTESIAN_POINT('',(-9.000000000057,83.539166982188,
    7.545470131677));
#5764 = CARTESIAN_POINT('',(-8.999999999955,82.967803670578,
    8.602645016687));
#5765 = CARTESIAN_POINT('',(-9.000000000029,82.425004137683,
    9.745046814098));
#5766 = CARTESIAN_POINT('',(-8.999999999986,81.872468033961,
    11.046107240097));
#5767 = CARTESIAN_POINT('',(-9.000000000005,81.326705101365,
    12.477368739186));
#5768 = CARTESIAN_POINT('',(-8.999999999999,80.781511979613,
    14.048186034187));
#5769 = CARTESIAN_POINT('',(-9.,80.219131312009,15.815668132405));
#5770 = CARTESIAN_POINT('',(-9.,80.200603248028,15.873899190631));
#5771 = CARTESIAN_POINT('',(-9.,80.182075184047,15.932130248858));
#5772 = CARTESIAN_POINT('',(-9.,80.163547120066,15.990361307084));
#5773 = CARTESIAN_POINT('',(-9.,80.145019056085,16.048592365311));
#5774 = CARTESIAN_POINT('',(-9.,80.126490992105,16.106823423537));
#5775 = CARTESIAN_POINT('',(-9.,80.107962928124,16.165054481764));
#5776 = CARTESIAN_POINT('',(-9.,80.089434864143,16.22328553999));
#5777 = CARTESIAN_POINT('',(-9.,80.070906800162,16.281516598217));
#5778 = CARTESIAN_POINT('',(-9.,80.052378736181,16.339747656443));
#5779 = CARTESIAN_POINT('',(-9.,80.033850672201,16.397978714669));
#5780 = CARTESIAN_POINT('',(-9.,80.01532260822,16.456209772896));
#5781 = CARTESIAN_POINT('',(-9.,79.996794544239,16.514440831122));
#5782 = CARTESIAN_POINT('',(-9.,88.794399493455,4.999999999999));
#5783 = CARTESIAN_POINT('',(-9.,88.703594031962,4.999999999999));
#5784 = CARTESIAN_POINT('',(-9.,88.617738205161,4.999999999999));
#5785 = CARTESIAN_POINT('',(-9.,88.536832013051,4.999999999999));
#5786 = CARTESIAN_POINT('',(-9.,88.460875455634,5.));
#5787 = CARTESIAN_POINT('',(-9.,88.389868532908,5.));
#5788 = CARTESIAN_POINT('',(-9.,88.323811244873,5.));
#5789 = CARTESIAN_POINT('',(-9.,88.262703591531,5.));
#5790 = CARTESIAN_POINT('',(-9.,88.20654557288,5.));
#5791 = CARTESIAN_POINT('',(-9.,88.15533718892,5.));
#5792 = CARTESIAN_POINT('',(-9.,88.109078439653,5.));
#5793 = CARTESIAN_POINT('',(-9.,88.067769325077,5.));
#5794 = CARTESIAN_POINT('',(-9.,88.031409845193,5.));
#5795 = CARTESIAN_POINT('',(-9.,87.461538461538,5.000000000001));
#5796 = CARTESIAN_POINT('',(-9.,86.923076923078,5.141025641024));
#5797 = CARTESIAN_POINT('',(-9.,86.384615384614,5.423076923082));
#5798 = CARTESIAN_POINT('',(-9.000000000001,85.846153846154,
    5.846153846147));
#5799 = CARTESIAN_POINT('',(-8.999999999999,85.307692307696,
    6.410256410263));
#5800 = CARTESIAN_POINT('',(-9.000000000001,84.769230769222,
    7.115384615384));
#5801 = CARTESIAN_POINT('',(-8.999999999998,84.23076923078,
    7.961538461533));
#5802 = CARTESIAN_POINT('',(-9.000000000001,83.692307692297,
    8.948717948728));
#5803 = CARTESIAN_POINT('',(-8.999999999999,83.153846153854,
    10.076923076913));
#5804 = CARTESIAN_POINT('',(-9.,82.61538461538,11.346153846161));
#5805 = CARTESIAN_POINT('',(-9.,82.076923076925,12.756410256407));
#5806 = CARTESIAN_POINT('',(-9.,81.538461538461,14.307692307693));
#5807 = CARTESIAN_POINT('',(-9.,80.981655599754,16.057653829345));
#5808 = CARTESIAN_POINT('',(-9.,80.963280588885,16.115403863504));
#5809 = CARTESIAN_POINT('',(-9.,80.944874967394,16.173250102476));
#5810 = CARTESIAN_POINT('',(-9.,80.92643873528,16.231192546262));
#5811 = CARTESIAN_POINT('',(-9.,80.907971892544,16.289231194861));
#5812 = CARTESIAN_POINT('',(-9.,80.889474439186,16.347366048274));
#5813 = CARTESIAN_POINT('',(-9.,80.870946375204,16.4055971065));
#5814 = CARTESIAN_POINT('',(-9.,80.852387700601,16.46392436954));
#5815 = CARTESIAN_POINT('',(-9.,80.833798415375,16.522347837394));
#5816 = CARTESIAN_POINT('',(-9.,80.815178519526,16.580867510061));
#5817 = CARTESIAN_POINT('',(-9.,80.796528013055,16.639483387541));
#5818 = CARTESIAN_POINT('',(-9.,80.777846895962,16.698195469835));
#5819 = CARTESIAN_POINT('',(-9.,80.759135168246,16.757003756943));
#5820 = CARTESIAN_POINT('',(-8.2,88.794399493455,5.));
#5821 = CARTESIAN_POINT('',(-8.2,88.703594031961,5.));
#5822 = CARTESIAN_POINT('',(-8.2,88.61773820516,5.));
#5823 = CARTESIAN_POINT('',(-8.2,88.53683201305,5.));
#5824 = CARTESIAN_POINT('',(-8.2,88.460875455632,5.));
#5825 = CARTESIAN_POINT('',(-8.2,88.389868532906,5.));
#5826 = CARTESIAN_POINT('',(-8.2,88.323811244871,5.));
#5827 = CARTESIAN_POINT('',(-8.2,88.262703591528,5.));
#5828 = CARTESIAN_POINT('',(-8.2,88.206545572877,5.));
#5829 = CARTESIAN_POINT('',(-8.2,88.155337188918,5.));
#5830 = CARTESIAN_POINT('',(-8.2,88.109078439651,5.));
#5831 = CARTESIAN_POINT('',(-8.2,88.067769325076,5.));
#5832 = CARTESIAN_POINT('',(-8.2,88.031409845192,5.));
#5833 = CARTESIAN_POINT('',(-8.200000000001,87.461538461548,
    5.000000000001));
#5834 = CARTESIAN_POINT('',(-8.199999999996,86.92307692303,
    5.141025641022));
#5835 = CARTESIAN_POINT('',(-8.200000000013,86.384615384749,
    5.423076923087));
#5836 = CARTESIAN_POINT('',(-8.199999999974,85.846153845881,
    5.846153846134));
#5837 = CARTESIAN_POINT('',(-8.200000000041,85.307692308121,
    6.410256410287));
#5838 = CARTESIAN_POINT('',(-8.19999999995,84.769230768701,
    7.115384615347));
#5839 = CARTESIAN_POINT('',(-8.200000000049,84.230769231291,
    7.961538461576));
#5840 = CARTESIAN_POINT('',(-8.199999999961,83.692307691896,
    8.948717948688));
#5841 = CARTESIAN_POINT('',(-8.200000000025,83.153846154106,
    10.076923076943));
#5842 = CARTESIAN_POINT('',(-8.199999999988,82.615384615257,
    11.346153846144));
#5843 = CARTESIAN_POINT('',(-8.200000000004,82.076923076969,
    12.756410256414));
#5844 = CARTESIAN_POINT('',(-8.199999999999,81.538461538451,
    14.307692307691));
#5845 = CARTESIAN_POINT('',(-8.2,80.981655599754,16.057653829345));
#5846 = CARTESIAN_POINT('',(-8.2,80.963280588886,16.115403863504));
#5847 = CARTESIAN_POINT('',(-8.2,80.944874967395,16.173250102476));
#5848 = CARTESIAN_POINT('',(-8.2,80.926438735282,16.231192546262));
#5849 = CARTESIAN_POINT('',(-8.2,80.907971892546,16.289231194862));
#5850 = CARTESIAN_POINT('',(-8.2,80.889474439187,16.347366048275));
#5851 = CARTESIAN_POINT('',(-8.2,80.870946375207,16.405597106501));
#5852 = CARTESIAN_POINT('',(-8.2,80.852387700603,16.463924369541));
#5853 = CARTESIAN_POINT('',(-8.2,80.833798415378,16.522347837395));
#5854 = CARTESIAN_POINT('',(-8.2,80.815178519529,16.580867510062));
#5855 = CARTESIAN_POINT('',(-8.2,80.796528013059,16.639483387542));
#5856 = CARTESIAN_POINT('',(-8.2,80.777846895965,16.698195469836));
#5857 = CARTESIAN_POINT('',(-8.2,80.75913516825,16.757003756944));
#5858 = DEFINITIONAL_REPRESENTATION('',(#5859),#5863);
#5859 = LINE('',#5860,#5861);
#5860 = CARTESIAN_POINT('',(0.,0.));
#5861 = VECTOR('',#5862,1.);
#5862 = DIRECTION('',(0.,1.));
#5863 = ( GEOMETRIC_REPRESENTATION_CONTEXT(2) 
PARAMETRIC_REPRESENTATION_CONTEXT() REPRESENTATION_CONTEXT('2D SPACE',''
  ) );
#5864 = ORIENTED_EDGE('',*,*,#5865,.T.);
#5865 = EDGE_CURVE('',#5658,#5866,#5868,.T.);
#5866 = VERTEX_POINT('',#5867);
#5867 = CARTESIAN_POINT('',(-9.,81.,3.));
#5868 = SURFACE_CURVE('',#5869,(#5873,#5880),.PCURVE_S1.);
#5869 = LINE('',#5870,#5871);
#5870 = CARTESIAN_POINT('',(-9.,81.,16.));
#5871 = VECTOR('',#5872,1.);
#5872 = DIRECTION('',(0.,0.,-1.));
#5873 = PCURVE('',#2831,#5874);
#5874 = DEFINITIONAL_REPRESENTATION('',(#5875),#5879);
#5875 = LINE('',#5876,#5877);
#5876 = CARTESIAN_POINT('',(16.,-81.));
#5877 = VECTOR('',#5878,1.);
#5878 = DIRECTION('',(-1.,0.));
#5879 = ( GEOMETRIC_REPRESENTATION_CONTEXT(2) 
PARAMETRIC_REPRESENTATION_CONTEXT() REPRESENTATION_CONTEXT('2D SPACE',''
  ) );
#5880 = PCURVE('',#5881,#5886);
#5881 = PLANE('',#5882);
#5882 = AXIS2_PLACEMENT_3D('',#5883,#5884,#5885);
#5883 = CARTESIAN_POINT('',(-9.,81.,16.));
#5884 = DIRECTION('',(-0.,1.,0.));
#5885 = DIRECTION('',(0.,0.,-1.));
#5886 = DEFINITIONAL_REPRESENTATION('',(#5887),#5891);
#5887 = LINE('',#5888,#5889);
#5888 = CARTESIAN_POINT('',(0.,0.));
#5889 = VECTOR('',#5890,1.);
#5890 = DIRECTION('',(1.,0.));
#5891 = ( GEOMETRIC_REPRESENTATION_CONTEXT(2) 
PARAMETRIC_REPRESENTATION_CONTEXT() REPRESENTATION_CONTEXT('2D SPACE',''
  ) );
#5892 = ORIENTED_EDGE('',*,*,#5893,.T.);
#5893 = EDGE_CURVE('',#5866,#5894,#5896,.T.);
#5894 = VERTEX_POINT('',#5895);
#5895 = CARTESIAN_POINT('',(-9.,86.,3.));
#5896 = SURFACE_CURVE('',#5897,(#5901,#5908),.PCURVE_S1.);
#5897 = LINE('',#5898,#5899);
#5898 = CARTESIAN_POINT('',(-9.,81.,3.));
#5899 = VECTOR('',#5900,1.);
#5900 = DIRECTION('',(0.,1.,0.));
#5901 = PCURVE('',#2831,#5902);
#5902 = DEFINITIONAL_REPRESENTATION('',(#5903),#5907);
#5903 = LINE('',#5904,#5905);
#5904 = CARTESIAN_POINT('',(3.,-81.));
#5905 = VECTOR('',#5906,1.);
#5906 = DIRECTION('',(0.,-1.));
#5907 = ( GEOMETRIC_REPRESENTATION_CONTEXT(2) 
PARAMETRIC_REPRESENTATION_CONTEXT() REPRESENTATION_CONTEXT('2D SPACE',''
  ) );
#5908 = PCURVE('',#2962,#5909);
#5909 = DEFINITIONAL_REPRESENTATION('',(#5910),#5914);
#5910 = LINE('',#5911,#5912);
#5911 = CARTESIAN_POINT('',(0.,0.));
#5912 = VECTOR('',#5913,1.);
#5913 = DIRECTION('',(1.,0.));
#5914 = ( GEOMETRIC_REPRESENTATION_CONTEXT(2) 
PARAMETRIC_REPRESENTATION_CONTEXT() REPRESENTATION_CONTEXT('2D SPACE',''
  ) );
#5915 = ORIENTED_EDGE('',*,*,#5916,.F.);
#5916 = EDGE_CURVE('',#2816,#5894,#5917,.T.);
#5917 = SURFACE_CURVE('',#5918,(#5922,#5929),.PCURVE_S1.);
#5918 = LINE('',#5919,#5920);
#5919 = CARTESIAN_POINT('',(-9.,86.,2.));
#5920 = VECTOR('',#5921,1.);
#5921 = DIRECTION('',(0.,0.,1.));
#5922 = PCURVE('',#2831,#5923);
#5923 = DEFINITIONAL_REPRESENTATION('',(#5924),#5928);
#5924 = LINE('',#5925,#5926);
#5925 = CARTESIAN_POINT('',(2.,-86.));
#5926 = VECTOR('',#5927,1.);
#5927 = DIRECTION('',(1.,0.));
#5928 = ( GEOMETRIC_REPRESENTATION_CONTEXT(2) 
PARAMETRIC_REPRESENTATION_CONTEXT() REPRESENTATION_CONTEXT('2D SPACE',''
  ) );
#5929 = PCURVE('',#2989,#5930);
#5930 = DEFINITIONAL_REPRESENTATION('',(#5931),#5935);
#5931 = LINE('',#5932,#5933);
#5932 = CARTESIAN_POINT('',(0.,0.));
#5933 = VECTOR('',#5934,1.);
#5934 = DIRECTION('',(1.,0.));
#5935 = ( GEOMETRIC_REPRESENTATION_CONTEXT(2) 
PARAMETRIC_REPRESENTATION_CONTEXT() REPRESENTATION_CONTEXT('2D SPACE',''
  ) );
#5936 = ORIENTED_EDGE('',*,*,#2813,.F.);
#5937 = ADVANCED_FACE('',(#5938),#2989,.T.);
#5938 = FACE_BOUND('',#5939,.T.);
#5939 = EDGE_LOOP('',(#5940,#5941,#5942));
#5940 = ORIENTED_EDGE('',*,*,#5916,.F.);
#5941 = ORIENTED_EDGE('',*,*,#2974,.T.);
#5942 = ORIENTED_EDGE('',*,*,#5943,.F.);
#5943 = EDGE_CURVE('',#5894,#2947,#5944,.T.);
#5944 = SURFACE_CURVE('',#5945,(#5949,#5956),.PCURVE_S1.);
#5945 = LINE('',#5946,#5947);
#5946 = CARTESIAN_POINT('',(-9.,86.,3.));
#5947 = VECTOR('',#5948,1.);
#5948 = DIRECTION('',(1.,0.,0.));
#5949 = PCURVE('',#2989,#5950);
#5950 = DEFINITIONAL_REPRESENTATION('',(#5951),#5955);
#5951 = LINE('',#5952,#5953);
#5952 = CARTESIAN_POINT('',(1.,0.));
#5953 = VECTOR('',#5954,1.);
#5954 = DIRECTION('',(0.,-1.));
#5955 = ( GEOMETRIC_REPRESENTATION_CONTEXT(2) 
PARAMETRIC_REPRESENTATION_CONTEXT() REPRESENTATION_CONTEXT('2D SPACE',''
  ) );
#5956 = PCURVE('',#2962,#5957);
#5957 = DEFINITIONAL_REPRESENTATION('',(#5958),#5962);
#5958 = LINE('',#5959,#5960);
#5959 = CARTESIAN_POINT('',(5.,0.));
#5960 = VECTOR('',#5961,1.);
#5961 = DIRECTION('',(0.,-1.));
#5962 = ( GEOMETRIC_REPRESENTATION_CONTEXT(2) 
PARAMETRIC_REPRESENTATION_CONTEXT() REPRESENTATION_CONTEXT('2D SPACE',''
  ) );
#5963 = ADVANCED_FACE('',(#5964),#2962,.F.);
#5964 = FACE_BOUND('',#5965,.F.);
#5965 = EDGE_LOOP('',(#5966,#5967,#5988,#5989));
#5966 = ORIENTED_EDGE('',*,*,#5893,.F.);
#5967 = ORIENTED_EDGE('',*,*,#5968,.T.);
#5968 = EDGE_CURVE('',#5866,#2919,#5969,.T.);
#5969 = SURFACE_CURVE('',#5970,(#5974,#5981),.PCURVE_S1.);
#5970 = LINE('',#5971,#5972);
#5971 = CARTESIAN_POINT('',(-9.,81.,3.));
#5972 = VECTOR('',#5973,1.);
#5973 = DIRECTION('',(1.,0.,0.));
#5974 = PCURVE('',#2962,#5975);
#5975 = DEFINITIONAL_REPRESENTATION('',(#5976),#5980);
#5976 = LINE('',#5977,#5978);
#5977 = CARTESIAN_POINT('',(0.,0.));
#5978 = VECTOR('',#5979,1.);
#5979 = DIRECTION('',(0.,-1.));
#5980 = ( GEOMETRIC_REPRESENTATION_CONTEXT(2) 
PARAMETRIC_REPRESENTATION_CONTEXT() REPRESENTATION_CONTEXT('2D SPACE',''
  ) );
#5981 = PCURVE('',#5881,#5982);
#5982 = DEFINITIONAL_REPRESENTATION('',(#5983),#5987);
#5983 = LINE('',#5984,#5985);
#5984 = CARTESIAN_POINT('',(13.,0.));
#5985 = VECTOR('',#5986,1.);
#5986 = DIRECTION('',(0.,-1.));
#5987 = ( GEOMETRIC_REPRESENTATION_CONTEXT(2) 
PARAMETRIC_REPRESENTATION_CONTEXT() REPRESENTATION_CONTEXT('2D SPACE',''
  ) );
#5988 = ORIENTED_EDGE('',*,*,#2946,.T.);
#5989 = ORIENTED_EDGE('',*,*,#5943,.F.);
#5990 = ADVANCED_FACE('',(#5991),#2934,.T.);
#5991 = FACE_BOUND('',#5992,.T.);
#5992 = EDGE_LOOP('',(#5993,#5994,#6022));
#5993 = ORIENTED_EDGE('',*,*,#2918,.F.);
#5994 = ORIENTED_EDGE('',*,*,#5995,.T.);
#5995 = EDGE_CURVE('',#2896,#5996,#5998,.T.);
#5996 = VERTEX_POINT('',#5997);
#5997 = CARTESIAN_POINT('',(-7.6,81.,3.));
#5998 = SURFACE_CURVE('',#5999,(#6004,#6015),.PCURVE_S1.);
#5999 = CIRCLE('',#6000,1.4);
#6000 = AXIS2_PLACEMENT_3D('',#6001,#6002,#6003);
#6001 = CARTESIAN_POINT('',(-7.6,79.6,3.));
#6002 = DIRECTION('',(0.,0.,-1.));
#6003 = DIRECTION('',(0.,1.,0.));
#6004 = PCURVE('',#2934,#6005);
#6005 = DEFINITIONAL_REPRESENTATION('',(#6006),#6014);
#6006 = ( BOUNDED_CURVE() B_SPLINE_CURVE(2,(#6007,#6008,#6009,#6010,
#6011,#6012,#6013),.UNSPECIFIED.,.T.,.F.) B_SPLINE_CURVE_WITH_KNOTS((1,2
    ,2,2,2,1),(-2.094395102393,0.,2.094395102393,4.188790204786,
6.28318530718,8.377580409573),.UNSPECIFIED.) CURVE() 
GEOMETRIC_REPRESENTATION_ITEM() RATIONAL_B_SPLINE_CURVE((1.,0.5,1.,0.5,
1.,0.5,1.)) REPRESENTATION_ITEM('') );
#6007 = CARTESIAN_POINT('',(1.4,81.));
#6008 = CARTESIAN_POINT('',(3.824871130596,81.));
#6009 = CARTESIAN_POINT('',(2.612435565298,78.9));
#6010 = CARTESIAN_POINT('',(1.4,76.8));
#6011 = CARTESIAN_POINT('',(0.187564434702,78.9));
#6012 = CARTESIAN_POINT('',(-1.024871130596,81.));
#6013 = CARTESIAN_POINT('',(1.4,81.));
#6014 = ( GEOMETRIC_REPRESENTATION_CONTEXT(2) 
PARAMETRIC_REPRESENTATION_CONTEXT() REPRESENTATION_CONTEXT('2D SPACE',''
  ) );
#6015 = PCURVE('',#4446,#6016);
#6016 = DEFINITIONAL_REPRESENTATION('',(#6017),#6021);
#6017 = LINE('',#6018,#6019);
#6018 = CARTESIAN_POINT('',(-4.712388980385,13.));
#6019 = VECTOR('',#6020,1.);
#6020 = DIRECTION('',(1.,0.));
#6021 = ( GEOMETRIC_REPRESENTATION_CONTEXT(2) 
PARAMETRIC_REPRESENTATION_CONTEXT() REPRESENTATION_CONTEXT('2D SPACE',''
  ) );
#6022 = ORIENTED_EDGE('',*,*,#6023,.F.);
#6023 = EDGE_CURVE('',#2919,#5996,#6024,.T.);
#6024 = SURFACE_CURVE('',#6025,(#6029,#6036),.PCURVE_S1.);
#6025 = LINE('',#6026,#6027);
#6026 = CARTESIAN_POINT('',(-9.,81.,3.));
#6027 = VECTOR('',#6028,1.);
#6028 = DIRECTION('',(1.,0.,0.));
#6029 = PCURVE('',#2934,#6030);
#6030 = DEFINITIONAL_REPRESENTATION('',(#6031),#6035);
#6031 = LINE('',#6032,#6033);
#6032 = CARTESIAN_POINT('',(0.,81.));
#6033 = VECTOR('',#6034,1.);
#6034 = DIRECTION('',(1.,0.));
#6035 = ( GEOMETRIC_REPRESENTATION_CONTEXT(2) 
PARAMETRIC_REPRESENTATION_CONTEXT() REPRESENTATION_CONTEXT('2D SPACE',''
  ) );
#6036 = PCURVE('',#5881,#6037);
#6037 = DEFINITIONAL_REPRESENTATION('',(#6038),#6042);
#6038 = LINE('',#6039,#6040);
#6039 = CARTESIAN_POINT('',(13.,0.));
#6040 = VECTOR('',#6041,1.);
#6041 = DIRECTION('',(0.,-1.));
#6042 = ( GEOMETRIC_REPRESENTATION_CONTEXT(2) 
PARAMETRIC_REPRESENTATION_CONTEXT() REPRESENTATION_CONTEXT('2D SPACE',''
  ) );
#6043 = ADVANCED_FACE('',(#6044),#2880,.F.);
#6044 = FACE_BOUND('',#6045,.F.);
#6045 = EDGE_LOOP('',(#6046,#6067,#6068,#6069));
#6046 = ORIENTED_EDGE('',*,*,#6047,.F.);
#6047 = EDGE_CURVE('',#3916,#3015,#6048,.T.);
#6048 = SURFACE_CURVE('',#6049,(#6053,#6060),.PCURVE_S1.);
#6049 = LINE('',#6050,#6051);
#6050 = CARTESIAN_POINT('',(-9.,51.,3.));
#6051 = VECTOR('',#6052,1.);
#6052 = DIRECTION('',(0.,1.,0.));
#6053 = PCURVE('',#2880,#6054);
#6054 = DEFINITIONAL_REPRESENTATION('',(#6055),#6059);
#6055 = LINE('',#6056,#6057);
#6056 = CARTESIAN_POINT('',(0.,0.));
#6057 = VECTOR('',#6058,1.);
#6058 = DIRECTION('',(0.,1.));
#6059 = ( GEOMETRIC_REPRESENTATION_CONTEXT(2) 
PARAMETRIC_REPRESENTATION_CONTEXT() REPRESENTATION_CONTEXT('2D SPACE',''
  ) );
#6060 = PCURVE('',#3032,#6061);
#6061 = DEFINITIONAL_REPRESENTATION('',(#6062),#6066);
#6062 = LINE('',#6063,#6064);
#6063 = CARTESIAN_POINT('',(0.,0.));
#6064 = VECTOR('',#6065,1.);
#6065 = DIRECTION('',(0.,-1.));
#6066 = ( GEOMETRIC_REPRESENTATION_CONTEXT(2) 
PARAMETRIC_REPRESENTATION_CONTEXT() REPRESENTATION_CONTEXT('2D SPACE',''
  ) );
#6067 = ORIENTED_EDGE('',*,*,#3940,.T.);
#6068 = ORIENTED_EDGE('',*,*,#2866,.T.);
#6069 = ORIENTED_EDGE('',*,*,#3044,.F.);
#6070 = ADVANCED_FACE('',(#6071),#3032,.F.);
#6071 = FACE_BOUND('',#6072,.F.);
#6072 = EDGE_LOOP('',(#6073,#6074,#6075,#6076));
#6073 = ORIENTED_EDGE('',*,*,#3915,.F.);
#6074 = ORIENTED_EDGE('',*,*,#6047,.T.);
#6075 = ORIENTED_EDGE('',*,*,#3014,.T.);
#6076 = ORIENTED_EDGE('',*,*,#6077,.F.);
#6077 = EDGE_CURVE('',#3918,#3017,#6078,.T.);
#6078 = SURFACE_CURVE('',#6079,(#6083,#6090),.PCURVE_S1.);
#6079 = LINE('',#6080,#6081);
#6080 = CARTESIAN_POINT('',(-9.,52.5,5.6));
#6081 = VECTOR('',#6082,1.);
#6082 = DIRECTION('',(0.,1.,0.));
#6083 = PCURVE('',#3032,#6084);
#6084 = DEFINITIONAL_REPRESENTATION('',(#6085),#6089);
#6085 = LINE('',#6086,#6087);
#6086 = CARTESIAN_POINT('',(2.6,-1.5));
#6087 = VECTOR('',#6088,1.);
#6088 = DIRECTION('',(0.,-1.));
#6089 = ( GEOMETRIC_REPRESENTATION_CONTEXT(2) 
PARAMETRIC_REPRESENTATION_CONTEXT() REPRESENTATION_CONTEXT('2D SPACE',''
  ) );
#6090 = PCURVE('',#6091,#6096);
#6091 = CYLINDRICAL_SURFACE('',#6092,0.4);
#6092 = AXIS2_PLACEMENT_3D('',#6093,#6094,#6095);
#6093 = CARTESIAN_POINT('',(-8.6,52.5,5.6));
#6094 = DIRECTION('',(0.,1.,0.));
#6095 = DIRECTION('',(-1.,0.,0.));
#6096 = DEFINITIONAL_REPRESENTATION('',(#6097),#6101);
#6097 = LINE('',#6098,#6099);
#6098 = CARTESIAN_POINT('',(0.,0.));
#6099 = VECTOR('',#6100,1.);
#6100 = DIRECTION('',(0.,1.));
#6101 = ( GEOMETRIC_REPRESENTATION_CONTEXT(2) 
PARAMETRIC_REPRESENTATION_CONTEXT() REPRESENTATION_CONTEXT('2D SPACE',''
  ) );
#6102 = ADVANCED_FACE('',(#6103),#3109,.T.);
#6103 = FACE_BOUND('',#6104,.F.);
#6104 = EDGE_LOOP('',(#6105,#6129,#6130,#6154));
#6105 = ORIENTED_EDGE('',*,*,#6106,.F.);
#6106 = EDGE_CURVE('',#3017,#6107,#6109,.T.);
#6107 = VERTEX_POINT('',#6108);
#6108 = CARTESIAN_POINT('',(-8.6,55.5,6.));
#6109 = SURFACE_CURVE('',#6110,(#6115,#6122),.PCURVE_S1.);
#6110 = CIRCLE('',#6111,0.4);
#6111 = AXIS2_PLACEMENT_3D('',#6112,#6113,#6114);
#6112 = CARTESIAN_POINT('',(-8.6,55.5,5.6));
#6113 = DIRECTION('',(0.,1.,0.));
#6114 = DIRECTION('',(-1.,0.,0.));
#6115 = PCURVE('',#3109,#6116);
#6116 = DEFINITIONAL_REPRESENTATION('',(#6117),#6121);
#6117 = LINE('',#6118,#6119);
#6118 = CARTESIAN_POINT('',(-0.,0.));
#6119 = VECTOR('',#6120,1.);
#6120 = DIRECTION('',(-0.,1.));
#6121 = ( GEOMETRIC_REPRESENTATION_CONTEXT(2) 
PARAMETRIC_REPRESENTATION_CONTEXT() REPRESENTATION_CONTEXT('2D SPACE',''
  ) );
#6122 = PCURVE('',#6091,#6123);
#6123 = DEFINITIONAL_REPRESENTATION('',(#6124),#6128);
#6124 = LINE('',#6125,#6126);
#6125 = CARTESIAN_POINT('',(0.,3.));
#6126 = VECTOR('',#6127,1.);
#6127 = DIRECTION('',(1.,0.));
#6128 = ( GEOMETRIC_REPRESENTATION_CONTEXT(2) 
PARAMETRIC_REPRESENTATION_CONTEXT() REPRESENTATION_CONTEXT('2D SPACE',''
  ) );
#6129 = ORIENTED_EDGE('',*,*,#3094,.T.);
#6130 = ORIENTED_EDGE('',*,*,#6131,.T.);
#6131 = EDGE_CURVE('',#3072,#6132,#6134,.T.);
#6132 = VERTEX_POINT('',#6133);
#6133 = CARTESIAN_POINT('',(-7.5,56.6,6.));
#6134 = SURFACE_CURVE('',#6135,(#6140,#6147),.PCURVE_S1.);
#6135 = CIRCLE('',#6136,0.4);
#6136 = AXIS2_PLACEMENT_3D('',#6137,#6138,#6139);
#6137 = CARTESIAN_POINT('',(-7.5,56.6,5.6));
#6138 = DIRECTION('',(1.,6.123233995737E-17,-0.));
#6139 = DIRECTION('',(-6.123233995737E-17,1.,0.));
#6140 = PCURVE('',#3109,#6141);
#6141 = DEFINITIONAL_REPRESENTATION('',(#6142),#6146);
#6142 = LINE('',#6143,#6144);
#6143 = CARTESIAN_POINT('',(-1.570796326795,0.));
#6144 = VECTOR('',#6145,1.);
#6145 = DIRECTION('',(-0.,1.));
#6146 = ( GEOMETRIC_REPRESENTATION_CONTEXT(2) 
PARAMETRIC_REPRESENTATION_CONTEXT() REPRESENTATION_CONTEXT('2D SPACE',''
  ) );
#6147 = PCURVE('',#3141,#6148);
#6148 = DEFINITIONAL_REPRESENTATION('',(#6149),#6153);
#6149 = LINE('',#6150,#6151);
#6150 = CARTESIAN_POINT('',(0.,0.));
#6151 = VECTOR('',#6152,1.);
#6152 = DIRECTION('',(1.,0.));
#6153 = ( GEOMETRIC_REPRESENTATION_CONTEXT(2) 
PARAMETRIC_REPRESENTATION_CONTEXT() REPRESENTATION_CONTEXT('2D SPACE',''
  ) );
#6154 = ORIENTED_EDGE('',*,*,#6155,.F.);
#6155 = EDGE_CURVE('',#6107,#6132,#6156,.T.);
#6156 = SURFACE_CURVE('',#6157,(#6162,#6169),.PCURVE_S1.);
#6157 = CIRCLE('',#6158,1.1);
#6158 = AXIS2_PLACEMENT_3D('',#6159,#6160,#6161);
#6159 = CARTESIAN_POINT('',(-7.5,55.5,6.));
#6160 = DIRECTION('',(-0.,0.,-1.));
#6161 = DIRECTION('',(-1.,0.,0.));
#6162 = PCURVE('',#3109,#6163);
#6163 = DEFINITIONAL_REPRESENTATION('',(#6164),#6168);
#6164 = LINE('',#6165,#6166);
#6165 = CARTESIAN_POINT('',(-0.,1.570796326795));
#6166 = VECTOR('',#6167,1.);
#6167 = DIRECTION('',(-1.,0.));
#6168 = ( GEOMETRIC_REPRESENTATION_CONTEXT(2) 
PARAMETRIC_REPRESENTATION_CONTEXT() REPRESENTATION_CONTEXT('2D SPACE',''
  ) );
#6169 = PCURVE('',#6170,#6175);
#6170 = PLANE('',#6171);
#6171 = AXIS2_PLACEMENT_3D('',#6172,#6173,#6174);
#6172 = CARTESIAN_POINT('',(-9.,51.,6.));
#6173 = DIRECTION('',(0.,0.,1.));
#6174 = DIRECTION('',(1.,0.,0.));
#6175 = DEFINITIONAL_REPRESENTATION('',(#6176),#6184);
#6176 = ( BOUNDED_CURVE() B_SPLINE_CURVE(2,(#6177,#6178,#6179,#6180,
#6181,#6182,#6183),.UNSPECIFIED.,.T.,.F.) B_SPLINE_CURVE_WITH_KNOTS((1,2
    ,2,2,2,1),(-2.094395102393,0.,2.094395102393,4.188790204786,
6.28318530718,8.377580409573),.UNSPECIFIED.) CURVE() 
GEOMETRIC_REPRESENTATION_ITEM() RATIONAL_B_SPLINE_CURVE((1.,0.5,1.,0.5,
1.,0.5,1.)) REPRESENTATION_ITEM('') );
#6177 = CARTESIAN_POINT('',(0.4,4.5));
#6178 = CARTESIAN_POINT('',(0.4,6.405255888326));
#6179 = CARTESIAN_POINT('',(2.05,5.452627944163));
#6180 = CARTESIAN_POINT('',(3.7,4.5));
#6181 = CARTESIAN_POINT('',(2.05,3.547372055837));
#6182 = CARTESIAN_POINT('',(0.4,2.594744111674));
#6183 = CARTESIAN_POINT('',(0.4,4.5));
#6184 = ( GEOMETRIC_REPRESENTATION_CONTEXT(2) 
PARAMETRIC_REPRESENTATION_CONTEXT() REPRESENTATION_CONTEXT('2D SPACE',''
  ) );
#6185 = ADVANCED_FACE('',(#6186),#3141,.T.);
#6186 = FACE_BOUND('',#6187,.T.);
#6187 = EDGE_LOOP('',(#6188,#6189,#6212,#6234));
#6188 = ORIENTED_EDGE('',*,*,#6131,.T.);
#6189 = ORIENTED_EDGE('',*,*,#6190,.T.);
#6190 = EDGE_CURVE('',#6132,#6191,#6193,.T.);
#6191 = VERTEX_POINT('',#6192);
#6192 = CARTESIAN_POINT('',(-4.5,56.6,6.));
#6193 = SURFACE_CURVE('',#6194,(#6198,#6205),.PCURVE_S1.);
#6194 = LINE('',#6195,#6196);
#6195 = CARTESIAN_POINT('',(-7.5,56.6,6.));
#6196 = VECTOR('',#6197,1.);
#6197 = DIRECTION('',(1.,0.,0.));
#6198 = PCURVE('',#3141,#6199);
#6199 = DEFINITIONAL_REPRESENTATION('',(#6200),#6204);
#6200 = LINE('',#6201,#6202);
#6201 = CARTESIAN_POINT('',(1.570796326795,0.));
#6202 = VECTOR('',#6203,1.);
#6203 = DIRECTION('',(0.,1.));
#6204 = ( GEOMETRIC_REPRESENTATION_CONTEXT(2) 
PARAMETRIC_REPRESENTATION_CONTEXT() REPRESENTATION_CONTEXT('2D SPACE',''
  ) );
#6205 = PCURVE('',#6170,#6206);
#6206 = DEFINITIONAL_REPRESENTATION('',(#6207),#6211);
#6207 = LINE('',#6208,#6209);
#6208 = CARTESIAN_POINT('',(1.5,5.6));
#6209 = VECTOR('',#6210,1.);
#6210 = DIRECTION('',(1.,0.));
#6211 = ( GEOMETRIC_REPRESENTATION_CONTEXT(2) 
PARAMETRIC_REPRESENTATION_CONTEXT() REPRESENTATION_CONTEXT('2D SPACE',''
  ) );
#6212 = ORIENTED_EDGE('',*,*,#6213,.F.);
#6213 = EDGE_CURVE('',#3126,#6191,#6214,.T.);
#6214 = SURFACE_CURVE('',#6215,(#6220,#6227),.PCURVE_S1.);
#6215 = CIRCLE('',#6216,0.4);
#6216 = AXIS2_PLACEMENT_3D('',#6217,#6218,#6219);
#6217 = CARTESIAN_POINT('',(-4.5,56.6,5.6));
#6218 = DIRECTION('',(1.,0.,0.));
#6219 = DIRECTION('',(-0.,1.,0.));
#6220 = PCURVE('',#3141,#6221);
#6221 = DEFINITIONAL_REPRESENTATION('',(#6222),#6226);
#6222 = LINE('',#6223,#6224);
#6223 = CARTESIAN_POINT('',(0.,3.));
#6224 = VECTOR('',#6225,1.);
#6225 = DIRECTION('',(1.,0.));
#6226 = ( GEOMETRIC_REPRESENTATION_CONTEXT(2) 
PARAMETRIC_REPRESENTATION_CONTEXT() REPRESENTATION_CONTEXT('2D SPACE',''
  ) );
#6227 = PCURVE('',#3468,#6228);
#6228 = DEFINITIONAL_REPRESENTATION('',(#6229),#6233);
#6229 = LINE('',#6230,#6231);
#6230 = CARTESIAN_POINT('',(-0.,0.));
#6231 = VECTOR('',#6232,1.);
#6232 = DIRECTION('',(-0.,1.));
#6233 = ( GEOMETRIC_REPRESENTATION_CONTEXT(2) 
PARAMETRIC_REPRESENTATION_CONTEXT() REPRESENTATION_CONTEXT('2D SPACE',''
  ) );
#6234 = ORIENTED_EDGE('',*,*,#3125,.F.);
#6235 = ADVANCED_FACE('',(#6236),#3196,.T.);
#6236 = FACE_BOUND('',#6237,.T.);
#6237 = EDGE_LOOP('',(#6238,#6261,#6289,#6317,#6345,#6373,#6401,#6429,
    #6457,#6485,#6518,#6726,#6754,#6777,#6798));
#6238 = ORIENTED_EDGE('',*,*,#6239,.F.);
#6239 = EDGE_CURVE('',#6240,#3181,#6242,.T.);
#6240 = VERTEX_POINT('',#6241);
#6241 = CARTESIAN_POINT('',(9.,4.,0.2));
#6242 = SURFACE_CURVE('',#6243,(#6247,#6254),.PCURVE_S1.);
#6243 = LINE('',#6244,#6245);
#6244 = CARTESIAN_POINT('',(9.,4.,0.));
#6245 = VECTOR('',#6246,1.);
#6246 = DIRECTION('',(0.,0.,1.));
#6247 = PCURVE('',#3196,#6248);
#6248 = DEFINITIONAL_REPRESENTATION('',(#6249),#6253);
#6249 = LINE('',#6250,#6251);
#6250 = CARTESIAN_POINT('',(0.,-4.));
#6251 = VECTOR('',#6252,1.);
#6252 = DIRECTION('',(1.,0.));
#6253 = ( GEOMETRIC_REPRESENTATION_CONTEXT(2) 
PARAMETRIC_REPRESENTATION_CONTEXT() REPRESENTATION_CONTEXT('2D SPACE',''
  ) );
#6254 = PCURVE('',#4313,#6255);
#6255 = DEFINITIONAL_REPRESENTATION('',(#6256),#6260);
#6256 = LINE('',#6257,#6258);
#6257 = CARTESIAN_POINT('',(-0.,0.));
#6258 = VECTOR('',#6259,1.);
#6259 = DIRECTION('',(-0.,1.));
#6260 = ( GEOMETRIC_REPRESENTATION_CONTEXT(2) 
PARAMETRIC_REPRESENTATION_CONTEXT() REPRESENTATION_CONTEXT('2D SPACE',''
  ) );
#6261 = ORIENTED_EDGE('',*,*,#6262,.F.);
#6262 = EDGE_CURVE('',#6263,#6240,#6265,.T.);
#6263 = VERTEX_POINT('',#6264);
#6264 = CARTESIAN_POINT('',(9.,18.9,0.2));
#6265 = SURFACE_CURVE('',#6266,(#6270,#6277),.PCURVE_S1.);
#6266 = LINE('',#6267,#6268);
#6267 = CARTESIAN_POINT('',(9.,94.,0.2));
#6268 = VECTOR('',#6269,1.);
#6269 = DIRECTION('',(-0.,-1.,-0.));
#6270 = PCURVE('',#3196,#6271);
#6271 = DEFINITIONAL_REPRESENTATION('',(#6272),#6276);
#6272 = LINE('',#6273,#6274);
#6273 = CARTESIAN_POINT('',(0.2,-94.));
#6274 = VECTOR('',#6275,1.);
#6275 = DIRECTION('',(0.,1.));
#6276 = ( GEOMETRIC_REPRESENTATION_CONTEXT(2) 
PARAMETRIC_REPRESENTATION_CONTEXT() REPRESENTATION_CONTEXT('2D SPACE',''
  ) );
#6277 = PCURVE('',#6278,#6283);
#6278 = CYLINDRICAL_SURFACE('',#6279,0.2);
#6279 = AXIS2_PLACEMENT_3D('',#6280,#6281,#6282);
#6280 = CARTESIAN_POINT('',(8.8,94.,0.2));
#6281 = DIRECTION('',(-0.,-1.,-0.));
#6282 = DIRECTION('',(1.,0.,-0.));
#6283 = DEFINITIONAL_REPRESENTATION('',(#6284),#6288);
#6284 = LINE('',#6285,#6286);
#6285 = CARTESIAN_POINT('',(-0.,0.));
#6286 = VECTOR('',#6287,1.);
#6287 = DIRECTION('',(-0.,1.));
#6288 = ( GEOMETRIC_REPRESENTATION_CONTEXT(2) 
PARAMETRIC_REPRESENTATION_CONTEXT() REPRESENTATION_CONTEXT('2D SPACE',''
  ) );
#6289 = ORIENTED_EDGE('',*,*,#6290,.T.);
#6290 = EDGE_CURVE('',#6263,#6291,#6293,.T.);
#6291 = VERTEX_POINT('',#6292);
#6292 = CARTESIAN_POINT('',(9.,18.9,1.2));
#6293 = SURFACE_CURVE('',#6294,(#6298,#6305),.PCURVE_S1.);
#6294 = LINE('',#6295,#6296);
#6295 = CARTESIAN_POINT('',(9.,18.9,0.));
#6296 = VECTOR('',#6297,1.);
#6297 = DIRECTION('',(0.,0.,1.));
#6298 = PCURVE('',#3196,#6299);
#6299 = DEFINITIONAL_REPRESENTATION('',(#6300),#6304);
#6300 = LINE('',#6301,#6302);
#6301 = CARTESIAN_POINT('',(0.,-18.9));
#6302 = VECTOR('',#6303,1.);
#6303 = DIRECTION('',(1.,0.));
#6304 = ( GEOMETRIC_REPRESENTATION_CONTEXT(2) 
PARAMETRIC_REPRESENTATION_CONTEXT() REPRESENTATION_CONTEXT('2D SPACE',''
  ) );
#6305 = PCURVE('',#6306,#6311);
#6306 = PLANE('',#6307);
#6307 = AXIS2_PLACEMENT_3D('',#6308,#6309,#6310);
#6308 = CARTESIAN_POINT('',(0.,18.9,0.));
#6309 = DIRECTION('',(0.,1.,0.));
#6310 = DIRECTION('',(0.,0.,1.));
#6311 = DEFINITIONAL_REPRESENTATION('',(#6312),#6316);
#6312 = LINE('',#6313,#6314);
#6313 = CARTESIAN_POINT('',(0.,9.));
#6314 = VECTOR('',#6315,1.);
#6315 = DIRECTION('',(1.,0.));
#6316 = ( GEOMETRIC_REPRESENTATION_CONTEXT(2) 
PARAMETRIC_REPRESENTATION_CONTEXT() REPRESENTATION_CONTEXT('2D SPACE',''
  ) );
#6317 = ORIENTED_EDGE('',*,*,#6318,.T.);
#6318 = EDGE_CURVE('',#6291,#6319,#6321,.T.);
#6319 = VERTEX_POINT('',#6320);
#6320 = CARTESIAN_POINT('',(9.,21.1,1.2));
#6321 = SURFACE_CURVE('',#6322,(#6326,#6333),.PCURVE_S1.);
#6322 = LINE('',#6323,#6324);
#6323 = CARTESIAN_POINT('',(9.,18.9,1.2));
#6324 = VECTOR('',#6325,1.);
#6325 = DIRECTION('',(0.,1.,0.));
#6326 = PCURVE('',#3196,#6327);
#6327 = DEFINITIONAL_REPRESENTATION('',(#6328),#6332);
#6328 = LINE('',#6329,#6330);
#6329 = CARTESIAN_POINT('',(1.2,-18.9));
#6330 = VECTOR('',#6331,1.);
#6331 = DIRECTION('',(0.,-1.));
#6332 = ( GEOMETRIC_REPRESENTATION_CONTEXT(2) 
PARAMETRIC_REPRESENTATION_CONTEXT() REPRESENTATION_CONTEXT('2D SPACE',''
  ) );
#6333 = PCURVE('',#6334,#6339);
#6334 = PLANE('',#6335);
#6335 = AXIS2_PLACEMENT_3D('',#6336,#6337,#6338);
#6336 = CARTESIAN_POINT('',(0.,18.9,1.2));
#6337 = DIRECTION('',(0.,0.,1.));
#6338 = DIRECTION('',(1.,0.,0.));
#6339 = DEFINITIONAL_REPRESENTATION('',(#6340),#6344);
#6340 = LINE('',#6341,#6342);
#6341 = CARTESIAN_POINT('',(9.,0.));
#6342 = VECTOR('',#6343,1.);
#6343 = DIRECTION('',(0.,1.));
#6344 = ( GEOMETRIC_REPRESENTATION_CONTEXT(2) 
PARAMETRIC_REPRESENTATION_CONTEXT() REPRESENTATION_CONTEXT('2D SPACE',''
  ) );
#6345 = ORIENTED_EDGE('',*,*,#6346,.F.);
#6346 = EDGE_CURVE('',#6347,#6319,#6349,.T.);
#6347 = VERTEX_POINT('',#6348);
#6348 = CARTESIAN_POINT('',(9.,21.1,0.2));
#6349 = SURFACE_CURVE('',#6350,(#6354,#6361),.PCURVE_S1.);
#6350 = LINE('',#6351,#6352);
#6351 = CARTESIAN_POINT('',(9.,21.1,0.));
#6352 = VECTOR('',#6353,1.);
#6353 = DIRECTION('',(0.,0.,1.));
#6354 = PCURVE('',#3196,#6355);
#6355 = DEFINITIONAL_REPRESENTATION('',(#6356),#6360);
#6356 = LINE('',#6357,#6358);
#6357 = CARTESIAN_POINT('',(0.,-21.1));
#6358 = VECTOR('',#6359,1.);
#6359 = DIRECTION('',(1.,0.));
#6360 = ( GEOMETRIC_REPRESENTATION_CONTEXT(2) 
PARAMETRIC_REPRESENTATION_CONTEXT() REPRESENTATION_CONTEXT('2D SPACE',''
  ) );
#6361 = PCURVE('',#6362,#6367);
#6362 = PLANE('',#6363);
#6363 = AXIS2_PLACEMENT_3D('',#6364,#6365,#6366);
#6364 = CARTESIAN_POINT('',(0.,21.1,0.));
#6365 = DIRECTION('',(0.,1.,0.));
#6366 = DIRECTION('',(0.,0.,1.));
#6367 = DEFINITIONAL_REPRESENTATION('',(#6368),#6372);
#6368 = LINE('',#6369,#6370);
#6369 = CARTESIAN_POINT('',(0.,9.));
#6370 = VECTOR('',#6371,1.);
#6371 = DIRECTION('',(1.,0.));
#6372 = ( GEOMETRIC_REPRESENTATION_CONTEXT(2) 
PARAMETRIC_REPRESENTATION_CONTEXT() REPRESENTATION_CONTEXT('2D SPACE',''
  ) );
#6373 = ORIENTED_EDGE('',*,*,#6374,.F.);
#6374 = EDGE_CURVE('',#6375,#6347,#6377,.T.);
#6375 = VERTEX_POINT('',#6376);
#6376 = CARTESIAN_POINT('',(9.,94.,0.2));
#6377 = SURFACE_CURVE('',#6378,(#6382,#6389),.PCURVE_S1.);
#6378 = LINE('',#6379,#6380);
#6379 = CARTESIAN_POINT('',(9.,94.,0.2));
#6380 = VECTOR('',#6381,1.);
#6381 = DIRECTION('',(-0.,-1.,-0.));
#6382 = PCURVE('',#3196,#6383);
#6383 = DEFINITIONAL_REPRESENTATION('',(#6384),#6388);
#6384 = LINE('',#6385,#6386);
#6385 = CARTESIAN_POINT('',(0.2,-94.));
#6386 = VECTOR('',#6387,1.);
#6387 = DIRECTION('',(0.,1.));
#6388 = ( GEOMETRIC_REPRESENTATION_CONTEXT(2) 
PARAMETRIC_REPRESENTATION_CONTEXT() REPRESENTATION_CONTEXT('2D SPACE',''
  ) );
#6389 = PCURVE('',#6390,#6395);
#6390 = CYLINDRICAL_SURFACE('',#6391,0.2);
#6391 = AXIS2_PLACEMENT_3D('',#6392,#6393,#6394);
#6392 = CARTESIAN_POINT('',(8.8,94.,0.2));
#6393 = DIRECTION('',(-0.,-1.,-0.));
#6394 = DIRECTION('',(1.,0.,-0.));
#6395 = DEFINITIONAL_REPRESENTATION('',(#6396),#6400);
#6396 = LINE('',#6397,#6398);
#6397 = CARTESIAN_POINT('',(-0.,0.));
#6398 = VECTOR('',#6399,1.);
#6399 = DIRECTION('',(-0.,1.));
#6400 = ( GEOMETRIC_REPRESENTATION_CONTEXT(2) 
PARAMETRIC_REPRESENTATION_CONTEXT() REPRESENTATION_CONTEXT('2D SPACE',''
  ) );
#6401 = ORIENTED_EDGE('',*,*,#6402,.T.);
#6402 = EDGE_CURVE('',#6375,#6403,#6405,.T.);
#6403 = VERTEX_POINT('',#6404);
#6404 = CARTESIAN_POINT('',(9.,94.,4.1));
#6405 = SURFACE_CURVE('',#6406,(#6410,#6417),.PCURVE_S1.);
#6406 = LINE('',#6407,#6408);
#6407 = CARTESIAN_POINT('',(9.,94.,0.2));
#6408 = VECTOR('',#6409,1.);
#6409 = DIRECTION('',(0.,0.,1.));
#6410 = PCURVE('',#3196,#6411);
#6411 = DEFINITIONAL_REPRESENTATION('',(#6412),#6416);
#6412 = LINE('',#6413,#6414);
#6413 = CARTESIAN_POINT('',(0.2,-94.));
#6414 = VECTOR('',#6415,1.);
#6415 = DIRECTION('',(1.,0.));
#6416 = ( GEOMETRIC_REPRESENTATION_CONTEXT(2) 
PARAMETRIC_REPRESENTATION_CONTEXT() REPRESENTATION_CONTEXT('2D SPACE',''
  ) );
#6417 = PCURVE('',#6418,#6423);
#6418 = CYLINDRICAL_SURFACE('',#6419,4.);
#6419 = AXIS2_PLACEMENT_3D('',#6420,#6421,#6422);
#6420 = CARTESIAN_POINT('',(5.,94.,0.));
#6421 = DIRECTION('',(0.,0.,1.));
#6422 = DIRECTION('',(1.,0.,-0.));
#6423 = DEFINITIONAL_REPRESENTATION('',(#6424),#6428);
#6424 = LINE('',#6425,#6426);
#6425 = CARTESIAN_POINT('',(0.,0.2));
#6426 = VECTOR('',#6427,1.);
#6427 = DIRECTION('',(0.,1.));
#6428 = ( GEOMETRIC_REPRESENTATION_CONTEXT(2) 
PARAMETRIC_REPRESENTATION_CONTEXT() REPRESENTATION_CONTEXT('2D SPACE',''
  ) );
#6429 = ORIENTED_EDGE('',*,*,#6430,.F.);
#6430 = EDGE_CURVE('',#6431,#6403,#6433,.T.);
#6431 = VERTEX_POINT('',#6432);
#6432 = CARTESIAN_POINT('',(9.,88.,4.1));
#6433 = SURFACE_CURVE('',#6434,(#6438,#6445),.PCURVE_S1.);
#6434 = LINE('',#6435,#6436);
#6435 = CARTESIAN_POINT('',(9.,88.,4.1));
#6436 = VECTOR('',#6437,1.);
#6437 = DIRECTION('',(0.,1.,0.));
#6438 = PCURVE('',#3196,#6439);
#6439 = DEFINITIONAL_REPRESENTATION('',(#6440),#6444);
#6440 = LINE('',#6441,#6442);
#6441 = CARTESIAN_POINT('',(4.1,-88.));
#6442 = VECTOR('',#6443,1.);
#6443 = DIRECTION('',(0.,-1.));
#6444 = ( GEOMETRIC_REPRESENTATION_CONTEXT(2) 
PARAMETRIC_REPRESENTATION_CONTEXT() REPRESENTATION_CONTEXT('2D SPACE',''
  ) );
#6445 = PCURVE('',#6446,#6451);
#6446 = CYLINDRICAL_SURFACE('',#6447,0.9);
#6447 = AXIS2_PLACEMENT_3D('',#6448,#6449,#6450);
#6448 = CARTESIAN_POINT('',(8.1,88.,4.1));
#6449 = DIRECTION('',(0.,1.,0.));
#6450 = DIRECTION('',(0.,-0.,1.));
#6451 = DEFINITIONAL_REPRESENTATION('',(#6452),#6456);
#6452 = LINE('',#6453,#6454);
#6453 = CARTESIAN_POINT('',(1.570796326795,0.));
#6454 = VECTOR('',#6455,1.);
#6455 = DIRECTION('',(0.,1.));
#6456 = ( GEOMETRIC_REPRESENTATION_CONTEXT(2) 
PARAMETRIC_REPRESENTATION_CONTEXT() REPRESENTATION_CONTEXT('2D SPACE',''
  ) );
#6457 = ORIENTED_EDGE('',*,*,#6458,.T.);
#6458 = EDGE_CURVE('',#6431,#6459,#6461,.T.);
#6459 = VERTEX_POINT('',#6460);
#6460 = CARTESIAN_POINT('',(9.,88.,5.));
#6461 = SURFACE_CURVE('',#6462,(#6466,#6473),.PCURVE_S1.);
#6462 = LINE('',#6463,#6464);
#6463 = CARTESIAN_POINT('',(9.,88.,4.1));
#6464 = VECTOR('',#6465,1.);
#6465 = DIRECTION('',(0.,0.,1.));
#6466 = PCURVE('',#3196,#6467);
#6467 = DEFINITIONAL_REPRESENTATION('',(#6468),#6472);
#6468 = LINE('',#6469,#6470);
#6469 = CARTESIAN_POINT('',(4.1,-88.));
#6470 = VECTOR('',#6471,1.);
#6471 = DIRECTION('',(1.,0.));
#6472 = ( GEOMETRIC_REPRESENTATION_CONTEXT(2) 
PARAMETRIC_REPRESENTATION_CONTEXT() REPRESENTATION_CONTEXT('2D SPACE',''
  ) );
#6473 = PCURVE('',#6474,#6479);
#6474 = PLANE('',#6475);
#6475 = AXIS2_PLACEMENT_3D('',#6476,#6477,#6478);
#6476 = CARTESIAN_POINT('',(8.1,88.,4.1));
#6477 = DIRECTION('',(0.,1.,0.));
#6478 = DIRECTION('',(0.,0.,1.));
#6479 = DEFINITIONAL_REPRESENTATION('',(#6480),#6484);
#6480 = LINE('',#6481,#6482);
#6481 = CARTESIAN_POINT('',(0.,0.9));
#6482 = VECTOR('',#6483,1.);
#6483 = DIRECTION('',(1.,0.));
#6484 = ( GEOMETRIC_REPRESENTATION_CONTEXT(2) 
PARAMETRIC_REPRESENTATION_CONTEXT() REPRESENTATION_CONTEXT('2D SPACE',''
  ) );
#6485 = ORIENTED_EDGE('',*,*,#6486,.F.);
#6486 = EDGE_CURVE('',#6487,#6459,#6489,.T.);
#6487 = VERTEX_POINT('',#6488);
#6488 = CARTESIAN_POINT('',(9.,87.205977979208,4.304597457284));
#6489 = SURFACE_CURVE('',#6490,(#6495,#6503),.PCURVE_S1.);
#6490 = B_SPLINE_CURVE_WITH_KNOTS('',3,(#6491,#6492,#6493,#6494),
  .UNSPECIFIED.,.F.,.F.,(4,4),(0.,1.),.PIECEWISE_BEZIER_KNOTS.);
#6491 = CARTESIAN_POINT('',(9.,86.,3.));
#6492 = CARTESIAN_POINT('',(9.,86.666666666667,3.));
#6493 = CARTESIAN_POINT('',(9.,87.333333333333,5.));
#6494 = CARTESIAN_POINT('',(9.,88.,5.));
#6495 = PCURVE('',#3196,#6496);
#6496 = DEFINITIONAL_REPRESENTATION('',(#6497),#6502);
#6497 = B_SPLINE_CURVE_WITH_KNOTS('',3,(#6498,#6499,#6500,#6501),
  .UNSPECIFIED.,.F.,.F.,(4,4),(0.,1.),.PIECEWISE_BEZIER_KNOTS.);
#6498 = CARTESIAN_POINT('',(3.,-86.));
#6499 = CARTESIAN_POINT('',(3.,-86.66666666666));
#6500 = CARTESIAN_POINT('',(5.,-87.33333333333));
#6501 = CARTESIAN_POINT('',(5.,-88.));
#6502 = ( GEOMETRIC_REPRESENTATION_CONTEXT(2) 
PARAMETRIC_REPRESENTATION_CONTEXT() REPRESENTATION_CONTEXT('2D SPACE',''
  ) );
#6503 = PCURVE('',#6504,#6512);
#6504 = SURFACE_OF_LINEAR_EXTRUSION('',#6505,#6510);
#6505 = B_SPLINE_CURVE_WITH_KNOTS('',3,(#6506,#6507,#6508,#6509),
  .UNSPECIFIED.,.F.,.F.,(4,4),(0.,1.),.PIECEWISE_BEZIER_KNOTS.);
#6506 = CARTESIAN_POINT('',(-9.,86.,3.));
#6507 = CARTESIAN_POINT('',(-9.,86.666666666667,3.));
#6508 = CARTESIAN_POINT('',(-9.,87.333333333333,5.));
#6509 = CARTESIAN_POINT('',(-9.,88.,5.));
#6510 = VECTOR('',#6511,1.);
#6511 = DIRECTION('',(-1.,-0.,-0.));
#6512 = DEFINITIONAL_REPRESENTATION('',(#6513),#6517);
#6513 = LINE('',#6514,#6515);
#6514 = CARTESIAN_POINT('',(0.,-18.));
#6515 = VECTOR('',#6516,1.);
#6516 = DIRECTION('',(1.,0.));
#6517 = ( GEOMETRIC_REPRESENTATION_CONTEXT(2) 
PARAMETRIC_REPRESENTATION_CONTEXT() REPRESENTATION_CONTEXT('2D SPACE',''
  ) );
#6518 = ORIENTED_EDGE('',*,*,#6519,.T.);
#6519 = EDGE_CURVE('',#6487,#6520,#6522,.T.);
#6520 = VERTEX_POINT('',#6521);
#6521 = CARTESIAN_POINT('',(9.,81.,13.490543144937));
#6522 = SURFACE_CURVE('',#6523,(#6562,#6604),.PCURVE_S1.);
#6523 = B_SPLINE_CURVE_WITH_KNOTS('',13,(#6524,#6525,#6526,#6527,#6528,
    #6529,#6530,#6531,#6532,#6533,#6534,#6535,#6536,#6537,#6538,#6539,
    #6540,#6541,#6542,#6543,#6544,#6545,#6546,#6547,#6548,#6549,#6550,
    #6551,#6552,#6553,#6554,#6555,#6556,#6557,#6558,#6559,#6560,#6561),
  .UNSPECIFIED.,.F.,.F.,(14,12,12,14),(-0.794399493455,
    1.102405685648E-14,13.61845532117,14.082411197871),.UNSPECIFIED.);
#6524 = CARTESIAN_POINT('',(9.,88.794399493455,4.2));
#6525 = CARTESIAN_POINT('',(9.,88.714875935541,4.2));
#6526 = CARTESIAN_POINT('',(9.,88.638421695056,4.2));
#6527 = CARTESIAN_POINT('',(9.,88.565036771999,4.2));
#6528 = CARTESIAN_POINT('',(9.,88.49472116637,4.2));
#6529 = CARTESIAN_POINT('',(9.,88.427474878171,4.2));
#6530 = CARTESIAN_POINT('',(9.,88.363297907399,4.2));
#6531 = CARTESIAN_POINT('',(9.,88.302190254057,4.2));
#6532 = CARTESIAN_POINT('',(9.,88.244151918143,4.2));
#6533 = CARTESIAN_POINT('',(9.,88.189182899657,4.2));
#6534 = CARTESIAN_POINT('',(9.,88.1372831986,4.2));
#6535 = CARTESIAN_POINT('',(9.,88.088452814971,4.2));
#6536 = CARTESIAN_POINT('',(9.,88.042691748771,4.2));
#6537 = CARTESIAN_POINT('',(9.000000000001,87.268131868139,
    4.200000000001));
#6538 = CARTESIAN_POINT('',(8.999999999997,86.53667747622,4.391613457113
    ));
#6539 = CARTESIAN_POINT('',(9.00000000001,85.844333349669,4.775088526069
    ));
#6540 = CARTESIAN_POINT('',(8.99999999998,85.261151880559,5.312322891368
    ));
#6541 = CARTESIAN_POINT('',(9.000000000033,84.66482895557,5.886857819847
    ));
#6542 = CARTESIAN_POINT('',(8.999999999958,84.084920242035,
    6.707276364117));
#6543 = CARTESIAN_POINT('',(9.000000000042,83.53916698207,7.545470131683
    ));
#6544 = CARTESIAN_POINT('',(8.999999999965,82.967803670659,
    8.602645016681));
#6545 = CARTESIAN_POINT('',(9.000000000023,82.425004137639,
    9.745046814102));
#6546 = CARTESIAN_POINT('',(8.999999999989,81.872468033981,
    11.046107240095));
#6547 = CARTESIAN_POINT('',(9.000000000004,81.326705101358,
    12.477368739187));
#6548 = CARTESIAN_POINT('',(8.999999999999,80.781511979614,
    14.048186034187));
#6549 = CARTESIAN_POINT('',(9.,80.219131312009,15.815668132405));
#6550 = CARTESIAN_POINT('',(9.,80.200603248028,15.873899190631));
#6551 = CARTESIAN_POINT('',(9.,80.182075184047,15.932130248858));
#6552 = CARTESIAN_POINT('',(9.,80.163547120066,15.990361307084));
#6553 = CARTESIAN_POINT('',(9.,80.145019056085,16.048592365311));
#6554 = CARTESIAN_POINT('',(9.,80.126490992104,16.106823423537));
#6555 = CARTESIAN_POINT('',(9.,80.107962928124,16.165054481764));
#6556 = CARTESIAN_POINT('',(9.,80.089434864143,16.22328553999));
#6557 = CARTESIAN_POINT('',(9.,80.070906800162,16.281516598216));
#6558 = CARTESIAN_POINT('',(9.,80.052378736181,16.339747656443));
#6559 = CARTESIAN_POINT('',(9.,80.0338506722,16.397978714669));
#6560 = CARTESIAN_POINT('',(9.,80.015322608219,16.456209772896));
#6561 = CARTESIAN_POINT('',(9.,79.996794544238,16.514440831122));
#6562 = PCURVE('',#3196,#6563);
#6563 = DEFINITIONAL_REPRESENTATION('',(#6564),#6603);
#6564 = B_SPLINE_CURVE_WITH_KNOTS('',13,(#6565,#6566,#6567,#6568,#6569,
    #6570,#6571,#6572,#6573,#6574,#6575,#6576,#6577,#6578,#6579,#6580,
    #6581,#6582,#6583,#6584,#6585,#6586,#6587,#6588,#6589,#6590,#6591,
    #6592,#6593,#6594,#6595,#6596,#6597,#6598,#6599,#6600,#6601,#6602),
  .UNSPECIFIED.,.F.,.F.,(14,12,12,14),(-0.794399493455,
    1.102405685648E-14,13.61845532117,14.082411197871),.UNSPECIFIED.);
#6565 = CARTESIAN_POINT('',(4.2,-88.79439949345));
#6566 = CARTESIAN_POINT('',(4.2,-88.71487593554));
#6567 = CARTESIAN_POINT('',(4.2,-88.63842169505));
#6568 = CARTESIAN_POINT('',(4.2,-88.56503677199));
#6569 = CARTESIAN_POINT('',(4.2,-88.49472116637));
#6570 = CARTESIAN_POINT('',(4.2,-88.42747487817));
#6571 = CARTESIAN_POINT('',(4.2,-88.36329790739));
#6572 = CARTESIAN_POINT('',(4.2,-88.30219025405));
#6573 = CARTESIAN_POINT('',(4.2,-88.24415191814));
#6574 = CARTESIAN_POINT('',(4.2,-88.18918289965));
#6575 = CARTESIAN_POINT('',(4.2,-88.1372831986));
#6576 = CARTESIAN_POINT('',(4.2,-88.08845281497));
#6577 = CARTESIAN_POINT('',(4.2,-88.04269174877));
#6578 = CARTESIAN_POINT('',(4.200000000001,-87.26813186813));
#6579 = CARTESIAN_POINT('',(4.391613457113,-86.53667747622));
#6580 = CARTESIAN_POINT('',(4.775088526069,-85.84433334966));
#6581 = CARTESIAN_POINT('',(5.312322891368,-85.26115188055));
#6582 = CARTESIAN_POINT('',(5.886857819847,-84.66482895557));
#6583 = CARTESIAN_POINT('',(6.707276364117,-84.08492024203));
#6584 = CARTESIAN_POINT('',(7.545470131683,-83.53916698207));
#6585 = CARTESIAN_POINT('',(8.602645016681,-82.96780367065));
#6586 = CARTESIAN_POINT('',(9.745046814102,-82.42500413763));
#6587 = CARTESIAN_POINT('',(11.046107240095,-81.87246803398));
#6588 = CARTESIAN_POINT('',(12.477368739187,-81.32670510135));
#6589 = CARTESIAN_POINT('',(14.048186034187,-80.78151197961));
#6590 = CARTESIAN_POINT('',(15.815668132405,-80.219131312));
#6591 = CARTESIAN_POINT('',(15.873899190631,-80.20060324802));
#6592 = CARTESIAN_POINT('',(15.932130248858,-80.18207518404));
#6593 = CARTESIAN_POINT('',(15.990361307084,-80.16354712006));
#6594 = CARTESIAN_POINT('',(16.048592365311,-80.14501905608));
#6595 = CARTESIAN_POINT('',(16.106823423537,-80.1264909921));
#6596 = CARTESIAN_POINT('',(16.165054481764,-80.10796292812));
#6597 = CARTESIAN_POINT('',(16.22328553999,-80.08943486414));
#6598 = CARTESIAN_POINT('',(16.281516598216,-80.07090680016));
#6599 = CARTESIAN_POINT('',(16.339747656443,-80.05237873618));
#6600 = CARTESIAN_POINT('',(16.397978714669,-80.0338506722));
#6601 = CARTESIAN_POINT('',(16.456209772896,-80.01532260821));
#6602 = CARTESIAN_POINT('',(16.514440831122,-79.99679454423));
#6603 = ( GEOMETRIC_REPRESENTATION_CONTEXT(2) 
PARAMETRIC_REPRESENTATION_CONTEXT() REPRESENTATION_CONTEXT('2D SPACE',''
  ) );
#6604 = PCURVE('',#6605,#6720);
#6605 = ( BOUNDED_SURFACE() B_SPLINE_SURFACE(2,13,(
    (#6606,#6607,#6608,#6609,#6610,#6611,#6612,#6613,#6614,#6615,#6616
      ,#6617,#6618,#6619,#6620,#6621,#6622,#6623,#6624,#6625,#6626,#6627
      ,#6628,#6629,#6630,#6631,#6632,#6633,#6634,#6635,#6636,#6637,#6638
      ,#6639,#6640,#6641,#6642,#6643)
    ,(#6644,#6645,#6646,#6647,#6648,#6649,#6650,#6651,#6652,#6653,#6654
      ,#6655,#6656,#6657,#6658,#6659,#6660,#6661,#6662,#6663,#6664,#6665
      ,#6666,#6667,#6668,#6669,#6670,#6671,#6672,#6673,#6674,#6675,#6676
      ,#6677,#6678,#6679,#6680,#6681)
    ,(#6682,#6683,#6684,#6685,#6686,#6687,#6688,#6689,#6690,#6691,#6692
      ,#6693,#6694,#6695,#6696,#6697,#6698,#6699,#6700,#6701,#6702,#6703
      ,#6704,#6705,#6706,#6707,#6708,#6709,#6710,#6711,#6712,#6713,#6714
      ,#6715,#6716,#6717,#6718,#6719
)),.UNSPECIFIED.,.F.,.F.,.F.) B_SPLINE_SURFACE_WITH_KNOTS((3,3),(14,12,
    12,14),(0.,13.61845532117),(-0.794399493455,1.102405685648E-14,
    13.61845532117,14.082411197871),.UNSPECIFIED.) 
GEOMETRIC_REPRESENTATION_ITEM() RATIONAL_B_SPLINE_SURFACE((
    (1.,1.,1.,1.,1.,1.,1.,1.,1.,1.,1.,1.,1.,1.,1.,1.,1.,1.,1.,1.,1.,1.
      ,1.,1.,1.,1.,1.,1.,1.,1.,1.,1.,1.,1.,1.,1.,1.,1.)
    ,(0.707106781187,0.707106781187,0.707106781187,0.707106781187
      ,0.707106781187,0.707106781187,0.707106781187,0.707106781187
      ,0.707106781187,0.707106781187,0.707106781187,0.707106781187
      ,0.707106781187,0.707106781187,0.707106781187,0.707106781187
      ,0.707106781187,0.707106781187,0.707106781186,0.707106781187
      ,0.707106781186,0.707106781187,0.707106781187,0.707106781187
      ,0.707106781187,0.707106781187,0.707106781187,0.707106781187
      ,0.707106781187,0.707106781187,0.707106781187,0.707106781187
      ,0.707106781187,0.707106781187,0.707106781187,0.707106781187
      ,0.707106781187,0.707106781187)
    ,(1.,1.,1.,1.,1.,1.,1.,1.,1.,1.,1.,1.,1.,1.,1.,1.,1.,1.,1.,1.,1.,1.
      ,1.,1.,1.,1.,1.,1.,1.,1.,1.,1.,1.,1.,1.,1.,1.,1.
))) REPRESENTATION_ITEM('') SURFACE() );
#6606 = CARTESIAN_POINT('',(9.,88.794399493455,4.2));
#6607 = CARTESIAN_POINT('',(9.,88.714875935541,4.2));
#6608 = CARTESIAN_POINT('',(9.,88.638421695056,4.2));
#6609 = CARTESIAN_POINT('',(9.,88.565036771999,4.2));
#6610 = CARTESIAN_POINT('',(9.,88.49472116637,4.2));
#6611 = CARTESIAN_POINT('',(9.,88.427474878171,4.2));
#6612 = CARTESIAN_POINT('',(9.,88.363297907399,4.2));
#6613 = CARTESIAN_POINT('',(9.,88.302190254057,4.2));
#6614 = CARTESIAN_POINT('',(9.,88.244151918143,4.2));
#6615 = CARTESIAN_POINT('',(9.,88.189182899657,4.2));
#6616 = CARTESIAN_POINT('',(9.,88.1372831986,4.2));
#6617 = CARTESIAN_POINT('',(9.,88.088452814971,4.2));
#6618 = CARTESIAN_POINT('',(9.,88.042691748771,4.2));
#6619 = CARTESIAN_POINT('',(9.000000000001,87.268131868139,
    4.200000000001));
#6620 = CARTESIAN_POINT('',(8.999999999997,86.53667747622,4.391613457113
    ));
#6621 = CARTESIAN_POINT('',(9.00000000001,85.844333349669,4.775088526069
    ));
#6622 = CARTESIAN_POINT('',(8.99999999998,85.261151880559,5.312322891368
    ));
#6623 = CARTESIAN_POINT('',(9.000000000033,84.66482895557,5.886857819847
    ));
#6624 = CARTESIAN_POINT('',(8.999999999958,84.084920242035,
    6.707276364117));
#6625 = CARTESIAN_POINT('',(9.000000000042,83.53916698207,7.545470131683
    ));
#6626 = CARTESIAN_POINT('',(8.999999999965,82.967803670659,
    8.602645016681));
#6627 = CARTESIAN_POINT('',(9.000000000023,82.425004137639,
    9.745046814102));
#6628 = CARTESIAN_POINT('',(8.999999999989,81.872468033981,
    11.046107240095));
#6629 = CARTESIAN_POINT('',(9.000000000004,81.326705101358,
    12.477368739187));
#6630 = CARTESIAN_POINT('',(8.999999999999,80.781511979614,
    14.048186034187));
#6631 = CARTESIAN_POINT('',(9.,80.219131312009,15.815668132405));
#6632 = CARTESIAN_POINT('',(9.,80.200603248028,15.873899190631));
#6633 = CARTESIAN_POINT('',(9.,80.182075184047,15.932130248858));
#6634 = CARTESIAN_POINT('',(9.,80.163547120066,15.990361307084));
#6635 = CARTESIAN_POINT('',(9.,80.145019056085,16.048592365311));
#6636 = CARTESIAN_POINT('',(9.,80.126490992104,16.106823423537));
#6637 = CARTESIAN_POINT('',(9.,80.107962928124,16.165054481764));
#6638 = CARTESIAN_POINT('',(9.,80.089434864143,16.22328553999));
#6639 = CARTESIAN_POINT('',(9.,80.070906800162,16.281516598216));
#6640 = CARTESIAN_POINT('',(9.,80.052378736181,16.339747656443));
#6641 = CARTESIAN_POINT('',(9.,80.0338506722,16.397978714669));
#6642 = CARTESIAN_POINT('',(9.,80.015322608219,16.456209772896));
#6643 = CARTESIAN_POINT('',(9.,79.996794544238,16.514440831122));
#6644 = CARTESIAN_POINT('',(9.,88.794399493455,5.));
#6645 = CARTESIAN_POINT('',(9.,88.703594031962,5.));
#6646 = CARTESIAN_POINT('',(9.,88.617738205161,5.));
#6647 = CARTESIAN_POINT('',(9.,88.536832013051,5.));
#6648 = CARTESIAN_POINT('',(9.,88.460875455634,5.));
#6649 = CARTESIAN_POINT('',(9.,88.389868532907,5.));
#6650 = CARTESIAN_POINT('',(9.,88.323811244873,5.));
#6651 = CARTESIAN_POINT('',(9.,88.26270359153,5.));
#6652 = CARTESIAN_POINT('',(9.,88.206545572879,5.));
#6653 = CARTESIAN_POINT('',(9.,88.15533718892,5.));
#6654 = CARTESIAN_POINT('',(9.,88.109078439653,5.));
#6655 = CARTESIAN_POINT('',(9.,88.067769325077,5.));
#6656 = CARTESIAN_POINT('',(9.,88.031409845192,5.));
#6657 = CARTESIAN_POINT('',(9.,87.461538461538,5.));
#6658 = CARTESIAN_POINT('',(9.,86.923076923077,5.141025641026));
#6659 = CARTESIAN_POINT('',(9.,86.384615384617,5.423076923075));
#6660 = CARTESIAN_POINT('',(9.,85.846153846148,5.846153846157));
#6661 = CARTESIAN_POINT('',(9.000000000001,85.307692307705,
    6.410256410251));
#6662 = CARTESIAN_POINT('',(8.999999999998,84.769230769213,
    7.115384615391));
#6663 = CARTESIAN_POINT('',(9.000000000002,84.230769230787,
    7.961538461533));
#6664 = CARTESIAN_POINT('',(8.999999999999,83.692307692295,
    8.948717948722));
#6665 = CARTESIAN_POINT('',(9.000000000001,83.153846153853,
    10.07692307692));
#6666 = CARTESIAN_POINT('',(9.,82.615384615382,11.346153846155));
#6667 = CARTESIAN_POINT('',(9.,82.076923076924,12.75641025641));
#6668 = CARTESIAN_POINT('',(9.,81.538461538461,14.307692307692));
#6669 = CARTESIAN_POINT('',(9.,80.981655599754,16.057653829345));
#6670 = CARTESIAN_POINT('',(9.,80.963280588885,16.115403863504));
#6671 = CARTESIAN_POINT('',(9.,80.944874967394,16.173250102476));
#6672 = CARTESIAN_POINT('',(9.,80.92643873528,16.231192546262));
#6673 = CARTESIAN_POINT('',(9.,80.907971892544,16.289231194861));
#6674 = CARTESIAN_POINT('',(9.,80.889474439185,16.347366048274));
#6675 = CARTESIAN_POINT('',(9.,80.870946375204,16.4055971065));
#6676 = CARTESIAN_POINT('',(9.,80.852387700601,16.46392436954));
#6677 = CARTESIAN_POINT('',(9.,80.833798415375,16.522347837394));
#6678 = CARTESIAN_POINT('',(9.,80.815178519526,16.580867510061));
#6679 = CARTESIAN_POINT('',(9.,80.796528013055,16.639483387541));
#6680 = CARTESIAN_POINT('',(9.,80.777846895962,16.698195469835));
#6681 = CARTESIAN_POINT('',(9.,80.759135168246,16.757003756943));
#6682 = CARTESIAN_POINT('',(8.2,88.794399493455,5.));
#6683 = CARTESIAN_POINT('',(8.2,88.703594031962,5.));
#6684 = CARTESIAN_POINT('',(8.2,88.61773820516,5.));
#6685 = CARTESIAN_POINT('',(8.2,88.53683201305,5.));
#6686 = CARTESIAN_POINT('',(8.2,88.460875455632,5.));
#6687 = CARTESIAN_POINT('',(8.2,88.389868532906,5.));
#6688 = CARTESIAN_POINT('',(8.2,88.323811244872,5.));
#6689 = CARTESIAN_POINT('',(8.2,88.262703591529,5.));
#6690 = CARTESIAN_POINT('',(8.2,88.206545572878,5.));
#6691 = CARTESIAN_POINT('',(8.2,88.155337188919,5.));
#6692 = CARTESIAN_POINT('',(8.2,88.109078439652,5.));
#6693 = CARTESIAN_POINT('',(8.2,88.067769325076,5.));
#6694 = CARTESIAN_POINT('',(8.2,88.031409845192,5.));
#6695 = CARTESIAN_POINT('',(8.200000000001,87.461538461545,
    5.000000000001));
#6696 = CARTESIAN_POINT('',(8.199999999997,86.923076923045,
    5.141025641023));
#6697 = CARTESIAN_POINT('',(8.200000000009,86.384615384708,
    5.423076923084));
#6698 = CARTESIAN_POINT('',(8.199999999981,85.846153845963,5.84615384614
    ));
#6699 = CARTESIAN_POINT('',(8.200000000031,85.307692307999,
    6.410256410279));
#6700 = CARTESIAN_POINT('',(8.199999999961,84.769230768839,
    7.115384615355));
#6701 = CARTESIAN_POINT('',(8.20000000004,84.230769231171,7.96153846157)
  );
#6702 = CARTESIAN_POINT('',(8.199999999967,83.692307691979,
    8.948717948691));
#6703 = CARTESIAN_POINT('',(8.200000000021,83.15384615406,
    10.076923076941));
#6704 = CARTESIAN_POINT('',(8.199999999989,82.615384615277,
    11.346153846144));
#6705 = CARTESIAN_POINT('',(8.200000000004,82.076923076962,
    12.756410256414));
#6706 = CARTESIAN_POINT('',(8.199999999999,81.538461538453,
    14.307692307692));
#6707 = CARTESIAN_POINT('',(8.2,80.981655599754,16.057653829345));
#6708 = CARTESIAN_POINT('',(8.2,80.963280588886,16.115403863504));
#6709 = CARTESIAN_POINT('',(8.2,80.944874967395,16.173250102476));
#6710 = CARTESIAN_POINT('',(8.2,80.926438735281,16.231192546262));
#6711 = CARTESIAN_POINT('',(8.2,80.907971892546,16.289231194862));
#6712 = CARTESIAN_POINT('',(8.2,80.889474439187,16.347366048274));
#6713 = CARTESIAN_POINT('',(8.2,80.870946375206,16.405597106501));
#6714 = CARTESIAN_POINT('',(8.2,80.852387700603,16.463924369541));
#6715 = CARTESIAN_POINT('',(8.2,80.833798415377,16.522347837394));
#6716 = CARTESIAN_POINT('',(8.2,80.815178519529,16.580867510061));
#6717 = CARTESIAN_POINT('',(8.2,80.796528013058,16.639483387542));
#6718 = CARTESIAN_POINT('',(8.2,80.777846895965,16.698195469836));
#6719 = CARTESIAN_POINT('',(8.2,80.759135168249,16.757003756944));
#6720 = DEFINITIONAL_REPRESENTATION('',(#6721),#6725);
#6721 = LINE('',#6722,#6723);
#6722 = CARTESIAN_POINT('',(0.,0.));
#6723 = VECTOR('',#6724,1.);
#6724 = DIRECTION('',(0.,1.));
#6725 = ( GEOMETRIC_REPRESENTATION_CONTEXT(2) 
PARAMETRIC_REPRESENTATION_CONTEXT() REPRESENTATION_CONTEXT('2D SPACE',''
  ) );
#6726 = ORIENTED_EDGE('',*,*,#6727,.T.);
#6727 = EDGE_CURVE('',#6520,#6728,#6730,.T.);
#6728 = VERTEX_POINT('',#6729);
#6729 = CARTESIAN_POINT('',(9.,81.,3.));
#6730 = SURFACE_CURVE('',#6731,(#6735,#6742),.PCURVE_S1.);
#6731 = LINE('',#6732,#6733);
#6732 = CARTESIAN_POINT('',(9.,81.,16.));
#6733 = VECTOR('',#6734,1.);
#6734 = DIRECTION('',(0.,0.,-1.));
#6735 = PCURVE('',#3196,#6736);
#6736 = DEFINITIONAL_REPRESENTATION('',(#6737),#6741);
#6737 = LINE('',#6738,#6739);
#6738 = CARTESIAN_POINT('',(16.,-81.));
#6739 = VECTOR('',#6740,1.);
#6740 = DIRECTION('',(-1.,0.));
#6741 = ( GEOMETRIC_REPRESENTATION_CONTEXT(2) 
PARAMETRIC_REPRESENTATION_CONTEXT() REPRESENTATION_CONTEXT('2D SPACE',''
  ) );
#6742 = PCURVE('',#6743,#6748);
#6743 = PLANE('',#6744);
#6744 = AXIS2_PLACEMENT_3D('',#6745,#6746,#6747);
#6745 = CARTESIAN_POINT('',(6.,81.,16.));
#6746 = DIRECTION('',(-0.,1.,0.));
#6747 = DIRECTION('',(0.,0.,-1.));
#6748 = DEFINITIONAL_REPRESENTATION('',(#6749),#6753);
#6749 = LINE('',#6750,#6751);
#6750 = CARTESIAN_POINT('',(0.,-3.));
#6751 = VECTOR('',#6752,1.);
#6752 = DIRECTION('',(1.,0.));
#6753 = ( GEOMETRIC_REPRESENTATION_CONTEXT(2) 
PARAMETRIC_REPRESENTATION_CONTEXT() REPRESENTATION_CONTEXT('2D SPACE',''
  ) );
#6754 = ORIENTED_EDGE('',*,*,#6755,.T.);
#6755 = EDGE_CURVE('',#6728,#6756,#6758,.T.);
#6756 = VERTEX_POINT('',#6757);
#6757 = CARTESIAN_POINT('',(9.,86.,3.));
#6758 = SURFACE_CURVE('',#6759,(#6763,#6770),.PCURVE_S1.);
#6759 = LINE('',#6760,#6761);
#6760 = CARTESIAN_POINT('',(9.,81.,3.));
#6761 = VECTOR('',#6762,1.);
#6762 = DIRECTION('',(0.,1.,0.));
#6763 = PCURVE('',#3196,#6764);
#6764 = DEFINITIONAL_REPRESENTATION('',(#6765),#6769);
#6765 = LINE('',#6766,#6767);
#6766 = CARTESIAN_POINT('',(3.,-81.));
#6767 = VECTOR('',#6768,1.);
#6768 = DIRECTION('',(0.,-1.));
#6769 = ( GEOMETRIC_REPRESENTATION_CONTEXT(2) 
PARAMETRIC_REPRESENTATION_CONTEXT() REPRESENTATION_CONTEXT('2D SPACE',''
  ) );
#6770 = PCURVE('',#3253,#6771);
#6771 = DEFINITIONAL_REPRESENTATION('',(#6772),#6776);
#6772 = LINE('',#6773,#6774);
#6773 = CARTESIAN_POINT('',(0.,-3.));
#6774 = VECTOR('',#6775,1.);
#6775 = DIRECTION('',(1.,0.));
#6776 = ( GEOMETRIC_REPRESENTATION_CONTEXT(2) 
PARAMETRIC_REPRESENTATION_CONTEXT() REPRESENTATION_CONTEXT('2D SPACE',''
  ) );
#6777 = ORIENTED_EDGE('',*,*,#6778,.F.);
#6778 = EDGE_CURVE('',#3179,#6756,#6779,.T.);
#6779 = SURFACE_CURVE('',#6780,(#6784,#6791),.PCURVE_S1.);
#6780 = LINE('',#6781,#6782);
#6781 = CARTESIAN_POINT('',(9.,86.,2.));
#6782 = VECTOR('',#6783,1.);
#6783 = DIRECTION('',(0.,0.,1.));
#6784 = PCURVE('',#3196,#6785);
#6785 = DEFINITIONAL_REPRESENTATION('',(#6786),#6790);
#6786 = LINE('',#6787,#6788);
#6787 = CARTESIAN_POINT('',(2.,-86.));
#6788 = VECTOR('',#6789,1.);
#6789 = DIRECTION('',(1.,0.));
#6790 = ( GEOMETRIC_REPRESENTATION_CONTEXT(2) 
PARAMETRIC_REPRESENTATION_CONTEXT() REPRESENTATION_CONTEXT('2D SPACE',''
  ) );
#6791 = PCURVE('',#3225,#6792);
#6792 = DEFINITIONAL_REPRESENTATION('',(#6793),#6797);
#6793 = LINE('',#6794,#6795);
#6794 = CARTESIAN_POINT('',(0.,-18.));
#6795 = VECTOR('',#6796,1.);
#6796 = DIRECTION('',(1.,0.));
#6797 = ( GEOMETRIC_REPRESENTATION_CONTEXT(2) 
PARAMETRIC_REPRESENTATION_CONTEXT() REPRESENTATION_CONTEXT('2D SPACE',''
  ) );
#6798 = ORIENTED_EDGE('',*,*,#3178,.T.);
#6799 = ADVANCED_FACE('',(#6800),#3390,.F.);
#6800 = FACE_BOUND('',#6801,.F.);
#6801 = EDGE_LOOP('',(#6802,#6803,#6804,#6825));
#6802 = ORIENTED_EDGE('',*,*,#3376,.T.);
#6803 = ORIENTED_EDGE('',*,*,#4184,.F.);
#6804 = ORIENTED_EDGE('',*,*,#6805,.T.);
#6805 = EDGE_CURVE('',#4160,#3484,#6806,.T.);
#6806 = SURFACE_CURVE('',#6807,(#6811,#6818),.PCURVE_S1.);
#6807 = LINE('',#6808,#6809);
#6808 = CARTESIAN_POINT('',(9.,51.,3.));
#6809 = VECTOR('',#6810,1.);
#6810 = DIRECTION('',(0.,1.,0.));
#6811 = PCURVE('',#3390,#6812);
#6812 = DEFINITIONAL_REPRESENTATION('',(#6813),#6817);
#6813 = LINE('',#6814,#6815);
#6814 = CARTESIAN_POINT('',(6.,0.));
#6815 = VECTOR('',#6816,1.);
#6816 = DIRECTION('',(0.,1.));
#6817 = ( GEOMETRIC_REPRESENTATION_CONTEXT(2) 
PARAMETRIC_REPRESENTATION_CONTEXT() REPRESENTATION_CONTEXT('2D SPACE',''
  ) );
#6818 = PCURVE('',#3501,#6819);
#6819 = DEFINITIONAL_REPRESENTATION('',(#6820),#6824);
#6820 = LINE('',#6821,#6822);
#6821 = CARTESIAN_POINT('',(0.,0.));
#6822 = VECTOR('',#6823,1.);
#6823 = DIRECTION('',(0.,-1.));
#6824 = ( GEOMETRIC_REPRESENTATION_CONTEXT(2) 
PARAMETRIC_REPRESENTATION_CONTEXT() REPRESENTATION_CONTEXT('2D SPACE',''
  ) );
#6825 = ORIENTED_EDGE('',*,*,#3513,.T.);
#6826 = ADVANCED_FACE('',(#6827),#3363,.T.);
#6827 = FACE_BOUND('',#6828,.T.);
#6828 = EDGE_LOOP('',(#6829,#6850,#6851,#6852));
#6829 = ORIENTED_EDGE('',*,*,#6830,.T.);
#6830 = EDGE_CURVE('',#4496,#4683,#6831,.T.);
#6831 = SURFACE_CURVE('',#6832,(#6836,#6843),.PCURVE_S1.);
#6832 = LINE('',#6833,#6834);
#6833 = CARTESIAN_POINT('',(9.,75.,3.));
#6834 = VECTOR('',#6835,1.);
#6835 = DIRECTION('',(0.,-1.,0.));
#6836 = PCURVE('',#3363,#6837);
#6837 = DEFINITIONAL_REPRESENTATION('',(#6838),#6842);
#6838 = LINE('',#6839,#6840);
#6839 = CARTESIAN_POINT('',(0.,-3.));
#6840 = VECTOR('',#6841,1.);
#6841 = DIRECTION('',(1.,0.));
#6842 = ( GEOMETRIC_REPRESENTATION_CONTEXT(2) 
PARAMETRIC_REPRESENTATION_CONTEXT() REPRESENTATION_CONTEXT('2D SPACE',''
  ) );
#6843 = PCURVE('',#4511,#6844);
#6844 = DEFINITIONAL_REPRESENTATION('',(#6845),#6849);
#6845 = LINE('',#6846,#6847);
#6846 = CARTESIAN_POINT('',(5.104869081029,-1.75228172788));
#6847 = VECTOR('',#6848,1.);
#6848 = DIRECTION('',(0.,1.));
#6849 = ( GEOMETRIC_REPRESENTATION_CONTEXT(2) 
PARAMETRIC_REPRESENTATION_CONTEXT() REPRESENTATION_CONTEXT('2D SPACE',''
  ) );
#6850 = ORIENTED_EDGE('',*,*,#4682,.F.);
#6851 = ORIENTED_EDGE('',*,*,#3349,.F.);
#6852 = ORIENTED_EDGE('',*,*,#4523,.T.);
#6853 = ADVANCED_FACE('',(#6854),#3337,.T.);
#6854 = FACE_BOUND('',#6855,.T.);
#6855 = EDGE_LOOP('',(#6856,#6857,#6858));
#6856 = ORIENTED_EDGE('',*,*,#5030,.T.);
#6857 = ORIENTED_EDGE('',*,*,#4544,.T.);
#6858 = ORIENTED_EDGE('',*,*,#3321,.F.);
#6859 = ADVANCED_FACE('',(#6860),#3309,.F.);
#6860 = FACE_BOUND('',#6861,.F.);
#6861 = EDGE_LOOP('',(#6862,#6891,#6892,#6893));
#6862 = ORIENTED_EDGE('',*,*,#6863,.T.);
#6863 = EDGE_CURVE('',#6864,#3266,#6866,.T.);
#6864 = VERTEX_POINT('',#6865);
#6865 = CARTESIAN_POINT('',(9.,79.6,3.));
#6866 = SURFACE_CURVE('',#6867,(#6872,#6879),.PCURVE_S1.);
#6867 = CIRCLE('',#6868,1.4);
#6868 = AXIS2_PLACEMENT_3D('',#6869,#6870,#6871);
#6869 = CARTESIAN_POINT('',(7.6,79.6,3.));
#6870 = DIRECTION('',(0.,0.,1.));
#6871 = DIRECTION('',(0.,-1.,0.));
#6872 = PCURVE('',#3309,#6873);
#6873 = DEFINITIONAL_REPRESENTATION('',(#6874),#6878);
#6874 = CIRCLE('',#6875,1.4);
#6875 = AXIS2_PLACEMENT_2D('',#6876,#6877);
#6876 = CARTESIAN_POINT('',(16.6,-1.4));
#6877 = DIRECTION('',(0.,-1.));
#6878 = ( GEOMETRIC_REPRESENTATION_CONTEXT(2) 
PARAMETRIC_REPRESENTATION_CONTEXT() REPRESENTATION_CONTEXT('2D SPACE',''
  ) );
#6879 = PCURVE('',#6880,#6885);
#6880 = CYLINDRICAL_SURFACE('',#6881,1.4);
#6881 = AXIS2_PLACEMENT_3D('',#6882,#6883,#6884);
#6882 = CARTESIAN_POINT('',(7.6,79.6,3.));
#6883 = DIRECTION('',(0.,0.,1.));
#6884 = DIRECTION('',(1.,0.,-0.));
#6885 = DEFINITIONAL_REPRESENTATION('',(#6886),#6890);
#6886 = LINE('',#6887,#6888);
#6887 = CARTESIAN_POINT('',(-1.570796326795,0.));
#6888 = VECTOR('',#6889,1.);
#6889 = DIRECTION('',(1.,0.));
#6890 = ( GEOMETRIC_REPRESENTATION_CONTEXT(2) 
PARAMETRIC_REPRESENTATION_CONTEXT() REPRESENTATION_CONTEXT('2D SPACE',''
  ) );
#6891 = ORIENTED_EDGE('',*,*,#3293,.T.);
#6892 = ORIENTED_EDGE('',*,*,#5002,.F.);
#6893 = ORIENTED_EDGE('',*,*,#6894,.F.);
#6894 = EDGE_CURVE('',#6864,#5003,#6895,.T.);
#6895 = SURFACE_CURVE('',#6896,(#6900,#6907),.PCURVE_S1.);
#6896 = LINE('',#6897,#6898);
#6897 = CARTESIAN_POINT('',(9.,81.,3.));
#6898 = VECTOR('',#6899,1.);
#6899 = DIRECTION('',(0.,-1.,0.));
#6900 = PCURVE('',#3309,#6901);
#6901 = DEFINITIONAL_REPRESENTATION('',(#6902),#6906);
#6902 = LINE('',#6903,#6904);
#6903 = CARTESIAN_POINT('',(18.,0.));
#6904 = VECTOR('',#6905,1.);
#6905 = DIRECTION('',(0.,-1.));
#6906 = ( GEOMETRIC_REPRESENTATION_CONTEXT(2) 
PARAMETRIC_REPRESENTATION_CONTEXT() REPRESENTATION_CONTEXT('2D SPACE',''
  ) );
#6907 = PCURVE('',#5072,#6908);
#6908 = DEFINITIONAL_REPRESENTATION('',(#6909),#6913);
#6909 = LINE('',#6910,#6911);
#6910 = CARTESIAN_POINT('',(0.,0.));
#6911 = VECTOR('',#6912,1.);
#6912 = DIRECTION('',(0.,-1.));
#6913 = ( GEOMETRIC_REPRESENTATION_CONTEXT(2) 
PARAMETRIC_REPRESENTATION_CONTEXT() REPRESENTATION_CONTEXT('2D SPACE',''
  ) );
#6914 = ADVANCED_FACE('',(#6915),#3281,.T.);
#6915 = FACE_BOUND('',#6916,.T.);
#6916 = EDGE_LOOP('',(#6917,#6940,#6962));
#6917 = ORIENTED_EDGE('',*,*,#6918,.F.);
#6918 = EDGE_CURVE('',#6919,#3238,#6921,.T.);
#6919 = VERTEX_POINT('',#6920);
#6920 = CARTESIAN_POINT('',(7.6,81.,3.));
#6921 = SURFACE_CURVE('',#6922,(#6926,#6933),.PCURVE_S1.);
#6922 = LINE('',#6923,#6924);
#6923 = CARTESIAN_POINT('',(6.,81.,3.));
#6924 = VECTOR('',#6925,1.);
#6925 = DIRECTION('',(1.,0.,0.));
#6926 = PCURVE('',#3281,#6927);
#6927 = DEFINITIONAL_REPRESENTATION('',(#6928),#6932);
#6928 = LINE('',#6929,#6930);
#6929 = CARTESIAN_POINT('',(15.,81.));
#6930 = VECTOR('',#6931,1.);
#6931 = DIRECTION('',(1.,0.));
#6932 = ( GEOMETRIC_REPRESENTATION_CONTEXT(2) 
PARAMETRIC_REPRESENTATION_CONTEXT() REPRESENTATION_CONTEXT('2D SPACE',''
  ) );
#6933 = PCURVE('',#6743,#6934);
#6934 = DEFINITIONAL_REPRESENTATION('',(#6935),#6939);
#6935 = LINE('',#6936,#6937);
#6936 = CARTESIAN_POINT('',(13.,0.));
#6937 = VECTOR('',#6938,1.);
#6938 = DIRECTION('',(0.,-1.));
#6939 = ( GEOMETRIC_REPRESENTATION_CONTEXT(2) 
PARAMETRIC_REPRESENTATION_CONTEXT() REPRESENTATION_CONTEXT('2D SPACE',''
  ) );
#6940 = ORIENTED_EDGE('',*,*,#6941,.F.);
#6941 = EDGE_CURVE('',#3266,#6919,#6942,.T.);
#6942 = SURFACE_CURVE('',#6943,(#6948,#6955),.PCURVE_S1.);
#6943 = CIRCLE('',#6944,1.4);
#6944 = AXIS2_PLACEMENT_3D('',#6945,#6946,#6947);
#6945 = CARTESIAN_POINT('',(7.6,79.6,3.));
#6946 = DIRECTION('',(0.,0.,1.));
#6947 = DIRECTION('',(0.,-1.,0.));
#6948 = PCURVE('',#3281,#6949);
#6949 = DEFINITIONAL_REPRESENTATION('',(#6950),#6954);
#6950 = CIRCLE('',#6951,1.4);
#6951 = AXIS2_PLACEMENT_2D('',#6952,#6953);
#6952 = CARTESIAN_POINT('',(16.6,79.6));
#6953 = DIRECTION('',(0.,-1.));
#6954 = ( GEOMETRIC_REPRESENTATION_CONTEXT(2) 
PARAMETRIC_REPRESENTATION_CONTEXT() REPRESENTATION_CONTEXT('2D SPACE',''
  ) );
#6955 = PCURVE('',#6880,#6956);
#6956 = DEFINITIONAL_REPRESENTATION('',(#6957),#6961);
#6957 = LINE('',#6958,#6959);
#6958 = CARTESIAN_POINT('',(-1.570796326795,0.));
#6959 = VECTOR('',#6960,1.);
#6960 = DIRECTION('',(1.,0.));
#6961 = ( GEOMETRIC_REPRESENTATION_CONTEXT(2) 
PARAMETRIC_REPRESENTATION_CONTEXT() REPRESENTATION_CONTEXT('2D SPACE',''
  ) );
#6962 = ORIENTED_EDGE('',*,*,#3265,.F.);
#6963 = ADVANCED_FACE('',(#6964),#3253,.F.);
#6964 = FACE_BOUND('',#6965,.F.);
#6965 = EDGE_LOOP('',(#6966,#6987,#6988,#7009));
#6966 = ORIENTED_EDGE('',*,*,#6967,.F.);
#6967 = EDGE_CURVE('',#3209,#6756,#6968,.T.);
#6968 = SURFACE_CURVE('',#6969,(#6973,#6980),.PCURVE_S1.);
#6969 = LINE('',#6970,#6971);
#6970 = CARTESIAN_POINT('',(-9.,86.,3.));
#6971 = VECTOR('',#6972,1.);
#6972 = DIRECTION('',(1.,0.,0.));
#6973 = PCURVE('',#3253,#6974);
#6974 = DEFINITIONAL_REPRESENTATION('',(#6975),#6979);
#6975 = LINE('',#6976,#6977);
#6976 = CARTESIAN_POINT('',(5.,15.));
#6977 = VECTOR('',#6978,1.);
#6978 = DIRECTION('',(0.,-1.));
#6979 = ( GEOMETRIC_REPRESENTATION_CONTEXT(2) 
PARAMETRIC_REPRESENTATION_CONTEXT() REPRESENTATION_CONTEXT('2D SPACE',''
  ) );
#6980 = PCURVE('',#3225,#6981);
#6981 = DEFINITIONAL_REPRESENTATION('',(#6982),#6986);
#6982 = LINE('',#6983,#6984);
#6983 = CARTESIAN_POINT('',(1.,0.));
#6984 = VECTOR('',#6985,1.);
#6985 = DIRECTION('',(0.,-1.));
#6986 = ( GEOMETRIC_REPRESENTATION_CONTEXT(2) 
PARAMETRIC_REPRESENTATION_CONTEXT() REPRESENTATION_CONTEXT('2D SPACE',''
  ) );
#6987 = ORIENTED_EDGE('',*,*,#3237,.T.);
#6988 = ORIENTED_EDGE('',*,*,#6989,.T.);
#6989 = EDGE_CURVE('',#3238,#6728,#6990,.T.);
#6990 = SURFACE_CURVE('',#6991,(#6995,#7002),.PCURVE_S1.);
#6991 = LINE('',#6992,#6993);
#6992 = CARTESIAN_POINT('',(6.,81.,3.));
#6993 = VECTOR('',#6994,1.);
#6994 = DIRECTION('',(1.,0.,0.));
#6995 = PCURVE('',#3253,#6996);
#6996 = DEFINITIONAL_REPRESENTATION('',(#6997),#7001);
#6997 = LINE('',#6998,#6999);
#6998 = CARTESIAN_POINT('',(0.,0.));
#6999 = VECTOR('',#7000,1.);
#7000 = DIRECTION('',(0.,-1.));
#7001 = ( GEOMETRIC_REPRESENTATION_CONTEXT(2) 
PARAMETRIC_REPRESENTATION_CONTEXT() REPRESENTATION_CONTEXT('2D SPACE',''
  ) );
#7002 = PCURVE('',#6743,#7003);
#7003 = DEFINITIONAL_REPRESENTATION('',(#7004),#7008);
#7004 = LINE('',#7005,#7006);
#7005 = CARTESIAN_POINT('',(13.,0.));
#7006 = VECTOR('',#7007,1.);
#7007 = DIRECTION('',(0.,-1.));
#7008 = ( GEOMETRIC_REPRESENTATION_CONTEXT(2) 
PARAMETRIC_REPRESENTATION_CONTEXT() REPRESENTATION_CONTEXT('2D SPACE',''
  ) );
#7009 = ORIENTED_EDGE('',*,*,#6755,.T.);
#7010 = ADVANCED_FACE('',(#7011),#3225,.T.);
#7011 = FACE_BOUND('',#7012,.T.);
#7012 = EDGE_LOOP('',(#7013,#7014,#7015));
#7013 = ORIENTED_EDGE('',*,*,#3208,.F.);
#7014 = ORIENTED_EDGE('',*,*,#6778,.T.);
#7015 = ORIENTED_EDGE('',*,*,#6967,.F.);
#7016 = ADVANCED_FACE('',(#7017),#3468,.T.);
#7017 = FACE_BOUND('',#7018,.F.);
#7018 = EDGE_LOOP('',(#7019,#7020,#7021,#7045));
#7019 = ORIENTED_EDGE('',*,*,#6213,.F.);
#7020 = ORIENTED_EDGE('',*,*,#3453,.T.);
#7021 = ORIENTED_EDGE('',*,*,#7022,.T.);
#7022 = EDGE_CURVE('',#3429,#7023,#7025,.T.);
#7023 = VERTEX_POINT('',#7024);
#7024 = CARTESIAN_POINT('',(-3.4,55.5,6.));
#7025 = SURFACE_CURVE('',#7026,(#7031,#7038),.PCURVE_S1.);
#7026 = CIRCLE('',#7027,0.4);
#7027 = AXIS2_PLACEMENT_3D('',#7028,#7029,#7030);
#7028 = CARTESIAN_POINT('',(-3.4,55.5,5.6));
#7029 = DIRECTION('',(-2.34827133276E-16,-1.,0.));
#7030 = DIRECTION('',(1.,-2.34827133276E-16,-0.));
#7031 = PCURVE('',#3468,#7032);
#7032 = DEFINITIONAL_REPRESENTATION('',(#7033),#7037);
#7033 = LINE('',#7034,#7035);
#7034 = CARTESIAN_POINT('',(-1.570796326795,0.));
#7035 = VECTOR('',#7036,1.);
#7036 = DIRECTION('',(-0.,1.));
#7037 = ( GEOMETRIC_REPRESENTATION_CONTEXT(2) 
PARAMETRIC_REPRESENTATION_CONTEXT() REPRESENTATION_CONTEXT('2D SPACE',''
  ) );
#7038 = PCURVE('',#3628,#7039);
#7039 = DEFINITIONAL_REPRESENTATION('',(#7040),#7044);
#7040 = LINE('',#7041,#7042);
#7041 = CARTESIAN_POINT('',(0.,0.));
#7042 = VECTOR('',#7043,1.);
#7043 = DIRECTION('',(1.,0.));
#7044 = ( GEOMETRIC_REPRESENTATION_CONTEXT(2) 
PARAMETRIC_REPRESENTATION_CONTEXT() REPRESENTATION_CONTEXT('2D SPACE',''
  ) );
#7045 = ORIENTED_EDGE('',*,*,#7046,.F.);
#7046 = EDGE_CURVE('',#6191,#7023,#7047,.T.);
#7047 = SURFACE_CURVE('',#7048,(#7053,#7060),.PCURVE_S1.);
#7048 = CIRCLE('',#7049,1.1);
#7049 = AXIS2_PLACEMENT_3D('',#7050,#7051,#7052);
#7050 = CARTESIAN_POINT('',(-4.5,55.5,6.));
#7051 = DIRECTION('',(0.,-0.,-1.));
#7052 = DIRECTION('',(2.960594732334E-16,1.,-0.));
#7053 = PCURVE('',#3468,#7054);
#7054 = DEFINITIONAL_REPRESENTATION('',(#7055),#7059);
#7055 = LINE('',#7056,#7057);
#7056 = CARTESIAN_POINT('',(-0.,1.570796326795));
#7057 = VECTOR('',#7058,1.);
#7058 = DIRECTION('',(-1.,0.));
#7059 = ( GEOMETRIC_REPRESENTATION_CONTEXT(2) 
PARAMETRIC_REPRESENTATION_CONTEXT() REPRESENTATION_CONTEXT('2D SPACE',''
  ) );
#7060 = PCURVE('',#6170,#7061);
#7061 = DEFINITIONAL_REPRESENTATION('',(#7062),#7070);
#7062 = ( BOUNDED_CURVE() B_SPLINE_CURVE(2,(#7063,#7064,#7065,#7066,
#7067,#7068,#7069),.UNSPECIFIED.,.T.,.F.) B_SPLINE_CURVE_WITH_KNOTS((1,2
    ,2,2,2,1),(-2.094395102393,0.,2.094395102393,4.188790204786,
6.28318530718,8.377580409573),.UNSPECIFIED.) CURVE() 
GEOMETRIC_REPRESENTATION_ITEM() RATIONAL_B_SPLINE_CURVE((1.,0.5,1.,0.5,
1.,0.5,1.)) REPRESENTATION_ITEM('') );
#7063 = CARTESIAN_POINT('',(4.5,5.6));
#7064 = CARTESIAN_POINT('',(6.405255888326,5.6));
#7065 = CARTESIAN_POINT('',(5.452627944163,3.95));
#7066 = CARTESIAN_POINT('',(4.5,2.3));
#7067 = CARTESIAN_POINT('',(3.547372055837,3.95));
#7068 = CARTESIAN_POINT('',(2.594744111674,5.6));
#7069 = CARTESIAN_POINT('',(4.5,5.6));
#7070 = ( GEOMETRIC_REPRESENTATION_CONTEXT(2) 
PARAMETRIC_REPRESENTATION_CONTEXT() REPRESENTATION_CONTEXT('2D SPACE',''
  ) );
#7071 = ADVANCED_FACE('',(#7072),#3501,.T.);
#7072 = FACE_BOUND('',#7073,.T.);
#7073 = EDGE_LOOP('',(#7074,#7075,#7076,#7077));
#7074 = ORIENTED_EDGE('',*,*,#4159,.F.);
#7075 = ORIENTED_EDGE('',*,*,#6805,.T.);
#7076 = ORIENTED_EDGE('',*,*,#3483,.T.);
#7077 = ORIENTED_EDGE('',*,*,#7078,.T.);
#7078 = EDGE_CURVE('',#3486,#4162,#7079,.T.);
#7079 = SURFACE_CURVE('',#7080,(#7084,#7091),.PCURVE_S1.);
#7080 = LINE('',#7081,#7082);
#7081 = CARTESIAN_POINT('',(9.,55.5,5.6));
#7082 = VECTOR('',#7083,1.);
#7083 = DIRECTION('',(-0.,-1.,-0.));
#7084 = PCURVE('',#3501,#7085);
#7085 = DEFINITIONAL_REPRESENTATION('',(#7086),#7090);
#7086 = LINE('',#7087,#7088);
#7087 = CARTESIAN_POINT('',(2.6,-4.5));
#7088 = VECTOR('',#7089,1.);
#7089 = DIRECTION('',(0.,1.));
#7090 = ( GEOMETRIC_REPRESENTATION_CONTEXT(2) 
PARAMETRIC_REPRESENTATION_CONTEXT() REPRESENTATION_CONTEXT('2D SPACE',''
  ) );
#7091 = PCURVE('',#7092,#7097);
#7092 = CYLINDRICAL_SURFACE('',#7093,0.4);
#7093 = AXIS2_PLACEMENT_3D('',#7094,#7095,#7096);
#7094 = CARTESIAN_POINT('',(8.6,55.5,5.6));
#7095 = DIRECTION('',(-0.,-1.,-0.));
#7096 = DIRECTION('',(1.,0.,-0.));
#7097 = DEFINITIONAL_REPRESENTATION('',(#7098),#7102);
#7098 = LINE('',#7099,#7100);
#7099 = CARTESIAN_POINT('',(0.,0.));
#7100 = VECTOR('',#7101,1.);
#7101 = DIRECTION('',(0.,1.));
#7102 = ( GEOMETRIC_REPRESENTATION_CONTEXT(2) 
PARAMETRIC_REPRESENTATION_CONTEXT() REPRESENTATION_CONTEXT('2D SPACE',''
  ) );
#7103 = ADVANCED_FACE('',(#7104),#3574,.T.);
#7104 = FACE_BOUND('',#7105,.F.);
#7105 = EDGE_LOOP('',(#7106,#7130,#7131,#7155));
#7106 = ORIENTED_EDGE('',*,*,#7107,.F.);
#7107 = EDGE_CURVE('',#3537,#7108,#7110,.T.);
#7108 = VERTEX_POINT('',#7109);
#7109 = CARTESIAN_POINT('',(7.5,56.6,6.));
#7110 = SURFACE_CURVE('',#7111,(#7116,#7123),.PCURVE_S1.);
#7111 = CIRCLE('',#7112,0.4);
#7112 = AXIS2_PLACEMENT_3D('',#7113,#7114,#7115);
#7113 = CARTESIAN_POINT('',(7.5,56.6,5.6));
#7114 = DIRECTION('',(1.,0.,0.));
#7115 = DIRECTION('',(-0.,1.,0.));
#7116 = PCURVE('',#3574,#7117);
#7117 = DEFINITIONAL_REPRESENTATION('',(#7118),#7122);
#7118 = LINE('',#7119,#7120);
#7119 = CARTESIAN_POINT('',(-0.,0.));
#7120 = VECTOR('',#7121,1.);
#7121 = DIRECTION('',(-0.,1.));
#7122 = ( GEOMETRIC_REPRESENTATION_CONTEXT(2) 
PARAMETRIC_REPRESENTATION_CONTEXT() REPRESENTATION_CONTEXT('2D SPACE',''
  ) );
#7123 = PCURVE('',#3680,#7124);
#7124 = DEFINITIONAL_REPRESENTATION('',(#7125),#7129);
#7125 = LINE('',#7126,#7127);
#7126 = CARTESIAN_POINT('',(0.,3.));
#7127 = VECTOR('',#7128,1.);
#7128 = DIRECTION('',(1.,0.));
#7129 = ( GEOMETRIC_REPRESENTATION_CONTEXT(2) 
PARAMETRIC_REPRESENTATION_CONTEXT() REPRESENTATION_CONTEXT('2D SPACE',''
  ) );
#7130 = ORIENTED_EDGE('',*,*,#3559,.T.);
#7131 = ORIENTED_EDGE('',*,*,#7132,.T.);
#7132 = EDGE_CURVE('',#3486,#7133,#7135,.T.);
#7133 = VERTEX_POINT('',#7134);
#7134 = CARTESIAN_POINT('',(8.6,55.5,6.));
#7135 = SURFACE_CURVE('',#7136,(#7141,#7148),.PCURVE_S1.);
#7136 = CIRCLE('',#7137,0.4);
#7137 = AXIS2_PLACEMENT_3D('',#7138,#7139,#7140);
#7138 = CARTESIAN_POINT('',(8.6,55.5,5.6));
#7139 = DIRECTION('',(-2.34827133276E-16,-1.,0.));
#7140 = DIRECTION('',(1.,-2.34827133276E-16,-0.));
#7141 = PCURVE('',#3574,#7142);
#7142 = DEFINITIONAL_REPRESENTATION('',(#7143),#7147);
#7143 = LINE('',#7144,#7145);
#7144 = CARTESIAN_POINT('',(-1.570796326795,0.));
#7145 = VECTOR('',#7146,1.);
#7146 = DIRECTION('',(-0.,1.));
#7147 = ( GEOMETRIC_REPRESENTATION_CONTEXT(2) 
PARAMETRIC_REPRESENTATION_CONTEXT() REPRESENTATION_CONTEXT('2D SPACE',''
  ) );
#7148 = PCURVE('',#7092,#7149);
#7149 = DEFINITIONAL_REPRESENTATION('',(#7150),#7154);
#7150 = LINE('',#7151,#7152);
#7151 = CARTESIAN_POINT('',(0.,0.));
#7152 = VECTOR('',#7153,1.);
#7153 = DIRECTION('',(1.,0.));
#7154 = ( GEOMETRIC_REPRESENTATION_CONTEXT(2) 
PARAMETRIC_REPRESENTATION_CONTEXT() REPRESENTATION_CONTEXT('2D SPACE',''
  ) );
#7155 = ORIENTED_EDGE('',*,*,#7156,.F.);
#7156 = EDGE_CURVE('',#7108,#7133,#7157,.T.);
#7157 = SURFACE_CURVE('',#7158,(#7163,#7170),.PCURVE_S1.);
#7158 = CIRCLE('',#7159,1.1);
#7159 = AXIS2_PLACEMENT_3D('',#7160,#7161,#7162);
#7160 = CARTESIAN_POINT('',(7.5,55.5,6.));
#7161 = DIRECTION('',(0.,-0.,-1.));
#7162 = DIRECTION('',(2.960594732334E-16,1.,-0.));
#7163 = PCURVE('',#3574,#7164);
#7164 = DEFINITIONAL_REPRESENTATION('',(#7165),#7169);
#7165 = LINE('',#7166,#7167);
#7166 = CARTESIAN_POINT('',(-0.,1.570796326795));
#7167 = VECTOR('',#7168,1.);
#7168 = DIRECTION('',(-1.,0.));
#7169 = ( GEOMETRIC_REPRESENTATION_CONTEXT(2) 
PARAMETRIC_REPRESENTATION_CONTEXT() REPRESENTATION_CONTEXT('2D SPACE',''
  ) );
#7170 = PCURVE('',#7171,#7176);
#7171 = PLANE('',#7172);
#7172 = AXIS2_PLACEMENT_3D('',#7173,#7174,#7175);
#7173 = CARTESIAN_POINT('',(3.,51.,6.));
#7174 = DIRECTION('',(0.,0.,1.));
#7175 = DIRECTION('',(1.,0.,0.));
#7176 = DEFINITIONAL_REPRESENTATION('',(#7177),#7185);
#7177 = ( BOUNDED_CURVE() B_SPLINE_CURVE(2,(#7178,#7179,#7180,#7181,
#7182,#7183,#7184),.UNSPECIFIED.,.T.,.F.) B_SPLINE_CURVE_WITH_KNOTS((1,2
    ,2,2,2,1),(-2.094395102393,0.,2.094395102393,4.188790204786,
6.28318530718,8.377580409573),.UNSPECIFIED.) CURVE() 
GEOMETRIC_REPRESENTATION_ITEM() RATIONAL_B_SPLINE_CURVE((1.,0.5,1.,0.5,
1.,0.5,1.)) REPRESENTATION_ITEM('') );
#7178 = CARTESIAN_POINT('',(4.5,5.6));
#7179 = CARTESIAN_POINT('',(6.405255888326,5.6));
#7180 = CARTESIAN_POINT('',(5.452627944163,3.95));
#7181 = CARTESIAN_POINT('',(4.5,2.3));
#7182 = CARTESIAN_POINT('',(3.547372055837,3.95));
#7183 = CARTESIAN_POINT('',(2.594744111674,5.6));
#7184 = CARTESIAN_POINT('',(4.5,5.6));
#7185 = ( GEOMETRIC_REPRESENTATION_CONTEXT(2) 
PARAMETRIC_REPRESENTATION_CONTEXT() REPRESENTATION_CONTEXT('2D SPACE',''
  ) );
#7186 = ADVANCED_FACE('',(#7187),#3628,.T.);
#7187 = FACE_BOUND('',#7188,.T.);
#7188 = EDGE_LOOP('',(#7189,#7190,#7213,#7235));
#7189 = ORIENTED_EDGE('',*,*,#7022,.T.);
#7190 = ORIENTED_EDGE('',*,*,#7191,.T.);
#7191 = EDGE_CURVE('',#7023,#7192,#7194,.T.);
#7192 = VERTEX_POINT('',#7193);
#7193 = CARTESIAN_POINT('',(-3.4,52.5,6.));
#7194 = SURFACE_CURVE('',#7195,(#7199,#7206),.PCURVE_S1.);
#7195 = LINE('',#7196,#7197);
#7196 = CARTESIAN_POINT('',(-3.4,55.5,6.));
#7197 = VECTOR('',#7198,1.);
#7198 = DIRECTION('',(-0.,-1.,-0.));
#7199 = PCURVE('',#3628,#7200);
#7200 = DEFINITIONAL_REPRESENTATION('',(#7201),#7205);
#7201 = LINE('',#7202,#7203);
#7202 = CARTESIAN_POINT('',(1.570796326795,0.));
#7203 = VECTOR('',#7204,1.);
#7204 = DIRECTION('',(0.,1.));
#7205 = ( GEOMETRIC_REPRESENTATION_CONTEXT(2) 
PARAMETRIC_REPRESENTATION_CONTEXT() REPRESENTATION_CONTEXT('2D SPACE',''
  ) );
#7206 = PCURVE('',#6170,#7207);
#7207 = DEFINITIONAL_REPRESENTATION('',(#7208),#7212);
#7208 = LINE('',#7209,#7210);
#7209 = CARTESIAN_POINT('',(5.6,4.5));
#7210 = VECTOR('',#7211,1.);
#7211 = DIRECTION('',(0.,-1.));
#7212 = ( GEOMETRIC_REPRESENTATION_CONTEXT(2) 
PARAMETRIC_REPRESENTATION_CONTEXT() REPRESENTATION_CONTEXT('2D SPACE',''
  ) );
#7213 = ORIENTED_EDGE('',*,*,#7214,.F.);
#7214 = EDGE_CURVE('',#3590,#7192,#7215,.T.);
#7215 = SURFACE_CURVE('',#7216,(#7221,#7228),.PCURVE_S1.);
#7216 = CIRCLE('',#7217,0.4);
#7217 = AXIS2_PLACEMENT_3D('',#7218,#7219,#7220);
#7218 = CARTESIAN_POINT('',(-3.4,52.5,5.6));
#7219 = DIRECTION('',(0.,-1.,-0.));
#7220 = DIRECTION('',(1.,0.,-0.));
#7221 = PCURVE('',#3628,#7222);
#7222 = DEFINITIONAL_REPRESENTATION('',(#7223),#7227);
#7223 = LINE('',#7224,#7225);
#7224 = CARTESIAN_POINT('',(0.,3.));
#7225 = VECTOR('',#7226,1.);
#7226 = DIRECTION('',(1.,0.));
#7227 = ( GEOMETRIC_REPRESENTATION_CONTEXT(2) 
PARAMETRIC_REPRESENTATION_CONTEXT() REPRESENTATION_CONTEXT('2D SPACE',''
  ) );
#7228 = PCURVE('',#3737,#7229);
#7229 = DEFINITIONAL_REPRESENTATION('',(#7230),#7234);
#7230 = LINE('',#7231,#7232);
#7231 = CARTESIAN_POINT('',(-0.,0.));
#7232 = VECTOR('',#7233,1.);
#7233 = DIRECTION('',(-0.,1.));
#7234 = ( GEOMETRIC_REPRESENTATION_CONTEXT(2) 
PARAMETRIC_REPRESENTATION_CONTEXT() REPRESENTATION_CONTEXT('2D SPACE',''
  ) );
#7235 = ORIENTED_EDGE('',*,*,#3614,.F.);
#7236 = ADVANCED_FACE('',(#7237),#3680,.T.);
#7237 = FACE_BOUND('',#7238,.T.);
#7238 = EDGE_LOOP('',(#7239,#7263,#7284,#7285));
#7239 = ORIENTED_EDGE('',*,*,#7240,.T.);
#7240 = EDGE_CURVE('',#3644,#7241,#7243,.T.);
#7241 = VERTEX_POINT('',#7242);
#7242 = CARTESIAN_POINT('',(4.5,56.6,6.));
#7243 = SURFACE_CURVE('',#7244,(#7249,#7256),.PCURVE_S1.);
#7244 = CIRCLE('',#7245,0.4);
#7245 = AXIS2_PLACEMENT_3D('',#7246,#7247,#7248);
#7246 = CARTESIAN_POINT('',(4.5,56.6,5.6));
#7247 = DIRECTION('',(1.,6.123233995737E-17,-0.));
#7248 = DIRECTION('',(-6.123233995737E-17,1.,0.));
#7249 = PCURVE('',#3680,#7250);
#7250 = DEFINITIONAL_REPRESENTATION('',(#7251),#7255);
#7251 = LINE('',#7252,#7253);
#7252 = CARTESIAN_POINT('',(0.,0.));
#7253 = VECTOR('',#7254,1.);
#7254 = DIRECTION('',(1.,0.));
#7255 = ( GEOMETRIC_REPRESENTATION_CONTEXT(2) 
PARAMETRIC_REPRESENTATION_CONTEXT() REPRESENTATION_CONTEXT('2D SPACE',''
  ) );
#7256 = PCURVE('',#3792,#7257);
#7257 = DEFINITIONAL_REPRESENTATION('',(#7258),#7262);
#7258 = LINE('',#7259,#7260);
#7259 = CARTESIAN_POINT('',(-1.570796326795,0.));
#7260 = VECTOR('',#7261,1.);
#7261 = DIRECTION('',(-0.,1.));
#7262 = ( GEOMETRIC_REPRESENTATION_CONTEXT(2) 
PARAMETRIC_REPRESENTATION_CONTEXT() REPRESENTATION_CONTEXT('2D SPACE',''
  ) );
#7263 = ORIENTED_EDGE('',*,*,#7264,.T.);
#7264 = EDGE_CURVE('',#7241,#7108,#7265,.T.);
#7265 = SURFACE_CURVE('',#7266,(#7270,#7277),.PCURVE_S1.);
#7266 = LINE('',#7267,#7268);
#7267 = CARTESIAN_POINT('',(4.5,56.6,6.));
#7268 = VECTOR('',#7269,1.);
#7269 = DIRECTION('',(1.,0.,0.));
#7270 = PCURVE('',#3680,#7271);
#7271 = DEFINITIONAL_REPRESENTATION('',(#7272),#7276);
#7272 = LINE('',#7273,#7274);
#7273 = CARTESIAN_POINT('',(1.570796326795,0.));
#7274 = VECTOR('',#7275,1.);
#7275 = DIRECTION('',(0.,1.));
#7276 = ( GEOMETRIC_REPRESENTATION_CONTEXT(2) 
PARAMETRIC_REPRESENTATION_CONTEXT() REPRESENTATION_CONTEXT('2D SPACE',''
  ) );
#7277 = PCURVE('',#7171,#7278);
#7278 = DEFINITIONAL_REPRESENTATION('',(#7279),#7283);
#7279 = LINE('',#7280,#7281);
#7280 = CARTESIAN_POINT('',(1.5,5.6));
#7281 = VECTOR('',#7282,1.);
#7282 = DIRECTION('',(1.,0.));
#7283 = ( GEOMETRIC_REPRESENTATION_CONTEXT(2) 
PARAMETRIC_REPRESENTATION_CONTEXT() REPRESENTATION_CONTEXT('2D SPACE',''
  ) );
#7284 = ORIENTED_EDGE('',*,*,#7107,.F.);
#7285 = ORIENTED_EDGE('',*,*,#3666,.F.);
#7286 = ADVANCED_FACE('',(#7287),#3737,.T.);
#7287 = FACE_BOUND('',#7288,.F.);
#7288 = EDGE_LOOP('',(#7289,#7290,#7291,#7315));
#7289 = ORIENTED_EDGE('',*,*,#7214,.F.);
#7290 = ORIENTED_EDGE('',*,*,#3722,.T.);
#7291 = ORIENTED_EDGE('',*,*,#7292,.T.);
#7292 = EDGE_CURVE('',#3700,#7293,#7295,.T.);
#7293 = VERTEX_POINT('',#7294);
#7294 = CARTESIAN_POINT('',(-4.5,51.4,6.));
#7295 = SURFACE_CURVE('',#7296,(#7301,#7308),.PCURVE_S1.);
#7296 = CIRCLE('',#7297,0.4);
#7297 = AXIS2_PLACEMENT_3D('',#7298,#7299,#7300);
#7298 = CARTESIAN_POINT('',(-4.5,51.4,5.6));
#7299 = DIRECTION('',(-1.,-6.123233995737E-17,0.));
#7300 = DIRECTION('',(6.123233995737E-17,-1.,-0.));
#7301 = PCURVE('',#3737,#7302);
#7302 = DEFINITIONAL_REPRESENTATION('',(#7303),#7307);
#7303 = LINE('',#7304,#7305);
#7304 = CARTESIAN_POINT('',(-1.570796326795,0.));
#7305 = VECTOR('',#7306,1.);
#7306 = DIRECTION('',(-0.,1.));
#7307 = ( GEOMETRIC_REPRESENTATION_CONTEXT(2) 
PARAMETRIC_REPRESENTATION_CONTEXT() REPRESENTATION_CONTEXT('2D SPACE',''
  ) );
#7308 = PCURVE('',#3844,#7309);
#7309 = DEFINITIONAL_REPRESENTATION('',(#7310),#7314);
#7310 = LINE('',#7311,#7312);
#7311 = CARTESIAN_POINT('',(0.,0.));
#7312 = VECTOR('',#7313,1.);
#7313 = DIRECTION('',(1.,0.));
#7314 = ( GEOMETRIC_REPRESENTATION_CONTEXT(2) 
PARAMETRIC_REPRESENTATION_CONTEXT() REPRESENTATION_CONTEXT('2D SPACE',''
  ) );
#7315 = ORIENTED_EDGE('',*,*,#7316,.F.);
#7316 = EDGE_CURVE('',#7192,#7293,#7317,.T.);
#7317 = SURFACE_CURVE('',#7318,(#7323,#7330),.PCURVE_S1.);
#7318 = CIRCLE('',#7319,1.1);
#7319 = AXIS2_PLACEMENT_3D('',#7320,#7321,#7322);
#7320 = CARTESIAN_POINT('',(-4.5,52.5,6.));
#7321 = DIRECTION('',(0.,-0.,-1.));
#7322 = DIRECTION('',(1.,0.,-0.));
#7323 = PCURVE('',#3737,#7324);
#7324 = DEFINITIONAL_REPRESENTATION('',(#7325),#7329);
#7325 = LINE('',#7326,#7327);
#7326 = CARTESIAN_POINT('',(-0.,1.570796326795));
#7327 = VECTOR('',#7328,1.);
#7328 = DIRECTION('',(-1.,0.));
#7329 = ( GEOMETRIC_REPRESENTATION_CONTEXT(2) 
PARAMETRIC_REPRESENTATION_CONTEXT() REPRESENTATION_CONTEXT('2D SPACE',''
  ) );
#7330 = PCURVE('',#6170,#7331);
#7331 = DEFINITIONAL_REPRESENTATION('',(#7332),#7340);
#7332 = ( BOUNDED_CURVE() B_SPLINE_CURVE(2,(#7333,#7334,#7335,#7336,
#7337,#7338,#7339),.UNSPECIFIED.,.T.,.F.) B_SPLINE_CURVE_WITH_KNOTS((1,2
    ,2,2,2,1),(-2.094395102393,0.,2.094395102393,4.188790204786,
6.28318530718,8.377580409573),.UNSPECIFIED.) CURVE() 
GEOMETRIC_REPRESENTATION_ITEM() RATIONAL_B_SPLINE_CURVE((1.,0.5,1.,0.5,
1.,0.5,1.)) REPRESENTATION_ITEM('') );
#7333 = CARTESIAN_POINT('',(5.6,1.5));
#7334 = CARTESIAN_POINT('',(5.6,-0.405255888326));
#7335 = CARTESIAN_POINT('',(3.95,0.547372055837));
#7336 = CARTESIAN_POINT('',(2.3,1.5));
#7337 = CARTESIAN_POINT('',(3.95,2.452627944163));
#7338 = CARTESIAN_POINT('',(5.6,3.405255888326));
#7339 = CARTESIAN_POINT('',(5.6,1.5));
#7340 = ( GEOMETRIC_REPRESENTATION_CONTEXT(2) 
PARAMETRIC_REPRESENTATION_CONTEXT() REPRESENTATION_CONTEXT('2D SPACE',''
  ) );
#7341 = ADVANCED_FACE('',(#7342),#3792,.T.);
#7342 = FACE_BOUND('',#7343,.F.);
#7343 = EDGE_LOOP('',(#7344,#7368,#7369,#7370));
#7344 = ORIENTED_EDGE('',*,*,#7345,.F.);
#7345 = EDGE_CURVE('',#3753,#7346,#7348,.T.);
#7346 = VERTEX_POINT('',#7347);
#7347 = CARTESIAN_POINT('',(3.4,55.5,6.));
#7348 = SURFACE_CURVE('',#7349,(#7354,#7361),.PCURVE_S1.);
#7349 = CIRCLE('',#7350,0.4);
#7350 = AXIS2_PLACEMENT_3D('',#7351,#7352,#7353);
#7351 = CARTESIAN_POINT('',(3.4,55.5,5.6));
#7352 = DIRECTION('',(0.,1.,0.));
#7353 = DIRECTION('',(-1.,0.,0.));
#7354 = PCURVE('',#3792,#7355);
#7355 = DEFINITIONAL_REPRESENTATION('',(#7356),#7360);
#7356 = LINE('',#7357,#7358);
#7357 = CARTESIAN_POINT('',(-0.,0.));
#7358 = VECTOR('',#7359,1.);
#7359 = DIRECTION('',(-0.,1.));
#7360 = ( GEOMETRIC_REPRESENTATION_CONTEXT(2) 
PARAMETRIC_REPRESENTATION_CONTEXT() REPRESENTATION_CONTEXT('2D SPACE',''
  ) );
#7361 = PCURVE('',#3900,#7362);
#7362 = DEFINITIONAL_REPRESENTATION('',(#7363),#7367);
#7363 = LINE('',#7364,#7365);
#7364 = CARTESIAN_POINT('',(0.,3.));
#7365 = VECTOR('',#7366,1.);
#7366 = DIRECTION('',(1.,0.));
#7367 = ( GEOMETRIC_REPRESENTATION_CONTEXT(2) 
PARAMETRIC_REPRESENTATION_CONTEXT() REPRESENTATION_CONTEXT('2D SPACE',''
  ) );
#7368 = ORIENTED_EDGE('',*,*,#3777,.T.);
#7369 = ORIENTED_EDGE('',*,*,#7240,.T.);
#7370 = ORIENTED_EDGE('',*,*,#7371,.F.);
#7371 = EDGE_CURVE('',#7346,#7241,#7372,.T.);
#7372 = SURFACE_CURVE('',#7373,(#7378,#7385),.PCURVE_S1.);
#7373 = CIRCLE('',#7374,1.1);
#7374 = AXIS2_PLACEMENT_3D('',#7375,#7376,#7377);
#7375 = CARTESIAN_POINT('',(4.5,55.5,6.));
#7376 = DIRECTION('',(-0.,0.,-1.));
#7377 = DIRECTION('',(-1.,0.,0.));
#7378 = PCURVE('',#3792,#7379);
#7379 = DEFINITIONAL_REPRESENTATION('',(#7380),#7384);
#7380 = LINE('',#7381,#7382);
#7381 = CARTESIAN_POINT('',(-0.,1.570796326795));
#7382 = VECTOR('',#7383,1.);
#7383 = DIRECTION('',(-1.,0.));
#7384 = ( GEOMETRIC_REPRESENTATION_CONTEXT(2) 
PARAMETRIC_REPRESENTATION_CONTEXT() REPRESENTATION_CONTEXT('2D SPACE',''
  ) );
#7385 = PCURVE('',#7171,#7386);
#7386 = DEFINITIONAL_REPRESENTATION('',(#7387),#7395);
#7387 = ( BOUNDED_CURVE() B_SPLINE_CURVE(2,(#7388,#7389,#7390,#7391,
#7392,#7393,#7394),.UNSPECIFIED.,.T.,.F.) B_SPLINE_CURVE_WITH_KNOTS((1,2
    ,2,2,2,1),(-2.094395102393,0.,2.094395102393,4.188790204786,
6.28318530718,8.377580409573),.UNSPECIFIED.) CURVE() 
GEOMETRIC_REPRESENTATION_ITEM() RATIONAL_B_SPLINE_CURVE((1.,0.5,1.,0.5,
1.,0.5,1.)) REPRESENTATION_ITEM('') );
#7388 = CARTESIAN_POINT('',(0.4,4.5));
#7389 = CARTESIAN_POINT('',(0.4,6.405255888326));
#7390 = CARTESIAN_POINT('',(2.05,5.452627944163));
#7391 = CARTESIAN_POINT('',(3.7,4.5));
#7392 = CARTESIAN_POINT('',(2.05,3.547372055837));
#7393 = CARTESIAN_POINT('',(0.4,2.594744111674));
#7394 = CARTESIAN_POINT('',(0.4,4.5));
#7395 = ( GEOMETRIC_REPRESENTATION_CONTEXT(2) 
PARAMETRIC_REPRESENTATION_CONTEXT() REPRESENTATION_CONTEXT('2D SPACE',''
  ) );
#7396 = ADVANCED_FACE('',(#7397),#3844,.T.);
#7397 = FACE_BOUND('',#7398,.T.);
#7398 = EDGE_LOOP('',(#7399,#7400,#7423,#7445));
#7399 = ORIENTED_EDGE('',*,*,#7292,.T.);
#7400 = ORIENTED_EDGE('',*,*,#7401,.T.);
#7401 = EDGE_CURVE('',#7293,#7402,#7404,.T.);
#7402 = VERTEX_POINT('',#7403);
#7403 = CARTESIAN_POINT('',(-7.5,51.4,6.));
#7404 = SURFACE_CURVE('',#7405,(#7409,#7416),.PCURVE_S1.);
#7405 = LINE('',#7406,#7407);
#7406 = CARTESIAN_POINT('',(-4.5,51.4,6.));
#7407 = VECTOR('',#7408,1.);
#7408 = DIRECTION('',(-1.,-0.,-0.));
#7409 = PCURVE('',#3844,#7410);
#7410 = DEFINITIONAL_REPRESENTATION('',(#7411),#7415);
#7411 = LINE('',#7412,#7413);
#7412 = CARTESIAN_POINT('',(1.570796326795,0.));
#7413 = VECTOR('',#7414,1.);
#7414 = DIRECTION('',(0.,1.));
#7415 = ( GEOMETRIC_REPRESENTATION_CONTEXT(2) 
PARAMETRIC_REPRESENTATION_CONTEXT() REPRESENTATION_CONTEXT('2D SPACE',''
  ) );
#7416 = PCURVE('',#6170,#7417);
#7417 = DEFINITIONAL_REPRESENTATION('',(#7418),#7422);
#7418 = LINE('',#7419,#7420);
#7419 = CARTESIAN_POINT('',(4.5,0.4));
#7420 = VECTOR('',#7421,1.);
#7421 = DIRECTION('',(-1.,0.));
#7422 = ( GEOMETRIC_REPRESENTATION_CONTEXT(2) 
PARAMETRIC_REPRESENTATION_CONTEXT() REPRESENTATION_CONTEXT('2D SPACE',''
  ) );
#7423 = ORIENTED_EDGE('',*,*,#7424,.F.);
#7424 = EDGE_CURVE('',#3808,#7402,#7425,.T.);
#7425 = SURFACE_CURVE('',#7426,(#7431,#7438),.PCURVE_S1.);
#7426 = CIRCLE('',#7427,0.4);
#7427 = AXIS2_PLACEMENT_3D('',#7428,#7429,#7430);
#7428 = CARTESIAN_POINT('',(-7.5,51.4,5.6));
#7429 = DIRECTION('',(-1.,-0.,0.));
#7430 = DIRECTION('',(0.,-1.,0.));
#7431 = PCURVE('',#3844,#7432);
#7432 = DEFINITIONAL_REPRESENTATION('',(#7433),#7437);
#7433 = LINE('',#7434,#7435);
#7434 = CARTESIAN_POINT('',(0.,3.));
#7435 = VECTOR('',#7436,1.);
#7436 = DIRECTION('',(1.,0.));
#7437 = ( GEOMETRIC_REPRESENTATION_CONTEXT(2) 
PARAMETRIC_REPRESENTATION_CONTEXT() REPRESENTATION_CONTEXT('2D SPACE',''
  ) );
#7438 = PCURVE('',#3979,#7439);
#7439 = DEFINITIONAL_REPRESENTATION('',(#7440),#7444);
#7440 = LINE('',#7441,#7442);
#7441 = CARTESIAN_POINT('',(2.22044604925E-16,-0.));
#7442 = VECTOR('',#7443,1.);
#7443 = DIRECTION('',(-0.,1.));
#7444 = ( GEOMETRIC_REPRESENTATION_CONTEXT(2) 
PARAMETRIC_REPRESENTATION_CONTEXT() REPRESENTATION_CONTEXT('2D SPACE',''
  ) );
#7445 = ORIENTED_EDGE('',*,*,#3830,.F.);
#7446 = ADVANCED_FACE('',(#7447),#3900,.T.);
#7447 = FACE_BOUND('',#7448,.T.);
#7448 = EDGE_LOOP('',(#7449,#7473,#7494,#7495));
#7449 = ORIENTED_EDGE('',*,*,#7450,.T.);
#7450 = EDGE_CURVE('',#3862,#7451,#7453,.T.);
#7451 = VERTEX_POINT('',#7452);
#7452 = CARTESIAN_POINT('',(3.4,52.5,6.));
#7453 = SURFACE_CURVE('',#7454,(#7459,#7466),.PCURVE_S1.);
#7454 = CIRCLE('',#7455,0.4);
#7455 = AXIS2_PLACEMENT_3D('',#7456,#7457,#7458);
#7456 = CARTESIAN_POINT('',(3.4,52.5,5.6));
#7457 = DIRECTION('',(0.,1.,0.));
#7458 = DIRECTION('',(-1.,0.,0.));
#7459 = PCURVE('',#3900,#7460);
#7460 = DEFINITIONAL_REPRESENTATION('',(#7461),#7465);
#7461 = LINE('',#7462,#7463);
#7462 = CARTESIAN_POINT('',(0.,0.));
#7463 = VECTOR('',#7464,1.);
#7464 = DIRECTION('',(1.,0.));
#7465 = ( GEOMETRIC_REPRESENTATION_CONTEXT(2) 
PARAMETRIC_REPRESENTATION_CONTEXT() REPRESENTATION_CONTEXT('2D SPACE',''
  ) );
#7466 = PCURVE('',#4034,#7467);
#7467 = DEFINITIONAL_REPRESENTATION('',(#7468),#7472);
#7468 = LINE('',#7469,#7470);
#7469 = CARTESIAN_POINT('',(-1.570796326795,0.));
#7470 = VECTOR('',#7471,1.);
#7471 = DIRECTION('',(-0.,1.));
#7472 = ( GEOMETRIC_REPRESENTATION_CONTEXT(2) 
PARAMETRIC_REPRESENTATION_CONTEXT() REPRESENTATION_CONTEXT('2D SPACE',''
  ) );
#7473 = ORIENTED_EDGE('',*,*,#7474,.T.);
#7474 = EDGE_CURVE('',#7451,#7346,#7475,.T.);
#7475 = SURFACE_CURVE('',#7476,(#7480,#7487),.PCURVE_S1.);
#7476 = LINE('',#7477,#7478);
#7477 = CARTESIAN_POINT('',(3.4,52.5,6.));
#7478 = VECTOR('',#7479,1.);
#7479 = DIRECTION('',(0.,1.,0.));
#7480 = PCURVE('',#3900,#7481);
#7481 = DEFINITIONAL_REPRESENTATION('',(#7482),#7486);
#7482 = LINE('',#7483,#7484);
#7483 = CARTESIAN_POINT('',(1.570796326795,0.));
#7484 = VECTOR('',#7485,1.);
#7485 = DIRECTION('',(0.,1.));
#7486 = ( GEOMETRIC_REPRESENTATION_CONTEXT(2) 
PARAMETRIC_REPRESENTATION_CONTEXT() REPRESENTATION_CONTEXT('2D SPACE',''
  ) );
#7487 = PCURVE('',#7171,#7488);
#7488 = DEFINITIONAL_REPRESENTATION('',(#7489),#7493);
#7489 = LINE('',#7490,#7491);
#7490 = CARTESIAN_POINT('',(0.4,1.5));
#7491 = VECTOR('',#7492,1.);
#7492 = DIRECTION('',(0.,1.));
#7493 = ( GEOMETRIC_REPRESENTATION_CONTEXT(2) 
PARAMETRIC_REPRESENTATION_CONTEXT() REPRESENTATION_CONTEXT('2D SPACE',''
  ) );
#7494 = ORIENTED_EDGE('',*,*,#7345,.F.);
#7495 = ORIENTED_EDGE('',*,*,#3886,.F.);
#7496 = ADVANCED_FACE('',(#7497),#3979,.T.);
#7497 = FACE_BOUND('',#7498,.F.);
#7498 = EDGE_LOOP('',(#7499,#7500,#7501,#7525));
#7499 = ORIENTED_EDGE('',*,*,#7424,.F.);
#7500 = ORIENTED_EDGE('',*,*,#3964,.T.);
#7501 = ORIENTED_EDGE('',*,*,#7502,.T.);
#7502 = EDGE_CURVE('',#3918,#7503,#7505,.T.);
#7503 = VERTEX_POINT('',#7504);
#7504 = CARTESIAN_POINT('',(-8.6,52.5,6.));
#7505 = SURFACE_CURVE('',#7506,(#7511,#7518),.PCURVE_S1.);
#7506 = CIRCLE('',#7507,0.4);
#7507 = AXIS2_PLACEMENT_3D('',#7508,#7509,#7510);
#7508 = CARTESIAN_POINT('',(-8.6,52.5,5.6));
#7509 = DIRECTION('',(0.,1.,0.));
#7510 = DIRECTION('',(-1.,0.,0.));
#7511 = PCURVE('',#3979,#7512);
#7512 = DEFINITIONAL_REPRESENTATION('',(#7513),#7517);
#7513 = LINE('',#7514,#7515);
#7514 = CARTESIAN_POINT('',(-1.570796326795,0.));
#7515 = VECTOR('',#7516,1.);
#7516 = DIRECTION('',(-0.,1.));
#7517 = ( GEOMETRIC_REPRESENTATION_CONTEXT(2) 
PARAMETRIC_REPRESENTATION_CONTEXT() REPRESENTATION_CONTEXT('2D SPACE',''
  ) );
#7518 = PCURVE('',#6091,#7519);
#7519 = DEFINITIONAL_REPRESENTATION('',(#7520),#7524);
#7520 = LINE('',#7521,#7522);
#7521 = CARTESIAN_POINT('',(0.,0.));
#7522 = VECTOR('',#7523,1.);
#7523 = DIRECTION('',(1.,0.));
#7524 = ( GEOMETRIC_REPRESENTATION_CONTEXT(2) 
PARAMETRIC_REPRESENTATION_CONTEXT() REPRESENTATION_CONTEXT('2D SPACE',''
  ) );
#7525 = ORIENTED_EDGE('',*,*,#7526,.F.);
#7526 = EDGE_CURVE('',#7402,#7503,#7527,.T.);
#7527 = SURFACE_CURVE('',#7528,(#7533,#7540),.PCURVE_S1.);
#7528 = CIRCLE('',#7529,1.1);
#7529 = AXIS2_PLACEMENT_3D('',#7530,#7531,#7532);
#7530 = CARTESIAN_POINT('',(-7.5,52.5,6.));
#7531 = DIRECTION('',(-0.,0.,-1.));
#7532 = DIRECTION('',(-2.960594732334E-16,-1.,0.));
#7533 = PCURVE('',#3979,#7534);
#7534 = DEFINITIONAL_REPRESENTATION('',(#7535),#7539);
#7535 = LINE('',#7536,#7537);
#7536 = CARTESIAN_POINT('',(-0.,1.570796326795));
#7537 = VECTOR('',#7538,1.);
#7538 = DIRECTION('',(-1.,0.));
#7539 = ( GEOMETRIC_REPRESENTATION_CONTEXT(2) 
PARAMETRIC_REPRESENTATION_CONTEXT() REPRESENTATION_CONTEXT('2D SPACE',''
  ) );
#7540 = PCURVE('',#6170,#7541);
#7541 = DEFINITIONAL_REPRESENTATION('',(#7542),#7550);
#7542 = ( BOUNDED_CURVE() B_SPLINE_CURVE(2,(#7543,#7544,#7545,#7546,
#7547,#7548,#7549),.UNSPECIFIED.,.T.,.F.) B_SPLINE_CURVE_WITH_KNOTS((1,2
    ,2,2,2,1),(-2.094395102393,0.,2.094395102393,4.188790204786,
6.28318530718,8.377580409573),.UNSPECIFIED.) CURVE() 
GEOMETRIC_REPRESENTATION_ITEM() RATIONAL_B_SPLINE_CURVE((1.,0.5,1.,0.5,
1.,0.5,1.)) REPRESENTATION_ITEM('') );
#7543 = CARTESIAN_POINT('',(1.5,0.4));
#7544 = CARTESIAN_POINT('',(-0.405255888326,0.4));
#7545 = CARTESIAN_POINT('',(0.547372055837,2.05));
#7546 = CARTESIAN_POINT('',(1.5,3.7));
#7547 = CARTESIAN_POINT('',(2.452627944163,2.05));
#7548 = CARTESIAN_POINT('',(3.405255888326,0.4));
#7549 = CARTESIAN_POINT('',(1.5,0.4));
#7550 = ( GEOMETRIC_REPRESENTATION_CONTEXT(2) 
PARAMETRIC_REPRESENTATION_CONTEXT() REPRESENTATION_CONTEXT('2D SPACE',''
  ) );
#7551 = ADVANCED_FACE('',(#7552),#4034,.T.);
#7552 = FACE_BOUND('',#7553,.F.);
#7553 = EDGE_LOOP('',(#7554,#7578,#7579,#7580));
#7554 = ORIENTED_EDGE('',*,*,#7555,.F.);
#7555 = EDGE_CURVE('',#3997,#7556,#7558,.T.);
#7556 = VERTEX_POINT('',#7557);
#7557 = CARTESIAN_POINT('',(4.5,51.4,6.));
#7558 = SURFACE_CURVE('',#7559,(#7564,#7571),.PCURVE_S1.);
#7559 = CIRCLE('',#7560,0.4);
#7560 = AXIS2_PLACEMENT_3D('',#7561,#7562,#7563);
#7561 = CARTESIAN_POINT('',(4.5,51.4,5.6));
#7562 = DIRECTION('',(-1.,-0.,0.));
#7563 = DIRECTION('',(0.,-1.,0.));
#7564 = PCURVE('',#4034,#7565);
#7565 = DEFINITIONAL_REPRESENTATION('',(#7566),#7570);
#7566 = LINE('',#7567,#7568);
#7567 = CARTESIAN_POINT('',(2.22044604925E-16,-0.));
#7568 = VECTOR('',#7569,1.);
#7569 = DIRECTION('',(-0.,1.));
#7570 = ( GEOMETRIC_REPRESENTATION_CONTEXT(2) 
PARAMETRIC_REPRESENTATION_CONTEXT() REPRESENTATION_CONTEXT('2D SPACE',''
  ) );
#7571 = PCURVE('',#4066,#7572);
#7572 = DEFINITIONAL_REPRESENTATION('',(#7573),#7577);
#7573 = LINE('',#7574,#7575);
#7574 = CARTESIAN_POINT('',(0.,3.));
#7575 = VECTOR('',#7576,1.);
#7576 = DIRECTION('',(1.,0.));
#7577 = ( GEOMETRIC_REPRESENTATION_CONTEXT(2) 
PARAMETRIC_REPRESENTATION_CONTEXT() REPRESENTATION_CONTEXT('2D SPACE',''
  ) );
#7578 = ORIENTED_EDGE('',*,*,#4019,.T.);
#7579 = ORIENTED_EDGE('',*,*,#7450,.T.);
#7580 = ORIENTED_EDGE('',*,*,#7581,.F.);
#7581 = EDGE_CURVE('',#7556,#7451,#7582,.T.);
#7582 = SURFACE_CURVE('',#7583,(#7588,#7595),.PCURVE_S1.);
#7583 = CIRCLE('',#7584,1.1);
#7584 = AXIS2_PLACEMENT_3D('',#7585,#7586,#7587);
#7585 = CARTESIAN_POINT('',(4.5,52.5,6.));
#7586 = DIRECTION('',(-0.,0.,-1.));
#7587 = DIRECTION('',(-2.960594732334E-16,-1.,0.));
#7588 = PCURVE('',#4034,#7589);
#7589 = DEFINITIONAL_REPRESENTATION('',(#7590),#7594);
#7590 = LINE('',#7591,#7592);
#7591 = CARTESIAN_POINT('',(-0.,1.570796326795));
#7592 = VECTOR('',#7593,1.);
#7593 = DIRECTION('',(-1.,0.));
#7594 = ( GEOMETRIC_REPRESENTATION_CONTEXT(2) 
PARAMETRIC_REPRESENTATION_CONTEXT() REPRESENTATION_CONTEXT('2D SPACE',''
  ) );
#7595 = PCURVE('',#7171,#7596);
#7596 = DEFINITIONAL_REPRESENTATION('',(#7597),#7605);
#7597 = ( BOUNDED_CURVE() B_SPLINE_CURVE(2,(#7598,#7599,#7600,#7601,
#7602,#7603,#7604),.UNSPECIFIED.,.T.,.F.) B_SPLINE_CURVE_WITH_KNOTS((1,2
    ,2,2,2,1),(-2.094395102393,0.,2.094395102393,4.188790204786,
6.28318530718,8.377580409573),.UNSPECIFIED.) CURVE() 
GEOMETRIC_REPRESENTATION_ITEM() RATIONAL_B_SPLINE_CURVE((1.,0.5,1.,0.5,
1.,0.5,1.)) REPRESENTATION_ITEM('') );
#7598 = CARTESIAN_POINT('',(1.5,0.4));
#7599 = CARTESIAN_POINT('',(-0.405255888326,0.4));
#7600 = CARTESIAN_POINT('',(0.547372055837,2.05));
#7601 = CARTESIAN_POINT('',(1.5,3.7));
#7602 = CARTESIAN_POINT('',(2.452627944163,2.05));
#7603 = CARTESIAN_POINT('',(3.405255888326,0.4));
#7604 = CARTESIAN_POINT('',(1.5,0.4));
#7605 = ( GEOMETRIC_REPRESENTATION_CONTEXT(2) 
PARAMETRIC_REPRESENTATION_CONTEXT() REPRESENTATION_CONTEXT('2D SPACE',''
  ) );
#7606 = ADVANCED_FACE('',(#7607),#4066,.T.);
#7607 = FACE_BOUND('',#7608,.T.);
#7608 = EDGE_LOOP('',(#7609,#7633,#7654,#7655));
#7609 = ORIENTED_EDGE('',*,*,#7610,.T.);
#7610 = EDGE_CURVE('',#4051,#7611,#7613,.T.);
#7611 = VERTEX_POINT('',#7612);
#7612 = CARTESIAN_POINT('',(7.5,51.4,6.));
#7613 = SURFACE_CURVE('',#7614,(#7619,#7626),.PCURVE_S1.);
#7614 = CIRCLE('',#7615,0.4);
#7615 = AXIS2_PLACEMENT_3D('',#7616,#7617,#7618);
#7616 = CARTESIAN_POINT('',(7.5,51.4,5.6));
#7617 = DIRECTION('',(-1.,-6.123233995737E-17,0.));
#7618 = DIRECTION('',(6.123233995737E-17,-1.,-0.));
#7619 = PCURVE('',#4066,#7620);
#7620 = DEFINITIONAL_REPRESENTATION('',(#7621),#7625);
#7621 = LINE('',#7622,#7623);
#7622 = CARTESIAN_POINT('',(0.,0.));
#7623 = VECTOR('',#7624,1.);
#7624 = DIRECTION('',(1.,0.));
#7625 = ( GEOMETRIC_REPRESENTATION_CONTEXT(2) 
PARAMETRIC_REPRESENTATION_CONTEXT() REPRESENTATION_CONTEXT('2D SPACE',''
  ) );
#7626 = PCURVE('',#4227,#7627);
#7627 = DEFINITIONAL_REPRESENTATION('',(#7628),#7632);
#7628 = LINE('',#7629,#7630);
#7629 = CARTESIAN_POINT('',(-1.570796326795,0.));
#7630 = VECTOR('',#7631,1.);
#7631 = DIRECTION('',(-0.,1.));
#7632 = ( GEOMETRIC_REPRESENTATION_CONTEXT(2) 
PARAMETRIC_REPRESENTATION_CONTEXT() REPRESENTATION_CONTEXT('2D SPACE',''
  ) );
#7633 = ORIENTED_EDGE('',*,*,#7634,.T.);
#7634 = EDGE_CURVE('',#7611,#7556,#7635,.T.);
#7635 = SURFACE_CURVE('',#7636,(#7640,#7647),.PCURVE_S1.);
#7636 = LINE('',#7637,#7638);
#7637 = CARTESIAN_POINT('',(7.5,51.4,6.));
#7638 = VECTOR('',#7639,1.);
#7639 = DIRECTION('',(-1.,-0.,-0.));
#7640 = PCURVE('',#4066,#7641);
#7641 = DEFINITIONAL_REPRESENTATION('',(#7642),#7646);
#7642 = LINE('',#7643,#7644);
#7643 = CARTESIAN_POINT('',(1.570796326795,0.));
#7644 = VECTOR('',#7645,1.);
#7645 = DIRECTION('',(0.,1.));
#7646 = ( GEOMETRIC_REPRESENTATION_CONTEXT(2) 
PARAMETRIC_REPRESENTATION_CONTEXT() REPRESENTATION_CONTEXT('2D SPACE',''
  ) );
#7647 = PCURVE('',#7171,#7648);
#7648 = DEFINITIONAL_REPRESENTATION('',(#7649),#7653);
#7649 = LINE('',#7650,#7651);
#7650 = CARTESIAN_POINT('',(4.5,0.4));
#7651 = VECTOR('',#7652,1.);
#7652 = DIRECTION('',(-1.,0.));
#7653 = ( GEOMETRIC_REPRESENTATION_CONTEXT(2) 
PARAMETRIC_REPRESENTATION_CONTEXT() REPRESENTATION_CONTEXT('2D SPACE',''
  ) );
#7654 = ORIENTED_EDGE('',*,*,#7555,.F.);
#7655 = ORIENTED_EDGE('',*,*,#4050,.F.);
#7656 = ADVANCED_FACE('',(#7657),#4142,.T.);
#7657 = FACE_BOUND('',#7658,.T.);
#7658 = EDGE_LOOP('',(#7659,#7660,#7689,#7710));
#7659 = ORIENTED_EDGE('',*,*,#5489,.F.);
#7660 = ORIENTED_EDGE('',*,*,#7661,.F.);
#7661 = EDGE_CURVE('',#7662,#5490,#7664,.T.);
#7662 = VERTEX_POINT('',#7663);
#7663 = CARTESIAN_POINT('',(-5.,-2.775557561563E-17,0.2));
#7664 = SURFACE_CURVE('',#7665,(#7670,#7677),.PCURVE_S1.);
#7665 = CIRCLE('',#7666,4.);
#7666 = AXIS2_PLACEMENT_3D('',#7667,#7668,#7669);
#7667 = CARTESIAN_POINT('',(-5.,4.,0.2));
#7668 = DIRECTION('',(-0.,0.,-1.));
#7669 = DIRECTION('',(-2.22044604925E-16,-1.,0.));
#7670 = PCURVE('',#4142,#7671);
#7671 = DEFINITIONAL_REPRESENTATION('',(#7672),#7676);
#7672 = LINE('',#7673,#7674);
#7673 = CARTESIAN_POINT('',(1.570796326795,0.2));
#7674 = VECTOR('',#7675,1.);
#7675 = DIRECTION('',(-1.,-0.));
#7676 = ( GEOMETRIC_REPRESENTATION_CONTEXT(2) 
PARAMETRIC_REPRESENTATION_CONTEXT() REPRESENTATION_CONTEXT('2D SPACE',''
  ) );
#7677 = PCURVE('',#7678,#7683);
#7678 = TOROIDAL_SURFACE('',#7679,3.8,0.2);
#7679 = AXIS2_PLACEMENT_3D('',#7680,#7681,#7682);
#7680 = CARTESIAN_POINT('',(-5.,4.,0.2));
#7681 = DIRECTION('',(-0.,-0.,-1.));
#7682 = DIRECTION('',(-2.22044604925E-16,-1.,0.));
#7683 = DEFINITIONAL_REPRESENTATION('',(#7684),#7688);
#7684 = LINE('',#7685,#7686);
#7685 = CARTESIAN_POINT('',(0.,0.));
#7686 = VECTOR('',#7687,1.);
#7687 = DIRECTION('',(1.,0.));
#7688 = ( GEOMETRIC_REPRESENTATION_CONTEXT(2) 
PARAMETRIC_REPRESENTATION_CONTEXT() REPRESENTATION_CONTEXT('2D SPACE',''
  ) );
#7689 = ORIENTED_EDGE('',*,*,#7690,.T.);
#7690 = EDGE_CURVE('',#7662,#4104,#7691,.T.);
#7691 = SURFACE_CURVE('',#7692,(#7696,#7703),.PCURVE_S1.);
#7692 = LINE('',#7693,#7694);
#7693 = CARTESIAN_POINT('',(-5.,-8.881784197001E-16,0.));
#7694 = VECTOR('',#7695,1.);
#7695 = DIRECTION('',(0.,0.,1.));
#7696 = PCURVE('',#4142,#7697);
#7697 = DEFINITIONAL_REPRESENTATION('',(#7698),#7702);
#7698 = LINE('',#7699,#7700);
#7699 = CARTESIAN_POINT('',(1.570796326795,0.));
#7700 = VECTOR('',#7701,1.);
#7701 = DIRECTION('',(0.,1.));
#7702 = ( GEOMETRIC_REPRESENTATION_CONTEXT(2) 
PARAMETRIC_REPRESENTATION_CONTEXT() REPRESENTATION_CONTEXT('2D SPACE',''
  ) );
#7703 = PCURVE('',#4282,#7704);
#7704 = DEFINITIONAL_REPRESENTATION('',(#7705),#7709);
#7705 = LINE('',#7706,#7707);
#7706 = CARTESIAN_POINT('',(0.,4.));
#7707 = VECTOR('',#7708,1.);
#7708 = DIRECTION('',(1.,0.));
#7709 = ( GEOMETRIC_REPRESENTATION_CONTEXT(2) 
PARAMETRIC_REPRESENTATION_CONTEXT() REPRESENTATION_CONTEXT('2D SPACE',''
  ) );
#7710 = ORIENTED_EDGE('',*,*,#4127,.T.);
#7711 = ADVANCED_FACE('',(#7712),#4227,.T.);
#7712 = FACE_BOUND('',#7713,.F.);
#7713 = EDGE_LOOP('',(#7714,#7738,#7739,#7740));
#7714 = ORIENTED_EDGE('',*,*,#7715,.F.);
#7715 = EDGE_CURVE('',#4162,#7716,#7718,.T.);
#7716 = VERTEX_POINT('',#7717);
#7717 = CARTESIAN_POINT('',(8.6,52.5,6.));
#7718 = SURFACE_CURVE('',#7719,(#7724,#7731),.PCURVE_S1.);
#7719 = CIRCLE('',#7720,0.4);
#7720 = AXIS2_PLACEMENT_3D('',#7721,#7722,#7723);
#7721 = CARTESIAN_POINT('',(8.6,52.5,5.6));
#7722 = DIRECTION('',(0.,-1.,-0.));
#7723 = DIRECTION('',(1.,0.,-0.));
#7724 = PCURVE('',#4227,#7725);
#7725 = DEFINITIONAL_REPRESENTATION('',(#7726),#7730);
#7726 = LINE('',#7727,#7728);
#7727 = CARTESIAN_POINT('',(-0.,0.));
#7728 = VECTOR('',#7729,1.);
#7729 = DIRECTION('',(-0.,1.));
#7730 = ( GEOMETRIC_REPRESENTATION_CONTEXT(2) 
PARAMETRIC_REPRESENTATION_CONTEXT() REPRESENTATION_CONTEXT('2D SPACE',''
  ) );
#7731 = PCURVE('',#7092,#7732);
#7732 = DEFINITIONAL_REPRESENTATION('',(#7733),#7737);
#7733 = LINE('',#7734,#7735);
#7734 = CARTESIAN_POINT('',(0.,3.));
#7735 = VECTOR('',#7736,1.);
#7736 = DIRECTION('',(1.,0.));
#7737 = ( GEOMETRIC_REPRESENTATION_CONTEXT(2) 
PARAMETRIC_REPRESENTATION_CONTEXT() REPRESENTATION_CONTEXT('2D SPACE',''
  ) );
#7738 = ORIENTED_EDGE('',*,*,#4212,.T.);
#7739 = ORIENTED_EDGE('',*,*,#7610,.T.);
#7740 = ORIENTED_EDGE('',*,*,#7741,.F.);
#7741 = EDGE_CURVE('',#7716,#7611,#7742,.T.);
#7742 = SURFACE_CURVE('',#7743,(#7748,#7755),.PCURVE_S1.);
#7743 = CIRCLE('',#7744,1.1);
#7744 = AXIS2_PLACEMENT_3D('',#7745,#7746,#7747);
#7745 = CARTESIAN_POINT('',(7.5,52.5,6.));
#7746 = DIRECTION('',(0.,-0.,-1.));
#7747 = DIRECTION('',(1.,0.,-0.));
#7748 = PCURVE('',#4227,#7749);
#7749 = DEFINITIONAL_REPRESENTATION('',(#7750),#7754);
#7750 = LINE('',#7751,#7752);
#7751 = CARTESIAN_POINT('',(-0.,1.570796326795));
#7752 = VECTOR('',#7753,1.);
#7753 = DIRECTION('',(-1.,0.));
#7754 = ( GEOMETRIC_REPRESENTATION_CONTEXT(2) 
PARAMETRIC_REPRESENTATION_CONTEXT() REPRESENTATION_CONTEXT('2D SPACE',''
  ) );
#7755 = PCURVE('',#7171,#7756);
#7756 = DEFINITIONAL_REPRESENTATION('',(#7757),#7765);
#7757 = ( BOUNDED_CURVE() B_SPLINE_CURVE(2,(#7758,#7759,#7760,#7761,
#7762,#7763,#7764),.UNSPECIFIED.,.T.,.F.) B_SPLINE_CURVE_WITH_KNOTS((1,2
    ,2,2,2,1),(-2.094395102393,0.,2.094395102393,4.188790204786,
6.28318530718,8.377580409573),.UNSPECIFIED.) CURVE() 
GEOMETRIC_REPRESENTATION_ITEM() RATIONAL_B_SPLINE_CURVE((1.,0.5,1.,0.5,
1.,0.5,1.)) REPRESENTATION_ITEM('') );
#7758 = CARTESIAN_POINT('',(5.6,1.5));
#7759 = CARTESIAN_POINT('',(5.6,-0.405255888326));
#7760 = CARTESIAN_POINT('',(3.95,0.547372055837));
#7761 = CARTESIAN_POINT('',(2.3,1.5));
#7762 = CARTESIAN_POINT('',(3.95,2.452627944163));
#7763 = CARTESIAN_POINT('',(5.6,3.405255888326));
#7764 = CARTESIAN_POINT('',(5.6,1.5));
#7765 = ( GEOMETRIC_REPRESENTATION_CONTEXT(2) 
PARAMETRIC_REPRESENTATION_CONTEXT() REPRESENTATION_CONTEXT('2D SPACE',''
  ) );
#7766 = ADVANCED_FACE('',(#7767),#4282,.F.);
#7767 = FACE_BOUND('',#7768,.F.);
#7768 = EDGE_LOOP('',(#7769,#7770,#7771,#7794));
#7769 = ORIENTED_EDGE('',*,*,#7690,.T.);
#7770 = ORIENTED_EDGE('',*,*,#4268,.F.);
#7771 = ORIENTED_EDGE('',*,*,#7772,.F.);
#7772 = EDGE_CURVE('',#7773,#4243,#7775,.T.);
#7773 = VERTEX_POINT('',#7774);
#7774 = CARTESIAN_POINT('',(5.,-8.881784197001E-16,0.2));
#7775 = SURFACE_CURVE('',#7776,(#7780,#7787),.PCURVE_S1.);
#7776 = LINE('',#7777,#7778);
#7777 = CARTESIAN_POINT('',(5.,-8.881784197001E-16,0.));
#7778 = VECTOR('',#7779,1.);
#7779 = DIRECTION('',(0.,0.,1.));
#7780 = PCURVE('',#4282,#7781);
#7781 = DEFINITIONAL_REPRESENTATION('',(#7782),#7786);
#7782 = LINE('',#7783,#7784);
#7783 = CARTESIAN_POINT('',(0.,14.));
#7784 = VECTOR('',#7785,1.);
#7785 = DIRECTION('',(1.,0.));
#7786 = ( GEOMETRIC_REPRESENTATION_CONTEXT(2) 
PARAMETRIC_REPRESENTATION_CONTEXT() REPRESENTATION_CONTEXT('2D SPACE',''
  ) );
#7787 = PCURVE('',#4313,#7788);
#7788 = DEFINITIONAL_REPRESENTATION('',(#7789),#7793);
#7789 = LINE('',#7790,#7791);
#7790 = CARTESIAN_POINT('',(-1.570796326795,0.));
#7791 = VECTOR('',#7792,1.);
#7792 = DIRECTION('',(-0.,1.));
#7793 = ( GEOMETRIC_REPRESENTATION_CONTEXT(2) 
PARAMETRIC_REPRESENTATION_CONTEXT() REPRESENTATION_CONTEXT('2D SPACE',''
  ) );
#7794 = ORIENTED_EDGE('',*,*,#7795,.T.);
#7795 = EDGE_CURVE('',#7773,#7662,#7796,.T.);
#7796 = SURFACE_CURVE('',#7797,(#7801,#7808),.PCURVE_S1.);
#7797 = LINE('',#7798,#7799);
#7798 = CARTESIAN_POINT('',(5.,-2.775557561563E-17,0.2));
#7799 = VECTOR('',#7800,1.);
#7800 = DIRECTION('',(-1.,-0.,-0.));
#7801 = PCURVE('',#4282,#7802);
#7802 = DEFINITIONAL_REPRESENTATION('',(#7803),#7807);
#7803 = LINE('',#7804,#7805);
#7804 = CARTESIAN_POINT('',(0.2,14.));
#7805 = VECTOR('',#7806,1.);
#7806 = DIRECTION('',(0.,-1.));
#7807 = ( GEOMETRIC_REPRESENTATION_CONTEXT(2) 
PARAMETRIC_REPRESENTATION_CONTEXT() REPRESENTATION_CONTEXT('2D SPACE',''
  ) );
#7808 = PCURVE('',#7809,#7814);
#7809 = CYLINDRICAL_SURFACE('',#7810,0.2);
#7810 = AXIS2_PLACEMENT_3D('',#7811,#7812,#7813);
#7811 = CARTESIAN_POINT('',(5.,0.2,0.2));
#7812 = DIRECTION('',(-1.,-0.,-0.));
#7813 = DIRECTION('',(0.,-1.,0.));
#7814 = DEFINITIONAL_REPRESENTATION('',(#7815),#7819);
#7815 = LINE('',#7816,#7817);
#7816 = CARTESIAN_POINT('',(-0.,0.));
#7817 = VECTOR('',#7818,1.);
#7818 = DIRECTION('',(-0.,1.));
#7819 = ( GEOMETRIC_REPRESENTATION_CONTEXT(2) 
PARAMETRIC_REPRESENTATION_CONTEXT() REPRESENTATION_CONTEXT('2D SPACE',''
  ) );
#7820 = ADVANCED_FACE('',(#7821),#4313,.T.);
#7821 = FACE_BOUND('',#7822,.F.);
#7822 = EDGE_LOOP('',(#7823,#7824,#7851,#7852));
#7823 = ORIENTED_EDGE('',*,*,#6239,.F.);
#7824 = ORIENTED_EDGE('',*,*,#7825,.T.);
#7825 = EDGE_CURVE('',#6240,#7773,#7826,.T.);
#7826 = SURFACE_CURVE('',#7827,(#7832,#7839),.PCURVE_S1.);
#7827 = CIRCLE('',#7828,4.);
#7828 = AXIS2_PLACEMENT_3D('',#7829,#7830,#7831);
#7829 = CARTESIAN_POINT('',(5.,4.,0.2));
#7830 = DIRECTION('',(0.,-0.,-1.));
#7831 = DIRECTION('',(1.,0.,-0.));
#7832 = PCURVE('',#4313,#7833);
#7833 = DEFINITIONAL_REPRESENTATION('',(#7834),#7838);
#7834 = LINE('',#7835,#7836);
#7835 = CARTESIAN_POINT('',(-0.,0.2));
#7836 = VECTOR('',#7837,1.);
#7837 = DIRECTION('',(-1.,0.));
#7838 = ( GEOMETRIC_REPRESENTATION_CONTEXT(2) 
PARAMETRIC_REPRESENTATION_CONTEXT() REPRESENTATION_CONTEXT('2D SPACE',''
  ) );
#7839 = PCURVE('',#7840,#7845);
#7840 = TOROIDAL_SURFACE('',#7841,3.8,0.2);
#7841 = AXIS2_PLACEMENT_3D('',#7842,#7843,#7844);
#7842 = CARTESIAN_POINT('',(5.,4.,0.2));
#7843 = DIRECTION('',(-0.,-0.,-1.));
#7844 = DIRECTION('',(1.,0.,-0.));
#7845 = DEFINITIONAL_REPRESENTATION('',(#7846),#7850);
#7846 = LINE('',#7847,#7848);
#7847 = CARTESIAN_POINT('',(0.,0.));
#7848 = VECTOR('',#7849,1.);
#7849 = DIRECTION('',(1.,0.));
#7850 = ( GEOMETRIC_REPRESENTATION_CONTEXT(2) 
PARAMETRIC_REPRESENTATION_CONTEXT() REPRESENTATION_CONTEXT('2D SPACE',''
  ) );
#7851 = ORIENTED_EDGE('',*,*,#7772,.T.);
#7852 = ORIENTED_EDGE('',*,*,#4298,.F.);
#7853 = ADVANCED_FACE('',(#7854),#4369,.F.);
#7854 = FACE_BOUND('',#7855,.F.);
#7855 = EDGE_LOOP('',(#7856,#7857,#7880,#7907));
#7856 = ORIENTED_EDGE('',*,*,#4354,.F.);
#7857 = ORIENTED_EDGE('',*,*,#7858,.F.);
#7858 = EDGE_CURVE('',#7859,#4332,#7861,.T.);
#7859 = VERTEX_POINT('',#7860);
#7860 = CARTESIAN_POINT('',(1.9,5.,0.));
#7861 = SEAM_CURVE('',#7862,(#7866,#7873),.PCURVE_S1.);
#7862 = LINE('',#7863,#7864);
#7863 = CARTESIAN_POINT('',(1.9,5.,0.));
#7864 = VECTOR('',#7865,1.);
#7865 = DIRECTION('',(0.,0.,1.));
#7866 = PCURVE('',#4369,#7867);
#7867 = DEFINITIONAL_REPRESENTATION('',(#7868),#7872);
#7868 = LINE('',#7869,#7870);
#7869 = CARTESIAN_POINT('',(6.28318530718,-0.));
#7870 = VECTOR('',#7871,1.);
#7871 = DIRECTION('',(0.,1.));
#7872 = ( GEOMETRIC_REPRESENTATION_CONTEXT(2) 
PARAMETRIC_REPRESENTATION_CONTEXT() REPRESENTATION_CONTEXT('2D SPACE',''
  ) );
#7873 = PCURVE('',#4369,#7874);
#7874 = DEFINITIONAL_REPRESENTATION('',(#7875),#7879);
#7875 = LINE('',#7876,#7877);
#7876 = CARTESIAN_POINT('',(0.,-0.));
#7877 = VECTOR('',#7878,1.);
#7878 = DIRECTION('',(0.,1.));
#7879 = ( GEOMETRIC_REPRESENTATION_CONTEXT(2) 
PARAMETRIC_REPRESENTATION_CONTEXT() REPRESENTATION_CONTEXT('2D SPACE',''
  ) );
#7880 = ORIENTED_EDGE('',*,*,#7881,.T.);
#7881 = EDGE_CURVE('',#7859,#7859,#7882,.T.);
#7882 = SURFACE_CURVE('',#7883,(#7888,#7895),.PCURVE_S1.);
#7883 = CIRCLE('',#7884,1.9);
#7884 = AXIS2_PLACEMENT_3D('',#7885,#7886,#7887);
#7885 = CARTESIAN_POINT('',(0.,5.,0.));
#7886 = DIRECTION('',(0.,0.,1.));
#7887 = DIRECTION('',(1.,0.,-0.));
#7888 = PCURVE('',#4369,#7889);
#7889 = DEFINITIONAL_REPRESENTATION('',(#7890),#7894);
#7890 = LINE('',#7891,#7892);
#7891 = CARTESIAN_POINT('',(0.,0.));
#7892 = VECTOR('',#7893,1.);
#7893 = DIRECTION('',(1.,0.));
#7894 = ( GEOMETRIC_REPRESENTATION_CONTEXT(2) 
PARAMETRIC_REPRESENTATION_CONTEXT() REPRESENTATION_CONTEXT('2D SPACE',''
  ) );
#7895 = PCURVE('',#7896,#7901);
#7896 = PLANE('',#7897);
#7897 = AXIS2_PLACEMENT_3D('',#7898,#7899,#7900);
#7898 = CARTESIAN_POINT('',(-9.,0.,0.));
#7899 = DIRECTION('',(0.,0.,1.));
#7900 = DIRECTION('',(1.,0.,0.));
#7901 = DEFINITIONAL_REPRESENTATION('',(#7902),#7906);
#7902 = CIRCLE('',#7903,1.9);
#7903 = AXIS2_PLACEMENT_2D('',#7904,#7905);
#7904 = CARTESIAN_POINT('',(9.,5.));
#7905 = DIRECTION('',(1.,0.));
#7906 = ( GEOMETRIC_REPRESENTATION_CONTEXT(2) 
PARAMETRIC_REPRESENTATION_CONTEXT() REPRESENTATION_CONTEXT('2D SPACE',''
  ) );
#7907 = ORIENTED_EDGE('',*,*,#7858,.T.);
#7908 = ADVANCED_FACE('',(#7909),#4446,.T.);
#7909 = FACE_BOUND('',#7910,.T.);
#7910 = EDGE_LOOP('',(#7911,#7931,#7952,#7953,#7954));
#7911 = ORIENTED_EDGE('',*,*,#7912,.T.);
#7912 = EDGE_CURVE('',#4386,#5400,#7913,.T.);
#7913 = SURFACE_CURVE('',#7914,(#7919,#7925),.PCURVE_S1.);
#7914 = CIRCLE('',#7915,1.4);
#7915 = AXIS2_PLACEMENT_3D('',#7916,#7917,#7918);
#7916 = CARTESIAN_POINT('',(-7.6,79.6,16.));
#7917 = DIRECTION('',(-1.224646799147E-16,0.,-1.));
#7918 = DIRECTION('',(-1.,-0.,1.224646799147E-16));
#7919 = PCURVE('',#4446,#7920);
#7920 = DEFINITIONAL_REPRESENTATION('',(#7921),#7924);
#7921 = B_SPLINE_CURVE_WITH_KNOTS('',1,(#7922,#7923),.UNSPECIFIED.,.F.,
  .F.,(2,2),(0.,1.570796326795),.PIECEWISE_BEZIER_KNOTS.);
#7922 = CARTESIAN_POINT('',(0.,0.));
#7923 = CARTESIAN_POINT('',(1.570796326795,0.));
#7924 = ( GEOMETRIC_REPRESENTATION_CONTEXT(2) 
PARAMETRIC_REPRESENTATION_CONTEXT() REPRESENTATION_CONTEXT('2D SPACE',''
  ) );
#7925 = PCURVE('',#5127,#7926);
#7926 = DEFINITIONAL_REPRESENTATION('',(#7927),#7930);
#7927 = B_SPLINE_CURVE_WITH_KNOTS('',1,(#7928,#7929),.UNSPECIFIED.,.F.,
  .F.,(2,2),(0.,1.570796326795),.PIECEWISE_BEZIER_KNOTS.);
#7928 = CARTESIAN_POINT('',(-3.14159265359,0.));
#7929 = CARTESIAN_POINT('',(-3.14159265359,1.570796326795));
#7930 = ( GEOMETRIC_REPRESENTATION_CONTEXT(2) 
PARAMETRIC_REPRESENTATION_CONTEXT() REPRESENTATION_CONTEXT('2D SPACE',''
  ) );
#7931 = ORIENTED_EDGE('',*,*,#7932,.T.);
#7932 = EDGE_CURVE('',#5400,#5996,#7933,.T.);
#7933 = SURFACE_CURVE('',#7934,(#7938,#7945),.PCURVE_S1.);
#7934 = LINE('',#7935,#7936);
#7935 = CARTESIAN_POINT('',(-7.6,81.,16.));
#7936 = VECTOR('',#7937,1.);
#7937 = DIRECTION('',(0.,0.,-1.));
#7938 = PCURVE('',#4446,#7939);
#7939 = DEFINITIONAL_REPRESENTATION('',(#7940),#7944);
#7940 = LINE('',#7941,#7942);
#7941 = CARTESIAN_POINT('',(1.570796326795,0.));
#7942 = VECTOR('',#7943,1.);
#7943 = DIRECTION('',(0.,1.));
#7944 = ( GEOMETRIC_REPRESENTATION_CONTEXT(2) 
PARAMETRIC_REPRESENTATION_CONTEXT() REPRESENTATION_CONTEXT('2D SPACE',''
  ) );
#7945 = PCURVE('',#5881,#7946);
#7946 = DEFINITIONAL_REPRESENTATION('',(#7947),#7951);
#7947 = LINE('',#7948,#7949);
#7948 = CARTESIAN_POINT('',(0.,-1.4));
#7949 = VECTOR('',#7950,1.);
#7950 = DIRECTION('',(1.,0.));
#7951 = ( GEOMETRIC_REPRESENTATION_CONTEXT(2) 
PARAMETRIC_REPRESENTATION_CONTEXT() REPRESENTATION_CONTEXT('2D SPACE',''
  ) );
#7952 = ORIENTED_EDGE('',*,*,#5995,.F.);
#7953 = ORIENTED_EDGE('',*,*,#4461,.F.);
#7954 = ORIENTED_EDGE('',*,*,#4432,.F.);
#7955 = ADVANCED_FACE('',(#7956),#4511,.F.);
#7956 = FACE_BOUND('',#7957,.F.);
#7957 = EDGE_LOOP('',(#7958,#7959,#7960));
#7958 = ORIENTED_EDGE('',*,*,#4493,.T.);
#7959 = ORIENTED_EDGE('',*,*,#6830,.T.);
#7960 = ORIENTED_EDGE('',*,*,#4924,.T.);
#7961 = ADVANCED_FACE('',(#7962),#5072,.F.);
#7962 = FACE_BOUND('',#7963,.F.);
#7963 = EDGE_LOOP('',(#7964,#7965,#7966,#7967));
#7964 = ORIENTED_EDGE('',*,*,#6894,.T.);
#7965 = ORIENTED_EDGE('',*,*,#5058,.T.);
#7966 = ORIENTED_EDGE('',*,*,#5087,.F.);
#7967 = ORIENTED_EDGE('',*,*,#7968,.F.);
#7968 = EDGE_CURVE('',#6864,#5088,#7969,.T.);
#7969 = SURFACE_CURVE('',#7970,(#7974,#7981),.PCURVE_S1.);
#7970 = LINE('',#7971,#7972);
#7971 = CARTESIAN_POINT('',(9.,79.6,3.));
#7972 = VECTOR('',#7973,1.);
#7973 = DIRECTION('',(0.,0.,1.));
#7974 = PCURVE('',#5072,#7975);
#7975 = DEFINITIONAL_REPRESENTATION('',(#7976),#7980);
#7976 = LINE('',#7977,#7978);
#7977 = CARTESIAN_POINT('',(0.,-1.4));
#7978 = VECTOR('',#7979,1.);
#7979 = DIRECTION('',(1.,0.));
#7980 = ( GEOMETRIC_REPRESENTATION_CONTEXT(2) 
PARAMETRIC_REPRESENTATION_CONTEXT() REPRESENTATION_CONTEXT('2D SPACE',''
  ) );
#7981 = PCURVE('',#6880,#7982);
#7982 = DEFINITIONAL_REPRESENTATION('',(#7983),#7987);
#7983 = LINE('',#7984,#7985);
#7984 = CARTESIAN_POINT('',(0.,0.));
#7985 = VECTOR('',#7986,1.);
#7986 = DIRECTION('',(0.,1.));
#7987 = ( GEOMETRIC_REPRESENTATION_CONTEXT(2) 
PARAMETRIC_REPRESENTATION_CONTEXT() REPRESENTATION_CONTEXT('2D SPACE',''
  ) );
#7988 = ADVANCED_FACE('',(#7989),#5127,.T.);
#7989 = FACE_BOUND('',#7990,.F.);
#7990 = EDGE_LOOP('',(#7991,#8011,#8012,#8013));
#7991 = ORIENTED_EDGE('',*,*,#7992,.F.);
#7992 = EDGE_CURVE('',#5088,#5377,#7993,.T.);
#7993 = SURFACE_CURVE('',#7994,(#7999,#8005),.PCURVE_S1.);
#7994 = CIRCLE('',#7995,1.4);
#7995 = AXIS2_PLACEMENT_3D('',#7996,#7997,#7998);
#7996 = CARTESIAN_POINT('',(7.6,79.6,16.));
#7997 = DIRECTION('',(0.,0.,1.));
#7998 = DIRECTION('',(1.,0.,-0.));
#7999 = PCURVE('',#5127,#8000);
#8000 = DEFINITIONAL_REPRESENTATION('',(#8001),#8004);
#8001 = B_SPLINE_CURVE_WITH_KNOTS('',1,(#8002,#8003),.UNSPECIFIED.,.F.,
  .F.,(2,2),(0.,1.570796326795),.PIECEWISE_BEZIER_KNOTS.);
#8002 = CARTESIAN_POINT('',(0.,0.));
#8003 = CARTESIAN_POINT('',(0.,1.570796326795));
#8004 = ( GEOMETRIC_REPRESENTATION_CONTEXT(2) 
PARAMETRIC_REPRESENTATION_CONTEXT() REPRESENTATION_CONTEXT('2D SPACE',''
  ) );
#8005 = PCURVE('',#6880,#8006);
#8006 = DEFINITIONAL_REPRESENTATION('',(#8007),#8010);
#8007 = B_SPLINE_CURVE_WITH_KNOTS('',1,(#8008,#8009),.UNSPECIFIED.,.F.,
  .F.,(2,2),(0.,1.570796326795),.PIECEWISE_BEZIER_KNOTS.);
#8008 = CARTESIAN_POINT('',(0.,13.));
#8009 = CARTESIAN_POINT('',(1.570796326795,13.));
#8010 = ( GEOMETRIC_REPRESENTATION_CONTEXT(2) 
PARAMETRIC_REPRESENTATION_CONTEXT() REPRESENTATION_CONTEXT('2D SPACE',''
  ) );
#8011 = ORIENTED_EDGE('',*,*,#5112,.T.);
#8012 = ORIENTED_EDGE('',*,*,#7912,.T.);
#8013 = ORIENTED_EDGE('',*,*,#5399,.F.);
#8014 = ADVANCED_FACE('',(#8015),#5160,.F.);
#8015 = FACE_BOUND('',#8016,.F.);
#8016 = EDGE_LOOP('',(#8017,#8142,#8170,#8203,#8229));
#8017 = ORIENTED_EDGE('',*,*,#8018,.T.);
#8018 = EDGE_CURVE('',#5143,#8019,#8021,.T.);
#8019 = VERTEX_POINT('',#8020);
#8020 = CARTESIAN_POINT('',(-6.,83.,10.612244897959));
#8021 = SURFACE_CURVE('',#8022,(#8060,#8101),.PCURVE_S1.);
#8022 = B_SPLINE_CURVE_WITH_KNOTS('',8,(#8023,#8024,#8025,#8026,#8027,
    #8028,#8029,#8030,#8031,#8032,#8033,#8034,#8035,#8036,#8037,#8038,
    #8039,#8040,#8041,#8042,#8043,#8044,#8045,#8046,#8047,#8048,#8049,
    #8050,#8051,#8052,#8053,#8054,#8055,#8056,#8057,#8058,#8059),
  .UNSPECIFIED.,.F.,.F.,(9,7,7,7,7,9),(0.,9.006536133927E-02,
    0.154824812392,0.352563847474,0.741214456728,1.),.UNSPECIFIED.);
#8023 = CARTESIAN_POINT('',(-4.,81.,16.));
#8024 = CARTESIAN_POINT('',(-4.067628150881,81.,16.));
#8025 = CARTESIAN_POINT('',(-4.135186707792,81.002613500198,
    15.991786216646));
#8026 = CARTESIAN_POINT('',(-4.201417326503,81.007830927687,
    15.975388263957));
#8027 = CARTESIAN_POINT('',(-4.265553017466,81.015389836388,
    15.951649493938));
#8028 = CARTESIAN_POINT('',(-4.327142413714,81.024942572563,
    15.921694299787));
#8029 = CARTESIAN_POINT('',(-4.385958967991,81.036139449476,
    15.886653825761));
#8030 = CARTESIAN_POINT('',(-4.44195754355,81.048667610128,
    15.847534733594));
#8031 = CARTESIAN_POINT('',(-4.533553022932,81.072077575982,
    15.774615215683));
#8032 = CARTESIAN_POINT('',(-4.570521608986,81.08244824985,
    15.742360880961));
#8033 = CARTESIAN_POINT('',(-4.606218228832,81.09332161567,15.7086001007
    ));
#8034 = CARTESIAN_POINT('',(-4.640710531735,81.104633019114,
    15.673543124894));
#8035 = CARTESIAN_POINT('',(-4.674064914507,81.116328322107,
    15.637366134224));
#8036 = CARTESIAN_POINT('',(-4.706348296965,81.128363299318,
    15.600213302314));
#8037 = CARTESIAN_POINT('',(-4.737628966943,81.140703423462,
    15.562197810092));
#8038 = CARTESIAN_POINT('',(-4.86064082094,81.191860320761,
    15.404940598316));
#8039 = CARTESIAN_POINT('',(-4.944367301046,81.232911948658,
    15.279509196025));
#8040 = CARTESIAN_POINT('',(-5.021285796344,81.275787209062,
    15.14940782611));
#8041 = CARTESIAN_POINT('',(-5.09231363669,81.320109052603,
    15.015909681782));
#8042 = CARTESIAN_POINT('',(-5.158311329232,81.365583476534,
    14.880002167095));
#8043 = CARTESIAN_POINT('',(-5.219854899396,81.412055070468,
    14.742227290261));
#8044 = CARTESIAN_POINT('',(-5.277493608716,81.459452841057,
    14.602869410241));
#8045 = CARTESIAN_POINT('',(-5.438194109361,81.602868198032,
    14.184833899699));
#8046 = CARTESIAN_POINT('',(-5.530926417651,81.701232959733,
    13.902750711617));
#8047 = CARTESIAN_POINT('',(-5.612880599717,81.802510379432,
    13.617378450137));
#8048 = CARTESIAN_POINT('',(-5.68520081282,81.906530615304,
    13.329698187992));
#8049 = CARTESIAN_POINT('',(-5.748842575235,82.013192057303,
    13.040484487619));
#8050 = CARTESIAN_POINT('',(-5.804252628004,82.122506875374,
    12.750195505148));
#8051 = CARTESIAN_POINT('',(-5.851732201791,82.234569483281,
    12.459112973286));
#8052 = CARTESIAN_POINT('',(-5.917628778835,82.426188267803,
    11.972992254684));
#8053 = CARTESIAN_POINT('',(-5.940440323021,82.504048415559,
    11.778477726266));
#8054 = CARTESIAN_POINT('',(-5.959727571971,82.583213047213,
    11.583838388293));
#8055 = CARTESIAN_POINT('',(-5.975443162034,82.663719973309,
    11.389164838786));
#8056 = CARTESIAN_POINT('',(-5.987494854926,82.745608873214,
    11.194555998443));
#8057 = CARTESIAN_POINT('',(-5.995744513347,82.828921570968,
    11.000119829906));
#8058 = CARTESIAN_POINT('',(-6.,82.913702591899,10.805973773287));
#8059 = CARTESIAN_POINT('',(-6.,83.,10.612244897959));
#8060 = PCURVE('',#5160,#8061);
#8061 = DEFINITIONAL_REPRESENTATION('',(#8062),#8100);
#8062 = B_SPLINE_CURVE_WITH_KNOTS('',8,(#8063,#8064,#8065,#8066,#8067,
    #8068,#8069,#8070,#8071,#8072,#8073,#8074,#8075,#8076,#8077,#8078,
    #8079,#8080,#8081,#8082,#8083,#8084,#8085,#8086,#8087,#8088,#8089,
    #8090,#8091,#8092,#8093,#8094,#8095,#8096,#8097,#8098,#8099),
  .UNSPECIFIED.,.F.,.F.,(9,7,7,7,7,9),(0.,9.006536133927E-02,
    0.154824812392,0.352563847474,0.741214456728,1.),.UNSPECIFIED.);
#8063 = CARTESIAN_POINT('',(0.,0.));
#8064 = CARTESIAN_POINT('',(3.381407544058E-02,0.));
#8065 = CARTESIAN_POINT('',(6.759332688321E-02,8.213783353922E-03));
#8066 = CARTESIAN_POINT('',(0.10076766159,2.461173604326E-02));
#8067 = CARTESIAN_POINT('',(0.133011560093,4.835050606238E-02));
#8068 = CARTESIAN_POINT('',(0.16413669955,7.83057002126E-02));
#8069 = CARTESIAN_POINT('',(0.194046936337,0.113346174239));
#8070 = CARTESIAN_POINT('',(0.222725396685,0.152465266406));
#8071 = CARTESIAN_POINT('',(0.269995255857,0.225384784317));
#8072 = CARTESIAN_POINT('',(0.289187893546,0.257639119039));
#8073 = CARTESIAN_POINT('',(0.307838358125,0.2913998993));
#8074 = CARTESIAN_POINT('',(0.325980325791,0.326456875105));
#8075 = CARTESIAN_POINT('',(0.343646035058,0.362633865776));
#8076 = CARTESIAN_POINT('',(0.360867670109,0.399786697686));
#8077 = CARTESIAN_POINT('',(0.377678220495,0.437802189908));
#8078 = CARTESIAN_POINT('',(0.444290802574,0.595059401684));
#8079 = CARTESIAN_POINT('',(0.490826498809,0.720490803975));
#8080 = CARTESIAN_POINT('',(0.534761013846,0.850592173891));
#8081 = CARTESIAN_POINT('',(0.576524637408,0.984090318216));
#8082 = CARTESIAN_POINT('',(0.616521762946,1.119997832906));
#8083 = CARTESIAN_POINT('',(0.655023901757,1.257772709739));
#8084 = CARTESIAN_POINT('',(0.69230567247,1.397130589759));
#8085 = CARTESIAN_POINT('',(0.800000397879,1.815166100301));
#8086 = CARTESIAN_POINT('',(0.867341820472,2.097249288383));
#8087 = CARTESIAN_POINT('',(0.932184258403,2.382621549861));
#8088 = CARTESIAN_POINT('',(0.995199443338,2.670301812011));
#8089 = CARTESIAN_POINT('',(1.057008763313,2.959515512379));
#8090 = CARTESIAN_POINT('',(1.118045584011,3.249804494853));
#8091 = CARTESIAN_POINT('',(1.178751896156,3.540887026714));
#8092 = CARTESIAN_POINT('',(1.280068377353,4.027007745316));
#8093 = CARTESIAN_POINT('',(1.32059165593,4.221522273734));
#8094 = CARTESIAN_POINT('',(1.361259576596,4.416161611707));
#8095 = CARTESIAN_POINT('',(1.402184695663,4.610835161214));
#8096 = CARTESIAN_POINT('',(1.443478487738,4.805444001557));
#8097 = CARTESIAN_POINT('',(1.485257030924,4.999880170094));
#8098 = CARTESIAN_POINT('',(1.527647622745,5.194026226713));
#8099 = CARTESIAN_POINT('',(1.570796326795,5.387755102041));
#8100 = ( GEOMETRIC_REPRESENTATION_CONTEXT(2) 
PARAMETRIC_REPRESENTATION_CONTEXT() REPRESENTATION_CONTEXT('2D SPACE',''
  ) );
#8101 = PCURVE('',#5439,#8102);
#8102 = DEFINITIONAL_REPRESENTATION('',(#8103),#8141);
#8103 = B_SPLINE_CURVE_WITH_KNOTS('',8,(#8104,#8105,#8106,#8107,#8108,
    #8109,#8110,#8111,#8112,#8113,#8114,#8115,#8116,#8117,#8118,#8119,
    #8120,#8121,#8122,#8123,#8124,#8125,#8126,#8127,#8128,#8129,#8130,
    #8131,#8132,#8133,#8134,#8135,#8136,#8137,#8138,#8139,#8140),
  .UNSPECIFIED.,.F.,.F.,(9,7,7,7,7,9),(0.,9.006536133927E-02,
    0.154824812392,0.352563847474,0.741214456728,1.),.UNSPECIFIED.);
#8104 = CARTESIAN_POINT('',(1.,-5.));
#8105 = CARTESIAN_POINT('',(1.,-4.932371849119));
#8106 = CARTESIAN_POINT('',(0.999626642829,-4.864813292208));
#8107 = CARTESIAN_POINT('',(0.998881296045,-4.798582673497));
#8108 = CARTESIAN_POINT('',(0.997801451945,-4.734446982534));
#8109 = CARTESIAN_POINT('',(0.996436775348,-4.672857586286));
#8110 = CARTESIAN_POINT('',(0.994837221503,-4.614041032009));
#8111 = CARTESIAN_POINT('',(0.993047484267,-4.55804245645));
#8112 = CARTESIAN_POINT('',(0.989703203431,-4.466446977068));
#8113 = CARTESIAN_POINT('',(0.988221678593,-4.429478391014));
#8114 = CARTESIAN_POINT('',(0.986668340619,-4.393781771168));
#8115 = CARTESIAN_POINT('',(0.985052425841,-4.359289468265));
#8116 = CARTESIAN_POINT('',(0.98338166827,-4.325935085493));
#8117 = CARTESIAN_POINT('',(0.981662385812,-4.293651703035));
#8118 = CARTESIAN_POINT('',(0.979899510934,-4.262371033057));
#8119 = CARTESIAN_POINT('',(0.972591382748,-4.13935917906));
#8120 = CARTESIAN_POINT('',(0.966726864477,-4.055632698953));
#8121 = CARTESIAN_POINT('',(0.960601827277,-3.978714203657));
#8122 = CARTESIAN_POINT('',(0.954270135343,-3.907686363308));
#8123 = CARTESIAN_POINT('',(0.947773789066,-3.841688670769));
#8124 = CARTESIAN_POINT('',(0.941134989933,-3.780145100604));
#8125 = CARTESIAN_POINT('',(0.934363879849,-3.722506391284));
#8126 = CARTESIAN_POINT('',(0.91387597171,-3.561805890639));
#8127 = CARTESIAN_POINT('',(0.899823862895,-3.469073582349));
#8128 = CARTESIAN_POINT('',(0.885355660081,-3.387119400283));
#8129 = CARTESIAN_POINT('',(0.870495626385,-3.31479918718));
#8130 = CARTESIAN_POINT('',(0.855258277528,-3.251157424765));
#8131 = CARTESIAN_POINT('',(0.839641874947,-3.195747371996));
#8132 = CARTESIAN_POINT('',(0.82363293096,-3.148267798209));
#8133 = CARTESIAN_POINT('',(0.796258818885,-3.082371221165));
#8134 = CARTESIAN_POINT('',(0.785135940634,-3.059559676979));
#8135 = CARTESIAN_POINT('',(0.773826707541,-3.040272428029));
#8136 = CARTESIAN_POINT('',(0.762325718099,-3.024556837966));
#8137 = CARTESIAN_POINT('',(0.750627303827,-3.012505145074));
#8138 = CARTESIAN_POINT('',(0.738725489862,-3.004255486653));
#8139 = CARTESIAN_POINT('',(0.726613915443,-3.));
#8140 = CARTESIAN_POINT('',(0.714285714286,-3.));
#8141 = ( GEOMETRIC_REPRESENTATION_CONTEXT(2) 
PARAMETRIC_REPRESENTATION_CONTEXT() REPRESENTATION_CONTEXT('2D SPACE',''
  ) );
#8142 = ORIENTED_EDGE('',*,*,#8143,.T.);
#8143 = EDGE_CURVE('',#8019,#8144,#8146,.T.);
#8144 = VERTEX_POINT('',#8145);
#8145 = CARTESIAN_POINT('',(-6.,83.,3.));
#8146 = SURFACE_CURVE('',#8147,(#8151,#8158),.PCURVE_S1.);
#8147 = LINE('',#8148,#8149);
#8148 = CARTESIAN_POINT('',(-6.,83.,16.));
#8149 = VECTOR('',#8150,1.);
#8150 = DIRECTION('',(0.,0.,-1.));
#8151 = PCURVE('',#5160,#8152);
#8152 = DEFINITIONAL_REPRESENTATION('',(#8153),#8157);
#8153 = LINE('',#8154,#8155);
#8154 = CARTESIAN_POINT('',(1.570796326795,0.));
#8155 = VECTOR('',#8156,1.);
#8156 = DIRECTION('',(0.,1.));
#8157 = ( GEOMETRIC_REPRESENTATION_CONTEXT(2) 
PARAMETRIC_REPRESENTATION_CONTEXT() REPRESENTATION_CONTEXT('2D SPACE',''
  ) );
#8158 = PCURVE('',#8159,#8164);
#8159 = PLANE('',#8160);
#8160 = AXIS2_PLACEMENT_3D('',#8161,#8162,#8163);
#8161 = CARTESIAN_POINT('',(-6.,83.189923167318,8.1127727871));
#8162 = DIRECTION('',(1.,0.,0.));
#8163 = DIRECTION('',(-0.,0.,1.));
#8164 = DEFINITIONAL_REPRESENTATION('',(#8165),#8169);
#8165 = LINE('',#8166,#8167);
#8166 = CARTESIAN_POINT('',(7.8872272129,0.189923167318));
#8167 = VECTOR('',#8168,1.);
#8168 = DIRECTION('',(-1.,0.));
#8169 = ( GEOMETRIC_REPRESENTATION_CONTEXT(2) 
PARAMETRIC_REPRESENTATION_CONTEXT() REPRESENTATION_CONTEXT('2D SPACE',''
  ) );
#8170 = ORIENTED_EDGE('',*,*,#8171,.F.);
#8171 = EDGE_CURVE('',#8172,#8144,#8174,.T.);
#8172 = VERTEX_POINT('',#8173);
#8173 = CARTESIAN_POINT('',(-4.5,81.063508326896,3.));
#8174 = SURFACE_CURVE('',#8175,(#8180,#8187),.PCURVE_S1.);
#8175 = CIRCLE('',#8176,2.);
#8176 = AXIS2_PLACEMENT_3D('',#8177,#8178,#8179);
#8177 = CARTESIAN_POINT('',(-4.,83.,3.));
#8178 = DIRECTION('',(0.,0.,-1.));
#8179 = DIRECTION('',(0.,1.,0.));
#8180 = PCURVE('',#5160,#8181);
#8181 = DEFINITIONAL_REPRESENTATION('',(#8182),#8186);
#8182 = LINE('',#8183,#8184);
#8183 = CARTESIAN_POINT('',(-3.14159265359,13.));
#8184 = VECTOR('',#8185,1.);
#8185 = DIRECTION('',(1.,0.));
#8186 = ( GEOMETRIC_REPRESENTATION_CONTEXT(2) 
PARAMETRIC_REPRESENTATION_CONTEXT() REPRESENTATION_CONTEXT('2D SPACE',''
  ) );
#8187 = PCURVE('',#8188,#8193);
#8188 = PLANE('',#8189);
#8189 = AXIS2_PLACEMENT_3D('',#8190,#8191,#8192);
#8190 = CARTESIAN_POINT('',(-9.,0.,3.));
#8191 = DIRECTION('',(0.,0.,1.));
#8192 = DIRECTION('',(1.,0.,0.));
#8193 = DEFINITIONAL_REPRESENTATION('',(#8194),#8202);
#8194 = ( BOUNDED_CURVE() B_SPLINE_CURVE(2,(#8195,#8196,#8197,#8198,
#8199,#8200,#8201),.UNSPECIFIED.,.T.,.F.) B_SPLINE_CURVE_WITH_KNOTS((1,2
    ,2,2,2,1),(-2.094395102393,0.,2.094395102393,4.188790204786,
6.28318530718,8.377580409573),.UNSPECIFIED.) CURVE() 
GEOMETRIC_REPRESENTATION_ITEM() RATIONAL_B_SPLINE_CURVE((1.,0.5,1.,0.5,
1.,0.5,1.)) REPRESENTATION_ITEM('') );
#8195 = CARTESIAN_POINT('',(5.,85.));
#8196 = CARTESIAN_POINT('',(8.464101615138,85.));
#8197 = CARTESIAN_POINT('',(6.732050807569,82.));
#8198 = CARTESIAN_POINT('',(5.,79.));
#8199 = CARTESIAN_POINT('',(3.267949192431,82.));
#8200 = CARTESIAN_POINT('',(1.535898384862,85.));
#8201 = CARTESIAN_POINT('',(5.,85.));
#8202 = ( GEOMETRIC_REPRESENTATION_CONTEXT(2) 
PARAMETRIC_REPRESENTATION_CONTEXT() REPRESENTATION_CONTEXT('2D SPACE',''
  ) );
#8203 = ORIENTED_EDGE('',*,*,#8204,.F.);
#8204 = EDGE_CURVE('',#5145,#8172,#8205,.T.);
#8205 = SURFACE_CURVE('',#8206,(#8211,#8218),.PCURVE_S1.);
#8206 = CIRCLE('',#8207,2.);
#8207 = AXIS2_PLACEMENT_3D('',#8208,#8209,#8210);
#8208 = CARTESIAN_POINT('',(-4.,83.,3.));
#8209 = DIRECTION('',(0.,0.,-1.));
#8210 = DIRECTION('',(0.,1.,0.));
#8211 = PCURVE('',#5160,#8212);
#8212 = DEFINITIONAL_REPRESENTATION('',(#8213),#8217);
#8213 = LINE('',#8214,#8215);
#8214 = CARTESIAN_POINT('',(-3.14159265359,13.));
#8215 = VECTOR('',#8216,1.);
#8216 = DIRECTION('',(1.,0.));
#8217 = ( GEOMETRIC_REPRESENTATION_CONTEXT(2) 
PARAMETRIC_REPRESENTATION_CONTEXT() REPRESENTATION_CONTEXT('2D SPACE',''
  ) );
#8218 = PCURVE('',#5188,#8219);
#8219 = DEFINITIONAL_REPRESENTATION('',(#8220),#8228);
#8220 = ( BOUNDED_CURVE() B_SPLINE_CURVE(2,(#8221,#8222,#8223,#8224,
#8225,#8226,#8227),.UNSPECIFIED.,.T.,.F.) B_SPLINE_CURVE_WITH_KNOTS((1,2
    ,2,2,2,1),(-2.094395102393,0.,2.094395102393,4.188790204786,
6.28318530718,8.377580409573),.UNSPECIFIED.) CURVE() 
GEOMETRIC_REPRESENTATION_ITEM() RATIONAL_B_SPLINE_CURVE((1.,0.5,1.,0.5,
1.,0.5,1.)) REPRESENTATION_ITEM('') );
#8221 = CARTESIAN_POINT('',(0.5,4.));
#8222 = CARTESIAN_POINT('',(3.964101615138,4.));
#8223 = CARTESIAN_POINT('',(2.232050807569,1.));
#8224 = CARTESIAN_POINT('',(0.5,-2.));
#8225 = CARTESIAN_POINT('',(-1.232050807569,1.));
#8226 = CARTESIAN_POINT('',(-2.964101615138,4.));
#8227 = CARTESIAN_POINT('',(0.5,4.));
#8228 = ( GEOMETRIC_REPRESENTATION_CONTEXT(2) 
PARAMETRIC_REPRESENTATION_CONTEXT() REPRESENTATION_CONTEXT('2D SPACE',''
  ) );
#8229 = ORIENTED_EDGE('',*,*,#5142,.F.);
#8230 = ADVANCED_FACE('',(#8231),#5328,.F.);
#8231 = FACE_BOUND('',#8232,.F.);
#8232 = EDGE_LOOP('',(#8233,#8358,#8359,#8387,#8415));
#8233 = ORIENTED_EDGE('',*,*,#8234,.T.);
#8234 = EDGE_CURVE('',#8235,#5313,#8237,.T.);
#8235 = VERTEX_POINT('',#8236);
#8236 = CARTESIAN_POINT('',(6.,83.,10.612244897959));
#8237 = SURFACE_CURVE('',#8238,(#8276,#8317),.PCURVE_S1.);
#8238 = B_SPLINE_CURVE_WITH_KNOTS('',8,(#8239,#8240,#8241,#8242,#8243,
    #8244,#8245,#8246,#8247,#8248,#8249,#8250,#8251,#8252,#8253,#8254,
    #8255,#8256,#8257,#8258,#8259,#8260,#8261,#8262,#8263,#8264,#8265,
    #8266,#8267,#8268,#8269,#8270,#8271,#8272,#8273,#8274,#8275),
  .UNSPECIFIED.,.F.,.F.,(9,7,7,7,7,9),(0.,0.257806340162,0.490248654382,
    0.756472393117,0.901710336684,1.),.UNSPECIFIED.);
#8239 = CARTESIAN_POINT('',(6.,83.,10.612244897959));
#8240 = CARTESIAN_POINT('',(6.,82.914041421868,10.805213134581));
#8241 = CARTESIAN_POINT('',(5.99577786338,82.829587297754,
    10.998595393049));
#8242 = CARTESIAN_POINT('',(5.987591834654,82.746590179977,
    11.192265983852));
#8243 = CARTESIAN_POINT('',(5.975632067117,82.665006075029,
    11.386108750861));
#8244 = CARTESIAN_POINT('',(5.960035503172,82.58479362789,
    11.580016919394));
#8245 = CARTESIAN_POINT('',(5.94089383782,82.505913579045,
    11.773892669456));
#8246 = CARTESIAN_POINT('',(5.918254565302,82.428328494169,
    11.967646434164));
#8247 = CARTESIAN_POINT('',(5.868547357516,82.28318627131,
    12.335703234363));
#8248 = CARTESIAN_POINT('',(5.842136496871,82.215400428904,
    12.510026947136));
#8249 = CARTESIAN_POINT('',(5.812882427566,82.148618539794,
    12.684107471645));
#8250 = CARTESIAN_POINT('',(5.780752639117,82.082822104368,
    12.857872152094));
#8251 = CARTESIAN_POINT('',(5.745684643622,82.017999799417,
    13.031235430341));
#8252 = CARTESIAN_POINT('',(5.707580737743,81.954147207192,
    13.204097193067));
#8253 = CARTESIAN_POINT('',(5.666295093052,81.891267297026,
    13.37633930267));
#8254 = CARTESIAN_POINT('',(5.570437521122,81.758480573727,
    13.744223086277));
#8255 = CARTESIAN_POINT('',(5.514859321386,81.688955012631,
    13.939421356161));
#8256 = CARTESIAN_POINT('',(5.454524657763,81.620735953721,
    14.13340513533));
#8257 = CARTESIAN_POINT('',(5.388952460974,81.553848993923,
    14.325945001992));
#8258 = CARTESIAN_POINT('',(5.317592859588,81.488385355757,
    14.516623632557));
#8259 = CARTESIAN_POINT('',(5.239575987259,81.424536419451,
    14.704707428243));
#8260 = CARTESIAN_POINT('',(5.15389974755,81.362559199407,
    14.889239152655));
#8261 = CARTESIAN_POINT('',(5.006124481039,81.270406854225,
    15.166327024907));
#8262 = CARTESIAN_POINT('',(4.951159857293,81.238676153147,
    15.262279246945));
#8263 = CARTESIAN_POINT('',(4.892930684351,81.207736112001,
    15.356350507384));
#8264 = CARTESIAN_POINT('',(4.830947120161,81.177692608047,
    15.448177669403));
#8265 = CARTESIAN_POINT('',(4.764717410186,81.14874936852,
    15.537090762815));
#8266 = CARTESIAN_POINT('',(4.693632676645,81.121242094062,
    15.621993903288));
#8267 = CARTESIAN_POINT('',(4.617055699412,81.09560714228,
    15.701452970596));
#8268 = CARTESIAN_POINT('',(4.47739299634,81.05693102042,15.821746837108
    ));
#8269 = CARTESIAN_POINT('',(4.417897865624,81.042484036368,
    15.866806250078));
#8270 = CARTESIAN_POINT('',(4.355074145212,81.029470714695,
    15.90749848048));
#8271 = CARTESIAN_POINT('',(4.288900515239,81.018273011272,
    15.942595722243));
#8272 = CARTESIAN_POINT('',(4.219584028546,81.009334593552,
    15.970662248954));
#8273 = CARTESIAN_POINT('',(4.147611390541,81.003119307484,
    15.990196596513));
#8274 = CARTESIAN_POINT('',(4.073881937919,81.000000000001,
    15.999999999998));
#8275 = CARTESIAN_POINT('',(4.00000000004,81.,16.));
#8276 = PCURVE('',#5328,#8277);
#8277 = DEFINITIONAL_REPRESENTATION('',(#8278),#8316);
#8278 = B_SPLINE_CURVE_WITH_KNOTS('',8,(#8279,#8280,#8281,#8282,#8283,
    #8284,#8285,#8286,#8287,#8288,#8289,#8290,#8291,#8292,#8293,#8294,
    #8295,#8296,#8297,#8298,#8299,#8300,#8301,#8302,#8303,#8304,#8305,
    #8306,#8307,#8308,#8309,#8310,#8311,#8312,#8313,#8314,#8315),
  .UNSPECIFIED.,.F.,.F.,(9,7,7,7,7,9),(0.,0.257806340162,0.490248654382,
    0.756472393117,0.901710336684,1.),.UNSPECIFIED.);
#8279 = CARTESIAN_POINT('',(0.,5.387755102041));
#8280 = CARTESIAN_POINT('',(4.29792890658E-02,5.194786865419));
#8281 = CARTESIAN_POINT('',(8.520643036076E-02,5.001404606951));
#8282 = CARTESIAN_POINT('',(0.126825753032,4.807734016148));
#8283 = CARTESIAN_POINT('',(0.1679631172,4.613891249139));
#8284 = CARTESIAN_POINT('',(0.208733324192,4.419983080606));
#8285 = CARTESIAN_POINT('',(0.24924660918,4.226107330544));
#8286 = CARTESIAN_POINT('',(0.289614216221,4.032353565836));
#8287 = CARTESIAN_POINT('',(0.366323197707,3.664296765637));
#8288 = CARTESIAN_POINT('',(0.402666466003,3.489973052864));
#8289 = CARTESIAN_POINT('',(0.439068490813,3.315892528355));
#8290 = CARTESIAN_POINT('',(0.475616657123,3.142127847906));
#8291 = CARTESIAN_POINT('',(0.512401993753,2.968764569659));
#8292 = CARTESIAN_POINT('',(0.549523985297,2.795902806933));
#8293 = CARTESIAN_POINT('',(0.587098306959,2.62366069733));
#8294 = CARTESIAN_POINT('',(0.66898387953,2.255776913723));
#8295 = CARTESIAN_POINT('',(0.713435299104,2.060578643837));
#8296 = CARTESIAN_POINT('',(0.758875222098,1.866594864674));
#8297 = CARTESIAN_POINT('',(0.80558423248,1.674054998001));
#8298 = CARTESIAN_POINT('',(0.853854103364,1.483376367448));
#8299 = CARTESIAN_POINT('',(0.904118337026,1.295292571756));
#8300 = CARTESIAN_POINT('',(0.956865412808,1.110760847345));
#8301 = CARTESIAN_POINT('',(1.043942367444,0.833672975093));
#8302 = CARTESIAN_POINT('',(1.075657098067,0.737720753055));
#8303 = CARTESIAN_POINT('',(1.108591578823,0.643649492616));
#8304 = CARTESIAN_POINT('',(1.14298318035,0.551822330597));
#8305 = CARTESIAN_POINT('',(1.179059833988,0.462909237185));
#8306 = CARTESIAN_POINT('',(1.217106359163,0.378006096712));
#8307 = CARTESIAN_POINT('',(1.257426885489,0.298547029404));
#8308 = CARTESIAN_POINT('',(1.3298863794,0.178253162892));
#8309 = CARTESIAN_POINT('',(1.360482881916,0.133193749922));
#8310 = CARTESIAN_POINT('',(1.392529691164,9.250151952002E-02));
#8311 = CARTESIAN_POINT('',(1.426040395575,5.740427775684E-02));
#8312 = CARTESIAN_POINT('',(1.460927297757,2.933775104585E-02));
#8313 = CARTESIAN_POINT('',(1.496990693245,9.80340348693E-03));
#8314 = CARTESIAN_POINT('',(1.533855357856,2.453481621122E-12));
#8315 = CARTESIAN_POINT('',(1.570796326795,0.));
#8316 = ( GEOMETRIC_REPRESENTATION_CONTEXT(2) 
PARAMETRIC_REPRESENTATION_CONTEXT() REPRESENTATION_CONTEXT('2D SPACE',''
  ) );
#8317 = PCURVE('',#5360,#8318);
#8318 = DEFINITIONAL_REPRESENTATION('',(#8319),#8357);
#8319 = B_SPLINE_CURVE_WITH_KNOTS('',8,(#8320,#8321,#8322,#8323,#8324,
    #8325,#8326,#8327,#8328,#8329,#8330,#8331,#8332,#8333,#8334,#8335,
    #8336,#8337,#8338,#8339,#8340,#8341,#8342,#8343,#8344,#8345,#8346,
    #8347,#8348,#8349,#8350,#8351,#8352,#8353,#8354,#8355,#8356),
  .UNSPECIFIED.,.F.,.F.,(9,7,7,7,7,9),(0.,0.257806340162,0.490248654382,
    0.756472393117,0.901710336684,1.),.UNSPECIFIED.);
#8320 = CARTESIAN_POINT('',(0.714285714286,-2.056734697579E-16));
#8321 = CARTESIAN_POINT('',(0.726565511162,-2.056734697579E-16));
#8322 = CARTESIAN_POINT('',(0.738630386035,4.222136620137E-03));
#8323 = CARTESIAN_POINT('',(0.750487117146,1.240816534638E-02));
#8324 = CARTESIAN_POINT('',(0.762141989282,2.436793288347E-02));
#8325 = CARTESIAN_POINT('',(0.773600910301,3.996449682794E-02));
#8326 = CARTESIAN_POINT('',(0.784869488708,5.910616218046E-02));
#8327 = CARTESIAN_POINT('',(0.795953072262,8.174543469756E-02));
#8328 = CARTESIAN_POINT('',(0.816687675527,0.131452642484));
#8329 = CARTESIAN_POINT('',(0.826371367299,0.157863503129));
#8330 = CARTESIAN_POINT('',(0.835911637172,0.187117572434));
#8331 = CARTESIAN_POINT('',(0.845311127947,0.219247360883));
#8332 = CARTESIAN_POINT('',(0.854571457226,0.254315356378));
#8333 = CARTESIAN_POINT('',(0.863693256115,0.292419262257));
#8334 = CARTESIAN_POINT('',(0.872676100425,0.333704906948));
#8335 = CARTESIAN_POINT('',(0.891645632325,0.429562478878));
#8336 = CARTESIAN_POINT('',(0.901577855338,0.485140678613));
#8337 = CARTESIAN_POINT('',(0.911323435183,0.545475342238));
#8338 = CARTESIAN_POINT('',(0.920878715154,0.611047539025));
#8339 = CARTESIAN_POINT('',(0.930230663463,0.682407140413));
#8340 = CARTESIAN_POINT('',(0.939351940078,0.760424012741));
#8341 = CARTESIAN_POINT('',(0.948205828656,0.84610025245));
#8342 = CARTESIAN_POINT('',(0.961370449396,0.993875518961));
#8343 = CARTESIAN_POINT('',(0.965903406693,1.048840142707));
#8344 = CARTESIAN_POINT('',(0.970323412571,1.107069315649));
#8345 = CARTESIAN_POINT('',(0.974615341707,1.16905287984));
#8346 = CARTESIAN_POINT('',(0.978750090212,1.235282589814));
#8347 = CARTESIAN_POINT('',(0.982679700848,1.306367323356));
#8348 = CARTESIAN_POINT('',(0.986341836817,1.382944300588));
#8349 = CARTESIAN_POINT('',(0.991866997083,1.52260700366));
#8350 = CARTESIAN_POINT('',(0.993930851947,1.582102134376));
#8351 = CARTESIAN_POINT('',(0.995789897901,1.644925854788));
#8352 = CARTESIAN_POINT('',(0.997389569818,1.711099484761));
#8353 = CARTESIAN_POINT('',(0.998666486635,1.780415971454));
#8354 = CARTESIAN_POINT('',(0.999554384645,1.852388609459));
#8355 = CARTESIAN_POINT('',(1.,1.926118062081));
#8356 = CARTESIAN_POINT('',(1.,1.99999999996));
#8357 = ( GEOMETRIC_REPRESENTATION_CONTEXT(2) 
PARAMETRIC_REPRESENTATION_CONTEXT() REPRESENTATION_CONTEXT('2D SPACE',''
  ) );
#8358 = ORIENTED_EDGE('',*,*,#5312,.T.);
#8359 = ORIENTED_EDGE('',*,*,#8360,.F.);
#8360 = EDGE_CURVE('',#8361,#5285,#8363,.T.);
#8361 = VERTEX_POINT('',#8362);
#8362 = CARTESIAN_POINT('',(4.5,81.063508326896,3.));
#8363 = SURFACE_CURVE('',#8364,(#8369,#8376),.PCURVE_S1.);
#8364 = CIRCLE('',#8365,2.);
#8365 = AXIS2_PLACEMENT_3D('',#8366,#8367,#8368);
#8366 = CARTESIAN_POINT('',(4.,83.,3.));
#8367 = DIRECTION('',(0.,0.,-1.));
#8368 = DIRECTION('',(0.,1.,0.));
#8369 = PCURVE('',#5328,#8370);
#8370 = DEFINITIONAL_REPRESENTATION('',(#8371),#8375);
#8371 = LINE('',#8372,#8373);
#8372 = CARTESIAN_POINT('',(-1.570796326795,13.));
#8373 = VECTOR('',#8374,1.);
#8374 = DIRECTION('',(1.,0.));
#8375 = ( GEOMETRIC_REPRESENTATION_CONTEXT(2) 
PARAMETRIC_REPRESENTATION_CONTEXT() REPRESENTATION_CONTEXT('2D SPACE',''
  ) );
#8376 = PCURVE('',#5300,#8377);
#8377 = DEFINITIONAL_REPRESENTATION('',(#8378),#8386);
#8378 = ( BOUNDED_CURVE() B_SPLINE_CURVE(2,(#8379,#8380,#8381,#8382,
#8383,#8384,#8385),.UNSPECIFIED.,.T.,.F.) B_SPLINE_CURVE_WITH_KNOTS((1,2
    ,2,2,2,1),(-2.094395102393,0.,2.094395102393,4.188790204786,
6.28318530718,8.377580409573),.UNSPECIFIED.) CURVE() 
GEOMETRIC_REPRESENTATION_ITEM() RATIONAL_B_SPLINE_CURVE((1.,0.5,1.,0.5,
1.,0.5,1.)) REPRESENTATION_ITEM('') );
#8379 = CARTESIAN_POINT('',(8.5,4.));
#8380 = CARTESIAN_POINT('',(11.964101615138,4.));
#8381 = CARTESIAN_POINT('',(10.232050807569,1.));
#8382 = CARTESIAN_POINT('',(8.5,-2.));
#8383 = CARTESIAN_POINT('',(6.767949192431,1.));
#8384 = CARTESIAN_POINT('',(5.035898384862,4.));
#8385 = CARTESIAN_POINT('',(8.5,4.));
#8386 = ( GEOMETRIC_REPRESENTATION_CONTEXT(2) 
PARAMETRIC_REPRESENTATION_CONTEXT() REPRESENTATION_CONTEXT('2D SPACE',''
  ) );
#8387 = ORIENTED_EDGE('',*,*,#8388,.F.);
#8388 = EDGE_CURVE('',#8389,#8361,#8391,.T.);
#8389 = VERTEX_POINT('',#8390);
#8390 = CARTESIAN_POINT('',(6.,83.,3.));
#8391 = SURFACE_CURVE('',#8392,(#8397,#8404),.PCURVE_S1.);
#8392 = CIRCLE('',#8393,2.);
#8393 = AXIS2_PLACEMENT_3D('',#8394,#8395,#8396);
#8394 = CARTESIAN_POINT('',(4.,83.,3.));
#8395 = DIRECTION('',(0.,0.,-1.));
#8396 = DIRECTION('',(0.,1.,0.));
#8397 = PCURVE('',#5328,#8398);
#8398 = DEFINITIONAL_REPRESENTATION('',(#8399),#8403);
#8399 = LINE('',#8400,#8401);
#8400 = CARTESIAN_POINT('',(-1.570796326795,13.));
#8401 = VECTOR('',#8402,1.);
#8402 = DIRECTION('',(1.,0.));
#8403 = ( GEOMETRIC_REPRESENTATION_CONTEXT(2) 
PARAMETRIC_REPRESENTATION_CONTEXT() REPRESENTATION_CONTEXT('2D SPACE',''
  ) );
#8404 = PCURVE('',#8188,#8405);
#8405 = DEFINITIONAL_REPRESENTATION('',(#8406),#8414);
#8406 = ( BOUNDED_CURVE() B_SPLINE_CURVE(2,(#8407,#8408,#8409,#8410,
#8411,#8412,#8413),.UNSPECIFIED.,.T.,.F.) B_SPLINE_CURVE_WITH_KNOTS((1,2
    ,2,2,2,1),(-2.094395102393,0.,2.094395102393,4.188790204786,
6.28318530718,8.377580409573),.UNSPECIFIED.) CURVE() 
GEOMETRIC_REPRESENTATION_ITEM() RATIONAL_B_SPLINE_CURVE((1.,0.5,1.,0.5,
1.,0.5,1.)) REPRESENTATION_ITEM('') );
#8407 = CARTESIAN_POINT('',(13.,85.));
#8408 = CARTESIAN_POINT('',(16.464101615138,85.));
#8409 = CARTESIAN_POINT('',(14.732050807569,82.));
#8410 = CARTESIAN_POINT('',(13.,79.));
#8411 = CARTESIAN_POINT('',(11.267949192431,82.));
#8412 = CARTESIAN_POINT('',(9.535898384862,85.));
#8413 = CARTESIAN_POINT('',(13.,85.));
#8414 = ( GEOMETRIC_REPRESENTATION_CONTEXT(2) 
PARAMETRIC_REPRESENTATION_CONTEXT() REPRESENTATION_CONTEXT('2D SPACE',''
  ) );
#8415 = ORIENTED_EDGE('',*,*,#8416,.F.);
#8416 = EDGE_CURVE('',#8235,#8389,#8417,.T.);
#8417 = SURFACE_CURVE('',#8418,(#8422,#8429),.PCURVE_S1.);
#8418 = LINE('',#8419,#8420);
#8419 = CARTESIAN_POINT('',(6.,83.,16.));
#8420 = VECTOR('',#8421,1.);
#8421 = DIRECTION('',(0.,0.,-1.));
#8422 = PCURVE('',#5328,#8423);
#8423 = DEFINITIONAL_REPRESENTATION('',(#8424),#8428);
#8424 = LINE('',#8425,#8426);
#8425 = CARTESIAN_POINT('',(0.,0.));
#8426 = VECTOR('',#8427,1.);
#8427 = DIRECTION('',(0.,1.));
#8428 = ( GEOMETRIC_REPRESENTATION_CONTEXT(2) 
PARAMETRIC_REPRESENTATION_CONTEXT() REPRESENTATION_CONTEXT('2D SPACE',''
  ) );
#8429 = PCURVE('',#8430,#8435);
#8430 = PLANE('',#8431);
#8431 = AXIS2_PLACEMENT_3D('',#8432,#8433,#8434);
#8432 = CARTESIAN_POINT('',(6.,83.189923167318,8.1127727871));
#8433 = DIRECTION('',(1.,0.,0.));
#8434 = DIRECTION('',(-0.,0.,1.));
#8435 = DEFINITIONAL_REPRESENTATION('',(#8436),#8440);
#8436 = LINE('',#8437,#8438);
#8437 = CARTESIAN_POINT('',(7.8872272129,0.189923167318));
#8438 = VECTOR('',#8439,1.);
#8439 = DIRECTION('',(-1.,0.));
#8440 = ( GEOMETRIC_REPRESENTATION_CONTEXT(2) 
PARAMETRIC_REPRESENTATION_CONTEXT() REPRESENTATION_CONTEXT('2D SPACE',''
  ) );
#8441 = ADVANCED_FACE('',(#8442),#5439,.F.);
#8442 = FACE_BOUND('',#8443,.F.);
#8443 = EDGE_LOOP('',(#8444,#8469,#8497,#8518,#8519,#8520,#8521,#8544));
#8444 = ORIENTED_EDGE('',*,*,#8445,.T.);
#8445 = EDGE_CURVE('',#8446,#8448,#8450,.T.);
#8446 = VERTEX_POINT('',#8447);
#8447 = CARTESIAN_POINT('',(-8.2,88.,5.));
#8448 = VERTEX_POINT('',#8449);
#8449 = CARTESIAN_POINT('',(-8.1,88.,5.));
#8450 = SURFACE_CURVE('',#8451,(#8455,#8462),.PCURVE_S1.);
#8451 = LINE('',#8452,#8453);
#8452 = CARTESIAN_POINT('',(-9.,88.,5.));
#8453 = VECTOR('',#8454,1.);
#8454 = DIRECTION('',(1.,0.,0.));
#8455 = PCURVE('',#5439,#8456);
#8456 = DEFINITIONAL_REPRESENTATION('',(#8457),#8461);
#8457 = LINE('',#8458,#8459);
#8458 = CARTESIAN_POINT('',(0.,0.));
#8459 = VECTOR('',#8460,1.);
#8460 = DIRECTION('',(0.,-1.));
#8461 = ( GEOMETRIC_REPRESENTATION_CONTEXT(2) 
PARAMETRIC_REPRESENTATION_CONTEXT() REPRESENTATION_CONTEXT('2D SPACE',''
  ) );
#8462 = PCURVE('',#5612,#8463);
#8463 = DEFINITIONAL_REPRESENTATION('',(#8464),#8468);
#8464 = LINE('',#8465,#8466);
#8465 = CARTESIAN_POINT('',(0.9,0.));
#8466 = VECTOR('',#8467,1.);
#8467 = DIRECTION('',(0.,1.));
#8468 = ( GEOMETRIC_REPRESENTATION_CONTEXT(2) 
PARAMETRIC_REPRESENTATION_CONTEXT() REPRESENTATION_CONTEXT('2D SPACE',''
  ) );
#8469 = ORIENTED_EDGE('',*,*,#8470,.T.);
#8470 = EDGE_CURVE('',#8448,#8471,#8473,.T.);
#8471 = VERTEX_POINT('',#8472);
#8472 = CARTESIAN_POINT('',(-6.,88.,5.));
#8473 = SURFACE_CURVE('',#8474,(#8478,#8485),.PCURVE_S1.);
#8474 = LINE('',#8475,#8476);
#8475 = CARTESIAN_POINT('',(-9.,88.,5.));
#8476 = VECTOR('',#8477,1.);
#8477 = DIRECTION('',(1.,0.,0.));
#8478 = PCURVE('',#5439,#8479);
#8479 = DEFINITIONAL_REPRESENTATION('',(#8480),#8484);
#8480 = LINE('',#8481,#8482);
#8481 = CARTESIAN_POINT('',(0.,0.));
#8482 = VECTOR('',#8483,1.);
#8483 = DIRECTION('',(0.,-1.));
#8484 = ( GEOMETRIC_REPRESENTATION_CONTEXT(2) 
PARAMETRIC_REPRESENTATION_CONTEXT() REPRESENTATION_CONTEXT('2D SPACE',''
  ) );
#8485 = PCURVE('',#8486,#8491);
#8486 = PLANE('',#8487);
#8487 = AXIS2_PLACEMENT_3D('',#8488,#8489,#8490);
#8488 = CARTESIAN_POINT('',(-9.,88.,5.));
#8489 = DIRECTION('',(0.,0.,1.));
#8490 = DIRECTION('',(0.,1.,0.));
#8491 = DEFINITIONAL_REPRESENTATION('',(#8492),#8496);
#8492 = LINE('',#8493,#8494);
#8493 = CARTESIAN_POINT('',(0.,0.));
#8494 = VECTOR('',#8495,1.);
#8495 = DIRECTION('',(0.,-1.));
#8496 = ( GEOMETRIC_REPRESENTATION_CONTEXT(2) 
PARAMETRIC_REPRESENTATION_CONTEXT() REPRESENTATION_CONTEXT('2D SPACE',''
  ) );
#8497 = ORIENTED_EDGE('',*,*,#8498,.T.);
#8498 = EDGE_CURVE('',#8471,#8019,#8499,.T.);
#8499 = SURFACE_CURVE('',#8500,(#8504,#8511),.PCURVE_S1.);
#8500 = B_SPLINE_CURVE_WITH_KNOTS('',2,(#8501,#8502,#8503),
  .UNSPECIFIED.,.F.,.F.,(3,3),(0.,1.),.PIECEWISE_BEZIER_KNOTS.);
#8501 = CARTESIAN_POINT('',(-6.,88.,5.));
#8502 = CARTESIAN_POINT('',(-6.,84.5,5.));
#8503 = CARTESIAN_POINT('',(-6.,81.,16.));
#8504 = PCURVE('',#5439,#8505);
#8505 = DEFINITIONAL_REPRESENTATION('',(#8506),#8510);
#8506 = LINE('',#8507,#8508);
#8507 = CARTESIAN_POINT('',(0.,-3.));
#8508 = VECTOR('',#8509,1.);
#8509 = DIRECTION('',(1.,0.));
#8510 = ( GEOMETRIC_REPRESENTATION_CONTEXT(2) 
PARAMETRIC_REPRESENTATION_CONTEXT() REPRESENTATION_CONTEXT('2D SPACE',''
  ) );
#8511 = PCURVE('',#8159,#8512);
#8512 = DEFINITIONAL_REPRESENTATION('',(#8513),#8517);
#8513 = B_SPLINE_CURVE_WITH_KNOTS('',2,(#8514,#8515,#8516),
  .UNSPECIFIED.,.F.,.F.,(3,3),(0.,1.),.PIECEWISE_BEZIER_KNOTS.);
#8514 = CARTESIAN_POINT('',(-3.1127727871,-4.810076832682));
#8515 = CARTESIAN_POINT('',(-3.1127727871,-1.310076832682));
#8516 = CARTESIAN_POINT('',(7.8872272129,2.189923167318));
#8517 = ( GEOMETRIC_REPRESENTATION_CONTEXT(2) 
PARAMETRIC_REPRESENTATION_CONTEXT() REPRESENTATION_CONTEXT('2D SPACE',''
  ) );
#8518 = ORIENTED_EDGE('',*,*,#8018,.F.);
#8519 = ORIENTED_EDGE('',*,*,#5453,.F.);
#8520 = ORIENTED_EDGE('',*,*,#5423,.F.);
#8521 = ORIENTED_EDGE('',*,*,#8522,.F.);
#8522 = EDGE_CURVE('',#8523,#5400,#8525,.T.);
#8523 = VERTEX_POINT('',#8524);
#8524 = CARTESIAN_POINT('',(-8.2,81.,16.));
#8525 = SURFACE_CURVE('',#8526,(#8530,#8537),.PCURVE_S1.);
#8526 = LINE('',#8527,#8528);
#8527 = CARTESIAN_POINT('',(-9.,81.,16.));
#8528 = VECTOR('',#8529,1.);
#8529 = DIRECTION('',(1.,0.,0.));
#8530 = PCURVE('',#5439,#8531);
#8531 = DEFINITIONAL_REPRESENTATION('',(#8532),#8536);
#8532 = LINE('',#8533,#8534);
#8533 = CARTESIAN_POINT('',(1.,0.));
#8534 = VECTOR('',#8535,1.);
#8535 = DIRECTION('',(0.,-1.));
#8536 = ( GEOMETRIC_REPRESENTATION_CONTEXT(2) 
PARAMETRIC_REPRESENTATION_CONTEXT() REPRESENTATION_CONTEXT('2D SPACE',''
  ) );
#8537 = PCURVE('',#5881,#8538);
#8538 = DEFINITIONAL_REPRESENTATION('',(#8539),#8543);
#8539 = LINE('',#8540,#8541);
#8540 = CARTESIAN_POINT('',(0.,0.));
#8541 = VECTOR('',#8542,1.);
#8542 = DIRECTION('',(0.,-1.));
#8543 = ( GEOMETRIC_REPRESENTATION_CONTEXT(2) 
PARAMETRIC_REPRESENTATION_CONTEXT() REPRESENTATION_CONTEXT('2D SPACE',''
  ) );
#8544 = ORIENTED_EDGE('',*,*,#8545,.F.);
#8545 = EDGE_CURVE('',#8446,#8523,#8546,.T.);
#8546 = SURFACE_CURVE('',#8547,(#8586,#8604),.PCURVE_S1.);
#8547 = B_SPLINE_CURVE_WITH_KNOTS('',13,(#8548,#8549,#8550,#8551,#8552,
    #8553,#8554,#8555,#8556,#8557,#8558,#8559,#8560,#8561,#8562,#8563,
    #8564,#8565,#8566,#8567,#8568,#8569,#8570,#8571,#8572,#8573,#8574,
    #8575,#8576,#8577,#8578,#8579,#8580,#8581,#8582,#8583,#8584,#8585),
  .UNSPECIFIED.,.F.,.F.,(14,12,12,14),(-0.794399493455,
    1.102405685648E-14,13.61845532117,14.082411197872),.UNSPECIFIED.);
#8548 = CARTESIAN_POINT('',(-8.2,88.794399493455,5.));
#8549 = CARTESIAN_POINT('',(-8.2,88.703594031961,5.));
#8550 = CARTESIAN_POINT('',(-8.2,88.61773820516,5.));
#8551 = CARTESIAN_POINT('',(-8.2,88.53683201305,5.));
#8552 = CARTESIAN_POINT('',(-8.2,88.460875455632,5.));
#8553 = CARTESIAN_POINT('',(-8.2,88.389868532906,5.));
#8554 = CARTESIAN_POINT('',(-8.2,88.323811244871,5.));
#8555 = CARTESIAN_POINT('',(-8.2,88.262703591528,5.));
#8556 = CARTESIAN_POINT('',(-8.2,88.206545572877,5.));
#8557 = CARTESIAN_POINT('',(-8.2,88.155337188918,5.));
#8558 = CARTESIAN_POINT('',(-8.2,88.109078439651,5.));
#8559 = CARTESIAN_POINT('',(-8.2,88.067769325076,5.));
#8560 = CARTESIAN_POINT('',(-8.2,88.031409845192,5.));
#8561 = CARTESIAN_POINT('',(-8.200000000001,87.461538461548,
    5.000000000001));
#8562 = CARTESIAN_POINT('',(-8.199999999996,86.92307692303,
    5.141025641022));
#8563 = CARTESIAN_POINT('',(-8.200000000013,86.384615384749,
    5.423076923087));
#8564 = CARTESIAN_POINT('',(-8.199999999974,85.846153845881,
    5.846153846134));
#8565 = CARTESIAN_POINT('',(-8.200000000041,85.307692308121,
    6.410256410287));
#8566 = CARTESIAN_POINT('',(-8.19999999995,84.769230768701,
    7.115384615347));
#8567 = CARTESIAN_POINT('',(-8.200000000049,84.230769231291,
    7.961538461576));
#8568 = CARTESIAN_POINT('',(-8.199999999961,83.692307691896,
    8.948717948688));
#8569 = CARTESIAN_POINT('',(-8.200000000025,83.153846154106,
    10.076923076943));
#8570 = CARTESIAN_POINT('',(-8.199999999988,82.615384615257,
    11.346153846144));
#8571 = CARTESIAN_POINT('',(-8.200000000004,82.076923076969,
    12.756410256414));
#8572 = CARTESIAN_POINT('',(-8.199999999999,81.538461538451,
    14.307692307691));
#8573 = CARTESIAN_POINT('',(-8.2,80.981655599754,16.057653829345));
#8574 = CARTESIAN_POINT('',(-8.2,80.963280588886,16.115403863504));
#8575 = CARTESIAN_POINT('',(-8.2,80.944874967395,16.173250102476));
#8576 = CARTESIAN_POINT('',(-8.2,80.926438735282,16.231192546262));
#8577 = CARTESIAN_POINT('',(-8.2,80.907971892546,16.289231194862));
#8578 = CARTESIAN_POINT('',(-8.2,80.889474439187,16.347366048275));
#8579 = CARTESIAN_POINT('',(-8.2,80.870946375207,16.405597106501));
#8580 = CARTESIAN_POINT('',(-8.2,80.852387700603,16.463924369541));
#8581 = CARTESIAN_POINT('',(-8.2,80.833798415378,16.522347837395));
#8582 = CARTESIAN_POINT('',(-8.2,80.815178519529,16.580867510062));
#8583 = CARTESIAN_POINT('',(-8.2,80.796528013059,16.639483387542));
#8584 = CARTESIAN_POINT('',(-8.2,80.777846895965,16.698195469836));
#8585 = CARTESIAN_POINT('',(-8.2,80.75913516825,16.757003756944));
#8586 = PCURVE('',#5439,#8587);
#8587 = DEFINITIONAL_REPRESENTATION('',(#8588),#8603);
#8588 = B_SPLINE_CURVE_WITH_KNOTS('',13,(#8589,#8590,#8591,#8592,#8593,
    #8594,#8595,#8596,#8597,#8598,#8599,#8600,#8601,#8602),
  .UNSPECIFIED.,.F.,.F.,(14,14),(1.102405685648E-14,13.61845532117),
  .PIECEWISE_BEZIER_KNOTS.);
#8589 = CARTESIAN_POINT('',(1.054711873394E-15,-0.8));
#8590 = CARTESIAN_POINT('',(7.692307692313E-02,-0.8));
#8591 = CARTESIAN_POINT('',(0.153846153846,-0.8));
#8592 = CARTESIAN_POINT('',(0.23076923077,-0.800000000001));
#8593 = CARTESIAN_POINT('',(0.307692307691,-0.799999999997));
#8594 = CARTESIAN_POINT('',(0.384615384617,-0.800000000004));
#8595 = CARTESIAN_POINT('',(0.461538461537,-0.799999999995));
#8596 = CARTESIAN_POINT('',(0.538461538463,-0.800000000006));
#8597 = CARTESIAN_POINT('',(0.615384615383,-0.799999999995));
#8598 = CARTESIAN_POINT('',(0.692307692309,-0.800000000003));
#8599 = CARTESIAN_POINT('',(0.76923076923,-0.799999999999));
#8600 = CARTESIAN_POINT('',(0.846153846154,-0.800000000001));
#8601 = CARTESIAN_POINT('',(0.923076923077,-0.8));
#8602 = CARTESIAN_POINT('',(1.,-0.8));
#8603 = ( GEOMETRIC_REPRESENTATION_CONTEXT(2) 
PARAMETRIC_REPRESENTATION_CONTEXT() REPRESENTATION_CONTEXT('2D SPACE',''
  ) );
#8604 = PCURVE('',#5743,#8605);
#8605 = DEFINITIONAL_REPRESENTATION('',(#8606),#8610);
#8606 = LINE('',#8607,#8608);
#8607 = CARTESIAN_POINT('',(13.61845532117,0.));
#8608 = VECTOR('',#8609,1.);
#8609 = DIRECTION('',(0.,1.));
#8610 = ( GEOMETRIC_REPRESENTATION_CONTEXT(2) 
PARAMETRIC_REPRESENTATION_CONTEXT() REPRESENTATION_CONTEXT('2D SPACE',''
  ) );
#8611 = ADVANCED_FACE('',(#8612),#5360,.F.);
#8612 = FACE_BOUND('',#8613,.F.);
#8613 = EDGE_LOOP('',(#8614,#8639,#8662,#8731,#8752,#8753,#8754,#8755));
#8614 = ORIENTED_EDGE('',*,*,#8615,.T.);
#8615 = EDGE_CURVE('',#8616,#8618,#8620,.T.);
#8616 = VERTEX_POINT('',#8617);
#8617 = CARTESIAN_POINT('',(6.,88.,5.));
#8618 = VERTEX_POINT('',#8619);
#8619 = CARTESIAN_POINT('',(8.1,88.,5.));
#8620 = SURFACE_CURVE('',#8621,(#8625,#8632),.PCURVE_S1.);
#8621 = LINE('',#8622,#8623);
#8622 = CARTESIAN_POINT('',(6.,88.,5.));
#8623 = VECTOR('',#8624,1.);
#8624 = DIRECTION('',(1.,0.,0.));
#8625 = PCURVE('',#5360,#8626);
#8626 = DEFINITIONAL_REPRESENTATION('',(#8627),#8631);
#8627 = LINE('',#8628,#8629);
#8628 = CARTESIAN_POINT('',(0.,0.));
#8629 = VECTOR('',#8630,1.);
#8630 = DIRECTION('',(0.,-1.));
#8631 = ( GEOMETRIC_REPRESENTATION_CONTEXT(2) 
PARAMETRIC_REPRESENTATION_CONTEXT() REPRESENTATION_CONTEXT('2D SPACE',''
  ) );
#8632 = PCURVE('',#8486,#8633);
#8633 = DEFINITIONAL_REPRESENTATION('',(#8634),#8638);
#8634 = LINE('',#8635,#8636);
#8635 = CARTESIAN_POINT('',(0.,-15.));
#8636 = VECTOR('',#8637,1.);
#8637 = DIRECTION('',(0.,-1.));
#8638 = ( GEOMETRIC_REPRESENTATION_CONTEXT(2) 
PARAMETRIC_REPRESENTATION_CONTEXT() REPRESENTATION_CONTEXT('2D SPACE',''
  ) );
#8639 = ORIENTED_EDGE('',*,*,#8640,.T.);
#8640 = EDGE_CURVE('',#8618,#8641,#8643,.T.);
#8641 = VERTEX_POINT('',#8642);
#8642 = CARTESIAN_POINT('',(8.2,88.,5.));
#8643 = SURFACE_CURVE('',#8644,(#8648,#8655),.PCURVE_S1.);
#8644 = LINE('',#8645,#8646);
#8645 = CARTESIAN_POINT('',(6.,88.,5.));
#8646 = VECTOR('',#8647,1.);
#8647 = DIRECTION('',(1.,0.,0.));
#8648 = PCURVE('',#5360,#8649);
#8649 = DEFINITIONAL_REPRESENTATION('',(#8650),#8654);
#8650 = LINE('',#8651,#8652);
#8651 = CARTESIAN_POINT('',(0.,0.));
#8652 = VECTOR('',#8653,1.);
#8653 = DIRECTION('',(0.,-1.));
#8654 = ( GEOMETRIC_REPRESENTATION_CONTEXT(2) 
PARAMETRIC_REPRESENTATION_CONTEXT() REPRESENTATION_CONTEXT('2D SPACE',''
  ) );
#8655 = PCURVE('',#6474,#8656);
#8656 = DEFINITIONAL_REPRESENTATION('',(#8657),#8661);
#8657 = LINE('',#8658,#8659);
#8658 = CARTESIAN_POINT('',(0.9,-2.1));
#8659 = VECTOR('',#8660,1.);
#8660 = DIRECTION('',(0.,1.));
#8661 = ( GEOMETRIC_REPRESENTATION_CONTEXT(2) 
PARAMETRIC_REPRESENTATION_CONTEXT() REPRESENTATION_CONTEXT('2D SPACE',''
  ) );
#8662 = ORIENTED_EDGE('',*,*,#8663,.T.);
#8663 = EDGE_CURVE('',#8641,#8664,#8666,.T.);
#8664 = VERTEX_POINT('',#8665);
#8665 = CARTESIAN_POINT('',(8.2,81.,16.));
#8666 = SURFACE_CURVE('',#8667,(#8706,#8724),.PCURVE_S1.);
#8667 = B_SPLINE_CURVE_WITH_KNOTS('',13,(#8668,#8669,#8670,#8671,#8672,
    #8673,#8674,#8675,#8676,#8677,#8678,#8679,#8680,#8681,#8682,#8683,
    #8684,#8685,#8686,#8687,#8688,#8689,#8690,#8691,#8692,#8693,#8694,
    #8695,#8696,#8697,#8698,#8699,#8700,#8701,#8702,#8703,#8704,#8705),
  .UNSPECIFIED.,.F.,.F.,(14,12,12,14),(-0.794399493455,
    1.102405685648E-14,13.61845532117,14.082411197871),.UNSPECIFIED.);
#8668 = CARTESIAN_POINT('',(8.2,88.794399493455,5.));
#8669 = CARTESIAN_POINT('',(8.2,88.703594031962,5.));
#8670 = CARTESIAN_POINT('',(8.2,88.61773820516,5.));
#8671 = CARTESIAN_POINT('',(8.2,88.53683201305,5.));
#8672 = CARTESIAN_POINT('',(8.2,88.460875455632,5.));
#8673 = CARTESIAN_POINT('',(8.2,88.389868532906,5.));
#8674 = CARTESIAN_POINT('',(8.2,88.323811244872,5.));
#8675 = CARTESIAN_POINT('',(8.2,88.262703591529,5.));
#8676 = CARTESIAN_POINT('',(8.2,88.206545572878,5.));
#8677 = CARTESIAN_POINT('',(8.2,88.155337188919,5.));
#8678 = CARTESIAN_POINT('',(8.2,88.109078439652,5.));
#8679 = CARTESIAN_POINT('',(8.2,88.067769325076,5.));
#8680 = CARTESIAN_POINT('',(8.2,88.031409845192,5.));
#8681 = CARTESIAN_POINT('',(8.200000000001,87.461538461545,
    5.000000000001));
#8682 = CARTESIAN_POINT('',(8.199999999997,86.923076923045,
    5.141025641023));
#8683 = CARTESIAN_POINT('',(8.200000000009,86.384615384708,
    5.423076923084));
#8684 = CARTESIAN_POINT('',(8.199999999981,85.846153845963,5.84615384614
    ));
#8685 = CARTESIAN_POINT('',(8.200000000031,85.307692307999,
    6.410256410279));
#8686 = CARTESIAN_POINT('',(8.199999999961,84.769230768839,
    7.115384615355));
#8687 = CARTESIAN_POINT('',(8.20000000004,84.230769231171,7.96153846157)
  );
#8688 = CARTESIAN_POINT('',(8.199999999967,83.692307691979,
    8.948717948691));
#8689 = CARTESIAN_POINT('',(8.200000000021,83.15384615406,
    10.076923076941));
#8690 = CARTESIAN_POINT('',(8.199999999989,82.615384615277,
    11.346153846144));
#8691 = CARTESIAN_POINT('',(8.200000000004,82.076923076962,
    12.756410256414));
#8692 = CARTESIAN_POINT('',(8.199999999999,81.538461538453,
    14.307692307692));
#8693 = CARTESIAN_POINT('',(8.2,80.981655599754,16.057653829345));
#8694 = CARTESIAN_POINT('',(8.2,80.963280588886,16.115403863504));
#8695 = CARTESIAN_POINT('',(8.2,80.944874967395,16.173250102476));
#8696 = CARTESIAN_POINT('',(8.2,80.926438735281,16.231192546262));
#8697 = CARTESIAN_POINT('',(8.2,80.907971892546,16.289231194862));
#8698 = CARTESIAN_POINT('',(8.2,80.889474439187,16.347366048274));
#8699 = CARTESIAN_POINT('',(8.2,80.870946375206,16.405597106501));
#8700 = CARTESIAN_POINT('',(8.2,80.852387700603,16.463924369541));
#8701 = CARTESIAN_POINT('',(8.2,80.833798415377,16.522347837394));
#8702 = CARTESIAN_POINT('',(8.2,80.815178519529,16.580867510061));
#8703 = CARTESIAN_POINT('',(8.2,80.796528013058,16.639483387542));
#8704 = CARTESIAN_POINT('',(8.2,80.777846895965,16.698195469836));
#8705 = CARTESIAN_POINT('',(8.2,80.759135168249,16.757003756944));
#8706 = PCURVE('',#5360,#8707);
#8707 = DEFINITIONAL_REPRESENTATION('',(#8708),#8723);
#8708 = B_SPLINE_CURVE_WITH_KNOTS('',13,(#8709,#8710,#8711,#8712,#8713,
    #8714,#8715,#8716,#8717,#8718,#8719,#8720,#8721,#8722),
  .UNSPECIFIED.,.F.,.F.,(14,14),(1.102405685648E-14,13.61845532117),
  .PIECEWISE_BEZIER_KNOTS.);
#8709 = CARTESIAN_POINT('',(1.33226762955E-15,-2.2));
#8710 = CARTESIAN_POINT('',(7.692307692309E-02,-2.2));
#8711 = CARTESIAN_POINT('',(0.153846153846,-2.2));
#8712 = CARTESIAN_POINT('',(0.230769230769,-2.200000000001));
#8713 = CARTESIAN_POINT('',(0.307692307692,-2.199999999998));
#8714 = CARTESIAN_POINT('',(0.384615384615,-2.200000000003));
#8715 = CARTESIAN_POINT('',(0.461538461538,-2.199999999995));
#8716 = CARTESIAN_POINT('',(0.538461538462,-2.200000000005));
#8717 = CARTESIAN_POINT('',(0.615384615384,-2.199999999995));
#8718 = CARTESIAN_POINT('',(0.692307692308,-2.200000000003));
#8719 = CARTESIAN_POINT('',(0.76923076923,-2.199999999998));
#8720 = CARTESIAN_POINT('',(0.846153846154,-2.200000000001));
#8721 = CARTESIAN_POINT('',(0.923076923077,-2.2));
#8722 = CARTESIAN_POINT('',(1.,-2.2));
#8723 = ( GEOMETRIC_REPRESENTATION_CONTEXT(2) 
PARAMETRIC_REPRESENTATION_CONTEXT() REPRESENTATION_CONTEXT('2D SPACE',''
  ) );
#8724 = PCURVE('',#6605,#8725);
#8725 = DEFINITIONAL_REPRESENTATION('',(#8726),#8730);
#8726 = LINE('',#8727,#8728);
#8727 = CARTESIAN_POINT('',(13.61845532117,0.));
#8728 = VECTOR('',#8729,1.);
#8729 = DIRECTION('',(0.,1.));
#8730 = ( GEOMETRIC_REPRESENTATION_CONTEXT(2) 
PARAMETRIC_REPRESENTATION_CONTEXT() REPRESENTATION_CONTEXT('2D SPACE',''
  ) );
#8731 = ORIENTED_EDGE('',*,*,#8732,.F.);
#8732 = EDGE_CURVE('',#5377,#8664,#8733,.T.);
#8733 = SURFACE_CURVE('',#8734,(#8738,#8745),.PCURVE_S1.);
#8734 = LINE('',#8735,#8736);
#8735 = CARTESIAN_POINT('',(6.,81.,16.));
#8736 = VECTOR('',#8737,1.);
#8737 = DIRECTION('',(1.,0.,0.));
#8738 = PCURVE('',#5360,#8739);
#8739 = DEFINITIONAL_REPRESENTATION('',(#8740),#8744);
#8740 = LINE('',#8741,#8742);
#8741 = CARTESIAN_POINT('',(1.,0.));
#8742 = VECTOR('',#8743,1.);
#8743 = DIRECTION('',(0.,-1.));
#8744 = ( GEOMETRIC_REPRESENTATION_CONTEXT(2) 
PARAMETRIC_REPRESENTATION_CONTEXT() REPRESENTATION_CONTEXT('2D SPACE',''
  ) );
#8745 = PCURVE('',#6743,#8746);
#8746 = DEFINITIONAL_REPRESENTATION('',(#8747),#8751);
#8747 = LINE('',#8748,#8749);
#8748 = CARTESIAN_POINT('',(0.,0.));
#8749 = VECTOR('',#8750,1.);
#8750 = DIRECTION('',(0.,-1.));
#8751 = ( GEOMETRIC_REPRESENTATION_CONTEXT(2) 
PARAMETRIC_REPRESENTATION_CONTEXT() REPRESENTATION_CONTEXT('2D SPACE',''
  ) );
#8752 = ORIENTED_EDGE('',*,*,#5376,.F.);
#8753 = ORIENTED_EDGE('',*,*,#5340,.T.);
#8754 = ORIENTED_EDGE('',*,*,#8234,.F.);
#8755 = ORIENTED_EDGE('',*,*,#8756,.F.);
#8756 = EDGE_CURVE('',#8616,#8235,#8757,.T.);
#8757 = SURFACE_CURVE('',#8758,(#8762,#8769),.PCURVE_S1.);
#8758 = B_SPLINE_CURVE_WITH_KNOTS('',2,(#8759,#8760,#8761),
  .UNSPECIFIED.,.F.,.F.,(3,3),(0.,1.),.PIECEWISE_BEZIER_KNOTS.);
#8759 = CARTESIAN_POINT('',(6.,88.,5.));
#8760 = CARTESIAN_POINT('',(6.,84.5,5.));
#8761 = CARTESIAN_POINT('',(6.,81.,16.));
#8762 = PCURVE('',#5360,#8763);
#8763 = DEFINITIONAL_REPRESENTATION('',(#8764),#8768);
#8764 = LINE('',#8765,#8766);
#8765 = CARTESIAN_POINT('',(0.,0.));
#8766 = VECTOR('',#8767,1.);
#8767 = DIRECTION('',(1.,0.));
#8768 = ( GEOMETRIC_REPRESENTATION_CONTEXT(2) 
PARAMETRIC_REPRESENTATION_CONTEXT() REPRESENTATION_CONTEXT('2D SPACE',''
  ) );
#8769 = PCURVE('',#8430,#8770);
#8770 = DEFINITIONAL_REPRESENTATION('',(#8771),#8775);
#8771 = B_SPLINE_CURVE_WITH_KNOTS('',2,(#8772,#8773,#8774),
  .UNSPECIFIED.,.F.,.F.,(3,3),(0.,1.),.PIECEWISE_BEZIER_KNOTS.);
#8772 = CARTESIAN_POINT('',(-3.1127727871,-4.810076832682));
#8773 = CARTESIAN_POINT('',(-3.1127727871,-1.310076832682));
#8774 = CARTESIAN_POINT('',(7.8872272129,2.189923167318));
#8775 = ( GEOMETRIC_REPRESENTATION_CONTEXT(2) 
PARAMETRIC_REPRESENTATION_CONTEXT() REPRESENTATION_CONTEXT('2D SPACE',''
  ) );
#8776 = ADVANCED_FACE('',(#8777),#5881,.F.);
#8777 = FACE_BOUND('',#8778,.F.);
#8778 = EDGE_LOOP('',(#8779,#8780,#8873,#8874,#8875,#8876));
#8779 = ORIENTED_EDGE('',*,*,#5865,.F.);
#8780 = ORIENTED_EDGE('',*,*,#8781,.T.);
#8781 = EDGE_CURVE('',#5658,#8523,#8782,.T.);
#8782 = SURFACE_CURVE('',#8783,(#8811,#8842),.PCURVE_S1.);
#8783 = B_SPLINE_CURVE_WITH_KNOTS('',6,(#8784,#8785,#8786,#8787,#8788,
    #8789,#8790,#8791,#8792,#8793,#8794,#8795,#8796,#8797,#8798,#8799,
    #8800,#8801,#8802,#8803,#8804,#8805,#8806,#8807,#8808,#8809,#8810),
  .UNSPECIFIED.,.F.,.F.,(7,5,5,5,5,7),(0.,0.203490722907,0.311385795314,
    0.54874848503,0.781504772114,1.),.UNSPECIFIED.);
#8784 = CARTESIAN_POINT('',(-9.,81.,13.490540136041));
#8785 = CARTESIAN_POINT('',(-9.,81.,13.603514218981));
#8786 = CARTESIAN_POINT('',(-8.997840521341,81.,13.719582045971));
#8787 = CARTESIAN_POINT('',(-8.993348528842,81.,13.838241322644));
#8788 = CARTESIAN_POINT('',(-8.986372084244,81.,13.958851200479));
#8789 = CARTESIAN_POINT('',(-8.976795780599,81.,14.080625971674));
#8790 = CARTESIAN_POINT('',(-8.958062558888,81.,14.267378825772));
#8791 = CARTESIAN_POINT('',(-8.950822068206,81.,14.332163743222));
#8792 = CARTESIAN_POINT('',(-8.942822303242,81.,14.396890140498));
#8793 = CARTESIAN_POINT('',(-8.934057413315,81.,14.461414840702));
#8794 = CARTESIAN_POINT('',(-8.924526033107,81.,14.525587211466));
#8795 = CARTESIAN_POINT('',(-8.891585040889,81.,14.729308315232));
#8796 = CARTESIAN_POINT('',(-8.86524673069,81.,14.86690141142));
#8797 = CARTESIAN_POINT('',(-8.835254860253,81.,15.000378382821));
#8798 = CARTESIAN_POINT('',(-8.801764153202,81.,15.127938752047));
#8799 = CARTESIAN_POINT('',(-8.765079417139,81.,15.247793873412));
#8800 = CARTESIAN_POINT('',(-8.686944173026,81.,15.466947939041));
#8801 = CARTESIAN_POINT('',(-8.645598732307,81.,15.566603732743));
#8802 = CARTESIAN_POINT('',(-8.602001834301,81.,15.65597994207));
#8803 = CARTESIAN_POINT('',(-8.556677021356,81.,15.733916267095));
#8804 = CARTESIAN_POINT('',(-8.510218870633,81.,15.799787576816));
#8805 = CARTESIAN_POINT('',(-8.419078346887,81.,15.903939886398));
#8806 = CARTESIAN_POINT('',(-8.37445756175,81.,15.943668808561));
#8807 = CARTESIAN_POINT('',(-8.32982557837,81.,15.972621227722));
#8808 = CARTESIAN_POINT('',(-8.285637529377,81.,15.991161785939));
#8809 = CARTESIAN_POINT('',(-8.242266616076,81.,16.));
#8810 = CARTESIAN_POINT('',(-8.2,81.,16.));
#8811 = PCURVE('',#5881,#8812);
#8812 = DEFINITIONAL_REPRESENTATION('',(#8813),#8841);
#8813 = B_SPLINE_CURVE_WITH_KNOTS('',6,(#8814,#8815,#8816,#8817,#8818,
    #8819,#8820,#8821,#8822,#8823,#8824,#8825,#8826,#8827,#8828,#8829,
    #8830,#8831,#8832,#8833,#8834,#8835,#8836,#8837,#8838,#8839,#8840),
  .UNSPECIFIED.,.F.,.F.,(7,5,5,5,5,7),(0.,0.203490722907,0.311385795314,
    0.54874848503,0.781504772114,1.),.UNSPECIFIED.);
#8814 = CARTESIAN_POINT('',(2.509459863959,1.59872115546E-14));
#8815 = CARTESIAN_POINT('',(2.396485781019,1.609823385706E-14));
#8816 = CARTESIAN_POINT('',(2.280417954029,-2.159478658525E-03));
#8817 = CARTESIAN_POINT('',(2.161758677356,-6.651471157535E-03));
#8818 = CARTESIAN_POINT('',(2.041148799521,-1.362791575611E-02));
#8819 = CARTESIAN_POINT('',(1.919374028326,-2.320421940102E-02));
#8820 = CARTESIAN_POINT('',(1.732621174228,-4.193744111229E-02));
#8821 = CARTESIAN_POINT('',(1.667836256778,-4.917793179386E-02));
#8822 = CARTESIAN_POINT('',(1.603109859502,-5.717769675784E-02));
#8823 = CARTESIAN_POINT('',(1.538585159298,-6.594258668512E-02));
#8824 = CARTESIAN_POINT('',(1.474412788534,-7.547396689264E-02));
#8825 = CARTESIAN_POINT('',(1.270691684768,-0.108414959111));
#8826 = CARTESIAN_POINT('',(1.13309858858,-0.13475326931));
#8827 = CARTESIAN_POINT('',(0.999621617179,-0.164745139747));
#8828 = CARTESIAN_POINT('',(0.872061247953,-0.198235846798));
#8829 = CARTESIAN_POINT('',(0.752206126588,-0.234920582861));
#8830 = CARTESIAN_POINT('',(0.533052060959,-0.313055826974));
#8831 = CARTESIAN_POINT('',(0.433396267257,-0.354401267693));
#8832 = CARTESIAN_POINT('',(0.34402005793,-0.397998165699));
#8833 = CARTESIAN_POINT('',(0.266083732905,-0.443322978644));
#8834 = CARTESIAN_POINT('',(0.200212423184,-0.489781129367));
#8835 = CARTESIAN_POINT('',(9.606011360196E-02,-0.580921653113));
#8836 = CARTESIAN_POINT('',(5.633119143896E-02,-0.62554243825));
#8837 = CARTESIAN_POINT('',(2.737877227756E-02,-0.67017442163));
#8838 = CARTESIAN_POINT('',(8.838214061137E-03,-0.714362470623));
#8839 = CARTESIAN_POINT('',(4.936005989809E-14,-0.757733383924));
#8840 = CARTESIAN_POINT('',(3.907985046681E-14,-0.8));
#8841 = ( GEOMETRIC_REPRESENTATION_CONTEXT(2) 
PARAMETRIC_REPRESENTATION_CONTEXT() REPRESENTATION_CONTEXT('2D SPACE',''
  ) );
#8842 = PCURVE('',#5743,#8843);
#8843 = DEFINITIONAL_REPRESENTATION('',(#8844),#8872);
#8844 = B_SPLINE_CURVE_WITH_KNOTS('',6,(#8845,#8846,#8847,#8848,#8849,
    #8850,#8851,#8852,#8853,#8854,#8855,#8856,#8857,#8858,#8859,#8860,
    #8861,#8862,#8863,#8864,#8865,#8866,#8867,#8868,#8869,#8870,#8871),
  .UNSPECIFIED.,.F.,.F.,(7,5,5,5,5,7),(0.,0.203490722907,0.311385795314,
    0.54874848503,0.781504772114,1.),.UNSPECIFIED.);
#8845 = CARTESIAN_POINT('',(0.,12.152461402351));
#8846 = CARTESIAN_POINT('',(0.456720992279,12.221057721499));
#8847 = CARTESIAN_POINT('',(0.912436800169,12.291241794398));
#8848 = CARTESIAN_POINT('',(1.367275402324,12.362680498228));
#8849 = CARTESIAN_POINT('',(1.821429452827,12.434964241926));
#8850 = CARTESIAN_POINT('',(2.275157627972,12.507609824863));
#8851 = CARTESIAN_POINT('',(2.969287790996,12.618512506685));
#8852 = CARTESIAN_POINT('',(3.2097705637,12.656892093487));
#8853 = CARTESIAN_POINT('',(3.45026640123,12.695144142));
#8854 = CARTESIAN_POINT('',(3.690823722415,12.733184934783));
#8855 = CARTESIAN_POINT('',(3.931492458187,12.770927722744));
#8856 = CARTESIAN_POINT('',(4.702136720684,12.890465657914));
#8857 = CARTESIAN_POINT('',(5.232720776886,12.970774592902));
#8858 = CARTESIAN_POINT('',(5.764639002892,13.048273824308));
#8859 = CARTESIAN_POINT('',(6.298383517174,13.121971715213));
#8860 = CARTESIAN_POINT('',(6.834325587122,13.190915654449));
#8861 = CARTESIAN_POINT('',(7.900480298001,13.316510933767));
#8862 = CARTESIAN_POINT('',(8.430619704297,13.373376673625));
#8863 = CARTESIAN_POINT('',(8.963109355603,13.424182362555));
#8864 = CARTESIAN_POINT('',(9.49787359332,13.468351209061));
#8865 = CARTESIAN_POINT('',(10.03463972874,13.505599825664));
#8866 = CARTESIAN_POINT('',(11.078233311335,13.5644025807));
#8867 = CARTESIAN_POINT('',(11.584927093988,13.586781180878));
#8868 = CARTESIAN_POINT('',(12.09262745946,13.60306529709));
#8869 = CARTESIAN_POINT('',(12.600986254091,13.6134872676));
#8870 = CARTESIAN_POINT('',(13.109686668828,13.61845532117));
#8871 = CARTESIAN_POINT('',(13.61845532117,13.61845532117));
#8872 = ( GEOMETRIC_REPRESENTATION_CONTEXT(2) 
PARAMETRIC_REPRESENTATION_CONTEXT() REPRESENTATION_CONTEXT('2D SPACE',''
  ) );
#8873 = ORIENTED_EDGE('',*,*,#8522,.T.);
#8874 = ORIENTED_EDGE('',*,*,#7932,.T.);
#8875 = ORIENTED_EDGE('',*,*,#6023,.F.);
#8876 = ORIENTED_EDGE('',*,*,#5968,.F.);
#8877 = ADVANCED_FACE('',(#8878),#5743,.F.);
#8878 = FACE_BOUND('',#8879,.F.);
#8879 = EDGE_LOOP('',(#8880,#9024,#9025,#9026));
#8880 = ORIENTED_EDGE('',*,*,#8881,.F.);
#8881 = EDGE_CURVE('',#8446,#5625,#8882,.T.);
#8882 = SURFACE_CURVE('',#8883,(#8928,#8976),.PCURVE_S1.);
#8883 = B_SPLINE_CURVE_WITH_KNOTS('',7,(#8884,#8885,#8886,#8887,#8888,
    #8889,#8890,#8891,#8892,#8893,#8894,#8895,#8896,#8897,#8898,#8899,
    #8900,#8901,#8902,#8903,#8904,#8905,#8906,#8907,#8908,#8909,#8910,
    #8911,#8912,#8913,#8914,#8915,#8916,#8917,#8918,#8919,#8920,#8921,
    #8922,#8923,#8924,#8925,#8926,#8927),.UNSPECIFIED.,.F.,.F.,(8,6,6,6,
    6,6,6,8),(0.,1.278900580519E-03,5.685299056377E-03,0.173778835495,
    0.494040661741,0.657972106599,0.823201697699,1.),.UNSPECIFIED.);
#8884 = CARTESIAN_POINT('',(-8.200000000001,88.,5.));
#8885 = CARTESIAN_POINT('',(-8.20020641141,87.999875736538,5.));
#8886 = CARTESIAN_POINT('',(-8.200412849625,87.999751451737,
    4.999999945955));
#8887 = CARTESIAN_POINT('',(-8.200619313328,87.99962714636,
    4.999999837841));
#8888 = CARTESIAN_POINT('',(-8.200825801705,87.999502820871,
    4.999999675637));
#8889 = CARTESIAN_POINT('',(-8.20103231444,87.999378475443,4.99999945932
    ));
#8890 = CARTESIAN_POINT('',(-8.201238851722,87.999254109953,
    4.999999188868));
#8891 = CARTESIAN_POINT('',(-8.202157116745,87.998701157324,
    4.999997745832));
#8892 = CARTESIAN_POINT('',(-8.202869114004,87.99827235036,
    4.999995984495));
#8893 = CARTESIAN_POINT('',(-8.203581404869,87.99784330319,
    4.999993579336));
#8894 = CARTESIAN_POINT('',(-8.204293988192,87.997414015915,
    4.999990529448));
#8895 = CARTESIAN_POINT('',(-8.20500686282,87.996984488636,
    4.999986833922));
#8896 = CARTESIAN_POINT('',(-8.205720027596,87.996554721457,
    4.999982491855));
#8897 = CARTESIAN_POINT('',(-8.233650031671,87.979720979374,
    4.999787164394));
#8898 = CARTESIAN_POINT('',(-8.261287050574,87.962968289142,
    4.998654634265));
#8899 = CARTESIAN_POINT('',(-8.289280284303,87.945872384543,
    4.996529779869));
#8900 = CARTESIAN_POINT('',(-8.317554997509,87.928441220967,
    4.993366264234));
#8901 = CARTESIAN_POINT('',(-8.346026980945,87.910685171741,
    4.989123378061));
#8902 = CARTESIAN_POINT('',(-8.37460355914,87.89261723144,4.983767872284
    ));
#8903 = CARTESIAN_POINT('',(-8.457638897306,87.839265008331,
    4.964906689635));
#8904 = CARTESIAN_POINT('',(-8.512109187672,87.803202347847,
    4.948411894182));
#8905 = CARTESIAN_POINT('',(-8.565905435338,87.766174058325,
    4.927625760083));
#8906 = CARTESIAN_POINT('',(-8.618246546264,87.728326659456,
    4.902504277703));
#8907 = CARTESIAN_POINT('',(-8.668304467383,87.689848798536,
    4.873172141421));
#8908 = CARTESIAN_POINT('',(-8.715314729611,87.650967366826,
    4.839953207435));
#8909 = CARTESIAN_POINT('',(-8.780840234272,87.591945972259,
    4.784572544632));
#8910 = CARTESIAN_POINT('',(-8.802063505764,87.571922200626,
    4.764928776385));
#8911 = CARTESIAN_POINT('',(-8.82224146356,87.551890437072,
    4.744454903708));
#8912 = CARTESIAN_POINT('',(-8.841300786576,87.531885158188,
    4.723225522221));
#8913 = CARTESIAN_POINT('',(-8.859180333128,87.511941449031,
    4.701323734238));
#8914 = CARTESIAN_POINT('',(-8.875832773146,87.492094269209,
    4.67883870665));
#8915 = CARTESIAN_POINT('',(-8.906741565806,87.45250503661,
    4.632705811921));
#8916 = CARTESIAN_POINT('',(-8.92097795767,87.432764967139,4.60904997736
    ));
#8917 = CARTESIAN_POINT('',(-8.933902008235,87.413192469797,
    4.584990654242));
#8918 = CARTESIAN_POINT('',(-8.945496377357,87.393821322238,
    4.560625728693));
#8919 = CARTESIAN_POINT('',(-8.955758737467,87.374683518823,
    4.536053190562));
#8920 = CARTESIAN_POINT('',(-8.964700738536,87.355808668908,
    4.51136828013));
#8921 = CARTESIAN_POINT('',(-8.980528566139,87.317336855262,4.4602230596
    ));
#8922 = CARTESIAN_POINT('',(-8.987226542217,87.297781789767,
    4.433759306649));
#8923 = CARTESIAN_POINT('',(-8.992470547606,87.278590948566,
    4.407379750283));
#8924 = CARTESIAN_POINT('',(-8.996306604552,87.259792969622,
    4.381186780185));
#8925 = CARTESIAN_POINT('',(-8.998793637609,87.241412239369,
    4.355273179612));
#8926 = CARTESIAN_POINT('',(-9.,87.223468753143,4.329720503608));
#8927 = CARTESIAN_POINT('',(-9.,87.20597797561,4.304597457206));
#8928 = PCURVE('',#5743,#8929);
#8929 = DEFINITIONAL_REPRESENTATION('',(#8930),#8975);
#8930 = B_SPLINE_CURVE_WITH_KNOTS('',7,(#8931,#8932,#8933,#8934,#8935,
    #8936,#8937,#8938,#8939,#8940,#8941,#8942,#8943,#8944,#8945,#8946,
    #8947,#8948,#8949,#8950,#8951,#8952,#8953,#8954,#8955,#8956,#8957,
    #8958,#8959,#8960,#8961,#8962,#8963,#8964,#8965,#8966,#8967,#8968,
    #8969,#8970,#8971,#8972,#8973,#8974),.UNSPECIFIED.,.F.,.F.,(8,6,6,6,
    6,6,6,8),(0.,1.278900580519E-03,5.685299056377E-03,0.173778835495,
    0.494040661741,0.657972106599,0.823201697699,1.),.UNSPECIFIED.);
#8931 = CARTESIAN_POINT('',(13.618455321154,-1.190455889535E-07));
#8932 = CARTESIAN_POINT('',(13.615970720679,2.418503630609E-04));
#8933 = CARTESIAN_POINT('',(13.613486107341,4.83629705418E-04));
#8934 = CARTESIAN_POINT('',(13.611001496648,7.253795918912E-04));
#8935 = CARTESIAN_POINT('',(13.608516898076,9.671983087897E-04));
#8936 = CARTESIAN_POINT('',(13.606032315068,1.209121818323E-03));
#8937 = CARTESIAN_POINT('',(13.603547745035,1.451123758601E-03));
#8938 = CARTESIAN_POINT('',(13.592502712207,2.526887676169E-03));
#8939 = CARTESIAN_POINT('',(13.583942354553,3.361125736727E-03));
#8940 = CARTESIAN_POINT('',(13.575382106197,4.195828266623E-03));
#8941 = CARTESIAN_POINT('',(13.566821966938,5.030993900672E-03));
#8942 = CARTESIAN_POINT('',(13.558261936568,5.866621267197E-03));
#8943 = CARTESIAN_POINT('',(13.549702014874,6.70270898802E-03));
#8944 = CARTESIAN_POINT('',(13.214605851088,3.9451506094E-02));
#8945 = CARTESIAN_POINT('',(12.888227388268,7.203151142498E-02));
#8946 = CARTESIAN_POINT('',(12.5619950777,0.105202961004));
#8947 = CARTESIAN_POINT('',(12.235892903256,0.138873887598));
#8948 = CARTESIAN_POINT('',(11.9099010503,0.172939877441));
#8949 = CARTESIAN_POINT('',(11.583996387834,0.207287280262));
#8950 = CARTESIAN_POINT('',(10.637336609467,0.307545288259));
#8951 = CARTESIAN_POINT('',(10.016748280703,0.37388108404));
#8952 = CARTESIAN_POINT('',(9.396199257363,0.439981461802));
#8953 = CARTESIAN_POINT('',(8.775491165769,0.504954146782));
#8954 = CARTESIAN_POINT('',(8.154434663782,0.56796688794));
#8955 = CARTESIAN_POINT('',(7.532883268998,0.628400250939));
#8956 = CARTESIAN_POINT('',(6.59230028774,0.715240853085));
#8957 = CARTESIAN_POINT('',(6.273699604822,0.743857681171));
#8958 = CARTESIAN_POINT('',(5.954937970065,0.771633992828));
#8959 = CARTESIAN_POINT('',(5.636008727527,0.798529105374));
#8960 = CARTESIAN_POINT('',(5.316908712123,0.824516460331));
#8961 = CARTESIAN_POINT('',(4.997638581975,0.84958237291));
#8962 = CARTESIAN_POINT('',(4.356238162741,0.898058369875));
#8963 = CARTESIAN_POINT('',(4.034103994486,0.921453771296));
#8964 = CARTESIAN_POINT('',(3.711805478741,0.943908542456));
#8965 = CARTESIAN_POINT('',(3.389348916081,0.965431766729));
#8966 = CARTESIAN_POINT('',(3.066742111907,0.986041592142));
#8967 = CARTESIAN_POINT('',(2.743994413428,1.005762769336));
#8968 = CARTESIAN_POINT('',(2.075632484678,1.044806210485));
#8969 = CARTESIAN_POINT('',(1.729998341957,1.064003874245));
#8970 = CARTESIAN_POINT('',(1.384226860319,1.082252960539));
#8971 = CARTESIAN_POINT('',(1.038330091035,1.099594425931));
#8972 = CARTESIAN_POINT('',(0.692319537124,1.116072248426));
#8973 = CARTESIAN_POINT('',(0.346206095645,1.131731272074));
#8974 = CARTESIAN_POINT('',(0.,1.146615051578));
#8975 = ( GEOMETRIC_REPRESENTATION_CONTEXT(2) 
PARAMETRIC_REPRESENTATION_CONTEXT() REPRESENTATION_CONTEXT('2D SPACE',''
  ) );
#8976 = PCURVE('',#5642,#8977);
#8977 = DEFINITIONAL_REPRESENTATION('',(#8978),#9023);
#8978 = B_SPLINE_CURVE_WITH_KNOTS('',7,(#8979,#8980,#8981,#8982,#8983,
    #8984,#8985,#8986,#8987,#8988,#8989,#8990,#8991,#8992,#8993,#8994,
    #8995,#8996,#8997,#8998,#8999,#9000,#9001,#9002,#9003,#9004,#9005,
    #9006,#9007,#9008,#9009,#9010,#9011,#9012,#9013,#9014,#9015,#9016,
    #9017,#9018,#9019,#9020,#9021,#9022),.UNSPECIFIED.,.F.,.F.,(8,6,6,6,
    6,6,6,8),(0.,1.278900580519E-03,5.685299056377E-03,0.173778835495,
    0.494040661741,0.657972106599,0.823201697699,1.),.UNSPECIFIED.);
#8979 = CARTESIAN_POINT('',(1.,-0.799999999999));
#8980 = CARTESIAN_POINT('',(0.999937868269,-0.79979358859));
#8981 = CARTESIAN_POINT('',(0.999875725869,-0.799587150375));
#8982 = CARTESIAN_POINT('',(0.99981357318,-0.799380686672));
#8983 = CARTESIAN_POINT('',(0.999751410435,-0.799174198295));
#8984 = CARTESIAN_POINT('',(0.999689237722,-0.79896768556));
#8985 = CARTESIAN_POINT('',(0.999627054976,-0.798761148278));
#8986 = CARTESIAN_POINT('',(0.999350578662,-0.797842883255));
#8987 = CARTESIAN_POINT('',(0.99913617518,-0.797130885996));
#8988 = CARTESIAN_POINT('',(0.998921651595,-0.796418595131));
#8989 = CARTESIAN_POINT('',(0.998707007957,-0.795706011808));
#8990 = CARTESIAN_POINT('',(0.998492244318,-0.79499313718));
#8991 = CARTESIAN_POINT('',(0.998277360728,-0.794279972404));
#8992 = CARTESIAN_POINT('',(0.989860489687,-0.766349968329));
#8993 = CARTESIAN_POINT('',(0.981484144571,-0.738712949426));
#8994 = CARTESIAN_POINT('',(0.972936192271,-0.710719715697));
#8995 = CARTESIAN_POINT('',(0.964220610483,-0.682445002491));
#8996 = CARTESIAN_POINT('',(0.95534258587,-0.653973019055));
#8997 = CARTESIAN_POINT('',(0.94630861572,-0.62539644086));
#8998 = CARTESIAN_POINT('',(0.919632504165,-0.542361102694));
#8999 = CARTESIAN_POINT('',(0.901601173923,-0.487890812328));
#9000 = CARTESIAN_POINT('',(0.883087029162,-0.434094564663));
#9001 = CARTESIAN_POINT('',(0.864163329728,-0.381753453735));
#9002 = CARTESIAN_POINT('',(0.844924399268,-0.331695532617));
#9003 = CARTESIAN_POINT('',(0.825483683413,-0.284685270389));
#9004 = CARTESIAN_POINT('',(0.79597298613,-0.219159765728));
#9005 = CARTESIAN_POINT('',(0.785961100313,-0.197936494236));
#9006 = CARTESIAN_POINT('',(0.775945218536,-0.17775853644));
#9007 = CARTESIAN_POINT('',(0.765942579094,-0.158699213424));
#9008 = CARTESIAN_POINT('',(0.755970724515,-0.140819666872));
#9009 = CARTESIAN_POINT('',(0.746047134605,-0.124167226854));
#9010 = CARTESIAN_POINT('',(0.726252518305,-9.325843419363E-02));
#9011 = CARTESIAN_POINT('',(0.71638248357,-7.902204232974E-02));
#9012 = CARTESIAN_POINT('',(0.706596234898,-6.609799176546E-02));
#9013 = CARTESIAN_POINT('',(0.696910661119,-5.450362264265E-02));
#9014 = CARTESIAN_POINT('',(0.687341759411,-4.42412625326E-02));
#9015 = CARTESIAN_POINT('',(0.677904334454,-3.529926146409E-02));
#9016 = CARTESIAN_POINT('',(0.658668427631,-1.947143386142E-02));
#9017 = CARTESIAN_POINT('',(0.648890894884,-1.277345778256E-02));
#9018 = CARTESIAN_POINT('',(0.639295474283,-7.529452394427E-03));
#9019 = CARTESIAN_POINT('',(0.629896484811,-3.693395447742E-03));
#9020 = CARTESIAN_POINT('',(0.620706119684,-1.206362391496E-03));
#9021 = CARTESIAN_POINT('',(0.611734376572,-1.271998379642E-14));
#9022 = CARTESIAN_POINT('',(0.602988987805,-1.398881011028E-14));
#9023 = ( GEOMETRIC_REPRESENTATION_CONTEXT(2) 
PARAMETRIC_REPRESENTATION_CONTEXT() REPRESENTATION_CONTEXT('2D SPACE',''
  ) );
#9024 = ORIENTED_EDGE('',*,*,#8545,.T.);
#9025 = ORIENTED_EDGE('',*,*,#8781,.F.);
#9026 = ORIENTED_EDGE('',*,*,#5657,.F.);
#9027 = ADVANCED_FACE('',(#9028),#5642,.T.);
#9028 = FACE_BOUND('',#9029,.T.);
#9029 = EDGE_LOOP('',(#9030,#9031,#9032));
#9030 = ORIENTED_EDGE('',*,*,#5624,.F.);
#9031 = ORIENTED_EDGE('',*,*,#8881,.F.);
#9032 = ORIENTED_EDGE('',*,*,#9033,.F.);
#9033 = EDGE_CURVE('',#5597,#8446,#9034,.T.);
#9034 = SURFACE_CURVE('',#9035,(#9039,#9046),.PCURVE_S1.);
#9035 = LINE('',#9036,#9037);
#9036 = CARTESIAN_POINT('',(-9.,88.,5.));
#9037 = VECTOR('',#9038,1.);
#9038 = DIRECTION('',(1.,0.,0.));
#9039 = PCURVE('',#5642,#9040);
#9040 = DEFINITIONAL_REPRESENTATION('',(#9041),#9045);
#9041 = LINE('',#9042,#9043);
#9042 = CARTESIAN_POINT('',(1.,0.));
#9043 = VECTOR('',#9044,1.);
#9044 = DIRECTION('',(0.,-1.));
#9045 = ( GEOMETRIC_REPRESENTATION_CONTEXT(2) 
PARAMETRIC_REPRESENTATION_CONTEXT() REPRESENTATION_CONTEXT('2D SPACE',''
  ) );
#9046 = PCURVE('',#5612,#9047);
#9047 = DEFINITIONAL_REPRESENTATION('',(#9048),#9052);
#9048 = LINE('',#9049,#9050);
#9049 = CARTESIAN_POINT('',(0.9,0.));
#9050 = VECTOR('',#9051,1.);
#9051 = DIRECTION('',(0.,1.));
#9052 = ( GEOMETRIC_REPRESENTATION_CONTEXT(2) 
PARAMETRIC_REPRESENTATION_CONTEXT() REPRESENTATION_CONTEXT('2D SPACE',''
  ) );
#9053 = ADVANCED_FACE('',(#9054),#5612,.T.);
#9054 = FACE_BOUND('',#9055,.T.);
#9055 = EDGE_LOOP('',(#9056,#9078,#9079,#9080));
#9056 = ORIENTED_EDGE('',*,*,#9057,.F.);
#9057 = EDGE_CURVE('',#5569,#8448,#9058,.T.);
#9058 = SURFACE_CURVE('',#9059,(#9064,#9071),.PCURVE_S1.);
#9059 = CIRCLE('',#9060,0.9);
#9060 = AXIS2_PLACEMENT_3D('',#9061,#9062,#9063);
#9061 = CARTESIAN_POINT('',(-8.1,88.,4.1));
#9062 = DIRECTION('',(0.,1.,0.));
#9063 = DIRECTION('',(0.,-0.,1.));
#9064 = PCURVE('',#5612,#9065);
#9065 = DEFINITIONAL_REPRESENTATION('',(#9066),#9070);
#9066 = CIRCLE('',#9067,0.9);
#9067 = AXIS2_PLACEMENT_2D('',#9068,#9069);
#9068 = CARTESIAN_POINT('',(0.,0.9));
#9069 = DIRECTION('',(1.,0.));
#9070 = ( GEOMETRIC_REPRESENTATION_CONTEXT(2) 
PARAMETRIC_REPRESENTATION_CONTEXT() REPRESENTATION_CONTEXT('2D SPACE',''
  ) );
#9071 = PCURVE('',#5584,#9072);
#9072 = DEFINITIONAL_REPRESENTATION('',(#9073),#9077);
#9073 = LINE('',#9074,#9075);
#9074 = CARTESIAN_POINT('',(0.,0.));
#9075 = VECTOR('',#9076,1.);
#9076 = DIRECTION('',(1.,0.));
#9077 = ( GEOMETRIC_REPRESENTATION_CONTEXT(2) 
PARAMETRIC_REPRESENTATION_CONTEXT() REPRESENTATION_CONTEXT('2D SPACE',''
  ) );
#9078 = ORIENTED_EDGE('',*,*,#5596,.T.);
#9079 = ORIENTED_EDGE('',*,*,#9033,.T.);
#9080 = ORIENTED_EDGE('',*,*,#8445,.T.);
#9081 = ADVANCED_FACE('',(#9082),#5584,.T.);
#9082 = FACE_BOUND('',#9083,.T.);
#9083 = EDGE_LOOP('',(#9084,#9106,#9132,#9133));
#9084 = ORIENTED_EDGE('',*,*,#9085,.T.);
#9085 = EDGE_CURVE('',#8448,#9086,#9088,.T.);
#9086 = VERTEX_POINT('',#9087);
#9087 = CARTESIAN_POINT('',(-8.1,94.,5.));
#9088 = SURFACE_CURVE('',#9089,(#9093,#9099),.PCURVE_S1.);
#9089 = LINE('',#9090,#9091);
#9090 = CARTESIAN_POINT('',(-8.1,88.,5.));
#9091 = VECTOR('',#9092,1.);
#9092 = DIRECTION('',(0.,1.,0.));
#9093 = PCURVE('',#5584,#9094);
#9094 = DEFINITIONAL_REPRESENTATION('',(#9095),#9098);
#9095 = B_SPLINE_CURVE_WITH_KNOTS('',1,(#9096,#9097),.UNSPECIFIED.,.F.,
  .F.,(2,2),(0.,6.),.PIECEWISE_BEZIER_KNOTS.);
#9096 = CARTESIAN_POINT('',(6.28318530718,0.));
#9097 = CARTESIAN_POINT('',(6.28318530718,6.));
#9098 = ( GEOMETRIC_REPRESENTATION_CONTEXT(2) 
PARAMETRIC_REPRESENTATION_CONTEXT() REPRESENTATION_CONTEXT('2D SPACE',''
  ) );
#9099 = PCURVE('',#8486,#9100);
#9100 = DEFINITIONAL_REPRESENTATION('',(#9101),#9105);
#9101 = LINE('',#9102,#9103);
#9102 = CARTESIAN_POINT('',(0.,-0.9));
#9103 = VECTOR('',#9104,1.);
#9104 = DIRECTION('',(1.,0.));
#9105 = ( GEOMETRIC_REPRESENTATION_CONTEXT(2) 
PARAMETRIC_REPRESENTATION_CONTEXT() REPRESENTATION_CONTEXT('2D SPACE',''
  ) );
#9106 = ORIENTED_EDGE('',*,*,#9107,.F.);
#9107 = EDGE_CURVE('',#5541,#9086,#9108,.T.);
#9108 = SURFACE_CURVE('',#9109,(#9114,#9121),.PCURVE_S1.);
#9109 = CIRCLE('',#9110,0.9);
#9110 = AXIS2_PLACEMENT_3D('',#9111,#9112,#9113);
#9111 = CARTESIAN_POINT('',(-8.1,94.,4.1));
#9112 = DIRECTION('',(0.,1.,0.));
#9113 = DIRECTION('',(0.,-0.,1.));
#9114 = PCURVE('',#5584,#9115);
#9115 = DEFINITIONAL_REPRESENTATION('',(#9116),#9120);
#9116 = LINE('',#9117,#9118);
#9117 = CARTESIAN_POINT('',(0.,6.));
#9118 = VECTOR('',#9119,1.);
#9119 = DIRECTION('',(1.,0.));
#9120 = ( GEOMETRIC_REPRESENTATION_CONTEXT(2) 
PARAMETRIC_REPRESENTATION_CONTEXT() REPRESENTATION_CONTEXT('2D SPACE',''
  ) );
#9121 = PCURVE('',#9122,#9127);
#9122 = TOROIDAL_SURFACE('',#9123,3.1,0.9);
#9123 = AXIS2_PLACEMENT_3D('',#9124,#9125,#9126);
#9124 = CARTESIAN_POINT('',(-5.,94.,4.1));
#9125 = DIRECTION('',(0.,0.,1.));
#9126 = DIRECTION('',(1.,0.,-0.));
#9127 = DEFINITIONAL_REPRESENTATION('',(#9128),#9131);
#9128 = B_SPLINE_CURVE_WITH_KNOTS('',1,(#9129,#9130),.UNSPECIFIED.,.F.,
  .F.,(2,2),(4.712388980385,6.28318530718),.PIECEWISE_BEZIER_KNOTS.);
#9129 = CARTESIAN_POINT('',(3.14159265359,0.));
#9130 = CARTESIAN_POINT('',(3.14159265359,1.570796326795));
#9131 = ( GEOMETRIC_REPRESENTATION_CONTEXT(2) 
PARAMETRIC_REPRESENTATION_CONTEXT() REPRESENTATION_CONTEXT('2D SPACE',''
  ) );
#9132 = ORIENTED_EDGE('',*,*,#5568,.F.);
#9133 = ORIENTED_EDGE('',*,*,#9057,.T.);
#9134 = ADVANCED_FACE('',(#9135),#5556,.T.);
#9135 = FACE_BOUND('',#9136,.F.);
#9136 = EDGE_LOOP('',(#9137,#9138,#9167,#9195));
#9137 = ORIENTED_EDGE('',*,*,#5540,.T.);
#9138 = ORIENTED_EDGE('',*,*,#9139,.T.);
#9139 = EDGE_CURVE('',#5513,#9140,#9142,.T.);
#9140 = VERTEX_POINT('',#9141);
#9141 = CARTESIAN_POINT('',(-5.,98.,0.2));
#9142 = SURFACE_CURVE('',#9143,(#9148,#9155),.PCURVE_S1.);
#9143 = CIRCLE('',#9144,4.);
#9144 = AXIS2_PLACEMENT_3D('',#9145,#9146,#9147);
#9145 = CARTESIAN_POINT('',(-5.,94.,0.2));
#9146 = DIRECTION('',(-0.,0.,-1.));
#9147 = DIRECTION('',(-1.,0.,0.));
#9148 = PCURVE('',#5556,#9149);
#9149 = DEFINITIONAL_REPRESENTATION('',(#9150),#9154);
#9150 = LINE('',#9151,#9152);
#9151 = CARTESIAN_POINT('',(-0.,0.2));
#9152 = VECTOR('',#9153,1.);
#9153 = DIRECTION('',(-1.,0.));
#9154 = ( GEOMETRIC_REPRESENTATION_CONTEXT(2) 
PARAMETRIC_REPRESENTATION_CONTEXT() REPRESENTATION_CONTEXT('2D SPACE',''
  ) );
#9155 = PCURVE('',#9156,#9161);
#9156 = TOROIDAL_SURFACE('',#9157,3.8,0.2);
#9157 = AXIS2_PLACEMENT_3D('',#9158,#9159,#9160);
#9158 = CARTESIAN_POINT('',(-5.,94.,0.2));
#9159 = DIRECTION('',(-0.,-0.,-1.));
#9160 = DIRECTION('',(-1.,0.,0.));
#9161 = DEFINITIONAL_REPRESENTATION('',(#9162),#9166);
#9162 = LINE('',#9163,#9164);
#9163 = CARTESIAN_POINT('',(0.,0.));
#9164 = VECTOR('',#9165,1.);
#9165 = DIRECTION('',(1.,0.));
#9166 = ( GEOMETRIC_REPRESENTATION_CONTEXT(2) 
PARAMETRIC_REPRESENTATION_CONTEXT() REPRESENTATION_CONTEXT('2D SPACE',''
  ) );
#9167 = ORIENTED_EDGE('',*,*,#9168,.F.);
#9168 = EDGE_CURVE('',#9169,#9140,#9171,.T.);
#9169 = VERTEX_POINT('',#9170);
#9170 = CARTESIAN_POINT('',(-5.,98.,4.1));
#9171 = SURFACE_CURVE('',#9172,(#9176,#9183),.PCURVE_S1.);
#9172 = LINE('',#9173,#9174);
#9173 = CARTESIAN_POINT('',(-5.,98.,5.));
#9174 = VECTOR('',#9175,1.);
#9175 = DIRECTION('',(0.,0.,-1.));
#9176 = PCURVE('',#5556,#9177);
#9177 = DEFINITIONAL_REPRESENTATION('',(#9178),#9182);
#9178 = LINE('',#9179,#9180);
#9179 = CARTESIAN_POINT('',(-1.570796326795,5.));
#9180 = VECTOR('',#9181,1.);
#9181 = DIRECTION('',(-0.,-1.));
#9182 = ( GEOMETRIC_REPRESENTATION_CONTEXT(2) 
PARAMETRIC_REPRESENTATION_CONTEXT() REPRESENTATION_CONTEXT('2D SPACE',''
  ) );
#9183 = PCURVE('',#9184,#9189);
#9184 = PLANE('',#9185);
#9185 = AXIS2_PLACEMENT_3D('',#9186,#9187,#9188);
#9186 = CARTESIAN_POINT('',(-9.,98.,0.));
#9187 = DIRECTION('',(0.,1.,0.));
#9188 = DIRECTION('',(0.,0.,1.));
#9189 = DEFINITIONAL_REPRESENTATION('',(#9190),#9194);
#9190 = LINE('',#9191,#9192);
#9191 = CARTESIAN_POINT('',(5.,4.));
#9192 = VECTOR('',#9193,1.);
#9193 = DIRECTION('',(-1.,0.));
#9194 = ( GEOMETRIC_REPRESENTATION_CONTEXT(2) 
PARAMETRIC_REPRESENTATION_CONTEXT() REPRESENTATION_CONTEXT('2D SPACE',''
  ) );
#9195 = ORIENTED_EDGE('',*,*,#9196,.T.);
#9196 = EDGE_CURVE('',#9169,#5541,#9197,.T.);
#9197 = SURFACE_CURVE('',#9198,(#9203,#9210),.PCURVE_S1.);
#9198 = CIRCLE('',#9199,4.);
#9199 = AXIS2_PLACEMENT_3D('',#9200,#9201,#9202);
#9200 = CARTESIAN_POINT('',(-5.,94.,4.1));
#9201 = DIRECTION('',(0.,0.,1.));
#9202 = DIRECTION('',(1.,0.,-0.));
#9203 = PCURVE('',#5556,#9204);
#9204 = DEFINITIONAL_REPRESENTATION('',(#9205),#9209);
#9205 = LINE('',#9206,#9207);
#9206 = CARTESIAN_POINT('',(-3.14159265359,4.1));
#9207 = VECTOR('',#9208,1.);
#9208 = DIRECTION('',(1.,-0.));
#9209 = ( GEOMETRIC_REPRESENTATION_CONTEXT(2) 
PARAMETRIC_REPRESENTATION_CONTEXT() REPRESENTATION_CONTEXT('2D SPACE',''
  ) );
#9210 = PCURVE('',#9122,#9211);
#9211 = DEFINITIONAL_REPRESENTATION('',(#9212),#9215);
#9212 = B_SPLINE_CURVE_WITH_KNOTS('',1,(#9213,#9214),.UNSPECIFIED.,.F.,
  .F.,(2,2),(0.,6.28318530718),.PIECEWISE_BEZIER_KNOTS.);
#9213 = CARTESIAN_POINT('',(0.,0.));
#9214 = CARTESIAN_POINT('',(6.28318530718,0.));
#9215 = ( GEOMETRIC_REPRESENTATION_CONTEXT(2) 
PARAMETRIC_REPRESENTATION_CONTEXT() REPRESENTATION_CONTEXT('2D SPACE',''
  ) );
#9216 = ADVANCED_FACE('',(#9217),#5528,.T.);
#9217 = FACE_BOUND('',#9218,.F.);
#9218 = EDGE_LOOP('',(#9219,#9243,#9266,#9288));
#9219 = ORIENTED_EDGE('',*,*,#9220,.T.);
#9220 = EDGE_CURVE('',#5490,#9221,#9223,.T.);
#9221 = VERTEX_POINT('',#9222);
#9222 = CARTESIAN_POINT('',(-8.8,4.,-2.775557561563E-17));
#9223 = SURFACE_CURVE('',#9224,(#9229,#9236),.PCURVE_S1.);
#9224 = CIRCLE('',#9225,0.2);
#9225 = AXIS2_PLACEMENT_3D('',#9226,#9227,#9228);
#9226 = CARTESIAN_POINT('',(-8.8,4.,0.2));
#9227 = DIRECTION('',(-0.,-1.,-0.));
#9228 = DIRECTION('',(-1.,0.,0.));
#9229 = PCURVE('',#5528,#9230);
#9230 = DEFINITIONAL_REPRESENTATION('',(#9231),#9235);
#9231 = LINE('',#9232,#9233);
#9232 = CARTESIAN_POINT('',(-0.,0.));
#9233 = VECTOR('',#9234,1.);
#9234 = DIRECTION('',(-1.,0.));
#9235 = ( GEOMETRIC_REPRESENTATION_CONTEXT(2) 
PARAMETRIC_REPRESENTATION_CONTEXT() REPRESENTATION_CONTEXT('2D SPACE',''
  ) );
#9236 = PCURVE('',#7678,#9237);
#9237 = DEFINITIONAL_REPRESENTATION('',(#9238),#9242);
#9238 = LINE('',#9239,#9240);
#9239 = CARTESIAN_POINT('',(1.570796326795,0.));
#9240 = VECTOR('',#9241,1.);
#9241 = DIRECTION('',(0.,1.));
#9242 = ( GEOMETRIC_REPRESENTATION_CONTEXT(2) 
PARAMETRIC_REPRESENTATION_CONTEXT() REPRESENTATION_CONTEXT('2D SPACE',''
  ) );
#9243 = ORIENTED_EDGE('',*,*,#9244,.T.);
#9244 = EDGE_CURVE('',#9221,#9245,#9247,.T.);
#9245 = VERTEX_POINT('',#9246);
#9246 = CARTESIAN_POINT('',(-8.8,94.,-2.775557561563E-17));
#9247 = SURFACE_CURVE('',#9248,(#9252,#9259),.PCURVE_S1.);
#9248 = LINE('',#9249,#9250);
#9249 = CARTESIAN_POINT('',(-8.8,4.,-2.775557561563E-17));
#9250 = VECTOR('',#9251,1.);
#9251 = DIRECTION('',(0.,1.,0.));
#9252 = PCURVE('',#5528,#9253);
#9253 = DEFINITIONAL_REPRESENTATION('',(#9254),#9258);
#9254 = LINE('',#9255,#9256);
#9255 = CARTESIAN_POINT('',(-1.570796326795,0.));
#9256 = VECTOR('',#9257,1.);
#9257 = DIRECTION('',(-0.,1.));
#9258 = ( GEOMETRIC_REPRESENTATION_CONTEXT(2) 
PARAMETRIC_REPRESENTATION_CONTEXT() REPRESENTATION_CONTEXT('2D SPACE',''
  ) );
#9259 = PCURVE('',#7896,#9260);
#9260 = DEFINITIONAL_REPRESENTATION('',(#9261),#9265);
#9261 = LINE('',#9262,#9263);
#9262 = CARTESIAN_POINT('',(0.2,4.));
#9263 = VECTOR('',#9264,1.);
#9264 = DIRECTION('',(0.,1.));
#9265 = ( GEOMETRIC_REPRESENTATION_CONTEXT(2) 
PARAMETRIC_REPRESENTATION_CONTEXT() REPRESENTATION_CONTEXT('2D SPACE',''
  ) );
#9266 = ORIENTED_EDGE('',*,*,#9267,.F.);
#9267 = EDGE_CURVE('',#5513,#9245,#9268,.T.);
#9268 = SURFACE_CURVE('',#9269,(#9274,#9281),.PCURVE_S1.);
#9269 = CIRCLE('',#9270,0.2);
#9270 = AXIS2_PLACEMENT_3D('',#9271,#9272,#9273);
#9271 = CARTESIAN_POINT('',(-8.8,94.,0.2));
#9272 = DIRECTION('',(-0.,-1.,-0.));
#9273 = DIRECTION('',(-1.,0.,0.));
#9274 = PCURVE('',#5528,#9275);
#9275 = DEFINITIONAL_REPRESENTATION('',(#9276),#9280);
#9276 = LINE('',#9277,#9278);
#9277 = CARTESIAN_POINT('',(-0.,90.));
#9278 = VECTOR('',#9279,1.);
#9279 = DIRECTION('',(-1.,0.));
#9280 = ( GEOMETRIC_REPRESENTATION_CONTEXT(2) 
PARAMETRIC_REPRESENTATION_CONTEXT() REPRESENTATION_CONTEXT('2D SPACE',''
  ) );
#9281 = PCURVE('',#9156,#9282);
#9282 = DEFINITIONAL_REPRESENTATION('',(#9283),#9287);
#9283 = LINE('',#9284,#9285);
#9284 = CARTESIAN_POINT('',(0.,0.));
#9285 = VECTOR('',#9286,1.);
#9286 = DIRECTION('',(0.,1.));
#9287 = ( GEOMETRIC_REPRESENTATION_CONTEXT(2) 
PARAMETRIC_REPRESENTATION_CONTEXT() REPRESENTATION_CONTEXT('2D SPACE',''
  ) );
#9288 = ORIENTED_EDGE('',*,*,#5512,.F.);
#9289 = ADVANCED_FACE('',(#9290),#6091,.T.);
#9290 = FACE_BOUND('',#9291,.T.);
#9291 = EDGE_LOOP('',(#9292,#9293,#9314,#9315));
#9292 = ORIENTED_EDGE('',*,*,#7502,.T.);
#9293 = ORIENTED_EDGE('',*,*,#9294,.T.);
#9294 = EDGE_CURVE('',#7503,#6107,#9295,.T.);
#9295 = SURFACE_CURVE('',#9296,(#9300,#9307),.PCURVE_S1.);
#9296 = LINE('',#9297,#9298);
#9297 = CARTESIAN_POINT('',(-8.6,52.5,6.));
#9298 = VECTOR('',#9299,1.);
#9299 = DIRECTION('',(0.,1.,0.));
#9300 = PCURVE('',#6091,#9301);
#9301 = DEFINITIONAL_REPRESENTATION('',(#9302),#9306);
#9302 = LINE('',#9303,#9304);
#9303 = CARTESIAN_POINT('',(1.570796326795,0.));
#9304 = VECTOR('',#9305,1.);
#9305 = DIRECTION('',(0.,1.));
#9306 = ( GEOMETRIC_REPRESENTATION_CONTEXT(2) 
PARAMETRIC_REPRESENTATION_CONTEXT() REPRESENTATION_CONTEXT('2D SPACE',''
  ) );
#9307 = PCURVE('',#6170,#9308);
#9308 = DEFINITIONAL_REPRESENTATION('',(#9309),#9313);
#9309 = LINE('',#9310,#9311);
#9310 = CARTESIAN_POINT('',(0.4,1.5));
#9311 = VECTOR('',#9312,1.);
#9312 = DIRECTION('',(0.,1.));
#9313 = ( GEOMETRIC_REPRESENTATION_CONTEXT(2) 
PARAMETRIC_REPRESENTATION_CONTEXT() REPRESENTATION_CONTEXT('2D SPACE',''
  ) );
#9314 = ORIENTED_EDGE('',*,*,#6106,.F.);
#9315 = ORIENTED_EDGE('',*,*,#6077,.F.);
#9316 = ADVANCED_FACE('',(#9317,#9327),#6170,.T.);
#9317 = FACE_BOUND('',#9318,.T.);
#9318 = EDGE_LOOP('',(#9319,#9320,#9321,#9322,#9323,#9324,#9325,#9326));
#9319 = ORIENTED_EDGE('',*,*,#9294,.F.);
#9320 = ORIENTED_EDGE('',*,*,#7526,.F.);
#9321 = ORIENTED_EDGE('',*,*,#7401,.F.);
#9322 = ORIENTED_EDGE('',*,*,#7316,.F.);
#9323 = ORIENTED_EDGE('',*,*,#7191,.F.);
#9324 = ORIENTED_EDGE('',*,*,#7046,.F.);
#9325 = ORIENTED_EDGE('',*,*,#6190,.F.);
#9326 = ORIENTED_EDGE('',*,*,#6155,.F.);
#9327 = FACE_BOUND('',#9328,.T.);
#9328 = EDGE_LOOP('',(#9329));
#9329 = ORIENTED_EDGE('',*,*,#9330,.F.);
#9330 = EDGE_CURVE('',#9331,#9331,#9333,.T.);
#9331 = VERTEX_POINT('',#9332);
#9332 = CARTESIAN_POINT('',(-4.75,54.,6.));
#9333 = SURFACE_CURVE('',#9334,(#9339,#9346),.PCURVE_S1.);
#9334 = CIRCLE('',#9335,1.25);
#9335 = AXIS2_PLACEMENT_3D('',#9336,#9337,#9338);
#9336 = CARTESIAN_POINT('',(-6.,54.,6.));
#9337 = DIRECTION('',(0.,0.,1.));
#9338 = DIRECTION('',(1.,0.,-0.));
#9339 = PCURVE('',#6170,#9340);
#9340 = DEFINITIONAL_REPRESENTATION('',(#9341),#9345);
#9341 = CIRCLE('',#9342,1.25);
#9342 = AXIS2_PLACEMENT_2D('',#9343,#9344);
#9343 = CARTESIAN_POINT('',(3.,3.));
#9344 = DIRECTION('',(1.,0.));
#9345 = ( GEOMETRIC_REPRESENTATION_CONTEXT(2) 
PARAMETRIC_REPRESENTATION_CONTEXT() REPRESENTATION_CONTEXT('2D SPACE',''
  ) );
#9346 = PCURVE('',#9347,#9352);
#9347 = CYLINDRICAL_SURFACE('',#9348,1.25);
#9348 = AXIS2_PLACEMENT_3D('',#9349,#9350,#9351);
#9349 = CARTESIAN_POINT('',(-6.,54.,0.));
#9350 = DIRECTION('',(0.,0.,1.));
#9351 = DIRECTION('',(1.,0.,-0.));
#9352 = DEFINITIONAL_REPRESENTATION('',(#9353),#9357);
#9353 = LINE('',#9354,#9355);
#9354 = CARTESIAN_POINT('',(0.,6.));
#9355 = VECTOR('',#9356,1.);
#9356 = DIRECTION('',(1.,0.));
#9357 = ( GEOMETRIC_REPRESENTATION_CONTEXT(2) 
PARAMETRIC_REPRESENTATION_CONTEXT() REPRESENTATION_CONTEXT('2D SPACE',''
  ) );
#9358 = ADVANCED_FACE('',(#9359),#6743,.F.);
#9359 = FACE_BOUND('',#9360,.F.);
#9360 = EDGE_LOOP('',(#9361,#9362,#9363,#9364,#9385,#9386));
#9361 = ORIENTED_EDGE('',*,*,#6727,.T.);
#9362 = ORIENTED_EDGE('',*,*,#6989,.F.);
#9363 = ORIENTED_EDGE('',*,*,#6918,.F.);
#9364 = ORIENTED_EDGE('',*,*,#9365,.T.);
#9365 = EDGE_CURVE('',#6919,#5377,#9366,.T.);
#9366 = SURFACE_CURVE('',#9367,(#9371,#9378),.PCURVE_S1.);
#9367 = LINE('',#9368,#9369);
#9368 = CARTESIAN_POINT('',(7.6,81.,3.));
#9369 = VECTOR('',#9370,1.);
#9370 = DIRECTION('',(0.,0.,1.));
#9371 = PCURVE('',#6743,#9372);
#9372 = DEFINITIONAL_REPRESENTATION('',(#9373),#9377);
#9373 = LINE('',#9374,#9375);
#9374 = CARTESIAN_POINT('',(13.,-1.6));
#9375 = VECTOR('',#9376,1.);
#9376 = DIRECTION('',(-1.,0.));
#9377 = ( GEOMETRIC_REPRESENTATION_CONTEXT(2) 
PARAMETRIC_REPRESENTATION_CONTEXT() REPRESENTATION_CONTEXT('2D SPACE',''
  ) );
#9378 = PCURVE('',#6880,#9379);
#9379 = DEFINITIONAL_REPRESENTATION('',(#9380),#9384);
#9380 = LINE('',#9381,#9382);
#9381 = CARTESIAN_POINT('',(1.570796326795,0.));
#9382 = VECTOR('',#9383,1.);
#9383 = DIRECTION('',(0.,1.));
#9384 = ( GEOMETRIC_REPRESENTATION_CONTEXT(2) 
PARAMETRIC_REPRESENTATION_CONTEXT() REPRESENTATION_CONTEXT('2D SPACE',''
  ) );
#9385 = ORIENTED_EDGE('',*,*,#8732,.T.);
#9386 = ORIENTED_EDGE('',*,*,#9387,.F.);
#9387 = EDGE_CURVE('',#6520,#8664,#9388,.T.);
#9388 = SURFACE_CURVE('',#9389,(#9417,#9448),.PCURVE_S1.);
#9389 = B_SPLINE_CURVE_WITH_KNOTS('',6,(#9390,#9391,#9392,#9393,#9394,
    #9395,#9396,#9397,#9398,#9399,#9400,#9401,#9402,#9403,#9404,#9405,
    #9406,#9407,#9408,#9409,#9410,#9411,#9412,#9413,#9414,#9415,#9416),
  .UNSPECIFIED.,.F.,.F.,(7,5,5,5,5,7),(0.,0.203490722914,0.311385795322,
    0.548748485037,0.781504772121,1.),.UNSPECIFIED.);
#9390 = CARTESIAN_POINT('',(9.,81.,13.490540136041));
#9391 = CARTESIAN_POINT('',(9.,81.,13.603514218986));
#9392 = CARTESIAN_POINT('',(8.997840521341,81.,13.719582045981));
#9393 = CARTESIAN_POINT('',(8.993348528842,81.,13.838241322657));
#9394 = CARTESIAN_POINT('',(8.986372084243,81.,13.958851200498));
#9395 = CARTESIAN_POINT('',(8.976795780597,81.,14.080625971698));
#9396 = CARTESIAN_POINT('',(8.958062558885,81.,14.267378825801));
#9397 = CARTESIAN_POINT('',(8.950822068203,81.,14.33216374325));
#9398 = CARTESIAN_POINT('',(8.942822303238,81.,14.396890140526));
#9399 = CARTESIAN_POINT('',(8.934057413311,81.,14.46141484073));
#9400 = CARTESIAN_POINT('',(8.924526033103,81.,14.525587211495));
#9401 = CARTESIAN_POINT('',(8.891585040884,81.,14.729308315259));
#9402 = CARTESIAN_POINT('',(8.865246730684,81.,14.866901411447));
#9403 = CARTESIAN_POINT('',(8.835254860247,81.,15.000378382847));
#9404 = CARTESIAN_POINT('',(8.801764153196,81.,15.127938752072));
#9405 = CARTESIAN_POINT('',(8.765079417132,81.,15.247793873436));
#9406 = CARTESIAN_POINT('',(8.686944173018,81.,15.466947939062));
#9407 = CARTESIAN_POINT('',(8.645598732299,81.,15.566603732761));
#9408 = CARTESIAN_POINT('',(8.602001834292,81.,15.655979942087));
#9409 = CARTESIAN_POINT('',(8.556677021347,81.,15.73391626711));
#9410 = CARTESIAN_POINT('',(8.510218870624,81.,15.799787576828));
#9411 = CARTESIAN_POINT('',(8.419078346879,81.,15.903939886405));
#9412 = CARTESIAN_POINT('',(8.374457561744,81.,15.943668808565));
#9413 = CARTESIAN_POINT('',(8.329825578365,81.,15.972621227723));
#9414 = CARTESIAN_POINT('',(8.285637529374,81.,15.991161785939));
#9415 = CARTESIAN_POINT('',(8.242266616074,81.,15.999999999999));
#9416 = CARTESIAN_POINT('',(8.2,81.,15.999999999999));
#9417 = PCURVE('',#6743,#9418);
#9418 = DEFINITIONAL_REPRESENTATION('',(#9419),#9447);
#9419 = B_SPLINE_CURVE_WITH_KNOTS('',6,(#9420,#9421,#9422,#9423,#9424,
    #9425,#9426,#9427,#9428,#9429,#9430,#9431,#9432,#9433,#9434,#9435,
    #9436,#9437,#9438,#9439,#9440,#9441,#9442,#9443,#9444,#9445,#9446),
  .UNSPECIFIED.,.F.,.F.,(7,5,5,5,5,7),(0.,0.203490722914,0.311385795322,
    0.548748485037,0.781504772121,1.),.UNSPECIFIED.);
#9420 = CARTESIAN_POINT('',(2.509459863959,-3.));
#9421 = CARTESIAN_POINT('',(2.396485781014,-3.));
#9422 = CARTESIAN_POINT('',(2.280417954019,-2.997840521341));
#9423 = CARTESIAN_POINT('',(2.161758677343,-2.993348528842));
#9424 = CARTESIAN_POINT('',(2.041148799502,-2.986372084243));
#9425 = CARTESIAN_POINT('',(1.919374028302,-2.976795780597));
#9426 = CARTESIAN_POINT('',(1.732621174199,-2.958062558885));
#9427 = CARTESIAN_POINT('',(1.66783625675,-2.950822068203));
#9428 = CARTESIAN_POINT('',(1.603109859474,-2.942822303238));
#9429 = CARTESIAN_POINT('',(1.53858515927,-2.934057413311));
#9430 = CARTESIAN_POINT('',(1.474412788505,-2.924526033103));
#9431 = CARTESIAN_POINT('',(1.270691684741,-2.891585040884));
#9432 = CARTESIAN_POINT('',(1.133098588553,-2.865246730684));
#9433 = CARTESIAN_POINT('',(0.999621617153,-2.835254860247));
#9434 = CARTESIAN_POINT('',(0.872061247928,-2.801764153196));
#9435 = CARTESIAN_POINT('',(0.752206126564,-2.765079417132));
#9436 = CARTESIAN_POINT('',(0.533052060938,-2.686944173018));
#9437 = CARTESIAN_POINT('',(0.433396267239,-2.645598732299));
#9438 = CARTESIAN_POINT('',(0.344020057913,-2.602001834292));
#9439 = CARTESIAN_POINT('',(0.26608373289,-2.556677021347));
#9440 = CARTESIAN_POINT('',(0.200212423172,-2.510218870624));
#9441 = CARTESIAN_POINT('',(9.60601135955E-02,-2.419078346879));
#9442 = CARTESIAN_POINT('',(5.633119143487E-02,-2.374457561744));
#9443 = CARTESIAN_POINT('',(2.737877227659E-02,-2.329825578365));
#9444 = CARTESIAN_POINT('',(8.838214060779E-03,-2.285637529374));
#9445 = CARTESIAN_POINT('',(6.336534766913E-13,-2.242266616074));
#9446 = CARTESIAN_POINT('',(6.252776074689E-13,-2.2));
#9447 = ( GEOMETRIC_REPRESENTATION_CONTEXT(2) 
PARAMETRIC_REPRESENTATION_CONTEXT() REPRESENTATION_CONTEXT('2D SPACE',''
  ) );
#9448 = PCURVE('',#6605,#9449);
#9449 = DEFINITIONAL_REPRESENTATION('',(#9450),#9478);
#9450 = B_SPLINE_CURVE_WITH_KNOTS('',6,(#9451,#9452,#9453,#9454,#9455,
    #9456,#9457,#9458,#9459,#9460,#9461,#9462,#9463,#9464,#9465,#9466,
    #9467,#9468,#9469,#9470,#9471,#9472,#9473,#9474,#9475,#9476,#9477),
  .UNSPECIFIED.,.F.,.F.,(7,5,5,5,5,7),(0.,0.203490722914,0.311385795322,
    0.548748485037,0.781504772121,1.),.UNSPECIFIED.);
#9451 = CARTESIAN_POINT('',(0.,12.152461402351));
#9452 = CARTESIAN_POINT('',(0.456720992297,12.221057721502));
#9453 = CARTESIAN_POINT('',(0.912436800204,12.291241794404));
#9454 = CARTESIAN_POINT('',(1.367275402377,12.362680498236));
#9455 = CARTESIAN_POINT('',(1.821429452897,12.434964241937));
#9456 = CARTESIAN_POINT('',(2.27515762806,12.507609824877));
#9457 = CARTESIAN_POINT('',(2.969287791102,12.618512506702));
#9458 = CARTESIAN_POINT('',(3.209770563805,12.656892093504));
#9459 = CARTESIAN_POINT('',(3.450266401336,12.695144142017));
#9460 = CARTESIAN_POINT('',(3.69082372252,12.733184934799));
#9461 = CARTESIAN_POINT('',(3.931492458292,12.77092772276));
#9462 = CARTESIAN_POINT('',(4.70213672079,12.89046565793));
#9463 = CARTESIAN_POINT('',(5.23272077699,12.970774592918));
#9464 = CARTESIAN_POINT('',(5.764639002999,13.048273824323));
#9465 = CARTESIAN_POINT('',(6.298383517278,13.121971715228));
#9466 = CARTESIAN_POINT('',(6.834325587227,13.190915654462));
#9467 = CARTESIAN_POINT('',(7.900480298107,13.316510933779));
#9468 = CARTESIAN_POINT('',(8.4306197044,13.373376673635));
#9469 = CARTESIAN_POINT('',(8.963109355713,13.424182362564));
#9470 = CARTESIAN_POINT('',(9.497873593423,13.46835120907));
#9471 = CARTESIAN_POINT('',(10.034639728846,13.505599825672));
#9472 = CARTESIAN_POINT('',(11.078233311422,13.564402580704));
#9473 = CARTESIAN_POINT('',(11.584927094062,13.58678118088));
#9474 = CARTESIAN_POINT('',(12.092627459508,13.603065297091));
#9475 = CARTESIAN_POINT('',(12.60098625413,13.6134872676));
#9476 = CARTESIAN_POINT('',(13.109686668844,13.61845532117));
#9477 = CARTESIAN_POINT('',(13.61845532117,13.61845532117));
#9478 = ( GEOMETRIC_REPRESENTATION_CONTEXT(2) 
PARAMETRIC_REPRESENTATION_CONTEXT() REPRESENTATION_CONTEXT('2D SPACE',''
  ) );
#9479 = ADVANCED_FACE('',(#9480),#6605,.T.);
#9480 = FACE_BOUND('',#9481,.T.);
#9481 = EDGE_LOOP('',(#9482,#9608,#9609,#9610));
#9482 = ORIENTED_EDGE('',*,*,#9483,.F.);
#9483 = EDGE_CURVE('',#8641,#6487,#9484,.T.);
#9484 = SURFACE_CURVE('',#9485,(#9524,#9566),.PCURVE_S1.);
#9485 = B_SPLINE_CURVE_WITH_KNOTS('',7,(#9486,#9487,#9488,#9489,#9490,
    #9491,#9492,#9493,#9494,#9495,#9496,#9497,#9498,#9499,#9500,#9501,
    #9502,#9503,#9504,#9505,#9506,#9507,#9508,#9509,#9510,#9511,#9512,
    #9513,#9514,#9515,#9516,#9517,#9518,#9519,#9520,#9521,#9522,#9523),
  .UNSPECIFIED.,.F.,.F.,(8,6,6,6,6,6,8),(0.,3.989467990599E-02,
    0.174931577605,0.518400616206,0.709619954665,0.847662091,1.),
  .UNSPECIFIED.);
#9486 = CARTESIAN_POINT('',(8.200000011051,88.,5.));
#9487 = CARTESIAN_POINT('',(8.20643892061,87.996123627765,4.999999999995
    ));
#9488 = CARTESIAN_POINT('',(8.212902281999,87.992227552554,4.99994740813
    ));
#9489 = CARTESIAN_POINT('',(8.219388842485,87.988311829057,
    4.999841547147));
#9490 = CARTESIAN_POINT('',(8.225898246521,87.984376560518,
    4.999681751424));
#9491 = CARTESIAN_POINT('',(8.232429137876,87.980421813871,
    4.999467368329));
#9492 = CARTESIAN_POINT('',(8.238980831321,87.976447694472,
    4.999197759443));
#9493 = CARTESIAN_POINT('',(8.267795512295,87.958937320524,
    4.997770682333));
#9494 = CARTESIAN_POINT('',(8.29026512507,87.945199516075,4.996029199928
    ));
#9495 = CARTESIAN_POINT('',(8.312923589179,87.931244817164,
    4.993623703903));
#9496 = CARTESIAN_POINT('',(8.335729173804,87.917078134738,
    4.990532087005));
#9497 = CARTESIAN_POINT('',(8.358636340347,87.902705424897,
    4.986734900924));
#9498 = CARTESIAN_POINT('',(8.381596144382,87.888133753432,
    4.982215971626));
#9499 = CARTESIAN_POINT('',(8.462957109405,87.83582291961,4.96360201406)
  );
#9500 = CARTESIAN_POINT('',(8.52136161475,87.79704097632,4.945492315518)
  );
#9501 = CARTESIAN_POINT('',(8.57891738784,87.75716038302,4.922431894677)
  );
#9502 = CARTESIAN_POINT('',(8.634652220201,87.716365824717,
    4.894379704121));
#9503 = CARTESIAN_POINT('',(8.687536156997,87.674898544319,
    4.861524046017));
#9504 = CARTESIAN_POINT('',(8.736647769792,87.633049038505,
    4.824321113851));
#9505 = CARTESIAN_POINT('',(8.806122434731,87.56778898281,4.760636963335
    ));
#9506 = CARTESIAN_POINT('',(8.829579154507,87.544428017993,
    4.736713264165));
#9507 = CARTESIAN_POINT('',(8.851522729545,87.521098678381,
    4.711751615158));
#9508 = CARTESIAN_POINT('',(8.871851755189,87.497856585453,
    4.685881390788));
#9509 = CARTESIAN_POINT('',(8.890489457841,87.474757589474,
    4.659244949194));
#9510 = CARTESIAN_POINT('',(8.907385926105,87.451856167611,
    4.631991778713));
#9511 = CARTESIAN_POINT('',(8.93344594762,87.412850987659,4.584262071499
    ));
#9512 = CARTESIAN_POINT('',(8.943453204077,87.396627893571,
    4.564008534339));
#9513 = CARTESIAN_POINT('',(8.95253382921,87.380553912307,4.543568676021
    ));
#9514 = CARTESIAN_POINT('',(8.960687142768,87.364647501277,
    4.522999132731));
#9515 = CARTESIAN_POINT('',(8.967919432602,87.348925998474,
    4.502355476217));
#9516 = CARTESIAN_POINT('',(8.974243320939,87.333405418163,
    4.481691156246));
#9517 = CARTESIAN_POINT('',(8.985673670758,87.301210057104,
    4.438284779692));
#9518 = CARTESIAN_POINT('',(8.990586216223,87.284582174905,
    4.415549118006));
#9519 = CARTESIAN_POINT('',(8.994439250536,87.26823612582,4.392917269556
    ));
#9520 = CARTESIAN_POINT('',(8.997265515528,87.252189095443,
    4.370452113503));
#9521 = CARTESIAN_POINT('',(8.999104345274,87.23645588659,4.348210922888
    ));
#9522 = CARTESIAN_POINT('',(9.,87.221048876761,4.326244690911));
#9523 = CARTESIAN_POINT('',(9.,87.20597797561,4.304597457206));
#9524 = PCURVE('',#6605,#9525);
#9525 = DEFINITIONAL_REPRESENTATION('',(#9526),#9565);
#9526 = B_SPLINE_CURVE_WITH_KNOTS('',7,(#9527,#9528,#9529,#9530,#9531,
    #9532,#9533,#9534,#9535,#9536,#9537,#9538,#9539,#9540,#9541,#9542,
    #9543,#9544,#9545,#9546,#9547,#9548,#9549,#9550,#9551,#9552,#9553,
    #9554,#9555,#9556,#9557,#9558,#9559,#9560,#9561,#9562,#9563,#9564),
  .UNSPECIFIED.,.F.,.F.,(8,6,6,6,6,6,8),(0.,3.989467990599E-02,
    0.174931577605,0.518400616206,0.709619954665,0.847662091,1.),
  .UNSPECIFIED.);
#9527 = CARTESIAN_POINT('',(13.618455321013,7.760717626184E-08));
#9528 = CARTESIAN_POINT('',(13.540948729087,7.541175364439E-03));
#9529 = CARTESIAN_POINT('',(13.463451274103,1.512177513933E-02));
#9530 = CARTESIAN_POINT('',(13.385962446991,2.273783149112E-02));
#9531 = CARTESIAN_POINT('',(13.308482542199,3.039217841451E-02));
#9532 = CARTESIAN_POINT('',(13.231010992317,3.80803781408E-02));
#9533 = CARTESIAN_POINT('',(13.153547828058,4.58031821742E-02));
#9534 = CARTESIAN_POINT('',(12.813920226625,7.9810178166E-02));
#9535 = CARTESIAN_POINT('',(12.551840780506,0.106438322724));
#9536 = CARTESIAN_POINT('',(12.289846593438,0.133397624144));
#9537 = CARTESIAN_POINT('',(12.027928147315,0.160636586675));
#9538 = CARTESIAN_POINT('',(11.766074435513,0.188099012036));
#9539 = CARTESIAN_POINT('',(11.504273148239,0.215725207368));
#9540 = CARTESIAN_POINT('',(10.576713259314,0.313979877288));
#9541 = CARTESIAN_POINT('',(9.911174983593,0.385164401242));
#9542 = CARTESIAN_POINT('',(9.245661268507,0.455991909433));
#9543 = CARTESIAN_POINT('',(8.579926473671,0.525354602841));
#9544 = CARTESIAN_POINT('',(7.913740332771,0.592242616775));
#9545 = CARTESIAN_POINT('',(7.246936671594,0.655953025072));
#9546 = CARTESIAN_POINT('',(6.207814240004,0.749511355306));
#9547 = CARTESIAN_POINT('',(5.835979511472,0.781851293946));
#9548 = CARTESIAN_POINT('',(5.463917949209,0.8129965187));
#9549 = CARTESIAN_POINT('',(5.091623786896,0.842900154378));
#9550 = CARTESIAN_POINT('',(4.719097029345,0.87154028778));
#9551 = CARTESIAN_POINT('',(4.346343989562,0.898916196511));
#9552 = CARTESIAN_POINT('',(3.704131804785,0.943906778652));
#9553 = CARTESIAN_POINT('',(3.434773687728,0.962118819568));
#9554 = CARTESIAN_POINT('',(3.165307793063,0.979686837137));
#9555 = CARTESIAN_POINT('',(2.895738900725,0.996621434562));
#9556 = CARTESIAN_POINT('',(2.62607225216,1.012936715166));
#9557 = CARTESIAN_POINT('',(2.356313550315,1.028649315912));
#9558 = CARTESIAN_POINT('',(1.788679010924,1.060472248686));
#9559 = CARTESIAN_POINT('',(1.490784038921,1.07645526126));
#9560 = CARTESIAN_POINT('',(1.192792015729,1.091751122863));
#9561 = CARTESIAN_POINT('',(0.894710564253,1.10638674457));
#9562 = CARTESIAN_POINT('',(0.596546928144,1.120390340867));
#9563 = CARTESIAN_POINT('',(0.298307941739,1.133790466208));
#9564 = CARTESIAN_POINT('',(0.,1.146615051578));
#9565 = ( GEOMETRIC_REPRESENTATION_CONTEXT(2) 
PARAMETRIC_REPRESENTATION_CONTEXT() REPRESENTATION_CONTEXT('2D SPACE',''
  ) );
#9566 = PCURVE('',#6504,#9567);
#9567 = DEFINITIONAL_REPRESENTATION('',(#9568),#9607);
#9568 = B_SPLINE_CURVE_WITH_KNOTS('',7,(#9569,#9570,#9571,#9572,#9573,
    #9574,#9575,#9576,#9577,#9578,#9579,#9580,#9581,#9582,#9583,#9584,
    #9585,#9586,#9587,#9588,#9589,#9590,#9591,#9592,#9593,#9594,#9595,
    #9596,#9597,#9598,#9599,#9600,#9601,#9602,#9603,#9604,#9605,#9606),
  .UNSPECIFIED.,.F.,.F.,(8,6,6,6,6,6,8),(0.,3.989467990599E-02,
    0.174931577605,0.518400616206,0.709619954665,0.847662091,1.),
  .UNSPECIFIED.);
#9569 = CARTESIAN_POINT('',(1.,-17.20000001105));
#9570 = CARTESIAN_POINT('',(0.998061813882,-17.20643892061));
#9571 = CARTESIAN_POINT('',(0.996113776277,-17.21290228199));
#9572 = CARTESIAN_POINT('',(0.994155914529,-17.21938884248));
#9573 = CARTESIAN_POINT('',(0.992188280259,-17.22589824652));
#9574 = CARTESIAN_POINT('',(0.990210906936,-17.23242913787));
#9575 = CARTESIAN_POINT('',(0.988223847236,-17.23898083132));
#9576 = CARTESIAN_POINT('',(0.979468660262,-17.26779551229));
#9577 = CARTESIAN_POINT('',(0.972599758037,-17.29026512507));
#9578 = CARTESIAN_POINT('',(0.965622408582,-17.31292358917));
#9579 = CARTESIAN_POINT('',(0.958539067369,-17.3357291738));
#9580 = CARTESIAN_POINT('',(0.951352712448,-17.35863634034));
#9581 = CARTESIAN_POINT('',(0.944066876716,-17.38159614438));
#9582 = CARTESIAN_POINT('',(0.917911459805,-17.4629571094));
#9583 = CARTESIAN_POINT('',(0.89852048816,-17.52136161475));
#9584 = CARTESIAN_POINT('',(0.87858019151,-17.57891738784));
#9585 = CARTESIAN_POINT('',(0.858182912358,-17.6346522202));
#9586 = CARTESIAN_POINT('',(0.837449272159,-17.68753615699));
#9587 = CARTESIAN_POINT('',(0.816524519252,-17.73664776979));
#9588 = CARTESIAN_POINT('',(0.783894491405,-17.80612243473));
#9589 = CARTESIAN_POINT('',(0.772214008996,-17.8295791545));
#9590 = CARTESIAN_POINT('',(0.760549339191,-17.85152272954));
#9591 = CARTESIAN_POINT('',(0.748928292727,-17.87185175518));
#9592 = CARTESIAN_POINT('',(0.737378794737,-17.89048945784));
#9593 = CARTESIAN_POINT('',(0.725928083806,-17.9073859261));
#9594 = CARTESIAN_POINT('',(0.70642549383,-17.93344594762));
#9595 = CARTESIAN_POINT('',(0.698313946786,-17.94345320407));
#9596 = CARTESIAN_POINT('',(0.690276956154,-17.95253382921));
#9597 = CARTESIAN_POINT('',(0.682323750638,-17.96068714276));
#9598 = CARTESIAN_POINT('',(0.674462999237,-17.9679194326));
#9599 = CARTESIAN_POINT('',(0.666702709081,-17.97424332093));
#9600 = CARTESIAN_POINT('',(0.650605028552,-17.98567367075));
#9601 = CARTESIAN_POINT('',(0.642291087452,-17.99058621622));
#9602 = CARTESIAN_POINT('',(0.63411806291,-17.99443925053));
#9603 = CARTESIAN_POINT('',(0.626094547722,-17.99726551552));
#9604 = CARTESIAN_POINT('',(0.618227943295,-17.99910434527));
#9605 = CARTESIAN_POINT('',(0.610524438381,-18.));
#9606 = CARTESIAN_POINT('',(0.602988987805,-18.));
#9607 = ( GEOMETRIC_REPRESENTATION_CONTEXT(2) 
PARAMETRIC_REPRESENTATION_CONTEXT() REPRESENTATION_CONTEXT('2D SPACE',''
  ) );
#9608 = ORIENTED_EDGE('',*,*,#8663,.T.);
#9609 = ORIENTED_EDGE('',*,*,#9387,.F.);
#9610 = ORIENTED_EDGE('',*,*,#6519,.F.);
#9611 = ADVANCED_FACE('',(#9612),#6504,.T.);
#9612 = FACE_BOUND('',#9613,.T.);
#9613 = EDGE_LOOP('',(#9614,#9635,#9636));
#9614 = ORIENTED_EDGE('',*,*,#9615,.F.);
#9615 = EDGE_CURVE('',#8641,#6459,#9616,.T.);
#9616 = SURFACE_CURVE('',#9617,(#9621,#9628),.PCURVE_S1.);
#9617 = LINE('',#9618,#9619);
#9618 = CARTESIAN_POINT('',(-9.,88.,5.));
#9619 = VECTOR('',#9620,1.);
#9620 = DIRECTION('',(1.,0.,0.));
#9621 = PCURVE('',#6504,#9622);
#9622 = DEFINITIONAL_REPRESENTATION('',(#9623),#9627);
#9623 = LINE('',#9624,#9625);
#9624 = CARTESIAN_POINT('',(1.,0.));
#9625 = VECTOR('',#9626,1.);
#9626 = DIRECTION('',(0.,-1.));
#9627 = ( GEOMETRIC_REPRESENTATION_CONTEXT(2) 
PARAMETRIC_REPRESENTATION_CONTEXT() REPRESENTATION_CONTEXT('2D SPACE',''
  ) );
#9628 = PCURVE('',#6474,#9629);
#9629 = DEFINITIONAL_REPRESENTATION('',(#9630),#9634);
#9630 = LINE('',#9631,#9632);
#9631 = CARTESIAN_POINT('',(0.9,-17.1));
#9632 = VECTOR('',#9633,1.);
#9633 = DIRECTION('',(0.,1.));
#9634 = ( GEOMETRIC_REPRESENTATION_CONTEXT(2) 
PARAMETRIC_REPRESENTATION_CONTEXT() REPRESENTATION_CONTEXT('2D SPACE',''
  ) );
#9635 = ORIENTED_EDGE('',*,*,#9483,.T.);
#9636 = ORIENTED_EDGE('',*,*,#6486,.T.);
#9637 = ADVANCED_FACE('',(#9638),#6474,.T.);
#9638 = FACE_BOUND('',#9639,.T.);
#9639 = EDGE_LOOP('',(#9640,#9641,#9663,#9664));
#9640 = ORIENTED_EDGE('',*,*,#6458,.F.);
#9641 = ORIENTED_EDGE('',*,*,#9642,.F.);
#9642 = EDGE_CURVE('',#8618,#6431,#9643,.T.);
#9643 = SURFACE_CURVE('',#9644,(#9649,#9656),.PCURVE_S1.);
#9644 = CIRCLE('',#9645,0.9);
#9645 = AXIS2_PLACEMENT_3D('',#9646,#9647,#9648);
#9646 = CARTESIAN_POINT('',(8.1,88.,4.1));
#9647 = DIRECTION('',(0.,1.,0.));
#9648 = DIRECTION('',(0.,-0.,1.));
#9649 = PCURVE('',#6474,#9650);
#9650 = DEFINITIONAL_REPRESENTATION('',(#9651),#9655);
#9651 = CIRCLE('',#9652,0.9);
#9652 = AXIS2_PLACEMENT_2D('',#9653,#9654);
#9653 = CARTESIAN_POINT('',(0.,-1.7763568394E-15));
#9654 = DIRECTION('',(1.,0.));
#9655 = ( GEOMETRIC_REPRESENTATION_CONTEXT(2) 
PARAMETRIC_REPRESENTATION_CONTEXT() REPRESENTATION_CONTEXT('2D SPACE',''
  ) );
#9656 = PCURVE('',#6446,#9657);
#9657 = DEFINITIONAL_REPRESENTATION('',(#9658),#9662);
#9658 = LINE('',#9659,#9660);
#9659 = CARTESIAN_POINT('',(0.,0.));
#9660 = VECTOR('',#9661,1.);
#9661 = DIRECTION('',(1.,0.));
#9662 = ( GEOMETRIC_REPRESENTATION_CONTEXT(2) 
PARAMETRIC_REPRESENTATION_CONTEXT() REPRESENTATION_CONTEXT('2D SPACE',''
  ) );
#9663 = ORIENTED_EDGE('',*,*,#8640,.T.);
#9664 = ORIENTED_EDGE('',*,*,#9615,.T.);
#9665 = ADVANCED_FACE('',(#9666),#6446,.T.);
#9666 = FACE_BOUND('',#9667,.T.);
#9667 = EDGE_LOOP('',(#9668,#9696,#9716,#9717));
#9668 = ORIENTED_EDGE('',*,*,#9669,.F.);
#9669 = EDGE_CURVE('',#9670,#6403,#9672,.T.);
#9670 = VERTEX_POINT('',#9671);
#9671 = CARTESIAN_POINT('',(8.1,94.,5.));
#9672 = SURFACE_CURVE('',#9673,(#9678,#9685),.PCURVE_S1.);
#9673 = CIRCLE('',#9674,0.9);
#9674 = AXIS2_PLACEMENT_3D('',#9675,#9676,#9677);
#9675 = CARTESIAN_POINT('',(8.1,94.,4.1));
#9676 = DIRECTION('',(0.,1.,0.));
#9677 = DIRECTION('',(0.,-0.,1.));
#9678 = PCURVE('',#6446,#9679);
#9679 = DEFINITIONAL_REPRESENTATION('',(#9680),#9684);
#9680 = LINE('',#9681,#9682);
#9681 = CARTESIAN_POINT('',(0.,6.));
#9682 = VECTOR('',#9683,1.);
#9683 = DIRECTION('',(1.,0.));
#9684 = ( GEOMETRIC_REPRESENTATION_CONTEXT(2) 
PARAMETRIC_REPRESENTATION_CONTEXT() REPRESENTATION_CONTEXT('2D SPACE',''
  ) );
#9685 = PCURVE('',#9686,#9691);
#9686 = TOROIDAL_SURFACE('',#9687,3.1,0.9);
#9687 = AXIS2_PLACEMENT_3D('',#9688,#9689,#9690);
#9688 = CARTESIAN_POINT('',(5.,94.,4.1));
#9689 = DIRECTION('',(0.,0.,1.));
#9690 = DIRECTION('',(1.,0.,-0.));
#9691 = DEFINITIONAL_REPRESENTATION('',(#9692),#9695);
#9692 = B_SPLINE_CURVE_WITH_KNOTS('',1,(#9693,#9694),.UNSPECIFIED.,.F.,
  .F.,(2,2),(0.,1.570796326795),.PIECEWISE_BEZIER_KNOTS.);
#9693 = CARTESIAN_POINT('',(0.,1.570796326795));
#9694 = CARTESIAN_POINT('',(0.,0.));
#9695 = ( GEOMETRIC_REPRESENTATION_CONTEXT(2) 
PARAMETRIC_REPRESENTATION_CONTEXT() REPRESENTATION_CONTEXT('2D SPACE',''
  ) );
#9696 = ORIENTED_EDGE('',*,*,#9697,.F.);
#9697 = EDGE_CURVE('',#8618,#9670,#9698,.T.);
#9698 = SURFACE_CURVE('',#9699,(#9703,#9709),.PCURVE_S1.);
#9699 = LINE('',#9700,#9701);
#9700 = CARTESIAN_POINT('',(8.1,88.,5.));
#9701 = VECTOR('',#9702,1.);
#9702 = DIRECTION('',(0.,1.,0.));
#9703 = PCURVE('',#6446,#9704);
#9704 = DEFINITIONAL_REPRESENTATION('',(#9705),#9708);
#9705 = B_SPLINE_CURVE_WITH_KNOTS('',1,(#9706,#9707),.UNSPECIFIED.,.F.,
  .F.,(2,2),(0.,6.),.PIECEWISE_BEZIER_KNOTS.);
#9706 = CARTESIAN_POINT('',(0.,0.));
#9707 = CARTESIAN_POINT('',(0.,6.));
#9708 = ( GEOMETRIC_REPRESENTATION_CONTEXT(2) 
PARAMETRIC_REPRESENTATION_CONTEXT() REPRESENTATION_CONTEXT('2D SPACE',''
  ) );
#9709 = PCURVE('',#8486,#9710);
#9710 = DEFINITIONAL_REPRESENTATION('',(#9711),#9715);
#9711 = LINE('',#9712,#9713);
#9712 = CARTESIAN_POINT('',(0.,-17.1));
#9713 = VECTOR('',#9714,1.);
#9714 = DIRECTION('',(1.,0.));
#9715 = ( GEOMETRIC_REPRESENTATION_CONTEXT(2) 
PARAMETRIC_REPRESENTATION_CONTEXT() REPRESENTATION_CONTEXT('2D SPACE',''
  ) );
#9716 = ORIENTED_EDGE('',*,*,#9642,.T.);
#9717 = ORIENTED_EDGE('',*,*,#6430,.T.);
#9718 = ADVANCED_FACE('',(#9719),#6418,.T.);
#9719 = FACE_BOUND('',#9720,.T.);
#9720 = EDGE_LOOP('',(#9721,#9722,#9751,#9774));
#9721 = ORIENTED_EDGE('',*,*,#6402,.F.);
#9722 = ORIENTED_EDGE('',*,*,#9723,.F.);
#9723 = EDGE_CURVE('',#9724,#6375,#9726,.T.);
#9724 = VERTEX_POINT('',#9725);
#9725 = CARTESIAN_POINT('',(5.,98.,0.2));
#9726 = SURFACE_CURVE('',#9727,(#9732,#9739),.PCURVE_S1.);
#9727 = CIRCLE('',#9728,4.);
#9728 = AXIS2_PLACEMENT_3D('',#9729,#9730,#9731);
#9729 = CARTESIAN_POINT('',(5.,94.,0.2));
#9730 = DIRECTION('',(0.,-0.,-1.));
#9731 = DIRECTION('',(4.440892098501E-16,1.,-0.));
#9732 = PCURVE('',#6418,#9733);
#9733 = DEFINITIONAL_REPRESENTATION('',(#9734),#9738);
#9734 = LINE('',#9735,#9736);
#9735 = CARTESIAN_POINT('',(1.570796326795,0.2));
#9736 = VECTOR('',#9737,1.);
#9737 = DIRECTION('',(-1.,-0.));
#9738 = ( GEOMETRIC_REPRESENTATION_CONTEXT(2) 
PARAMETRIC_REPRESENTATION_CONTEXT() REPRESENTATION_CONTEXT('2D SPACE',''
  ) );
#9739 = PCURVE('',#9740,#9745);
#9740 = TOROIDAL_SURFACE('',#9741,3.8,0.2);
#9741 = AXIS2_PLACEMENT_3D('',#9742,#9743,#9744);
#9742 = CARTESIAN_POINT('',(5.,94.,0.2));
#9743 = DIRECTION('',(-0.,-0.,-1.));
#9744 = DIRECTION('',(4.440892098501E-16,1.,-0.));
#9745 = DEFINITIONAL_REPRESENTATION('',(#9746),#9750);
#9746 = LINE('',#9747,#9748);
#9747 = CARTESIAN_POINT('',(0.,0.));
#9748 = VECTOR('',#9749,1.);
#9749 = DIRECTION('',(1.,0.));
#9750 = ( GEOMETRIC_REPRESENTATION_CONTEXT(2) 
PARAMETRIC_REPRESENTATION_CONTEXT() REPRESENTATION_CONTEXT('2D SPACE',''
  ) );
#9751 = ORIENTED_EDGE('',*,*,#9752,.T.);
#9752 = EDGE_CURVE('',#9724,#9753,#9755,.T.);
#9753 = VERTEX_POINT('',#9754);
#9754 = CARTESIAN_POINT('',(5.,98.,4.1));
#9755 = SURFACE_CURVE('',#9756,(#9760,#9767),.PCURVE_S1.);
#9756 = LINE('',#9757,#9758);
#9757 = CARTESIAN_POINT('',(5.,98.,0.2));
#9758 = VECTOR('',#9759,1.);
#9759 = DIRECTION('',(3.700743415417E-16,0.,1.));
#9760 = PCURVE('',#6418,#9761);
#9761 = DEFINITIONAL_REPRESENTATION('',(#9762),#9766);
#9762 = LINE('',#9763,#9764);
#9763 = CARTESIAN_POINT('',(1.570796326795,0.2));
#9764 = VECTOR('',#9765,1.);
#9765 = DIRECTION('',(0.,1.));
#9766 = ( GEOMETRIC_REPRESENTATION_CONTEXT(2) 
PARAMETRIC_REPRESENTATION_CONTEXT() REPRESENTATION_CONTEXT('2D SPACE',''
  ) );
#9767 = PCURVE('',#9184,#9768);
#9768 = DEFINITIONAL_REPRESENTATION('',(#9769),#9773);
#9769 = LINE('',#9770,#9771);
#9770 = CARTESIAN_POINT('',(0.2,14.));
#9771 = VECTOR('',#9772,1.);
#9772 = DIRECTION('',(1.,3.700743415417E-16));
#9773 = ( GEOMETRIC_REPRESENTATION_CONTEXT(2) 
PARAMETRIC_REPRESENTATION_CONTEXT() REPRESENTATION_CONTEXT('2D SPACE',''
  ) );
#9774 = ORIENTED_EDGE('',*,*,#9775,.F.);
#9775 = EDGE_CURVE('',#6403,#9753,#9776,.T.);
#9776 = SURFACE_CURVE('',#9777,(#9782,#9789),.PCURVE_S1.);
#9777 = CIRCLE('',#9778,4.);
#9778 = AXIS2_PLACEMENT_3D('',#9779,#9780,#9781);
#9779 = CARTESIAN_POINT('',(5.,94.,4.1));
#9780 = DIRECTION('',(0.,0.,1.));
#9781 = DIRECTION('',(1.,0.,-0.));
#9782 = PCURVE('',#6418,#9783);
#9783 = DEFINITIONAL_REPRESENTATION('',(#9784),#9788);
#9784 = LINE('',#9785,#9786);
#9785 = CARTESIAN_POINT('',(0.,4.1));
#9786 = VECTOR('',#9787,1.);
#9787 = DIRECTION('',(1.,0.));
#9788 = ( GEOMETRIC_REPRESENTATION_CONTEXT(2) 
PARAMETRIC_REPRESENTATION_CONTEXT() REPRESENTATION_CONTEXT('2D SPACE',''
  ) );
#9789 = PCURVE('',#9686,#9790);
#9790 = DEFINITIONAL_REPRESENTATION('',(#9791),#9794);
#9791 = B_SPLINE_CURVE_WITH_KNOTS('',1,(#9792,#9793),.UNSPECIFIED.,.F.,
  .F.,(2,2),(0.,6.28318530718),.PIECEWISE_BEZIER_KNOTS.);
#9792 = CARTESIAN_POINT('',(0.,0.));
#9793 = CARTESIAN_POINT('',(6.28318530718,0.));
#9794 = ( GEOMETRIC_REPRESENTATION_CONTEXT(2) 
PARAMETRIC_REPRESENTATION_CONTEXT() REPRESENTATION_CONTEXT('2D SPACE',''
  ) );
#9795 = ADVANCED_FACE('',(#9796),#6390,.T.);
#9796 = FACE_BOUND('',#9797,.F.);
#9797 = EDGE_LOOP('',(#9798,#9799,#9823,#9846));
#9798 = ORIENTED_EDGE('',*,*,#6374,.F.);
#9799 = ORIENTED_EDGE('',*,*,#9800,.T.);
#9800 = EDGE_CURVE('',#6375,#9801,#9803,.T.);
#9801 = VERTEX_POINT('',#9802);
#9802 = CARTESIAN_POINT('',(8.8,94.,0.));
#9803 = SURFACE_CURVE('',#9804,(#9809,#9816),.PCURVE_S1.);
#9804 = CIRCLE('',#9805,0.2);
#9805 = AXIS2_PLACEMENT_3D('',#9806,#9807,#9808);
#9806 = CARTESIAN_POINT('',(8.8,94.,0.2));
#9807 = DIRECTION('',(1.608122649677E-16,1.,0.));
#9808 = DIRECTION('',(1.,-1.608122649677E-16,0.));
#9809 = PCURVE('',#6390,#9810);
#9810 = DEFINITIONAL_REPRESENTATION('',(#9811),#9815);
#9811 = LINE('',#9812,#9813);
#9812 = CARTESIAN_POINT('',(-0.,0.));
#9813 = VECTOR('',#9814,1.);
#9814 = DIRECTION('',(-1.,0.));
#9815 = ( GEOMETRIC_REPRESENTATION_CONTEXT(2) 
PARAMETRIC_REPRESENTATION_CONTEXT() REPRESENTATION_CONTEXT('2D SPACE',''
  ) );
#9816 = PCURVE('',#9740,#9817);
#9817 = DEFINITIONAL_REPRESENTATION('',(#9818),#9822);
#9818 = LINE('',#9819,#9820);
#9819 = CARTESIAN_POINT('',(1.570796326795,0.));
#9820 = VECTOR('',#9821,1.);
#9821 = DIRECTION('',(0.,1.));
#9822 = ( GEOMETRIC_REPRESENTATION_CONTEXT(2) 
PARAMETRIC_REPRESENTATION_CONTEXT() REPRESENTATION_CONTEXT('2D SPACE',''
  ) );
#9823 = ORIENTED_EDGE('',*,*,#9824,.T.);
#9824 = EDGE_CURVE('',#9801,#9825,#9827,.T.);
#9825 = VERTEX_POINT('',#9826);
#9826 = CARTESIAN_POINT('',(8.8,21.1,-1.387778780781E-17));
#9827 = SURFACE_CURVE('',#9828,(#9832,#9839),.PCURVE_S1.);
#9828 = LINE('',#9829,#9830);
#9829 = CARTESIAN_POINT('',(8.8,94.,-2.775557561563E-17));
#9830 = VECTOR('',#9831,1.);
#9831 = DIRECTION('',(-0.,-1.,-0.));
#9832 = PCURVE('',#6390,#9833);
#9833 = DEFINITIONAL_REPRESENTATION('',(#9834),#9838);
#9834 = LINE('',#9835,#9836);
#9835 = CARTESIAN_POINT('',(-1.570796326795,0.));
#9836 = VECTOR('',#9837,1.);
#9837 = DIRECTION('',(-0.,1.));
#9838 = ( GEOMETRIC_REPRESENTATION_CONTEXT(2) 
PARAMETRIC_REPRESENTATION_CONTEXT() REPRESENTATION_CONTEXT('2D SPACE',''
  ) );
#9839 = PCURVE('',#7896,#9840);
#9840 = DEFINITIONAL_REPRESENTATION('',(#9841),#9845);
#9841 = LINE('',#9842,#9843);
#9842 = CARTESIAN_POINT('',(17.8,94.));
#9843 = VECTOR('',#9844,1.);
#9844 = DIRECTION('',(0.,-1.));
#9845 = ( GEOMETRIC_REPRESENTATION_CONTEXT(2) 
PARAMETRIC_REPRESENTATION_CONTEXT() REPRESENTATION_CONTEXT('2D SPACE',''
  ) );
#9846 = ORIENTED_EDGE('',*,*,#9847,.T.);
#9847 = EDGE_CURVE('',#9825,#6347,#9848,.T.);
#9848 = SURFACE_CURVE('',#9849,(#9854,#9861),.PCURVE_S1.);
#9849 = CIRCLE('',#9850,0.2);
#9850 = AXIS2_PLACEMENT_3D('',#9851,#9852,#9853);
#9851 = CARTESIAN_POINT('',(8.8,21.1,0.2));
#9852 = DIRECTION('',(0.,-1.,-0.));
#9853 = DIRECTION('',(1.,0.,-0.));
#9854 = PCURVE('',#6390,#9855);
#9855 = DEFINITIONAL_REPRESENTATION('',(#9856),#9860);
#9856 = LINE('',#9857,#9858);
#9857 = CARTESIAN_POINT('',(-6.28318530718,72.9));
#9858 = VECTOR('',#9859,1.);
#9859 = DIRECTION('',(1.,-0.));
#9860 = ( GEOMETRIC_REPRESENTATION_CONTEXT(2) 
PARAMETRIC_REPRESENTATION_CONTEXT() REPRESENTATION_CONTEXT('2D SPACE',''
  ) );
#9861 = PCURVE('',#6362,#9862);
#9862 = DEFINITIONAL_REPRESENTATION('',(#9863),#9871);
#9863 = ( BOUNDED_CURVE() B_SPLINE_CURVE(2,(#9864,#9865,#9866,#9867,
#9868,#9869,#9870),.UNSPECIFIED.,.T.,.F.) B_SPLINE_CURVE_WITH_KNOTS((1,2
    ,2,2,2,1),(-2.094395102393,0.,2.094395102393,4.188790204786,
6.28318530718,8.377580409573),.UNSPECIFIED.) CURVE() 
GEOMETRIC_REPRESENTATION_ITEM() RATIONAL_B_SPLINE_CURVE((1.,0.5,1.,0.5,
1.,0.5,1.)) REPRESENTATION_ITEM('') );
#9864 = CARTESIAN_POINT('',(0.2,9.));
#9865 = CARTESIAN_POINT('',(0.546410161514,9.));
#9866 = CARTESIAN_POINT('',(0.373205080757,8.7));
#9867 = CARTESIAN_POINT('',(0.2,8.4));
#9868 = CARTESIAN_POINT('',(2.679491924311E-02,8.7));
#9869 = CARTESIAN_POINT('',(-0.146410161514,9.));
#9870 = CARTESIAN_POINT('',(0.2,9.));
#9871 = ( GEOMETRIC_REPRESENTATION_CONTEXT(2) 
PARAMETRIC_REPRESENTATION_CONTEXT() REPRESENTATION_CONTEXT('2D SPACE',''
  ) );
#9872 = ADVANCED_FACE('',(#9873),#6362,.F.);
#9873 = FACE_BOUND('',#9874,.F.);
#9874 = EDGE_LOOP('',(#9875,#9898,#9924,#9945,#9946));
#9875 = ORIENTED_EDGE('',*,*,#9876,.F.);
#9876 = EDGE_CURVE('',#9877,#9825,#9879,.T.);
#9877 = VERTEX_POINT('',#9878);
#9878 = CARTESIAN_POINT('',(6.152438540936,21.1,0.));
#9879 = SURFACE_CURVE('',#9880,(#9884,#9891),.PCURVE_S1.);
#9880 = LINE('',#9881,#9882);
#9881 = CARTESIAN_POINT('',(0.,21.1,0.));
#9882 = VECTOR('',#9883,1.);
#9883 = DIRECTION('',(1.,0.,0.));
#9884 = PCURVE('',#6362,#9885);
#9885 = DEFINITIONAL_REPRESENTATION('',(#9886),#9890);
#9886 = LINE('',#9887,#9888);
#9887 = CARTESIAN_POINT('',(0.,0.));
#9888 = VECTOR('',#9889,1.);
#9889 = DIRECTION('',(0.,1.));
#9890 = ( GEOMETRIC_REPRESENTATION_CONTEXT(2) 
PARAMETRIC_REPRESENTATION_CONTEXT() REPRESENTATION_CONTEXT('2D SPACE',''
  ) );
#9891 = PCURVE('',#7896,#9892);
#9892 = DEFINITIONAL_REPRESENTATION('',(#9893),#9897);
#9893 = LINE('',#9894,#9895);
#9894 = CARTESIAN_POINT('',(9.,21.1));
#9895 = VECTOR('',#9896,1.);
#9896 = DIRECTION('',(1.,0.));
#9897 = ( GEOMETRIC_REPRESENTATION_CONTEXT(2) 
PARAMETRIC_REPRESENTATION_CONTEXT() REPRESENTATION_CONTEXT('2D SPACE',''
  ) );
#9898 = ORIENTED_EDGE('',*,*,#9899,.T.);
#9899 = EDGE_CURVE('',#9877,#9900,#9902,.T.);
#9900 = VERTEX_POINT('',#9901);
#9901 = CARTESIAN_POINT('',(6.152438540936,21.1,1.2));
#9902 = SURFACE_CURVE('',#9903,(#9907,#9913),.PCURVE_S1.);
#9903 = LINE('',#9904,#9905);
#9904 = CARTESIAN_POINT('',(6.152438540936,21.1,0.));
#9905 = VECTOR('',#9906,1.);
#9906 = DIRECTION('',(0.,0.,1.));
#9907 = PCURVE('',#6362,#9908);
#9908 = DEFINITIONAL_REPRESENTATION('',(#9909),#9912);
#9909 = B_SPLINE_CURVE_WITH_KNOTS('',1,(#9910,#9911),.UNSPECIFIED.,.F.,
  .F.,(2,2),(-6.E-07,1.32),.PIECEWISE_BEZIER_KNOTS.);
#9910 = CARTESIAN_POINT('',(-6.E-07,6.152438540936));
#9911 = CARTESIAN_POINT('',(1.32,6.152438540936));
#9912 = ( GEOMETRIC_REPRESENTATION_CONTEXT(2) 
PARAMETRIC_REPRESENTATION_CONTEXT() REPRESENTATION_CONTEXT('2D SPACE',''
  ) );
#9913 = PCURVE('',#9914,#9919);
#9914 = CYLINDRICAL_SURFACE('',#9915,6.25);
#9915 = AXIS2_PLACEMENT_3D('',#9916,#9917,#9918);
#9916 = CARTESIAN_POINT('',(0.,20.,0.));
#9917 = DIRECTION('',(0.,0.,1.));
#9918 = DIRECTION('',(1.,0.,-0.));
#9919 = DEFINITIONAL_REPRESENTATION('',(#9920),#9923);
#9920 = B_SPLINE_CURVE_WITH_KNOTS('',1,(#9921,#9922),.UNSPECIFIED.,.F.,
  .F.,(2,2),(-6.E-07,1.32),.PIECEWISE_BEZIER_KNOTS.);
#9921 = CARTESIAN_POINT('',(0.176921533466,-6.E-07));
#9922 = CARTESIAN_POINT('',(0.176921533466,1.32));
#9923 = ( GEOMETRIC_REPRESENTATION_CONTEXT(2) 
PARAMETRIC_REPRESENTATION_CONTEXT() REPRESENTATION_CONTEXT('2D SPACE',''
  ) );
#9924 = ORIENTED_EDGE('',*,*,#9925,.T.);
#9925 = EDGE_CURVE('',#9900,#6319,#9926,.T.);
#9926 = SURFACE_CURVE('',#9927,(#9931,#9938),.PCURVE_S1.);
#9927 = LINE('',#9928,#9929);
#9928 = CARTESIAN_POINT('',(0.,21.1,1.2));
#9929 = VECTOR('',#9930,1.);
#9930 = DIRECTION('',(1.,0.,0.));
#9931 = PCURVE('',#6362,#9932);
#9932 = DEFINITIONAL_REPRESENTATION('',(#9933),#9937);
#9933 = LINE('',#9934,#9935);
#9934 = CARTESIAN_POINT('',(1.2,0.));
#9935 = VECTOR('',#9936,1.);
#9936 = DIRECTION('',(0.,1.));
#9937 = ( GEOMETRIC_REPRESENTATION_CONTEXT(2) 
PARAMETRIC_REPRESENTATION_CONTEXT() REPRESENTATION_CONTEXT('2D SPACE',''
  ) );
#9938 = PCURVE('',#6334,#9939);
#9939 = DEFINITIONAL_REPRESENTATION('',(#9940),#9944);
#9940 = LINE('',#9941,#9942);
#9941 = CARTESIAN_POINT('',(0.,2.2));
#9942 = VECTOR('',#9943,1.);
#9943 = DIRECTION('',(1.,0.));
#9944 = ( GEOMETRIC_REPRESENTATION_CONTEXT(2) 
PARAMETRIC_REPRESENTATION_CONTEXT() REPRESENTATION_CONTEXT('2D SPACE',''
  ) );
#9945 = ORIENTED_EDGE('',*,*,#6346,.F.);
#9946 = ORIENTED_EDGE('',*,*,#9847,.F.);
#9947 = ADVANCED_FACE('',(#9948),#6334,.F.);
#9948 = FACE_BOUND('',#9949,.F.);
#9949 = EDGE_LOOP('',(#9950,#9951,#9975,#9999,#10020));
#9950 = ORIENTED_EDGE('',*,*,#9925,.F.);
#9951 = ORIENTED_EDGE('',*,*,#9952,.F.);
#9952 = EDGE_CURVE('',#9953,#9900,#9955,.T.);
#9953 = VERTEX_POINT('',#9954);
#9954 = CARTESIAN_POINT('',(6.25,20.,1.2));
#9955 = SURFACE_CURVE('',#9956,(#9961,#9968),.PCURVE_S1.);
#9956 = CIRCLE('',#9957,6.25);
#9957 = AXIS2_PLACEMENT_3D('',#9958,#9959,#9960);
#9958 = CARTESIAN_POINT('',(0.,20.,1.2));
#9959 = DIRECTION('',(0.,0.,1.));
#9960 = DIRECTION('',(1.,0.,-0.));
#9961 = PCURVE('',#6334,#9962);
#9962 = DEFINITIONAL_REPRESENTATION('',(#9963),#9967);
#9963 = CIRCLE('',#9964,6.25);
#9964 = AXIS2_PLACEMENT_2D('',#9965,#9966);
#9965 = CARTESIAN_POINT('',(0.,1.1));
#9966 = DIRECTION('',(1.,0.));
#9967 = ( GEOMETRIC_REPRESENTATION_CONTEXT(2) 
PARAMETRIC_REPRESENTATION_CONTEXT() REPRESENTATION_CONTEXT('2D SPACE',''
  ) );
#9968 = PCURVE('',#9914,#9969);
#9969 = DEFINITIONAL_REPRESENTATION('',(#9970),#9974);
#9970 = LINE('',#9971,#9972);
#9971 = CARTESIAN_POINT('',(0.,1.2));
#9972 = VECTOR('',#9973,1.);
#9973 = DIRECTION('',(1.,0.));
#9974 = ( GEOMETRIC_REPRESENTATION_CONTEXT(2) 
PARAMETRIC_REPRESENTATION_CONTEXT() REPRESENTATION_CONTEXT('2D SPACE',''
  ) );
#9975 = ORIENTED_EDGE('',*,*,#9976,.F.);
#9976 = EDGE_CURVE('',#9977,#9953,#9979,.T.);
#9977 = VERTEX_POINT('',#9978);
#9978 = CARTESIAN_POINT('',(6.152438540936,18.9,1.2));
#9979 = SURFACE_CURVE('',#9980,(#9985,#9992),.PCURVE_S1.);
#9980 = CIRCLE('',#9981,6.25);
#9981 = AXIS2_PLACEMENT_3D('',#9982,#9983,#9984);
#9982 = CARTESIAN_POINT('',(0.,20.,1.2));
#9983 = DIRECTION('',(0.,0.,1.));
#9984 = DIRECTION('',(1.,0.,-0.));
#9985 = PCURVE('',#6334,#9986);
#9986 = DEFINITIONAL_REPRESENTATION('',(#9987),#9991);
#9987 = CIRCLE('',#9988,6.25);
#9988 = AXIS2_PLACEMENT_2D('',#9989,#9990);
#9989 = CARTESIAN_POINT('',(0.,1.1));
#9990 = DIRECTION('',(1.,0.));
#9991 = ( GEOMETRIC_REPRESENTATION_CONTEXT(2) 
PARAMETRIC_REPRESENTATION_CONTEXT() REPRESENTATION_CONTEXT('2D SPACE',''
  ) );
#9992 = PCURVE('',#9914,#9993);
#9993 = DEFINITIONAL_REPRESENTATION('',(#9994),#9998);
#9994 = LINE('',#9995,#9996);
#9995 = CARTESIAN_POINT('',(0.,1.2));
#9996 = VECTOR('',#9997,1.);
#9997 = DIRECTION('',(1.,0.));
#9998 = ( GEOMETRIC_REPRESENTATION_CONTEXT(2) 
PARAMETRIC_REPRESENTATION_CONTEXT() REPRESENTATION_CONTEXT('2D SPACE',''
  ) );
#9999 = ORIENTED_EDGE('',*,*,#10000,.T.);
#10000 = EDGE_CURVE('',#9977,#6291,#10001,.T.);
#10001 = SURFACE_CURVE('',#10002,(#10006,#10013),.PCURVE_S1.);
#10002 = LINE('',#10003,#10004);
#10003 = CARTESIAN_POINT('',(0.,18.9,1.2));
#10004 = VECTOR('',#10005,1.);
#10005 = DIRECTION('',(1.,0.,0.));
#10006 = PCURVE('',#6334,#10007);
#10007 = DEFINITIONAL_REPRESENTATION('',(#10008),#10012);
#10008 = LINE('',#10009,#10010);
#10009 = CARTESIAN_POINT('',(0.,0.));
#10010 = VECTOR('',#10011,1.);
#10011 = DIRECTION('',(1.,0.));
#10012 = ( GEOMETRIC_REPRESENTATION_CONTEXT(2) 
PARAMETRIC_REPRESENTATION_CONTEXT() REPRESENTATION_CONTEXT('2D SPACE',''
  ) );
#10013 = PCURVE('',#6306,#10014);
#10014 = DEFINITIONAL_REPRESENTATION('',(#10015),#10019);
#10015 = LINE('',#10016,#10017);
#10016 = CARTESIAN_POINT('',(1.2,0.));
#10017 = VECTOR('',#10018,1.);
#10018 = DIRECTION('',(0.,1.));
#10019 = ( GEOMETRIC_REPRESENTATION_CONTEXT(2) 
PARAMETRIC_REPRESENTATION_CONTEXT() REPRESENTATION_CONTEXT('2D SPACE',''
  ) );
#10020 = ORIENTED_EDGE('',*,*,#6318,.T.);
#10021 = ADVANCED_FACE('',(#10022),#6306,.T.);
#10022 = FACE_BOUND('',#10023,.T.);
#10023 = EDGE_LOOP('',(#10024,#10049,#10068,#10069,#10070));
#10024 = ORIENTED_EDGE('',*,*,#10025,.F.);
#10025 = EDGE_CURVE('',#10026,#10028,#10030,.T.);
#10026 = VERTEX_POINT('',#10027);
#10027 = CARTESIAN_POINT('',(6.152438540936,18.9,0.));
#10028 = VERTEX_POINT('',#10029);
#10029 = CARTESIAN_POINT('',(8.8,18.9,-1.387778780781E-17));
#10030 = SURFACE_CURVE('',#10031,(#10035,#10042),.PCURVE_S1.);
#10031 = LINE('',#10032,#10033);
#10032 = CARTESIAN_POINT('',(0.,18.9,0.));
#10033 = VECTOR('',#10034,1.);
#10034 = DIRECTION('',(1.,0.,0.));
#10035 = PCURVE('',#6306,#10036);
#10036 = DEFINITIONAL_REPRESENTATION('',(#10037),#10041);
#10037 = LINE('',#10038,#10039);
#10038 = CARTESIAN_POINT('',(0.,0.));
#10039 = VECTOR('',#10040,1.);
#10040 = DIRECTION('',(0.,1.));
#10041 = ( GEOMETRIC_REPRESENTATION_CONTEXT(2) 
PARAMETRIC_REPRESENTATION_CONTEXT() REPRESENTATION_CONTEXT('2D SPACE',''
  ) );
#10042 = PCURVE('',#7896,#10043);
#10043 = DEFINITIONAL_REPRESENTATION('',(#10044),#10048);
#10044 = LINE('',#10045,#10046);
#10045 = CARTESIAN_POINT('',(9.,18.9));
#10046 = VECTOR('',#10047,1.);
#10047 = DIRECTION('',(1.,0.));
#10048 = ( GEOMETRIC_REPRESENTATION_CONTEXT(2) 
PARAMETRIC_REPRESENTATION_CONTEXT() REPRESENTATION_CONTEXT('2D SPACE',''
  ) );
#10049 = ORIENTED_EDGE('',*,*,#10050,.T.);
#10050 = EDGE_CURVE('',#10026,#9977,#10051,.T.);
#10051 = SURFACE_CURVE('',#10052,(#10056,#10062),.PCURVE_S1.);
#10052 = LINE('',#10053,#10054);
#10053 = CARTESIAN_POINT('',(6.152438540936,18.9,0.));
#10054 = VECTOR('',#10055,1.);
#10055 = DIRECTION('',(0.,0.,1.));
#10056 = PCURVE('',#6306,#10057);
#10057 = DEFINITIONAL_REPRESENTATION('',(#10058),#10061);
#10058 = B_SPLINE_CURVE_WITH_KNOTS('',1,(#10059,#10060),.UNSPECIFIED.,
  .F.,.F.,(2,2),(-6.E-07,1.32),.PIECEWISE_BEZIER_KNOTS.);
#10059 = CARTESIAN_POINT('',(-6.E-07,6.152438540936));
#10060 = CARTESIAN_POINT('',(1.32,6.152438540936));
#10061 = ( GEOMETRIC_REPRESENTATION_CONTEXT(2) 
PARAMETRIC_REPRESENTATION_CONTEXT() REPRESENTATION_CONTEXT('2D SPACE',''
  ) );
#10062 = PCURVE('',#9914,#10063);
#10063 = DEFINITIONAL_REPRESENTATION('',(#10064),#10067);
#10064 = B_SPLINE_CURVE_WITH_KNOTS('',1,(#10065,#10066),.UNSPECIFIED.,
  .F.,.F.,(2,2),(-6.E-07,1.32),.PIECEWISE_BEZIER_KNOTS.);
#10065 = CARTESIAN_POINT('',(6.106263773713,-6.E-07));
#10066 = CARTESIAN_POINT('',(6.106263773713,1.32));
#10067 = ( GEOMETRIC_REPRESENTATION_CONTEXT(2) 
PARAMETRIC_REPRESENTATION_CONTEXT() REPRESENTATION_CONTEXT('2D SPACE',''
  ) );
#10068 = ORIENTED_EDGE('',*,*,#10000,.T.);
#10069 = ORIENTED_EDGE('',*,*,#6290,.F.);
#10070 = ORIENTED_EDGE('',*,*,#10071,.F.);
#10071 = EDGE_CURVE('',#10028,#6263,#10072,.T.);
#10072 = SURFACE_CURVE('',#10073,(#10078,#10089),.PCURVE_S1.);
#10073 = CIRCLE('',#10074,0.2);
#10074 = AXIS2_PLACEMENT_3D('',#10075,#10076,#10077);
#10075 = CARTESIAN_POINT('',(8.8,18.9,0.2));
#10076 = DIRECTION('',(0.,-1.,-0.));
#10077 = DIRECTION('',(1.,0.,-0.));
#10078 = PCURVE('',#6306,#10079);
#10079 = DEFINITIONAL_REPRESENTATION('',(#10080),#10088);
#10080 = ( BOUNDED_CURVE() B_SPLINE_CURVE(2,(#10081,#10082,#10083,#10084
    ,#10085,#10086,#10087),.UNSPECIFIED.,.T.,.F.) 
B_SPLINE_CURVE_WITH_KNOTS((1,2,2,2,2,1),(-2.094395102393,0.,
    2.094395102393,4.188790204786,6.28318530718,8.377580409573),
.UNSPECIFIED.) CURVE() GEOMETRIC_REPRESENTATION_ITEM() 
RATIONAL_B_SPLINE_CURVE((1.,0.5,1.,0.5,1.,0.5,1.)) REPRESENTATION_ITEM(
  '') );
#10081 = CARTESIAN_POINT('',(0.2,9.));
#10082 = CARTESIAN_POINT('',(0.546410161514,9.));
#10083 = CARTESIAN_POINT('',(0.373205080757,8.7));
#10084 = CARTESIAN_POINT('',(0.2,8.4));
#10085 = CARTESIAN_POINT('',(2.679491924311E-02,8.7));
#10086 = CARTESIAN_POINT('',(-0.146410161514,9.));
#10087 = CARTESIAN_POINT('',(0.2,9.));
#10088 = ( GEOMETRIC_REPRESENTATION_CONTEXT(2) 
PARAMETRIC_REPRESENTATION_CONTEXT() REPRESENTATION_CONTEXT('2D SPACE',''
  ) );
#10089 = PCURVE('',#6278,#10090);
#10090 = DEFINITIONAL_REPRESENTATION('',(#10091),#10095);
#10091 = LINE('',#10092,#10093);
#10092 = CARTESIAN_POINT('',(-6.28318530718,75.1));
#10093 = VECTOR('',#10094,1.);
#10094 = DIRECTION('',(1.,-0.));
#10095 = ( GEOMETRIC_REPRESENTATION_CONTEXT(2) 
PARAMETRIC_REPRESENTATION_CONTEXT() REPRESENTATION_CONTEXT('2D SPACE',''
  ) );
#10096 = ADVANCED_FACE('',(#10097),#6278,.T.);
#10097 = FACE_BOUND('',#10098,.F.);
#10098 = EDGE_LOOP('',(#10099,#10100,#10101,#10124));
#10099 = ORIENTED_EDGE('',*,*,#6262,.F.);
#10100 = ORIENTED_EDGE('',*,*,#10071,.F.);
#10101 = ORIENTED_EDGE('',*,*,#10102,.T.);
#10102 = EDGE_CURVE('',#10028,#10103,#10105,.T.);
#10103 = VERTEX_POINT('',#10104);
#10104 = CARTESIAN_POINT('',(8.8,4.,-2.775557561563E-17));
#10105 = SURFACE_CURVE('',#10106,(#10110,#10117),.PCURVE_S1.);
#10106 = LINE('',#10107,#10108);
#10107 = CARTESIAN_POINT('',(8.8,94.,-2.775557561563E-17));
#10108 = VECTOR('',#10109,1.);
#10109 = DIRECTION('',(-0.,-1.,-0.));
#10110 = PCURVE('',#6278,#10111);
#10111 = DEFINITIONAL_REPRESENTATION('',(#10112),#10116);
#10112 = LINE('',#10113,#10114);
#10113 = CARTESIAN_POINT('',(-1.570796326795,0.));
#10114 = VECTOR('',#10115,1.);
#10115 = DIRECTION('',(-0.,1.));
#10116 = ( GEOMETRIC_REPRESENTATION_CONTEXT(2) 
PARAMETRIC_REPRESENTATION_CONTEXT() REPRESENTATION_CONTEXT('2D SPACE',''
  ) );
#10117 = PCURVE('',#7896,#10118);
#10118 = DEFINITIONAL_REPRESENTATION('',(#10119),#10123);
#10119 = LINE('',#10120,#10121);
#10120 = CARTESIAN_POINT('',(17.8,94.));
#10121 = VECTOR('',#10122,1.);
#10122 = DIRECTION('',(0.,-1.));
#10123 = ( GEOMETRIC_REPRESENTATION_CONTEXT(2) 
PARAMETRIC_REPRESENTATION_CONTEXT() REPRESENTATION_CONTEXT('2D SPACE',''
  ) );
#10124 = ORIENTED_EDGE('',*,*,#10125,.F.);
#10125 = EDGE_CURVE('',#6240,#10103,#10126,.T.);
#10126 = SURFACE_CURVE('',#10127,(#10132,#10139),.PCURVE_S1.);
#10127 = CIRCLE('',#10128,0.2);
#10128 = AXIS2_PLACEMENT_3D('',#10129,#10130,#10131);
#10129 = CARTESIAN_POINT('',(8.8,4.,0.2));
#10130 = DIRECTION('',(0.,1.,0.));
#10131 = DIRECTION('',(1.,0.,-0.));
#10132 = PCURVE('',#6278,#10133);
#10133 = DEFINITIONAL_REPRESENTATION('',(#10134),#10138);
#10134 = LINE('',#10135,#10136);
#10135 = CARTESIAN_POINT('',(-0.,90.));
#10136 = VECTOR('',#10137,1.);
#10137 = DIRECTION('',(-1.,0.));
#10138 = ( GEOMETRIC_REPRESENTATION_CONTEXT(2) 
PARAMETRIC_REPRESENTATION_CONTEXT() REPRESENTATION_CONTEXT('2D SPACE',''
  ) );
#10139 = PCURVE('',#7840,#10140);
#10140 = DEFINITIONAL_REPRESENTATION('',(#10141),#10145);
#10141 = LINE('',#10142,#10143);
#10142 = CARTESIAN_POINT('',(0.,0.));
#10143 = VECTOR('',#10144,1.);
#10144 = DIRECTION('',(0.,1.));
#10145 = ( GEOMETRIC_REPRESENTATION_CONTEXT(2) 
PARAMETRIC_REPRESENTATION_CONTEXT() REPRESENTATION_CONTEXT('2D SPACE',''
  ) );
#10146 = ADVANCED_FACE('',(#10147),#6880,.T.);
#10147 = FACE_BOUND('',#10148,.T.);
#10148 = EDGE_LOOP('',(#10149,#10150,#10151,#10152,#10153));
#10149 = ORIENTED_EDGE('',*,*,#6863,.T.);
#10150 = ORIENTED_EDGE('',*,*,#6941,.T.);
#10151 = ORIENTED_EDGE('',*,*,#9365,.T.);
#10152 = ORIENTED_EDGE('',*,*,#7992,.F.);
#10153 = ORIENTED_EDGE('',*,*,#7968,.F.);
#10154 = ADVANCED_FACE('',(#10155),#7092,.T.);
#10155 = FACE_BOUND('',#10156,.T.);
#10156 = EDGE_LOOP('',(#10157,#10158,#10179,#10180));
#10157 = ORIENTED_EDGE('',*,*,#7132,.T.);
#10158 = ORIENTED_EDGE('',*,*,#10159,.T.);
#10159 = EDGE_CURVE('',#7133,#7716,#10160,.T.);
#10160 = SURFACE_CURVE('',#10161,(#10165,#10172),.PCURVE_S1.);
#10161 = LINE('',#10162,#10163);
#10162 = CARTESIAN_POINT('',(8.6,55.5,6.));
#10163 = VECTOR('',#10164,1.);
#10164 = DIRECTION('',(-0.,-1.,-0.));
#10165 = PCURVE('',#7092,#10166);
#10166 = DEFINITIONAL_REPRESENTATION('',(#10167),#10171);
#10167 = LINE('',#10168,#10169);
#10168 = CARTESIAN_POINT('',(1.570796326795,0.));
#10169 = VECTOR('',#10170,1.);
#10170 = DIRECTION('',(0.,1.));
#10171 = ( GEOMETRIC_REPRESENTATION_CONTEXT(2) 
PARAMETRIC_REPRESENTATION_CONTEXT() REPRESENTATION_CONTEXT('2D SPACE',''
  ) );
#10172 = PCURVE('',#7171,#10173);
#10173 = DEFINITIONAL_REPRESENTATION('',(#10174),#10178);
#10174 = LINE('',#10175,#10176);
#10175 = CARTESIAN_POINT('',(5.6,4.5));
#10176 = VECTOR('',#10177,1.);
#10177 = DIRECTION('',(0.,-1.));
#10178 = ( GEOMETRIC_REPRESENTATION_CONTEXT(2) 
PARAMETRIC_REPRESENTATION_CONTEXT() REPRESENTATION_CONTEXT('2D SPACE',''
  ) );
#10179 = ORIENTED_EDGE('',*,*,#7715,.F.);
#10180 = ORIENTED_EDGE('',*,*,#7078,.F.);
#10181 = ADVANCED_FACE('',(#10182,#10192),#7171,.T.);
#10182 = FACE_BOUND('',#10183,.T.);
#10183 = EDGE_LOOP('',(#10184,#10185,#10186,#10187,#10188,#10189,#10190,
    #10191));
#10184 = ORIENTED_EDGE('',*,*,#7474,.F.);
#10185 = ORIENTED_EDGE('',*,*,#7581,.F.);
#10186 = ORIENTED_EDGE('',*,*,#7634,.F.);
#10187 = ORIENTED_EDGE('',*,*,#7741,.F.);
#10188 = ORIENTED_EDGE('',*,*,#10159,.F.);
#10189 = ORIENTED_EDGE('',*,*,#7156,.F.);
#10190 = ORIENTED_EDGE('',*,*,#7264,.F.);
#10191 = ORIENTED_EDGE('',*,*,#7371,.F.);
#10192 = FACE_BOUND('',#10193,.T.);
#10193 = EDGE_LOOP('',(#10194));
#10194 = ORIENTED_EDGE('',*,*,#10195,.F.);
#10195 = EDGE_CURVE('',#10196,#10196,#10198,.T.);
#10196 = VERTEX_POINT('',#10197);
#10197 = CARTESIAN_POINT('',(7.25,54.,6.));
#10198 = SURFACE_CURVE('',#10199,(#10204,#10211),.PCURVE_S1.);
#10199 = CIRCLE('',#10200,1.25);
#10200 = AXIS2_PLACEMENT_3D('',#10201,#10202,#10203);
#10201 = CARTESIAN_POINT('',(6.,54.,6.));
#10202 = DIRECTION('',(0.,0.,1.));
#10203 = DIRECTION('',(1.,0.,-0.));
#10204 = PCURVE('',#7171,#10205);
#10205 = DEFINITIONAL_REPRESENTATION('',(#10206),#10210);
#10206 = CIRCLE('',#10207,1.25);
#10207 = AXIS2_PLACEMENT_2D('',#10208,#10209);
#10208 = CARTESIAN_POINT('',(3.,3.));
#10209 = DIRECTION('',(1.,0.));
#10210 = ( GEOMETRIC_REPRESENTATION_CONTEXT(2) 
PARAMETRIC_REPRESENTATION_CONTEXT() REPRESENTATION_CONTEXT('2D SPACE',''
  ) );
#10211 = PCURVE('',#10212,#10217);
#10212 = CYLINDRICAL_SURFACE('',#10213,1.25);
#10213 = AXIS2_PLACEMENT_3D('',#10214,#10215,#10216);
#10214 = CARTESIAN_POINT('',(6.,54.,0.));
#10215 = DIRECTION('',(0.,0.,1.));
#10216 = DIRECTION('',(1.,0.,-0.));
#10217 = DEFINITIONAL_REPRESENTATION('',(#10218),#10222);
#10218 = LINE('',#10219,#10220);
#10219 = CARTESIAN_POINT('',(0.,6.));
#10220 = VECTOR('',#10221,1.);
#10221 = DIRECTION('',(1.,0.));
#10222 = ( GEOMETRIC_REPRESENTATION_CONTEXT(2) 
PARAMETRIC_REPRESENTATION_CONTEXT() REPRESENTATION_CONTEXT('2D SPACE',''
  ) );
#10223 = ADVANCED_FACE('',(#10224),#7678,.T.);
#10224 = FACE_BOUND('',#10225,.T.);
#10225 = EDGE_LOOP('',(#10226,#10250,#10251,#10252));
#10226 = ORIENTED_EDGE('',*,*,#10227,.F.);
#10227 = EDGE_CURVE('',#7662,#10228,#10230,.T.);
#10228 = VERTEX_POINT('',#10229);
#10229 = CARTESIAN_POINT('',(-5.,0.2,-2.775557561563E-17));
#10230 = SURFACE_CURVE('',#10231,(#10236,#10243),.PCURVE_S1.);
#10231 = CIRCLE('',#10232,0.2);
#10232 = AXIS2_PLACEMENT_3D('',#10233,#10234,#10235);
#10233 = CARTESIAN_POINT('',(-5.,0.2,0.2));
#10234 = DIRECTION('',(1.,0.,0.));
#10235 = DIRECTION('',(0.,-1.,0.));
#10236 = PCURVE('',#7678,#10237);
#10237 = DEFINITIONAL_REPRESENTATION('',(#10238),#10242);
#10238 = LINE('',#10239,#10240);
#10239 = CARTESIAN_POINT('',(-2.22044604925E-16,0.));
#10240 = VECTOR('',#10241,1.);
#10241 = DIRECTION('',(0.,1.));
#10242 = ( GEOMETRIC_REPRESENTATION_CONTEXT(2) 
PARAMETRIC_REPRESENTATION_CONTEXT() REPRESENTATION_CONTEXT('2D SPACE',''
  ) );
#10243 = PCURVE('',#7809,#10244);
#10244 = DEFINITIONAL_REPRESENTATION('',(#10245),#10249);
#10245 = LINE('',#10246,#10247);
#10246 = CARTESIAN_POINT('',(-0.,10.));
#10247 = VECTOR('',#10248,1.);
#10248 = DIRECTION('',(-1.,0.));
#10249 = ( GEOMETRIC_REPRESENTATION_CONTEXT(2) 
PARAMETRIC_REPRESENTATION_CONTEXT() REPRESENTATION_CONTEXT('2D SPACE',''
  ) );
#10250 = ORIENTED_EDGE('',*,*,#7661,.T.);
#10251 = ORIENTED_EDGE('',*,*,#9220,.T.);
#10252 = ORIENTED_EDGE('',*,*,#10253,.F.);
#10253 = EDGE_CURVE('',#10228,#9221,#10254,.T.);
#10254 = SURFACE_CURVE('',#10255,(#10260,#10267),.PCURVE_S1.);
#10255 = CIRCLE('',#10256,3.8);
#10256 = AXIS2_PLACEMENT_3D('',#10257,#10258,#10259);
#10257 = CARTESIAN_POINT('',(-5.,4.,0.));
#10258 = DIRECTION('',(-0.,0.,-1.));
#10259 = DIRECTION('',(-2.22044604925E-16,-1.,0.));
#10260 = PCURVE('',#7678,#10261);
#10261 = DEFINITIONAL_REPRESENTATION('',(#10262),#10266);
#10262 = LINE('',#10263,#10264);
#10263 = CARTESIAN_POINT('',(0.,1.570796326795));
#10264 = VECTOR('',#10265,1.);
#10265 = DIRECTION('',(1.,0.));
#10266 = ( GEOMETRIC_REPRESENTATION_CONTEXT(2) 
PARAMETRIC_REPRESENTATION_CONTEXT() REPRESENTATION_CONTEXT('2D SPACE',''
  ) );
#10267 = PCURVE('',#7896,#10268);
#10268 = DEFINITIONAL_REPRESENTATION('',(#10269),#10277);
#10269 = ( BOUNDED_CURVE() B_SPLINE_CURVE(2,(#10270,#10271,#10272,#10273
    ,#10274,#10275,#10276),.UNSPECIFIED.,.T.,.F.) 
B_SPLINE_CURVE_WITH_KNOTS((1,2,2,2,2,1),(-2.094395102393,0.,
    2.094395102393,4.188790204786,6.28318530718,8.377580409573),
.UNSPECIFIED.) CURVE() GEOMETRIC_REPRESENTATION_ITEM() 
RATIONAL_B_SPLINE_CURVE((1.,0.5,1.,0.5,1.,0.5,1.)) REPRESENTATION_ITEM(
  '') );
#10270 = CARTESIAN_POINT('',(4.,0.2));
#10271 = CARTESIAN_POINT('',(-2.581793068762,0.2));
#10272 = CARTESIAN_POINT('',(0.709103465619,5.9));
#10273 = CARTESIAN_POINT('',(4.,11.6));
#10274 = CARTESIAN_POINT('',(7.290896534381,5.9));
#10275 = CARTESIAN_POINT('',(10.581793068762,0.2));
#10276 = CARTESIAN_POINT('',(4.,0.2));
#10277 = ( GEOMETRIC_REPRESENTATION_CONTEXT(2) 
PARAMETRIC_REPRESENTATION_CONTEXT() REPRESENTATION_CONTEXT('2D SPACE',''
  ) );
#10278 = ADVANCED_FACE('',(#10279),#7809,.T.);
#10279 = FACE_BOUND('',#10280,.F.);
#10280 = EDGE_LOOP('',(#10281,#10305,#10326,#10327));
#10281 = ORIENTED_EDGE('',*,*,#10282,.T.);
#10282 = EDGE_CURVE('',#7773,#10283,#10285,.T.);
#10283 = VERTEX_POINT('',#10284);
#10284 = CARTESIAN_POINT('',(5.,0.2,0.));
#10285 = SURFACE_CURVE('',#10286,(#10291,#10298),.PCURVE_S1.);
#10286 = CIRCLE('',#10287,0.2);
#10287 = AXIS2_PLACEMENT_3D('',#10288,#10289,#10290);
#10288 = CARTESIAN_POINT('',(5.,0.2,0.2));
#10289 = DIRECTION('',(1.,6.123233995737E-17,0.));
#10290 = DIRECTION('',(6.123233995737E-17,-1.,0.));
#10291 = PCURVE('',#7809,#10292);
#10292 = DEFINITIONAL_REPRESENTATION('',(#10293),#10297);
#10293 = LINE('',#10294,#10295);
#10294 = CARTESIAN_POINT('',(-0.,0.));
#10295 = VECTOR('',#10296,1.);
#10296 = DIRECTION('',(-1.,0.));
#10297 = ( GEOMETRIC_REPRESENTATION_CONTEXT(2) 
PARAMETRIC_REPRESENTATION_CONTEXT() REPRESENTATION_CONTEXT('2D SPACE',''
  ) );
#10298 = PCURVE('',#7840,#10299);
#10299 = DEFINITIONAL_REPRESENTATION('',(#10300),#10304);
#10300 = LINE('',#10301,#10302);
#10301 = CARTESIAN_POINT('',(1.570796326795,0.));
#10302 = VECTOR('',#10303,1.);
#10303 = DIRECTION('',(0.,1.));
#10304 = ( GEOMETRIC_REPRESENTATION_CONTEXT(2) 
PARAMETRIC_REPRESENTATION_CONTEXT() REPRESENTATION_CONTEXT('2D SPACE',''
  ) );
#10305 = ORIENTED_EDGE('',*,*,#10306,.T.);
#10306 = EDGE_CURVE('',#10283,#10228,#10307,.T.);
#10307 = SURFACE_CURVE('',#10308,(#10312,#10319),.PCURVE_S1.);
#10308 = LINE('',#10309,#10310);
#10309 = CARTESIAN_POINT('',(5.,0.2,-2.775557561563E-17));
#10310 = VECTOR('',#10311,1.);
#10311 = DIRECTION('',(-1.,-0.,-0.));
#10312 = PCURVE('',#7809,#10313);
#10313 = DEFINITIONAL_REPRESENTATION('',(#10314),#10318);
#10314 = LINE('',#10315,#10316);
#10315 = CARTESIAN_POINT('',(-1.570796326795,0.));
#10316 = VECTOR('',#10317,1.);
#10317 = DIRECTION('',(-0.,1.));
#10318 = ( GEOMETRIC_REPRESENTATION_CONTEXT(2) 
PARAMETRIC_REPRESENTATION_CONTEXT() REPRESENTATION_CONTEXT('2D SPACE',''
  ) );
#10319 = PCURVE('',#7896,#10320);
#10320 = DEFINITIONAL_REPRESENTATION('',(#10321),#10325);
#10321 = LINE('',#10322,#10323);
#10322 = CARTESIAN_POINT('',(14.,0.2));
#10323 = VECTOR('',#10324,1.);
#10324 = DIRECTION('',(-1.,0.));
#10325 = ( GEOMETRIC_REPRESENTATION_CONTEXT(2) 
PARAMETRIC_REPRESENTATION_CONTEXT() REPRESENTATION_CONTEXT('2D SPACE',''
  ) );
#10326 = ORIENTED_EDGE('',*,*,#10227,.F.);
#10327 = ORIENTED_EDGE('',*,*,#7795,.F.);
#10328 = ADVANCED_FACE('',(#10329),#7840,.T.);
#10329 = FACE_BOUND('',#10330,.T.);
#10330 = EDGE_LOOP('',(#10331,#10332,#10333,#10334));
#10331 = ORIENTED_EDGE('',*,*,#10125,.F.);
#10332 = ORIENTED_EDGE('',*,*,#7825,.T.);
#10333 = ORIENTED_EDGE('',*,*,#10282,.T.);
#10334 = ORIENTED_EDGE('',*,*,#10335,.F.);
#10335 = EDGE_CURVE('',#10103,#10283,#10336,.T.);
#10336 = SURFACE_CURVE('',#10337,(#10342,#10349),.PCURVE_S1.);
#10337 = CIRCLE('',#10338,3.8);
#10338 = AXIS2_PLACEMENT_3D('',#10339,#10340,#10341);
#10339 = CARTESIAN_POINT('',(5.,4.,0.));
#10340 = DIRECTION('',(0.,-0.,-1.));
#10341 = DIRECTION('',(1.,0.,-0.));
#10342 = PCURVE('',#7840,#10343);
#10343 = DEFINITIONAL_REPRESENTATION('',(#10344),#10348);
#10344 = LINE('',#10345,#10346);
#10345 = CARTESIAN_POINT('',(0.,1.570796326795));
#10346 = VECTOR('',#10347,1.);
#10347 = DIRECTION('',(1.,0.));
#10348 = ( GEOMETRIC_REPRESENTATION_CONTEXT(2) 
PARAMETRIC_REPRESENTATION_CONTEXT() REPRESENTATION_CONTEXT('2D SPACE',''
  ) );
#10349 = PCURVE('',#7896,#10350);
#10350 = DEFINITIONAL_REPRESENTATION('',(#10351),#10359);
#10351 = ( BOUNDED_CURVE() B_SPLINE_CURVE(2,(#10352,#10353,#10354,#10355
    ,#10356,#10357,#10358),.UNSPECIFIED.,.T.,.F.) 
B_SPLINE_CURVE_WITH_KNOTS((1,2,2,2,2,1),(-2.094395102393,0.,
    2.094395102393,4.188790204786,6.28318530718,8.377580409573),
.UNSPECIFIED.) CURVE() GEOMETRIC_REPRESENTATION_ITEM() 
RATIONAL_B_SPLINE_CURVE((1.,0.5,1.,0.5,1.,0.5,1.)) REPRESENTATION_ITEM(
  '') );
#10352 = CARTESIAN_POINT('',(17.8,4.));
#10353 = CARTESIAN_POINT('',(17.8,-2.581793068762));
#10354 = CARTESIAN_POINT('',(12.1,0.709103465619));
#10355 = CARTESIAN_POINT('',(6.4,4.));
#10356 = CARTESIAN_POINT('',(12.1,7.290896534381));
#10357 = CARTESIAN_POINT('',(17.8,10.581793068762));
#10358 = CARTESIAN_POINT('',(17.8,4.));
#10359 = ( GEOMETRIC_REPRESENTATION_CONTEXT(2) 
PARAMETRIC_REPRESENTATION_CONTEXT() REPRESENTATION_CONTEXT('2D SPACE',''
  ) );
#10360 = ADVANCED_FACE('',(#10361,#10475,#10478,#10504,#10530),#7896,.F.
  );
#10361 = FACE_BOUND('',#10362,.F.);
#10362 = EDGE_LOOP('',(#10363,#10364,#10365,#10366,#10367,#10368,#10369,
    #10391,#10392,#10393,#10421,#10449));
#10363 = ORIENTED_EDGE('',*,*,#9244,.F.);
#10364 = ORIENTED_EDGE('',*,*,#10253,.F.);
#10365 = ORIENTED_EDGE('',*,*,#10306,.F.);
#10366 = ORIENTED_EDGE('',*,*,#10335,.F.);
#10367 = ORIENTED_EDGE('',*,*,#10102,.F.);
#10368 = ORIENTED_EDGE('',*,*,#10025,.F.);
#10369 = ORIENTED_EDGE('',*,*,#10370,.F.);
#10370 = EDGE_CURVE('',#9877,#10026,#10371,.T.);
#10371 = SURFACE_CURVE('',#10372,(#10377,#10384),.PCURVE_S1.);
#10372 = CIRCLE('',#10373,6.25);
#10373 = AXIS2_PLACEMENT_3D('',#10374,#10375,#10376);
#10374 = CARTESIAN_POINT('',(0.,20.,0.));
#10375 = DIRECTION('',(0.,0.,1.));
#10376 = DIRECTION('',(1.,0.,-0.));
#10377 = PCURVE('',#7896,#10378);
#10378 = DEFINITIONAL_REPRESENTATION('',(#10379),#10383);
#10379 = CIRCLE('',#10380,6.25);
#10380 = AXIS2_PLACEMENT_2D('',#10381,#10382);
#10381 = CARTESIAN_POINT('',(9.,20.));
#10382 = DIRECTION('',(1.,0.));
#10383 = ( GEOMETRIC_REPRESENTATION_CONTEXT(2) 
PARAMETRIC_REPRESENTATION_CONTEXT() REPRESENTATION_CONTEXT('2D SPACE',''
  ) );
#10384 = PCURVE('',#9914,#10385);
#10385 = DEFINITIONAL_REPRESENTATION('',(#10386),#10390);
#10386 = LINE('',#10387,#10388);
#10387 = CARTESIAN_POINT('',(0.,0.));
#10388 = VECTOR('',#10389,1.);
#10389 = DIRECTION('',(1.,0.));
#10390 = ( GEOMETRIC_REPRESENTATION_CONTEXT(2) 
PARAMETRIC_REPRESENTATION_CONTEXT() REPRESENTATION_CONTEXT('2D SPACE',''
  ) );
#10391 = ORIENTED_EDGE('',*,*,#9876,.T.);
#10392 = ORIENTED_EDGE('',*,*,#9824,.F.);
#10393 = ORIENTED_EDGE('',*,*,#10394,.F.);
#10394 = EDGE_CURVE('',#10395,#9801,#10397,.T.);
#10395 = VERTEX_POINT('',#10396);
#10396 = CARTESIAN_POINT('',(5.,97.8,-2.775557561563E-17));
#10397 = SURFACE_CURVE('',#10398,(#10403,#10414),.PCURVE_S1.);
#10398 = CIRCLE('',#10399,3.8);
#10399 = AXIS2_PLACEMENT_3D('',#10400,#10401,#10402);
#10400 = CARTESIAN_POINT('',(5.,94.,0.));
#10401 = DIRECTION('',(0.,-0.,-1.));
#10402 = DIRECTION('',(4.440892098501E-16,1.,-0.));
#10403 = PCURVE('',#7896,#10404);
#10404 = DEFINITIONAL_REPRESENTATION('',(#10405),#10413);
#10405 = ( BOUNDED_CURVE() B_SPLINE_CURVE(2,(#10406,#10407,#10408,#10409
    ,#10410,#10411,#10412),.UNSPECIFIED.,.T.,.F.) 
B_SPLINE_CURVE_WITH_KNOTS((1,2,2,2,2,1),(-2.094395102393,0.,
    2.094395102393,4.188790204786,6.28318530718,8.377580409573),
.UNSPECIFIED.) CURVE() GEOMETRIC_REPRESENTATION_ITEM() 
RATIONAL_B_SPLINE_CURVE((1.,0.5,1.,0.5,1.,0.5,1.)) REPRESENTATION_ITEM(
  '') );
#10406 = CARTESIAN_POINT('',(14.,97.8));
#10407 = CARTESIAN_POINT('',(20.581793068762,97.8));
#10408 = CARTESIAN_POINT('',(17.290896534381,92.1));
#10409 = CARTESIAN_POINT('',(14.,86.4));
#10410 = CARTESIAN_POINT('',(10.709103465619,92.1));
#10411 = CARTESIAN_POINT('',(7.418206931238,97.8));
#10412 = CARTESIAN_POINT('',(14.,97.8));
#10413 = ( GEOMETRIC_REPRESENTATION_CONTEXT(2) 
PARAMETRIC_REPRESENTATION_CONTEXT() REPRESENTATION_CONTEXT('2D SPACE',''
  ) );
#10414 = PCURVE('',#9740,#10415);
#10415 = DEFINITIONAL_REPRESENTATION('',(#10416),#10420);
#10416 = LINE('',#10417,#10418);
#10417 = CARTESIAN_POINT('',(0.,1.570796326795));
#10418 = VECTOR('',#10419,1.);
#10419 = DIRECTION('',(1.,0.));
#10420 = ( GEOMETRIC_REPRESENTATION_CONTEXT(2) 
PARAMETRIC_REPRESENTATION_CONTEXT() REPRESENTATION_CONTEXT('2D SPACE',''
  ) );
#10421 = ORIENTED_EDGE('',*,*,#10422,.F.);
#10422 = EDGE_CURVE('',#10423,#10395,#10425,.T.);
#10423 = VERTEX_POINT('',#10424);
#10424 = CARTESIAN_POINT('',(-5.,97.8,0.));
#10425 = SURFACE_CURVE('',#10426,(#10430,#10437),.PCURVE_S1.);
#10426 = LINE('',#10427,#10428);
#10427 = CARTESIAN_POINT('',(-5.,97.8,-2.775557561563E-17));
#10428 = VECTOR('',#10429,1.);
#10429 = DIRECTION('',(1.,0.,0.));
#10430 = PCURVE('',#7896,#10431);
#10431 = DEFINITIONAL_REPRESENTATION('',(#10432),#10436);
#10432 = LINE('',#10433,#10434);
#10433 = CARTESIAN_POINT('',(4.,97.8));
#10434 = VECTOR('',#10435,1.);
#10435 = DIRECTION('',(1.,0.));
#10436 = ( GEOMETRIC_REPRESENTATION_CONTEXT(2) 
PARAMETRIC_REPRESENTATION_CONTEXT() REPRESENTATION_CONTEXT('2D SPACE',''
  ) );
#10437 = PCURVE('',#10438,#10443);
#10438 = CYLINDRICAL_SURFACE('',#10439,0.2);
#10439 = AXIS2_PLACEMENT_3D('',#10440,#10441,#10442);
#10440 = CARTESIAN_POINT('',(-5.,97.8,0.2));
#10441 = DIRECTION('',(1.,0.,0.));
#10442 = DIRECTION('',(-0.,1.,0.));
#10443 = DEFINITIONAL_REPRESENTATION('',(#10444),#10448);
#10444 = LINE('',#10445,#10446);
#10445 = CARTESIAN_POINT('',(-1.570796326795,0.));
#10446 = VECTOR('',#10447,1.);
#10447 = DIRECTION('',(-0.,1.));
#10448 = ( GEOMETRIC_REPRESENTATION_CONTEXT(2) 
PARAMETRIC_REPRESENTATION_CONTEXT() REPRESENTATION_CONTEXT('2D SPACE',''
  ) );
#10449 = ORIENTED_EDGE('',*,*,#10450,.F.);
#10450 = EDGE_CURVE('',#9245,#10423,#10451,.T.);
#10451 = SURFACE_CURVE('',#10452,(#10457,#10468),.PCURVE_S1.);
#10452 = CIRCLE('',#10453,3.8);
#10453 = AXIS2_PLACEMENT_3D('',#10454,#10455,#10456);
#10454 = CARTESIAN_POINT('',(-5.,94.,0.));
#10455 = DIRECTION('',(-0.,0.,-1.));
#10456 = DIRECTION('',(-1.,0.,0.));
#10457 = PCURVE('',#7896,#10458);
#10458 = DEFINITIONAL_REPRESENTATION('',(#10459),#10467);
#10459 = ( BOUNDED_CURVE() B_SPLINE_CURVE(2,(#10460,#10461,#10462,#10463
    ,#10464,#10465,#10466),.UNSPECIFIED.,.T.,.F.) 
B_SPLINE_CURVE_WITH_KNOTS((1,2,2,2,2,1),(-2.094395102393,0.,
    2.094395102393,4.188790204786,6.28318530718,8.377580409573),
.UNSPECIFIED.) CURVE() GEOMETRIC_REPRESENTATION_ITEM() 
RATIONAL_B_SPLINE_CURVE((1.,0.5,1.,0.5,1.,0.5,1.)) REPRESENTATION_ITEM(
  '') );
#10460 = CARTESIAN_POINT('',(0.2,94.));
#10461 = CARTESIAN_POINT('',(0.2,100.58179306876));
#10462 = CARTESIAN_POINT('',(5.9,97.290896534381));
#10463 = CARTESIAN_POINT('',(11.6,94.));
#10464 = CARTESIAN_POINT('',(5.9,90.709103465619));
#10465 = CARTESIAN_POINT('',(0.2,87.418206931238));
#10466 = CARTESIAN_POINT('',(0.2,94.));
#10467 = ( GEOMETRIC_REPRESENTATION_CONTEXT(2) 
PARAMETRIC_REPRESENTATION_CONTEXT() REPRESENTATION_CONTEXT('2D SPACE',''
  ) );
#10468 = PCURVE('',#9156,#10469);
#10469 = DEFINITIONAL_REPRESENTATION('',(#10470),#10474);
#10470 = LINE('',#10471,#10472);
#10471 = CARTESIAN_POINT('',(0.,1.570796326795));
#10472 = VECTOR('',#10473,1.);
#10473 = DIRECTION('',(1.,0.));
#10474 = ( GEOMETRIC_REPRESENTATION_CONTEXT(2) 
PARAMETRIC_REPRESENTATION_CONTEXT() REPRESENTATION_CONTEXT('2D SPACE',''
  ) );
#10475 = FACE_BOUND('',#10476,.F.);
#10476 = EDGE_LOOP('',(#10477));
#10477 = ORIENTED_EDGE('',*,*,#7881,.F.);
#10478 = FACE_BOUND('',#10479,.F.);
#10479 = EDGE_LOOP('',(#10480));
#10480 = ORIENTED_EDGE('',*,*,#10481,.F.);
#10481 = EDGE_CURVE('',#10482,#10482,#10484,.T.);
#10482 = VERTEX_POINT('',#10483);
#10483 = CARTESIAN_POINT('',(-4.75,54.,0.));
#10484 = SURFACE_CURVE('',#10485,(#10490,#10497),.PCURVE_S1.);
#10485 = CIRCLE('',#10486,1.25);
#10486 = AXIS2_PLACEMENT_3D('',#10487,#10488,#10489);
#10487 = CARTESIAN_POINT('',(-6.,54.,0.));
#10488 = DIRECTION('',(0.,0.,1.));
#10489 = DIRECTION('',(1.,0.,-0.));
#10490 = PCURVE('',#7896,#10491);
#10491 = DEFINITIONAL_REPRESENTATION('',(#10492),#10496);
#10492 = CIRCLE('',#10493,1.25);
#10493 = AXIS2_PLACEMENT_2D('',#10494,#10495);
#10494 = CARTESIAN_POINT('',(3.,54.));
#10495 = DIRECTION('',(1.,0.));
#10496 = ( GEOMETRIC_REPRESENTATION_CONTEXT(2) 
PARAMETRIC_REPRESENTATION_CONTEXT() REPRESENTATION_CONTEXT('2D SPACE',''
  ) );
#10497 = PCURVE('',#9347,#10498);
#10498 = DEFINITIONAL_REPRESENTATION('',(#10499),#10503);
#10499 = LINE('',#10500,#10501);
#10500 = CARTESIAN_POINT('',(0.,0.));
#10501 = VECTOR('',#10502,1.);
#10502 = DIRECTION('',(1.,0.));
#10503 = ( GEOMETRIC_REPRESENTATION_CONTEXT(2) 
PARAMETRIC_REPRESENTATION_CONTEXT() REPRESENTATION_CONTEXT('2D SPACE',''
  ) );
#10504 = FACE_BOUND('',#10505,.F.);
#10505 = EDGE_LOOP('',(#10506));
#10506 = ORIENTED_EDGE('',*,*,#10507,.F.);
#10507 = EDGE_CURVE('',#10508,#10508,#10510,.T.);
#10508 = VERTEX_POINT('',#10509);
#10509 = CARTESIAN_POINT('',(7.25,54.,0.));
#10510 = SURFACE_CURVE('',#10511,(#10516,#10523),.PCURVE_S1.);
#10511 = CIRCLE('',#10512,1.25);
#10512 = AXIS2_PLACEMENT_3D('',#10513,#10514,#10515);
#10513 = CARTESIAN_POINT('',(6.,54.,0.));
#10514 = DIRECTION('',(0.,0.,1.));
#10515 = DIRECTION('',(1.,0.,-0.));
#10516 = PCURVE('',#7896,#10517);
#10517 = DEFINITIONAL_REPRESENTATION('',(#10518),#10522);
#10518 = CIRCLE('',#10519,1.25);
#10519 = AXIS2_PLACEMENT_2D('',#10520,#10521);
#10520 = CARTESIAN_POINT('',(15.,54.));
#10521 = DIRECTION('',(1.,0.));
#10522 = ( GEOMETRIC_REPRESENTATION_CONTEXT(2) 
PARAMETRIC_REPRESENTATION_CONTEXT() REPRESENTATION_CONTEXT('2D SPACE',''
  ) );
#10523 = PCURVE('',#10212,#10524);
#10524 = DEFINITIONAL_REPRESENTATION('',(#10525),#10529);
#10525 = LINE('',#10526,#10527);
#10526 = CARTESIAN_POINT('',(0.,0.));
#10527 = VECTOR('',#10528,1.);
#10528 = DIRECTION('',(1.,0.));
#10529 = ( GEOMETRIC_REPRESENTATION_CONTEXT(2) 
PARAMETRIC_REPRESENTATION_CONTEXT() REPRESENTATION_CONTEXT('2D SPACE',''
  ) );
#10530 = FACE_BOUND('',#10531,.F.);
#10531 = EDGE_LOOP('',(#10532));
#10532 = ORIENTED_EDGE('',*,*,#10533,.F.);
#10533 = EDGE_CURVE('',#10534,#10534,#10536,.T.);
#10534 = VERTEX_POINT('',#10535);
#10535 = CARTESIAN_POINT('',(1.9,93.,0.));
#10536 = SURFACE_CURVE('',#10537,(#10542,#10549),.PCURVE_S1.);
#10537 = CIRCLE('',#10538,1.9);
#10538 = AXIS2_PLACEMENT_3D('',#10539,#10540,#10541);
#10539 = CARTESIAN_POINT('',(0.,93.,0.));
#10540 = DIRECTION('',(0.,0.,1.));
#10541 = DIRECTION('',(1.,0.,-0.));
#10542 = PCURVE('',#7896,#10543);
#10543 = DEFINITIONAL_REPRESENTATION('',(#10544),#10548);
#10544 = CIRCLE('',#10545,1.9);
#10545 = AXIS2_PLACEMENT_2D('',#10546,#10547);
#10546 = CARTESIAN_POINT('',(9.,93.));
#10547 = DIRECTION('',(1.,0.));
#10548 = ( GEOMETRIC_REPRESENTATION_CONTEXT(2) 
PARAMETRIC_REPRESENTATION_CONTEXT() REPRESENTATION_CONTEXT('2D SPACE',''
  ) );
#10549 = PCURVE('',#10550,#10555);
#10550 = CYLINDRICAL_SURFACE('',#10551,1.9);
#10551 = AXIS2_PLACEMENT_3D('',#10552,#10553,#10554);
#10552 = CARTESIAN_POINT('',(0.,93.,0.));
#10553 = DIRECTION('',(0.,0.,1.));
#10554 = DIRECTION('',(1.,0.,-0.));
#10555 = DEFINITIONAL_REPRESENTATION('',(#10556),#10560);
#10556 = LINE('',#10557,#10558);
#10557 = CARTESIAN_POINT('',(0.,0.));
#10558 = VECTOR('',#10559,1.);
#10559 = DIRECTION('',(1.,0.));
#10560 = ( GEOMETRIC_REPRESENTATION_CONTEXT(2) 
PARAMETRIC_REPRESENTATION_CONTEXT() REPRESENTATION_CONTEXT('2D SPACE',''
  ) );
#10561 = ADVANCED_FACE('',(#10562),#5244,.T.);
#10562 = FACE_BOUND('',#10563,.T.);
#10563 = EDGE_LOOP('',(#10564,#10587,#10588,#10611));
#10564 = ORIENTED_EDGE('',*,*,#10565,.F.);
#10565 = EDGE_CURVE('',#5201,#10566,#10568,.T.);
#10566 = VERTEX_POINT('',#10567);
#10567 = CARTESIAN_POINT('',(-4.5,82.,2.));
#10568 = SURFACE_CURVE('',#10569,(#10573,#10580),.PCURVE_S1.);
#10569 = LINE('',#10570,#10571);
#10570 = CARTESIAN_POINT('',(-4.5,81.,2.));
#10571 = VECTOR('',#10572,1.);
#10572 = DIRECTION('',(0.,1.,0.));
#10573 = PCURVE('',#5244,#10574);
#10574 = DEFINITIONAL_REPRESENTATION('',(#10575),#10579);
#10575 = LINE('',#10576,#10577);
#10576 = CARTESIAN_POINT('',(0.,0.));
#10577 = VECTOR('',#10578,1.);
#10578 = DIRECTION('',(0.,1.));
#10579 = ( GEOMETRIC_REPRESENTATION_CONTEXT(2) 
PARAMETRIC_REPRESENTATION_CONTEXT() REPRESENTATION_CONTEXT('2D SPACE',''
  ) );
#10580 = PCURVE('',#5216,#10581);
#10581 = DEFINITIONAL_REPRESENTATION('',(#10582),#10586);
#10582 = LINE('',#10583,#10584);
#10583 = CARTESIAN_POINT('',(0.,0.));
#10584 = VECTOR('',#10585,1.);
#10585 = DIRECTION('',(0.,-1.));
#10586 = ( GEOMETRIC_REPRESENTATION_CONTEXT(2) 
PARAMETRIC_REPRESENTATION_CONTEXT() REPRESENTATION_CONTEXT('2D SPACE',''
  ) );
#10587 = ORIENTED_EDGE('',*,*,#5228,.T.);
#10588 = ORIENTED_EDGE('',*,*,#10589,.T.);
#10589 = EDGE_CURVE('',#5229,#10590,#10592,.T.);
#10590 = VERTEX_POINT('',#10591);
#10591 = CARTESIAN_POINT('',(4.5,82.,2.));
#10592 = SURFACE_CURVE('',#10593,(#10597,#10604),.PCURVE_S1.);
#10593 = LINE('',#10594,#10595);
#10594 = CARTESIAN_POINT('',(4.5,81.,2.));
#10595 = VECTOR('',#10596,1.);
#10596 = DIRECTION('',(0.,1.,0.));
#10597 = PCURVE('',#5244,#10598);
#10598 = DEFINITIONAL_REPRESENTATION('',(#10599),#10603);
#10599 = LINE('',#10600,#10601);
#10600 = CARTESIAN_POINT('',(9.,0.));
#10601 = VECTOR('',#10602,1.);
#10602 = DIRECTION('',(0.,1.));
#10603 = ( GEOMETRIC_REPRESENTATION_CONTEXT(2) 
PARAMETRIC_REPRESENTATION_CONTEXT() REPRESENTATION_CONTEXT('2D SPACE',''
  ) );
#10604 = PCURVE('',#5272,#10605);
#10605 = DEFINITIONAL_REPRESENTATION('',(#10606),#10610);
#10606 = LINE('',#10607,#10608);
#10607 = CARTESIAN_POINT('',(0.,0.));
#10608 = VECTOR('',#10609,1.);
#10609 = DIRECTION('',(0.,-1.));
#10610 = ( GEOMETRIC_REPRESENTATION_CONTEXT(2) 
PARAMETRIC_REPRESENTATION_CONTEXT() REPRESENTATION_CONTEXT('2D SPACE',''
  ) );
#10611 = ORIENTED_EDGE('',*,*,#10612,.F.);
#10612 = EDGE_CURVE('',#10566,#10590,#10613,.T.);
#10613 = SURFACE_CURVE('',#10614,(#10618,#10625),.PCURVE_S1.);
#10614 = LINE('',#10615,#10616);
#10615 = CARTESIAN_POINT('',(-4.5,82.,2.));
#10616 = VECTOR('',#10617,1.);
#10617 = DIRECTION('',(1.,0.,0.));
#10618 = PCURVE('',#5244,#10619);
#10619 = DEFINITIONAL_REPRESENTATION('',(#10620),#10624);
#10620 = LINE('',#10621,#10622);
#10621 = CARTESIAN_POINT('',(0.,1.));
#10622 = VECTOR('',#10623,1.);
#10623 = DIRECTION('',(1.,0.));
#10624 = ( GEOMETRIC_REPRESENTATION_CONTEXT(2) 
PARAMETRIC_REPRESENTATION_CONTEXT() REPRESENTATION_CONTEXT('2D SPACE',''
  ) );
#10625 = PCURVE('',#10626,#10631);
#10626 = PLANE('',#10627);
#10627 = AXIS2_PLACEMENT_3D('',#10628,#10629,#10630);
#10628 = CARTESIAN_POINT('',(-4.5,82.,2.));
#10629 = DIRECTION('',(0.,1.,0.));
#10630 = DIRECTION('',(0.,0.,1.));
#10631 = DEFINITIONAL_REPRESENTATION('',(#10632),#10636);
#10632 = LINE('',#10633,#10634);
#10633 = CARTESIAN_POINT('',(0.,0.));
#10634 = VECTOR('',#10635,1.);
#10635 = DIRECTION('',(0.,1.));
#10636 = ( GEOMETRIC_REPRESENTATION_CONTEXT(2) 
PARAMETRIC_REPRESENTATION_CONTEXT() REPRESENTATION_CONTEXT('2D SPACE',''
  ) );
#10637 = ADVANCED_FACE('',(#10638),#5272,.F.);
#10638 = FACE_BOUND('',#10639,.F.);
#10639 = EDGE_LOOP('',(#10640,#10641,#10642,#10665,#10686));
#10640 = ORIENTED_EDGE('',*,*,#5256,.F.);
#10641 = ORIENTED_EDGE('',*,*,#10589,.T.);
#10642 = ORIENTED_EDGE('',*,*,#10643,.T.);
#10643 = EDGE_CURVE('',#10590,#10644,#10646,.T.);
#10644 = VERTEX_POINT('',#10645);
#10645 = CARTESIAN_POINT('',(4.5,82.,3.));
#10646 = SURFACE_CURVE('',#10647,(#10651,#10658),.PCURVE_S1.);
#10647 = LINE('',#10648,#10649);
#10648 = CARTESIAN_POINT('',(4.5,82.,2.));
#10649 = VECTOR('',#10650,1.);
#10650 = DIRECTION('',(0.,0.,1.));
#10651 = PCURVE('',#5272,#10652);
#10652 = DEFINITIONAL_REPRESENTATION('',(#10653),#10657);
#10653 = LINE('',#10654,#10655);
#10654 = CARTESIAN_POINT('',(0.,-1.));
#10655 = VECTOR('',#10656,1.);
#10656 = DIRECTION('',(1.,0.));
#10657 = ( GEOMETRIC_REPRESENTATION_CONTEXT(2) 
PARAMETRIC_REPRESENTATION_CONTEXT() REPRESENTATION_CONTEXT('2D SPACE',''
  ) );
#10658 = PCURVE('',#10626,#10659);
#10659 = DEFINITIONAL_REPRESENTATION('',(#10660),#10664);
#10660 = LINE('',#10661,#10662);
#10661 = CARTESIAN_POINT('',(0.,9.));
#10662 = VECTOR('',#10663,1.);
#10663 = DIRECTION('',(1.,0.));
#10664 = ( GEOMETRIC_REPRESENTATION_CONTEXT(2) 
PARAMETRIC_REPRESENTATION_CONTEXT() REPRESENTATION_CONTEXT('2D SPACE',''
  ) );
#10665 = ORIENTED_EDGE('',*,*,#10666,.F.);
#10666 = EDGE_CURVE('',#8361,#10644,#10667,.T.);
#10667 = SURFACE_CURVE('',#10668,(#10672,#10679),.PCURVE_S1.);
#10668 = LINE('',#10669,#10670);
#10669 = CARTESIAN_POINT('',(4.5,81.,3.));
#10670 = VECTOR('',#10671,1.);
#10671 = DIRECTION('',(0.,1.,0.));
#10672 = PCURVE('',#5272,#10673);
#10673 = DEFINITIONAL_REPRESENTATION('',(#10674),#10678);
#10674 = LINE('',#10675,#10676);
#10675 = CARTESIAN_POINT('',(1.,0.));
#10676 = VECTOR('',#10677,1.);
#10677 = DIRECTION('',(0.,-1.));
#10678 = ( GEOMETRIC_REPRESENTATION_CONTEXT(2) 
PARAMETRIC_REPRESENTATION_CONTEXT() REPRESENTATION_CONTEXT('2D SPACE',''
  ) );
#10679 = PCURVE('',#8188,#10680);
#10680 = DEFINITIONAL_REPRESENTATION('',(#10681),#10685);
#10681 = LINE('',#10682,#10683);
#10682 = CARTESIAN_POINT('',(13.5,81.));
#10683 = VECTOR('',#10684,1.);
#10684 = DIRECTION('',(0.,1.));
#10685 = ( GEOMETRIC_REPRESENTATION_CONTEXT(2) 
PARAMETRIC_REPRESENTATION_CONTEXT() REPRESENTATION_CONTEXT('2D SPACE',''
  ) );
#10686 = ORIENTED_EDGE('',*,*,#10687,.F.);
#10687 = EDGE_CURVE('',#5257,#8361,#10688,.T.);
#10688 = SURFACE_CURVE('',#10689,(#10693,#10700),.PCURVE_S1.);
#10689 = LINE('',#10690,#10691);
#10690 = CARTESIAN_POINT('',(4.5,81.,3.));
#10691 = VECTOR('',#10692,1.);
#10692 = DIRECTION('',(0.,1.,0.));
#10693 = PCURVE('',#5272,#10694);
#10694 = DEFINITIONAL_REPRESENTATION('',(#10695),#10699);
#10695 = LINE('',#10696,#10697);
#10696 = CARTESIAN_POINT('',(1.,0.));
#10697 = VECTOR('',#10698,1.);
#10698 = DIRECTION('',(0.,-1.));
#10699 = ( GEOMETRIC_REPRESENTATION_CONTEXT(2) 
PARAMETRIC_REPRESENTATION_CONTEXT() REPRESENTATION_CONTEXT('2D SPACE',''
  ) );
#10700 = PCURVE('',#5300,#10701);
#10701 = DEFINITIONAL_REPRESENTATION('',(#10702),#10706);
#10702 = LINE('',#10703,#10704);
#10703 = CARTESIAN_POINT('',(9.,0.));
#10704 = VECTOR('',#10705,1.);
#10705 = DIRECTION('',(0.,1.));
#10706 = ( GEOMETRIC_REPRESENTATION_CONTEXT(2) 
PARAMETRIC_REPRESENTATION_CONTEXT() REPRESENTATION_CONTEXT('2D SPACE',''
  ) );
#10707 = ADVANCED_FACE('',(#10708),#5188,.F.);
#10708 = FACE_BOUND('',#10709,.F.);
#10709 = EDGE_LOOP('',(#10710,#10731,#10732));
#10710 = ORIENTED_EDGE('',*,*,#10711,.F.);
#10711 = EDGE_CURVE('',#5173,#8172,#10712,.T.);
#10712 = SURFACE_CURVE('',#10713,(#10717,#10724),.PCURVE_S1.);
#10713 = LINE('',#10714,#10715);
#10714 = CARTESIAN_POINT('',(-4.5,81.,3.));
#10715 = VECTOR('',#10716,1.);
#10716 = DIRECTION('',(0.,1.,0.));
#10717 = PCURVE('',#5188,#10718);
#10718 = DEFINITIONAL_REPRESENTATION('',(#10719),#10723);
#10719 = LINE('',#10720,#10721);
#10720 = CARTESIAN_POINT('',(0.,0.));
#10721 = VECTOR('',#10722,1.);
#10722 = DIRECTION('',(0.,1.));
#10723 = ( GEOMETRIC_REPRESENTATION_CONTEXT(2) 
PARAMETRIC_REPRESENTATION_CONTEXT() REPRESENTATION_CONTEXT('2D SPACE',''
  ) );
#10724 = PCURVE('',#5216,#10725);
#10725 = DEFINITIONAL_REPRESENTATION('',(#10726),#10730);
#10726 = LINE('',#10727,#10728);
#10727 = CARTESIAN_POINT('',(1.,0.));
#10728 = VECTOR('',#10729,1.);
#10729 = DIRECTION('',(0.,-1.));
#10730 = ( GEOMETRIC_REPRESENTATION_CONTEXT(2) 
PARAMETRIC_REPRESENTATION_CONTEXT() REPRESENTATION_CONTEXT('2D SPACE',''
  ) );
#10731 = ORIENTED_EDGE('',*,*,#5172,.T.);
#10732 = ORIENTED_EDGE('',*,*,#8204,.T.);
#10733 = ADVANCED_FACE('',(#10734),#5300,.F.);
#10734 = FACE_BOUND('',#10735,.F.);
#10735 = EDGE_LOOP('',(#10736,#10737,#10738));
#10736 = ORIENTED_EDGE('',*,*,#8360,.T.);
#10737 = ORIENTED_EDGE('',*,*,#5284,.T.);
#10738 = ORIENTED_EDGE('',*,*,#10687,.T.);
#10739 = ADVANCED_FACE('',(#10740),#5216,.T.);
#10740 = FACE_BOUND('',#10741,.T.);
#10741 = EDGE_LOOP('',(#10742,#10743,#10744,#10767,#10788));
#10742 = ORIENTED_EDGE('',*,*,#5200,.F.);
#10743 = ORIENTED_EDGE('',*,*,#10565,.T.);
#10744 = ORIENTED_EDGE('',*,*,#10745,.T.);
#10745 = EDGE_CURVE('',#10566,#10746,#10748,.T.);
#10746 = VERTEX_POINT('',#10747);
#10747 = CARTESIAN_POINT('',(-4.5,82.,3.));
#10748 = SURFACE_CURVE('',#10749,(#10753,#10760),.PCURVE_S1.);
#10749 = LINE('',#10750,#10751);
#10750 = CARTESIAN_POINT('',(-4.5,82.,2.));
#10751 = VECTOR('',#10752,1.);
#10752 = DIRECTION('',(0.,0.,1.));
#10753 = PCURVE('',#5216,#10754);
#10754 = DEFINITIONAL_REPRESENTATION('',(#10755),#10759);
#10755 = LINE('',#10756,#10757);
#10756 = CARTESIAN_POINT('',(0.,-1.));
#10757 = VECTOR('',#10758,1.);
#10758 = DIRECTION('',(1.,0.));
#10759 = ( GEOMETRIC_REPRESENTATION_CONTEXT(2) 
PARAMETRIC_REPRESENTATION_CONTEXT() REPRESENTATION_CONTEXT('2D SPACE',''
  ) );
#10760 = PCURVE('',#10626,#10761);
#10761 = DEFINITIONAL_REPRESENTATION('',(#10762),#10766);
#10762 = LINE('',#10763,#10764);
#10763 = CARTESIAN_POINT('',(0.,0.));
#10764 = VECTOR('',#10765,1.);
#10765 = DIRECTION('',(1.,0.));
#10766 = ( GEOMETRIC_REPRESENTATION_CONTEXT(2) 
PARAMETRIC_REPRESENTATION_CONTEXT() REPRESENTATION_CONTEXT('2D SPACE',''
  ) );
#10767 = ORIENTED_EDGE('',*,*,#10768,.F.);
#10768 = EDGE_CURVE('',#8172,#10746,#10769,.T.);
#10769 = SURFACE_CURVE('',#10770,(#10774,#10781),.PCURVE_S1.);
#10770 = LINE('',#10771,#10772);
#10771 = CARTESIAN_POINT('',(-4.5,81.,3.));
#10772 = VECTOR('',#10773,1.);
#10773 = DIRECTION('',(0.,1.,0.));
#10774 = PCURVE('',#5216,#10775);
#10775 = DEFINITIONAL_REPRESENTATION('',(#10776),#10780);
#10776 = LINE('',#10777,#10778);
#10777 = CARTESIAN_POINT('',(1.,0.));
#10778 = VECTOR('',#10779,1.);
#10779 = DIRECTION('',(0.,-1.));
#10780 = ( GEOMETRIC_REPRESENTATION_CONTEXT(2) 
PARAMETRIC_REPRESENTATION_CONTEXT() REPRESENTATION_CONTEXT('2D SPACE',''
  ) );
#10781 = PCURVE('',#8188,#10782);
#10782 = DEFINITIONAL_REPRESENTATION('',(#10783),#10787);
#10783 = LINE('',#10784,#10785);
#10784 = CARTESIAN_POINT('',(4.5,81.));
#10785 = VECTOR('',#10786,1.);
#10786 = DIRECTION('',(0.,1.));
#10787 = ( GEOMETRIC_REPRESENTATION_CONTEXT(2) 
PARAMETRIC_REPRESENTATION_CONTEXT() REPRESENTATION_CONTEXT('2D SPACE',''
  ) );
#10788 = ORIENTED_EDGE('',*,*,#10711,.F.);
#10789 = ADVANCED_FACE('',(#10790),#8159,.T.);
#10790 = FACE_BOUND('',#10791,.T.);
#10791 = EDGE_LOOP('',(#10792,#10793,#10816,#11022));
#10792 = ORIENTED_EDGE('',*,*,#8143,.T.);
#10793 = ORIENTED_EDGE('',*,*,#10794,.T.);
#10794 = EDGE_CURVE('',#8144,#10795,#10797,.T.);
#10795 = VERTEX_POINT('',#10796);
#10796 = CARTESIAN_POINT('',(-6.,86.,3.));
#10797 = SURFACE_CURVE('',#10798,(#10802,#10809),.PCURVE_S1.);
#10798 = LINE('',#10799,#10800);
#10799 = CARTESIAN_POINT('',(-6.,81.,3.));
#10800 = VECTOR('',#10801,1.);
#10801 = DIRECTION('',(0.,1.,0.));
#10802 = PCURVE('',#8159,#10803);
#10803 = DEFINITIONAL_REPRESENTATION('',(#10804),#10808);
#10804 = LINE('',#10805,#10806);
#10805 = CARTESIAN_POINT('',(-5.1127727871,2.189923167318));
#10806 = VECTOR('',#10807,1.);
#10807 = DIRECTION('',(0.,-1.));
#10808 = ( GEOMETRIC_REPRESENTATION_CONTEXT(2) 
PARAMETRIC_REPRESENTATION_CONTEXT() REPRESENTATION_CONTEXT('2D SPACE',''
  ) );
#10809 = PCURVE('',#8188,#10810);
#10810 = DEFINITIONAL_REPRESENTATION('',(#10811),#10815);
#10811 = LINE('',#10812,#10813);
#10812 = CARTESIAN_POINT('',(3.,81.));
#10813 = VECTOR('',#10814,1.);
#10814 = DIRECTION('',(0.,1.));
#10815 = ( GEOMETRIC_REPRESENTATION_CONTEXT(2) 
PARAMETRIC_REPRESENTATION_CONTEXT() REPRESENTATION_CONTEXT('2D SPACE',''
  ) );
#10816 = ORIENTED_EDGE('',*,*,#10817,.F.);
#10817 = EDGE_CURVE('',#8471,#10795,#10818,.T.);
#10818 = SURFACE_CURVE('',#10819,(#10882,#10948),.PCURVE_S1.);
#10819 = B_SPLINE_CURVE_WITH_KNOTS('',7,(#10820,#10821,#10822,#10823,
    #10824,#10825,#10826,#10827,#10828,#10829,#10830,#10831,#10832,
    #10833,#10834,#10835,#10836,#10837,#10838,#10839,#10840,#10841,
    #10842,#10843,#10844,#10845,#10846,#10847,#10848,#10849,#10850,
    #10851,#10852,#10853,#10854,#10855,#10856,#10857,#10858,#10859,
    #10860,#10861,#10862,#10863,#10864,#10865,#10866,#10867,#10868,
    #10869,#10870,#10871,#10872,#10873,#10874,#10875,#10876,#10877,
    #10878,#10879,#10880,#10881),.UNSPECIFIED.,.F.,.F.,(8,6,6,6,6,6,6,6,
    6,6,8),(0.,9.163303887166E-02,0.21997112892,0.36102364061,
    0.449170791486,0.524224520704,0.572485518904,0.682877055146,
    0.825274754255,0.931103710629,1.),.UNSPECIFIED.);
#10820 = CARTESIAN_POINT('',(-6.,88.,5.));
#10821 = CARTESIAN_POINT('',(-6.,87.963803089904,5.));
#10822 = CARTESIAN_POINT('',(-6.,87.927660628896,4.995414227272));
#10823 = CARTESIAN_POINT('',(-6.,87.89212049914,4.986499975689));
#10824 = CARTESIAN_POINT('',(-6.,87.857486184391,4.973927768317));
#10825 = CARTESIAN_POINT('',(-6.,87.823915250668,4.958378694714));
#10826 = CARTESIAN_POINT('',(-6.,87.791443720369,4.940434741226));
#10827 = CARTESIAN_POINT('',(-6.,87.715961004176,4.892608892246));
#10828 = CARTESIAN_POINT('',(-6.,87.673972656015,4.860846511405));
#10829 = CARTESIAN_POINT('',(-6.,87.63371897782,4.826305400681));
#10830 = CARTESIAN_POINT('',(-6.,87.595000508262,4.789694753198));
#10831 = CARTESIAN_POINT('',(-6.,87.557614948904,4.751527719199));
#10832 = CARTESIAN_POINT('',(-6.,87.52135846363,4.712114775931));
#10833 = CARTESIAN_POINT('',(-6.,87.447138582454,4.627080612749));
#10834 = CARTESIAN_POINT('',(-6.,87.409432240635,4.581311894524));
#10835 = CARTESIAN_POINT('',(-6.,87.37265464761,4.534598306525));
#10836 = CARTESIAN_POINT('',(-6.,87.336646667687,4.48714890743));
#10837 = CARTESIAN_POINT('',(-6.,87.301279057631,4.439118485241));
#10838 = CARTESIAN_POINT('',(-6.,87.266433218768,4.390626243802));
#10839 = CARTESIAN_POINT('',(-6.,87.21048184273,4.31121647004));
#10840 = CARTESIAN_POINT('',(-6.,87.18912723986,4.280532705603));
#10841 = CARTESIAN_POINT('',(-6.,87.167911284306,4.249728735781));
#10842 = CARTESIAN_POINT('',(-6.,87.14681127382,4.218825586771));
#10843 = CARTESIAN_POINT('',(-6.,87.125806093713,4.187842227625));
#10844 = CARTESIAN_POINT('',(-6.,87.104875599576,4.156796100018));
#10845 = CARTESIAN_POINT('',(-6.,87.066225272374,4.099229684278));
#10846 = CARTESIAN_POINT('',(-6.,87.048490366807,4.072722352029));
#10847 = CARTESIAN_POINT('',(-6.,87.030783388472,4.046191678303));
#10848 = CARTESIAN_POINT('',(-6.,87.013092532514,4.019647572729));
#10849 = CARTESIAN_POINT('',(-6.,86.995406084056,3.993099827524));
#10850 = CARTESIAN_POINT('',(-6.,86.977712418194,3.966558117487));
#10851 = CARTESIAN_POINT('',(-6.,86.948610572833,3.922975193874));
#10852 = CARTESIAN_POINT('',(-6.,86.937213350925,3.905924901799));
#10853 = CARTESIAN_POINT('',(-6.,86.925805236366,3.888883704672));
#10854 = CARTESIAN_POINT('',(-6.,86.91438307715,3.871854255287));
#10855 = CARTESIAN_POINT('',(-6.,86.902943667169,3.854839278337));
#10856 = CARTESIAN_POINT('',(-6.,86.89148374622,3.837841570412));
#10857 = CARTESIAN_POINT('',(-6.,86.85373223857,3.782029741502));
#10858 = CARTESIAN_POINT('',(-6.,86.827340377929,3.743301602173));
#10859 = CARTESIAN_POINT('',(-6.,86.800783392209,3.704713438984));
#10860 = CARTESIAN_POINT('',(-6.,86.774019339315,3.666302698949));
#10861 = CARTESIAN_POINT('',(-6.,86.747002903151,3.628112596145));
#10862 = CARTESIAN_POINT('',(-6.,86.71968293585,3.590194288736));
#10863 = CARTESIAN_POINT('',(-6.,86.656290864102,3.504126619355));
#10864 = CARTESIAN_POINT('',(-6.,86.619992629726,3.456219991176));
#10865 = CARTESIAN_POINT('',(-6.,86.582961182892,3.408992839598));
#10866 = CARTESIAN_POINT('',(-6.,86.545040221975,3.362617924761));
#10867 = CARTESIAN_POINT('',(-6.,86.506063946478,3.31733241338));
#10868 = CARTESIAN_POINT('',(-6.,86.465823904655,3.273473093296));
#10869 = CARTESIAN_POINT('',(-6.,86.392916771768,3.200395649346));
#10870 = CARTESIAN_POINT('',(-6.,86.361006127656,3.170358399326));
#10871 = CARTESIAN_POINT('',(-6.,86.328096726012,3.141601043727));
#10872 = CARTESIAN_POINT('',(-6.,86.294047699329,3.114424990685));
#10873 = CARTESIAN_POINT('',(-6.,86.258745009459,3.089276720631));
#10874 = CARTESIAN_POINT('',(-6.,86.222092836306,3.066761987042));
#10875 = CARTESIAN_POINT('',(-6.,86.159200973694,3.035239579231));
#10876 = CARTESIAN_POINT('',(-6.,86.133803485457,3.024266237533));
#10877 = CARTESIAN_POINT('',(-6.,86.107820220538,3.014983639524));
#10878 = CARTESIAN_POINT('',(-6.,86.08130892786,3.007662597412));
#10879 = CARTESIAN_POINT('',(-6.,86.054376778293,3.00258793846));
#10880 = CARTESIAN_POINT('',(-6.,86.027191601307,3.));
#10881 = CARTESIAN_POINT('',(-6.,86.,3.));
#10882 = PCURVE('',#8159,#10883);
#10883 = DEFINITIONAL_REPRESENTATION('',(#10884),#10947);
#10884 = B_SPLINE_CURVE_WITH_KNOTS('',7,(#10885,#10886,#10887,#10888,
    #10889,#10890,#10891,#10892,#10893,#10894,#10895,#10896,#10897,
    #10898,#10899,#10900,#10901,#10902,#10903,#10904,#10905,#10906,
    #10907,#10908,#10909,#10910,#10911,#10912,#10913,#10914,#10915,
    #10916,#10917,#10918,#10919,#10920,#10921,#10922,#10923,#10924,
    #10925,#10926,#10927,#10928,#10929,#10930,#10931,#10932,#10933,
    #10934,#10935,#10936,#10937,#10938,#10939,#10940,#10941,#10942,
    #10943,#10944,#10945,#10946),.UNSPECIFIED.,.F.,.F.,(8,6,6,6,6,6,6,6,
    6,6,8),(0.,9.163303887166E-02,0.21997112892,0.36102364061,
    0.449170791486,0.524224520704,0.572485518904,0.682877055146,
    0.825274754255,0.931103710629,1.),.UNSPECIFIED.);
#10885 = CARTESIAN_POINT('',(-3.1127727871,-4.810076832682));
#10886 = CARTESIAN_POINT('',(-3.1127727871,-4.773879922586));
#10887 = CARTESIAN_POINT('',(-3.117358559828,-4.737737461578));
#10888 = CARTESIAN_POINT('',(-3.126272811411,-4.702197331822));
#10889 = CARTESIAN_POINT('',(-3.138845018784,-4.667563017073));
#10890 = CARTESIAN_POINT('',(-3.154394092386,-4.63399208335));
#10891 = CARTESIAN_POINT('',(-3.172338045874,-4.601520553052));
#10892 = CARTESIAN_POINT('',(-3.220163894855,-4.526037836858));
#10893 = CARTESIAN_POINT('',(-3.251926275695,-4.484049488697));
#10894 = CARTESIAN_POINT('',(-3.286467386419,-4.443795810502));
#10895 = CARTESIAN_POINT('',(-3.323078033902,-4.405077340944));
#10896 = CARTESIAN_POINT('',(-3.361245067902,-4.367691781587));
#10897 = CARTESIAN_POINT('',(-3.400658011169,-4.331435296312));
#10898 = CARTESIAN_POINT('',(-3.485692174352,-4.257215415136));
#10899 = CARTESIAN_POINT('',(-3.531460892576,-4.219509073317));
#10900 = CARTESIAN_POINT('',(-3.578174480575,-4.182731480292));
#10901 = CARTESIAN_POINT('',(-3.62562387967,-4.14672350037));
#10902 = CARTESIAN_POINT('',(-3.67365430186,-4.111355890313));
#10903 = CARTESIAN_POINT('',(-3.722146543298,-4.076510051451));
#10904 = CARTESIAN_POINT('',(-3.80155631706,-4.020558675412));
#10905 = CARTESIAN_POINT('',(-3.832240081498,-3.999204072542));
#10906 = CARTESIAN_POINT('',(-3.863044051319,-3.977988116988));
#10907 = CARTESIAN_POINT('',(-3.89394720033,-3.956888106502));
#10908 = CARTESIAN_POINT('',(-3.924930559475,-3.935882926395));
#10909 = CARTESIAN_POINT('',(-3.955976687082,-3.914952432258));
#10910 = CARTESIAN_POINT('',(-4.013543102823,-3.876302105056));
#10911 = CARTESIAN_POINT('',(-4.040050435071,-3.85856719949));
#10912 = CARTESIAN_POINT('',(-4.066581108798,-3.840860221154));
#10913 = CARTESIAN_POINT('',(-4.093125214371,-3.823169365197));
#10914 = CARTESIAN_POINT('',(-4.119672959576,-3.805482916738));
#10915 = CARTESIAN_POINT('',(-4.146214669614,-3.787789250876));
#10916 = CARTESIAN_POINT('',(-4.189797593226,-3.758687405515));
#10917 = CARTESIAN_POINT('',(-4.206847885301,-3.747290183607));
#10918 = CARTESIAN_POINT('',(-4.223889082428,-3.735882069048));
#10919 = CARTESIAN_POINT('',(-4.240918531813,-3.724459909832));
#10920 = CARTESIAN_POINT('',(-4.257933508763,-3.713020499852));
#10921 = CARTESIAN_POINT('',(-4.274931216688,-3.701560578903));
#10922 = CARTESIAN_POINT('',(-4.330743045598,-3.663809071252));
#10923 = CARTESIAN_POINT('',(-4.369471184928,-3.637417210611));
#10924 = CARTESIAN_POINT('',(-4.408059348116,-3.610860224891));
#10925 = CARTESIAN_POINT('',(-4.446470088151,-3.584096171997));
#10926 = CARTESIAN_POINT('',(-4.484660190956,-3.557079735833));
#10927 = CARTESIAN_POINT('',(-4.522578498365,-3.529759768533));
#10928 = CARTESIAN_POINT('',(-4.608646167746,-3.466367696784));
#10929 = CARTESIAN_POINT('',(-4.656552795925,-3.430069462408));
#10930 = CARTESIAN_POINT('',(-4.703779947502,-3.393038015574));
#10931 = CARTESIAN_POINT('',(-4.75015486234,-3.355117054658));
#10932 = CARTESIAN_POINT('',(-4.795440373721,-3.31614077916));
#10933 = CARTESIAN_POINT('',(-4.839299693804,-3.275900737338));
#10934 = CARTESIAN_POINT('',(-4.912377137754,-3.20299360445));
#10935 = CARTESIAN_POINT('',(-4.942414387775,-3.171082960338));
#10936 = CARTESIAN_POINT('',(-4.971171743374,-3.138173558694));
#10937 = CARTESIAN_POINT('',(-4.998347796415,-3.104124532011));
#10938 = CARTESIAN_POINT('',(-5.023496066469,-3.068821842142));
#10939 = CARTESIAN_POINT('',(-5.046010800058,-3.032169668989));
#10940 = CARTESIAN_POINT('',(-5.07753320787,-2.969277806376));
#10941 = CARTESIAN_POINT('',(-5.088506549568,-2.943880318139));
#10942 = CARTESIAN_POINT('',(-5.097789147577,-2.91789705322));
#10943 = CARTESIAN_POINT('',(-5.105110189688,-2.891385760542));
#10944 = CARTESIAN_POINT('',(-5.11018484864,-2.864453610975));
#10945 = CARTESIAN_POINT('',(-5.1127727871,-2.837268433989));
#10946 = CARTESIAN_POINT('',(-5.1127727871,-2.810076832682));
#10947 = ( GEOMETRIC_REPRESENTATION_CONTEXT(2) 
PARAMETRIC_REPRESENTATION_CONTEXT() REPRESENTATION_CONTEXT('2D SPACE',''
  ) );
#10948 = PCURVE('',#10949,#10957);
#10949 = SURFACE_OF_LINEAR_EXTRUSION('',#10950,#10955);
#10950 = B_SPLINE_CURVE_WITH_KNOTS('',3,(#10951,#10952,#10953,#10954),
  .UNSPECIFIED.,.F.,.F.,(4,4),(0.,1.),.PIECEWISE_BEZIER_KNOTS.);
#10951 = CARTESIAN_POINT('',(-9.,86.,3.));
#10952 = CARTESIAN_POINT('',(-9.,86.666666666667,3.));
#10953 = CARTESIAN_POINT('',(-9.,87.333333333333,5.));
#10954 = CARTESIAN_POINT('',(-9.,88.,5.));
#10955 = VECTOR('',#10956,1.);
#10956 = DIRECTION('',(-1.,-0.,-0.));
#10957 = DEFINITIONAL_REPRESENTATION('',(#10958),#11021);
#10958 = B_SPLINE_CURVE_WITH_KNOTS('',7,(#10959,#10960,#10961,#10962,
    #10963,#10964,#10965,#10966,#10967,#10968,#10969,#10970,#10971,
    #10972,#10973,#10974,#10975,#10976,#10977,#10978,#10979,#10980,
    #10981,#10982,#10983,#10984,#10985,#10986,#10987,#10988,#10989,
    #10990,#10991,#10992,#10993,#10994,#10995,#10996,#10997,#10998,
    #10999,#11000,#11001,#11002,#11003,#11004,#11005,#11006,#11007,
    #11008,#11009,#11010,#11011,#11012,#11013,#11014,#11015,#11016,
    #11017,#11018,#11019,#11020),.UNSPECIFIED.,.F.,.F.,(8,6,6,6,6,6,6,6,
    6,6,8),(0.,9.163303887166E-02,0.21997112892,0.36102364061,
    0.449170791486,0.524224520704,0.572485518904,0.682877055146,
    0.825274754255,0.931103710629,1.),.UNSPECIFIED.);
#10959 = CARTESIAN_POINT('',(1.,-3.));
#10960 = CARTESIAN_POINT('',(0.981901544952,-3.));
#10961 = CARTESIAN_POINT('',(0.963830314448,-3.));
#10962 = CARTESIAN_POINT('',(0.94606024957,-3.));
#10963 = CARTESIAN_POINT('',(0.928743092195,-3.));
#10964 = CARTESIAN_POINT('',(0.911957625334,-3.));
#10965 = CARTESIAN_POINT('',(0.895721860185,-3.));
#10966 = CARTESIAN_POINT('',(0.857980502088,-3.));
#10967 = CARTESIAN_POINT('',(0.836986328007,-3.));
#10968 = CARTESIAN_POINT('',(0.81685948891,-3.));
#10969 = CARTESIAN_POINT('',(0.797500254131,-3.));
#10970 = CARTESIAN_POINT('',(0.778807474452,-3.));
#10971 = CARTESIAN_POINT('',(0.760679231815,-3.));
#10972 = CARTESIAN_POINT('',(0.723569291227,-3.));
#10973 = CARTESIAN_POINT('',(0.704716120317,-3.));
#10974 = CARTESIAN_POINT('',(0.686327323805,-3.));
#10975 = CARTESIAN_POINT('',(0.668323333844,-3.));
#10976 = CARTESIAN_POINT('',(0.650639528815,-3.));
#10977 = CARTESIAN_POINT('',(0.633216609384,-3.));
#10978 = CARTESIAN_POINT('',(0.605240921365,-3.));
#10979 = CARTESIAN_POINT('',(0.59456361993,-3.));
#10980 = CARTESIAN_POINT('',(0.583955642153,-3.));
#10981 = CARTESIAN_POINT('',(0.57340563691,-3.));
#10982 = CARTESIAN_POINT('',(0.562903046857,-3.));
#10983 = CARTESIAN_POINT('',(0.552437799788,-3.));
#10984 = CARTESIAN_POINT('',(0.533112636187,-3.));
#10985 = CARTESIAN_POINT('',(0.524245183404,-3.));
#10986 = CARTESIAN_POINT('',(0.515391694236,-3.));
#10987 = CARTESIAN_POINT('',(0.506546266257,-3.));
#10988 = CARTESIAN_POINT('',(0.497703042028,-3.));
#10989 = CARTESIAN_POINT('',(0.488856209097,-3.));
#10990 = CARTESIAN_POINT('',(0.474305286416,-3.));
#10991 = CARTESIAN_POINT('',(0.468606675462,-3.));
#10992 = CARTESIAN_POINT('',(0.462902618183,-3.));
#10993 = CARTESIAN_POINT('',(0.457191538575,-3.));
#10994 = CARTESIAN_POINT('',(0.451471833585,-3.));
#10995 = CARTESIAN_POINT('',(0.44574187311,-3.));
#10996 = CARTESIAN_POINT('',(0.426866119285,-3.));
#10997 = CARTESIAN_POINT('',(0.413670188965,-3.));
#10998 = CARTESIAN_POINT('',(0.400391696105,-3.));
#10999 = CARTESIAN_POINT('',(0.387009669657,-3.));
#11000 = CARTESIAN_POINT('',(0.373501451576,-3.));
#11001 = CARTESIAN_POINT('',(0.359841467925,-3.));
#11002 = CARTESIAN_POINT('',(0.328145432051,-3.));
#11003 = CARTESIAN_POINT('',(0.309996314863,-3.));
#11004 = CARTESIAN_POINT('',(0.291480591446,-3.));
#11005 = CARTESIAN_POINT('',(0.272520110988,-3.));
#11006 = CARTESIAN_POINT('',(0.253031973239,-3.));
#11007 = CARTESIAN_POINT('',(0.232911952328,-3.));
#11008 = CARTESIAN_POINT('',(0.196458385884,-3.));
#11009 = CARTESIAN_POINT('',(0.180503063828,-3.));
#11010 = CARTESIAN_POINT('',(0.164048363006,-3.));
#11011 = CARTESIAN_POINT('',(0.147023849664,-3.));
#11012 = CARTESIAN_POINT('',(0.12937250473,-3.));
#11013 = CARTESIAN_POINT('',(0.111046418153,-3.));
#11014 = CARTESIAN_POINT('',(7.960048684679E-02,-3.));
#11015 = CARTESIAN_POINT('',(6.690174272825E-02,-3.));
#11016 = CARTESIAN_POINT('',(5.391011026904E-02,-3.));
#11017 = CARTESIAN_POINT('',(4.065446393002E-02,-3.));
#11018 = CARTESIAN_POINT('',(2.718838914643E-02,-3.));
#11019 = CARTESIAN_POINT('',(1.359580065356E-02,-3.));
#11020 = CARTESIAN_POINT('',(0.,-3.));
#11021 = ( GEOMETRIC_REPRESENTATION_CONTEXT(2) 
PARAMETRIC_REPRESENTATION_CONTEXT() REPRESENTATION_CONTEXT('2D SPACE',''
  ) );
#11022 = ORIENTED_EDGE('',*,*,#8498,.T.);
#11023 = ADVANCED_FACE('',(#11024),#8188,.T.);
#11024 = FACE_BOUND('',#11025,.T.);
#11025 = EDGE_LOOP('',(#11026,#11027,#11050,#11071,#11072,#11073,#11074,
    #11095));
#11026 = ORIENTED_EDGE('',*,*,#8388,.F.);
#11027 = ORIENTED_EDGE('',*,*,#11028,.T.);
#11028 = EDGE_CURVE('',#8389,#11029,#11031,.T.);
#11029 = VERTEX_POINT('',#11030);
#11030 = CARTESIAN_POINT('',(6.,86.,3.));
#11031 = SURFACE_CURVE('',#11032,(#11036,#11043),.PCURVE_S1.);
#11032 = LINE('',#11033,#11034);
#11033 = CARTESIAN_POINT('',(6.,81.,3.));
#11034 = VECTOR('',#11035,1.);
#11035 = DIRECTION('',(0.,1.,0.));
#11036 = PCURVE('',#8188,#11037);
#11037 = DEFINITIONAL_REPRESENTATION('',(#11038),#11042);
#11038 = LINE('',#11039,#11040);
#11039 = CARTESIAN_POINT('',(15.,81.));
#11040 = VECTOR('',#11041,1.);
#11041 = DIRECTION('',(0.,1.));
#11042 = ( GEOMETRIC_REPRESENTATION_CONTEXT(2) 
PARAMETRIC_REPRESENTATION_CONTEXT() REPRESENTATION_CONTEXT('2D SPACE',''
  ) );
#11043 = PCURVE('',#8430,#11044);
#11044 = DEFINITIONAL_REPRESENTATION('',(#11045),#11049);
#11045 = LINE('',#11046,#11047);
#11046 = CARTESIAN_POINT('',(-5.1127727871,2.189923167318));
#11047 = VECTOR('',#11048,1.);
#11048 = DIRECTION('',(0.,-1.));
#11049 = ( GEOMETRIC_REPRESENTATION_CONTEXT(2) 
PARAMETRIC_REPRESENTATION_CONTEXT() REPRESENTATION_CONTEXT('2D SPACE',''
  ) );
#11050 = ORIENTED_EDGE('',*,*,#11051,.F.);
#11051 = EDGE_CURVE('',#10795,#11029,#11052,.T.);
#11052 = SURFACE_CURVE('',#11053,(#11057,#11064),.PCURVE_S1.);
#11053 = LINE('',#11054,#11055);
#11054 = CARTESIAN_POINT('',(-9.,86.,3.));
#11055 = VECTOR('',#11056,1.);
#11056 = DIRECTION('',(1.,0.,0.));
#11057 = PCURVE('',#8188,#11058);
#11058 = DEFINITIONAL_REPRESENTATION('',(#11059),#11063);
#11059 = LINE('',#11060,#11061);
#11060 = CARTESIAN_POINT('',(0.,86.));
#11061 = VECTOR('',#11062,1.);
#11062 = DIRECTION('',(1.,0.));
#11063 = ( GEOMETRIC_REPRESENTATION_CONTEXT(2) 
PARAMETRIC_REPRESENTATION_CONTEXT() REPRESENTATION_CONTEXT('2D SPACE',''
  ) );
#11064 = PCURVE('',#10949,#11065);
#11065 = DEFINITIONAL_REPRESENTATION('',(#11066),#11070);
#11066 = LINE('',#11067,#11068);
#11067 = CARTESIAN_POINT('',(0.,0.));
#11068 = VECTOR('',#11069,1.);
#11069 = DIRECTION('',(0.,-1.));
#11070 = ( GEOMETRIC_REPRESENTATION_CONTEXT(2) 
PARAMETRIC_REPRESENTATION_CONTEXT() REPRESENTATION_CONTEXT('2D SPACE',''
  ) );
#11071 = ORIENTED_EDGE('',*,*,#10794,.F.);
#11072 = ORIENTED_EDGE('',*,*,#8171,.F.);
#11073 = ORIENTED_EDGE('',*,*,#10768,.T.);
#11074 = ORIENTED_EDGE('',*,*,#11075,.T.);
#11075 = EDGE_CURVE('',#10746,#10644,#11076,.T.);
#11076 = SURFACE_CURVE('',#11077,(#11081,#11088),.PCURVE_S1.);
#11077 = LINE('',#11078,#11079);
#11078 = CARTESIAN_POINT('',(-4.5,82.,3.));
#11079 = VECTOR('',#11080,1.);
#11080 = DIRECTION('',(1.,0.,0.));
#11081 = PCURVE('',#8188,#11082);
#11082 = DEFINITIONAL_REPRESENTATION('',(#11083),#11087);
#11083 = LINE('',#11084,#11085);
#11084 = CARTESIAN_POINT('',(4.5,82.));
#11085 = VECTOR('',#11086,1.);
#11086 = DIRECTION('',(1.,0.));
#11087 = ( GEOMETRIC_REPRESENTATION_CONTEXT(2) 
PARAMETRIC_REPRESENTATION_CONTEXT() REPRESENTATION_CONTEXT('2D SPACE',''
  ) );
#11088 = PCURVE('',#10626,#11089);
#11089 = DEFINITIONAL_REPRESENTATION('',(#11090),#11094);
#11090 = LINE('',#11091,#11092);
#11091 = CARTESIAN_POINT('',(1.,0.));
#11092 = VECTOR('',#11093,1.);
#11093 = DIRECTION('',(0.,1.));
#11094 = ( GEOMETRIC_REPRESENTATION_CONTEXT(2) 
PARAMETRIC_REPRESENTATION_CONTEXT() REPRESENTATION_CONTEXT('2D SPACE',''
  ) );
#11095 = ORIENTED_EDGE('',*,*,#10666,.F.);
#11096 = ADVANCED_FACE('',(#11097),#8430,.F.);
#11097 = FACE_BOUND('',#11098,.F.);
#11098 = EDGE_LOOP('',(#11099,#11100,#11101,#11299));
#11099 = ORIENTED_EDGE('',*,*,#8416,.T.);
#11100 = ORIENTED_EDGE('',*,*,#11028,.T.);
#11101 = ORIENTED_EDGE('',*,*,#11102,.F.);
#11102 = EDGE_CURVE('',#8616,#11029,#11103,.T.);
#11103 = SURFACE_CURVE('',#11104,(#11167,#11233),.PCURVE_S1.);
#11104 = B_SPLINE_CURVE_WITH_KNOTS('',7,(#11105,#11106,#11107,#11108,
    #11109,#11110,#11111,#11112,#11113,#11114,#11115,#11116,#11117,
    #11118,#11119,#11120,#11121,#11122,#11123,#11124,#11125,#11126,
    #11127,#11128,#11129,#11130,#11131,#11132,#11133,#11134,#11135,
    #11136,#11137,#11138,#11139,#11140,#11141,#11142,#11143,#11144,
    #11145,#11146,#11147,#11148,#11149,#11150,#11151,#11152,#11153,
    #11154,#11155,#11156,#11157,#11158,#11159,#11160,#11161,#11162,
    #11163,#11164,#11165,#11166),.UNSPECIFIED.,.F.,.F.,(8,6,6,6,6,6,6,6,
    6,6,8),(0.,9.163303887166E-02,0.21997112892,0.36102364061,
    0.449170791486,0.524224520704,0.572485518904,0.682877055146,
    0.825274754255,0.931103710629,1.),.UNSPECIFIED.);
#11105 = CARTESIAN_POINT('',(6.,88.,5.));
#11106 = CARTESIAN_POINT('',(6.,87.963803089904,5.));
#11107 = CARTESIAN_POINT('',(6.,87.927660628896,4.995414227272));
#11108 = CARTESIAN_POINT('',(6.,87.89212049914,4.986499975689));
#11109 = CARTESIAN_POINT('',(6.,87.857486184391,4.973927768317));
#11110 = CARTESIAN_POINT('',(6.,87.823915250668,4.958378694714));
#11111 = CARTESIAN_POINT('',(6.,87.791443720369,4.940434741226));
#11112 = CARTESIAN_POINT('',(6.,87.715961004176,4.892608892246));
#11113 = CARTESIAN_POINT('',(6.,87.673972656015,4.860846511405));
#11114 = CARTESIAN_POINT('',(6.,87.63371897782,4.826305400681));
#11115 = CARTESIAN_POINT('',(6.,87.595000508262,4.789694753198));
#11116 = CARTESIAN_POINT('',(6.,87.557614948904,4.751527719199));
#11117 = CARTESIAN_POINT('',(6.,87.52135846363,4.712114775931));
#11118 = CARTESIAN_POINT('',(6.,87.447138582454,4.627080612749));
#11119 = CARTESIAN_POINT('',(6.,87.409432240635,4.581311894524));
#11120 = CARTESIAN_POINT('',(6.,87.37265464761,4.534598306525));
#11121 = CARTESIAN_POINT('',(6.,87.336646667687,4.48714890743));
#11122 = CARTESIAN_POINT('',(6.,87.301279057631,4.439118485241));
#11123 = CARTESIAN_POINT('',(6.,87.266433218768,4.390626243802));
#11124 = CARTESIAN_POINT('',(6.,87.21048184273,4.31121647004));
#11125 = CARTESIAN_POINT('',(6.,87.18912723986,4.280532705603));
#11126 = CARTESIAN_POINT('',(6.,87.167911284306,4.249728735781));
#11127 = CARTESIAN_POINT('',(6.,87.14681127382,4.218825586771));
#11128 = CARTESIAN_POINT('',(6.,87.125806093713,4.187842227625));
#11129 = CARTESIAN_POINT('',(6.,87.104875599576,4.156796100018));
#11130 = CARTESIAN_POINT('',(6.,87.066225272374,4.099229684278));
#11131 = CARTESIAN_POINT('',(6.,87.048490366807,4.072722352029));
#11132 = CARTESIAN_POINT('',(6.,87.030783388472,4.046191678303));
#11133 = CARTESIAN_POINT('',(6.,87.013092532514,4.019647572729));
#11134 = CARTESIAN_POINT('',(6.,86.995406084056,3.993099827524));
#11135 = CARTESIAN_POINT('',(6.,86.977712418194,3.966558117487));
#11136 = CARTESIAN_POINT('',(6.,86.948610572833,3.922975193874));
#11137 = CARTESIAN_POINT('',(6.,86.937213350925,3.905924901799));
#11138 = CARTESIAN_POINT('',(6.,86.925805236366,3.888883704672));
#11139 = CARTESIAN_POINT('',(6.,86.91438307715,3.871854255287));
#11140 = CARTESIAN_POINT('',(6.,86.902943667169,3.854839278337));
#11141 = CARTESIAN_POINT('',(6.,86.89148374622,3.837841570412));
#11142 = CARTESIAN_POINT('',(6.,86.85373223857,3.782029741502));
#11143 = CARTESIAN_POINT('',(6.,86.827340377929,3.743301602173));
#11144 = CARTESIAN_POINT('',(6.,86.800783392209,3.704713438984));
#11145 = CARTESIAN_POINT('',(6.,86.774019339315,3.666302698949));
#11146 = CARTESIAN_POINT('',(6.,86.747002903151,3.628112596145));
#11147 = CARTESIAN_POINT('',(6.,86.71968293585,3.590194288736));
#11148 = CARTESIAN_POINT('',(6.,86.656290864102,3.504126619355));
#11149 = CARTESIAN_POINT('',(6.,86.619992629726,3.456219991176));
#11150 = CARTESIAN_POINT('',(6.,86.582961182892,3.408992839598));
#11151 = CARTESIAN_POINT('',(6.,86.545040221975,3.362617924761));
#11152 = CARTESIAN_POINT('',(6.,86.506063946478,3.31733241338));
#11153 = CARTESIAN_POINT('',(6.,86.465823904655,3.273473093296));
#11154 = CARTESIAN_POINT('',(6.,86.392916771768,3.200395649346));
#11155 = CARTESIAN_POINT('',(6.,86.361006127656,3.170358399326));
#11156 = CARTESIAN_POINT('',(6.,86.328096726012,3.141601043727));
#11157 = CARTESIAN_POINT('',(6.,86.294047699329,3.114424990685));
#11158 = CARTESIAN_POINT('',(6.,86.258745009459,3.089276720631));
#11159 = CARTESIAN_POINT('',(6.,86.222092836306,3.066761987042));
#11160 = CARTESIAN_POINT('',(6.,86.159200973694,3.035239579231));
#11161 = CARTESIAN_POINT('',(6.,86.133803485457,3.024266237533));
#11162 = CARTESIAN_POINT('',(6.,86.107820220538,3.014983639524));
#11163 = CARTESIAN_POINT('',(6.,86.08130892786,3.007662597412));
#11164 = CARTESIAN_POINT('',(6.,86.054376778293,3.00258793846));
#11165 = CARTESIAN_POINT('',(6.,86.027191601307,3.));
#11166 = CARTESIAN_POINT('',(6.,86.,3.));
#11167 = PCURVE('',#8430,#11168);
#11168 = DEFINITIONAL_REPRESENTATION('',(#11169),#11232);
#11169 = B_SPLINE_CURVE_WITH_KNOTS('',7,(#11170,#11171,#11172,#11173,
    #11174,#11175,#11176,#11177,#11178,#11179,#11180,#11181,#11182,
    #11183,#11184,#11185,#11186,#11187,#11188,#11189,#11190,#11191,
    #11192,#11193,#11194,#11195,#11196,#11197,#11198,#11199,#11200,
    #11201,#11202,#11203,#11204,#11205,#11206,#11207,#11208,#11209,
    #11210,#11211,#11212,#11213,#11214,#11215,#11216,#11217,#11218,
    #11219,#11220,#11221,#11222,#11223,#11224,#11225,#11226,#11227,
    #11228,#11229,#11230,#11231),.UNSPECIFIED.,.F.,.F.,(8,6,6,6,6,6,6,6,
    6,6,8),(0.,9.163303887166E-02,0.21997112892,0.36102364061,
    0.449170791486,0.524224520704,0.572485518904,0.682877055146,
    0.825274754255,0.931103710629,1.),.UNSPECIFIED.);
#11170 = CARTESIAN_POINT('',(-3.1127727871,-4.810076832682));
#11171 = CARTESIAN_POINT('',(-3.1127727871,-4.773879922586));
#11172 = CARTESIAN_POINT('',(-3.117358559828,-4.737737461578));
#11173 = CARTESIAN_POINT('',(-3.126272811411,-4.702197331822));
#11174 = CARTESIAN_POINT('',(-3.138845018784,-4.667563017073));
#11175 = CARTESIAN_POINT('',(-3.154394092386,-4.63399208335));
#11176 = CARTESIAN_POINT('',(-3.172338045874,-4.601520553052));
#11177 = CARTESIAN_POINT('',(-3.220163894855,-4.526037836858));
#11178 = CARTESIAN_POINT('',(-3.251926275695,-4.484049488697));
#11179 = CARTESIAN_POINT('',(-3.286467386419,-4.443795810502));
#11180 = CARTESIAN_POINT('',(-3.323078033902,-4.405077340944));
#11181 = CARTESIAN_POINT('',(-3.361245067902,-4.367691781587));
#11182 = CARTESIAN_POINT('',(-3.400658011169,-4.331435296312));
#11183 = CARTESIAN_POINT('',(-3.485692174352,-4.257215415136));
#11184 = CARTESIAN_POINT('',(-3.531460892576,-4.219509073317));
#11185 = CARTESIAN_POINT('',(-3.578174480575,-4.182731480292));
#11186 = CARTESIAN_POINT('',(-3.62562387967,-4.14672350037));
#11187 = CARTESIAN_POINT('',(-3.67365430186,-4.111355890313));
#11188 = CARTESIAN_POINT('',(-3.722146543298,-4.076510051451));
#11189 = CARTESIAN_POINT('',(-3.80155631706,-4.020558675412));
#11190 = CARTESIAN_POINT('',(-3.832240081498,-3.999204072542));
#11191 = CARTESIAN_POINT('',(-3.863044051319,-3.977988116988));
#11192 = CARTESIAN_POINT('',(-3.89394720033,-3.956888106502));
#11193 = CARTESIAN_POINT('',(-3.924930559475,-3.935882926395));
#11194 = CARTESIAN_POINT('',(-3.955976687082,-3.914952432258));
#11195 = CARTESIAN_POINT('',(-4.013543102823,-3.876302105056));
#11196 = CARTESIAN_POINT('',(-4.040050435071,-3.85856719949));
#11197 = CARTESIAN_POINT('',(-4.066581108798,-3.840860221154));
#11198 = CARTESIAN_POINT('',(-4.093125214371,-3.823169365197));
#11199 = CARTESIAN_POINT('',(-4.119672959576,-3.805482916738));
#11200 = CARTESIAN_POINT('',(-4.146214669614,-3.787789250876));
#11201 = CARTESIAN_POINT('',(-4.189797593226,-3.758687405515));
#11202 = CARTESIAN_POINT('',(-4.206847885301,-3.747290183607));
#11203 = CARTESIAN_POINT('',(-4.223889082428,-3.735882069048));
#11204 = CARTESIAN_POINT('',(-4.240918531813,-3.724459909832));
#11205 = CARTESIAN_POINT('',(-4.257933508763,-3.713020499852));
#11206 = CARTESIAN_POINT('',(-4.274931216688,-3.701560578903));
#11207 = CARTESIAN_POINT('',(-4.330743045598,-3.663809071252));
#11208 = CARTESIAN_POINT('',(-4.369471184928,-3.637417210611));
#11209 = CARTESIAN_POINT('',(-4.408059348116,-3.610860224891));
#11210 = CARTESIAN_POINT('',(-4.446470088151,-3.584096171997));
#11211 = CARTESIAN_POINT('',(-4.484660190956,-3.557079735833));
#11212 = CARTESIAN_POINT('',(-4.522578498365,-3.529759768533));
#11213 = CARTESIAN_POINT('',(-4.608646167746,-3.466367696784));
#11214 = CARTESIAN_POINT('',(-4.656552795925,-3.430069462408));
#11215 = CARTESIAN_POINT('',(-4.703779947502,-3.393038015574));
#11216 = CARTESIAN_POINT('',(-4.75015486234,-3.355117054658));
#11217 = CARTESIAN_POINT('',(-4.795440373721,-3.31614077916));
#11218 = CARTESIAN_POINT('',(-4.839299693804,-3.275900737338));
#11219 = CARTESIAN_POINT('',(-4.912377137754,-3.20299360445));
#11220 = CARTESIAN_POINT('',(-4.942414387775,-3.171082960338));
#11221 = CARTESIAN_POINT('',(-4.971171743374,-3.138173558694));
#11222 = CARTESIAN_POINT('',(-4.998347796415,-3.104124532011));
#11223 = CARTESIAN_POINT('',(-5.023496066469,-3.068821842142));
#11224 = CARTESIAN_POINT('',(-5.046010800058,-3.032169668989));
#11225 = CARTESIAN_POINT('',(-5.07753320787,-2.969277806376));
#11226 = CARTESIAN_POINT('',(-5.088506549568,-2.943880318139));
#11227 = CARTESIAN_POINT('',(-5.097789147577,-2.91789705322));
#11228 = CARTESIAN_POINT('',(-5.105110189688,-2.891385760542));
#11229 = CARTESIAN_POINT('',(-5.11018484864,-2.864453610975));
#11230 = CARTESIAN_POINT('',(-5.1127727871,-2.837268433989));
#11231 = CARTESIAN_POINT('',(-5.1127727871,-2.810076832682));
#11232 = ( GEOMETRIC_REPRESENTATION_CONTEXT(2) 
PARAMETRIC_REPRESENTATION_CONTEXT() REPRESENTATION_CONTEXT('2D SPACE',''
  ) );
#11233 = PCURVE('',#10949,#11234);
#11234 = DEFINITIONAL_REPRESENTATION('',(#11235),#11298);
#11235 = B_SPLINE_CURVE_WITH_KNOTS('',7,(#11236,#11237,#11238,#11239,
    #11240,#11241,#11242,#11243,#11244,#11245,#11246,#11247,#11248,
    #11249,#11250,#11251,#11252,#11253,#11254,#11255,#11256,#11257,
    #11258,#11259,#11260,#11261,#11262,#11263,#11264,#11265,#11266,
    #11267,#11268,#11269,#11270,#11271,#11272,#11273,#11274,#11275,
    #11276,#11277,#11278,#11279,#11280,#11281,#11282,#11283,#11284,
    #11285,#11286,#11287,#11288,#11289,#11290,#11291,#11292,#11293,
    #11294,#11295,#11296,#11297),.UNSPECIFIED.,.F.,.F.,(8,6,6,6,6,6,6,6,
    6,6,8),(0.,9.163303887166E-02,0.21997112892,0.36102364061,
    0.449170791486,0.524224520704,0.572485518904,0.682877055146,
    0.825274754255,0.931103710629,1.),.UNSPECIFIED.);
#11236 = CARTESIAN_POINT('',(1.,-15.));
#11237 = CARTESIAN_POINT('',(0.981901544952,-15.));
#11238 = CARTESIAN_POINT('',(0.963830314448,-15.));
#11239 = CARTESIAN_POINT('',(0.94606024957,-15.));
#11240 = CARTESIAN_POINT('',(0.928743092195,-15.));
#11241 = CARTESIAN_POINT('',(0.911957625334,-15.));
#11242 = CARTESIAN_POINT('',(0.895721860185,-15.));
#11243 = CARTESIAN_POINT('',(0.857980502088,-15.));
#11244 = CARTESIAN_POINT('',(0.836986328007,-15.));
#11245 = CARTESIAN_POINT('',(0.81685948891,-15.));
#11246 = CARTESIAN_POINT('',(0.797500254131,-15.));
#11247 = CARTESIAN_POINT('',(0.778807474452,-15.));
#11248 = CARTESIAN_POINT('',(0.760679231815,-15.));
#11249 = CARTESIAN_POINT('',(0.723569291227,-15.));
#11250 = CARTESIAN_POINT('',(0.704716120317,-15.));
#11251 = CARTESIAN_POINT('',(0.686327323805,-15.));
#11252 = CARTESIAN_POINT('',(0.668323333844,-15.));
#11253 = CARTESIAN_POINT('',(0.650639528815,-15.));
#11254 = CARTESIAN_POINT('',(0.633216609384,-15.));
#11255 = CARTESIAN_POINT('',(0.605240921365,-15.));
#11256 = CARTESIAN_POINT('',(0.59456361993,-15.));
#11257 = CARTESIAN_POINT('',(0.583955642153,-15.));
#11258 = CARTESIAN_POINT('',(0.57340563691,-15.));
#11259 = CARTESIAN_POINT('',(0.562903046857,-15.));
#11260 = CARTESIAN_POINT('',(0.552437799788,-15.));
#11261 = CARTESIAN_POINT('',(0.533112636187,-15.));
#11262 = CARTESIAN_POINT('',(0.524245183404,-15.));
#11263 = CARTESIAN_POINT('',(0.515391694236,-15.));
#11264 = CARTESIAN_POINT('',(0.506546266257,-15.));
#11265 = CARTESIAN_POINT('',(0.497703042028,-15.));
#11266 = CARTESIAN_POINT('',(0.488856209097,-15.));
#11267 = CARTESIAN_POINT('',(0.474305286416,-15.));
#11268 = CARTESIAN_POINT('',(0.468606675462,-15.));
#11269 = CARTESIAN_POINT('',(0.462902618183,-15.));
#11270 = CARTESIAN_POINT('',(0.457191538575,-15.));
#11271 = CARTESIAN_POINT('',(0.451471833585,-15.));
#11272 = CARTESIAN_POINT('',(0.44574187311,-15.));
#11273 = CARTESIAN_POINT('',(0.426866119285,-15.));
#11274 = CARTESIAN_POINT('',(0.413670188965,-15.));
#11275 = CARTESIAN_POINT('',(0.400391696105,-15.));
#11276 = CARTESIAN_POINT('',(0.387009669657,-15.));
#11277 = CARTESIAN_POINT('',(0.373501451576,-15.));
#11278 = CARTESIAN_POINT('',(0.359841467925,-15.));
#11279 = CARTESIAN_POINT('',(0.328145432051,-15.));
#11280 = CARTESIAN_POINT('',(0.309996314863,-15.));
#11281 = CARTESIAN_POINT('',(0.291480591446,-15.));
#11282 = CARTESIAN_POINT('',(0.272520110988,-15.));
#11283 = CARTESIAN_POINT('',(0.253031973239,-15.));
#11284 = CARTESIAN_POINT('',(0.232911952328,-15.));
#11285 = CARTESIAN_POINT('',(0.196458385884,-15.));
#11286 = CARTESIAN_POINT('',(0.180503063828,-15.));
#11287 = CARTESIAN_POINT('',(0.164048363006,-15.));
#11288 = CARTESIAN_POINT('',(0.147023849664,-15.));
#11289 = CARTESIAN_POINT('',(0.12937250473,-15.));
#11290 = CARTESIAN_POINT('',(0.111046418153,-15.));
#11291 = CARTESIAN_POINT('',(7.960048684679E-02,-15.));
#11292 = CARTESIAN_POINT('',(6.690174272825E-02,-15.));
#11293 = CARTESIAN_POINT('',(5.391011026904E-02,-15.));
#11294 = CARTESIAN_POINT('',(4.065446393002E-02,-15.));
#11295 = CARTESIAN_POINT('',(2.718838914643E-02,-15.));
#11296 = CARTESIAN_POINT('',(1.359580065356E-02,-15.));
#11297 = CARTESIAN_POINT('',(0.,-15.));
#11298 = ( GEOMETRIC_REPRESENTATION_CONTEXT(2) 
PARAMETRIC_REPRESENTATION_CONTEXT() REPRESENTATION_CONTEXT('2D SPACE',''
  ) );
#11299 = ORIENTED_EDGE('',*,*,#8756,.T.);
#11300 = ADVANCED_FACE('',(#11301,#11401),#8486,.T.);
#11301 = FACE_BOUND('',#11302,.T.);
#11302 = EDGE_LOOP('',(#11303,#11332,#11354,#11355,#11356,#11377,#11378,
    #11379));
#11303 = ORIENTED_EDGE('',*,*,#11304,.F.);
#11304 = EDGE_CURVE('',#11305,#11307,#11309,.T.);
#11305 = VERTEX_POINT('',#11306);
#11306 = CARTESIAN_POINT('',(-5.,97.1,5.));
#11307 = VERTEX_POINT('',#11308);
#11308 = CARTESIAN_POINT('',(5.,97.1,5.));
#11309 = SURFACE_CURVE('',#11310,(#11314,#11321),.PCURVE_S1.);
#11310 = LINE('',#11311,#11312);
#11311 = CARTESIAN_POINT('',(-5.,97.1,5.));
#11312 = VECTOR('',#11313,1.);
#11313 = DIRECTION('',(1.,0.,0.));
#11314 = PCURVE('',#8486,#11315);
#11315 = DEFINITIONAL_REPRESENTATION('',(#11316),#11320);
#11316 = LINE('',#11317,#11318);
#11317 = CARTESIAN_POINT('',(9.1,-4.));
#11318 = VECTOR('',#11319,1.);
#11319 = DIRECTION('',(0.,-1.));
#11320 = ( GEOMETRIC_REPRESENTATION_CONTEXT(2) 
PARAMETRIC_REPRESENTATION_CONTEXT() REPRESENTATION_CONTEXT('2D SPACE',''
  ) );
#11321 = PCURVE('',#11322,#11327);
#11322 = CYLINDRICAL_SURFACE('',#11323,0.9);
#11323 = AXIS2_PLACEMENT_3D('',#11324,#11325,#11326);
#11324 = CARTESIAN_POINT('',(-5.,97.1,4.1));
#11325 = DIRECTION('',(1.,0.,0.));
#11326 = DIRECTION('',(-0.,0.,1.));
#11327 = DEFINITIONAL_REPRESENTATION('',(#11328),#11331);
#11328 = B_SPLINE_CURVE_WITH_KNOTS('',1,(#11329,#11330),.UNSPECIFIED.,
  .F.,.F.,(2,2),(0.,10.),.PIECEWISE_BEZIER_KNOTS.);
#11329 = CARTESIAN_POINT('',(6.28318530718,0.));
#11330 = CARTESIAN_POINT('',(6.28318530718,10.));
#11331 = ( GEOMETRIC_REPRESENTATION_CONTEXT(2) 
PARAMETRIC_REPRESENTATION_CONTEXT() REPRESENTATION_CONTEXT('2D SPACE',''
  ) );
#11332 = ORIENTED_EDGE('',*,*,#11333,.T.);
#11333 = EDGE_CURVE('',#11305,#9086,#11334,.T.);
#11334 = SURFACE_CURVE('',#11335,(#11340,#11347),.PCURVE_S1.);
#11335 = CIRCLE('',#11336,3.1);
#11336 = AXIS2_PLACEMENT_3D('',#11337,#11338,#11339);
#11337 = CARTESIAN_POINT('',(-5.,94.,5.));
#11338 = DIRECTION('',(0.,0.,1.));
#11339 = DIRECTION('',(1.,0.,-0.));
#11340 = PCURVE('',#8486,#11341);
#11341 = DEFINITIONAL_REPRESENTATION('',(#11342),#11346);
#11342 = CIRCLE('',#11343,3.1);
#11343 = AXIS2_PLACEMENT_2D('',#11344,#11345);
#11344 = CARTESIAN_POINT('',(6.,-4.));
#11345 = DIRECTION('',(0.,-1.));
#11346 = ( GEOMETRIC_REPRESENTATION_CONTEXT(2) 
PARAMETRIC_REPRESENTATION_CONTEXT() REPRESENTATION_CONTEXT('2D SPACE',''
  ) );
#11347 = PCURVE('',#9122,#11348);
#11348 = DEFINITIONAL_REPRESENTATION('',(#11349),#11353);
#11349 = LINE('',#11350,#11351);
#11350 = CARTESIAN_POINT('',(0.,1.570796326795));
#11351 = VECTOR('',#11352,1.);
#11352 = DIRECTION('',(1.,0.));
#11353 = ( GEOMETRIC_REPRESENTATION_CONTEXT(2) 
PARAMETRIC_REPRESENTATION_CONTEXT() REPRESENTATION_CONTEXT('2D SPACE',''
  ) );
#11354 = ORIENTED_EDGE('',*,*,#9085,.F.);
#11355 = ORIENTED_EDGE('',*,*,#8470,.T.);
#11356 = ORIENTED_EDGE('',*,*,#11357,.T.);
#11357 = EDGE_CURVE('',#8471,#8616,#11358,.T.);
#11358 = SURFACE_CURVE('',#11359,(#11363,#11370),.PCURVE_S1.);
#11359 = LINE('',#11360,#11361);
#11360 = CARTESIAN_POINT('',(-9.,88.,5.));
#11361 = VECTOR('',#11362,1.);
#11362 = DIRECTION('',(1.,0.,0.));
#11363 = PCURVE('',#8486,#11364);
#11364 = DEFINITIONAL_REPRESENTATION('',(#11365),#11369);
#11365 = LINE('',#11366,#11367);
#11366 = CARTESIAN_POINT('',(0.,0.));
#11367 = VECTOR('',#11368,1.);
#11368 = DIRECTION('',(0.,-1.));
#11369 = ( GEOMETRIC_REPRESENTATION_CONTEXT(2) 
PARAMETRIC_REPRESENTATION_CONTEXT() REPRESENTATION_CONTEXT('2D SPACE',''
  ) );
#11370 = PCURVE('',#10949,#11371);
#11371 = DEFINITIONAL_REPRESENTATION('',(#11372),#11376);
#11372 = LINE('',#11373,#11374);
#11373 = CARTESIAN_POINT('',(1.,0.));
#11374 = VECTOR('',#11375,1.);
#11375 = DIRECTION('',(0.,-1.));
#11376 = ( GEOMETRIC_REPRESENTATION_CONTEXT(2) 
PARAMETRIC_REPRESENTATION_CONTEXT() REPRESENTATION_CONTEXT('2D SPACE',''
  ) );
#11377 = ORIENTED_EDGE('',*,*,#8615,.T.);
#11378 = ORIENTED_EDGE('',*,*,#9697,.T.);
#11379 = ORIENTED_EDGE('',*,*,#11380,.T.);
#11380 = EDGE_CURVE('',#9670,#11307,#11381,.T.);
#11381 = SURFACE_CURVE('',#11382,(#11387,#11394),.PCURVE_S1.);
#11382 = CIRCLE('',#11383,3.1);
#11383 = AXIS2_PLACEMENT_3D('',#11384,#11385,#11386);
#11384 = CARTESIAN_POINT('',(5.,94.,5.));
#11385 = DIRECTION('',(0.,0.,1.));
#11386 = DIRECTION('',(1.,0.,-0.));
#11387 = PCURVE('',#8486,#11388);
#11388 = DEFINITIONAL_REPRESENTATION('',(#11389),#11393);
#11389 = CIRCLE('',#11390,3.1);
#11390 = AXIS2_PLACEMENT_2D('',#11391,#11392);
#11391 = CARTESIAN_POINT('',(6.,-14.));
#11392 = DIRECTION('',(0.,-1.));
#11393 = ( GEOMETRIC_REPRESENTATION_CONTEXT(2) 
PARAMETRIC_REPRESENTATION_CONTEXT() REPRESENTATION_CONTEXT('2D SPACE',''
  ) );
#11394 = PCURVE('',#9686,#11395);
#11395 = DEFINITIONAL_REPRESENTATION('',(#11396),#11400);
#11396 = LINE('',#11397,#11398);
#11397 = CARTESIAN_POINT('',(0.,1.570796326795));
#11398 = VECTOR('',#11399,1.);
#11399 = DIRECTION('',(1.,0.));
#11400 = ( GEOMETRIC_REPRESENTATION_CONTEXT(2) 
PARAMETRIC_REPRESENTATION_CONTEXT() REPRESENTATION_CONTEXT('2D SPACE',''
  ) );
#11401 = FACE_BOUND('',#11402,.T.);
#11402 = EDGE_LOOP('',(#11403));
#11403 = ORIENTED_EDGE('',*,*,#11404,.F.);
#11404 = EDGE_CURVE('',#11405,#11405,#11407,.T.);
#11405 = VERTEX_POINT('',#11406);
#11406 = CARTESIAN_POINT('',(3.5,93.,5.));
#11407 = SURFACE_CURVE('',#11408,(#11413,#11420),.PCURVE_S1.);
#11408 = CIRCLE('',#11409,3.5);
#11409 = AXIS2_PLACEMENT_3D('',#11410,#11411,#11412);
#11410 = CARTESIAN_POINT('',(0.,93.,5.));
#11411 = DIRECTION('',(0.,0.,1.));
#11412 = DIRECTION('',(1.,0.,-0.));
#11413 = PCURVE('',#8486,#11414);
#11414 = DEFINITIONAL_REPRESENTATION('',(#11415),#11419);
#11415 = CIRCLE('',#11416,3.5);
#11416 = AXIS2_PLACEMENT_2D('',#11417,#11418);
#11417 = CARTESIAN_POINT('',(5.,-9.));
#11418 = DIRECTION('',(0.,-1.));
#11419 = ( GEOMETRIC_REPRESENTATION_CONTEXT(2) 
PARAMETRIC_REPRESENTATION_CONTEXT() REPRESENTATION_CONTEXT('2D SPACE',''
  ) );
#11420 = PCURVE('',#11421,#11426);
#11421 = CONICAL_SURFACE('',#11422,1.9,0.785398163397);
#11422 = AXIS2_PLACEMENT_3D('',#11423,#11424,#11425);
#11423 = CARTESIAN_POINT('',(0.,93.,3.4));
#11424 = DIRECTION('',(0.,0.,1.));
#11425 = DIRECTION('',(1.,0.,-0.));
#11426 = DEFINITIONAL_REPRESENTATION('',(#11427),#11431);
#11427 = LINE('',#11428,#11429);
#11428 = CARTESIAN_POINT('',(0.,1.6));
#11429 = VECTOR('',#11430,1.);
#11430 = DIRECTION('',(1.,0.));
#11431 = ( GEOMETRIC_REPRESENTATION_CONTEXT(2) 
PARAMETRIC_REPRESENTATION_CONTEXT() REPRESENTATION_CONTEXT('2D SPACE',''
  ) );
#11432 = ADVANCED_FACE('',(#11433),#9122,.T.);
#11433 = FACE_BOUND('',#11434,.T.);
#11434 = EDGE_LOOP('',(#11435,#11456,#11457,#11458));
#11435 = ORIENTED_EDGE('',*,*,#11436,.F.);
#11436 = EDGE_CURVE('',#9169,#11305,#11437,.T.);
#11437 = SURFACE_CURVE('',#11438,(#11443,#11449),.PCURVE_S1.);
#11438 = CIRCLE('',#11439,0.9);
#11439 = AXIS2_PLACEMENT_3D('',#11440,#11441,#11442);
#11440 = CARTESIAN_POINT('',(-5.,97.1,4.1));
#11441 = DIRECTION('',(1.,0.,0.));
#11442 = DIRECTION('',(-0.,0.,1.));
#11443 = PCURVE('',#9122,#11444);
#11444 = DEFINITIONAL_REPRESENTATION('',(#11445),#11448);
#11445 = B_SPLINE_CURVE_WITH_KNOTS('',1,(#11446,#11447),.UNSPECIFIED.,
  .F.,.F.,(2,2),(4.712388980385,6.28318530718),
  .PIECEWISE_BEZIER_KNOTS.);
#11446 = CARTESIAN_POINT('',(1.570796326795,0.));
#11447 = CARTESIAN_POINT('',(1.570796326795,1.570796326795));
#11448 = ( GEOMETRIC_REPRESENTATION_CONTEXT(2) 
PARAMETRIC_REPRESENTATION_CONTEXT() REPRESENTATION_CONTEXT('2D SPACE',''
  ) );
#11449 = PCURVE('',#11322,#11450);
#11450 = DEFINITIONAL_REPRESENTATION('',(#11451),#11455);
#11451 = LINE('',#11452,#11453);
#11452 = CARTESIAN_POINT('',(0.,0.));
#11453 = VECTOR('',#11454,1.);
#11454 = DIRECTION('',(1.,0.));
#11455 = ( GEOMETRIC_REPRESENTATION_CONTEXT(2) 
PARAMETRIC_REPRESENTATION_CONTEXT() REPRESENTATION_CONTEXT('2D SPACE',''
  ) );
#11456 = ORIENTED_EDGE('',*,*,#9196,.T.);
#11457 = ORIENTED_EDGE('',*,*,#9107,.T.);
#11458 = ORIENTED_EDGE('',*,*,#11333,.F.);
#11459 = ADVANCED_FACE('',(#11460),#9184,.T.);
#11460 = FACE_BOUND('',#11461,.T.);
#11461 = EDGE_LOOP('',(#11462,#11483,#11484,#11505));
#11462 = ORIENTED_EDGE('',*,*,#11463,.F.);
#11463 = EDGE_CURVE('',#9140,#9724,#11464,.T.);
#11464 = SURFACE_CURVE('',#11465,(#11469,#11476),.PCURVE_S1.);
#11465 = LINE('',#11466,#11467);
#11466 = CARTESIAN_POINT('',(-5.,98.,0.2));
#11467 = VECTOR('',#11468,1.);
#11468 = DIRECTION('',(1.,0.,0.));
#11469 = PCURVE('',#9184,#11470);
#11470 = DEFINITIONAL_REPRESENTATION('',(#11471),#11475);
#11471 = LINE('',#11472,#11473);
#11472 = CARTESIAN_POINT('',(0.2,4.));
#11473 = VECTOR('',#11474,1.);
#11474 = DIRECTION('',(0.,1.));
#11475 = ( GEOMETRIC_REPRESENTATION_CONTEXT(2) 
PARAMETRIC_REPRESENTATION_CONTEXT() REPRESENTATION_CONTEXT('2D SPACE',''
  ) );
#11476 = PCURVE('',#10438,#11477);
#11477 = DEFINITIONAL_REPRESENTATION('',(#11478),#11482);
#11478 = LINE('',#11479,#11480);
#11479 = CARTESIAN_POINT('',(-0.,0.));
#11480 = VECTOR('',#11481,1.);
#11481 = DIRECTION('',(-0.,1.));
#11482 = ( GEOMETRIC_REPRESENTATION_CONTEXT(2) 
PARAMETRIC_REPRESENTATION_CONTEXT() REPRESENTATION_CONTEXT('2D SPACE',''
  ) );
#11483 = ORIENTED_EDGE('',*,*,#9168,.F.);
#11484 = ORIENTED_EDGE('',*,*,#11485,.T.);
#11485 = EDGE_CURVE('',#9169,#9753,#11486,.T.);
#11486 = SURFACE_CURVE('',#11487,(#11491,#11498),.PCURVE_S1.);
#11487 = LINE('',#11488,#11489);
#11488 = CARTESIAN_POINT('',(-5.,98.,4.1));
#11489 = VECTOR('',#11490,1.);
#11490 = DIRECTION('',(1.,0.,0.));
#11491 = PCURVE('',#9184,#11492);
#11492 = DEFINITIONAL_REPRESENTATION('',(#11493),#11497);
#11493 = LINE('',#11494,#11495);
#11494 = CARTESIAN_POINT('',(4.1,4.));
#11495 = VECTOR('',#11496,1.);
#11496 = DIRECTION('',(0.,1.));
#11497 = ( GEOMETRIC_REPRESENTATION_CONTEXT(2) 
PARAMETRIC_REPRESENTATION_CONTEXT() REPRESENTATION_CONTEXT('2D SPACE',''
  ) );
#11498 = PCURVE('',#11322,#11499);
#11499 = DEFINITIONAL_REPRESENTATION('',(#11500),#11504);
#11500 = LINE('',#11501,#11502);
#11501 = CARTESIAN_POINT('',(4.712388980385,0.));
#11502 = VECTOR('',#11503,1.);
#11503 = DIRECTION('',(0.,1.));
#11504 = ( GEOMETRIC_REPRESENTATION_CONTEXT(2) 
PARAMETRIC_REPRESENTATION_CONTEXT() REPRESENTATION_CONTEXT('2D SPACE',''
  ) );
#11505 = ORIENTED_EDGE('',*,*,#9752,.F.);
#11506 = ADVANCED_FACE('',(#11507),#9156,.T.);
#11507 = FACE_BOUND('',#11508,.T.);
#11508 = EDGE_LOOP('',(#11509,#11510,#11511,#11533));
#11509 = ORIENTED_EDGE('',*,*,#9267,.F.);
#11510 = ORIENTED_EDGE('',*,*,#9139,.T.);
#11511 = ORIENTED_EDGE('',*,*,#11512,.T.);
#11512 = EDGE_CURVE('',#9140,#10423,#11513,.T.);
#11513 = SURFACE_CURVE('',#11514,(#11519,#11526),.PCURVE_S1.);
#11514 = CIRCLE('',#11515,0.2);
#11515 = AXIS2_PLACEMENT_3D('',#11516,#11517,#11518);
#11516 = CARTESIAN_POINT('',(-5.,97.8,0.2));
#11517 = DIRECTION('',(-1.,-6.123233995737E-17,0.));
#11518 = DIRECTION('',(-6.123233995737E-17,1.,0.));
#11519 = PCURVE('',#9156,#11520);
#11520 = DEFINITIONAL_REPRESENTATION('',(#11521),#11525);
#11521 = LINE('',#11522,#11523);
#11522 = CARTESIAN_POINT('',(1.570796326795,0.));
#11523 = VECTOR('',#11524,1.);
#11524 = DIRECTION('',(0.,1.));
#11525 = ( GEOMETRIC_REPRESENTATION_CONTEXT(2) 
PARAMETRIC_REPRESENTATION_CONTEXT() REPRESENTATION_CONTEXT('2D SPACE',''
  ) );
#11526 = PCURVE('',#10438,#11527);
#11527 = DEFINITIONAL_REPRESENTATION('',(#11528),#11532);
#11528 = LINE('',#11529,#11530);
#11529 = CARTESIAN_POINT('',(-0.,0.));
#11530 = VECTOR('',#11531,1.);
#11531 = DIRECTION('',(-1.,0.));
#11532 = ( GEOMETRIC_REPRESENTATION_CONTEXT(2) 
PARAMETRIC_REPRESENTATION_CONTEXT() REPRESENTATION_CONTEXT('2D SPACE',''
  ) );
#11533 = ORIENTED_EDGE('',*,*,#10450,.F.);
#11534 = ADVANCED_FACE('',(#11535),#9347,.F.);
#11535 = FACE_BOUND('',#11536,.F.);
#11536 = EDGE_LOOP('',(#11537,#11538,#11559,#11560));
#11537 = ORIENTED_EDGE('',*,*,#9330,.F.);
#11538 = ORIENTED_EDGE('',*,*,#11539,.F.);
#11539 = EDGE_CURVE('',#10482,#9331,#11540,.T.);
#11540 = SEAM_CURVE('',#11541,(#11545,#11552),.PCURVE_S1.);
#11541 = LINE('',#11542,#11543);
#11542 = CARTESIAN_POINT('',(-4.75,54.,0.));
#11543 = VECTOR('',#11544,1.);
#11544 = DIRECTION('',(0.,0.,1.));
#11545 = PCURVE('',#9347,#11546);
#11546 = DEFINITIONAL_REPRESENTATION('',(#11547),#11551);
#11547 = LINE('',#11548,#11549);
#11548 = CARTESIAN_POINT('',(6.28318530718,-0.));
#11549 = VECTOR('',#11550,1.);
#11550 = DIRECTION('',(0.,1.));
#11551 = ( GEOMETRIC_REPRESENTATION_CONTEXT(2) 
PARAMETRIC_REPRESENTATION_CONTEXT() REPRESENTATION_CONTEXT('2D SPACE',''
  ) );
#11552 = PCURVE('',#9347,#11553);
#11553 = DEFINITIONAL_REPRESENTATION('',(#11554),#11558);
#11554 = LINE('',#11555,#11556);
#11555 = CARTESIAN_POINT('',(0.,-0.));
#11556 = VECTOR('',#11557,1.);
#11557 = DIRECTION('',(0.,1.));
#11558 = ( GEOMETRIC_REPRESENTATION_CONTEXT(2) 
PARAMETRIC_REPRESENTATION_CONTEXT() REPRESENTATION_CONTEXT('2D SPACE',''
  ) );
#11559 = ORIENTED_EDGE('',*,*,#10481,.T.);
#11560 = ORIENTED_EDGE('',*,*,#11539,.T.);
#11561 = ADVANCED_FACE('',(#11562),#9686,.T.);
#11562 = FACE_BOUND('',#11563,.T.);
#11563 = EDGE_LOOP('',(#11564,#11565,#11566,#11587));
#11564 = ORIENTED_EDGE('',*,*,#9669,.T.);
#11565 = ORIENTED_EDGE('',*,*,#9775,.T.);
#11566 = ORIENTED_EDGE('',*,*,#11567,.T.);
#11567 = EDGE_CURVE('',#9753,#11307,#11568,.T.);
#11568 = SURFACE_CURVE('',#11569,(#11574,#11580),.PCURVE_S1.);
#11569 = CIRCLE('',#11570,0.9);
#11570 = AXIS2_PLACEMENT_3D('',#11571,#11572,#11573);
#11571 = CARTESIAN_POINT('',(5.,97.1,4.1));
#11572 = DIRECTION('',(1.,0.,0.));
#11573 = DIRECTION('',(-0.,0.,1.));
#11574 = PCURVE('',#9686,#11575);
#11575 = DEFINITIONAL_REPRESENTATION('',(#11576),#11579);
#11576 = B_SPLINE_CURVE_WITH_KNOTS('',1,(#11577,#11578),.UNSPECIFIED.,
  .F.,.F.,(2,2),(4.712388980385,6.28318530718),
  .PIECEWISE_BEZIER_KNOTS.);
#11577 = CARTESIAN_POINT('',(1.570796326795,0.));
#11578 = CARTESIAN_POINT('',(1.570796326795,1.570796326795));
#11579 = ( GEOMETRIC_REPRESENTATION_CONTEXT(2) 
PARAMETRIC_REPRESENTATION_CONTEXT() REPRESENTATION_CONTEXT('2D SPACE',''
  ) );
#11580 = PCURVE('',#11322,#11581);
#11581 = DEFINITIONAL_REPRESENTATION('',(#11582),#11586);
#11582 = LINE('',#11583,#11584);
#11583 = CARTESIAN_POINT('',(0.,10.));
#11584 = VECTOR('',#11585,1.);
#11585 = DIRECTION('',(1.,0.));
#11586 = ( GEOMETRIC_REPRESENTATION_CONTEXT(2) 
PARAMETRIC_REPRESENTATION_CONTEXT() REPRESENTATION_CONTEXT('2D SPACE',''
  ) );
#11587 = ORIENTED_EDGE('',*,*,#11380,.F.);
#11588 = ADVANCED_FACE('',(#11589),#9740,.T.);
#11589 = FACE_BOUND('',#11590,.T.);
#11590 = EDGE_LOOP('',(#11591,#11613,#11614,#11615));
#11591 = ORIENTED_EDGE('',*,*,#11592,.F.);
#11592 = EDGE_CURVE('',#9724,#10395,#11593,.T.);
#11593 = SURFACE_CURVE('',#11594,(#11599,#11606),.PCURVE_S1.);
#11594 = CIRCLE('',#11595,0.2);
#11595 = AXIS2_PLACEMENT_3D('',#11596,#11597,#11598);
#11596 = CARTESIAN_POINT('',(5.,97.8,0.2));
#11597 = DIRECTION('',(-1.,0.,-0.));
#11598 = DIRECTION('',(-0.,1.,0.));
#11599 = PCURVE('',#9740,#11600);
#11600 = DEFINITIONAL_REPRESENTATION('',(#11601),#11605);
#11601 = LINE('',#11602,#11603);
#11602 = CARTESIAN_POINT('',(-2.22044604925E-16,0.));
#11603 = VECTOR('',#11604,1.);
#11604 = DIRECTION('',(0.,1.));
#11605 = ( GEOMETRIC_REPRESENTATION_CONTEXT(2) 
PARAMETRIC_REPRESENTATION_CONTEXT() REPRESENTATION_CONTEXT('2D SPACE',''
  ) );
#11606 = PCURVE('',#10438,#11607);
#11607 = DEFINITIONAL_REPRESENTATION('',(#11608),#11612);
#11608 = LINE('',#11609,#11610);
#11609 = CARTESIAN_POINT('',(-0.,10.));
#11610 = VECTOR('',#11611,1.);
#11611 = DIRECTION('',(-1.,0.));
#11612 = ( GEOMETRIC_REPRESENTATION_CONTEXT(2) 
PARAMETRIC_REPRESENTATION_CONTEXT() REPRESENTATION_CONTEXT('2D SPACE',''
  ) );
#11613 = ORIENTED_EDGE('',*,*,#9723,.T.);
#11614 = ORIENTED_EDGE('',*,*,#9800,.T.);
#11615 = ORIENTED_EDGE('',*,*,#10394,.F.);
#11616 = ADVANCED_FACE('',(#11617),#9914,.F.);
#11617 = FACE_BOUND('',#11618,.F.);
#11618 = EDGE_LOOP('',(#11619,#11642,#11669,#11670,#11671,#11672,#11673,
    #11674));
#11619 = ORIENTED_EDGE('',*,*,#11620,.T.);
#11620 = EDGE_CURVE('',#9953,#11621,#11623,.T.);
#11621 = VERTEX_POINT('',#11622);
#11622 = CARTESIAN_POINT('',(6.25,20.,1.5));
#11623 = SEAM_CURVE('',#11624,(#11628,#11635),.PCURVE_S1.);
#11624 = LINE('',#11625,#11626);
#11625 = CARTESIAN_POINT('',(6.25,20.,0.));
#11626 = VECTOR('',#11627,1.);
#11627 = DIRECTION('',(0.,0.,1.));
#11628 = PCURVE('',#9914,#11629);
#11629 = DEFINITIONAL_REPRESENTATION('',(#11630),#11634);
#11630 = LINE('',#11631,#11632);
#11631 = CARTESIAN_POINT('',(6.28318530718,-0.));
#11632 = VECTOR('',#11633,1.);
#11633 = DIRECTION('',(0.,1.));
#11634 = ( GEOMETRIC_REPRESENTATION_CONTEXT(2) 
PARAMETRIC_REPRESENTATION_CONTEXT() REPRESENTATION_CONTEXT('2D SPACE',''
  ) );
#11635 = PCURVE('',#9914,#11636);
#11636 = DEFINITIONAL_REPRESENTATION('',(#11637),#11641);
#11637 = LINE('',#11638,#11639);
#11638 = CARTESIAN_POINT('',(0.,-0.));
#11639 = VECTOR('',#11640,1.);
#11640 = DIRECTION('',(0.,1.));
#11641 = ( GEOMETRIC_REPRESENTATION_CONTEXT(2) 
PARAMETRIC_REPRESENTATION_CONTEXT() REPRESENTATION_CONTEXT('2D SPACE',''
  ) );
#11642 = ORIENTED_EDGE('',*,*,#11643,.F.);
#11643 = EDGE_CURVE('',#11621,#11621,#11644,.T.);
#11644 = SURFACE_CURVE('',#11645,(#11650,#11657),.PCURVE_S1.);
#11645 = CIRCLE('',#11646,6.25);
#11646 = AXIS2_PLACEMENT_3D('',#11647,#11648,#11649);
#11647 = CARTESIAN_POINT('',(0.,20.,1.5));
#11648 = DIRECTION('',(0.,0.,1.));
#11649 = DIRECTION('',(1.,0.,-0.));
#11650 = PCURVE('',#9914,#11651);
#11651 = DEFINITIONAL_REPRESENTATION('',(#11652),#11656);
#11652 = LINE('',#11653,#11654);
#11653 = CARTESIAN_POINT('',(0.,1.5));
#11654 = VECTOR('',#11655,1.);
#11655 = DIRECTION('',(1.,0.));
#11656 = ( GEOMETRIC_REPRESENTATION_CONTEXT(2) 
PARAMETRIC_REPRESENTATION_CONTEXT() REPRESENTATION_CONTEXT('2D SPACE',''
  ) );
#11657 = PCURVE('',#11658,#11663);
#11658 = PLANE('',#11659);
#11659 = AXIS2_PLACEMENT_3D('',#11660,#11661,#11662);
#11660 = CARTESIAN_POINT('',(0.,20.,1.5));
#11661 = DIRECTION('',(0.,0.,1.));
#11662 = DIRECTION('',(1.,0.,-0.));
#11663 = DEFINITIONAL_REPRESENTATION('',(#11664),#11668);
#11664 = CIRCLE('',#11665,6.25);
#11665 = AXIS2_PLACEMENT_2D('',#11666,#11667);
#11666 = CARTESIAN_POINT('',(0.,0.));
#11667 = DIRECTION('',(1.,0.));
#11668 = ( GEOMETRIC_REPRESENTATION_CONTEXT(2) 
PARAMETRIC_REPRESENTATION_CONTEXT() REPRESENTATION_CONTEXT('2D SPACE',''
  ) );
#11669 = ORIENTED_EDGE('',*,*,#11620,.F.);
#11670 = ORIENTED_EDGE('',*,*,#9952,.T.);
#11671 = ORIENTED_EDGE('',*,*,#9899,.F.);
#11672 = ORIENTED_EDGE('',*,*,#10370,.T.);
#11673 = ORIENTED_EDGE('',*,*,#10050,.T.);
#11674 = ORIENTED_EDGE('',*,*,#9976,.T.);
#11675 = ADVANCED_FACE('',(#11676),#10212,.F.);
#11676 = FACE_BOUND('',#11677,.F.);
#11677 = EDGE_LOOP('',(#11678,#11679,#11700,#11701));
#11678 = ORIENTED_EDGE('',*,*,#10195,.F.);
#11679 = ORIENTED_EDGE('',*,*,#11680,.F.);
#11680 = EDGE_CURVE('',#10508,#10196,#11681,.T.);
#11681 = SEAM_CURVE('',#11682,(#11686,#11693),.PCURVE_S1.);
#11682 = LINE('',#11683,#11684);
#11683 = CARTESIAN_POINT('',(7.25,54.,0.));
#11684 = VECTOR('',#11685,1.);
#11685 = DIRECTION('',(0.,0.,1.));
#11686 = PCURVE('',#10212,#11687);
#11687 = DEFINITIONAL_REPRESENTATION('',(#11688),#11692);
#11688 = LINE('',#11689,#11690);
#11689 = CARTESIAN_POINT('',(6.28318530718,-0.));
#11690 = VECTOR('',#11691,1.);
#11691 = DIRECTION('',(0.,1.));
#11692 = ( GEOMETRIC_REPRESENTATION_CONTEXT(2) 
PARAMETRIC_REPRESENTATION_CONTEXT() REPRESENTATION_CONTEXT('2D SPACE',''
  ) );
#11693 = PCURVE('',#10212,#11694);
#11694 = DEFINITIONAL_REPRESENTATION('',(#11695),#11699);
#11695 = LINE('',#11696,#11697);
#11696 = CARTESIAN_POINT('',(0.,-0.));
#11697 = VECTOR('',#11698,1.);
#11698 = DIRECTION('',(0.,1.));
#11699 = ( GEOMETRIC_REPRESENTATION_CONTEXT(2) 
PARAMETRIC_REPRESENTATION_CONTEXT() REPRESENTATION_CONTEXT('2D SPACE',''
  ) );
#11700 = ORIENTED_EDGE('',*,*,#10507,.T.);
#11701 = ORIENTED_EDGE('',*,*,#11680,.T.);
#11702 = ADVANCED_FACE('',(#11703),#10438,.T.);
#11703 = FACE_BOUND('',#11704,.F.);
#11704 = EDGE_LOOP('',(#11705,#11706,#11707,#11708));
#11705 = ORIENTED_EDGE('',*,*,#11512,.T.);
#11706 = ORIENTED_EDGE('',*,*,#10422,.T.);
#11707 = ORIENTED_EDGE('',*,*,#11592,.F.);
#11708 = ORIENTED_EDGE('',*,*,#11463,.F.);
#11709 = ADVANCED_FACE('',(#11710),#10550,.F.);
#11710 = FACE_BOUND('',#11711,.F.);
#11711 = EDGE_LOOP('',(#11712,#11736,#11757,#11758));
#11712 = ORIENTED_EDGE('',*,*,#11713,.F.);
#11713 = EDGE_CURVE('',#11714,#11714,#11716,.T.);
#11714 = VERTEX_POINT('',#11715);
#11715 = CARTESIAN_POINT('',(1.9,93.,3.4));
#11716 = SURFACE_CURVE('',#11717,(#11722,#11729),.PCURVE_S1.);
#11717 = CIRCLE('',#11718,1.9);
#11718 = AXIS2_PLACEMENT_3D('',#11719,#11720,#11721);
#11719 = CARTESIAN_POINT('',(0.,93.,3.4));
#11720 = DIRECTION('',(0.,0.,1.));
#11721 = DIRECTION('',(1.,0.,-0.));
#11722 = PCURVE('',#10550,#11723);
#11723 = DEFINITIONAL_REPRESENTATION('',(#11724),#11728);
#11724 = LINE('',#11725,#11726);
#11725 = CARTESIAN_POINT('',(0.,3.4));
#11726 = VECTOR('',#11727,1.);
#11727 = DIRECTION('',(1.,0.));
#11728 = ( GEOMETRIC_REPRESENTATION_CONTEXT(2) 
PARAMETRIC_REPRESENTATION_CONTEXT() REPRESENTATION_CONTEXT('2D SPACE',''
  ) );
#11729 = PCURVE('',#11421,#11730);
#11730 = DEFINITIONAL_REPRESENTATION('',(#11731),#11735);
#11731 = LINE('',#11732,#11733);
#11732 = CARTESIAN_POINT('',(0.,0.));
#11733 = VECTOR('',#11734,1.);
#11734 = DIRECTION('',(1.,0.));
#11735 = ( GEOMETRIC_REPRESENTATION_CONTEXT(2) 
PARAMETRIC_REPRESENTATION_CONTEXT() REPRESENTATION_CONTEXT('2D SPACE',''
  ) );
#11736 = ORIENTED_EDGE('',*,*,#11737,.F.);
#11737 = EDGE_CURVE('',#10534,#11714,#11738,.T.);
#11738 = SEAM_CURVE('',#11739,(#11743,#11750),.PCURVE_S1.);
#11739 = LINE('',#11740,#11741);
#11740 = CARTESIAN_POINT('',(1.9,93.,0.));
#11741 = VECTOR('',#11742,1.);
#11742 = DIRECTION('',(0.,0.,1.));
#11743 = PCURVE('',#10550,#11744);
#11744 = DEFINITIONAL_REPRESENTATION('',(#11745),#11749);
#11745 = LINE('',#11746,#11747);
#11746 = CARTESIAN_POINT('',(6.28318530718,-0.));
#11747 = VECTOR('',#11748,1.);
#11748 = DIRECTION('',(0.,1.));
#11749 = ( GEOMETRIC_REPRESENTATION_CONTEXT(2) 
PARAMETRIC_REPRESENTATION_CONTEXT() REPRESENTATION_CONTEXT('2D SPACE',''
  ) );
#11750 = PCURVE('',#10550,#11751);
#11751 = DEFINITIONAL_REPRESENTATION('',(#11752),#11756);
#11752 = LINE('',#11753,#11754);
#11753 = CARTESIAN_POINT('',(0.,-0.));
#11754 = VECTOR('',#11755,1.);
#11755 = DIRECTION('',(0.,1.));
#11756 = ( GEOMETRIC_REPRESENTATION_CONTEXT(2) 
PARAMETRIC_REPRESENTATION_CONTEXT() REPRESENTATION_CONTEXT('2D SPACE',''
  ) );
#11757 = ORIENTED_EDGE('',*,*,#10533,.T.);
#11758 = ORIENTED_EDGE('',*,*,#11737,.T.);
#11759 = ADVANCED_FACE('',(#11760),#10626,.F.);
#11760 = FACE_BOUND('',#11761,.F.);
#11761 = EDGE_LOOP('',(#11762,#11763,#11764,#11765));
#11762 = ORIENTED_EDGE('',*,*,#10612,.F.);
#11763 = ORIENTED_EDGE('',*,*,#10745,.T.);
#11764 = ORIENTED_EDGE('',*,*,#11075,.T.);
#11765 = ORIENTED_EDGE('',*,*,#10643,.F.);
#11766 = ADVANCED_FACE('',(#11767),#10949,.T.);
#11767 = FACE_BOUND('',#11768,.T.);
#11768 = EDGE_LOOP('',(#11769,#11770,#11771,#11772));
#11769 = ORIENTED_EDGE('',*,*,#10817,.T.);
#11770 = ORIENTED_EDGE('',*,*,#11051,.T.);
#11771 = ORIENTED_EDGE('',*,*,#11102,.F.);
#11772 = ORIENTED_EDGE('',*,*,#11357,.F.);
#11773 = ADVANCED_FACE('',(#11774),#11322,.T.);
#11774 = FACE_BOUND('',#11775,.T.);
#11775 = EDGE_LOOP('',(#11776,#11777,#11778,#11779));
#11776 = ORIENTED_EDGE('',*,*,#11304,.T.);
#11777 = ORIENTED_EDGE('',*,*,#11567,.F.);
#11778 = ORIENTED_EDGE('',*,*,#11485,.F.);
#11779 = ORIENTED_EDGE('',*,*,#11436,.T.);
#11780 = ADVANCED_FACE('',(#11781),#11421,.F.);
#11781 = FACE_BOUND('',#11782,.F.);
#11782 = EDGE_LOOP('',(#11783,#11784,#11805,#11806));
#11783 = ORIENTED_EDGE('',*,*,#11404,.F.);
#11784 = ORIENTED_EDGE('',*,*,#11785,.F.);
#11785 = EDGE_CURVE('',#11714,#11405,#11786,.T.);
#11786 = SEAM_CURVE('',#11787,(#11791,#11798),.PCURVE_S1.);
#11787 = LINE('',#11788,#11789);
#11788 = CARTESIAN_POINT('',(1.9,93.,3.4));
#11789 = VECTOR('',#11790,1.);
#11790 = DIRECTION('',(0.707106781187,-1.731912112471E-16,0.707106781187
    ));
#11791 = PCURVE('',#11421,#11792);
#11792 = DEFINITIONAL_REPRESENTATION('',(#11793),#11797);
#11793 = LINE('',#11794,#11795);
#11794 = CARTESIAN_POINT('',(6.28318530718,-0.));
#11795 = VECTOR('',#11796,1.);
#11796 = DIRECTION('',(0.,1.));
#11797 = ( GEOMETRIC_REPRESENTATION_CONTEXT(2) 
PARAMETRIC_REPRESENTATION_CONTEXT() REPRESENTATION_CONTEXT('2D SPACE',''
  ) );
#11798 = PCURVE('',#11421,#11799);
#11799 = DEFINITIONAL_REPRESENTATION('',(#11800),#11804);
#11800 = LINE('',#11801,#11802);
#11801 = CARTESIAN_POINT('',(0.,-0.));
#11802 = VECTOR('',#11803,1.);
#11803 = DIRECTION('',(0.,1.));
#11804 = ( GEOMETRIC_REPRESENTATION_CONTEXT(2) 
PARAMETRIC_REPRESENTATION_CONTEXT() REPRESENTATION_CONTEXT('2D SPACE',''
  ) );
#11805 = ORIENTED_EDGE('',*,*,#11713,.T.);
#11806 = ORIENTED_EDGE('',*,*,#11785,.T.);
#11807 = ADVANCED_FACE('',(#11808),#11658,.F.);
#11808 = FACE_BOUND('',#11809,.F.);
#11809 = EDGE_LOOP('',(#11810));
#11810 = ORIENTED_EDGE('',*,*,#11643,.T.);
#11811 = ( GEOMETRIC_REPRESENTATION_CONTEXT(3) 
GLOBAL_UNCERTAINTY_ASSIGNED_CONTEXT((#11815)) 
GLOBAL_UNIT_ASSIGNED_CONTEXT((#11812,#11813,#11814)) 
REPRESENTATION_CONTEXT('Context #1',
  '3D Context with UNIT and UNCERTAINTY') );
#11812 = ( LENGTH_UNIT() NAMED_UNIT(*) SI_UNIT(.MILLI.,.METRE.) );
#11813 = ( NAMED_UNIT(*) PLANE_ANGLE_UNIT() SI_UNIT($,.RADIAN.) );
#11814 = ( NAMED_UNIT(*) SI_UNIT($,.STERADIAN.) SOLID_ANGLE_UNIT() );
#11815 = UNCERTAINTY_MEASURE_WITH_UNIT(LENGTH_MEASURE(2.E-06),#11812,
  'distance_accuracy_value','confusion accuracy');
#11816 = PRODUCT_RELATED_PRODUCT_CATEGORY('part',$,(#7));
ENDSEC;
END-ISO-10303-21;
