ISO-10303-21;
HEADER;
FILE_DESCRIPTION(('Open CASCADE Model'),'2;1');
FILE_NAME('Open CASCADE Shape Model','2026-10-05T12:10:46',('Author'),(
    'Open CASCADE'),'Open CASCADE STEP processor 7.9','Open CASCADE 7.9'
  ,'Unknown');
FILE_SCHEMA(('AUTOMOTIVE_DESIGN { 1 0 10303 214 1 1 1 1 }'));
ENDSEC;
DATA;
#1 = APPLICATION_PROTOCOL_DEFINITION('international standard',
  'automotive_design',2000,#2);
#2 = APPLICATION_CONTEXT(
  'core data for automotive mechanical design processes');
#3 = SHAPE_DEFINITION_REPRESENTATION(#4,#10);
#4 = PRODUCT_DEFINITION_SHAPE('','',#5);
#5 = PRODUCT_DEFINITION('design','',#6,#9);
#6 = PRODUCT_DEFINITION_FORMATION('','',#7);
#7 = PRODUCT('Open CASCADE STEP translator 7.9 1',
  'Open CASCADE STEP translator 7.9 1','',(#8));
#8 = PRODUCT_CONTEXT('',#2,'mechanical');
#9 = PRODUCT_DEFINITION_CONTEXT('part definition',#2,'design');
#10 = ADVANCED_BREP_SHAPE_REPRESENTATION('',(#11,#15),#12821);
#11 = AXIS2_PLACEMENT_3D('',#12,#13,#14);
#12 = CARTESIAN_POINT('',(0.,0.,0.));
#13 = DIRECTION('',(0.,0.,1.));
#14 = DIRECTION('',(1.,0.,-0.));
#15 = MANIFOLD_SOLID_BREP('',#16);
#16 = CLOSED_SHELL('',(#17,#1778,#1864,#1965,#2066,#2236,#2406,#2535,
    #2664,#2990,#3265,#3514,#3759,#3869,#3975,#4029,#4083,#4138,#4193,
    #4247,#4301,#4356,#4411,#4465,#4519,#4598,#4681,#4737,#4793,#4825,
    #4880,#5041,#5139,#5237,#5264,#5270,#5297,#5303,#5755,#5781,#5808,
    #5866,#5948,#5975,#6002,#6566,#6593,#6624,#6711,#6760,#6807,#6813,
    #6845,#6928,#6960,#7043,#7093,#7143,#7198,#7253,#7303,#7353,#7408,
    #7463,#7513,#7563,#7618,#7673,#7728,#7783,#7815,#7870,#7945,#8026,
    #8075,#8129,#8156,#8184,#8212,#8361,#8603,#8629,#8656,#8714,#8796,
    #8869,#8923,#8950,#9099,#9281,#9307,#9334,#9387,#9464,#9541,#9616,
    #9690,#9765,#9815,#9864,#9891,#9918,#9960,#9987,#10029,#10084,#10139
    ,#10166,#10367,#10395,#11075,#11171,#11333,#11360,#11407,#11435,
    #11442,#11516,#11543,#11571,#11630,#11657,#11684,#11691,#11741,
    #11908,#12134,#12256,#12528,#12642,#12649,#12658,#12685,#12689,
    #12738,#12787,#12814));
#17 = ADVANCED_FACE('',(#18,#1747),#32,.T.);
#18 = FACE_BOUND('',#19,.T.);
#19 = EDGE_LOOP('',(#20,#55,#83,#293,#323,#584,#612,#645,#673,#702,#730,
    #763,#791,#820,#843,#876,#904,#937,#965,#998,#1026,#1055,#1083,#1116
    ,#1144,#1173,#1196,#1406,#1436,#1721));
#20 = ORIENTED_EDGE('',*,*,#21,.F.);
#21 = EDGE_CURVE('',#22,#24,#26,.T.);
#22 = VERTEX_POINT('',#23);
#23 = CARTESIAN_POINT('',(-6.,66.2,3.));
#24 = VERTEX_POINT('',#25);
#25 = CARTESIAN_POINT('',(6.,66.2,3.));
#26 = SURFACE_CURVE('',#27,(#31,#43),.PCURVE_S1.);
#27 = LINE('',#28,#29);
#28 = CARTESIAN_POINT('',(-6.,66.2,3.));
#29 = VECTOR('',#30,1.);
#30 = DIRECTION('',(1.,0.,0.));
#31 = PCURVE('',#32,#37);
#32 = PLANE('',#33);
#33 = AXIS2_PLACEMENT_3D('',#34,#35,#36);
#34 = CARTESIAN_POINT('',(-9.,0.,3.));
#35 = DIRECTION('',(0.,0.,1.));
#36 = DIRECTION('',(1.,0.,0.));
#37 = DEFINITIONAL_REPRESENTATION('',(#38),#42);
#38 = LINE('',#39,#40);
#39 = CARTESIAN_POINT('',(3.,66.2));
#40 = VECTOR('',#41,1.);
#41 = DIRECTION('',(1.,0.));
#42 = ( GEOMETRIC_REPRESENTATION_CONTEXT(2) 
PARAMETRIC_REPRESENTATION_CONTEXT() REPRESENTATION_CONTEXT('2D SPACE',''
  ) );
#43 = PCURVE('',#44,#49);
#44 = CYLINDRICAL_SURFACE('',#45,0.8);
#45 = AXIS2_PLACEMENT_3D('',#46,#47,#48);
#46 = CARTESIAN_POINT('',(-6.,66.2,3.8));
#47 = DIRECTION('',(1.,0.,0.));
#48 = DIRECTION('',(0.,0.,-1.));
#49 = DEFINITIONAL_REPRESENTATION('',(#50),#54);
#50 = LINE('',#51,#52);
#51 = CARTESIAN_POINT('',(0.,0.));
#52 = VECTOR('',#53,1.);
#53 = DIRECTION('',(0.,1.));
#54 = ( GEOMETRIC_REPRESENTATION_CONTEXT(2) 
PARAMETRIC_REPRESENTATION_CONTEXT() REPRESENTATION_CONTEXT('2D SPACE',''
  ) );
#55 = ORIENTED_EDGE('',*,*,#56,.T.);
#56 = EDGE_CURVE('',#22,#57,#59,.T.);
#57 = VERTEX_POINT('',#58);
#58 = CARTESIAN_POINT('',(-6.,62.109057691901,3.));
#59 = SURFACE_CURVE('',#60,(#64,#71),.PCURVE_S1.);
#60 = LINE('',#61,#62);
#61 = CARTESIAN_POINT('',(-6.,67.,3.));
#62 = VECTOR('',#63,1.);
#63 = DIRECTION('',(0.,-1.,0.));
#64 = PCURVE('',#32,#65);
#65 = DEFINITIONAL_REPRESENTATION('',(#66),#70);
#66 = LINE('',#67,#68);
#67 = CARTESIAN_POINT('',(3.,67.));
#68 = VECTOR('',#69,1.);
#69 = DIRECTION('',(0.,-1.));
#70 = ( GEOMETRIC_REPRESENTATION_CONTEXT(2) 
PARAMETRIC_REPRESENTATION_CONTEXT() REPRESENTATION_CONTEXT('2D SPACE',''
  ) );
#71 = PCURVE('',#72,#77);
#72 = PLANE('',#73);
#73 = AXIS2_PLACEMENT_3D('',#74,#75,#76);
#74 = CARTESIAN_POINT('',(-6.,65.24771827212,8.104869081029));
#75 = DIRECTION('',(-1.,-0.,-0.));
#76 = DIRECTION('',(0.,0.,-1.));
#77 = DEFINITIONAL_REPRESENTATION('',(#78),#82);
#78 = LINE('',#79,#80);
#79 = CARTESIAN_POINT('',(5.104869081029,-1.75228172788));
#80 = VECTOR('',#81,1.);
#81 = DIRECTION('',(0.,1.));
#82 = ( GEOMETRIC_REPRESENTATION_CONTEXT(2) 
PARAMETRIC_REPRESENTATION_CONTEXT() REPRESENTATION_CONTEXT('2D SPACE',''
  ) );
#83 = ORIENTED_EDGE('',*,*,#84,.F.);
#84 = EDGE_CURVE('',#85,#57,#87,.T.);
#85 = VERTEX_POINT('',#86);
#86 = CARTESIAN_POINT('',(-6.6,60.5,3.));
#87 = SURFACE_CURVE('',#88,(#116,#147),.PCURVE_S1.);
#88 = B_SPLINE_CURVE_WITH_KNOTS('',6,(#89,#90,#91,#92,#93,#94,#95,#96,
    #97,#98,#99,#100,#101,#102,#103,#104,#105,#106,#107,#108,#109,#110,
    #111,#112,#113,#114,#115),.UNSPECIFIED.,.F.,.F.,(7,5,5,5,5,7),(0.,
    0.213223751201,0.299856929261,0.571079050449,0.839915608814,1.),
  .UNSPECIFIED.);
#89 = CARTESIAN_POINT('',(-6.6,60.499999999838,3.));
#90 = CARTESIAN_POINT('',(-6.569939446624,60.549470356034,3.));
#91 = CARTESIAN_POINT('',(-6.539171998326,60.600105705607,3.));
#92 = CARTESIAN_POINT('',(-6.507862504362,60.651921806659,3.));
#93 = CARTESIAN_POINT('',(-6.476222420629,60.704936774385,3.));
#94 = CARTESIAN_POINT('',(-6.444500212751,60.759151311997,3.));
#95 = CARTESIAN_POINT('',(-6.400161694071,60.837028968134,3.));
#96 = CARTESIAN_POINT('',(-6.387383558245,60.859720890607,3.));
#97 = CARTESIAN_POINT('',(-6.374655949159,60.882602318691,3.));
#98 = CARTESIAN_POINT('',(-6.361997905694,60.90566955647,3.));
#99 = CARTESIAN_POINT('',(-6.349428908144,60.92891760249,3.));
#100 = CARTESIAN_POINT('',(-6.297960315619,61.025669018625,3.));
#101 = CARTESIAN_POINT('',(-6.260019534385,61.100707700266,3.));
#102 = CARTESIAN_POINT('',(-6.223751703559,61.177259780269,3.));
#103 = CARTESIAN_POINT('',(-6.189785805921,61.254984069754,3.));
#104 = CARTESIAN_POINT('',(-6.158665698274,61.333353035016,3.));
#105 = CARTESIAN_POINT('',(-6.103114582651,61.489488063368,3.));
#106 = CARTESIAN_POINT('',(-6.078626982182,61.567253975081,3.));
#107 = CARTESIAN_POINT('',(-6.057673030247,61.644476751076,3.));
#108 = CARTESIAN_POINT('',(-6.040462179257,61.720493659434,3.));
#109 = CARTESIAN_POINT('',(-6.026989829101,61.79468424406,3.));
#110 = CARTESIAN_POINT('',(-6.011221086493,61.909339893287,3.));
#111 = CARTESIAN_POINT('',(-6.006608271152,61.951307470324,3.));
#112 = CARTESIAN_POINT('',(-6.003236339503,61.992344044909,3.));
#113 = CARTESIAN_POINT('',(-6.001054856847,62.032359459327,3.));
#114 = CARTESIAN_POINT('',(-6.,62.071281281767,3.));
#115 = CARTESIAN_POINT('',(-6.,62.109056563987,3.));
#116 = PCURVE('',#32,#117);
#117 = DEFINITIONAL_REPRESENTATION('',(#118),#146);
#118 = B_SPLINE_CURVE_WITH_KNOTS('',6,(#119,#120,#121,#122,#123,#124,
    #125,#126,#127,#128,#129,#130,#131,#132,#133,#134,#135,#136,#137,
    #138,#139,#140,#141,#142,#143,#144,#145),.UNSPECIFIED.,.F.,.F.,(7,5,
    5,5,5,7),(0.,0.213223751201,0.299856929261,0.571079050449,
    0.839915608814,1.),.UNSPECIFIED.);
#119 = CARTESIAN_POINT('',(2.4,60.499999999838));
#120 = CARTESIAN_POINT('',(2.430060553376,60.549470356034));
#121 = CARTESIAN_POINT('',(2.460828001674,60.600105705607));
#122 = CARTESIAN_POINT('',(2.492137495638,60.651921806659));
#123 = CARTESIAN_POINT('',(2.523777579371,60.704936774385));
#124 = CARTESIAN_POINT('',(2.555499787249,60.759151311997));
#125 = CARTESIAN_POINT('',(2.599838305929,60.837028968134));
#126 = CARTESIAN_POINT('',(2.612616441755,60.859720890607));
#127 = CARTESIAN_POINT('',(2.625344050841,60.882602318691));
#128 = CARTESIAN_POINT('',(2.638002094306,60.90566955647));
#129 = CARTESIAN_POINT('',(2.650571091856,60.92891760249));
#130 = CARTESIAN_POINT('',(2.702039684381,61.025669018625));
#131 = CARTESIAN_POINT('',(2.739980465615,61.100707700266));
#132 = CARTESIAN_POINT('',(2.776248296441,61.177259780269));
#133 = CARTESIAN_POINT('',(2.810214194079,61.254984069754));
#134 = CARTESIAN_POINT('',(2.841334301726,61.333353035016));
#135 = CARTESIAN_POINT('',(2.896885417349,61.489488063368));
#136 = CARTESIAN_POINT('',(2.921373017818,61.567253975081));
#137 = CARTESIAN_POINT('',(2.942326969753,61.644476751076));
#138 = CARTESIAN_POINT('',(2.959537820743,61.720493659434));
#139 = CARTESIAN_POINT('',(2.973010170899,61.79468424406));
#140 = CARTESIAN_POINT('',(2.988778913507,61.909339893287));
#141 = CARTESIAN_POINT('',(2.993391728848,61.951307470324));
#142 = CARTESIAN_POINT('',(2.996763660497,61.992344044909));
#143 = CARTESIAN_POINT('',(2.998945143153,62.032359459327));
#144 = CARTESIAN_POINT('',(3.,62.071281281767));
#145 = CARTESIAN_POINT('',(3.,62.109056563987));
#146 = ( GEOMETRIC_REPRESENTATION_CONTEXT(2) 
PARAMETRIC_REPRESENTATION_CONTEXT() REPRESENTATION_CONTEXT('2D SPACE',''
  ) );
#147 = PCURVE('',#148,#263);
#148 = ( BOUNDED_SURFACE() B_SPLINE_SURFACE(2,10,(
    (#149,#150,#151,#152,#153,#154,#155,#156,#157,#158,#159,#160,#161
      ,#162,#163,#164,#165,#166,#167,#168,#169,#170,#171,#172,#173,#174
      ,#175,#176,#177,#178,#179,#180,#181,#182,#183,#184,#185,#186)
    ,(#187,#188,#189,#190,#191,#192,#193,#194,#195,#196,#197,#198,#199
      ,#200,#201,#202,#203,#204,#205,#206,#207,#208,#209,#210,#211,#212
      ,#213,#214,#215,#216,#217,#218,#219,#220,#221,#222,#223,#224)
    ,(#225,#226,#227,#228,#229,#230,#231,#232,#233,#234,#235,#236,#237
      ,#238,#239,#240,#241,#242,#243,#244,#245,#246,#247,#248,#249,#250
      ,#251,#252,#253,#254,#255,#256,#257,#258,#259,#260,#261,#262
)),.UNSPECIFIED.,.F.,.F.,.F.) B_SPLINE_SURFACE_WITH_KNOTS((3,3),(11,9,9,
    9,11),(0.,15.103269068731),(-0.884673324067,-2.010239629736E-14,
    7.551634534365,15.103269068731,15.599214995183),.UNSPECIFIED.) 
GEOMETRIC_REPRESENTATION_ITEM() RATIONAL_B_SPLINE_SURFACE((
    (1.,1.,1.,1.,1.,1.,1.,1.,1.,1.,1.,1.,1.,1.,1.,1.,1.,1.,1.,1.,1.,1.
      ,1.,1.,1.,1.,1.,1.,1.,1.,1.,1.,1.,1.,1.,1.,1.,1.)
    ,(0.707106781187,0.707106781187,0.707106781187,0.707106781187
      ,0.707106781187,0.707106781187,0.707106781187,0.707106781187
      ,0.707106781187,0.707106781187,0.707106781187,0.707106781186
      ,0.707106781187,0.707106781186,0.707106781187,0.707106781186
      ,0.707106781187,0.707106781186,0.707106781187,0.707106781187
      ,0.707106781186,0.707106781187,0.707106781186,0.707106781187
      ,0.707106781186,0.707106781187,0.707106781186,0.707106781187
      ,0.707106781187,0.707106781187,0.707106781187,0.707106781187
      ,0.707106781187,0.707106781187,0.707106781187,0.707106781187
      ,0.707106781187,0.707106781187)
    ,(1.,1.,1.,1.,1.,1.,1.,1.,1.,1.,1.,1.,1.,1.,1.,1.,1.,1.,1.,1.,1.,1.
      ,1.,1.,1.,1.,1.,1.,1.,1.,1.,1.,1.,1.,1.,1.,1.,1.
))) REPRESENTATION_ITEM('') SURFACE() );
#149 = CARTESIAN_POINT('',(-6.6,59.615326675933,3.));
#150 = CARTESIAN_POINT('',(-6.6,59.754187619221,3.));
#151 = CARTESIAN_POINT('',(-6.6,59.881849982312,3.));
#152 = CARTESIAN_POINT('',(-6.6,59.998313765208,3.));
#153 = CARTESIAN_POINT('',(-6.6,60.103578967909,3.));
#154 = CARTESIAN_POINT('',(-6.6,60.197645590413,3.));
#155 = CARTESIAN_POINT('',(-6.6,60.280513632722,3.));
#156 = CARTESIAN_POINT('',(-6.6,60.352183094835,3.));
#157 = CARTESIAN_POINT('',(-6.6,60.412653976753,3.));
#158 = CARTESIAN_POINT('',(-6.6,60.461926278474,3.));
#159 = CARTESIAN_POINT('',(-6.600000000001,60.825000000005,3.));
#160 = CARTESIAN_POINT('',(-6.599999999998,61.14999999998,3.072222222221
    ));
#161 = CARTESIAN_POINT('',(-6.600000000005,61.475000000044,3.21666666667
    ));
#162 = CARTESIAN_POINT('',(-6.599999999993,61.799999999933,
    3.433333333329));
#163 = CARTESIAN_POINT('',(-6.600000000008,62.125000000073,
    3.722222222227));
#164 = CARTESIAN_POINT('',(-6.599999999994,62.449999999941,
    4.083333333329));
#165 = CARTESIAN_POINT('',(-6.600000000004,62.775000000034,
    4.516666666669));
#166 = CARTESIAN_POINT('',(-6.599999999999,63.099999999987,
    5.022222222221));
#167 = CARTESIAN_POINT('',(-6.6,63.425000000002,5.6));
#168 = CARTESIAN_POINT('',(-6.6,64.074999999999,6.9));
#169 = CARTESIAN_POINT('',(-6.6,64.399999999999,7.622222222222));
#170 = CARTESIAN_POINT('',(-6.6,64.725000000003,8.416666666668));
#171 = CARTESIAN_POINT('',(-6.599999999999,65.049999999993,
    9.283333333332));
#172 = CARTESIAN_POINT('',(-6.600000000001,65.375000000011,
    10.222222222224));
#173 = CARTESIAN_POINT('',(-6.599999999999,65.699999999989,
    11.233333333331));
#174 = CARTESIAN_POINT('',(-6.600000000001,66.025000000007,
    12.316666666668));
#175 = CARTESIAN_POINT('',(-6.6,66.349999999997,13.472222222222));
#176 = CARTESIAN_POINT('',(-6.6,66.675000000001,14.7));
#177 = CARTESIAN_POINT('',(-6.6,67.021344044837,16.085376179349));
#178 = CARTESIAN_POINT('',(-6.6,67.042713075213,16.170852300853));
#179 = CARTESIAN_POINT('',(-6.6,67.064107091127,16.25642836451));
#180 = CARTESIAN_POINT('',(-6.6,67.08552609258,16.342104370322));
#181 = CARTESIAN_POINT('',(-6.6,67.106970079571,16.427880318287));
#182 = CARTESIAN_POINT('',(-6.6,67.128439052101,16.513756208406));
#183 = CARTESIAN_POINT('',(-6.6,67.149933010169,16.599732040679));
#184 = CARTESIAN_POINT('',(-6.6,67.171451953776,16.685807815106));
#185 = CARTESIAN_POINT('',(-6.6,67.192995882921,16.771983531687));
#186 = CARTESIAN_POINT('',(-6.6,67.214564797605,16.858259190422));
#187 = CARTESIAN_POINT('',(-6.,59.615326675933,3.));
#188 = CARTESIAN_POINT('',(-6.,59.754187619221,3.));
#189 = CARTESIAN_POINT('',(-6.,59.881849982313,3.));
#190 = CARTESIAN_POINT('',(-6.,59.99831376521,3.));
#191 = CARTESIAN_POINT('',(-6.,60.10357896791,3.));
#192 = CARTESIAN_POINT('',(-6.,60.197645590415,3.));
#193 = CARTESIAN_POINT('',(-6.,60.280513632724,3.));
#194 = CARTESIAN_POINT('',(-6.,60.352183094837,3.));
#195 = CARTESIAN_POINT('',(-6.,60.412653976754,3.));
#196 = CARTESIAN_POINT('',(-6.,60.461926278475,3.));
#197 = CARTESIAN_POINT('',(-6.,60.825,3.));
#198 = CARTESIAN_POINT('',(-6.,61.15,3.072222222222));
#199 = CARTESIAN_POINT('',(-6.,61.475000000001,3.216666666667));
#200 = CARTESIAN_POINT('',(-6.,61.799999999999,3.433333333333));
#201 = CARTESIAN_POINT('',(-6.,62.125000000001,3.722222222223));
#202 = CARTESIAN_POINT('',(-6.,62.45,4.083333333333));
#203 = CARTESIAN_POINT('',(-6.,62.775,4.516666666666));
#204 = CARTESIAN_POINT('',(-6.,63.1,5.022222222222));
#205 = CARTESIAN_POINT('',(-6.,63.425,5.6));
#206 = CARTESIAN_POINT('',(-6.,64.075,6.9));
#207 = CARTESIAN_POINT('',(-6.,64.4,7.622222222222));
#208 = CARTESIAN_POINT('',(-6.,64.725,8.416666666667));
#209 = CARTESIAN_POINT('',(-6.,65.05,9.283333333333));
#210 = CARTESIAN_POINT('',(-6.,65.375,10.222222222222));
#211 = CARTESIAN_POINT('',(-6.,65.700000000001,11.233333333334));
#212 = CARTESIAN_POINT('',(-6.,66.025,12.316666666666));
#213 = CARTESIAN_POINT('',(-6.,66.35,13.472222222223));
#214 = CARTESIAN_POINT('',(-6.,66.675,14.7));
#215 = CARTESIAN_POINT('',(-6.,67.021344044837,16.085376179349));
#216 = CARTESIAN_POINT('',(-6.,67.042713075213,16.170852300853));
#217 = CARTESIAN_POINT('',(-6.,67.064107091128,16.25642836451));
#218 = CARTESIAN_POINT('',(-6.,67.08552609258,16.342104370322));
#219 = CARTESIAN_POINT('',(-6.,67.106970079572,16.427880318287));
#220 = CARTESIAN_POINT('',(-6.,67.128439052102,16.513756208406));
#221 = CARTESIAN_POINT('',(-6.,67.14993301017,16.599732040679));
#222 = CARTESIAN_POINT('',(-6.,67.171451953777,16.685807815106));
#223 = CARTESIAN_POINT('',(-6.,67.192995882922,16.771983531687));
#224 = CARTESIAN_POINT('',(-6.,67.214564797606,16.858259190422));
#225 = CARTESIAN_POINT('',(-6.,59.615326675933,2.4));
#226 = CARTESIAN_POINT('',(-6.,59.740129629734,2.4));
#227 = CARTESIAN_POINT('',(-6.,59.856858001003,2.4));
#228 = CARTESIAN_POINT('',(-6.,59.965511789741,2.4));
#229 = CARTESIAN_POINT('',(-6.,60.066090995945,2.4));
#230 = CARTESIAN_POINT('',(-6.,60.158595619618,2.4));
#231 = CARTESIAN_POINT('',(-6.,60.243025660759,2.4));
#232 = CARTESIAN_POINT('',(-6.,60.319381119367,2.4));
#233 = CARTESIAN_POINT('',(-6.,60.387661995444,2.4));
#234 = CARTESIAN_POINT('',(-6.,60.447868288988,2.4));
#235 = CARTESIAN_POINT('',(-6.000000000001,60.945000000005,2.4));
#236 = CARTESIAN_POINT('',(-5.999999999998,61.389833415055,
    2.498735111068));
#237 = CARTESIAN_POINT('',(-6.000000000004,61.816221869283,
    2.697483607034));
#238 = CARTESIAN_POINT('',(-5.999999999993,62.195150699629,
    2.974518512879));
#239 = CARTESIAN_POINT('',(-6.000000000007,62.566563116202,
    3.301670933917));
#240 = CARTESIAN_POINT('',(-5.999999999994,62.921548277328,
    3.708151353787));
#241 = CARTESIAN_POINT('',(-6.000000000003,63.26978854735,4.172481924891
    ));
#242 = CARTESIAN_POINT('',(-5.999999999999,63.612337804751,
    4.707750422845));
#243 = CARTESIAN_POINT('',(-6.,63.95092318831,5.310205590116));
#244 = CARTESIAN_POINT('',(-6.,64.622389440891,6.653138095284));
#245 = CARTESIAN_POINT('',(-6.,64.955273533431,7.39348399496));
#246 = CARTESIAN_POINT('',(-6.,65.286333065917,8.203439947864));
#247 = CARTESIAN_POINT('',(-5.999999999999,65.616166185248,
    9.083552731473));
#248 = CARTESIAN_POINT('',(-6.000000000001,65.945110868075,
    10.034228704014));
#249 = CARTESIAN_POINT('',(-5.999999999999,66.273368337991,
    11.05577027407));
#250 = CARTESIAN_POINT('',(-6.000000000001,66.601083744105,
    12.148405630513));
#251 = CARTESIAN_POINT('',(-6.,66.928384099952,13.312311732576));
#252 = CARTESIAN_POINT('',(-6.,67.255373483911,14.547630560271));
#253 = CARTESIAN_POINT('',(-6.,67.603541979848,15.94030454402));
#254 = CARTESIAN_POINT('',(-6.,67.624998459608,16.026130463063));
#255 = CARTESIAN_POINT('',(-6.,67.646454939369,16.111956382105));
#256 = CARTESIAN_POINT('',(-6.,67.667911419129,16.197782301147));
#257 = CARTESIAN_POINT('',(-6.,67.68936789889,16.283608220189));
#258 = CARTESIAN_POINT('',(-6.,67.71082437865,16.369434139232));
#259 = CARTESIAN_POINT('',(-6.,67.732280858411,16.455260058274));
#260 = CARTESIAN_POINT('',(-6.,67.753737338171,16.541085977316));
#261 = CARTESIAN_POINT('',(-6.,67.775193817932,16.626911896358));
#262 = CARTESIAN_POINT('',(-6.,67.796650297692,16.712737815401));
#263 = DEFINITIONAL_REPRESENTATION('',(#264),#292);
#264 = B_SPLINE_CURVE_WITH_KNOTS('',6,(#265,#266,#267,#268,#269,#270,
    #271,#272,#273,#274,#275,#276,#277,#278,#279,#280,#281,#282,#283,
    #284,#285,#286,#287,#288,#289,#290,#291),.UNSPECIFIED.,.F.,.F.,(7,5,
    5,5,5,7),(0.,0.213223751201,0.299856929261,0.571079050449,
    0.839915608814,1.),.UNSPECIFIED.);
#265 = CARTESIAN_POINT('',(0.,-3.763503431458E-10));
#266 = CARTESIAN_POINT('',(0.535056519024,0.11494887309));
#267 = CARTESIAN_POINT('',(1.069382788607,0.232601867207));
#268 = CARTESIAN_POINT('',(1.603081088883,0.352429769261));
#269 = CARTESIAN_POINT('',(2.13630121132,0.473747942664));
#270 = CARTESIAN_POINT('',(2.669222737027,0.595802990372));
#271 = CARTESIAN_POINT('',(3.418520797541,0.767451155592));
#272 = CARTESIAN_POINT('',(3.634986118503,0.817043198301));
#273 = CARTESIAN_POINT('',(3.851445902876,0.866585702281));
#274 = CARTESIAN_POINT('',(4.067912537856,0.916030047859));
#275 = CARTESIAN_POINT('',(4.284398172894,0.965328839844));
#276 = CARTESIAN_POINT('',(5.178762149633,1.168175194916));
#277 = CARTESIAN_POINT('',(5.856911080199,1.320036759743));
#278 = CARTESIAN_POINT('',(6.535726519378,1.468615059981));
#279 = CARTESIAN_POINT('',(7.215512811616,1.61269048571));
#280 = CARTESIAN_POINT('',(7.896481703348,1.751369824487));
#281 = CARTESIAN_POINT('',(9.255013424792,2.015516203227));
#282 = CARTESIAN_POINT('',(9.932561097195,2.141090534506));
#283 = CARTESIAN_POINT('',(10.611489383303,2.260137955288));
#284 = CARTESIAN_POINT('',(11.291834518403,2.37232134543));
#285 = CARTESIAN_POINT('',(11.97356141318,2.477542289099));
#286 = CARTESIAN_POINT('',(13.063278652615,2.634428471392));
#287 = CARTESIAN_POINT('',(13.470446542377,2.69054031392));
#288 = CARTESIAN_POINT('',(13.878053001204,2.744225962078));
#289 = CARTESIAN_POINT('',(14.286075952549,2.795523751759));
#290 = CARTESIAN_POINT('',(14.694490424881,2.844489248538));
#291 = CARTESIAN_POINT('',(15.103269068731,2.891190085209));
#292 = ( GEOMETRIC_REPRESENTATION_CONTEXT(2) 
PARAMETRIC_REPRESENTATION_CONTEXT() REPRESENTATION_CONTEXT('2D SPACE',''
  ) );
#293 = ORIENTED_EDGE('',*,*,#294,.F.);
#294 = EDGE_CURVE('',#295,#85,#297,.T.);
#295 = VERTEX_POINT('',#296);
#296 = CARTESIAN_POINT('',(-8.4,60.5,3.));
#297 = SURFACE_CURVE('',#298,(#302,#309),.PCURVE_S1.);
#298 = LINE('',#299,#300);
#299 = CARTESIAN_POINT('',(-9.,60.5,3.));
#300 = VECTOR('',#301,1.);
#301 = DIRECTION('',(1.,0.,0.));
#302 = PCURVE('',#32,#303);
#303 = DEFINITIONAL_REPRESENTATION('',(#304),#308);
#304 = LINE('',#305,#306);
#305 = CARTESIAN_POINT('',(0.,60.5));
#306 = VECTOR('',#307,1.);
#307 = DIRECTION('',(1.,0.));
#308 = ( GEOMETRIC_REPRESENTATION_CONTEXT(2) 
PARAMETRIC_REPRESENTATION_CONTEXT() REPRESENTATION_CONTEXT('2D SPACE',''
  ) );
#309 = PCURVE('',#310,#317);
#310 = SURFACE_OF_LINEAR_EXTRUSION('',#311,#315);
#311 = B_SPLINE_CURVE_WITH_KNOTS('',2,(#312,#313,#314),.UNSPECIFIED.,.F.
  ,.F.,(3,3),(0.,1.),.PIECEWISE_BEZIER_KNOTS.);
#312 = CARTESIAN_POINT('',(-9.,60.5,3.));
#313 = CARTESIAN_POINT('',(-9.,63.75,3.));
#314 = CARTESIAN_POINT('',(-9.,67.,16.));
#315 = VECTOR('',#316,1.);
#316 = DIRECTION('',(-1.,-0.,-0.));
#317 = DEFINITIONAL_REPRESENTATION('',(#318),#322);
#318 = LINE('',#319,#320);
#319 = CARTESIAN_POINT('',(0.,0.));
#320 = VECTOR('',#321,1.);
#321 = DIRECTION('',(0.,-1.));
#322 = ( GEOMETRIC_REPRESENTATION_CONTEXT(2) 
PARAMETRIC_REPRESENTATION_CONTEXT() REPRESENTATION_CONTEXT('2D SPACE',''
  ) );
#323 = ORIENTED_EDGE('',*,*,#324,.T.);
#324 = EDGE_CURVE('',#295,#325,#327,.T.);
#325 = VERTEX_POINT('',#326);
#326 = CARTESIAN_POINT('',(-8.5,60.665574019609,3.));
#327 = SURFACE_CURVE('',#328,(#373,#421),.PCURVE_S1.);
#328 = B_SPLINE_CURVE_WITH_KNOTS('',7,(#329,#330,#331,#332,#333,#334,
    #335,#336,#337,#338,#339,#340,#341,#342,#343,#344,#345,#346,#347,
    #348,#349,#350,#351,#352,#353,#354,#355,#356,#357,#358,#359,#360,
    #361,#362,#363,#364,#365,#366,#367,#368,#369,#370,#371,#372),
  .UNSPECIFIED.,.F.,.F.,(8,6,6,6,6,6,6,8),(0.,5.120799124443E-02,
    0.101472656562,0.213223539053,0.299856740472,0.571078934794,
    0.839915565649,1.),.UNSPECIFIED.);
#329 = CARTESIAN_POINT('',(-8.4,60.500000055358,3.));
#330 = CARTESIAN_POINT('',(-8.406188008244,60.510183440729,3.));
#331 = CARTESIAN_POINT('',(-8.412405148047,60.520415475057,3.));
#332 = CARTESIAN_POINT('',(-8.418650154124,60.530694581002,3.));
#333 = CARTESIAN_POINT('',(-8.424921575701,60.54102300799,3.));
#334 = CARTESIAN_POINT('',(-8.431218030001,60.551399102473,3.));
#335 = CARTESIAN_POINT('',(-8.437537985075,60.561823976476,3.));
#336 = CARTESIAN_POINT('',(-8.45010497468,60.582577908709,3.));
#337 = CARTESIAN_POINT('',(-8.456351206926,60.592905240626,3.));
#338 = CARTESIAN_POINT('',(-8.462617115452,60.60327951479,3.));
#339 = CARTESIAN_POINT('',(-8.468901173233,60.613700824354,3.));
#340 = CARTESIAN_POINT('',(-8.475201800987,60.624169247149,3.));
#341 = CARTESIAN_POINT('',(-8.481517367175,60.634684845685,3.));
#342 = CARTESIAN_POINT('',(-8.501916734538,60.668731452683,3.));
#343 = CARTESIAN_POINT('',(-8.516052790826,60.692448637632,3.));
#344 = CARTESIAN_POINT('',(-8.530235895364,60.71639969855,3.));
#345 = CARTESIAN_POINT('',(-8.544446315921,60.740584595371,3.));
#346 = CARTESIAN_POINT('',(-8.558663199555,60.765002523331,3.));
#347 = CARTESIAN_POINT('',(-8.57286472263,60.789651664889,3.));
#348 = CARTESIAN_POINT('',(-8.598008296629,60.833814678635,3.));
#349 = CARTESIAN_POINT('',(-8.608965545805,60.853237484186,3.));
#350 = CARTESIAN_POINT('',(-8.619889361233,60.872795992369,3.));
#351 = CARTESIAN_POINT('',(-8.630768926612,60.892488277739,3.));
#352 = CARTESIAN_POINT('',(-8.641593236463,60.912311855333,3.));
#353 = CARTESIAN_POINT('',(-8.652351096133,60.932263680671,3.));
#354 = CARTESIAN_POINT('',(-8.696467032582,61.01519346593,3.));
#355 = CARTESIAN_POINT('',(-8.729140242405,61.07926807694,3.));
#356 = CARTESIAN_POINT('',(-8.760704940373,61.144451745982,3.));
#357 = CARTESIAN_POINT('',(-8.790805109715,61.210570190048,3.));
#358 = CARTESIAN_POINT('',(-8.819105653407,61.277375202686,3.));
#359 = CARTESIAN_POINT('',(-8.845319765841,61.344554800196,3.));
#360 = CARTESIAN_POINT('',(-8.892935007804,61.478384824497,3.));
#361 = CARTESIAN_POINT('',(-8.914376560541,61.545035143163,3.));
#362 = CARTESIAN_POINT('',(-8.933346704638,61.611381275649,3.));
#363 = CARTESIAN_POINT('',(-8.949703048748,61.677055426087,3.));
#364 = CARTESIAN_POINT('',(-8.963387063645,61.741690969328,3.));
#365 = CARTESIAN_POINT('',(-8.974422090907,61.804950414873,3.));
#366 = CARTESIAN_POINT('',(-8.987938155999,61.903226685639,3.));
#367 = CARTESIAN_POINT('',(-8.992073781608,61.939316734028,3.));
#368 = CARTESIAN_POINT('',(-8.995318546933,61.974756941516,3.));
#369 = CARTESIAN_POINT('',(-8.997698581635,62.009493508231,3.));
#370 = CARTESIAN_POINT('',(-8.999246530824,62.043479980024,3.));
#371 = CARTESIAN_POINT('',(-9.,62.076677750655,3.));
#372 = CARTESIAN_POINT('',(-9.,62.109056563987,3.));
#373 = PCURVE('',#32,#374);
#374 = DEFINITIONAL_REPRESENTATION('',(#375),#420);
#375 = B_SPLINE_CURVE_WITH_KNOTS('',7,(#376,#377,#378,#379,#380,#381,
    #382,#383,#384,#385,#386,#387,#388,#389,#390,#391,#392,#393,#394,
    #395,#396,#397,#398,#399,#400,#401,#402,#403,#404,#405,#406,#407,
    #408,#409,#410,#411,#412,#413,#414,#415,#416,#417,#418,#419),
  .UNSPECIFIED.,.F.,.F.,(8,6,6,6,6,6,6,8),(0.,5.120799124443E-02,
    0.101472656562,0.213223539053,0.299856740472,0.571078934794,
    0.839915565649,1.),.UNSPECIFIED.);
#376 = CARTESIAN_POINT('',(0.6,60.500000055358));
#377 = CARTESIAN_POINT('',(0.593811991756,60.510183440729));
#378 = CARTESIAN_POINT('',(0.587594851953,60.520415475057));
#379 = CARTESIAN_POINT('',(0.581349845876,60.530694581002));
#380 = CARTESIAN_POINT('',(0.575078424299,60.54102300799));
#381 = CARTESIAN_POINT('',(0.568781969999,60.551399102473));
#382 = CARTESIAN_POINT('',(0.562462014925,60.561823976476));
#383 = CARTESIAN_POINT('',(0.54989502532,60.582577908709));
#384 = CARTESIAN_POINT('',(0.543648793074,60.592905240626));
#385 = CARTESIAN_POINT('',(0.537382884548,60.60327951479));
#386 = CARTESIAN_POINT('',(0.531098826767,60.613700824354));
#387 = CARTESIAN_POINT('',(0.524798199013,60.624169247149));
#388 = CARTESIAN_POINT('',(0.518482632825,60.634684845685));
#389 = CARTESIAN_POINT('',(0.498083265462,60.668731452683));
#390 = CARTESIAN_POINT('',(0.483947209174,60.692448637632));
#391 = CARTESIAN_POINT('',(0.469764104636,60.71639969855));
#392 = CARTESIAN_POINT('',(0.455553684079,60.740584595371));
#393 = CARTESIAN_POINT('',(0.441336800445,60.765002523331));
#394 = CARTESIAN_POINT('',(0.42713527737,60.789651664889));
#395 = CARTESIAN_POINT('',(0.401991703371,60.833814678635));
#396 = CARTESIAN_POINT('',(0.391034454195,60.853237484186));
#397 = CARTESIAN_POINT('',(0.380110638767,60.872795992369));
#398 = CARTESIAN_POINT('',(0.369231073388,60.892488277739));
#399 = CARTESIAN_POINT('',(0.358406763537,60.912311855333));
#400 = CARTESIAN_POINT('',(0.347648903867,60.932263680671));
#401 = CARTESIAN_POINT('',(0.303532967418,61.01519346593));
#402 = CARTESIAN_POINT('',(0.270859757595,61.07926807694));
#403 = CARTESIAN_POINT('',(0.239295059627,61.144451745982));
#404 = CARTESIAN_POINT('',(0.209194890285,61.210570190048));
#405 = CARTESIAN_POINT('',(0.180894346593,61.277375202686));
#406 = CARTESIAN_POINT('',(0.154680234159,61.344554800196));
#407 = CARTESIAN_POINT('',(0.107064992196,61.478384824497));
#408 = CARTESIAN_POINT('',(8.562343945886E-02,61.545035143163));
#409 = CARTESIAN_POINT('',(6.665329536227E-02,61.611381275649));
#410 = CARTESIAN_POINT('',(5.029695125176E-02,61.677055426087));
#411 = CARTESIAN_POINT('',(3.661293635537E-02,61.741690969328));
#412 = CARTESIAN_POINT('',(2.557790909308E-02,61.804950414873));
#413 = CARTESIAN_POINT('',(1.206184400061E-02,61.903226685639));
#414 = CARTESIAN_POINT('',(7.926218391953E-03,61.939316734028));
#415 = CARTESIAN_POINT('',(4.681453066764E-03,61.974756941516));
#416 = CARTESIAN_POINT('',(2.301418364574E-03,62.009493508231));
#417 = CARTESIAN_POINT('',(7.534691760753E-04,62.043479980024));
#418 = CARTESIAN_POINT('',(0.,62.076677750655));
#419 = CARTESIAN_POINT('',(0.,62.109056563987));
#420 = ( GEOMETRIC_REPRESENTATION_CONTEXT(2) 
PARAMETRIC_REPRESENTATION_CONTEXT() REPRESENTATION_CONTEXT('2D SPACE',''
  ) );
#421 = PCURVE('',#422,#537);
#422 = ( BOUNDED_SURFACE() B_SPLINE_SURFACE(2,10,(
    (#423,#424,#425,#426,#427,#428,#429,#430,#431,#432,#433,#434,#435
      ,#436,#437,#438,#439,#440,#441,#442,#443,#444,#445,#446,#447,#448
      ,#449,#450,#451,#452,#453,#454,#455,#456,#457,#458,#459,#460)
    ,(#461,#462,#463,#464,#465,#466,#467,#468,#469,#470,#471,#472,#473
      ,#474,#475,#476,#477,#478,#479,#480,#481,#482,#483,#484,#485,#486
      ,#487,#488,#489,#490,#491,#492,#493,#494,#495,#496,#497,#498)
    ,(#499,#500,#501,#502,#503,#504,#505,#506,#507,#508,#509,#510,#511
      ,#512,#513,#514,#515,#516,#517,#518,#519,#520,#521,#522,#523,#524
      ,#525,#526,#527,#528,#529,#530,#531,#532,#533,#534,#535,#536
)),.UNSPECIFIED.,.F.,.F.,.F.) B_SPLINE_SURFACE_WITH_KNOTS((3,3),(11,9,9,
    9,11),(0.,15.103269068731),(-0.884673324067,-1.851035163029E-14,
    7.551634534365,15.103269068731,15.599214995183),.UNSPECIFIED.) 
GEOMETRIC_REPRESENTATION_ITEM() RATIONAL_B_SPLINE_SURFACE((
    (1.,1.,1.,1.,1.,1.,1.,1.,1.,1.,1.,1.,1.,1.,1.,1.,1.,1.,1.,1.,1.,1.
      ,1.,1.,1.,1.,1.,1.,1.,1.,1.,1.,1.,1.,1.,1.,1.,1.)
    ,(0.707106781187,0.707106781187,0.707106781187,0.707106781187
      ,0.707106781187,0.707106781187,0.707106781187,0.707106781187
      ,0.707106781187,0.707106781187,0.707106781187,0.707106781186
      ,0.707106781187,0.707106781186,0.707106781187,0.707106781186
      ,0.707106781187,0.707106781187,0.707106781187,0.707106781187
      ,0.707106781187,0.707106781187,0.707106781186,0.707106781187
      ,0.707106781186,0.707106781187,0.707106781187,0.707106781187
      ,0.707106781187,0.707106781187,0.707106781187,0.707106781187
      ,0.707106781187,0.707106781187,0.707106781187,0.707106781187
      ,0.707106781187,0.707106781187)
    ,(1.,1.,1.,1.,1.,1.,1.,1.,1.,1.,1.,1.,1.,1.,1.,1.,1.,1.,1.,1.,1.,1.
      ,1.,1.,1.,1.,1.,1.,1.,1.,1.,1.,1.,1.,1.,1.,1.,1.
))) REPRESENTATION_ITEM('') SURFACE() );
#423 = CARTESIAN_POINT('',(-8.4,59.615326675933,3.));
#424 = CARTESIAN_POINT('',(-8.4,59.754187619221,3.));
#425 = CARTESIAN_POINT('',(-8.4,59.881849982313,3.));
#426 = CARTESIAN_POINT('',(-8.4,59.998313765209,3.));
#427 = CARTESIAN_POINT('',(-8.4,60.10357896791,3.));
#428 = CARTESIAN_POINT('',(-8.4,60.197645590414,3.));
#429 = CARTESIAN_POINT('',(-8.4,60.280513632723,3.));
#430 = CARTESIAN_POINT('',(-8.4,60.352183094836,3.));
#431 = CARTESIAN_POINT('',(-8.4,60.412653976753,3.));
#432 = CARTESIAN_POINT('',(-8.4,60.461926278475,3.));
#433 = CARTESIAN_POINT('',(-8.4,60.825000000002,3.));
#434 = CARTESIAN_POINT('',(-8.399999999999,61.149999999992,
    3.072222222222));
#435 = CARTESIAN_POINT('',(-8.400000000002,61.475000000017,
    3.216666666667));
#436 = CARTESIAN_POINT('',(-8.399999999997,61.799999999976,
    3.433333333333));
#437 = CARTESIAN_POINT('',(-8.400000000004,62.125000000025,
    3.722222222222));
#438 = CARTESIAN_POINT('',(-8.399999999997,62.449999999981,
    4.083333333334));
#439 = CARTESIAN_POINT('',(-8.400000000002,62.775000000011,
    4.516666666666));
#440 = CARTESIAN_POINT('',(-8.399999999999,63.099999999996,
    5.022222222222));
#441 = CARTESIAN_POINT('',(-8.4,63.425,5.6));
#442 = CARTESIAN_POINT('',(-8.4,64.075000000001,6.9));
#443 = CARTESIAN_POINT('',(-8.399999999999,64.399999999995,
    7.622222222221));
#444 = CARTESIAN_POINT('',(-8.400000000002,64.725000000012,
    8.416666666668));
#445 = CARTESIAN_POINT('',(-8.399999999998,65.049999999982,
    9.283333333331));
#446 = CARTESIAN_POINT('',(-8.400000000003,65.375000000019,
    10.222222222225));
#447 = CARTESIAN_POINT('',(-8.399999999998,65.699999999984,
    11.233333333331));
#448 = CARTESIAN_POINT('',(-8.400000000001,66.025000000009,
    12.316666666668));
#449 = CARTESIAN_POINT('',(-8.399999999999,66.349999999996,
    13.472222222222));
#450 = CARTESIAN_POINT('',(-8.4,66.675000000001,14.7));
#451 = CARTESIAN_POINT('',(-8.4,67.021344044837,16.085376179349));
#452 = CARTESIAN_POINT('',(-8.4,67.042713075213,16.170852300853));
#453 = CARTESIAN_POINT('',(-8.4,67.064107091127,16.25642836451));
#454 = CARTESIAN_POINT('',(-8.4,67.08552609258,16.342104370322));
#455 = CARTESIAN_POINT('',(-8.4,67.106970079571,16.427880318287));
#456 = CARTESIAN_POINT('',(-8.4,67.128439052101,16.513756208406));
#457 = CARTESIAN_POINT('',(-8.4,67.149933010169,16.599732040679));
#458 = CARTESIAN_POINT('',(-8.4,67.171451953776,16.685807815106));
#459 = CARTESIAN_POINT('',(-8.4,67.192995882921,16.771983531687));
#460 = CARTESIAN_POINT('',(-8.4,67.214564797605,16.858259190422));
#461 = CARTESIAN_POINT('',(-9.,59.615326675933,3.));
#462 = CARTESIAN_POINT('',(-9.,59.754187619221,3.));
#463 = CARTESIAN_POINT('',(-9.,59.881849982313,3.));
#464 = CARTESIAN_POINT('',(-9.,59.99831376521,3.));
#465 = CARTESIAN_POINT('',(-9.,60.10357896791,3.));
#466 = CARTESIAN_POINT('',(-9.,60.197645590415,3.));
#467 = CARTESIAN_POINT('',(-9.,60.280513632724,3.));
#468 = CARTESIAN_POINT('',(-9.,60.352183094837,3.));
#469 = CARTESIAN_POINT('',(-9.,60.412653976754,3.));
#470 = CARTESIAN_POINT('',(-9.,60.461926278475,3.));
#471 = CARTESIAN_POINT('',(-9.,60.825,3.));
#472 = CARTESIAN_POINT('',(-9.,61.15,3.072222222222));
#473 = CARTESIAN_POINT('',(-9.,61.474999999999,3.216666666666));
#474 = CARTESIAN_POINT('',(-9.,61.800000000001,3.433333333334));
#475 = CARTESIAN_POINT('',(-9.,62.124999999998,3.722222222221));
#476 = CARTESIAN_POINT('',(-9.,62.450000000002,4.083333333334));
#477 = CARTESIAN_POINT('',(-9.,62.774999999999,4.516666666666));
#478 = CARTESIAN_POINT('',(-9.,63.1,5.022222222222));
#479 = CARTESIAN_POINT('',(-9.,63.425,5.6));
#480 = CARTESIAN_POINT('',(-9.,64.075,6.9));
#481 = CARTESIAN_POINT('',(-9.,64.4,7.622222222222));
#482 = CARTESIAN_POINT('',(-9.,64.725,8.416666666667));
#483 = CARTESIAN_POINT('',(-9.,65.05,9.283333333334));
#484 = CARTESIAN_POINT('',(-9.,65.375,10.222222222222));
#485 = CARTESIAN_POINT('',(-9.,65.7,11.233333333334));
#486 = CARTESIAN_POINT('',(-9.,66.025,12.316666666666));
#487 = CARTESIAN_POINT('',(-9.,66.35,13.472222222222));
#488 = CARTESIAN_POINT('',(-9.,66.675,14.7));
#489 = CARTESIAN_POINT('',(-9.,67.021344044837,16.085376179349));
#490 = CARTESIAN_POINT('',(-9.,67.042713075213,16.170852300853));
#491 = CARTESIAN_POINT('',(-9.,67.064107091128,16.25642836451));
#492 = CARTESIAN_POINT('',(-9.,67.08552609258,16.342104370322));
#493 = CARTESIAN_POINT('',(-9.,67.106970079572,16.427880318287));
#494 = CARTESIAN_POINT('',(-9.,67.128439052102,16.513756208406));
#495 = CARTESIAN_POINT('',(-9.,67.14993301017,16.599732040679));
#496 = CARTESIAN_POINT('',(-9.,67.171451953777,16.685807815106));
#497 = CARTESIAN_POINT('',(-9.,67.192995882922,16.771983531687));
#498 = CARTESIAN_POINT('',(-9.,67.214564797606,16.858259190422));
#499 = CARTESIAN_POINT('',(-9.,59.615326675933,2.4));
#500 = CARTESIAN_POINT('',(-9.,59.740129629735,2.4));
#501 = CARTESIAN_POINT('',(-9.,59.856858001004,2.4));
#502 = CARTESIAN_POINT('',(-9.,59.965511789741,2.4));
#503 = CARTESIAN_POINT('',(-9.,60.066090995946,2.4));
#504 = CARTESIAN_POINT('',(-9.,60.158595619619,2.4));
#505 = CARTESIAN_POINT('',(-9.,60.24302566076,2.4));
#506 = CARTESIAN_POINT('',(-9.,60.319381119368,2.4));
#507 = CARTESIAN_POINT('',(-9.,60.387661995444,2.4));
#508 = CARTESIAN_POINT('',(-9.,60.447868288988,2.4));
#509 = CARTESIAN_POINT('',(-9.,60.945000000002,2.4));
#510 = CARTESIAN_POINT('',(-8.999999999999,61.389833415067,
    2.498735111069));
#511 = CARTESIAN_POINT('',(-9.000000000003,61.816221869257,
    2.697483607033));
#512 = CARTESIAN_POINT('',(-8.999999999996,62.195150699671,
    2.974518512882));
#513 = CARTESIAN_POINT('',(-9.000000000004,62.566563116153,
    3.301670933914));
#514 = CARTESIAN_POINT('',(-8.999999999997,62.921548277368,
    3.708151353789));
#515 = CARTESIAN_POINT('',(-9.000000000002,63.269788547326,
    4.172481924889));
#516 = CARTESIAN_POINT('',(-8.999999999999,63.61233780476,4.707750422845
    ));
#517 = CARTESIAN_POINT('',(-9.,63.950923188308,5.310205590116));
#518 = CARTESIAN_POINT('',(-9.,64.622389440893,6.653138095284));
#519 = CARTESIAN_POINT('',(-8.999999999999,64.955273533427,
    7.393483994959));
#520 = CARTESIAN_POINT('',(-9.000000000002,65.286333065925,
    8.203439947865));
#521 = CARTESIAN_POINT('',(-8.999999999998,65.616166185238,
    9.083552731472));
#522 = CARTESIAN_POINT('',(-9.000000000003,65.945110868083,
    10.034228704015));
#523 = CARTESIAN_POINT('',(-8.999999999998,66.273368337987,
    11.05577027407));
#524 = CARTESIAN_POINT('',(-9.000000000001,66.601083744107,
    12.148405630513));
#525 = CARTESIAN_POINT('',(-8.999999999999,66.928384099951,
    13.312311732576));
#526 = CARTESIAN_POINT('',(-9.,67.255373483911,14.547630560271));
#527 = CARTESIAN_POINT('',(-9.,67.603541979848,15.94030454402));
#528 = CARTESIAN_POINT('',(-9.,67.624998459608,16.026130463063));
#529 = CARTESIAN_POINT('',(-9.,67.646454939369,16.111956382105));
#530 = CARTESIAN_POINT('',(-9.,67.667911419129,16.197782301147));
#531 = CARTESIAN_POINT('',(-9.,67.68936789889,16.283608220189));
#532 = CARTESIAN_POINT('',(-9.,67.71082437865,16.369434139232));
#533 = CARTESIAN_POINT('',(-9.,67.732280858411,16.455260058274));
#534 = CARTESIAN_POINT('',(-9.,67.753737338171,16.541085977316));
#535 = CARTESIAN_POINT('',(-9.,67.775193817932,16.626911896358));
#536 = CARTESIAN_POINT('',(-9.,67.796650297692,16.712737815401));
#537 = DEFINITIONAL_REPRESENTATION('',(#538),#583);
#538 = B_SPLINE_CURVE_WITH_KNOTS('',7,(#539,#540,#541,#542,#543,#544,
    #545,#546,#547,#548,#549,#550,#551,#552,#553,#554,#555,#556,#557,
    #558,#559,#560,#561,#562,#563,#564,#565,#566,#567,#568,#569,#570,
    #571,#572,#573,#574,#575,#576,#577,#578,#579,#580,#581,#582),
  .UNSPECIFIED.,.F.,.F.,(8,6,6,6,6,6,6,8),(0.,5.120799124443E-02,
    0.101472656562,0.213223539053,0.299856740472,0.571078934794,
    0.839915565649,1.),.UNSPECIFIED.);
#539 = CARTESIAN_POINT('',(0.,1.286295807308E-07));
#540 = CARTESIAN_POINT('',(0.110142668553,2.366203774958E-02));
#541 = CARTESIAN_POINT('',(0.220254920017,4.743698660557E-02));
#542 = CARTESIAN_POINT('',(0.330338549815,7.131675656126E-02));
#543 = CARTESIAN_POINT('',(0.440393183049,9.530182831881E-02));
#544 = CARTESIAN_POINT('',(0.550420781653,0.119383436542));
#545 = CARTESIAN_POINT('',(0.660421764945,0.143559084916));
#546 = CARTESIAN_POINT('',(0.878347062574,0.1916400385));
#547 = CARTESIAN_POINT('',(0.986272274425,0.215542239712));
#548 = CARTESIAN_POINT('',(1.094174002851,0.239524946793));
#549 = CARTESIAN_POINT('',(1.20205329486,0.263583329105));
#550 = CARTESIAN_POINT('',(1.309911246493,0.287712432744));
#551 = CARTESIAN_POINT('',(1.417749002821,0.311907180546));
#552 = CARTESIAN_POINT('',(1.7652757309,0.390087709936));
#553 = CARTESIAN_POINT('',(2.00488969357,0.444311836624));
#554 = CARTESIAN_POINT('',(2.244422838908,0.498777852399));
#555 = CARTESIAN_POINT('',(2.48388923697,0.553426441428));
#556 = CARTESIAN_POINT('',(2.723303621129,0.608196879884));
#557 = CARTESIAN_POINT('',(2.96268117428,0.663028044028));
#558 = CARTESIAN_POINT('',(3.387594585756,0.760366621693));
#559 = CARTESIAN_POINT('',(3.573138883942,0.802874043241));
#560 = CARTESIAN_POINT('',(3.758677423859,0.845353200575));
#561 = CARTESIAN_POINT('',(3.944217317868,0.8877761361));
#562 = CARTESIAN_POINT('',(4.129765576439,0.930115416998));
#563 = CARTESIAN_POINT('',(4.315329108151,0.972344135226));
#564 = CARTESIAN_POINT('',(5.081926802499,1.146212439574));
#565 = CARTESIAN_POINT('',(5.663154242894,1.276647741221));
#566 = CARTESIAN_POINT('',(6.244805616873,1.404938645593));
#567 = CARTESIAN_POINT('',(6.827063501766,1.530361671008));
#568 = CARTESIAN_POINT('',(7.410075352111,1.652313153932));
#569 = CARTESIAN_POINT('',(7.993948322425,1.770320765471));
#570 = CARTESIAN_POINT('',(9.158404083661,1.996731947247));
#571 = CARTESIAN_POINT('',(9.73897604794,2.105212154141));
#572 = CARTESIAN_POINT('',(10.320520117826,2.209117632095));
#573 = CARTESIAN_POINT('',(10.903065869773,2.308216551063));
#574 = CARTESIAN_POINT('',(11.4866136312,2.402384472193));
#575 = CARTESIAN_POINT('',(12.071133782215,2.491589746477));
#576 = CARTESIAN_POINT('',(13.005177130305,2.626063617014));
#577 = CARTESIAN_POINT('',(13.354112859588,2.674508358912));
#578 = CARTESIAN_POINT('',(13.70336451885,2.721217827153));
#579 = CARTESIAN_POINT('',(14.052919980352,2.766210729084));
#580 = CARTESIAN_POINT('',(14.402765801787,2.809513893696));
#581 = CARTESIAN_POINT('',(14.752887374002,2.851160796634));
#582 = CARTESIAN_POINT('',(15.103269068731,2.891190085209));
#583 = ( GEOMETRIC_REPRESENTATION_CONTEXT(2) 
PARAMETRIC_REPRESENTATION_CONTEXT() REPRESENTATION_CONTEXT('2D SPACE',''
  ) );
#584 = ORIENTED_EDGE('',*,*,#585,.F.);
#585 = EDGE_CURVE('',#586,#325,#588,.T.);
#586 = VERTEX_POINT('',#587);
#587 = CARTESIAN_POINT('',(-8.5,48.866025403784,3.));
#588 = SURFACE_CURVE('',#589,(#593,#600),.PCURVE_S1.);
#589 = LINE('',#590,#591);
#590 = CARTESIAN_POINT('',(-8.5,4.,3.));
#591 = VECTOR('',#592,1.);
#592 = DIRECTION('',(0.,1.,0.));
#593 = PCURVE('',#32,#594);
#594 = DEFINITIONAL_REPRESENTATION('',(#595),#599);
#595 = LINE('',#596,#597);
#596 = CARTESIAN_POINT('',(0.5,4.));
#597 = VECTOR('',#598,1.);
#598 = DIRECTION('',(0.,1.));
#599 = ( GEOMETRIC_REPRESENTATION_CONTEXT(2) 
PARAMETRIC_REPRESENTATION_CONTEXT() REPRESENTATION_CONTEXT('2D SPACE',''
  ) );
#600 = PCURVE('',#601,#606);
#601 = CYLINDRICAL_SURFACE('',#602,0.5);
#602 = AXIS2_PLACEMENT_3D('',#603,#604,#605);
#603 = CARTESIAN_POINT('',(-8.5,4.,2.5));
#604 = DIRECTION('',(0.,1.,0.));
#605 = DIRECTION('',(-1.,0.,0.));
#606 = DEFINITIONAL_REPRESENTATION('',(#607),#611);
#607 = LINE('',#608,#609);
#608 = CARTESIAN_POINT('',(1.570796326795,0.));
#609 = VECTOR('',#610,1.);
#610 = DIRECTION('',(0.,1.));
#611 = ( GEOMETRIC_REPRESENTATION_CONTEXT(2) 
PARAMETRIC_REPRESENTATION_CONTEXT() REPRESENTATION_CONTEXT('2D SPACE',''
  ) );
#612 = ORIENTED_EDGE('',*,*,#613,.T.);
#613 = EDGE_CURVE('',#586,#614,#616,.T.);
#614 = VERTEX_POINT('',#615);
#615 = CARTESIAN_POINT('',(-8.,49.,3.));
#616 = SURFACE_CURVE('',#617,(#622,#633),.PCURVE_S1.);
#617 = CIRCLE('',#618,1.);
#618 = AXIS2_PLACEMENT_3D('',#619,#620,#621);
#619 = CARTESIAN_POINT('',(-8.,48.,3.));
#620 = DIRECTION('',(-0.,-0.,-1.));
#621 = DIRECTION('',(0.,-1.,0.));
#622 = PCURVE('',#32,#623);
#623 = DEFINITIONAL_REPRESENTATION('',(#624),#632);
#624 = ( BOUNDED_CURVE() B_SPLINE_CURVE(2,(#625,#626,#627,#628,#629,#630
,#631),.UNSPECIFIED.,.T.,.F.) B_SPLINE_CURVE_WITH_KNOTS((1,2,2,2,2,1),(
    -2.094395102393,0.,2.094395102393,4.188790204786,6.28318530718,
8.377580409573),.UNSPECIFIED.) CURVE() GEOMETRIC_REPRESENTATION_ITEM() 
RATIONAL_B_SPLINE_CURVE((1.,0.5,1.,0.5,1.,0.5,1.)) REPRESENTATION_ITEM(
  '') );
#625 = CARTESIAN_POINT('',(1.,47.));
#626 = CARTESIAN_POINT('',(-0.732050807569,47.));
#627 = CARTESIAN_POINT('',(0.133974596216,48.5));
#628 = CARTESIAN_POINT('',(1.,50.));
#629 = CARTESIAN_POINT('',(1.866025403784,48.5));
#630 = CARTESIAN_POINT('',(2.732050807569,47.));
#631 = CARTESIAN_POINT('',(1.,47.));
#632 = ( GEOMETRIC_REPRESENTATION_CONTEXT(2) 
PARAMETRIC_REPRESENTATION_CONTEXT() REPRESENTATION_CONTEXT('2D SPACE',''
  ) );
#633 = PCURVE('',#634,#639);
#634 = CYLINDRICAL_SURFACE('',#635,1.);
#635 = AXIS2_PLACEMENT_3D('',#636,#637,#638);
#636 = CARTESIAN_POINT('',(-8.,48.,3.));
#637 = DIRECTION('',(0.,0.,1.));
#638 = DIRECTION('',(-1.,-0.,0.));
#639 = DEFINITIONAL_REPRESENTATION('',(#640),#644);
#640 = LINE('',#641,#642);
#641 = CARTESIAN_POINT('',(1.570796326795,-0.));
#642 = VECTOR('',#643,1.);
#643 = DIRECTION('',(-1.,0.));
#644 = ( GEOMETRIC_REPRESENTATION_CONTEXT(2) 
PARAMETRIC_REPRESENTATION_CONTEXT() REPRESENTATION_CONTEXT('2D SPACE',''
  ) );
#645 = ORIENTED_EDGE('',*,*,#646,.T.);
#646 = EDGE_CURVE('',#614,#647,#649,.T.);
#647 = VERTEX_POINT('',#648);
#648 = CARTESIAN_POINT('',(-4.,49.,3.));
#649 = SURFACE_CURVE('',#650,(#654,#661),.PCURVE_S1.);
#650 = LINE('',#651,#652);
#651 = CARTESIAN_POINT('',(-9.,49.,3.));
#652 = VECTOR('',#653,1.);
#653 = DIRECTION('',(1.,0.,0.));
#654 = PCURVE('',#32,#655);
#655 = DEFINITIONAL_REPRESENTATION('',(#656),#660);
#656 = LINE('',#657,#658);
#657 = CARTESIAN_POINT('',(0.,49.));
#658 = VECTOR('',#659,1.);
#659 = DIRECTION('',(1.,0.));
#660 = ( GEOMETRIC_REPRESENTATION_CONTEXT(2) 
PARAMETRIC_REPRESENTATION_CONTEXT() REPRESENTATION_CONTEXT('2D SPACE',''
  ) );
#661 = PCURVE('',#662,#667);
#662 = PLANE('',#663);
#663 = AXIS2_PLACEMENT_3D('',#664,#665,#666);
#664 = CARTESIAN_POINT('',(-9.,49.,3.));
#665 = DIRECTION('',(0.,1.,0.));
#666 = DIRECTION('',(0.,0.,1.));
#667 = DEFINITIONAL_REPRESENTATION('',(#668),#672);
#668 = LINE('',#669,#670);
#669 = CARTESIAN_POINT('',(0.,0.));
#670 = VECTOR('',#671,1.);
#671 = DIRECTION('',(0.,1.));
#672 = ( GEOMETRIC_REPRESENTATION_CONTEXT(2) 
PARAMETRIC_REPRESENTATION_CONTEXT() REPRESENTATION_CONTEXT('2D SPACE',''
  ) );
#673 = ORIENTED_EDGE('',*,*,#674,.F.);
#674 = EDGE_CURVE('',#675,#647,#677,.T.);
#675 = VERTEX_POINT('',#676);
#676 = CARTESIAN_POINT('',(-3.,48.,3.));
#677 = SURFACE_CURVE('',#678,(#683,#690),.PCURVE_S1.);
#678 = CIRCLE('',#679,1.);
#679 = AXIS2_PLACEMENT_3D('',#680,#681,#682);
#680 = CARTESIAN_POINT('',(-4.,48.,3.));
#681 = DIRECTION('',(0.,0.,1.));
#682 = DIRECTION('',(0.,-1.,0.));
#683 = PCURVE('',#32,#684);
#684 = DEFINITIONAL_REPRESENTATION('',(#685),#689);
#685 = CIRCLE('',#686,1.);
#686 = AXIS2_PLACEMENT_2D('',#687,#688);
#687 = CARTESIAN_POINT('',(5.,48.));
#688 = DIRECTION('',(0.,-1.));
#689 = ( GEOMETRIC_REPRESENTATION_CONTEXT(2) 
PARAMETRIC_REPRESENTATION_CONTEXT() REPRESENTATION_CONTEXT('2D SPACE',''
  ) );
#690 = PCURVE('',#691,#696);
#691 = CYLINDRICAL_SURFACE('',#692,1.);
#692 = AXIS2_PLACEMENT_3D('',#693,#694,#695);
#693 = CARTESIAN_POINT('',(-4.,48.,3.));
#694 = DIRECTION('',(0.,0.,1.));
#695 = DIRECTION('',(1.,0.,-0.));
#696 = DEFINITIONAL_REPRESENTATION('',(#697),#701);
#697 = LINE('',#698,#699);
#698 = CARTESIAN_POINT('',(-1.570796326795,0.));
#699 = VECTOR('',#700,1.);
#700 = DIRECTION('',(1.,0.));
#701 = ( GEOMETRIC_REPRESENTATION_CONTEXT(2) 
PARAMETRIC_REPRESENTATION_CONTEXT() REPRESENTATION_CONTEXT('2D SPACE',''
  ) );
#702 = ORIENTED_EDGE('',*,*,#703,.F.);
#703 = EDGE_CURVE('',#704,#675,#706,.T.);
#704 = VERTEX_POINT('',#705);
#705 = CARTESIAN_POINT('',(-3.,44.,3.));
#706 = SURFACE_CURVE('',#707,(#711,#718),.PCURVE_S1.);
#707 = LINE('',#708,#709);
#708 = CARTESIAN_POINT('',(-3.,43.,3.));
#709 = VECTOR('',#710,1.);
#710 = DIRECTION('',(0.,1.,0.));
#711 = PCURVE('',#32,#712);
#712 = DEFINITIONAL_REPRESENTATION('',(#713),#717);
#713 = LINE('',#714,#715);
#714 = CARTESIAN_POINT('',(6.,43.));
#715 = VECTOR('',#716,1.);
#716 = DIRECTION('',(0.,1.));
#717 = ( GEOMETRIC_REPRESENTATION_CONTEXT(2) 
PARAMETRIC_REPRESENTATION_CONTEXT() REPRESENTATION_CONTEXT('2D SPACE',''
  ) );
#718 = PCURVE('',#719,#724);
#719 = PLANE('',#720);
#720 = AXIS2_PLACEMENT_3D('',#721,#722,#723);
#721 = CARTESIAN_POINT('',(-3.,43.,3.));
#722 = DIRECTION('',(1.,0.,0.));
#723 = DIRECTION('',(0.,0.,1.));
#724 = DEFINITIONAL_REPRESENTATION('',(#725),#729);
#725 = LINE('',#726,#727);
#726 = CARTESIAN_POINT('',(0.,0.));
#727 = VECTOR('',#728,1.);
#728 = DIRECTION('',(0.,-1.));
#729 = ( GEOMETRIC_REPRESENTATION_CONTEXT(2) 
PARAMETRIC_REPRESENTATION_CONTEXT() REPRESENTATION_CONTEXT('2D SPACE',''
  ) );
#730 = ORIENTED_EDGE('',*,*,#731,.T.);
#731 = EDGE_CURVE('',#704,#732,#734,.T.);
#732 = VERTEX_POINT('',#733);
#733 = CARTESIAN_POINT('',(-4.,43.,3.));
#734 = SURFACE_CURVE('',#735,(#740,#751),.PCURVE_S1.);
#735 = CIRCLE('',#736,1.);
#736 = AXIS2_PLACEMENT_3D('',#737,#738,#739);
#737 = CARTESIAN_POINT('',(-4.,44.,3.));
#738 = DIRECTION('',(-0.,-0.,-1.));
#739 = DIRECTION('',(0.,-1.,0.));
#740 = PCURVE('',#32,#741);
#741 = DEFINITIONAL_REPRESENTATION('',(#742),#750);
#742 = ( BOUNDED_CURVE() B_SPLINE_CURVE(2,(#743,#744,#745,#746,#747,#748
,#749),.UNSPECIFIED.,.T.,.F.) B_SPLINE_CURVE_WITH_KNOTS((1,2,2,2,2,1),(
    -2.094395102393,0.,2.094395102393,4.188790204786,6.28318530718,
8.377580409573),.UNSPECIFIED.) CURVE() GEOMETRIC_REPRESENTATION_ITEM() 
RATIONAL_B_SPLINE_CURVE((1.,0.5,1.,0.5,1.,0.5,1.)) REPRESENTATION_ITEM(
  '') );
#743 = CARTESIAN_POINT('',(5.,43.));
#744 = CARTESIAN_POINT('',(3.267949192431,43.));
#745 = CARTESIAN_POINT('',(4.133974596216,44.5));
#746 = CARTESIAN_POINT('',(5.,46.));
#747 = CARTESIAN_POINT('',(5.866025403784,44.5));
#748 = CARTESIAN_POINT('',(6.732050807569,43.));
#749 = CARTESIAN_POINT('',(5.,43.));
#750 = ( GEOMETRIC_REPRESENTATION_CONTEXT(2) 
PARAMETRIC_REPRESENTATION_CONTEXT() REPRESENTATION_CONTEXT('2D SPACE',''
  ) );
#751 = PCURVE('',#752,#757);
#752 = CYLINDRICAL_SURFACE('',#753,1.);
#753 = AXIS2_PLACEMENT_3D('',#754,#755,#756);
#754 = CARTESIAN_POINT('',(-4.,44.,3.));
#755 = DIRECTION('',(0.,0.,1.));
#756 = DIRECTION('',(1.,0.,-0.));
#757 = DEFINITIONAL_REPRESENTATION('',(#758),#762);
#758 = LINE('',#759,#760);
#759 = CARTESIAN_POINT('',(4.712388980385,-0.));
#760 = VECTOR('',#761,1.);
#761 = DIRECTION('',(-1.,0.));
#762 = ( GEOMETRIC_REPRESENTATION_CONTEXT(2) 
PARAMETRIC_REPRESENTATION_CONTEXT() REPRESENTATION_CONTEXT('2D SPACE',''
  ) );
#763 = ORIENTED_EDGE('',*,*,#764,.F.);
#764 = EDGE_CURVE('',#765,#732,#767,.T.);
#765 = VERTEX_POINT('',#766);
#766 = CARTESIAN_POINT('',(-8.,43.,3.));
#767 = SURFACE_CURVE('',#768,(#772,#779),.PCURVE_S1.);
#768 = LINE('',#769,#770);
#769 = CARTESIAN_POINT('',(-9.,43.,3.));
#770 = VECTOR('',#771,1.);
#771 = DIRECTION('',(1.,0.,0.));
#772 = PCURVE('',#32,#773);
#773 = DEFINITIONAL_REPRESENTATION('',(#774),#778);
#774 = LINE('',#775,#776);
#775 = CARTESIAN_POINT('',(0.,43.));
#776 = VECTOR('',#777,1.);
#777 = DIRECTION('',(1.,0.));
#778 = ( GEOMETRIC_REPRESENTATION_CONTEXT(2) 
PARAMETRIC_REPRESENTATION_CONTEXT() REPRESENTATION_CONTEXT('2D SPACE',''
  ) );
#779 = PCURVE('',#780,#785);
#780 = PLANE('',#781);
#781 = AXIS2_PLACEMENT_3D('',#782,#783,#784);
#782 = CARTESIAN_POINT('',(-9.,43.,3.));
#783 = DIRECTION('',(0.,1.,0.));
#784 = DIRECTION('',(0.,0.,1.));
#785 = DEFINITIONAL_REPRESENTATION('',(#786),#790);
#786 = LINE('',#787,#788);
#787 = CARTESIAN_POINT('',(0.,0.));
#788 = VECTOR('',#789,1.);
#789 = DIRECTION('',(0.,1.));
#790 = ( GEOMETRIC_REPRESENTATION_CONTEXT(2) 
PARAMETRIC_REPRESENTATION_CONTEXT() REPRESENTATION_CONTEXT('2D SPACE',''
  ) );
#791 = ORIENTED_EDGE('',*,*,#792,.F.);
#792 = EDGE_CURVE('',#793,#765,#795,.T.);
#793 = VERTEX_POINT('',#794);
#794 = CARTESIAN_POINT('',(-8.5,43.133974596216,3.));
#795 = SURFACE_CURVE('',#796,(#801,#808),.PCURVE_S1.);
#796 = CIRCLE('',#797,1.);
#797 = AXIS2_PLACEMENT_3D('',#798,#799,#800);
#798 = CARTESIAN_POINT('',(-8.,44.,3.));
#799 = DIRECTION('',(0.,0.,1.));
#800 = DIRECTION('',(0.,-1.,0.));
#801 = PCURVE('',#32,#802);
#802 = DEFINITIONAL_REPRESENTATION('',(#803),#807);
#803 = CIRCLE('',#804,1.);
#804 = AXIS2_PLACEMENT_2D('',#805,#806);
#805 = CARTESIAN_POINT('',(1.,44.));
#806 = DIRECTION('',(0.,-1.));
#807 = ( GEOMETRIC_REPRESENTATION_CONTEXT(2) 
PARAMETRIC_REPRESENTATION_CONTEXT() REPRESENTATION_CONTEXT('2D SPACE',''
  ) );
#808 = PCURVE('',#809,#814);
#809 = CYLINDRICAL_SURFACE('',#810,1.);
#810 = AXIS2_PLACEMENT_3D('',#811,#812,#813);
#811 = CARTESIAN_POINT('',(-8.,44.,3.));
#812 = DIRECTION('',(0.,0.,1.));
#813 = DIRECTION('',(-1.,-0.,0.));
#814 = DEFINITIONAL_REPRESENTATION('',(#815),#819);
#815 = LINE('',#816,#817);
#816 = CARTESIAN_POINT('',(-4.712388980385,0.));
#817 = VECTOR('',#818,1.);
#818 = DIRECTION('',(1.,0.));
#819 = ( GEOMETRIC_REPRESENTATION_CONTEXT(2) 
PARAMETRIC_REPRESENTATION_CONTEXT() REPRESENTATION_CONTEXT('2D SPACE',''
  ) );
#820 = ORIENTED_EDGE('',*,*,#821,.F.);
#821 = EDGE_CURVE('',#822,#793,#824,.T.);
#822 = VERTEX_POINT('',#823);
#823 = CARTESIAN_POINT('',(-8.5,4.,3.));
#824 = SURFACE_CURVE('',#825,(#829,#836),.PCURVE_S1.);
#825 = LINE('',#826,#827);
#826 = CARTESIAN_POINT('',(-8.5,4.,3.));
#827 = VECTOR('',#828,1.);
#828 = DIRECTION('',(0.,1.,0.));
#829 = PCURVE('',#32,#830);
#830 = DEFINITIONAL_REPRESENTATION('',(#831),#835);
#831 = LINE('',#832,#833);
#832 = CARTESIAN_POINT('',(0.5,4.));
#833 = VECTOR('',#834,1.);
#834 = DIRECTION('',(0.,1.));
#835 = ( GEOMETRIC_REPRESENTATION_CONTEXT(2) 
PARAMETRIC_REPRESENTATION_CONTEXT() REPRESENTATION_CONTEXT('2D SPACE',''
  ) );
#836 = PCURVE('',#601,#837);
#837 = DEFINITIONAL_REPRESENTATION('',(#838),#842);
#838 = LINE('',#839,#840);
#839 = CARTESIAN_POINT('',(1.570796326795,0.));
#840 = VECTOR('',#841,1.);
#841 = DIRECTION('',(0.,1.));
#842 = ( GEOMETRIC_REPRESENTATION_CONTEXT(2) 
PARAMETRIC_REPRESENTATION_CONTEXT() REPRESENTATION_CONTEXT('2D SPACE',''
  ) );
#843 = ORIENTED_EDGE('',*,*,#844,.F.);
#844 = EDGE_CURVE('',#845,#822,#847,.T.);
#845 = VERTEX_POINT('',#846);
#846 = CARTESIAN_POINT('',(-5.,0.5,3.));
#847 = SURFACE_CURVE('',#848,(#853,#864),.PCURVE_S1.);
#848 = CIRCLE('',#849,3.5);
#849 = AXIS2_PLACEMENT_3D('',#850,#851,#852);
#850 = CARTESIAN_POINT('',(-5.,4.,3.));
#851 = DIRECTION('',(-0.,0.,-1.));
#852 = DIRECTION('',(-2.22044604925E-16,-1.,0.));
#853 = PCURVE('',#32,#854);
#854 = DEFINITIONAL_REPRESENTATION('',(#855),#863);
#855 = ( BOUNDED_CURVE() B_SPLINE_CURVE(2,(#856,#857,#858,#859,#860,#861
,#862),.UNSPECIFIED.,.T.,.F.) B_SPLINE_CURVE_WITH_KNOTS((1,2,2,2,2,1),(
    -2.094395102393,0.,2.094395102393,4.188790204786,6.28318530718,
8.377580409573),.UNSPECIFIED.) CURVE() GEOMETRIC_REPRESENTATION_ITEM() 
RATIONAL_B_SPLINE_CURVE((1.,0.5,1.,0.5,1.,0.5,1.)) REPRESENTATION_ITEM(
  '') );
#856 = CARTESIAN_POINT('',(4.,0.5));
#857 = CARTESIAN_POINT('',(-2.062177826491,0.5));
#858 = CARTESIAN_POINT('',(0.968911086754,5.75));
#859 = CARTESIAN_POINT('',(4.,11.));
#860 = CARTESIAN_POINT('',(7.031088913246,5.75));
#861 = CARTESIAN_POINT('',(10.062177826491,0.5));
#862 = CARTESIAN_POINT('',(4.,0.5));
#863 = ( GEOMETRIC_REPRESENTATION_CONTEXT(2) 
PARAMETRIC_REPRESENTATION_CONTEXT() REPRESENTATION_CONTEXT('2D SPACE',''
  ) );
#864 = PCURVE('',#865,#870);
#865 = TOROIDAL_SURFACE('',#866,3.5,0.5);
#866 = AXIS2_PLACEMENT_3D('',#867,#868,#869);
#867 = CARTESIAN_POINT('',(-5.,4.,2.5));
#868 = DIRECTION('',(0.,0.,1.));
#869 = DIRECTION('',(-2.22044604925E-16,-1.,0.));
#870 = DEFINITIONAL_REPRESENTATION('',(#871),#875);
#871 = LINE('',#872,#873);
#872 = CARTESIAN_POINT('',(-0.,1.570796326795));
#873 = VECTOR('',#874,1.);
#874 = DIRECTION('',(-1.,0.));
#875 = ( GEOMETRIC_REPRESENTATION_CONTEXT(2) 
PARAMETRIC_REPRESENTATION_CONTEXT() REPRESENTATION_CONTEXT('2D SPACE',''
  ) );
#876 = ORIENTED_EDGE('',*,*,#877,.F.);
#877 = EDGE_CURVE('',#878,#845,#880,.T.);
#878 = VERTEX_POINT('',#879);
#879 = CARTESIAN_POINT('',(5.,0.5,3.));
#880 = SURFACE_CURVE('',#881,(#885,#892),.PCURVE_S1.);
#881 = LINE('',#882,#883);
#882 = CARTESIAN_POINT('',(5.,0.5,3.));
#883 = VECTOR('',#884,1.);
#884 = DIRECTION('',(-1.,-0.,-0.));
#885 = PCURVE('',#32,#886);
#886 = DEFINITIONAL_REPRESENTATION('',(#887),#891);
#887 = LINE('',#888,#889);
#888 = CARTESIAN_POINT('',(14.,0.5));
#889 = VECTOR('',#890,1.);
#890 = DIRECTION('',(-1.,0.));
#891 = ( GEOMETRIC_REPRESENTATION_CONTEXT(2) 
PARAMETRIC_REPRESENTATION_CONTEXT() REPRESENTATION_CONTEXT('2D SPACE',''
  ) );
#892 = PCURVE('',#893,#898);
#893 = CYLINDRICAL_SURFACE('',#894,0.5);
#894 = AXIS2_PLACEMENT_3D('',#895,#896,#897);
#895 = CARTESIAN_POINT('',(5.,0.5,2.5));
#896 = DIRECTION('',(-1.,-0.,-0.));
#897 = DIRECTION('',(0.,-1.,0.));
#898 = DEFINITIONAL_REPRESENTATION('',(#899),#903);
#899 = LINE('',#900,#901);
#900 = CARTESIAN_POINT('',(1.570796326795,0.));
#901 = VECTOR('',#902,1.);
#902 = DIRECTION('',(0.,1.));
#903 = ( GEOMETRIC_REPRESENTATION_CONTEXT(2) 
PARAMETRIC_REPRESENTATION_CONTEXT() REPRESENTATION_CONTEXT('2D SPACE',''
  ) );
#904 = ORIENTED_EDGE('',*,*,#905,.F.);
#905 = EDGE_CURVE('',#906,#878,#908,.T.);
#906 = VERTEX_POINT('',#907);
#907 = CARTESIAN_POINT('',(8.5,4.,3.));
#908 = SURFACE_CURVE('',#909,(#914,#925),.PCURVE_S1.);
#909 = CIRCLE('',#910,3.5);
#910 = AXIS2_PLACEMENT_3D('',#911,#912,#913);
#911 = CARTESIAN_POINT('',(5.,4.,3.));
#912 = DIRECTION('',(0.,-0.,-1.));
#913 = DIRECTION('',(1.,0.,-0.));
#914 = PCURVE('',#32,#915);
#915 = DEFINITIONAL_REPRESENTATION('',(#916),#924);
#916 = ( BOUNDED_CURVE() B_SPLINE_CURVE(2,(#917,#918,#919,#920,#921,#922
,#923),.UNSPECIFIED.,.T.,.F.) B_SPLINE_CURVE_WITH_KNOTS((1,2,2,2,2,1),(
    -2.094395102393,0.,2.094395102393,4.188790204786,6.28318530718,
8.377580409573),.UNSPECIFIED.) CURVE() GEOMETRIC_REPRESENTATION_ITEM() 
RATIONAL_B_SPLINE_CURVE((1.,0.5,1.,0.5,1.,0.5,1.)) REPRESENTATION_ITEM(
  '') );
#917 = CARTESIAN_POINT('',(17.5,4.));
#918 = CARTESIAN_POINT('',(17.5,-2.062177826491));
#919 = CARTESIAN_POINT('',(12.25,0.968911086754));
#920 = CARTESIAN_POINT('',(7.,4.));
#921 = CARTESIAN_POINT('',(12.25,7.031088913246));
#922 = CARTESIAN_POINT('',(17.5,10.062177826491));
#923 = CARTESIAN_POINT('',(17.5,4.));
#924 = ( GEOMETRIC_REPRESENTATION_CONTEXT(2) 
PARAMETRIC_REPRESENTATION_CONTEXT() REPRESENTATION_CONTEXT('2D SPACE',''
  ) );
#925 = PCURVE('',#926,#931);
#926 = TOROIDAL_SURFACE('',#927,3.5,0.5);
#927 = AXIS2_PLACEMENT_3D('',#928,#929,#930);
#928 = CARTESIAN_POINT('',(5.,4.,2.5));
#929 = DIRECTION('',(0.,0.,1.));
#930 = DIRECTION('',(1.,0.,-0.));
#931 = DEFINITIONAL_REPRESENTATION('',(#932),#936);
#932 = LINE('',#933,#934);
#933 = CARTESIAN_POINT('',(-0.,1.570796326795));
#934 = VECTOR('',#935,1.);
#935 = DIRECTION('',(-1.,0.));
#936 = ( GEOMETRIC_REPRESENTATION_CONTEXT(2) 
PARAMETRIC_REPRESENTATION_CONTEXT() REPRESENTATION_CONTEXT('2D SPACE',''
  ) );
#937 = ORIENTED_EDGE('',*,*,#938,.F.);
#938 = EDGE_CURVE('',#939,#906,#941,.T.);
#939 = VERTEX_POINT('',#940);
#940 = CARTESIAN_POINT('',(8.5,43.133974596216,3.));
#941 = SURFACE_CURVE('',#942,(#946,#953),.PCURVE_S1.);
#942 = LINE('',#943,#944);
#943 = CARTESIAN_POINT('',(8.5,86.,3.));
#944 = VECTOR('',#945,1.);
#945 = DIRECTION('',(-0.,-1.,-0.));
#946 = PCURVE('',#32,#947);
#947 = DEFINITIONAL_REPRESENTATION('',(#948),#952);
#948 = LINE('',#949,#950);
#949 = CARTESIAN_POINT('',(17.5,86.));
#950 = VECTOR('',#951,1.);
#951 = DIRECTION('',(0.,-1.));
#952 = ( GEOMETRIC_REPRESENTATION_CONTEXT(2) 
PARAMETRIC_REPRESENTATION_CONTEXT() REPRESENTATION_CONTEXT('2D SPACE',''
  ) );
#953 = PCURVE('',#954,#959);
#954 = CYLINDRICAL_SURFACE('',#955,0.5);
#955 = AXIS2_PLACEMENT_3D('',#956,#957,#958);
#956 = CARTESIAN_POINT('',(8.5,86.,2.5));
#957 = DIRECTION('',(-0.,-1.,-0.));
#958 = DIRECTION('',(1.,0.,-0.));
#959 = DEFINITIONAL_REPRESENTATION('',(#960),#964);
#960 = LINE('',#961,#962);
#961 = CARTESIAN_POINT('',(1.570796326795,0.));
#962 = VECTOR('',#963,1.);
#963 = DIRECTION('',(0.,1.));
#964 = ( GEOMETRIC_REPRESENTATION_CONTEXT(2) 
PARAMETRIC_REPRESENTATION_CONTEXT() REPRESENTATION_CONTEXT('2D SPACE',''
  ) );
#965 = ORIENTED_EDGE('',*,*,#966,.T.);
#966 = EDGE_CURVE('',#939,#967,#969,.T.);
#967 = VERTEX_POINT('',#968);
#968 = CARTESIAN_POINT('',(8.,43.,3.));
#969 = SURFACE_CURVE('',#970,(#975,#986),.PCURVE_S1.);
#970 = CIRCLE('',#971,1.);
#971 = AXIS2_PLACEMENT_3D('',#972,#973,#974);
#972 = CARTESIAN_POINT('',(8.,44.,3.));
#973 = DIRECTION('',(-0.,-0.,-1.));
#974 = DIRECTION('',(0.,-1.,0.));
#975 = PCURVE('',#32,#976);
#976 = DEFINITIONAL_REPRESENTATION('',(#977),#985);
#977 = ( BOUNDED_CURVE() B_SPLINE_CURVE(2,(#978,#979,#980,#981,#982,#983
,#984),.UNSPECIFIED.,.T.,.F.) B_SPLINE_CURVE_WITH_KNOTS((1,2,2,2,2,1),(
    -2.094395102393,0.,2.094395102393,4.188790204786,6.28318530718,
8.377580409573),.UNSPECIFIED.) CURVE() GEOMETRIC_REPRESENTATION_ITEM() 
RATIONAL_B_SPLINE_CURVE((1.,0.5,1.,0.5,1.,0.5,1.)) REPRESENTATION_ITEM(
  '') );
#978 = CARTESIAN_POINT('',(17.,43.));
#979 = CARTESIAN_POINT('',(15.267949192431,43.));
#980 = CARTESIAN_POINT('',(16.133974596216,44.5));
#981 = CARTESIAN_POINT('',(17.,46.));
#982 = CARTESIAN_POINT('',(17.866025403784,44.5));
#983 = CARTESIAN_POINT('',(18.732050807569,43.));
#984 = CARTESIAN_POINT('',(17.,43.));
#985 = ( GEOMETRIC_REPRESENTATION_CONTEXT(2) 
PARAMETRIC_REPRESENTATION_CONTEXT() REPRESENTATION_CONTEXT('2D SPACE',''
  ) );
#986 = PCURVE('',#987,#992);
#987 = CYLINDRICAL_SURFACE('',#988,1.);
#988 = AXIS2_PLACEMENT_3D('',#989,#990,#991);
#989 = CARTESIAN_POINT('',(8.,44.,3.));
#990 = DIRECTION('',(0.,0.,1.));
#991 = DIRECTION('',(1.,0.,-0.));
#992 = DEFINITIONAL_REPRESENTATION('',(#993),#997);
#993 = LINE('',#994,#995);
#994 = CARTESIAN_POINT('',(4.712388980385,-0.));
#995 = VECTOR('',#996,1.);
#996 = DIRECTION('',(-1.,0.));
#997 = ( GEOMETRIC_REPRESENTATION_CONTEXT(2) 
PARAMETRIC_REPRESENTATION_CONTEXT() REPRESENTATION_CONTEXT('2D SPACE',''
  ) );
#998 = ORIENTED_EDGE('',*,*,#999,.F.);
#999 = EDGE_CURVE('',#1000,#967,#1002,.T.);
#1000 = VERTEX_POINT('',#1001);
#1001 = CARTESIAN_POINT('',(4.,43.,3.));
#1002 = SURFACE_CURVE('',#1003,(#1007,#1014),.PCURVE_S1.);
#1003 = LINE('',#1004,#1005);
#1004 = CARTESIAN_POINT('',(3.,43.,3.));
#1005 = VECTOR('',#1006,1.);
#1006 = DIRECTION('',(1.,0.,0.));
#1007 = PCURVE('',#32,#1008);
#1008 = DEFINITIONAL_REPRESENTATION('',(#1009),#1013);
#1009 = LINE('',#1010,#1011);
#1010 = CARTESIAN_POINT('',(12.,43.));
#1011 = VECTOR('',#1012,1.);
#1012 = DIRECTION('',(1.,0.));
#1013 = ( GEOMETRIC_REPRESENTATION_CONTEXT(2) 
PARAMETRIC_REPRESENTATION_CONTEXT() REPRESENTATION_CONTEXT('2D SPACE',''
  ) );
#1014 = PCURVE('',#1015,#1020);
#1015 = PLANE('',#1016);
#1016 = AXIS2_PLACEMENT_3D('',#1017,#1018,#1019);
#1017 = CARTESIAN_POINT('',(3.,43.,3.));
#1018 = DIRECTION('',(0.,1.,0.));
#1019 = DIRECTION('',(0.,0.,1.));
#1020 = DEFINITIONAL_REPRESENTATION('',(#1021),#1025);
#1021 = LINE('',#1022,#1023);
#1022 = CARTESIAN_POINT('',(0.,0.));
#1023 = VECTOR('',#1024,1.);
#1024 = DIRECTION('',(0.,1.));
#1025 = ( GEOMETRIC_REPRESENTATION_CONTEXT(2) 
PARAMETRIC_REPRESENTATION_CONTEXT() REPRESENTATION_CONTEXT('2D SPACE',''
  ) );
#1026 = ORIENTED_EDGE('',*,*,#1027,.F.);
#1027 = EDGE_CURVE('',#1028,#1000,#1030,.T.);
#1028 = VERTEX_POINT('',#1029);
#1029 = CARTESIAN_POINT('',(3.,44.,3.));
#1030 = SURFACE_CURVE('',#1031,(#1036,#1043),.PCURVE_S1.);
#1031 = CIRCLE('',#1032,1.);
#1032 = AXIS2_PLACEMENT_3D('',#1033,#1034,#1035);
#1033 = CARTESIAN_POINT('',(4.,44.,3.));
#1034 = DIRECTION('',(0.,0.,1.));
#1035 = DIRECTION('',(0.,-1.,0.));
#1036 = PCURVE('',#32,#1037);
#1037 = DEFINITIONAL_REPRESENTATION('',(#1038),#1042);
#1038 = CIRCLE('',#1039,1.);
#1039 = AXIS2_PLACEMENT_2D('',#1040,#1041);
#1040 = CARTESIAN_POINT('',(13.,44.));
#1041 = DIRECTION('',(0.,-1.));
#1042 = ( GEOMETRIC_REPRESENTATION_CONTEXT(2) 
PARAMETRIC_REPRESENTATION_CONTEXT() REPRESENTATION_CONTEXT('2D SPACE',''
  ) );
#1043 = PCURVE('',#1044,#1049);
#1044 = CYLINDRICAL_SURFACE('',#1045,1.);
#1045 = AXIS2_PLACEMENT_3D('',#1046,#1047,#1048);
#1046 = CARTESIAN_POINT('',(4.,44.,3.));
#1047 = DIRECTION('',(0.,0.,1.));
#1048 = DIRECTION('',(-1.,-0.,0.));
#1049 = DEFINITIONAL_REPRESENTATION('',(#1050),#1054);
#1050 = LINE('',#1051,#1052);
#1051 = CARTESIAN_POINT('',(-4.712388980385,0.));
#1052 = VECTOR('',#1053,1.);
#1053 = DIRECTION('',(1.,0.));
#1054 = ( GEOMETRIC_REPRESENTATION_CONTEXT(2) 
PARAMETRIC_REPRESENTATION_CONTEXT() REPRESENTATION_CONTEXT('2D SPACE',''
  ) );
#1055 = ORIENTED_EDGE('',*,*,#1056,.T.);
#1056 = EDGE_CURVE('',#1028,#1057,#1059,.T.);
#1057 = VERTEX_POINT('',#1058);
#1058 = CARTESIAN_POINT('',(3.,48.,3.));
#1059 = SURFACE_CURVE('',#1060,(#1064,#1071),.PCURVE_S1.);
#1060 = LINE('',#1061,#1062);
#1061 = CARTESIAN_POINT('',(3.,43.,3.));
#1062 = VECTOR('',#1063,1.);
#1063 = DIRECTION('',(0.,1.,0.));
#1064 = PCURVE('',#32,#1065);
#1065 = DEFINITIONAL_REPRESENTATION('',(#1066),#1070);
#1066 = LINE('',#1067,#1068);
#1067 = CARTESIAN_POINT('',(12.,43.));
#1068 = VECTOR('',#1069,1.);
#1069 = DIRECTION('',(0.,1.));
#1070 = ( GEOMETRIC_REPRESENTATION_CONTEXT(2) 
PARAMETRIC_REPRESENTATION_CONTEXT() REPRESENTATION_CONTEXT('2D SPACE',''
  ) );
#1071 = PCURVE('',#1072,#1077);
#1072 = PLANE('',#1073);
#1073 = AXIS2_PLACEMENT_3D('',#1074,#1075,#1076);
#1074 = CARTESIAN_POINT('',(3.,43.,3.));
#1075 = DIRECTION('',(1.,0.,0.));
#1076 = DIRECTION('',(0.,0.,1.));
#1077 = DEFINITIONAL_REPRESENTATION('',(#1078),#1082);
#1078 = LINE('',#1079,#1080);
#1079 = CARTESIAN_POINT('',(0.,0.));
#1080 = VECTOR('',#1081,1.);
#1081 = DIRECTION('',(0.,-1.));
#1082 = ( GEOMETRIC_REPRESENTATION_CONTEXT(2) 
PARAMETRIC_REPRESENTATION_CONTEXT() REPRESENTATION_CONTEXT('2D SPACE',''
  ) );
#1083 = ORIENTED_EDGE('',*,*,#1084,.T.);
#1084 = EDGE_CURVE('',#1057,#1085,#1087,.T.);
#1085 = VERTEX_POINT('',#1086);
#1086 = CARTESIAN_POINT('',(4.,49.,3.));
#1087 = SURFACE_CURVE('',#1088,(#1093,#1104),.PCURVE_S1.);
#1088 = CIRCLE('',#1089,1.);
#1089 = AXIS2_PLACEMENT_3D('',#1090,#1091,#1092);
#1090 = CARTESIAN_POINT('',(4.,48.,3.));
#1091 = DIRECTION('',(-0.,-0.,-1.));
#1092 = DIRECTION('',(0.,-1.,0.));
#1093 = PCURVE('',#32,#1094);
#1094 = DEFINITIONAL_REPRESENTATION('',(#1095),#1103);
#1095 = ( BOUNDED_CURVE() B_SPLINE_CURVE(2,(#1096,#1097,#1098,#1099,
#1100,#1101,#1102),.UNSPECIFIED.,.T.,.F.) B_SPLINE_CURVE_WITH_KNOTS((1,2
    ,2,2,2,1),(-2.094395102393,0.,2.094395102393,4.188790204786,
6.28318530718,8.377580409573),.UNSPECIFIED.) CURVE() 
GEOMETRIC_REPRESENTATION_ITEM() RATIONAL_B_SPLINE_CURVE((1.,0.5,1.,0.5,
1.,0.5,1.)) REPRESENTATION_ITEM('') );
#1096 = CARTESIAN_POINT('',(13.,47.));
#1097 = CARTESIAN_POINT('',(11.267949192431,47.));
#1098 = CARTESIAN_POINT('',(12.133974596216,48.5));
#1099 = CARTESIAN_POINT('',(13.,50.));
#1100 = CARTESIAN_POINT('',(13.866025403784,48.5));
#1101 = CARTESIAN_POINT('',(14.732050807569,47.));
#1102 = CARTESIAN_POINT('',(13.,47.));
#1103 = ( GEOMETRIC_REPRESENTATION_CONTEXT(2) 
PARAMETRIC_REPRESENTATION_CONTEXT() REPRESENTATION_CONTEXT('2D SPACE',''
  ) );
#1104 = PCURVE('',#1105,#1110);
#1105 = CYLINDRICAL_SURFACE('',#1106,1.);
#1106 = AXIS2_PLACEMENT_3D('',#1107,#1108,#1109);
#1107 = CARTESIAN_POINT('',(4.,48.,3.));
#1108 = DIRECTION('',(0.,0.,1.));
#1109 = DIRECTION('',(-1.,-0.,0.));
#1110 = DEFINITIONAL_REPRESENTATION('',(#1111),#1115);
#1111 = LINE('',#1112,#1113);
#1112 = CARTESIAN_POINT('',(1.570796326795,-0.));
#1113 = VECTOR('',#1114,1.);
#1114 = DIRECTION('',(-1.,0.));
#1115 = ( GEOMETRIC_REPRESENTATION_CONTEXT(2) 
PARAMETRIC_REPRESENTATION_CONTEXT() REPRESENTATION_CONTEXT('2D SPACE',''
  ) );
#1116 = ORIENTED_EDGE('',*,*,#1117,.T.);
#1117 = EDGE_CURVE('',#1085,#1118,#1120,.T.);
#1118 = VERTEX_POINT('',#1119);
#1119 = CARTESIAN_POINT('',(8.,49.,3.));
#1120 = SURFACE_CURVE('',#1121,(#1125,#1132),.PCURVE_S1.);
#1121 = LINE('',#1122,#1123);
#1122 = CARTESIAN_POINT('',(3.,49.,3.));
#1123 = VECTOR('',#1124,1.);
#1124 = DIRECTION('',(1.,0.,0.));
#1125 = PCURVE('',#32,#1126);
#1126 = DEFINITIONAL_REPRESENTATION('',(#1127),#1131);
#1127 = LINE('',#1128,#1129);
#1128 = CARTESIAN_POINT('',(12.,49.));
#1129 = VECTOR('',#1130,1.);
#1130 = DIRECTION('',(1.,0.));
#1131 = ( GEOMETRIC_REPRESENTATION_CONTEXT(2) 
PARAMETRIC_REPRESENTATION_CONTEXT() REPRESENTATION_CONTEXT('2D SPACE',''
  ) );
#1132 = PCURVE('',#1133,#1138);
#1133 = PLANE('',#1134);
#1134 = AXIS2_PLACEMENT_3D('',#1135,#1136,#1137);
#1135 = CARTESIAN_POINT('',(3.,49.,3.));
#1136 = DIRECTION('',(0.,1.,0.));
#1137 = DIRECTION('',(0.,0.,1.));
#1138 = DEFINITIONAL_REPRESENTATION('',(#1139),#1143);
#1139 = LINE('',#1140,#1141);
#1140 = CARTESIAN_POINT('',(0.,0.));
#1141 = VECTOR('',#1142,1.);
#1142 = DIRECTION('',(0.,1.));
#1143 = ( GEOMETRIC_REPRESENTATION_CONTEXT(2) 
PARAMETRIC_REPRESENTATION_CONTEXT() REPRESENTATION_CONTEXT('2D SPACE',''
  ) );
#1144 = ORIENTED_EDGE('',*,*,#1145,.F.);
#1145 = EDGE_CURVE('',#1146,#1118,#1148,.T.);
#1146 = VERTEX_POINT('',#1147);
#1147 = CARTESIAN_POINT('',(8.5,48.866025403784,3.));
#1148 = SURFACE_CURVE('',#1149,(#1154,#1161),.PCURVE_S1.);
#1149 = CIRCLE('',#1150,1.);
#1150 = AXIS2_PLACEMENT_3D('',#1151,#1152,#1153);
#1151 = CARTESIAN_POINT('',(8.,48.,3.));
#1152 = DIRECTION('',(0.,0.,1.));
#1153 = DIRECTION('',(0.,-1.,0.));
#1154 = PCURVE('',#32,#1155);
#1155 = DEFINITIONAL_REPRESENTATION('',(#1156),#1160);
#1156 = CIRCLE('',#1157,1.);
#1157 = AXIS2_PLACEMENT_2D('',#1158,#1159);
#1158 = CARTESIAN_POINT('',(17.,48.));
#1159 = DIRECTION('',(0.,-1.));
#1160 = ( GEOMETRIC_REPRESENTATION_CONTEXT(2) 
PARAMETRIC_REPRESENTATION_CONTEXT() REPRESENTATION_CONTEXT('2D SPACE',''
  ) );
#1161 = PCURVE('',#1162,#1167);
#1162 = CYLINDRICAL_SURFACE('',#1163,1.);
#1163 = AXIS2_PLACEMENT_3D('',#1164,#1165,#1166);
#1164 = CARTESIAN_POINT('',(8.,48.,3.));
#1165 = DIRECTION('',(0.,0.,1.));
#1166 = DIRECTION('',(1.,0.,-0.));
#1167 = DEFINITIONAL_REPRESENTATION('',(#1168),#1172);
#1168 = LINE('',#1169,#1170);
#1169 = CARTESIAN_POINT('',(-1.570796326795,0.));
#1170 = VECTOR('',#1171,1.);
#1171 = DIRECTION('',(1.,0.));
#1172 = ( GEOMETRIC_REPRESENTATION_CONTEXT(2) 
PARAMETRIC_REPRESENTATION_CONTEXT() REPRESENTATION_CONTEXT('2D SPACE',''
  ) );
#1173 = ORIENTED_EDGE('',*,*,#1174,.F.);
#1174 = EDGE_CURVE('',#1175,#1146,#1177,.T.);
#1175 = VERTEX_POINT('',#1176);
#1176 = CARTESIAN_POINT('',(8.5,60.665573983113,3.));
#1177 = SURFACE_CURVE('',#1178,(#1182,#1189),.PCURVE_S1.);
#1178 = LINE('',#1179,#1180);
#1179 = CARTESIAN_POINT('',(8.5,86.,3.));
#1180 = VECTOR('',#1181,1.);
#1181 = DIRECTION('',(-0.,-1.,-0.));
#1182 = PCURVE('',#32,#1183);
#1183 = DEFINITIONAL_REPRESENTATION('',(#1184),#1188);
#1184 = LINE('',#1185,#1186);
#1185 = CARTESIAN_POINT('',(17.5,86.));
#1186 = VECTOR('',#1187,1.);
#1187 = DIRECTION('',(0.,-1.));
#1188 = ( GEOMETRIC_REPRESENTATION_CONTEXT(2) 
PARAMETRIC_REPRESENTATION_CONTEXT() REPRESENTATION_CONTEXT('2D SPACE',''
  ) );
#1189 = PCURVE('',#954,#1190);
#1190 = DEFINITIONAL_REPRESENTATION('',(#1191),#1195);
#1191 = LINE('',#1192,#1193);
#1192 = CARTESIAN_POINT('',(1.570796326795,0.));
#1193 = VECTOR('',#1194,1.);
#1194 = DIRECTION('',(0.,1.));
#1195 = ( GEOMETRIC_REPRESENTATION_CONTEXT(2) 
PARAMETRIC_REPRESENTATION_CONTEXT() REPRESENTATION_CONTEXT('2D SPACE',''
  ) );
#1196 = ORIENTED_EDGE('',*,*,#1197,.F.);
#1197 = EDGE_CURVE('',#1198,#1175,#1200,.T.);
#1198 = VERTEX_POINT('',#1199);
#1199 = CARTESIAN_POINT('',(8.4,60.5,3.));
#1200 = SURFACE_CURVE('',#1201,(#1229,#1260),.PCURVE_S1.);
#1201 = B_SPLINE_CURVE_WITH_KNOTS('',6,(#1202,#1203,#1204,#1205,#1206,
    #1207,#1208,#1209,#1210,#1211,#1212,#1213,#1214,#1215,#1216,#1217,
    #1218,#1219,#1220,#1221,#1222,#1223,#1224,#1225,#1226,#1227,#1228),
  .UNSPECIFIED.,.F.,.F.,(7,5,5,5,5,7),(0.,0.213223552632,0.299856752557,
    0.571078942197,0.839915568412,1.),.UNSPECIFIED.);
#1202 = CARTESIAN_POINT('',(8.400000213402,60.500000353335,3.));
#1203 = CARTESIAN_POINT('',(8.430060735569,60.549470652222,3.));
#1204 = CARTESIAN_POINT('',(8.460828149856,60.600105952466,3.));
#1205 = CARTESIAN_POINT('',(8.492137607939,60.651921996242,3.));
#1206 = CARTESIAN_POINT('',(8.523777654503,60.704936901432,3.));
#1207 = CARTESIAN_POINT('',(8.555499824568,60.759151377545,3.));
#1208 = CARTESIAN_POINT('',(8.599838305929,60.837028968134,3.));
#1209 = CARTESIAN_POINT('',(8.612616441755,60.859720890607,3.));
#1210 = CARTESIAN_POINT('',(8.625344050841,60.882602318691,3.));
#1211 = CARTESIAN_POINT('',(8.638002094306,60.90566955647,3.));
#1212 = CARTESIAN_POINT('',(8.650571091856,60.92891760249,3.));
#1213 = CARTESIAN_POINT('',(8.702039684381,61.025669018625,3.));
#1214 = CARTESIAN_POINT('',(8.739980465615,61.100707700266,3.));
#1215 = CARTESIAN_POINT('',(8.776248296441,61.177259780269,3.));
#1216 = CARTESIAN_POINT('',(8.810214194079,61.254984069754,3.));
#1217 = CARTESIAN_POINT('',(8.841334301726,61.333353035016,3.));
#1218 = CARTESIAN_POINT('',(8.896885417349,61.489488063367,3.));
#1219 = CARTESIAN_POINT('',(8.921373017818,61.567253975081,3.));
#1220 = CARTESIAN_POINT('',(8.942326969753,61.644476751076,3.));
#1221 = CARTESIAN_POINT('',(8.959537820743,61.720493659435,3.));
#1222 = CARTESIAN_POINT('',(8.973010170899,61.79468424406,3.));
#1223 = CARTESIAN_POINT('',(8.988778913507,61.909339893287,3.));
#1224 = CARTESIAN_POINT('',(8.993391728848,61.951307470324,3.));
#1225 = CARTESIAN_POINT('',(8.996763660497,61.992344044909,3.));
#1226 = CARTESIAN_POINT('',(8.998945143153,62.032359459327,3.));
#1227 = CARTESIAN_POINT('',(9.,62.071281281767,3.));
#1228 = CARTESIAN_POINT('',(9.,62.109056563987,3.));
#1229 = PCURVE('',#32,#1230);
#1230 = DEFINITIONAL_REPRESENTATION('',(#1231),#1259);
#1231 = B_SPLINE_CURVE_WITH_KNOTS('',6,(#1232,#1233,#1234,#1235,#1236,
    #1237,#1238,#1239,#1240,#1241,#1242,#1243,#1244,#1245,#1246,#1247,
    #1248,#1249,#1250,#1251,#1252,#1253,#1254,#1255,#1256,#1257,#1258),
  .UNSPECIFIED.,.F.,.F.,(7,5,5,5,5,7),(0.,0.213223552632,0.299856752557,
    0.571078942197,0.839915568412,1.),.UNSPECIFIED.);
#1232 = CARTESIAN_POINT('',(17.400000213402,60.500000353335));
#1233 = CARTESIAN_POINT('',(17.430060735569,60.549470652222));
#1234 = CARTESIAN_POINT('',(17.460828149856,60.600105952466));
#1235 = CARTESIAN_POINT('',(17.492137607939,60.651921996242));
#1236 = CARTESIAN_POINT('',(17.523777654503,60.704936901432));
#1237 = CARTESIAN_POINT('',(17.555499824568,60.759151377545));
#1238 = CARTESIAN_POINT('',(17.599838305929,60.837028968134));
#1239 = CARTESIAN_POINT('',(17.612616441755,60.859720890607));
#1240 = CARTESIAN_POINT('',(17.625344050841,60.882602318691));
#1241 = CARTESIAN_POINT('',(17.638002094306,60.90566955647));
#1242 = CARTESIAN_POINT('',(17.650571091856,60.92891760249));
#1243 = CARTESIAN_POINT('',(17.702039684381,61.025669018625));
#1244 = CARTESIAN_POINT('',(17.739980465615,61.100707700266));
#1245 = CARTESIAN_POINT('',(17.776248296441,61.177259780269));
#1246 = CARTESIAN_POINT('',(17.810214194079,61.254984069754));
#1247 = CARTESIAN_POINT('',(17.841334301726,61.333353035016));
#1248 = CARTESIAN_POINT('',(17.896885417349,61.489488063367));
#1249 = CARTESIAN_POINT('',(17.921373017818,61.567253975081));
#1250 = CARTESIAN_POINT('',(17.942326969753,61.644476751076));
#1251 = CARTESIAN_POINT('',(17.959537820743,61.720493659435));
#1252 = CARTESIAN_POINT('',(17.973010170899,61.79468424406));
#1253 = CARTESIAN_POINT('',(17.988778913507,61.909339893287));
#1254 = CARTESIAN_POINT('',(17.993391728848,61.951307470324));
#1255 = CARTESIAN_POINT('',(17.996763660497,61.992344044909));
#1256 = CARTESIAN_POINT('',(17.998945143153,62.032359459327));
#1257 = CARTESIAN_POINT('',(18.,62.071281281767));
#1258 = CARTESIAN_POINT('',(18.,62.109056563987));
#1259 = ( GEOMETRIC_REPRESENTATION_CONTEXT(2) 
PARAMETRIC_REPRESENTATION_CONTEXT() REPRESENTATION_CONTEXT('2D SPACE',''
  ) );
#1260 = PCURVE('',#1261,#1376);
#1261 = ( BOUNDED_SURFACE() B_SPLINE_SURFACE(2,10,(
    (#1262,#1263,#1264,#1265,#1266,#1267,#1268,#1269,#1270,#1271,#1272
      ,#1273,#1274,#1275,#1276,#1277,#1278,#1279,#1280,#1281,#1282,#1283
      ,#1284,#1285,#1286,#1287,#1288,#1289,#1290,#1291,#1292,#1293,#1294
      ,#1295,#1296,#1297,#1298,#1299)
    ,(#1300,#1301,#1302,#1303,#1304,#1305,#1306,#1307,#1308,#1309,#1310
      ,#1311,#1312,#1313,#1314,#1315,#1316,#1317,#1318,#1319,#1320,#1321
      ,#1322,#1323,#1324,#1325,#1326,#1327,#1328,#1329,#1330,#1331,#1332
      ,#1333,#1334,#1335,#1336,#1337)
    ,(#1338,#1339,#1340,#1341,#1342,#1343,#1344,#1345,#1346,#1347,#1348
      ,#1349,#1350,#1351,#1352,#1353,#1354,#1355,#1356,#1357,#1358,#1359
      ,#1360,#1361,#1362,#1363,#1364,#1365,#1366,#1367,#1368,#1369,#1370
      ,#1371,#1372,#1373,#1374,#1375
)),.UNSPECIFIED.,.F.,.F.,.F.) B_SPLINE_SURFACE_WITH_KNOTS((3,3),(11,9,9,
    9,11),(0.,15.103269068731),(-0.884673324067,-2.010239629736E-14,
    7.551634534365,15.103269068731,15.599214995183),.UNSPECIFIED.) 
GEOMETRIC_REPRESENTATION_ITEM() RATIONAL_B_SPLINE_SURFACE((
    (1.,1.,1.,1.,1.,1.,1.,1.,1.,1.,1.,1.,1.,1.,1.,1.,1.,1.,1.,1.,1.,1.
      ,1.,1.,1.,1.,1.,1.,1.,1.,1.,1.,1.,1.,1.,1.,1.,1.)
    ,(0.707106781187,0.707106781187,0.707106781187,0.707106781187
      ,0.707106781187,0.707106781187,0.707106781187,0.707106781187
      ,0.707106781187,0.707106781187,0.707106781187,0.707106781186
      ,0.707106781187,0.707106781186,0.707106781187,0.707106781186
      ,0.707106781187,0.707106781186,0.707106781187,0.707106781187
      ,0.707106781186,0.707106781187,0.707106781186,0.707106781187
      ,0.707106781186,0.707106781187,0.707106781186,0.707106781187
      ,0.707106781187,0.707106781187,0.707106781187,0.707106781187
      ,0.707106781187,0.707106781187,0.707106781187,0.707106781187
      ,0.707106781187,0.707106781187)
    ,(1.,1.,1.,1.,1.,1.,1.,1.,1.,1.,1.,1.,1.,1.,1.,1.,1.,1.,1.,1.,1.,1.
      ,1.,1.,1.,1.,1.,1.,1.,1.,1.,1.,1.,1.,1.,1.,1.,1.
))) REPRESENTATION_ITEM('') SURFACE() );
#1262 = CARTESIAN_POINT('',(8.4,59.615326675933,3.));
#1263 = CARTESIAN_POINT('',(8.4,59.754187619221,3.));
#1264 = CARTESIAN_POINT('',(8.4,59.881849982312,3.));
#1265 = CARTESIAN_POINT('',(8.4,59.998313765208,3.));
#1266 = CARTESIAN_POINT('',(8.4,60.103578967909,3.));
#1267 = CARTESIAN_POINT('',(8.4,60.197645590413,3.));
#1268 = CARTESIAN_POINT('',(8.4,60.280513632722,3.));
#1269 = CARTESIAN_POINT('',(8.4,60.352183094835,3.));
#1270 = CARTESIAN_POINT('',(8.4,60.412653976753,3.));
#1271 = CARTESIAN_POINT('',(8.4,60.461926278474,3.));
#1272 = CARTESIAN_POINT('',(8.400000000001,60.825000000005,3.));
#1273 = CARTESIAN_POINT('',(8.399999999997,61.14999999998,3.072222222221
    ));
#1274 = CARTESIAN_POINT('',(8.400000000006,61.475000000044,3.21666666667
    ));
#1275 = CARTESIAN_POINT('',(8.399999999991,61.799999999934,
    3.433333333328));
#1276 = CARTESIAN_POINT('',(8.40000000001,62.125000000073,3.722222222228
    ));
#1277 = CARTESIAN_POINT('',(8.399999999992,62.449999999941,
    4.083333333329));
#1278 = CARTESIAN_POINT('',(8.400000000005,62.775000000034,
    4.516666666669));
#1279 = CARTESIAN_POINT('',(8.399999999998,63.099999999987,
    5.022222222221));
#1280 = CARTESIAN_POINT('',(8.4,63.425000000002,5.6));
#1281 = CARTESIAN_POINT('',(8.4,64.074999999999,6.9));
#1282 = CARTESIAN_POINT('',(8.4,64.399999999999,7.622222222222));
#1283 = CARTESIAN_POINT('',(8.4,64.725000000003,8.416666666668));
#1284 = CARTESIAN_POINT('',(8.399999999999,65.049999999993,
    9.283333333331));
#1285 = CARTESIAN_POINT('',(8.400000000001,65.375000000011,
    10.222222222225));
#1286 = CARTESIAN_POINT('',(8.399999999999,65.69999999999,
    11.233333333331));
#1287 = CARTESIAN_POINT('',(8.400000000001,66.025000000007,
    12.316666666668));
#1288 = CARTESIAN_POINT('',(8.4,66.349999999997,13.472222222222));
#1289 = CARTESIAN_POINT('',(8.4,66.675000000001,14.7));
#1290 = CARTESIAN_POINT('',(8.4,67.021344044837,16.085376179349));
#1291 = CARTESIAN_POINT('',(8.4,67.042713075213,16.170852300853));
#1292 = CARTESIAN_POINT('',(8.4,67.064107091127,16.25642836451));
#1293 = CARTESIAN_POINT('',(8.4,67.08552609258,16.342104370322));
#1294 = CARTESIAN_POINT('',(8.4,67.106970079571,16.427880318287));
#1295 = CARTESIAN_POINT('',(8.4,67.128439052101,16.513756208406));
#1296 = CARTESIAN_POINT('',(8.4,67.149933010169,16.599732040679));
#1297 = CARTESIAN_POINT('',(8.4,67.171451953776,16.685807815106));
#1298 = CARTESIAN_POINT('',(8.4,67.192995882921,16.771983531687));
#1299 = CARTESIAN_POINT('',(8.4,67.214564797605,16.858259190422));
#1300 = CARTESIAN_POINT('',(9.,59.615326675933,3.));
#1301 = CARTESIAN_POINT('',(9.,59.754187619221,3.));
#1302 = CARTESIAN_POINT('',(9.,59.881849982313,3.));
#1303 = CARTESIAN_POINT('',(9.,59.99831376521,3.));
#1304 = CARTESIAN_POINT('',(9.,60.10357896791,3.));
#1305 = CARTESIAN_POINT('',(9.,60.197645590415,3.));
#1306 = CARTESIAN_POINT('',(9.,60.280513632724,3.));
#1307 = CARTESIAN_POINT('',(9.,60.352183094837,3.));
#1308 = CARTESIAN_POINT('',(9.,60.412653976754,3.));
#1309 = CARTESIAN_POINT('',(9.,60.461926278475,3.));
#1310 = CARTESIAN_POINT('',(9.,60.825,3.));
#1311 = CARTESIAN_POINT('',(9.,61.15,3.072222222222));
#1312 = CARTESIAN_POINT('',(9.,61.475000000001,3.216666666667));
#1313 = CARTESIAN_POINT('',(9.,61.799999999999,3.433333333333));
#1314 = CARTESIAN_POINT('',(9.,62.125000000001,3.722222222222));
#1315 = CARTESIAN_POINT('',(9.,62.45,4.083333333333));
#1316 = CARTESIAN_POINT('',(9.,62.775,4.516666666666));
#1317 = CARTESIAN_POINT('',(9.,63.1,5.022222222222));
#1318 = CARTESIAN_POINT('',(9.,63.425,5.6));
#1319 = CARTESIAN_POINT('',(9.,64.075,6.9));
#1320 = CARTESIAN_POINT('',(9.,64.4,7.622222222222));
#1321 = CARTESIAN_POINT('',(9.,64.725,8.416666666667));
#1322 = CARTESIAN_POINT('',(9.,65.05,9.283333333333));
#1323 = CARTESIAN_POINT('',(9.,65.375,10.222222222222));
#1324 = CARTESIAN_POINT('',(9.,65.700000000001,11.233333333334));
#1325 = CARTESIAN_POINT('',(9.,66.025,12.316666666666));
#1326 = CARTESIAN_POINT('',(9.,66.35,13.472222222223));
#1327 = CARTESIAN_POINT('',(9.,66.675,14.7));
#1328 = CARTESIAN_POINT('',(9.,67.021344044837,16.085376179349));
#1329 = CARTESIAN_POINT('',(9.,67.042713075213,16.170852300853));
#1330 = CARTESIAN_POINT('',(9.,67.064107091128,16.25642836451));
#1331 = CARTESIAN_POINT('',(9.,67.08552609258,16.342104370322));
#1332 = CARTESIAN_POINT('',(9.,67.106970079572,16.427880318287));
#1333 = CARTESIAN_POINT('',(9.,67.128439052102,16.513756208406));
#1334 = CARTESIAN_POINT('',(9.,67.14993301017,16.599732040679));
#1335 = CARTESIAN_POINT('',(9.,67.171451953777,16.685807815106));
#1336 = CARTESIAN_POINT('',(9.,67.192995882922,16.771983531687));
#1337 = CARTESIAN_POINT('',(9.,67.214564797606,16.858259190422));
#1338 = CARTESIAN_POINT('',(9.,59.615326675933,2.4));
#1339 = CARTESIAN_POINT('',(9.,59.740129629734,2.4));
#1340 = CARTESIAN_POINT('',(9.,59.856858001003,2.4));
#1341 = CARTESIAN_POINT('',(9.,59.965511789741,2.4));
#1342 = CARTESIAN_POINT('',(9.,60.066090995945,2.4));
#1343 = CARTESIAN_POINT('',(9.,60.158595619618,2.4));
#1344 = CARTESIAN_POINT('',(9.,60.243025660759,2.4));
#1345 = CARTESIAN_POINT('',(9.,60.319381119367,2.4));
#1346 = CARTESIAN_POINT('',(9.,60.387661995444,2.4));
#1347 = CARTESIAN_POINT('',(9.,60.447868288988,2.4));
#1348 = CARTESIAN_POINT('',(9.000000000001,60.945000000005,2.4));
#1349 = CARTESIAN_POINT('',(8.999999999997,61.389833415055,
    2.498735111068));
#1350 = CARTESIAN_POINT('',(9.000000000006,61.816221869284,
    2.697483607035));
#1351 = CARTESIAN_POINT('',(8.999999999991,62.195150699629,
    2.974518512879));
#1352 = CARTESIAN_POINT('',(9.00000000001,62.566563116202,3.301670933917
    ));
#1353 = CARTESIAN_POINT('',(8.999999999992,62.921548277328,
    3.708151353786));
#1354 = CARTESIAN_POINT('',(9.000000000005,63.26978854735,4.172481924891
    ));
#1355 = CARTESIAN_POINT('',(8.999999999998,63.612337804751,
    4.707750422844));
#1356 = CARTESIAN_POINT('',(9.,63.95092318831,5.310205590116));
#1357 = CARTESIAN_POINT('',(9.,64.622389440891,6.653138095284));
#1358 = CARTESIAN_POINT('',(9.,64.955273533431,7.39348399496));
#1359 = CARTESIAN_POINT('',(9.,65.286333065917,8.203439947864));
#1360 = CARTESIAN_POINT('',(8.999999999999,65.616166185248,
    9.083552731473));
#1361 = CARTESIAN_POINT('',(9.000000000001,65.945110868075,
    10.034228704014));
#1362 = CARTESIAN_POINT('',(8.999999999999,66.273368337992,
    11.05577027407));
#1363 = CARTESIAN_POINT('',(9.000000000001,66.601083744105,
    12.148405630513));
#1364 = CARTESIAN_POINT('',(9.,66.928384099952,13.312311732576));
#1365 = CARTESIAN_POINT('',(9.,67.255373483911,14.547630560271));
#1366 = CARTESIAN_POINT('',(9.,67.603541979848,15.94030454402));
#1367 = CARTESIAN_POINT('',(9.,67.624998459608,16.026130463063));
#1368 = CARTESIAN_POINT('',(9.,67.646454939369,16.111956382105));
#1369 = CARTESIAN_POINT('',(9.,67.667911419129,16.197782301147));
#1370 = CARTESIAN_POINT('',(9.,67.68936789889,16.283608220189));
#1371 = CARTESIAN_POINT('',(9.,67.71082437865,16.369434139232));
#1372 = CARTESIAN_POINT('',(9.,67.732280858411,16.455260058274));
#1373 = CARTESIAN_POINT('',(9.,67.753737338171,16.541085977316));
#1374 = CARTESIAN_POINT('',(9.,67.775193817932,16.626911896358));
#1375 = CARTESIAN_POINT('',(9.,67.796650297692,16.712737815401));
#1376 = DEFINITIONAL_REPRESENTATION('',(#1377),#1405);
#1377 = B_SPLINE_CURVE_WITH_KNOTS('',6,(#1378,#1379,#1380,#1381,#1382,
    #1383,#1384,#1385,#1386,#1387,#1388,#1389,#1390,#1391,#1392,#1393,
    #1394,#1395,#1396,#1397,#1398,#1399,#1400,#1401,#1402,#1403,#1404),
  .UNSPECIFIED.,.F.,.F.,(7,5,5,5,5,7),(0.,0.213223552632,0.299856752557,
    0.571078942197,0.839915568412,1.),.UNSPECIFIED.);
#1378 = CARTESIAN_POINT('',(3.798417340483E-06,8.21002463751E-07));
#1379 = CARTESIAN_POINT('',(0.535059683114,0.114949561302));
#1380 = CARTESIAN_POINT('',(1.069385314478,0.232602438096));
#1381 = CARTESIAN_POINT('',(1.603082981437,0.352430203143));
#1382 = CARTESIAN_POINT('',(2.136302473531,0.473748228599));
#1383 = CARTESIAN_POINT('',(2.669223367696,0.595803134845));
#1384 = CARTESIAN_POINT('',(3.418520797541,0.767451155592));
#1385 = CARTESIAN_POINT('',(3.634986118503,0.817043198301));
#1386 = CARTESIAN_POINT('',(3.851445902876,0.866585702281));
#1387 = CARTESIAN_POINT('',(4.067912537856,0.916030047859));
#1388 = CARTESIAN_POINT('',(4.284398172894,0.965328839844));
#1389 = CARTESIAN_POINT('',(5.178762149633,1.168175194916));
#1390 = CARTESIAN_POINT('',(5.8569110802,1.320036759743));
#1391 = CARTESIAN_POINT('',(6.535726519376,1.468615059981));
#1392 = CARTESIAN_POINT('',(7.215512811617,1.612690485711));
#1393 = CARTESIAN_POINT('',(7.896481703348,1.751369824487));
#1394 = CARTESIAN_POINT('',(9.255013424792,2.015516203227));
#1395 = CARTESIAN_POINT('',(9.932561097196,2.141090534506));
#1396 = CARTESIAN_POINT('',(10.6114893833,2.260137955288));
#1397 = CARTESIAN_POINT('',(11.291834518406,2.372321345431));
#1398 = CARTESIAN_POINT('',(11.973561413178,2.477542289099));
#1399 = CARTESIAN_POINT('',(13.063278652615,2.634428471392));
#1400 = CARTESIAN_POINT('',(13.470446542378,2.69054031392));
#1401 = CARTESIAN_POINT('',(13.878053001204,2.744225962078));
#1402 = CARTESIAN_POINT('',(14.286075952548,2.795523751759));
#1403 = CARTESIAN_POINT('',(14.694490424881,2.844489248538));
#1404 = CARTESIAN_POINT('',(15.103269068731,2.891190085209));
#1405 = ( GEOMETRIC_REPRESENTATION_CONTEXT(2) 
PARAMETRIC_REPRESENTATION_CONTEXT() REPRESENTATION_CONTEXT('2D SPACE',''
  ) );
#1406 = ORIENTED_EDGE('',*,*,#1407,.F.);
#1407 = EDGE_CURVE('',#1408,#1198,#1410,.T.);
#1408 = VERTEX_POINT('',#1409);
#1409 = CARTESIAN_POINT('',(6.6,60.5,3.));
#1410 = SURFACE_CURVE('',#1411,(#1415,#1422),.PCURVE_S1.);
#1411 = LINE('',#1412,#1413);
#1412 = CARTESIAN_POINT('',(6.,60.5,3.));
#1413 = VECTOR('',#1414,1.);
#1414 = DIRECTION('',(1.,0.,0.));
#1415 = PCURVE('',#32,#1416);
#1416 = DEFINITIONAL_REPRESENTATION('',(#1417),#1421);
#1417 = LINE('',#1418,#1419);
#1418 = CARTESIAN_POINT('',(15.,60.5));
#1419 = VECTOR('',#1420,1.);
#1420 = DIRECTION('',(1.,0.));
#1421 = ( GEOMETRIC_REPRESENTATION_CONTEXT(2) 
PARAMETRIC_REPRESENTATION_CONTEXT() REPRESENTATION_CONTEXT('2D SPACE',''
  ) );
#1422 = PCURVE('',#1423,#1430);
#1423 = SURFACE_OF_LINEAR_EXTRUSION('',#1424,#1428);
#1424 = B_SPLINE_CURVE_WITH_KNOTS('',2,(#1425,#1426,#1427),
  .UNSPECIFIED.,.F.,.F.,(3,3),(0.,1.),.PIECEWISE_BEZIER_KNOTS.);
#1425 = CARTESIAN_POINT('',(6.,60.5,3.));
#1426 = CARTESIAN_POINT('',(6.,63.75,3.));
#1427 = CARTESIAN_POINT('',(6.,67.,16.));
#1428 = VECTOR('',#1429,1.);
#1429 = DIRECTION('',(-1.,-0.,-0.));
#1430 = DEFINITIONAL_REPRESENTATION('',(#1431),#1435);
#1431 = LINE('',#1432,#1433);
#1432 = CARTESIAN_POINT('',(0.,0.));
#1433 = VECTOR('',#1434,1.);
#1434 = DIRECTION('',(0.,-1.));
#1435 = ( GEOMETRIC_REPRESENTATION_CONTEXT(2) 
PARAMETRIC_REPRESENTATION_CONTEXT() REPRESENTATION_CONTEXT('2D SPACE',''
  ) );
#1436 = ORIENTED_EDGE('',*,*,#1437,.T.);
#1437 = EDGE_CURVE('',#1408,#1438,#1440,.T.);
#1438 = VERTEX_POINT('',#1439);
#1439 = CARTESIAN_POINT('',(6.,62.109057691901,3.));
#1440 = SURFACE_CURVE('',#1441,(#1494,#1550),.PCURVE_S1.);
#1441 = B_SPLINE_CURVE_WITH_KNOTS('',6,(#1442,#1443,#1444,#1445,#1446,
    #1447,#1448,#1449,#1450,#1451,#1452,#1453,#1454,#1455,#1456,#1457,
    #1458,#1459,#1460,#1461,#1462,#1463,#1464,#1465,#1466,#1467,#1468,
    #1469,#1470,#1471,#1472,#1473,#1474,#1475,#1476,#1477,#1478,#1479,
    #1480,#1481,#1482,#1483,#1484,#1485,#1486,#1487,#1488,#1489,#1490,
    #1491,#1492,#1493),.UNSPECIFIED.,.F.,.F.,(7,5,5,5,5,5,5,5,5,5,7),(0.
    ,6.028602742241E-03,1.204970450157E-02,2.509801996673E-02,
    5.020495343452E-02,0.100468313431,0.213224871621,0.299857926309,
    0.571079661261,0.839915836785,1.),.UNSPECIFIED.);
#1442 = CARTESIAN_POINT('',(6.6,60.500000060748,3.));
#1443 = CARTESIAN_POINT('',(6.599150239014,60.501398425464,3.));
#1444 = CARTESIAN_POINT('',(6.598299915468,60.502797811399,3.));
#1445 = CARTESIAN_POINT('',(6.597449030821,60.504198146852,3.));
#1446 = CARTESIAN_POINT('',(6.59659758768,60.505599395286,3.));
#1447 = CARTESIAN_POINT('',(6.595745589804,60.507001555324,3.));
#1448 = CARTESIAN_POINT('',(6.594041555164,60.509806020392,3.));
#1449 = CARTESIAN_POINT('',(6.593189487174,60.51120836286,3.));
#1450 = CARTESIAN_POINT('',(6.592336842018,60.512611688464,3.));
#1451 = CARTESIAN_POINT('',(6.591483623614,60.514015997505,3.));
#1452 = CARTESIAN_POINT('',(6.590629835911,60.51542129028,3.));
#1453 = CARTESIAN_POINT('',(6.587924016458,60.519875106222,3.));
#1454 = CARTESIAN_POINT('',(6.586070044301,60.522927021069,3.));
#1455 = CARTESIAN_POINT('',(6.584213606308,60.525983315494,3.));
#1456 = CARTESIAN_POINT('',(6.582354742956,60.529043993315,3.));
#1457 = CARTESIAN_POINT('',(6.580493495304,60.532109058295,3.));
#1458 = CARTESIAN_POINT('',(6.575044075243,60.541084611676,3.));
#1459 = CARTESIAN_POINT('',(6.571449572124,60.547006965712,3.));
#1460 = CARTESIAN_POINT('',(6.567846692344,60.552945602806,3.));
#1461 = CARTESIAN_POINT('',(6.564235740517,60.558900548356,3.));
#1462 = CARTESIAN_POINT('',(6.56061702917,60.564871826611,3.));
#1463 = CARTESIAN_POINT('',(6.549731429696,60.582846532138,3.));
#1464 = CARTESIAN_POINT('',(6.542442164797,60.594899153082,3.));
#1465 = CARTESIAN_POINT('',(6.535125657132,60.607017514683,3.));
#1466 = CARTESIAN_POINT('',(6.527784601878,60.619201772889,3.));
#1467 = CARTESIAN_POINT('',(6.520421816307,60.631452048408,3.));
#1468 = CARTESIAN_POINT('',(6.496481037157,60.671397945042,3.));
#1469 = CARTESIAN_POINT('',(6.479827278424,60.699360100507,3.));
#1470 = CARTESIAN_POINT('',(6.4631120711,60.727655782874,3.));
#1471 = CARTESIAN_POINT('',(6.446371603345,60.756284648431,3.));
#1472 = CARTESIAN_POINT('',(6.429644596756,60.78524421245,3.));
#1473 = CARTESIAN_POINT('',(6.400161694071,60.837028968134,3.));
#1474 = CARTESIAN_POINT('',(6.387383558245,60.859720890607,3.));
#1475 = CARTESIAN_POINT('',(6.374655949159,60.882602318691,3.));
#1476 = CARTESIAN_POINT('',(6.361997905694,60.90566955647,3.));
#1477 = CARTESIAN_POINT('',(6.349428908144,60.92891760249,3.));
#1478 = CARTESIAN_POINT('',(6.297960315619,61.025669018625,3.));
#1479 = CARTESIAN_POINT('',(6.260019534385,61.100707700266,3.));
#1480 = CARTESIAN_POINT('',(6.223751703559,61.177259780269,3.));
#1481 = CARTESIAN_POINT('',(6.189785805921,61.254984069754,3.));
#1482 = CARTESIAN_POINT('',(6.158665698274,61.333353035017,3.));
#1483 = CARTESIAN_POINT('',(6.103114582652,61.489488063367,3.));
#1484 = CARTESIAN_POINT('',(6.078626982182,61.567253975081,3.));
#1485 = CARTESIAN_POINT('',(6.057673030248,61.644476751076,3.));
#1486 = CARTESIAN_POINT('',(6.040462179257,61.720493659435,3.));
#1487 = CARTESIAN_POINT('',(6.026989829101,61.794684244059,3.));
#1488 = CARTESIAN_POINT('',(6.011221086493,61.909339893287,3.));
#1489 = CARTESIAN_POINT('',(6.006608271152,61.951307470324,3.));
#1490 = CARTESIAN_POINT('',(6.003236339503,61.992344044909,3.));
#1491 = CARTESIAN_POINT('',(6.001054856847,62.032359459327,3.));
#1492 = CARTESIAN_POINT('',(6.,62.071281281767,3.));
#1493 = CARTESIAN_POINT('',(6.,62.109056563987,3.));
#1494 = PCURVE('',#32,#1495);
#1495 = DEFINITIONAL_REPRESENTATION('',(#1496),#1549);
#1496 = B_SPLINE_CURVE_WITH_KNOTS('',6,(#1497,#1498,#1499,#1500,#1501,
    #1502,#1503,#1504,#1505,#1506,#1507,#1508,#1509,#1510,#1511,#1512,
    #1513,#1514,#1515,#1516,#1517,#1518,#1519,#1520,#1521,#1522,#1523,
    #1524,#1525,#1526,#1527,#1528,#1529,#1530,#1531,#1532,#1533,#1534,
    #1535,#1536,#1537,#1538,#1539,#1540,#1541,#1542,#1543,#1544,#1545,
    #1546,#1547,#1548),.UNSPECIFIED.,.F.,.F.,(7,5,5,5,5,5,5,5,5,5,7),(0.
    ,6.028602742241E-03,1.204970450157E-02,2.509801996673E-02,
    5.020495343452E-02,0.100468313431,0.213224871621,0.299857926309,
    0.571079661261,0.839915836785,1.),.UNSPECIFIED.);
#1497 = CARTESIAN_POINT('',(15.6,60.500000060748));
#1498 = CARTESIAN_POINT('',(15.599150239014,60.501398425464));
#1499 = CARTESIAN_POINT('',(15.598299915468,60.502797811399));
#1500 = CARTESIAN_POINT('',(15.597449030821,60.504198146852));
#1501 = CARTESIAN_POINT('',(15.59659758768,60.505599395286));
#1502 = CARTESIAN_POINT('',(15.595745589804,60.507001555324));
#1503 = CARTESIAN_POINT('',(15.594041555164,60.509806020392));
#1504 = CARTESIAN_POINT('',(15.593189487174,60.51120836286));
#1505 = CARTESIAN_POINT('',(15.592336842018,60.512611688464));
#1506 = CARTESIAN_POINT('',(15.591483623614,60.514015997505));
#1507 = CARTESIAN_POINT('',(15.590629835911,60.51542129028));
#1508 = CARTESIAN_POINT('',(15.587924016458,60.519875106222));
#1509 = CARTESIAN_POINT('',(15.586070044301,60.522927021069));
#1510 = CARTESIAN_POINT('',(15.584213606308,60.525983315494));
#1511 = CARTESIAN_POINT('',(15.582354742956,60.529043993315));
#1512 = CARTESIAN_POINT('',(15.580493495304,60.532109058295));
#1513 = CARTESIAN_POINT('',(15.575044075243,60.541084611676));
#1514 = CARTESIAN_POINT('',(15.571449572124,60.547006965712));
#1515 = CARTESIAN_POINT('',(15.567846692344,60.552945602806));
#1516 = CARTESIAN_POINT('',(15.564235740517,60.558900548356));
#1517 = CARTESIAN_POINT('',(15.56061702917,60.564871826611));
#1518 = CARTESIAN_POINT('',(15.549731429696,60.582846532138));
#1519 = CARTESIAN_POINT('',(15.542442164797,60.594899153082));
#1520 = CARTESIAN_POINT('',(15.535125657132,60.607017514683));
#1521 = CARTESIAN_POINT('',(15.527784601878,60.619201772889));
#1522 = CARTESIAN_POINT('',(15.520421816307,60.631452048408));
#1523 = CARTESIAN_POINT('',(15.496481037157,60.671397945042));
#1524 = CARTESIAN_POINT('',(15.479827278424,60.699360100507));
#1525 = CARTESIAN_POINT('',(15.4631120711,60.727655782874));
#1526 = CARTESIAN_POINT('',(15.446371603345,60.756284648431));
#1527 = CARTESIAN_POINT('',(15.429644596756,60.78524421245));
#1528 = CARTESIAN_POINT('',(15.400161694071,60.837028968134));
#1529 = CARTESIAN_POINT('',(15.387383558245,60.859720890607));
#1530 = CARTESIAN_POINT('',(15.374655949159,60.882602318691));
#1531 = CARTESIAN_POINT('',(15.361997905694,60.90566955647));
#1532 = CARTESIAN_POINT('',(15.349428908144,60.92891760249));
#1533 = CARTESIAN_POINT('',(15.297960315619,61.025669018625));
#1534 = CARTESIAN_POINT('',(15.260019534385,61.100707700266));
#1535 = CARTESIAN_POINT('',(15.223751703559,61.177259780269));
#1536 = CARTESIAN_POINT('',(15.189785805921,61.254984069754));
#1537 = CARTESIAN_POINT('',(15.158665698274,61.333353035017));
#1538 = CARTESIAN_POINT('',(15.103114582652,61.489488063367));
#1539 = CARTESIAN_POINT('',(15.078626982182,61.567253975081));
#1540 = CARTESIAN_POINT('',(15.057673030248,61.644476751076));
#1541 = CARTESIAN_POINT('',(15.040462179257,61.720493659435));
#1542 = CARTESIAN_POINT('',(15.026989829101,61.794684244059));
#1543 = CARTESIAN_POINT('',(15.011221086493,61.909339893287));
#1544 = CARTESIAN_POINT('',(15.006608271152,61.951307470324));
#1545 = CARTESIAN_POINT('',(15.003236339503,61.992344044909));
#1546 = CARTESIAN_POINT('',(15.001054856847,62.032359459327));
#1547 = CARTESIAN_POINT('',(15.,62.071281281767));
#1548 = CARTESIAN_POINT('',(15.,62.109056563987));
#1549 = ( GEOMETRIC_REPRESENTATION_CONTEXT(2) 
PARAMETRIC_REPRESENTATION_CONTEXT() REPRESENTATION_CONTEXT('2D SPACE',''
  ) );
#1550 = PCURVE('',#1551,#1666);
#1551 = ( BOUNDED_SURFACE() B_SPLINE_SURFACE(2,10,(
    (#1552,#1553,#1554,#1555,#1556,#1557,#1558,#1559,#1560,#1561,#1562
      ,#1563,#1564,#1565,#1566,#1567,#1568,#1569,#1570,#1571,#1572,#1573
      ,#1574,#1575,#1576,#1577,#1578,#1579,#1580,#1581,#1582,#1583,#1584
      ,#1585,#1586,#1587,#1588,#1589)
    ,(#1590,#1591,#1592,#1593,#1594,#1595,#1596,#1597,#1598,#1599,#1600
      ,#1601,#1602,#1603,#1604,#1605,#1606,#1607,#1608,#1609,#1610,#1611
      ,#1612,#1613,#1614,#1615,#1616,#1617,#1618,#1619,#1620,#1621,#1622
      ,#1623,#1624,#1625,#1626,#1627)
    ,(#1628,#1629,#1630,#1631,#1632,#1633,#1634,#1635,#1636,#1637,#1638
      ,#1639,#1640,#1641,#1642,#1643,#1644,#1645,#1646,#1647,#1648,#1649
      ,#1650,#1651,#1652,#1653,#1654,#1655,#1656,#1657,#1658,#1659,#1660
      ,#1661,#1662,#1663,#1664,#1665
)),.UNSPECIFIED.,.F.,.F.,.F.) B_SPLINE_SURFACE_WITH_KNOTS((3,3),(11,9,9,
    9,11),(0.,15.103269068731),(-0.884673324067,-2.010239629736E-14,
    7.551634534365,15.103269068731,15.599214995183),.UNSPECIFIED.) 
GEOMETRIC_REPRESENTATION_ITEM() RATIONAL_B_SPLINE_SURFACE((
    (1.,1.,1.,1.,1.,1.,1.,1.,1.,1.,1.,1.,1.,1.,1.,1.,1.,1.,1.,1.,1.,1.
      ,1.,1.,1.,1.,1.,1.,1.,1.,1.,1.,1.,1.,1.,1.,1.,1.)
    ,(0.707106781187,0.707106781187,0.707106781187,0.707106781187
      ,0.707106781187,0.707106781187,0.707106781187,0.707106781187
      ,0.707106781187,0.707106781187,0.707106781187,0.707106781186
      ,0.707106781187,0.707106781186,0.707106781187,0.707106781186
      ,0.707106781187,0.707106781186,0.707106781187,0.707106781187
      ,0.707106781186,0.707106781187,0.707106781186,0.707106781187
      ,0.707106781186,0.707106781187,0.707106781186,0.707106781187
      ,0.707106781187,0.707106781187,0.707106781187,0.707106781187
      ,0.707106781187,0.707106781187,0.707106781187,0.707106781187
      ,0.707106781187,0.707106781187)
    ,(1.,1.,1.,1.,1.,1.,1.,1.,1.,1.,1.,1.,1.,1.,1.,1.,1.,1.,1.,1.,1.,1.
      ,1.,1.,1.,1.,1.,1.,1.,1.,1.,1.,1.,1.,1.,1.,1.,1.
))) REPRESENTATION_ITEM('') SURFACE() );
#1552 = CARTESIAN_POINT('',(6.6,59.615326675933,3.));
#1553 = CARTESIAN_POINT('',(6.6,59.754187619221,3.));
#1554 = CARTESIAN_POINT('',(6.6,59.881849982312,3.));
#1555 = CARTESIAN_POINT('',(6.6,59.998313765208,3.));
#1556 = CARTESIAN_POINT('',(6.6,60.103578967909,3.));
#1557 = CARTESIAN_POINT('',(6.6,60.197645590413,3.));
#1558 = CARTESIAN_POINT('',(6.6,60.280513632722,3.));
#1559 = CARTESIAN_POINT('',(6.6,60.352183094835,3.));
#1560 = CARTESIAN_POINT('',(6.6,60.412653976753,3.));
#1561 = CARTESIAN_POINT('',(6.6,60.461926278474,3.));
#1562 = CARTESIAN_POINT('',(6.600000000001,60.825000000005,3.));
#1563 = CARTESIAN_POINT('',(6.599999999998,61.14999999998,3.072222222221
    ));
#1564 = CARTESIAN_POINT('',(6.600000000005,61.475000000044,3.21666666667
    ));
#1565 = CARTESIAN_POINT('',(6.599999999993,61.799999999934,
    3.433333333328));
#1566 = CARTESIAN_POINT('',(6.600000000008,62.125000000073,
    3.722222222228));
#1567 = CARTESIAN_POINT('',(6.599999999994,62.449999999941,
    4.083333333329));
#1568 = CARTESIAN_POINT('',(6.600000000004,62.775000000034,
    4.516666666669));
#1569 = CARTESIAN_POINT('',(6.599999999999,63.099999999987,
    5.022222222221));
#1570 = CARTESIAN_POINT('',(6.6,63.425000000002,5.6));
#1571 = CARTESIAN_POINT('',(6.6,64.074999999999,6.9));
#1572 = CARTESIAN_POINT('',(6.6,64.399999999999,7.622222222222));
#1573 = CARTESIAN_POINT('',(6.6,64.725000000003,8.416666666667));
#1574 = CARTESIAN_POINT('',(6.599999999999,65.049999999993,
    9.283333333332));
#1575 = CARTESIAN_POINT('',(6.600000000001,65.37500000001,
    10.222222222224));
#1576 = CARTESIAN_POINT('',(6.599999999999,65.69999999999,
    11.233333333331));
#1577 = CARTESIAN_POINT('',(6.600000000001,66.025000000007,
    12.316666666668));
#1578 = CARTESIAN_POINT('',(6.6,66.349999999997,13.472222222222));
#1579 = CARTESIAN_POINT('',(6.6,66.675000000001,14.7));
#1580 = CARTESIAN_POINT('',(6.6,67.021344044837,16.085376179349));
#1581 = CARTESIAN_POINT('',(6.6,67.042713075213,16.170852300853));
#1582 = CARTESIAN_POINT('',(6.6,67.064107091127,16.25642836451));
#1583 = CARTESIAN_POINT('',(6.6,67.08552609258,16.342104370322));
#1584 = CARTESIAN_POINT('',(6.6,67.106970079571,16.427880318287));
#1585 = CARTESIAN_POINT('',(6.6,67.128439052101,16.513756208406));
#1586 = CARTESIAN_POINT('',(6.6,67.149933010169,16.599732040679));
#1587 = CARTESIAN_POINT('',(6.6,67.171451953776,16.685807815106));
#1588 = CARTESIAN_POINT('',(6.6,67.192995882921,16.771983531687));
#1589 = CARTESIAN_POINT('',(6.6,67.214564797605,16.858259190422));
#1590 = CARTESIAN_POINT('',(6.,59.615326675933,3.));
#1591 = CARTESIAN_POINT('',(6.,59.754187619221,3.));
#1592 = CARTESIAN_POINT('',(6.,59.881849982313,3.));
#1593 = CARTESIAN_POINT('',(6.,59.99831376521,3.));
#1594 = CARTESIAN_POINT('',(6.,60.10357896791,3.));
#1595 = CARTESIAN_POINT('',(6.,60.197645590415,3.));
#1596 = CARTESIAN_POINT('',(6.,60.280513632724,3.));
#1597 = CARTESIAN_POINT('',(6.,60.352183094837,3.));
#1598 = CARTESIAN_POINT('',(6.,60.412653976754,3.));
#1599 = CARTESIAN_POINT('',(6.,60.461926278475,3.));
#1600 = CARTESIAN_POINT('',(6.,60.825,3.));
#1601 = CARTESIAN_POINT('',(6.,61.15,3.072222222222));
#1602 = CARTESIAN_POINT('',(6.,61.475000000001,3.216666666667));
#1603 = CARTESIAN_POINT('',(6.,61.799999999999,3.433333333333));
#1604 = CARTESIAN_POINT('',(6.,62.125000000001,3.722222222223));
#1605 = CARTESIAN_POINT('',(6.,62.45,4.083333333333));
#1606 = CARTESIAN_POINT('',(6.,62.775,4.516666666666));
#1607 = CARTESIAN_POINT('',(6.,63.1,5.022222222223));
#1608 = CARTESIAN_POINT('',(6.,63.425,5.6));
#1609 = CARTESIAN_POINT('',(6.,64.075,6.9));
#1610 = CARTESIAN_POINT('',(6.,64.4,7.622222222222));
#1611 = CARTESIAN_POINT('',(6.,64.725,8.416666666667));
#1612 = CARTESIAN_POINT('',(6.,65.05,9.283333333333));
#1613 = CARTESIAN_POINT('',(6.,65.375,10.222222222222));
#1614 = CARTESIAN_POINT('',(6.,65.700000000001,11.233333333334));
#1615 = CARTESIAN_POINT('',(6.,66.025,12.316666666666));
#1616 = CARTESIAN_POINT('',(6.,66.35,13.472222222223));
#1617 = CARTESIAN_POINT('',(6.,66.675,14.7));
#1618 = CARTESIAN_POINT('',(6.,67.021344044837,16.085376179349));
#1619 = CARTESIAN_POINT('',(6.,67.042713075213,16.170852300853));
#1620 = CARTESIAN_POINT('',(6.,67.064107091128,16.25642836451));
#1621 = CARTESIAN_POINT('',(6.,67.08552609258,16.342104370322));
#1622 = CARTESIAN_POINT('',(6.,67.106970079572,16.427880318287));
#1623 = CARTESIAN_POINT('',(6.,67.128439052102,16.513756208406));
#1624 = CARTESIAN_POINT('',(6.,67.14993301017,16.599732040679));
#1625 = CARTESIAN_POINT('',(6.,67.171451953777,16.685807815106));
#1626 = CARTESIAN_POINT('',(6.,67.192995882922,16.771983531687));
#1627 = CARTESIAN_POINT('',(6.,67.214564797606,16.858259190422));
#1628 = CARTESIAN_POINT('',(6.,59.615326675933,2.4));
#1629 = CARTESIAN_POINT('',(6.,59.740129629734,2.4));
#1630 = CARTESIAN_POINT('',(6.,59.856858001004,2.4));
#1631 = CARTESIAN_POINT('',(6.,59.965511789741,2.4));
#1632 = CARTESIAN_POINT('',(6.,60.066090995945,2.4));
#1633 = CARTESIAN_POINT('',(6.,60.158595619618,2.4));
#1634 = CARTESIAN_POINT('',(6.,60.243025660759,2.4));
#1635 = CARTESIAN_POINT('',(6.,60.319381119367,2.4));
#1636 = CARTESIAN_POINT('',(6.,60.387661995444,2.4));
#1637 = CARTESIAN_POINT('',(6.,60.447868288988,2.4));
#1638 = CARTESIAN_POINT('',(6.000000000001,60.945000000005,2.4));
#1639 = CARTESIAN_POINT('',(5.999999999998,61.389833415055,
    2.498735111068));
#1640 = CARTESIAN_POINT('',(6.000000000004,61.816221869283,
    2.697483607035));
#1641 = CARTESIAN_POINT('',(5.999999999993,62.195150699629,
    2.974518512879));
#1642 = CARTESIAN_POINT('',(6.000000000007,62.566563116202,
    3.301670933917));
#1643 = CARTESIAN_POINT('',(5.999999999994,62.921548277328,
    3.708151353786));
#1644 = CARTESIAN_POINT('',(6.000000000003,63.26978854735,4.172481924891
    ));
#1645 = CARTESIAN_POINT('',(5.999999999999,63.612337804751,
    4.707750422845));
#1646 = CARTESIAN_POINT('',(6.,63.95092318831,5.310205590116));
#1647 = CARTESIAN_POINT('',(6.,64.622389440891,6.653138095284));
#1648 = CARTESIAN_POINT('',(6.,64.955273533431,7.39348399496));
#1649 = CARTESIAN_POINT('',(6.,65.286333065917,8.203439947864));
#1650 = CARTESIAN_POINT('',(5.999999999999,65.616166185248,
    9.083552731473));
#1651 = CARTESIAN_POINT('',(6.000000000001,65.945110868075,
    10.034228704014));
#1652 = CARTESIAN_POINT('',(5.999999999999,66.273368337991,
    11.05577027407));
#1653 = CARTESIAN_POINT('',(6.000000000001,66.601083744105,
    12.148405630513));
#1654 = CARTESIAN_POINT('',(6.,66.928384099952,13.312311732576));
#1655 = CARTESIAN_POINT('',(6.,67.255373483911,14.547630560271));
#1656 = CARTESIAN_POINT('',(6.,67.603541979848,15.94030454402));
#1657 = CARTESIAN_POINT('',(6.,67.624998459608,16.026130463063));
#1658 = CARTESIAN_POINT('',(6.,67.646454939369,16.111956382105));
#1659 = CARTESIAN_POINT('',(6.,67.667911419129,16.197782301147));
#1660 = CARTESIAN_POINT('',(6.,67.68936789889,16.283608220189));
#1661 = CARTESIAN_POINT('',(6.,67.71082437865,16.369434139232));
#1662 = CARTESIAN_POINT('',(6.,67.732280858411,16.455260058274));
#1663 = CARTESIAN_POINT('',(6.,67.753737338171,16.541085977316));
#1664 = CARTESIAN_POINT('',(6.,67.775193817932,16.626911896358));
#1665 = CARTESIAN_POINT('',(6.,67.796650297692,16.712737815401));
#1666 = DEFINITIONAL_REPRESENTATION('',(#1667),#1720);
#1667 = B_SPLINE_CURVE_WITH_KNOTS('',6,(#1668,#1669,#1670,#1671,#1672,
    #1673,#1674,#1675,#1676,#1677,#1678,#1679,#1680,#1681,#1682,#1683,
    #1684,#1685,#1686,#1687,#1688,#1689,#1690,#1691,#1692,#1693,#1694,
    #1695,#1696,#1697,#1698,#1699,#1700,#1701,#1702,#1703,#1704,#1705,
    #1706,#1707,#1708,#1709,#1710,#1711,#1712,#1713,#1714,#1715,#1716,
    #1717,#1718,#1719),.UNSPECIFIED.,.F.,.F.,(7,5,5,5,5,5,5,5,5,5,7),(0.
    ,6.028602742241E-03,1.204970450157E-02,2.509801996673E-02,
    5.020495343452E-02,0.100468313431,0.213224871621,0.299857926309,
    0.571079661261,0.839915836785,1.),.UNSPECIFIED.);
#1668 = CARTESIAN_POINT('',(0.,1.411539525608E-07));
#1669 = CARTESIAN_POINT('',(1.512521297704E-02,3.249353239404E-03));
#1670 = CARTESIAN_POINT('',(3.024979162009E-02,6.500938209491E-03));
#1671 = CARTESIAN_POINT('',(4.537377936232E-02,9.754716466334E-03));
#1672 = CARTESIAN_POINT('',(6.049719968029E-02,1.301059002924E-02));
#1673 = CARTESIAN_POINT('',(7.562005609392E-02,1.62685425347E-02));
#1674 = CARTESIAN_POINT('',(0.105845792613,2.278467962014E-02));
#1675 = CARTESIAN_POINT('',(0.120949252319,2.604295131802E-02));
#1676 = CARTESIAN_POINT('',(0.136052711279,2.93034418347E-02));
#1677 = CARTESIAN_POINT('',(0.151156169484,3.256613857489E-02));
#1678 = CARTESIAN_POINT('',(0.166259626929,3.583102884334E-02));
#1679 = CARTESIAN_POINT('',(0.214093749059,4.617816173025E-02));
#1680 = CARTESIAN_POINT('',(0.246821773413,5.326789450603E-02));
#1681 = CARTESIAN_POINT('',(0.279547181436,6.036717020217E-02));
#1682 = CARTESIAN_POINT('',(0.312269998544,6.747585901085E-02));
#1683 = CARTESIAN_POINT('',(0.344990250802,7.459382928638E-02));
#1684 = CARTESIAN_POINT('',(0.440661797835,9.543460157354E-02));
#1685 = CARTESIAN_POINT('',(0.503606233571,0.109182125046));
#1686 = CARTESIAN_POINT('',(0.566541462579,0.122962566373));
#1687 = CARTESIAN_POINT('',(0.629467683734,0.136774950913));
#1688 = CARTESIAN_POINT('',(0.692385104337,0.150618280979));
#1689 = CARTESIAN_POINT('',(0.881235623257,0.192265393757));
#1690 = CARTESIAN_POINT('',(1.00714289557,0.22015919943));
#1691 = CARTESIAN_POINT('',(1.133017495559,0.248164736316));
#1692 = CARTESIAN_POINT('',(1.258861276756,0.276273497981));
#1693 = CARTESIAN_POINT('',(1.38467620772,0.304476688089));
#1694 = CARTESIAN_POINT('',(1.792646869779,0.396225314213));
#1695 = CARTESIAN_POINT('',(2.074694533799,0.460114924656));
#1696 = CARTESIAN_POINT('',(2.356631017898,0.524331920661));
#1697 = CARTESIAN_POINT('',(2.638482114689,0.588768261988));
#1698 = CARTESIAN_POINT('',(2.920274972963,0.653313689977));
#1699 = CARTESIAN_POINT('',(3.418520797541,0.767451155592));
#1700 = CARTESIAN_POINT('',(3.634986118503,0.817043198301));
#1701 = CARTESIAN_POINT('',(3.851445902876,0.866585702281));
#1702 = CARTESIAN_POINT('',(4.067912537856,0.916030047859));
#1703 = CARTESIAN_POINT('',(4.284398172894,0.965328839844));
#1704 = CARTESIAN_POINT('',(5.178762149633,1.168175194917));
#1705 = CARTESIAN_POINT('',(5.856911080197,1.320036759742));
#1706 = CARTESIAN_POINT('',(6.53572651938,1.468615059982));
#1707 = CARTESIAN_POINT('',(7.215512811615,1.61269048571));
#1708 = CARTESIAN_POINT('',(7.896481703349,1.751369824487));
#1709 = CARTESIAN_POINT('',(9.255013424791,2.015516203226));
#1710 = CARTESIAN_POINT('',(9.932561097199,2.141090534507));
#1711 = CARTESIAN_POINT('',(10.611489383297,2.260137955287));
#1712 = CARTESIAN_POINT('',(11.291834518408,2.372321345431));
#1713 = CARTESIAN_POINT('',(11.973561413178,2.477542289099));
#1714 = CARTESIAN_POINT('',(13.063278652615,2.634428471392));
#1715 = CARTESIAN_POINT('',(13.470446542378,2.69054031392));
#1716 = CARTESIAN_POINT('',(13.878053001204,2.744225962078));
#1717 = CARTESIAN_POINT('',(14.286075952548,2.795523751759));
#1718 = CARTESIAN_POINT('',(14.694490424881,2.844489248538));
#1719 = CARTESIAN_POINT('',(15.103269068731,2.891190085209));
#1720 = ( GEOMETRIC_REPRESENTATION_CONTEXT(2) 
PARAMETRIC_REPRESENTATION_CONTEXT() REPRESENTATION_CONTEXT('2D SPACE',''
  ) );
#1721 = ORIENTED_EDGE('',*,*,#1722,.F.);
#1722 = EDGE_CURVE('',#24,#1438,#1723,.T.);
#1723 = SURFACE_CURVE('',#1724,(#1728,#1735),.PCURVE_S1.);
#1724 = LINE('',#1725,#1726);
#1725 = CARTESIAN_POINT('',(6.,67.,3.));
#1726 = VECTOR('',#1727,1.);
#1727 = DIRECTION('',(0.,-1.,0.));
#1728 = PCURVE('',#32,#1729);
#1729 = DEFINITIONAL_REPRESENTATION('',(#1730),#1734);
#1730 = LINE('',#1731,#1732);
#1731 = CARTESIAN_POINT('',(15.,67.));
#1732 = VECTOR('',#1733,1.);
#1733 = DIRECTION('',(0.,-1.));
#1734 = ( GEOMETRIC_REPRESENTATION_CONTEXT(2) 
PARAMETRIC_REPRESENTATION_CONTEXT() REPRESENTATION_CONTEXT('2D SPACE',''
  ) );
#1735 = PCURVE('',#1736,#1741);
#1736 = PLANE('',#1737);
#1737 = AXIS2_PLACEMENT_3D('',#1738,#1739,#1740);
#1738 = CARTESIAN_POINT('',(6.,65.24771827212,8.104869081029));
#1739 = DIRECTION('',(-1.,-0.,-0.));
#1740 = DIRECTION('',(0.,0.,-1.));
#1741 = DEFINITIONAL_REPRESENTATION('',(#1742),#1746);
#1742 = LINE('',#1743,#1744);
#1743 = CARTESIAN_POINT('',(5.104869081029,-1.75228172788));
#1744 = VECTOR('',#1745,1.);
#1745 = DIRECTION('',(0.,1.));
#1746 = ( GEOMETRIC_REPRESENTATION_CONTEXT(2) 
PARAMETRIC_REPRESENTATION_CONTEXT() REPRESENTATION_CONTEXT('2D SPACE',''
  ) );
#1747 = FACE_BOUND('',#1748,.T.);
#1748 = EDGE_LOOP('',(#1749));
#1749 = ORIENTED_EDGE('',*,*,#1750,.F.);
#1750 = EDGE_CURVE('',#1751,#1751,#1753,.T.);
#1751 = VERTEX_POINT('',#1752);
#1752 = CARTESIAN_POINT('',(3.5,5.,3.));
#1753 = SURFACE_CURVE('',#1754,(#1759,#1766),.PCURVE_S1.);
#1754 = CIRCLE('',#1755,3.5);
#1755 = AXIS2_PLACEMENT_3D('',#1756,#1757,#1758);
#1756 = CARTESIAN_POINT('',(0.,5.,3.));
#1757 = DIRECTION('',(0.,0.,1.));
#1758 = DIRECTION('',(1.,0.,-0.));
#1759 = PCURVE('',#32,#1760);
#1760 = DEFINITIONAL_REPRESENTATION('',(#1761),#1765);
#1761 = CIRCLE('',#1762,3.5);
#1762 = AXIS2_PLACEMENT_2D('',#1763,#1764);
#1763 = CARTESIAN_POINT('',(9.,5.));
#1764 = DIRECTION('',(1.,0.));
#1765 = ( GEOMETRIC_REPRESENTATION_CONTEXT(2) 
PARAMETRIC_REPRESENTATION_CONTEXT() REPRESENTATION_CONTEXT('2D SPACE',''
  ) );
#1766 = PCURVE('',#1767,#1772);
#1767 = CONICAL_SURFACE('',#1768,1.9,0.785398163397);
#1768 = AXIS2_PLACEMENT_3D('',#1769,#1770,#1771);
#1769 = CARTESIAN_POINT('',(0.,5.,1.4));
#1770 = DIRECTION('',(0.,0.,1.));
#1771 = DIRECTION('',(1.,0.,-0.));
#1772 = DEFINITIONAL_REPRESENTATION('',(#1773),#1777);
#1773 = LINE('',#1774,#1775);
#1774 = CARTESIAN_POINT('',(0.,1.6));
#1775 = VECTOR('',#1776,1.);
#1776 = DIRECTION('',(1.,0.));
#1777 = ( GEOMETRIC_REPRESENTATION_CONTEXT(2) 
PARAMETRIC_REPRESENTATION_CONTEXT() REPRESENTATION_CONTEXT('2D SPACE',''
  ) );
#1778 = ADVANCED_FACE('',(#1779),#44,.F.);
#1779 = FACE_BOUND('',#1780,.F.);
#1780 = EDGE_LOOP('',(#1781,#1809,#1837,#1863));
#1781 = ORIENTED_EDGE('',*,*,#1782,.T.);
#1782 = EDGE_CURVE('',#22,#1783,#1785,.T.);
#1783 = VERTEX_POINT('',#1784);
#1784 = CARTESIAN_POINT('',(-6.,67.,3.8));
#1785 = SURFACE_CURVE('',#1786,(#1791,#1798),.PCURVE_S1.);
#1786 = CIRCLE('',#1787,0.8);
#1787 = AXIS2_PLACEMENT_3D('',#1788,#1789,#1790);
#1788 = CARTESIAN_POINT('',(-6.,66.2,3.8));
#1789 = DIRECTION('',(1.,0.,0.));
#1790 = DIRECTION('',(-0.,0.,1.));
#1791 = PCURVE('',#44,#1792);
#1792 = DEFINITIONAL_REPRESENTATION('',(#1793),#1797);
#1793 = LINE('',#1794,#1795);
#1794 = CARTESIAN_POINT('',(-3.14159265359,0.));
#1795 = VECTOR('',#1796,1.);
#1796 = DIRECTION('',(1.,0.));
#1797 = ( GEOMETRIC_REPRESENTATION_CONTEXT(2) 
PARAMETRIC_REPRESENTATION_CONTEXT() REPRESENTATION_CONTEXT('2D SPACE',''
  ) );
#1798 = PCURVE('',#72,#1799);
#1799 = DEFINITIONAL_REPRESENTATION('',(#1800),#1808);
#1800 = ( BOUNDED_CURVE() B_SPLINE_CURVE(2,(#1801,#1802,#1803,#1804,
#1805,#1806,#1807),.UNSPECIFIED.,.T.,.F.) B_SPLINE_CURVE_WITH_KNOTS((1,2
    ,2,2,2,1),(-2.094395102393,0.,2.094395102393,4.188790204786,
6.28318530718,8.377580409573),.UNSPECIFIED.) CURVE() 
GEOMETRIC_REPRESENTATION_ITEM() RATIONAL_B_SPLINE_CURVE((1.,0.5,1.,0.5,
1.,0.5,1.)) REPRESENTATION_ITEM('') );
#1801 = CARTESIAN_POINT('',(3.504869081029,-0.95228172788));
#1802 = CARTESIAN_POINT('',(3.504869081029,0.433358918175));
#1803 = CARTESIAN_POINT('',(4.704869081029,-0.259461404852));
#1804 = CARTESIAN_POINT('',(5.904869081029,-0.95228172788));
#1805 = CARTESIAN_POINT('',(4.704869081029,-1.645102050908));
#1806 = CARTESIAN_POINT('',(3.504869081029,-2.337922373935));
#1807 = CARTESIAN_POINT('',(3.504869081029,-0.95228172788));
#1808 = ( GEOMETRIC_REPRESENTATION_CONTEXT(2) 
PARAMETRIC_REPRESENTATION_CONTEXT() REPRESENTATION_CONTEXT('2D SPACE',''
  ) );
#1809 = ORIENTED_EDGE('',*,*,#1810,.T.);
#1810 = EDGE_CURVE('',#1783,#1811,#1813,.T.);
#1811 = VERTEX_POINT('',#1812);
#1812 = CARTESIAN_POINT('',(6.,67.,3.8));
#1813 = SURFACE_CURVE('',#1814,(#1818,#1825),.PCURVE_S1.);
#1814 = LINE('',#1815,#1816);
#1815 = CARTESIAN_POINT('',(-6.,67.,3.8));
#1816 = VECTOR('',#1817,1.);
#1817 = DIRECTION('',(1.,0.,0.));
#1818 = PCURVE('',#44,#1819);
#1819 = DEFINITIONAL_REPRESENTATION('',(#1820),#1824);
#1820 = LINE('',#1821,#1822);
#1821 = CARTESIAN_POINT('',(1.570796326795,0.));
#1822 = VECTOR('',#1823,1.);
#1823 = DIRECTION('',(0.,1.));
#1824 = ( GEOMETRIC_REPRESENTATION_CONTEXT(2) 
PARAMETRIC_REPRESENTATION_CONTEXT() REPRESENTATION_CONTEXT('2D SPACE',''
  ) );
#1825 = PCURVE('',#1826,#1831);
#1826 = PLANE('',#1827);
#1827 = AXIS2_PLACEMENT_3D('',#1828,#1829,#1830);
#1828 = CARTESIAN_POINT('',(0.,67.,12.299945287508));
#1829 = DIRECTION('',(-0.,-1.,-0.));
#1830 = DIRECTION('',(0.,0.,-1.));
#1831 = DEFINITIONAL_REPRESENTATION('',(#1832),#1836);
#1832 = LINE('',#1833,#1834);
#1833 = CARTESIAN_POINT('',(8.499945287508,-6.));
#1834 = VECTOR('',#1835,1.);
#1835 = DIRECTION('',(0.,1.));
#1836 = ( GEOMETRIC_REPRESENTATION_CONTEXT(2) 
PARAMETRIC_REPRESENTATION_CONTEXT() REPRESENTATION_CONTEXT('2D SPACE',''
  ) );
#1837 = ORIENTED_EDGE('',*,*,#1838,.F.);
#1838 = EDGE_CURVE('',#24,#1811,#1839,.T.);
#1839 = SURFACE_CURVE('',#1840,(#1845,#1852),.PCURVE_S1.);
#1840 = CIRCLE('',#1841,0.8);
#1841 = AXIS2_PLACEMENT_3D('',#1842,#1843,#1844);
#1842 = CARTESIAN_POINT('',(6.,66.2,3.8));
#1843 = DIRECTION('',(1.,0.,0.));
#1844 = DIRECTION('',(-0.,0.,1.));
#1845 = PCURVE('',#44,#1846);
#1846 = DEFINITIONAL_REPRESENTATION('',(#1847),#1851);
#1847 = LINE('',#1848,#1849);
#1848 = CARTESIAN_POINT('',(-3.14159265359,12.));
#1849 = VECTOR('',#1850,1.);
#1850 = DIRECTION('',(1.,0.));
#1851 = ( GEOMETRIC_REPRESENTATION_CONTEXT(2) 
PARAMETRIC_REPRESENTATION_CONTEXT() REPRESENTATION_CONTEXT('2D SPACE',''
  ) );
#1852 = PCURVE('',#1736,#1853);
#1853 = DEFINITIONAL_REPRESENTATION('',(#1854),#1862);
#1854 = ( BOUNDED_CURVE() B_SPLINE_CURVE(2,(#1855,#1856,#1857,#1858,
#1859,#1860,#1861),.UNSPECIFIED.,.T.,.F.) B_SPLINE_CURVE_WITH_KNOTS((1,2
    ,2,2,2,1),(-2.094395102393,0.,2.094395102393,4.188790204786,
6.28318530718,8.377580409573),.UNSPECIFIED.) CURVE() 
GEOMETRIC_REPRESENTATION_ITEM() RATIONAL_B_SPLINE_CURVE((1.,0.5,1.,0.5,
1.,0.5,1.)) REPRESENTATION_ITEM('') );
#1855 = CARTESIAN_POINT('',(3.504869081029,-0.95228172788));
#1856 = CARTESIAN_POINT('',(3.504869081029,0.433358918175));
#1857 = CARTESIAN_POINT('',(4.704869081029,-0.259461404852));
#1858 = CARTESIAN_POINT('',(5.904869081029,-0.95228172788));
#1859 = CARTESIAN_POINT('',(4.704869081029,-1.645102050908));
#1860 = CARTESIAN_POINT('',(3.504869081029,-2.337922373935));
#1861 = CARTESIAN_POINT('',(3.504869081029,-0.95228172788));
#1862 = ( GEOMETRIC_REPRESENTATION_CONTEXT(2) 
PARAMETRIC_REPRESENTATION_CONTEXT() REPRESENTATION_CONTEXT('2D SPACE',''
  ) );
#1863 = ORIENTED_EDGE('',*,*,#21,.F.);
#1864 = ADVANCED_FACE('',(#1865),#72,.F.);
#1865 = FACE_BOUND('',#1866,.F.);
#1866 = EDGE_LOOP('',(#1867,#1890,#1891,#1892));
#1867 = ORIENTED_EDGE('',*,*,#1868,.T.);
#1868 = EDGE_CURVE('',#1869,#1783,#1871,.T.);
#1869 = VERTEX_POINT('',#1870);
#1870 = CARTESIAN_POINT('',(-6.,67.,13.62979411745));
#1871 = SURFACE_CURVE('',#1872,(#1876,#1883),.PCURVE_S1.);
#1872 = LINE('',#1873,#1874);
#1873 = CARTESIAN_POINT('',(-6.,67.,16.));
#1874 = VECTOR('',#1875,1.);
#1875 = DIRECTION('',(0.,0.,-1.));
#1876 = PCURVE('',#72,#1877);
#1877 = DEFINITIONAL_REPRESENTATION('',(#1878),#1882);
#1878 = LINE('',#1879,#1880);
#1879 = CARTESIAN_POINT('',(-7.895130918971,-1.75228172788));
#1880 = VECTOR('',#1881,1.);
#1881 = DIRECTION('',(1.,0.));
#1882 = ( GEOMETRIC_REPRESENTATION_CONTEXT(2) 
PARAMETRIC_REPRESENTATION_CONTEXT() REPRESENTATION_CONTEXT('2D SPACE',''
  ) );
#1883 = PCURVE('',#1826,#1884);
#1884 = DEFINITIONAL_REPRESENTATION('',(#1885),#1889);
#1885 = LINE('',#1886,#1887);
#1886 = CARTESIAN_POINT('',(-3.700054712492,-6.));
#1887 = VECTOR('',#1888,1.);
#1888 = DIRECTION('',(1.,0.));
#1889 = ( GEOMETRIC_REPRESENTATION_CONTEXT(2) 
PARAMETRIC_REPRESENTATION_CONTEXT() REPRESENTATION_CONTEXT('2D SPACE',''
  ) );
#1890 = ORIENTED_EDGE('',*,*,#1782,.F.);
#1891 = ORIENTED_EDGE('',*,*,#56,.T.);
#1892 = ORIENTED_EDGE('',*,*,#1893,.T.);
#1893 = EDGE_CURVE('',#57,#1869,#1894,.T.);
#1894 = SURFACE_CURVE('',#1895,(#1934,#1958),.PCURVE_S1.);
#1895 = B_SPLINE_CURVE_WITH_KNOTS('',10,(#1896,#1897,#1898,#1899,#1900,
    #1901,#1902,#1903,#1904,#1905,#1906,#1907,#1908,#1909,#1910,#1911,
    #1912,#1913,#1914,#1915,#1916,#1917,#1918,#1919,#1920,#1921,#1922,
    #1923,#1924,#1925,#1926,#1927,#1928,#1929,#1930,#1931,#1932,#1933),
  .UNSPECIFIED.,.F.,.F.,(11,9,9,9,11),(-0.884673324067,
    -2.010239629736E-14,7.551634534365,15.103269068731,15.599214995183),
  .UNSPECIFIED.);
#1896 = CARTESIAN_POINT('',(-6.,59.615326675933,2.4));
#1897 = CARTESIAN_POINT('',(-6.,59.740129629734,2.4));
#1898 = CARTESIAN_POINT('',(-6.,59.856858001003,2.4));
#1899 = CARTESIAN_POINT('',(-6.,59.965511789741,2.4));
#1900 = CARTESIAN_POINT('',(-6.,60.066090995945,2.4));
#1901 = CARTESIAN_POINT('',(-6.,60.158595619618,2.4));
#1902 = CARTESIAN_POINT('',(-6.,60.243025660759,2.4));
#1903 = CARTESIAN_POINT('',(-6.,60.319381119367,2.4));
#1904 = CARTESIAN_POINT('',(-6.,60.387661995444,2.4));
#1905 = CARTESIAN_POINT('',(-6.,60.447868288988,2.4));
#1906 = CARTESIAN_POINT('',(-6.000000000001,60.945000000005,2.4));
#1907 = CARTESIAN_POINT('',(-5.999999999998,61.389833415055,
    2.498735111068));
#1908 = CARTESIAN_POINT('',(-6.000000000004,61.816221869283,
    2.697483607034));
#1909 = CARTESIAN_POINT('',(-5.999999999993,62.195150699629,
    2.974518512879));
#1910 = CARTESIAN_POINT('',(-6.000000000007,62.566563116202,
    3.301670933917));
#1911 = CARTESIAN_POINT('',(-5.999999999994,62.921548277328,
    3.708151353787));
#1912 = CARTESIAN_POINT('',(-6.000000000003,63.26978854735,
    4.172481924891));
#1913 = CARTESIAN_POINT('',(-5.999999999999,63.612337804751,
    4.707750422845));
#1914 = CARTESIAN_POINT('',(-6.,63.95092318831,5.310205590116));
#1915 = CARTESIAN_POINT('',(-6.,64.622389440891,6.653138095284));
#1916 = CARTESIAN_POINT('',(-6.,64.955273533431,7.39348399496));
#1917 = CARTESIAN_POINT('',(-6.,65.286333065917,8.203439947864));
#1918 = CARTESIAN_POINT('',(-5.999999999999,65.616166185248,
    9.083552731473));
#1919 = CARTESIAN_POINT('',(-6.000000000001,65.945110868075,
    10.034228704014));
#1920 = CARTESIAN_POINT('',(-5.999999999999,66.273368337991,
    11.05577027407));
#1921 = CARTESIAN_POINT('',(-6.000000000001,66.601083744105,
    12.148405630513));
#1922 = CARTESIAN_POINT('',(-6.,66.928384099952,13.312311732576));
#1923 = CARTESIAN_POINT('',(-6.,67.255373483911,14.547630560271));
#1924 = CARTESIAN_POINT('',(-6.,67.603541979848,15.94030454402));
#1925 = CARTESIAN_POINT('',(-6.,67.624998459608,16.026130463063));
#1926 = CARTESIAN_POINT('',(-6.,67.646454939369,16.111956382105));
#1927 = CARTESIAN_POINT('',(-6.,67.667911419129,16.197782301147));
#1928 = CARTESIAN_POINT('',(-6.,67.68936789889,16.283608220189));
#1929 = CARTESIAN_POINT('',(-6.,67.71082437865,16.369434139232));
#1930 = CARTESIAN_POINT('',(-6.,67.732280858411,16.455260058274));
#1931 = CARTESIAN_POINT('',(-6.,67.753737338171,16.541085977316));
#1932 = CARTESIAN_POINT('',(-6.,67.775193817932,16.626911896358));
#1933 = CARTESIAN_POINT('',(-6.,67.796650297692,16.712737815401));
#1934 = PCURVE('',#72,#1935);
#1935 = DEFINITIONAL_REPRESENTATION('',(#1936),#1957);
#1936 = B_SPLINE_CURVE_WITH_KNOTS('',10,(#1937,#1938,#1939,#1940,#1941,
    #1942,#1943,#1944,#1945,#1946,#1947,#1948,#1949,#1950,#1951,#1952,
    #1953,#1954,#1955,#1956),.UNSPECIFIED.,.F.,.F.,(11,9,11),(
    -2.010239629736E-14,7.551634534365,15.103269068731),.UNSPECIFIED.);
#1937 = CARTESIAN_POINT('',(5.704869081029,4.74771827212));
#1938 = CARTESIAN_POINT('',(5.704869081029,4.30271827212));
#1939 = CARTESIAN_POINT('',(5.606133969958,3.857884857044));
#1940 = CARTESIAN_POINT('',(5.407385474,3.431496402882));
#1941 = CARTESIAN_POINT('',(5.13035056814,3.052567572422));
#1942 = CARTESIAN_POINT('',(4.803198147122,2.681155155994));
#1943 = CARTESIAN_POINT('',(4.396717727234,2.326169994731));
#1944 = CARTESIAN_POINT('',(3.932387156143,1.977929724806));
#1945 = CARTESIAN_POINT('',(3.397118658182,1.635380467355));
#1946 = CARTESIAN_POINT('',(2.794663490913,1.296795083812));
#1947 = CARTESIAN_POINT('',(1.451730985745,0.625328831228));
#1948 = CARTESIAN_POINT('',(0.711385086069,0.292444738688));
#1949 = CARTESIAN_POINT('',(-9.857086683561E-02,-3.861479379336E-02));
#1950 = CARTESIAN_POINT('',(-0.978683650445,-0.368447913135));
#1951 = CARTESIAN_POINT('',(-1.929359622985,-0.697392595944));
#1952 = CARTESIAN_POINT('',(-2.950901193042,-1.025650065882));
#1953 = CARTESIAN_POINT('',(-4.043536549484,-1.353365471978));
#1954 = CARTESIAN_POINT('',(-5.207442651547,-1.680665827835));
#1955 = CARTESIAN_POINT('',(-6.442761479243,-2.00765521179));
#1956 = CARTESIAN_POINT('',(-7.749609543949,-2.334367227967));
#1957 = ( GEOMETRIC_REPRESENTATION_CONTEXT(2) 
PARAMETRIC_REPRESENTATION_CONTEXT() REPRESENTATION_CONTEXT('2D SPACE',''
  ) );
#1958 = PCURVE('',#148,#1959);
#1959 = DEFINITIONAL_REPRESENTATION('',(#1960),#1964);
#1960 = LINE('',#1961,#1962);
#1961 = CARTESIAN_POINT('',(15.103269068731,0.));
#1962 = VECTOR('',#1963,1.);
#1963 = DIRECTION('',(0.,1.));
#1964 = ( GEOMETRIC_REPRESENTATION_CONTEXT(2) 
PARAMETRIC_REPRESENTATION_CONTEXT() REPRESENTATION_CONTEXT('2D SPACE',''
  ) );
#1965 = ADVANCED_FACE('',(#1966),#1736,.T.);
#1966 = FACE_BOUND('',#1967,.T.);
#1967 = EDGE_LOOP('',(#1968,#1991,#1992,#1993));
#1968 = ORIENTED_EDGE('',*,*,#1969,.T.);
#1969 = EDGE_CURVE('',#1970,#1811,#1972,.T.);
#1970 = VERTEX_POINT('',#1971);
#1971 = CARTESIAN_POINT('',(6.,67.,13.62979411745));
#1972 = SURFACE_CURVE('',#1973,(#1977,#1984),.PCURVE_S1.);
#1973 = LINE('',#1974,#1975);
#1974 = CARTESIAN_POINT('',(6.,67.,16.));
#1975 = VECTOR('',#1976,1.);
#1976 = DIRECTION('',(0.,0.,-1.));
#1977 = PCURVE('',#1736,#1978);
#1978 = DEFINITIONAL_REPRESENTATION('',(#1979),#1983);
#1979 = LINE('',#1980,#1981);
#1980 = CARTESIAN_POINT('',(-7.895130918971,-1.75228172788));
#1981 = VECTOR('',#1982,1.);
#1982 = DIRECTION('',(1.,0.));
#1983 = ( GEOMETRIC_REPRESENTATION_CONTEXT(2) 
PARAMETRIC_REPRESENTATION_CONTEXT() REPRESENTATION_CONTEXT('2D SPACE',''
  ) );
#1984 = PCURVE('',#1826,#1985);
#1985 = DEFINITIONAL_REPRESENTATION('',(#1986),#1990);
#1986 = LINE('',#1987,#1988);
#1987 = CARTESIAN_POINT('',(-3.700054712492,6.));
#1988 = VECTOR('',#1989,1.);
#1989 = DIRECTION('',(1.,0.));
#1990 = ( GEOMETRIC_REPRESENTATION_CONTEXT(2) 
PARAMETRIC_REPRESENTATION_CONTEXT() REPRESENTATION_CONTEXT('2D SPACE',''
  ) );
#1991 = ORIENTED_EDGE('',*,*,#1838,.F.);
#1992 = ORIENTED_EDGE('',*,*,#1722,.T.);
#1993 = ORIENTED_EDGE('',*,*,#1994,.T.);
#1994 = EDGE_CURVE('',#1438,#1970,#1995,.T.);
#1995 = SURFACE_CURVE('',#1996,(#2035,#2059),.PCURVE_S1.);
#1996 = B_SPLINE_CURVE_WITH_KNOTS('',10,(#1997,#1998,#1999,#2000,#2001,
    #2002,#2003,#2004,#2005,#2006,#2007,#2008,#2009,#2010,#2011,#2012,
    #2013,#2014,#2015,#2016,#2017,#2018,#2019,#2020,#2021,#2022,#2023,
    #2024,#2025,#2026,#2027,#2028,#2029,#2030,#2031,#2032,#2033,#2034),
  .UNSPECIFIED.,.F.,.F.,(11,9,9,9,11),(-0.884673324067,
    -2.010239629736E-14,7.551634534365,15.103269068731,15.599214995183),
  .UNSPECIFIED.);
#1997 = CARTESIAN_POINT('',(6.,59.615326675933,2.4));
#1998 = CARTESIAN_POINT('',(6.,59.740129629734,2.4));
#1999 = CARTESIAN_POINT('',(6.,59.856858001004,2.4));
#2000 = CARTESIAN_POINT('',(6.,59.965511789741,2.4));
#2001 = CARTESIAN_POINT('',(6.,60.066090995945,2.4));
#2002 = CARTESIAN_POINT('',(6.,60.158595619618,2.4));
#2003 = CARTESIAN_POINT('',(6.,60.243025660759,2.4));
#2004 = CARTESIAN_POINT('',(6.,60.319381119367,2.4));
#2005 = CARTESIAN_POINT('',(6.,60.387661995444,2.4));
#2006 = CARTESIAN_POINT('',(6.,60.447868288988,2.4));
#2007 = CARTESIAN_POINT('',(6.000000000001,60.945000000005,2.4));
#2008 = CARTESIAN_POINT('',(5.999999999998,61.389833415055,
    2.498735111068));
#2009 = CARTESIAN_POINT('',(6.000000000004,61.816221869283,
    2.697483607035));
#2010 = CARTESIAN_POINT('',(5.999999999993,62.195150699629,
    2.974518512879));
#2011 = CARTESIAN_POINT('',(6.000000000007,62.566563116202,
    3.301670933917));
#2012 = CARTESIAN_POINT('',(5.999999999994,62.921548277328,
    3.708151353786));
#2013 = CARTESIAN_POINT('',(6.000000000003,63.26978854735,4.172481924891
    ));
#2014 = CARTESIAN_POINT('',(5.999999999999,63.612337804751,
    4.707750422845));
#2015 = CARTESIAN_POINT('',(6.,63.95092318831,5.310205590116));
#2016 = CARTESIAN_POINT('',(6.,64.622389440891,6.653138095284));
#2017 = CARTESIAN_POINT('',(6.,64.955273533431,7.39348399496));
#2018 = CARTESIAN_POINT('',(6.,65.286333065917,8.203439947864));
#2019 = CARTESIAN_POINT('',(5.999999999999,65.616166185248,
    9.083552731473));
#2020 = CARTESIAN_POINT('',(6.000000000001,65.945110868075,
    10.034228704014));
#2021 = CARTESIAN_POINT('',(5.999999999999,66.273368337991,
    11.05577027407));
#2022 = CARTESIAN_POINT('',(6.000000000001,66.601083744105,
    12.148405630513));
#2023 = CARTESIAN_POINT('',(6.,66.928384099952,13.312311732576));
#2024 = CARTESIAN_POINT('',(6.,67.255373483911,14.547630560271));
#2025 = CARTESIAN_POINT('',(6.,67.603541979848,15.94030454402));
#2026 = CARTESIAN_POINT('',(6.,67.624998459608,16.026130463063));
#2027 = CARTESIAN_POINT('',(6.,67.646454939369,16.111956382105));
#2028 = CARTESIAN_POINT('',(6.,67.667911419129,16.197782301147));
#2029 = CARTESIAN_POINT('',(6.,67.68936789889,16.283608220189));
#2030 = CARTESIAN_POINT('',(6.,67.71082437865,16.369434139232));
#2031 = CARTESIAN_POINT('',(6.,67.732280858411,16.455260058274));
#2032 = CARTESIAN_POINT('',(6.,67.753737338171,16.541085977316));
#2033 = CARTESIAN_POINT('',(6.,67.775193817932,16.626911896358));
#2034 = CARTESIAN_POINT('',(6.,67.796650297692,16.712737815401));
#2035 = PCURVE('',#1736,#2036);
#2036 = DEFINITIONAL_REPRESENTATION('',(#2037),#2058);
#2037 = B_SPLINE_CURVE_WITH_KNOTS('',10,(#2038,#2039,#2040,#2041,#2042,
    #2043,#2044,#2045,#2046,#2047,#2048,#2049,#2050,#2051,#2052,#2053,
    #2054,#2055,#2056,#2057),.UNSPECIFIED.,.F.,.F.,(11,9,11),(
    -2.010239629736E-14,7.551634534365,15.103269068731),.UNSPECIFIED.);
#2038 = CARTESIAN_POINT('',(5.704869081029,4.74771827212));
#2039 = CARTESIAN_POINT('',(5.704869081029,4.30271827212));
#2040 = CARTESIAN_POINT('',(5.606133969959,3.857884857044));
#2041 = CARTESIAN_POINT('',(5.407385473999,3.431496402883));
#2042 = CARTESIAN_POINT('',(5.130350568142,3.052567572422));
#2043 = CARTESIAN_POINT('',(4.80319814712,2.681155155995));
#2044 = CARTESIAN_POINT('',(4.396717727236,2.32616999473));
#2045 = CARTESIAN_POINT('',(3.932387156142,1.977929724806));
#2046 = CARTESIAN_POINT('',(3.397118658183,1.635380467355));
#2047 = CARTESIAN_POINT('',(2.794663490913,1.296795083812));
#2048 = CARTESIAN_POINT('',(1.451730985745,0.625328831228));
#2049 = CARTESIAN_POINT('',(0.711385086069,0.292444738688));
#2050 = CARTESIAN_POINT('',(-9.857086683542E-02,-3.861479379323E-02));
#2051 = CARTESIAN_POINT('',(-0.978683650445,-0.368447913136));
#2052 = CARTESIAN_POINT('',(-1.929359622985,-0.697392595944));
#2053 = CARTESIAN_POINT('',(-2.950901193042,-1.025650065883));
#2054 = CARTESIAN_POINT('',(-4.043536549483,-1.353365471977));
#2055 = CARTESIAN_POINT('',(-5.207442651547,-1.680665827836));
#2056 = CARTESIAN_POINT('',(-6.442761479243,-2.00765521179));
#2057 = CARTESIAN_POINT('',(-7.749609543949,-2.334367227967));
#2058 = ( GEOMETRIC_REPRESENTATION_CONTEXT(2) 
PARAMETRIC_REPRESENTATION_CONTEXT() REPRESENTATION_CONTEXT('2D SPACE',''
  ) );
#2059 = PCURVE('',#1551,#2060);
#2060 = DEFINITIONAL_REPRESENTATION('',(#2061),#2065);
#2061 = LINE('',#2062,#2063);
#2062 = CARTESIAN_POINT('',(15.103269068731,0.));
#2063 = VECTOR('',#2064,1.);
#2064 = DIRECTION('',(0.,1.));
#2065 = ( GEOMETRIC_REPRESENTATION_CONTEXT(2) 
PARAMETRIC_REPRESENTATION_CONTEXT() REPRESENTATION_CONTEXT('2D SPACE',''
  ) );
#2066 = ADVANCED_FACE('',(#2067),#148,.T.);
#2067 = FACE_BOUND('',#2068,.T.);
#2068 = EDGE_LOOP('',(#2069,#2070,#2071,#2163));
#2069 = ORIENTED_EDGE('',*,*,#84,.T.);
#2070 = ORIENTED_EDGE('',*,*,#1893,.T.);
#2071 = ORIENTED_EDGE('',*,*,#2072,.F.);
#2072 = EDGE_CURVE('',#2073,#1869,#2075,.T.);
#2073 = VERTEX_POINT('',#2074);
#2074 = CARTESIAN_POINT('',(-6.6,67.,16.));
#2075 = SURFACE_CURVE('',#2076,(#2103,#2133),.PCURVE_S1.);
#2076 = B_SPLINE_CURVE_WITH_KNOTS('',7,(#2077,#2078,#2079,#2080,#2081,
    #2082,#2083,#2084,#2085,#2086,#2087,#2088,#2089,#2090,#2091,#2092,
    #2093,#2094,#2095,#2096,#2097,#2098,#2099,#2100,#2101,#2102),
  .UNSPECIFIED.,.F.,.F.,(8,6,6,6,8),(0.,0.227065016277,0.540708984272,
    0.799609279016,1.),.UNSPECIFIED.);
#2077 = CARTESIAN_POINT('',(-6.6,67.,16.));
#2078 = CARTESIAN_POINT('',(-6.571951799597,67.,16.));
#2079 = CARTESIAN_POINT('',(-6.543271129064,67.,15.993692693543));
#2080 = CARTESIAN_POINT('',(-6.514090294423,67.,15.980567192944));
#2081 = CARTESIAN_POINT('',(-6.484572381415,67.,15.960177332109));
#2082 = CARTESIAN_POINT('',(-6.454910667597,67.,15.932198741277));
#2083 = CARTESIAN_POINT('',(-6.425321332934,67.,15.896472343558));
#2084 = CARTESIAN_POINT('',(-6.355568738243,67.,15.793033446433));
#2085 = CARTESIAN_POINT('',(-6.315670739045,67.,15.718311161053));
#2086 = CARTESIAN_POINT('',(-6.276932514524,67.,15.62895971601));
#2087 = CARTESIAN_POINT('',(-6.239967372012,67.,15.52574454429));
#2088 = CARTESIAN_POINT('',(-6.205335079451,67.,15.410160510253));
#2089 = CARTESIAN_POINT('',(-6.173471318801,67.,15.284160918525));
#2090 = CARTESIAN_POINT('',(-6.12091091007,67.,15.039036708249));
#2091 = CARTESIAN_POINT('',(-6.099234769416,67.,14.922546085011));
#2092 = CARTESIAN_POINT('',(-6.079817008586,67.,14.801591701867));
#2093 = CARTESIAN_POINT('',(-6.062763659819,67.,14.677443118186));
#2094 = CARTESIAN_POINT('',(-6.048116888252,67.,14.551350668418));
#2095 = CARTESIAN_POINT('',(-6.03586064022,67.,14.424472455625));
#2096 = CARTESIAN_POINT('',(-6.018252034991,67.,14.199814235895));
#2097 = CARTESIAN_POINT('',(-6.011965578636,67.,14.101940903981));
#2098 = CARTESIAN_POINT('',(-6.007047441911,67.,14.004691629199));
#2099 = CARTESIAN_POINT('',(-6.003453552555,67.,13.908500842011));
#2100 = CARTESIAN_POINT('',(-6.001126739383,67.,13.813749269794));
#2101 = CARTESIAN_POINT('',(-6.,67.,13.720759864002));
#2102 = CARTESIAN_POINT('',(-6.,67.,13.629799783409));
#2103 = PCURVE('',#148,#2104);
#2104 = DEFINITIONAL_REPRESENTATION('',(#2105),#2132);
#2105 = B_SPLINE_CURVE_WITH_KNOTS('',7,(#2106,#2107,#2108,#2109,#2110,
    #2111,#2112,#2113,#2114,#2115,#2116,#2117,#2118,#2119,#2120,#2121,
    #2122,#2123,#2124,#2125,#2126,#2127,#2128,#2129,#2130,#2131),
  .UNSPECIFIED.,.F.,.F.,(8,6,6,6,8),(0.,0.227065016277,0.540708984272,
    0.799609279016,1.),.UNSPECIFIED.);
#2106 = CARTESIAN_POINT('',(0.,15.103269068731));
#2107 = CARTESIAN_POINT('',(0.499240389213,15.103269068731));
#2108 = CARTESIAN_POINT('',(0.998460283972,15.099820722));
#2109 = CARTESIAN_POINT('',(1.497520804812,15.092644639534));
#2110 = CARTESIAN_POINT('',(1.996264696776,15.081492984441));
#2111 = CARTESIAN_POINT('',(2.494519551685,15.066178168524));
#2112 = CARTESIAN_POINT('',(2.992099501663,15.046595906322));
#2113 = CARTESIAN_POINT('',(4.174903165071,14.989794189929));
#2114 = CARTESIAN_POINT('',(4.859415921574,14.948692517348));
#2115 = CARTESIAN_POINT('',(5.541755935991,14.899426681449));
#2116 = CARTESIAN_POINT('',(6.221593337797,14.842332873203));
#2117 = CARTESIAN_POINT('',(6.89886031589,14.778131411113));
#2118 = CARTESIAN_POINT('',(7.573692267909,14.707807525887));
#2119 = CARTESIAN_POINT('',(8.801644307046,14.570286396698));
#2120 = CARTESIAN_POINT('',(9.355473628353,14.504683254408));
#2121 = CARTESIAN_POINT('',(9.908098747748,14.436278450249));
#2122 = CARTESIAN_POINT('',(10.459817024198,14.365746828577));
#2123 = CARTESIAN_POINT('',(11.010955331552,14.293769980815));
#2124 = CARTESIAN_POINT('',(11.561848814658,14.220996440681));
#2125 = CARTESIAN_POINT('',(12.539291531024,14.091526356397));
#2126 = CARTESIAN_POINT('',(12.965794802109,14.034914803174));
#2127 = CARTESIAN_POINT('',(13.392482314069,13.978454516819));
#2128 = CARTESIAN_POINT('',(13.819479840922,13.922400980852));
#2129 = CARTESIAN_POINT('',(14.246892177767,13.866983961658));
#2130 = CARTESIAN_POINT('',(14.674801760782,13.81240389481));
#2131 = CARTESIAN_POINT('',(15.103269068731,13.758831414182));
#2132 = ( GEOMETRIC_REPRESENTATION_CONTEXT(2) 
PARAMETRIC_REPRESENTATION_CONTEXT() REPRESENTATION_CONTEXT('2D SPACE',''
  ) );
#2133 = PCURVE('',#1826,#2134);
#2134 = DEFINITIONAL_REPRESENTATION('',(#2135),#2162);
#2135 = B_SPLINE_CURVE_WITH_KNOTS('',7,(#2136,#2137,#2138,#2139,#2140,
    #2141,#2142,#2143,#2144,#2145,#2146,#2147,#2148,#2149,#2150,#2151,
    #2152,#2153,#2154,#2155,#2156,#2157,#2158,#2159,#2160,#2161),
  .UNSPECIFIED.,.F.,.F.,(8,6,6,6,8),(0.,0.227065016277,0.540708984272,
    0.799609279016,1.),.UNSPECIFIED.);
#2136 = CARTESIAN_POINT('',(-3.700054712492,-6.6));
#2137 = CARTESIAN_POINT('',(-3.700054712492,-6.571951799597));
#2138 = CARTESIAN_POINT('',(-3.693747406035,-6.543271129064));
#2139 = CARTESIAN_POINT('',(-3.680621905435,-6.514090294423));
#2140 = CARTESIAN_POINT('',(-3.660232044601,-6.484572381415));
#2141 = CARTESIAN_POINT('',(-3.632253453769,-6.454910667597));
#2142 = CARTESIAN_POINT('',(-3.59652705605,-6.425321332934));
#2143 = CARTESIAN_POINT('',(-3.493088158925,-6.355568738243));
#2144 = CARTESIAN_POINT('',(-3.418365873545,-6.315670739045));
#2145 = CARTESIAN_POINT('',(-3.329014428502,-6.276932514524));
#2146 = CARTESIAN_POINT('',(-3.225799256781,-6.239967372012));
#2147 = CARTESIAN_POINT('',(-3.110215222745,-6.205335079451));
#2148 = CARTESIAN_POINT('',(-2.984215631017,-6.173471318801));
#2149 = CARTESIAN_POINT('',(-2.73909142074,-6.12091091007));
#2150 = CARTESIAN_POINT('',(-2.622600797503,-6.099234769416));
#2151 = CARTESIAN_POINT('',(-2.501646414359,-6.079817008586));
#2152 = CARTESIAN_POINT('',(-2.377497830678,-6.062763659819));
#2153 = CARTESIAN_POINT('',(-2.25140538091,-6.048116888252));
#2154 = CARTESIAN_POINT('',(-2.124527168117,-6.03586064022));
#2155 = CARTESIAN_POINT('',(-1.899868948387,-6.018252034991));
#2156 = CARTESIAN_POINT('',(-1.801995616473,-6.011965578636));
#2157 = CARTESIAN_POINT('',(-1.704746341691,-6.007047441911));
#2158 = CARTESIAN_POINT('',(-1.608555554503,-6.003453552555));
#2159 = CARTESIAN_POINT('',(-1.513803982286,-6.001126739383));
#2160 = CARTESIAN_POINT('',(-1.420814576494,-6.));
#2161 = CARTESIAN_POINT('',(-1.3298544959,-6.));
#2162 = ( GEOMETRIC_REPRESENTATION_CONTEXT(2) 
PARAMETRIC_REPRESENTATION_CONTEXT() REPRESENTATION_CONTEXT('2D SPACE',''
  ) );
#2163 = ORIENTED_EDGE('',*,*,#2164,.F.);
#2164 = EDGE_CURVE('',#85,#2073,#2165,.T.);
#2165 = SURFACE_CURVE('',#2166,(#2205,#2212),.PCURVE_S1.);
#2166 = B_SPLINE_CURVE_WITH_KNOTS('',10,(#2167,#2168,#2169,#2170,#2171,
    #2172,#2173,#2174,#2175,#2176,#2177,#2178,#2179,#2180,#2181,#2182,
    #2183,#2184,#2185,#2186,#2187,#2188,#2189,#2190,#2191,#2192,#2193,
    #2194,#2195,#2196,#2197,#2198,#2199,#2200,#2201,#2202,#2203,#2204),
  .UNSPECIFIED.,.F.,.F.,(11,9,9,9,11),(-0.884673324067,
    -2.010239629736E-14,7.551634534365,15.103269068731,15.599214995183),
  .UNSPECIFIED.);
#2167 = CARTESIAN_POINT('',(-6.6,59.615326675933,3.));
#2168 = CARTESIAN_POINT('',(-6.6,59.754187619221,3.));
#2169 = CARTESIAN_POINT('',(-6.6,59.881849982312,3.));
#2170 = CARTESIAN_POINT('',(-6.6,59.998313765208,3.));
#2171 = CARTESIAN_POINT('',(-6.6,60.103578967909,3.));
#2172 = CARTESIAN_POINT('',(-6.6,60.197645590413,3.));
#2173 = CARTESIAN_POINT('',(-6.6,60.280513632722,3.));
#2174 = CARTESIAN_POINT('',(-6.6,60.352183094835,3.));
#2175 = CARTESIAN_POINT('',(-6.6,60.412653976753,3.));
#2176 = CARTESIAN_POINT('',(-6.6,60.461926278474,3.));
#2177 = CARTESIAN_POINT('',(-6.600000000001,60.825000000005,3.));
#2178 = CARTESIAN_POINT('',(-6.599999999998,61.14999999998,
    3.072222222221));
#2179 = CARTESIAN_POINT('',(-6.600000000005,61.475000000044,
    3.21666666667));
#2180 = CARTESIAN_POINT('',(-6.599999999993,61.799999999933,
    3.433333333329));
#2181 = CARTESIAN_POINT('',(-6.600000000008,62.125000000073,
    3.722222222227));
#2182 = CARTESIAN_POINT('',(-6.599999999994,62.449999999941,
    4.083333333329));
#2183 = CARTESIAN_POINT('',(-6.600000000004,62.775000000034,
    4.516666666669));
#2184 = CARTESIAN_POINT('',(-6.599999999999,63.099999999987,
    5.022222222221));
#2185 = CARTESIAN_POINT('',(-6.6,63.425000000002,5.6));
#2186 = CARTESIAN_POINT('',(-6.6,64.074999999999,6.9));
#2187 = CARTESIAN_POINT('',(-6.6,64.399999999999,7.622222222222));
#2188 = CARTESIAN_POINT('',(-6.6,64.725000000003,8.416666666668));
#2189 = CARTESIAN_POINT('',(-6.599999999999,65.049999999993,
    9.283333333332));
#2190 = CARTESIAN_POINT('',(-6.600000000001,65.375000000011,
    10.222222222224));
#2191 = CARTESIAN_POINT('',(-6.599999999999,65.699999999989,
    11.233333333331));
#2192 = CARTESIAN_POINT('',(-6.600000000001,66.025000000007,
    12.316666666668));
#2193 = CARTESIAN_POINT('',(-6.6,66.349999999997,13.472222222222));
#2194 = CARTESIAN_POINT('',(-6.6,66.675000000001,14.7));
#2195 = CARTESIAN_POINT('',(-6.6,67.021344044837,16.085376179349));
#2196 = CARTESIAN_POINT('',(-6.6,67.042713075213,16.170852300853));
#2197 = CARTESIAN_POINT('',(-6.6,67.064107091127,16.25642836451));
#2198 = CARTESIAN_POINT('',(-6.6,67.08552609258,16.342104370322));
#2199 = CARTESIAN_POINT('',(-6.6,67.106970079571,16.427880318287));
#2200 = CARTESIAN_POINT('',(-6.6,67.128439052101,16.513756208406));
#2201 = CARTESIAN_POINT('',(-6.6,67.149933010169,16.599732040679));
#2202 = CARTESIAN_POINT('',(-6.6,67.171451953776,16.685807815106));
#2203 = CARTESIAN_POINT('',(-6.6,67.192995882921,16.771983531687));
#2204 = CARTESIAN_POINT('',(-6.6,67.214564797605,16.858259190422));
#2205 = PCURVE('',#148,#2206);
#2206 = DEFINITIONAL_REPRESENTATION('',(#2207),#2211);
#2207 = LINE('',#2208,#2209);
#2208 = CARTESIAN_POINT('',(0.,0.));
#2209 = VECTOR('',#2210,1.);
#2210 = DIRECTION('',(0.,1.));
#2211 = ( GEOMETRIC_REPRESENTATION_CONTEXT(2) 
PARAMETRIC_REPRESENTATION_CONTEXT() REPRESENTATION_CONTEXT('2D SPACE',''
  ) );
#2212 = PCURVE('',#310,#2213);
#2213 = DEFINITIONAL_REPRESENTATION('',(#2214),#2235);
#2214 = B_SPLINE_CURVE_WITH_KNOTS('',10,(#2215,#2216,#2217,#2218,#2219,
    #2220,#2221,#2222,#2223,#2224,#2225,#2226,#2227,#2228,#2229,#2230,
    #2231,#2232,#2233,#2234),.UNSPECIFIED.,.F.,.F.,(11,9,11),(
    -2.010239629736E-14,7.551634534365,15.103269068731),.UNSPECIFIED.);
#2215 = CARTESIAN_POINT('',(-2.775557561563E-17,-2.4));
#2216 = CARTESIAN_POINT('',(5.000000000002E-02,-2.4));
#2217 = CARTESIAN_POINT('',(9.999999999992E-02,-2.399999999999));
#2218 = CARTESIAN_POINT('',(0.15,-2.400000000002));
#2219 = CARTESIAN_POINT('',(0.2,-2.399999999998));
#2220 = CARTESIAN_POINT('',(0.25,-2.400000000003));
#2221 = CARTESIAN_POINT('',(0.3,-2.399999999998));
#2222 = CARTESIAN_POINT('',(0.35,-2.400000000001));
#2223 = CARTESIAN_POINT('',(0.4,-2.4));
#2224 = CARTESIAN_POINT('',(0.45,-2.4));
#2225 = CARTESIAN_POINT('',(0.55,-2.4));
#2226 = CARTESIAN_POINT('',(0.6,-2.4));
#2227 = CARTESIAN_POINT('',(0.65,-2.4));
#2228 = CARTESIAN_POINT('',(0.7,-2.4));
#2229 = CARTESIAN_POINT('',(0.75,-2.4));
#2230 = CARTESIAN_POINT('',(0.8,-2.4));
#2231 = CARTESIAN_POINT('',(0.85,-2.4));
#2232 = CARTESIAN_POINT('',(0.9,-2.4));
#2233 = CARTESIAN_POINT('',(0.95,-2.4));
#2234 = CARTESIAN_POINT('',(1.,-2.4));
#2235 = ( GEOMETRIC_REPRESENTATION_CONTEXT(2) 
PARAMETRIC_REPRESENTATION_CONTEXT() REPRESENTATION_CONTEXT('2D SPACE',''
  ) );
#2236 = ADVANCED_FACE('',(#2237),#1551,.F.);
#2237 = FACE_BOUND('',#2238,.F.);
#2238 = EDGE_LOOP('',(#2239,#2240,#2241,#2333));
#2239 = ORIENTED_EDGE('',*,*,#1437,.T.);
#2240 = ORIENTED_EDGE('',*,*,#1994,.T.);
#2241 = ORIENTED_EDGE('',*,*,#2242,.F.);
#2242 = EDGE_CURVE('',#2243,#1970,#2245,.T.);
#2243 = VERTEX_POINT('',#2244);
#2244 = CARTESIAN_POINT('',(6.6,67.,16.));
#2245 = SURFACE_CURVE('',#2246,(#2273,#2303),.PCURVE_S1.);
#2246 = B_SPLINE_CURVE_WITH_KNOTS('',7,(#2247,#2248,#2249,#2250,#2251,
    #2252,#2253,#2254,#2255,#2256,#2257,#2258,#2259,#2260,#2261,#2262,
    #2263,#2264,#2265,#2266,#2267,#2268,#2269,#2270,#2271,#2272),
  .UNSPECIFIED.,.F.,.F.,(8,6,6,6,8),(0.,0.227065016278,0.540708984272,
    0.799609279016,1.),.UNSPECIFIED.);
#2247 = CARTESIAN_POINT('',(6.6,67.,16.));
#2248 = CARTESIAN_POINT('',(6.571951799597,67.,16.));
#2249 = CARTESIAN_POINT('',(6.543271129064,67.,15.993692693543));
#2250 = CARTESIAN_POINT('',(6.514090294423,67.,15.980567192944));
#2251 = CARTESIAN_POINT('',(6.484572381415,67.,15.960177332109));
#2252 = CARTESIAN_POINT('',(6.454910667597,67.,15.932198741277));
#2253 = CARTESIAN_POINT('',(6.425321332934,67.,15.896472343558));
#2254 = CARTESIAN_POINT('',(6.355568738243,67.,15.793033446433));
#2255 = CARTESIAN_POINT('',(6.315670739045,67.,15.718311161052));
#2256 = CARTESIAN_POINT('',(6.276932514525,67.,15.628959716012));
#2257 = CARTESIAN_POINT('',(6.239967372011,67.,15.525744544287));
#2258 = CARTESIAN_POINT('',(6.205335079452,67.,15.410160510254));
#2259 = CARTESIAN_POINT('',(6.173471318801,67.,15.284160918525));
#2260 = CARTESIAN_POINT('',(6.12091091007,67.,15.039036708249));
#2261 = CARTESIAN_POINT('',(6.099234769416,67.,14.922546085011));
#2262 = CARTESIAN_POINT('',(6.079817008586,67.,14.801591701867));
#2263 = CARTESIAN_POINT('',(6.062763659819,67.,14.677443118186));
#2264 = CARTESIAN_POINT('',(6.048116888252,67.,14.551350668418));
#2265 = CARTESIAN_POINT('',(6.03586064022,67.,14.424472455625));
#2266 = CARTESIAN_POINT('',(6.018252034991,67.,14.199814235895));
#2267 = CARTESIAN_POINT('',(6.011965578636,67.,14.101940903981));
#2268 = CARTESIAN_POINT('',(6.007047441911,67.,14.004691629199));
#2269 = CARTESIAN_POINT('',(6.003453552555,67.,13.908500842012));
#2270 = CARTESIAN_POINT('',(6.001126739383,67.,13.813749269794));
#2271 = CARTESIAN_POINT('',(6.,67.,13.720759864002));
#2272 = CARTESIAN_POINT('',(6.,67.,13.629799783409));
#2273 = PCURVE('',#1551,#2274);
#2274 = DEFINITIONAL_REPRESENTATION('',(#2275),#2302);
#2275 = B_SPLINE_CURVE_WITH_KNOTS('',7,(#2276,#2277,#2278,#2279,#2280,
    #2281,#2282,#2283,#2284,#2285,#2286,#2287,#2288,#2289,#2290,#2291,
    #2292,#2293,#2294,#2295,#2296,#2297,#2298,#2299,#2300,#2301),
  .UNSPECIFIED.,.F.,.F.,(8,6,6,6,8),(0.,0.227065016278,0.540708984272,
    0.799609279016,1.),.UNSPECIFIED.);
#2276 = CARTESIAN_POINT('',(0.,15.103269068731));
#2277 = CARTESIAN_POINT('',(0.499240389213,15.103269068731));
#2278 = CARTESIAN_POINT('',(0.998460283972,15.099820722));
#2279 = CARTESIAN_POINT('',(1.497520804812,15.092644639534));
#2280 = CARTESIAN_POINT('',(1.996264696777,15.081492984441));
#2281 = CARTESIAN_POINT('',(2.494519551685,15.066178168524));
#2282 = CARTESIAN_POINT('',(2.992099501663,15.046595906322));
#2283 = CARTESIAN_POINT('',(4.174903165068,14.989794189929));
#2284 = CARTESIAN_POINT('',(4.859415921585,14.948692517348));
#2285 = CARTESIAN_POINT('',(5.541755935971,14.89942668145));
#2286 = CARTESIAN_POINT('',(6.221593337815,14.842332873201));
#2287 = CARTESIAN_POINT('',(6.89886031588,14.778131411114));
#2288 = CARTESIAN_POINT('',(7.573692267911,14.707807525886));
#2289 = CARTESIAN_POINT('',(8.801644307046,14.570286396698));
#2290 = CARTESIAN_POINT('',(9.355473628354,14.504683254408));
#2291 = CARTESIAN_POINT('',(9.908098747747,14.43627845025));
#2292 = CARTESIAN_POINT('',(10.459817024197,14.365746828577));
#2293 = CARTESIAN_POINT('',(11.010955331553,14.293769980815));
#2294 = CARTESIAN_POINT('',(11.561848814657,14.220996440681));
#2295 = CARTESIAN_POINT('',(12.539291531024,14.091526356397));
#2296 = CARTESIAN_POINT('',(12.965794802109,14.034914803174));
#2297 = CARTESIAN_POINT('',(13.392482314069,13.978454516819));
#2298 = CARTESIAN_POINT('',(13.819479840922,13.922400980852));
#2299 = CARTESIAN_POINT('',(14.246892177768,13.866983961658));
#2300 = CARTESIAN_POINT('',(14.674801760782,13.81240389481));
#2301 = CARTESIAN_POINT('',(15.103269068731,13.758831414182));
#2302 = ( GEOMETRIC_REPRESENTATION_CONTEXT(2) 
PARAMETRIC_REPRESENTATION_CONTEXT() REPRESENTATION_CONTEXT('2D SPACE',''
  ) );
#2303 = PCURVE('',#1826,#2304);
#2304 = DEFINITIONAL_REPRESENTATION('',(#2305),#2332);
#2305 = B_SPLINE_CURVE_WITH_KNOTS('',7,(#2306,#2307,#2308,#2309,#2310,
    #2311,#2312,#2313,#2314,#2315,#2316,#2317,#2318,#2319,#2320,#2321,
    #2322,#2323,#2324,#2325,#2326,#2327,#2328,#2329,#2330,#2331),
  .UNSPECIFIED.,.F.,.F.,(8,6,6,6,8),(0.,0.227065016278,0.540708984272,
    0.799609279016,1.),.UNSPECIFIED.);
#2306 = CARTESIAN_POINT('',(-3.700054712492,6.6));
#2307 = CARTESIAN_POINT('',(-3.700054712492,6.571951799597));
#2308 = CARTESIAN_POINT('',(-3.693747406035,6.543271129064));
#2309 = CARTESIAN_POINT('',(-3.680621905435,6.514090294423));
#2310 = CARTESIAN_POINT('',(-3.660232044601,6.484572381415));
#2311 = CARTESIAN_POINT('',(-3.632253453769,6.454910667597));
#2312 = CARTESIAN_POINT('',(-3.59652705605,6.425321332934));
#2313 = CARTESIAN_POINT('',(-3.493088158925,6.355568738243));
#2314 = CARTESIAN_POINT('',(-3.418365873544,6.315670739045));
#2315 = CARTESIAN_POINT('',(-3.329014428504,6.276932514525));
#2316 = CARTESIAN_POINT('',(-3.225799256779,6.239967372011));
#2317 = CARTESIAN_POINT('',(-3.110215222746,6.205335079452));
#2318 = CARTESIAN_POINT('',(-2.984215631017,6.173471318801));
#2319 = CARTESIAN_POINT('',(-2.73909142074,6.12091091007));
#2320 = CARTESIAN_POINT('',(-2.622600797503,6.099234769416));
#2321 = CARTESIAN_POINT('',(-2.501646414359,6.079817008586));
#2322 = CARTESIAN_POINT('',(-2.377497830678,6.062763659819));
#2323 = CARTESIAN_POINT('',(-2.25140538091,6.048116888252));
#2324 = CARTESIAN_POINT('',(-2.124527168117,6.03586064022));
#2325 = CARTESIAN_POINT('',(-1.899868948387,6.018252034991));
#2326 = CARTESIAN_POINT('',(-1.801995616473,6.011965578636));
#2327 = CARTESIAN_POINT('',(-1.704746341691,6.007047441911));
#2328 = CARTESIAN_POINT('',(-1.608555554503,6.003453552555));
#2329 = CARTESIAN_POINT('',(-1.513803982286,6.001126739383));
#2330 = CARTESIAN_POINT('',(-1.420814576494,6.));
#2331 = CARTESIAN_POINT('',(-1.3298544959,6.));
#2332 = ( GEOMETRIC_REPRESENTATION_CONTEXT(2) 
PARAMETRIC_REPRESENTATION_CONTEXT() REPRESENTATION_CONTEXT('2D SPACE',''
  ) );
#2333 = ORIENTED_EDGE('',*,*,#2334,.F.);
#2334 = EDGE_CURVE('',#1408,#2243,#2335,.T.);
#2335 = SURFACE_CURVE('',#2336,(#2375,#2382),.PCURVE_S1.);
#2336 = B_SPLINE_CURVE_WITH_KNOTS('',10,(#2337,#2338,#2339,#2340,#2341,
    #2342,#2343,#2344,#2345,#2346,#2347,#2348,#2349,#2350,#2351,#2352,
    #2353,#2354,#2355,#2356,#2357,#2358,#2359,#2360,#2361,#2362,#2363,
    #2364,#2365,#2366,#2367,#2368,#2369,#2370,#2371,#2372,#2373,#2374),
  .UNSPECIFIED.,.F.,.F.,(11,9,9,9,11),(-0.884673324067,
    -2.010239629736E-14,7.551634534365,15.103269068731,15.599214995183),
  .UNSPECIFIED.);
#2337 = CARTESIAN_POINT('',(6.6,59.615326675933,3.));
#2338 = CARTESIAN_POINT('',(6.6,59.754187619221,3.));
#2339 = CARTESIAN_POINT('',(6.6,59.881849982312,3.));
#2340 = CARTESIAN_POINT('',(6.6,59.998313765208,3.));
#2341 = CARTESIAN_POINT('',(6.6,60.103578967909,3.));
#2342 = CARTESIAN_POINT('',(6.6,60.197645590413,3.));
#2343 = CARTESIAN_POINT('',(6.6,60.280513632722,3.));
#2344 = CARTESIAN_POINT('',(6.6,60.352183094835,3.));
#2345 = CARTESIAN_POINT('',(6.6,60.412653976753,3.));
#2346 = CARTESIAN_POINT('',(6.6,60.461926278474,3.));
#2347 = CARTESIAN_POINT('',(6.600000000001,60.825000000005,3.));
#2348 = CARTESIAN_POINT('',(6.599999999998,61.14999999998,3.072222222221
    ));
#2349 = CARTESIAN_POINT('',(6.600000000005,61.475000000044,3.21666666667
    ));
#2350 = CARTESIAN_POINT('',(6.599999999993,61.799999999934,
    3.433333333328));
#2351 = CARTESIAN_POINT('',(6.600000000008,62.125000000073,
    3.722222222228));
#2352 = CARTESIAN_POINT('',(6.599999999994,62.449999999941,
    4.083333333329));
#2353 = CARTESIAN_POINT('',(6.600000000004,62.775000000034,
    4.516666666669));
#2354 = CARTESIAN_POINT('',(6.599999999999,63.099999999987,
    5.022222222221));
#2355 = CARTESIAN_POINT('',(6.6,63.425000000002,5.6));
#2356 = CARTESIAN_POINT('',(6.6,64.074999999999,6.9));
#2357 = CARTESIAN_POINT('',(6.6,64.399999999999,7.622222222222));
#2358 = CARTESIAN_POINT('',(6.6,64.725000000003,8.416666666667));
#2359 = CARTESIAN_POINT('',(6.599999999999,65.049999999993,
    9.283333333332));
#2360 = CARTESIAN_POINT('',(6.600000000001,65.37500000001,
    10.222222222224));
#2361 = CARTESIAN_POINT('',(6.599999999999,65.69999999999,
    11.233333333331));
#2362 = CARTESIAN_POINT('',(6.600000000001,66.025000000007,
    12.316666666668));
#2363 = CARTESIAN_POINT('',(6.6,66.349999999997,13.472222222222));
#2364 = CARTESIAN_POINT('',(6.6,66.675000000001,14.7));
#2365 = CARTESIAN_POINT('',(6.6,67.021344044837,16.085376179349));
#2366 = CARTESIAN_POINT('',(6.6,67.042713075213,16.170852300853));
#2367 = CARTESIAN_POINT('',(6.6,67.064107091127,16.25642836451));
#2368 = CARTESIAN_POINT('',(6.6,67.08552609258,16.342104370322));
#2369 = CARTESIAN_POINT('',(6.6,67.106970079571,16.427880318287));
#2370 = CARTESIAN_POINT('',(6.6,67.128439052101,16.513756208406));
#2371 = CARTESIAN_POINT('',(6.6,67.149933010169,16.599732040679));
#2372 = CARTESIAN_POINT('',(6.6,67.171451953776,16.685807815106));
#2373 = CARTESIAN_POINT('',(6.6,67.192995882921,16.771983531687));
#2374 = CARTESIAN_POINT('',(6.6,67.214564797605,16.858259190422));
#2375 = PCURVE('',#1551,#2376);
#2376 = DEFINITIONAL_REPRESENTATION('',(#2377),#2381);
#2377 = LINE('',#2378,#2379);
#2378 = CARTESIAN_POINT('',(0.,0.));
#2379 = VECTOR('',#2380,1.);
#2380 = DIRECTION('',(0.,1.));
#2381 = ( GEOMETRIC_REPRESENTATION_CONTEXT(2) 
PARAMETRIC_REPRESENTATION_CONTEXT() REPRESENTATION_CONTEXT('2D SPACE',''
  ) );
#2382 = PCURVE('',#1423,#2383);
#2383 = DEFINITIONAL_REPRESENTATION('',(#2384),#2405);
#2384 = B_SPLINE_CURVE_WITH_KNOTS('',10,(#2385,#2386,#2387,#2388,#2389,
    #2390,#2391,#2392,#2393,#2394,#2395,#2396,#2397,#2398,#2399,#2400,
    #2401,#2402,#2403,#2404),.UNSPECIFIED.,.F.,.F.,(11,9,11),(
    -2.010239629736E-14,7.551634534365,15.103269068731),.UNSPECIFIED.);
#2385 = CARTESIAN_POINT('',(2.498001805407E-16,-0.6));
#2386 = CARTESIAN_POINT('',(5.000000000002E-02,-0.6));
#2387 = CARTESIAN_POINT('',(9.999999999992E-02,-0.6));
#2388 = CARTESIAN_POINT('',(0.15,-0.6));
#2389 = CARTESIAN_POINT('',(0.2,-0.599999999999));
#2390 = CARTESIAN_POINT('',(0.25,-0.600000000001));
#2391 = CARTESIAN_POINT('',(0.3,-0.599999999999));
#2392 = CARTESIAN_POINT('',(0.35,-0.6));
#2393 = CARTESIAN_POINT('',(0.4,-0.6));
#2394 = CARTESIAN_POINT('',(0.45,-0.6));
#2395 = CARTESIAN_POINT('',(0.55,-0.6));
#2396 = CARTESIAN_POINT('',(0.6,-0.6));
#2397 = CARTESIAN_POINT('',(0.65,-0.6));
#2398 = CARTESIAN_POINT('',(0.7,-0.6));
#2399 = CARTESIAN_POINT('',(0.75,-0.6));
#2400 = CARTESIAN_POINT('',(0.8,-0.6));
#2401 = CARTESIAN_POINT('',(0.85,-0.6));
#2402 = CARTESIAN_POINT('',(0.9,-0.6));
#2403 = CARTESIAN_POINT('',(0.95,-0.6));
#2404 = CARTESIAN_POINT('',(1.,-0.6));
#2405 = ( GEOMETRIC_REPRESENTATION_CONTEXT(2) 
PARAMETRIC_REPRESENTATION_CONTEXT() REPRESENTATION_CONTEXT('2D SPACE',''
  ) );
#2406 = ADVANCED_FACE('',(#2407),#310,.T.);
#2407 = FACE_BOUND('',#2408,.T.);
#2408 = EDGE_LOOP('',(#2409,#2410,#2411,#2434,#2462));
#2409 = ORIENTED_EDGE('',*,*,#294,.T.);
#2410 = ORIENTED_EDGE('',*,*,#2164,.T.);
#2411 = ORIENTED_EDGE('',*,*,#2412,.F.);
#2412 = EDGE_CURVE('',#2413,#2073,#2415,.T.);
#2413 = VERTEX_POINT('',#2414);
#2414 = CARTESIAN_POINT('',(-8.2,67.,16.));
#2415 = SURFACE_CURVE('',#2416,(#2420,#2427),.PCURVE_S1.);
#2416 = LINE('',#2417,#2418);
#2417 = CARTESIAN_POINT('',(-9.,67.,16.));
#2418 = VECTOR('',#2419,1.);
#2419 = DIRECTION('',(1.,0.,0.));
#2420 = PCURVE('',#310,#2421);
#2421 = DEFINITIONAL_REPRESENTATION('',(#2422),#2426);
#2422 = LINE('',#2423,#2424);
#2423 = CARTESIAN_POINT('',(1.,0.));
#2424 = VECTOR('',#2425,1.);
#2425 = DIRECTION('',(0.,-1.));
#2426 = ( GEOMETRIC_REPRESENTATION_CONTEXT(2) 
PARAMETRIC_REPRESENTATION_CONTEXT() REPRESENTATION_CONTEXT('2D SPACE',''
  ) );
#2427 = PCURVE('',#1826,#2428);
#2428 = DEFINITIONAL_REPRESENTATION('',(#2429),#2433);
#2429 = LINE('',#2430,#2431);
#2430 = CARTESIAN_POINT('',(-3.700054712492,-9.));
#2431 = VECTOR('',#2432,1.);
#2432 = DIRECTION('',(0.,1.));
#2433 = ( GEOMETRIC_REPRESENTATION_CONTEXT(2) 
PARAMETRIC_REPRESENTATION_CONTEXT() REPRESENTATION_CONTEXT('2D SPACE',''
  ) );
#2434 = ORIENTED_EDGE('',*,*,#2435,.F.);
#2435 = EDGE_CURVE('',#2436,#2413,#2438,.T.);
#2436 = VERTEX_POINT('',#2437);
#2437 = CARTESIAN_POINT('',(-8.4,67.,16.));
#2438 = SURFACE_CURVE('',#2439,(#2443,#2450),.PCURVE_S1.);
#2439 = LINE('',#2440,#2441);
#2440 = CARTESIAN_POINT('',(-9.,67.,16.));
#2441 = VECTOR('',#2442,1.);
#2442 = DIRECTION('',(1.,0.,0.));
#2443 = PCURVE('',#310,#2444);
#2444 = DEFINITIONAL_REPRESENTATION('',(#2445),#2449);
#2445 = LINE('',#2446,#2447);
#2446 = CARTESIAN_POINT('',(1.,0.));
#2447 = VECTOR('',#2448,1.);
#2448 = DIRECTION('',(0.,-1.));
#2449 = ( GEOMETRIC_REPRESENTATION_CONTEXT(2) 
PARAMETRIC_REPRESENTATION_CONTEXT() REPRESENTATION_CONTEXT('2D SPACE',''
  ) );
#2450 = PCURVE('',#2451,#2456);
#2451 = PLANE('',#2452);
#2452 = AXIS2_PLACEMENT_3D('',#2453,#2454,#2455);
#2453 = CARTESIAN_POINT('',(-9.,67.,16.));
#2454 = DIRECTION('',(-0.,1.,0.));
#2455 = DIRECTION('',(0.,0.,-1.));
#2456 = DEFINITIONAL_REPRESENTATION('',(#2457),#2461);
#2457 = LINE('',#2458,#2459);
#2458 = CARTESIAN_POINT('',(0.,0.));
#2459 = VECTOR('',#2460,1.);
#2460 = DIRECTION('',(0.,-1.));
#2461 = ( GEOMETRIC_REPRESENTATION_CONTEXT(2) 
PARAMETRIC_REPRESENTATION_CONTEXT() REPRESENTATION_CONTEXT('2D SPACE',''
  ) );
#2462 = ORIENTED_EDGE('',*,*,#2463,.F.);
#2463 = EDGE_CURVE('',#295,#2436,#2464,.T.);
#2464 = SURFACE_CURVE('',#2465,(#2504,#2528),.PCURVE_S1.);
#2465 = B_SPLINE_CURVE_WITH_KNOTS('',10,(#2466,#2467,#2468,#2469,#2470,
    #2471,#2472,#2473,#2474,#2475,#2476,#2477,#2478,#2479,#2480,#2481,
    #2482,#2483,#2484,#2485,#2486,#2487,#2488,#2489,#2490,#2491,#2492,
    #2493,#2494,#2495,#2496,#2497,#2498,#2499,#2500,#2501,#2502,#2503),
  .UNSPECIFIED.,.F.,.F.,(11,9,9,9,11),(-0.884673324067,
    -1.851035163029E-14,7.551634534365,15.103269068731,15.599214995183),
  .UNSPECIFIED.);
#2466 = CARTESIAN_POINT('',(-8.4,59.615326675933,3.));
#2467 = CARTESIAN_POINT('',(-8.4,59.754187619221,3.));
#2468 = CARTESIAN_POINT('',(-8.4,59.881849982313,3.));
#2469 = CARTESIAN_POINT('',(-8.4,59.998313765209,3.));
#2470 = CARTESIAN_POINT('',(-8.4,60.10357896791,3.));
#2471 = CARTESIAN_POINT('',(-8.4,60.197645590414,3.));
#2472 = CARTESIAN_POINT('',(-8.4,60.280513632723,3.));
#2473 = CARTESIAN_POINT('',(-8.4,60.352183094836,3.));
#2474 = CARTESIAN_POINT('',(-8.4,60.412653976753,3.));
#2475 = CARTESIAN_POINT('',(-8.4,60.461926278475,3.));
#2476 = CARTESIAN_POINT('',(-8.4,60.825000000002,3.));
#2477 = CARTESIAN_POINT('',(-8.399999999999,61.149999999992,
    3.072222222222));
#2478 = CARTESIAN_POINT('',(-8.400000000002,61.475000000017,
    3.216666666667));
#2479 = CARTESIAN_POINT('',(-8.399999999997,61.799999999976,
    3.433333333333));
#2480 = CARTESIAN_POINT('',(-8.400000000004,62.125000000025,
    3.722222222222));
#2481 = CARTESIAN_POINT('',(-8.399999999997,62.449999999981,
    4.083333333334));
#2482 = CARTESIAN_POINT('',(-8.400000000002,62.775000000011,
    4.516666666666));
#2483 = CARTESIAN_POINT('',(-8.399999999999,63.099999999996,
    5.022222222222));
#2484 = CARTESIAN_POINT('',(-8.4,63.425,5.6));
#2485 = CARTESIAN_POINT('',(-8.4,64.075000000001,6.9));
#2486 = CARTESIAN_POINT('',(-8.399999999999,64.399999999995,
    7.622222222221));
#2487 = CARTESIAN_POINT('',(-8.400000000002,64.725000000012,
    8.416666666668));
#2488 = CARTESIAN_POINT('',(-8.399999999998,65.049999999982,
    9.283333333331));
#2489 = CARTESIAN_POINT('',(-8.400000000003,65.375000000019,
    10.222222222225));
#2490 = CARTESIAN_POINT('',(-8.399999999998,65.699999999984,
    11.233333333331));
#2491 = CARTESIAN_POINT('',(-8.400000000001,66.025000000009,
    12.316666666668));
#2492 = CARTESIAN_POINT('',(-8.399999999999,66.349999999996,
    13.472222222222));
#2493 = CARTESIAN_POINT('',(-8.4,66.675000000001,14.7));
#2494 = CARTESIAN_POINT('',(-8.4,67.021344044837,16.085376179349));
#2495 = CARTESIAN_POINT('',(-8.4,67.042713075213,16.170852300853));
#2496 = CARTESIAN_POINT('',(-8.4,67.064107091127,16.25642836451));
#2497 = CARTESIAN_POINT('',(-8.4,67.08552609258,16.342104370322));
#2498 = CARTESIAN_POINT('',(-8.4,67.106970079571,16.427880318287));
#2499 = CARTESIAN_POINT('',(-8.4,67.128439052101,16.513756208406));
#2500 = CARTESIAN_POINT('',(-8.4,67.149933010169,16.599732040679));
#2501 = CARTESIAN_POINT('',(-8.4,67.171451953776,16.685807815106));
#2502 = CARTESIAN_POINT('',(-8.4,67.192995882921,16.771983531687));
#2503 = CARTESIAN_POINT('',(-8.4,67.214564797605,16.858259190422));
#2504 = PCURVE('',#310,#2505);
#2505 = DEFINITIONAL_REPRESENTATION('',(#2506),#2527);
#2506 = B_SPLINE_CURVE_WITH_KNOTS('',10,(#2507,#2508,#2509,#2510,#2511,
    #2512,#2513,#2514,#2515,#2516,#2517,#2518,#2519,#2520,#2521,#2522,
    #2523,#2524,#2525,#2526),.UNSPECIFIED.,.F.,.F.,(11,9,11),(
    -1.851035163029E-14,7.551634534365,15.103269068731),.UNSPECIFIED.);
#2507 = CARTESIAN_POINT('',(8.049116928532E-16,-0.6));
#2508 = CARTESIAN_POINT('',(5.E-02,-0.6));
#2509 = CARTESIAN_POINT('',(9.999999999999E-02,-0.6));
#2510 = CARTESIAN_POINT('',(0.15,-0.6));
#2511 = CARTESIAN_POINT('',(0.2,-0.6));
#2512 = CARTESIAN_POINT('',(0.25,-0.6));
#2513 = CARTESIAN_POINT('',(0.3,-0.6));
#2514 = CARTESIAN_POINT('',(0.35,-0.6));
#2515 = CARTESIAN_POINT('',(0.4,-0.6));
#2516 = CARTESIAN_POINT('',(0.45,-0.6));
#2517 = CARTESIAN_POINT('',(0.55,-0.6));
#2518 = CARTESIAN_POINT('',(0.6,-0.6));
#2519 = CARTESIAN_POINT('',(0.65,-0.6));
#2520 = CARTESIAN_POINT('',(0.7,-0.6));
#2521 = CARTESIAN_POINT('',(0.75,-0.6));
#2522 = CARTESIAN_POINT('',(0.8,-0.6));
#2523 = CARTESIAN_POINT('',(0.85,-0.6));
#2524 = CARTESIAN_POINT('',(0.9,-0.6));
#2525 = CARTESIAN_POINT('',(0.95,-0.6));
#2526 = CARTESIAN_POINT('',(1.,-0.6));
#2527 = ( GEOMETRIC_REPRESENTATION_CONTEXT(2) 
PARAMETRIC_REPRESENTATION_CONTEXT() REPRESENTATION_CONTEXT('2D SPACE',''
  ) );
#2528 = PCURVE('',#422,#2529);
#2529 = DEFINITIONAL_REPRESENTATION('',(#2530),#2534);
#2530 = LINE('',#2531,#2532);
#2531 = CARTESIAN_POINT('',(0.,0.));
#2532 = VECTOR('',#2533,1.);
#2533 = DIRECTION('',(0.,1.));
#2534 = ( GEOMETRIC_REPRESENTATION_CONTEXT(2) 
PARAMETRIC_REPRESENTATION_CONTEXT() REPRESENTATION_CONTEXT('2D SPACE',''
  ) );
#2535 = ADVANCED_FACE('',(#2536),#1423,.T.);
#2536 = FACE_BOUND('',#2537,.T.);
#2537 = EDGE_LOOP('',(#2538,#2539,#2614,#2642,#2663));
#2538 = ORIENTED_EDGE('',*,*,#1407,.T.);
#2539 = ORIENTED_EDGE('',*,*,#2540,.T.);
#2540 = EDGE_CURVE('',#1198,#2541,#2543,.T.);
#2541 = VERTEX_POINT('',#2542);
#2542 = CARTESIAN_POINT('',(8.4,67.,16.));
#2543 = SURFACE_CURVE('',#2544,(#2583,#2607),.PCURVE_S1.);
#2544 = B_SPLINE_CURVE_WITH_KNOTS('',10,(#2545,#2546,#2547,#2548,#2549,
    #2550,#2551,#2552,#2553,#2554,#2555,#2556,#2557,#2558,#2559,#2560,
    #2561,#2562,#2563,#2564,#2565,#2566,#2567,#2568,#2569,#2570,#2571,
    #2572,#2573,#2574,#2575,#2576,#2577,#2578,#2579,#2580,#2581,#2582),
  .UNSPECIFIED.,.F.,.F.,(11,9,9,9,11),(-0.884673324067,
    -2.010239629736E-14,7.551634534365,15.103269068731,15.599214995183),
  .UNSPECIFIED.);
#2545 = CARTESIAN_POINT('',(8.4,59.615326675933,3.));
#2546 = CARTESIAN_POINT('',(8.4,59.754187619221,3.));
#2547 = CARTESIAN_POINT('',(8.4,59.881849982312,3.));
#2548 = CARTESIAN_POINT('',(8.4,59.998313765208,3.));
#2549 = CARTESIAN_POINT('',(8.4,60.103578967909,3.));
#2550 = CARTESIAN_POINT('',(8.4,60.197645590413,3.));
#2551 = CARTESIAN_POINT('',(8.4,60.280513632722,3.));
#2552 = CARTESIAN_POINT('',(8.4,60.352183094835,3.));
#2553 = CARTESIAN_POINT('',(8.4,60.412653976753,3.));
#2554 = CARTESIAN_POINT('',(8.4,60.461926278474,3.));
#2555 = CARTESIAN_POINT('',(8.400000000001,60.825000000005,3.));
#2556 = CARTESIAN_POINT('',(8.399999999997,61.14999999998,3.072222222221
    ));
#2557 = CARTESIAN_POINT('',(8.400000000006,61.475000000044,3.21666666667
    ));
#2558 = CARTESIAN_POINT('',(8.399999999991,61.799999999934,
    3.433333333328));
#2559 = CARTESIAN_POINT('',(8.40000000001,62.125000000073,3.722222222228
    ));
#2560 = CARTESIAN_POINT('',(8.399999999992,62.449999999941,
    4.083333333329));
#2561 = CARTESIAN_POINT('',(8.400000000005,62.775000000034,
    4.516666666669));
#2562 = CARTESIAN_POINT('',(8.399999999998,63.099999999987,
    5.022222222221));
#2563 = CARTESIAN_POINT('',(8.4,63.425000000002,5.6));
#2564 = CARTESIAN_POINT('',(8.4,64.074999999999,6.9));
#2565 = CARTESIAN_POINT('',(8.4,64.399999999999,7.622222222222));
#2566 = CARTESIAN_POINT('',(8.4,64.725000000003,8.416666666668));
#2567 = CARTESIAN_POINT('',(8.399999999999,65.049999999993,
    9.283333333331));
#2568 = CARTESIAN_POINT('',(8.400000000001,65.375000000011,
    10.222222222225));
#2569 = CARTESIAN_POINT('',(8.399999999999,65.69999999999,
    11.233333333331));
#2570 = CARTESIAN_POINT('',(8.400000000001,66.025000000007,
    12.316666666668));
#2571 = CARTESIAN_POINT('',(8.4,66.349999999997,13.472222222222));
#2572 = CARTESIAN_POINT('',(8.4,66.675000000001,14.7));
#2573 = CARTESIAN_POINT('',(8.4,67.021344044837,16.085376179349));
#2574 = CARTESIAN_POINT('',(8.4,67.042713075213,16.170852300853));
#2575 = CARTESIAN_POINT('',(8.4,67.064107091127,16.25642836451));
#2576 = CARTESIAN_POINT('',(8.4,67.08552609258,16.342104370322));
#2577 = CARTESIAN_POINT('',(8.4,67.106970079571,16.427880318287));
#2578 = CARTESIAN_POINT('',(8.4,67.128439052101,16.513756208406));
#2579 = CARTESIAN_POINT('',(8.4,67.149933010169,16.599732040679));
#2580 = CARTESIAN_POINT('',(8.4,67.171451953776,16.685807815106));
#2581 = CARTESIAN_POINT('',(8.4,67.192995882921,16.771983531687));
#2582 = CARTESIAN_POINT('',(8.4,67.214564797605,16.858259190422));
#2583 = PCURVE('',#1423,#2584);
#2584 = DEFINITIONAL_REPRESENTATION('',(#2585),#2606);
#2585 = B_SPLINE_CURVE_WITH_KNOTS('',10,(#2586,#2587,#2588,#2589,#2590,
    #2591,#2592,#2593,#2594,#2595,#2596,#2597,#2598,#2599,#2600,#2601,
    #2602,#2603,#2604,#2605),.UNSPECIFIED.,.F.,.F.,(11,9,11),(
    -2.010239629736E-14,7.551634534365,15.103269068731),.UNSPECIFIED.);
#2586 = CARTESIAN_POINT('',(3.053113317719E-16,-2.4));
#2587 = CARTESIAN_POINT('',(5.000000000001E-02,-2.4));
#2588 = CARTESIAN_POINT('',(9.999999999993E-02,-2.399999999999));
#2589 = CARTESIAN_POINT('',(0.15,-2.400000000002));
#2590 = CARTESIAN_POINT('',(0.2,-2.399999999997));
#2591 = CARTESIAN_POINT('',(0.25,-2.400000000003));
#2592 = CARTESIAN_POINT('',(0.3,-2.399999999997));
#2593 = CARTESIAN_POINT('',(0.35,-2.400000000002));
#2594 = CARTESIAN_POINT('',(0.4,-2.399999999999));
#2595 = CARTESIAN_POINT('',(0.45,-2.4));
#2596 = CARTESIAN_POINT('',(0.55,-2.4));
#2597 = CARTESIAN_POINT('',(0.6,-2.4));
#2598 = CARTESIAN_POINT('',(0.65,-2.4));
#2599 = CARTESIAN_POINT('',(0.7,-2.4));
#2600 = CARTESIAN_POINT('',(0.75,-2.400000000001));
#2601 = CARTESIAN_POINT('',(0.8,-2.399999999999));
#2602 = CARTESIAN_POINT('',(0.85,-2.4));
#2603 = CARTESIAN_POINT('',(0.9,-2.4));
#2604 = CARTESIAN_POINT('',(0.95,-2.4));
#2605 = CARTESIAN_POINT('',(1.,-2.4));
#2606 = ( GEOMETRIC_REPRESENTATION_CONTEXT(2) 
PARAMETRIC_REPRESENTATION_CONTEXT() REPRESENTATION_CONTEXT('2D SPACE',''
  ) );
#2607 = PCURVE('',#1261,#2608);
#2608 = DEFINITIONAL_REPRESENTATION('',(#2609),#2613);
#2609 = LINE('',#2610,#2611);
#2610 = CARTESIAN_POINT('',(0.,0.));
#2611 = VECTOR('',#2612,1.);
#2612 = DIRECTION('',(0.,1.));
#2613 = ( GEOMETRIC_REPRESENTATION_CONTEXT(2) 
PARAMETRIC_REPRESENTATION_CONTEXT() REPRESENTATION_CONTEXT('2D SPACE',''
  ) );
#2614 = ORIENTED_EDGE('',*,*,#2615,.F.);
#2615 = EDGE_CURVE('',#2616,#2541,#2618,.T.);
#2616 = VERTEX_POINT('',#2617);
#2617 = CARTESIAN_POINT('',(8.2,67.,16.));
#2618 = SURFACE_CURVE('',#2619,(#2623,#2630),.PCURVE_S1.);
#2619 = LINE('',#2620,#2621);
#2620 = CARTESIAN_POINT('',(6.,67.,16.));
#2621 = VECTOR('',#2622,1.);
#2622 = DIRECTION('',(1.,0.,0.));
#2623 = PCURVE('',#1423,#2624);
#2624 = DEFINITIONAL_REPRESENTATION('',(#2625),#2629);
#2625 = LINE('',#2626,#2627);
#2626 = CARTESIAN_POINT('',(1.,0.));
#2627 = VECTOR('',#2628,1.);
#2628 = DIRECTION('',(0.,-1.));
#2629 = ( GEOMETRIC_REPRESENTATION_CONTEXT(2) 
PARAMETRIC_REPRESENTATION_CONTEXT() REPRESENTATION_CONTEXT('2D SPACE',''
  ) );
#2630 = PCURVE('',#2631,#2636);
#2631 = PLANE('',#2632);
#2632 = AXIS2_PLACEMENT_3D('',#2633,#2634,#2635);
#2633 = CARTESIAN_POINT('',(6.,67.,16.));
#2634 = DIRECTION('',(-0.,1.,0.));
#2635 = DIRECTION('',(0.,0.,-1.));
#2636 = DEFINITIONAL_REPRESENTATION('',(#2637),#2641);
#2637 = LINE('',#2638,#2639);
#2638 = CARTESIAN_POINT('',(0.,0.));
#2639 = VECTOR('',#2640,1.);
#2640 = DIRECTION('',(0.,-1.));
#2641 = ( GEOMETRIC_REPRESENTATION_CONTEXT(2) 
PARAMETRIC_REPRESENTATION_CONTEXT() REPRESENTATION_CONTEXT('2D SPACE',''
  ) );
#2642 = ORIENTED_EDGE('',*,*,#2643,.F.);
#2643 = EDGE_CURVE('',#2243,#2616,#2644,.T.);
#2644 = SURFACE_CURVE('',#2645,(#2649,#2656),.PCURVE_S1.);
#2645 = LINE('',#2646,#2647);
#2646 = CARTESIAN_POINT('',(6.,67.,16.));
#2647 = VECTOR('',#2648,1.);
#2648 = DIRECTION('',(1.,0.,0.));
#2649 = PCURVE('',#1423,#2650);
#2650 = DEFINITIONAL_REPRESENTATION('',(#2651),#2655);
#2651 = LINE('',#2652,#2653);
#2652 = CARTESIAN_POINT('',(1.,0.));
#2653 = VECTOR('',#2654,1.);
#2654 = DIRECTION('',(0.,-1.));
#2655 = ( GEOMETRIC_REPRESENTATION_CONTEXT(2) 
PARAMETRIC_REPRESENTATION_CONTEXT() REPRESENTATION_CONTEXT('2D SPACE',''
  ) );
#2656 = PCURVE('',#1826,#2657);
#2657 = DEFINITIONAL_REPRESENTATION('',(#2658),#2662);
#2658 = LINE('',#2659,#2660);
#2659 = CARTESIAN_POINT('',(-3.700054712492,6.));
#2660 = VECTOR('',#2661,1.);
#2661 = DIRECTION('',(0.,1.));
#2662 = ( GEOMETRIC_REPRESENTATION_CONTEXT(2) 
PARAMETRIC_REPRESENTATION_CONTEXT() REPRESENTATION_CONTEXT('2D SPACE',''
  ) );
#2663 = ORIENTED_EDGE('',*,*,#2334,.F.);
#2664 = ADVANCED_FACE('',(#2665),#422,.F.);
#2665 = FACE_BOUND('',#2666,.F.);
#2666 = EDGE_LOOP('',(#2667,#2668,#2819,#2899,#2989));
#2667 = ORIENTED_EDGE('',*,*,#324,.T.);
#2668 = ORIENTED_EDGE('',*,*,#2669,.T.);
#2669 = EDGE_CURVE('',#325,#2670,#2672,.T.);
#2670 = VERTEX_POINT('',#2671);
#2671 = CARTESIAN_POINT('',(-9.,62.109057691901,3.));
#2672 = SURFACE_CURVE('',#2673,(#2718,#2766),.PCURVE_S1.);
#2673 = B_SPLINE_CURVE_WITH_KNOTS('',7,(#2674,#2675,#2676,#2677,#2678,
    #2679,#2680,#2681,#2682,#2683,#2684,#2685,#2686,#2687,#2688,#2689,
    #2690,#2691,#2692,#2693,#2694,#2695,#2696,#2697,#2698,#2699,#2700,
    #2701,#2702,#2703,#2704,#2705,#2706,#2707,#2708,#2709,#2710,#2711,
    #2712,#2713,#2714,#2715,#2716,#2717),.UNSPECIFIED.,.F.,.F.,(8,6,6,6,
    6,6,6,8),(0.,5.120799124443E-02,0.101472656562,0.213223539053,
    0.299856740472,0.571078934794,0.839915565649,1.),.UNSPECIFIED.);
#2674 = CARTESIAN_POINT('',(-8.4,60.500000055358,3.));
#2675 = CARTESIAN_POINT('',(-8.406188008244,60.510183440729,3.));
#2676 = CARTESIAN_POINT('',(-8.412405148047,60.520415475057,3.));
#2677 = CARTESIAN_POINT('',(-8.418650154124,60.530694581002,3.));
#2678 = CARTESIAN_POINT('',(-8.424921575701,60.54102300799,3.));
#2679 = CARTESIAN_POINT('',(-8.431218030001,60.551399102473,3.));
#2680 = CARTESIAN_POINT('',(-8.437537985075,60.561823976476,3.));
#2681 = CARTESIAN_POINT('',(-8.45010497468,60.582577908709,3.));
#2682 = CARTESIAN_POINT('',(-8.456351206926,60.592905240626,3.));
#2683 = CARTESIAN_POINT('',(-8.462617115452,60.60327951479,3.));
#2684 = CARTESIAN_POINT('',(-8.468901173233,60.613700824354,3.));
#2685 = CARTESIAN_POINT('',(-8.475201800987,60.624169247149,3.));
#2686 = CARTESIAN_POINT('',(-8.481517367175,60.634684845685,3.));
#2687 = CARTESIAN_POINT('',(-8.501916734538,60.668731452683,3.));
#2688 = CARTESIAN_POINT('',(-8.516052790826,60.692448637632,3.));
#2689 = CARTESIAN_POINT('',(-8.530235895364,60.71639969855,3.));
#2690 = CARTESIAN_POINT('',(-8.544446315921,60.740584595371,3.));
#2691 = CARTESIAN_POINT('',(-8.558663199555,60.765002523331,3.));
#2692 = CARTESIAN_POINT('',(-8.57286472263,60.789651664889,3.));
#2693 = CARTESIAN_POINT('',(-8.598008296629,60.833814678635,3.));
#2694 = CARTESIAN_POINT('',(-8.608965545805,60.853237484186,3.));
#2695 = CARTESIAN_POINT('',(-8.619889361233,60.872795992369,3.));
#2696 = CARTESIAN_POINT('',(-8.630768926612,60.892488277739,3.));
#2697 = CARTESIAN_POINT('',(-8.641593236463,60.912311855333,3.));
#2698 = CARTESIAN_POINT('',(-8.652351096133,60.932263680671,3.));
#2699 = CARTESIAN_POINT('',(-8.696467032582,61.01519346593,3.));
#2700 = CARTESIAN_POINT('',(-8.729140242405,61.07926807694,3.));
#2701 = CARTESIAN_POINT('',(-8.760704940373,61.144451745982,3.));
#2702 = CARTESIAN_POINT('',(-8.790805109715,61.210570190048,3.));
#2703 = CARTESIAN_POINT('',(-8.819105653407,61.277375202686,3.));
#2704 = CARTESIAN_POINT('',(-8.845319765841,61.344554800196,3.));
#2705 = CARTESIAN_POINT('',(-8.892935007804,61.478384824497,3.));
#2706 = CARTESIAN_POINT('',(-8.914376560541,61.545035143163,3.));
#2707 = CARTESIAN_POINT('',(-8.933346704638,61.611381275649,3.));
#2708 = CARTESIAN_POINT('',(-8.949703048748,61.677055426087,3.));
#2709 = CARTESIAN_POINT('',(-8.963387063645,61.741690969328,3.));
#2710 = CARTESIAN_POINT('',(-8.974422090907,61.804950414873,3.));
#2711 = CARTESIAN_POINT('',(-8.987938155999,61.903226685639,3.));
#2712 = CARTESIAN_POINT('',(-8.992073781608,61.939316734028,3.));
#2713 = CARTESIAN_POINT('',(-8.995318546933,61.974756941516,3.));
#2714 = CARTESIAN_POINT('',(-8.997698581635,62.009493508231,3.));
#2715 = CARTESIAN_POINT('',(-8.999246530824,62.043479980024,3.));
#2716 = CARTESIAN_POINT('',(-9.,62.076677750655,3.));
#2717 = CARTESIAN_POINT('',(-9.,62.109056563987,3.));
#2718 = PCURVE('',#422,#2719);
#2719 = DEFINITIONAL_REPRESENTATION('',(#2720),#2765);
#2720 = B_SPLINE_CURVE_WITH_KNOTS('',7,(#2721,#2722,#2723,#2724,#2725,
    #2726,#2727,#2728,#2729,#2730,#2731,#2732,#2733,#2734,#2735,#2736,
    #2737,#2738,#2739,#2740,#2741,#2742,#2743,#2744,#2745,#2746,#2747,
    #2748,#2749,#2750,#2751,#2752,#2753,#2754,#2755,#2756,#2757,#2758,
    #2759,#2760,#2761,#2762,#2763,#2764),.UNSPECIFIED.,.F.,.F.,(8,6,6,6,
    6,6,6,8),(0.,5.120799124443E-02,0.101472656562,0.213223539053,
    0.299856740472,0.571078934794,0.839915565649,1.),.UNSPECIFIED.);
#2721 = CARTESIAN_POINT('',(0.,1.286295807308E-07));
#2722 = CARTESIAN_POINT('',(0.110142668553,2.366203774958E-02));
#2723 = CARTESIAN_POINT('',(0.220254920017,4.743698660557E-02));
#2724 = CARTESIAN_POINT('',(0.330338549815,7.131675656126E-02));
#2725 = CARTESIAN_POINT('',(0.440393183049,9.530182831881E-02));
#2726 = CARTESIAN_POINT('',(0.550420781653,0.119383436542));
#2727 = CARTESIAN_POINT('',(0.660421764945,0.143559084916));
#2728 = CARTESIAN_POINT('',(0.878347062574,0.1916400385));
#2729 = CARTESIAN_POINT('',(0.986272274425,0.215542239712));
#2730 = CARTESIAN_POINT('',(1.094174002851,0.239524946793));
#2731 = CARTESIAN_POINT('',(1.20205329486,0.263583329105));
#2732 = CARTESIAN_POINT('',(1.309911246493,0.287712432744));
#2733 = CARTESIAN_POINT('',(1.417749002821,0.311907180546));
#2734 = CARTESIAN_POINT('',(1.7652757309,0.390087709936));
#2735 = CARTESIAN_POINT('',(2.00488969357,0.444311836624));
#2736 = CARTESIAN_POINT('',(2.244422838908,0.498777852399));
#2737 = CARTESIAN_POINT('',(2.48388923697,0.553426441428));
#2738 = CARTESIAN_POINT('',(2.723303621129,0.608196879884));
#2739 = CARTESIAN_POINT('',(2.96268117428,0.663028044028));
#2740 = CARTESIAN_POINT('',(3.387594585756,0.760366621693));
#2741 = CARTESIAN_POINT('',(3.573138883942,0.802874043241));
#2742 = CARTESIAN_POINT('',(3.758677423859,0.845353200575));
#2743 = CARTESIAN_POINT('',(3.944217317868,0.8877761361));
#2744 = CARTESIAN_POINT('',(4.129765576439,0.930115416998));
#2745 = CARTESIAN_POINT('',(4.315329108151,0.972344135226));
#2746 = CARTESIAN_POINT('',(5.081926802499,1.146212439574));
#2747 = CARTESIAN_POINT('',(5.663154242894,1.276647741221));
#2748 = CARTESIAN_POINT('',(6.244805616873,1.404938645593));
#2749 = CARTESIAN_POINT('',(6.827063501766,1.530361671008));
#2750 = CARTESIAN_POINT('',(7.410075352111,1.652313153932));
#2751 = CARTESIAN_POINT('',(7.993948322425,1.770320765471));
#2752 = CARTESIAN_POINT('',(9.158404083661,1.996731947247));
#2753 = CARTESIAN_POINT('',(9.73897604794,2.105212154141));
#2754 = CARTESIAN_POINT('',(10.320520117826,2.209117632095));
#2755 = CARTESIAN_POINT('',(10.903065869773,2.308216551063));
#2756 = CARTESIAN_POINT('',(11.4866136312,2.402384472193));
#2757 = CARTESIAN_POINT('',(12.071133782215,2.491589746477));
#2758 = CARTESIAN_POINT('',(13.005177130305,2.626063617014));
#2759 = CARTESIAN_POINT('',(13.354112859588,2.674508358912));
#2760 = CARTESIAN_POINT('',(13.70336451885,2.721217827153));
#2761 = CARTESIAN_POINT('',(14.052919980352,2.766210729084));
#2762 = CARTESIAN_POINT('',(14.402765801787,2.809513893696));
#2763 = CARTESIAN_POINT('',(14.752887374002,2.851160796634));
#2764 = CARTESIAN_POINT('',(15.103269068731,2.891190085209));
#2765 = ( GEOMETRIC_REPRESENTATION_CONTEXT(2) 
PARAMETRIC_REPRESENTATION_CONTEXT() REPRESENTATION_CONTEXT('2D SPACE',''
  ) );
#2766 = PCURVE('',#2767,#2772);
#2767 = PLANE('',#2768);
#2768 = AXIS2_PLACEMENT_3D('',#2769,#2770,#2771);
#2769 = CARTESIAN_POINT('',(-9.,67.,3.));
#2770 = DIRECTION('',(0.,0.,-1.));
#2771 = DIRECTION('',(0.,-1.,0.));
#2772 = DEFINITIONAL_REPRESENTATION('',(#2773),#2818);
#2773 = B_SPLINE_CURVE_WITH_KNOTS('',7,(#2774,#2775,#2776,#2777,#2778,
    #2779,#2780,#2781,#2782,#2783,#2784,#2785,#2786,#2787,#2788,#2789,
    #2790,#2791,#2792,#2793,#2794,#2795,#2796,#2797,#2798,#2799,#2800,
    #2801,#2802,#2803,#2804,#2805,#2806,#2807,#2808,#2809,#2810,#2811,
    #2812,#2813,#2814,#2815,#2816,#2817),.UNSPECIFIED.,.F.,.F.,(8,6,6,6,
    6,6,6,8),(0.,5.120799124443E-02,0.101472656562,0.213223539053,
    0.299856740472,0.571078934794,0.839915565649,1.),.UNSPECIFIED.);
#2774 = CARTESIAN_POINT('',(6.499999944642,-0.6));
#2775 = CARTESIAN_POINT('',(6.489816559271,-0.593811991756));
#2776 = CARTESIAN_POINT('',(6.479584524943,-0.587594851953));
#2777 = CARTESIAN_POINT('',(6.469305418998,-0.581349845876));
#2778 = CARTESIAN_POINT('',(6.45897699201,-0.575078424299));
#2779 = CARTESIAN_POINT('',(6.448600897527,-0.568781969999));
#2780 = CARTESIAN_POINT('',(6.438176023524,-0.562462014925));
#2781 = CARTESIAN_POINT('',(6.417422091291,-0.54989502532));
#2782 = CARTESIAN_POINT('',(6.407094759374,-0.543648793074));
#2783 = CARTESIAN_POINT('',(6.39672048521,-0.537382884548));
#2784 = CARTESIAN_POINT('',(6.386299175646,-0.531098826767));
#2785 = CARTESIAN_POINT('',(6.375830752851,-0.524798199013));
#2786 = CARTESIAN_POINT('',(6.365315154315,-0.518482632825));
#2787 = CARTESIAN_POINT('',(6.331268547317,-0.498083265462));
#2788 = CARTESIAN_POINT('',(6.307551362368,-0.483947209174));
#2789 = CARTESIAN_POINT('',(6.28360030145,-0.469764104636));
#2790 = CARTESIAN_POINT('',(6.259415404629,-0.455553684079));
#2791 = CARTESIAN_POINT('',(6.234997476669,-0.441336800445));
#2792 = CARTESIAN_POINT('',(6.210348335111,-0.42713527737));
#2793 = CARTESIAN_POINT('',(6.166185321365,-0.401991703371));
#2794 = CARTESIAN_POINT('',(6.146762515814,-0.391034454195));
#2795 = CARTESIAN_POINT('',(6.127204007631,-0.380110638767));
#2796 = CARTESIAN_POINT('',(6.107511722261,-0.369231073388));
#2797 = CARTESIAN_POINT('',(6.087688144667,-0.358406763537));
#2798 = CARTESIAN_POINT('',(6.067736319329,-0.347648903867));
#2799 = CARTESIAN_POINT('',(5.98480653407,-0.303532967418));
#2800 = CARTESIAN_POINT('',(5.92073192306,-0.270859757595));
#2801 = CARTESIAN_POINT('',(5.855548254018,-0.239295059627));
#2802 = CARTESIAN_POINT('',(5.789429809952,-0.209194890285));
#2803 = CARTESIAN_POINT('',(5.722624797314,-0.180894346593));
#2804 = CARTESIAN_POINT('',(5.655445199804,-0.154680234159));
#2805 = CARTESIAN_POINT('',(5.521615175503,-0.107064992196));
#2806 = CARTESIAN_POINT('',(5.454964856837,-8.562343945886E-02));
#2807 = CARTESIAN_POINT('',(5.388618724351,-6.665329536227E-02));
#2808 = CARTESIAN_POINT('',(5.322944573913,-5.029695125176E-02));
#2809 = CARTESIAN_POINT('',(5.258309030672,-3.661293635537E-02));
#2810 = CARTESIAN_POINT('',(5.195049585127,-2.557790909308E-02));
#2811 = CARTESIAN_POINT('',(5.096773314361,-1.206184400061E-02));
#2812 = CARTESIAN_POINT('',(5.060683265972,-7.926218391954E-03));
#2813 = CARTESIAN_POINT('',(5.025243058484,-4.681453066764E-03));
#2814 = CARTESIAN_POINT('',(4.990506491769,-2.301418364574E-03));
#2815 = CARTESIAN_POINT('',(4.956520019976,-7.534691760757E-04));
#2816 = CARTESIAN_POINT('',(4.923322249345,1.586032892322E-16));
#2817 = CARTESIAN_POINT('',(4.890943436013,0.));
#2818 = ( GEOMETRIC_REPRESENTATION_CONTEXT(2) 
PARAMETRIC_REPRESENTATION_CONTEXT() REPRESENTATION_CONTEXT('2D SPACE',''
  ) );
#2819 = ORIENTED_EDGE('',*,*,#2820,.T.);
#2820 = EDGE_CURVE('',#2670,#2821,#2823,.T.);
#2821 = VERTEX_POINT('',#2822);
#2822 = CARTESIAN_POINT('',(-9.,67.,13.62979411745));
#2823 = SURFACE_CURVE('',#2824,(#2863,#2870),.PCURVE_S1.);
#2824 = B_SPLINE_CURVE_WITH_KNOTS('',10,(#2825,#2826,#2827,#2828,#2829,
    #2830,#2831,#2832,#2833,#2834,#2835,#2836,#2837,#2838,#2839,#2840,
    #2841,#2842,#2843,#2844,#2845,#2846,#2847,#2848,#2849,#2850,#2851,
    #2852,#2853,#2854,#2855,#2856,#2857,#2858,#2859,#2860,#2861,#2862),
  .UNSPECIFIED.,.F.,.F.,(11,9,9,9,11),(-0.884673324067,
    -1.851035163029E-14,7.551634534365,15.103269068731,15.599214995183),
  .UNSPECIFIED.);
#2825 = CARTESIAN_POINT('',(-9.,59.615326675933,2.4));
#2826 = CARTESIAN_POINT('',(-9.,59.740129629735,2.4));
#2827 = CARTESIAN_POINT('',(-9.,59.856858001004,2.4));
#2828 = CARTESIAN_POINT('',(-9.,59.965511789741,2.4));
#2829 = CARTESIAN_POINT('',(-9.,60.066090995946,2.4));
#2830 = CARTESIAN_POINT('',(-9.,60.158595619619,2.4));
#2831 = CARTESIAN_POINT('',(-9.,60.24302566076,2.4));
#2832 = CARTESIAN_POINT('',(-9.,60.319381119368,2.4));
#2833 = CARTESIAN_POINT('',(-9.,60.387661995444,2.4));
#2834 = CARTESIAN_POINT('',(-9.,60.447868288988,2.4));
#2835 = CARTESIAN_POINT('',(-9.,60.945000000002,2.4));
#2836 = CARTESIAN_POINT('',(-8.999999999999,61.389833415067,
    2.498735111069));
#2837 = CARTESIAN_POINT('',(-9.000000000003,61.816221869257,
    2.697483607033));
#2838 = CARTESIAN_POINT('',(-8.999999999996,62.195150699671,
    2.974518512882));
#2839 = CARTESIAN_POINT('',(-9.000000000004,62.566563116153,
    3.301670933914));
#2840 = CARTESIAN_POINT('',(-8.999999999997,62.921548277368,
    3.708151353789));
#2841 = CARTESIAN_POINT('',(-9.000000000002,63.269788547326,
    4.172481924889));
#2842 = CARTESIAN_POINT('',(-8.999999999999,63.61233780476,
    4.707750422845));
#2843 = CARTESIAN_POINT('',(-9.,63.950923188308,5.310205590116));
#2844 = CARTESIAN_POINT('',(-9.,64.622389440893,6.653138095284));
#2845 = CARTESIAN_POINT('',(-8.999999999999,64.955273533427,
    7.393483994959));
#2846 = CARTESIAN_POINT('',(-9.000000000002,65.286333065925,
    8.203439947865));
#2847 = CARTESIAN_POINT('',(-8.999999999998,65.616166185238,
    9.083552731472));
#2848 = CARTESIAN_POINT('',(-9.000000000003,65.945110868083,
    10.034228704015));
#2849 = CARTESIAN_POINT('',(-8.999999999998,66.273368337987,
    11.05577027407));
#2850 = CARTESIAN_POINT('',(-9.000000000001,66.601083744107,
    12.148405630513));
#2851 = CARTESIAN_POINT('',(-8.999999999999,66.928384099951,
    13.312311732576));
#2852 = CARTESIAN_POINT('',(-9.,67.255373483911,14.547630560271));
#2853 = CARTESIAN_POINT('',(-9.,67.603541979848,15.94030454402));
#2854 = CARTESIAN_POINT('',(-9.,67.624998459608,16.026130463063));
#2855 = CARTESIAN_POINT('',(-9.,67.646454939369,16.111956382105));
#2856 = CARTESIAN_POINT('',(-9.,67.667911419129,16.197782301147));
#2857 = CARTESIAN_POINT('',(-9.,67.68936789889,16.283608220189));
#2858 = CARTESIAN_POINT('',(-9.,67.71082437865,16.369434139232));
#2859 = CARTESIAN_POINT('',(-9.,67.732280858411,16.455260058274));
#2860 = CARTESIAN_POINT('',(-9.,67.753737338171,16.541085977316));
#2861 = CARTESIAN_POINT('',(-9.,67.775193817932,16.626911896358));
#2862 = CARTESIAN_POINT('',(-9.,67.796650297692,16.712737815401));
#2863 = PCURVE('',#422,#2864);
#2864 = DEFINITIONAL_REPRESENTATION('',(#2865),#2869);
#2865 = LINE('',#2866,#2867);
#2866 = CARTESIAN_POINT('',(15.103269068731,0.));
#2867 = VECTOR('',#2868,1.);
#2868 = DIRECTION('',(0.,1.));
#2869 = ( GEOMETRIC_REPRESENTATION_CONTEXT(2) 
PARAMETRIC_REPRESENTATION_CONTEXT() REPRESENTATION_CONTEXT('2D SPACE',''
  ) );
#2870 = PCURVE('',#2871,#2876);
#2871 = PLANE('',#2872);
#2872 = AXIS2_PLACEMENT_3D('',#2873,#2874,#2875);
#2873 = CARTESIAN_POINT('',(-9.,65.24771827212,8.104869081029));
#2874 = DIRECTION('',(-1.,-0.,-0.));
#2875 = DIRECTION('',(0.,0.,-1.));
#2876 = DEFINITIONAL_REPRESENTATION('',(#2877),#2898);
#2877 = B_SPLINE_CURVE_WITH_KNOTS('',10,(#2878,#2879,#2880,#2881,#2882,
    #2883,#2884,#2885,#2886,#2887,#2888,#2889,#2890,#2891,#2892,#2893,
    #2894,#2895,#2896,#2897),.UNSPECIFIED.,.F.,.F.,(11,9,11),(
    -1.851035163029E-14,7.551634534365,15.103269068731),.UNSPECIFIED.);
#2878 = CARTESIAN_POINT('',(5.704869081029,4.74771827212));
#2879 = CARTESIAN_POINT('',(5.704869081029,4.30271827212));
#2880 = CARTESIAN_POINT('',(5.606133969959,3.857884857045));
#2881 = CARTESIAN_POINT('',(5.407385473998,3.431496402882));
#2882 = CARTESIAN_POINT('',(5.130350568144,3.052567572423));
#2883 = CARTESIAN_POINT('',(4.803198147118,2.681155155993));
#2884 = CARTESIAN_POINT('',(4.396717727237,2.326169994732));
#2885 = CARTESIAN_POINT('',(3.932387156141,1.977929724805));
#2886 = CARTESIAN_POINT('',(3.397118658183,1.635380467355));
#2887 = CARTESIAN_POINT('',(2.794663490913,1.296795083812));
#2888 = CARTESIAN_POINT('',(1.451730985745,0.625328831228));
#2889 = CARTESIAN_POINT('',(0.711385086069,0.292444738688));
#2890 = CARTESIAN_POINT('',(-9.857086683509E-02,-3.861479379323E-02));
#2891 = CARTESIAN_POINT('',(-0.978683650445,-0.368447913136));
#2892 = CARTESIAN_POINT('',(-1.929359622984,-0.697392595944));
#2893 = CARTESIAN_POINT('',(-2.950901193043,-1.025650065882));
#2894 = CARTESIAN_POINT('',(-4.043536549483,-1.353365471977));
#2895 = CARTESIAN_POINT('',(-5.207442651547,-1.680665827835));
#2896 = CARTESIAN_POINT('',(-6.442761479243,-2.00765521179));
#2897 = CARTESIAN_POINT('',(-7.749609543949,-2.334367227967));
#2898 = ( GEOMETRIC_REPRESENTATION_CONTEXT(2) 
PARAMETRIC_REPRESENTATION_CONTEXT() REPRESENTATION_CONTEXT('2D SPACE',''
  ) );
#2899 = ORIENTED_EDGE('',*,*,#2900,.F.);
#2900 = EDGE_CURVE('',#2436,#2821,#2901,.T.);
#2901 = SURFACE_CURVE('',#2902,(#2929,#2959),.PCURVE_S1.);
#2902 = B_SPLINE_CURVE_WITH_KNOTS('',7,(#2903,#2904,#2905,#2906,#2907,
    #2908,#2909,#2910,#2911,#2912,#2913,#2914,#2915,#2916,#2917,#2918,
    #2919,#2920,#2921,#2922,#2923,#2924,#2925,#2926,#2927,#2928),
  .UNSPECIFIED.,.F.,.F.,(8,6,6,6,8),(0.,0.227065016278,0.540708984272,
    0.799609279016,1.),.UNSPECIFIED.);
#2903 = CARTESIAN_POINT('',(-8.4,67.,16.));
#2904 = CARTESIAN_POINT('',(-8.428048200403,67.,16.));
#2905 = CARTESIAN_POINT('',(-8.456728870936,67.,15.993692693543));
#2906 = CARTESIAN_POINT('',(-8.485909705577,67.,15.980567192944));
#2907 = CARTESIAN_POINT('',(-8.515427618585,67.,15.960177332109));
#2908 = CARTESIAN_POINT('',(-8.545089332403,67.,15.932198741277));
#2909 = CARTESIAN_POINT('',(-8.574678667066,67.,15.896472343558));
#2910 = CARTESIAN_POINT('',(-8.644431261757,67.,15.793033446433));
#2911 = CARTESIAN_POINT('',(-8.684329260955,67.,15.718311161052));
#2912 = CARTESIAN_POINT('',(-8.723067485475,67.,15.628959716011));
#2913 = CARTESIAN_POINT('',(-8.760032627988,67.,15.525744544288));
#2914 = CARTESIAN_POINT('',(-8.794664920549,67.,15.410160510253));
#2915 = CARTESIAN_POINT('',(-8.826528681199,67.,15.284160918525));
#2916 = CARTESIAN_POINT('',(-8.87908908993,67.,15.039036708249));
#2917 = CARTESIAN_POINT('',(-8.900765230584,67.,14.922546085011));
#2918 = CARTESIAN_POINT('',(-8.920182991414,67.,14.801591701867));
#2919 = CARTESIAN_POINT('',(-8.937236340181,67.,14.677443118186));
#2920 = CARTESIAN_POINT('',(-8.951883111748,67.,14.551350668418));
#2921 = CARTESIAN_POINT('',(-8.96413935978,67.,14.424472455625));
#2922 = CARTESIAN_POINT('',(-8.981747965009,67.,14.199814235895));
#2923 = CARTESIAN_POINT('',(-8.988034421364,67.,14.101940903981));
#2924 = CARTESIAN_POINT('',(-8.992952558089,67.,14.004691629199));
#2925 = CARTESIAN_POINT('',(-8.996546447445,67.,13.908500842011));
#2926 = CARTESIAN_POINT('',(-8.998873260617,67.,13.813749269794));
#2927 = CARTESIAN_POINT('',(-9.,67.,13.720759864002));
#2928 = CARTESIAN_POINT('',(-9.,67.,13.629799783409));
#2929 = PCURVE('',#422,#2930);
#2930 = DEFINITIONAL_REPRESENTATION('',(#2931),#2958);
#2931 = B_SPLINE_CURVE_WITH_KNOTS('',7,(#2932,#2933,#2934,#2935,#2936,
    #2937,#2938,#2939,#2940,#2941,#2942,#2943,#2944,#2945,#2946,#2947,
    #2948,#2949,#2950,#2951,#2952,#2953,#2954,#2955,#2956,#2957),
  .UNSPECIFIED.,.F.,.F.,(8,6,6,6,8),(0.,0.227065016278,0.540708984272,
    0.799609279016,1.),.UNSPECIFIED.);
#2932 = CARTESIAN_POINT('',(0.,15.103269068731));
#2933 = CARTESIAN_POINT('',(0.499240389213,15.103269068731));
#2934 = CARTESIAN_POINT('',(0.998460283972,15.099820722));
#2935 = CARTESIAN_POINT('',(1.497520804812,15.092644639534));
#2936 = CARTESIAN_POINT('',(1.996264696777,15.081492984441));
#2937 = CARTESIAN_POINT('',(2.494519551685,15.066178168524));
#2938 = CARTESIAN_POINT('',(2.992099501663,15.046595906322));
#2939 = CARTESIAN_POINT('',(4.174903165069,14.989794189929));
#2940 = CARTESIAN_POINT('',(4.859415921581,14.948692517348));
#2941 = CARTESIAN_POINT('',(5.54175593598,14.89942668145));
#2942 = CARTESIAN_POINT('',(6.221593337806,14.842332873201));
#2943 = CARTESIAN_POINT('',(6.898860315886,14.778131411113));
#2944 = CARTESIAN_POINT('',(7.57369226791,14.707807525887));
#2945 = CARTESIAN_POINT('',(8.801644307046,14.570286396698));
#2946 = CARTESIAN_POINT('',(9.355473628354,14.504683254408));
#2947 = CARTESIAN_POINT('',(9.908098747748,14.436278450249));
#2948 = CARTESIAN_POINT('',(10.459817024198,14.365746828577));
#2949 = CARTESIAN_POINT('',(11.010955331553,14.293769980815));
#2950 = CARTESIAN_POINT('',(11.561848814657,14.220996440681));
#2951 = CARTESIAN_POINT('',(12.539291531025,14.091526356397));
#2952 = CARTESIAN_POINT('',(12.965794802109,14.034914803174));
#2953 = CARTESIAN_POINT('',(13.39248231407,13.978454516819));
#2954 = CARTESIAN_POINT('',(13.819479840922,13.922400980852));
#2955 = CARTESIAN_POINT('',(14.246892177767,13.866983961658));
#2956 = CARTESIAN_POINT('',(14.674801760782,13.81240389481));
#2957 = CARTESIAN_POINT('',(15.103269068731,13.758831414182));
#2958 = ( GEOMETRIC_REPRESENTATION_CONTEXT(2) 
PARAMETRIC_REPRESENTATION_CONTEXT() REPRESENTATION_CONTEXT('2D SPACE',''
  ) );
#2959 = PCURVE('',#2451,#2960);
#2960 = DEFINITIONAL_REPRESENTATION('',(#2961),#2988);
#2961 = B_SPLINE_CURVE_WITH_KNOTS('',7,(#2962,#2963,#2964,#2965,#2966,
    #2967,#2968,#2969,#2970,#2971,#2972,#2973,#2974,#2975,#2976,#2977,
    #2978,#2979,#2980,#2981,#2982,#2983,#2984,#2985,#2986,#2987),
  .UNSPECIFIED.,.F.,.F.,(8,6,6,6,8),(0.,0.227065016278,0.540708984272,
    0.799609279016,1.),.UNSPECIFIED.);
#2962 = CARTESIAN_POINT('',(-8.171241461241E-14,-0.6));
#2963 = CARTESIAN_POINT('',(-6.918595385902E-14,-0.571951799597));
#2964 = CARTESIAN_POINT('',(6.30730645738E-03,-0.543271129064));
#2965 = CARTESIAN_POINT('',(1.943280705633E-02,-0.514090294423));
#2966 = CARTESIAN_POINT('',(3.982266789087E-02,-0.484572381415));
#2967 = CARTESIAN_POINT('',(6.780125872313E-02,-0.454910667597));
#2968 = CARTESIAN_POINT('',(0.103527656442,-0.425321332934));
#2969 = CARTESIAN_POINT('',(0.206966553567,-0.355568738243));
#2970 = CARTESIAN_POINT('',(0.281688838948,-0.315670739045));
#2971 = CARTESIAN_POINT('',(0.371040283989,-0.276932514525));
#2972 = CARTESIAN_POINT('',(0.474255455712,-0.239967372012));
#2973 = CARTESIAN_POINT('',(0.589839489747,-0.205335079451));
#2974 = CARTESIAN_POINT('',(0.715839081475,-0.173471318801));
#2975 = CARTESIAN_POINT('',(0.960963291751,-0.12091091007));
#2976 = CARTESIAN_POINT('',(1.077453914989,-9.923476941573E-02));
#2977 = CARTESIAN_POINT('',(1.198408298133,-7.981700858576E-02));
#2978 = CARTESIAN_POINT('',(1.322556881814,-6.276365981926E-02));
#2979 = CARTESIAN_POINT('',(1.448649331582,-4.811688825213E-02));
#2980 = CARTESIAN_POINT('',(1.575527544375,-3.586064022023E-02));
#2981 = CARTESIAN_POINT('',(1.800185764105,-1.825203499058E-02));
#2982 = CARTESIAN_POINT('',(1.898059096019,-1.196557863648E-02));
#2983 = CARTESIAN_POINT('',(1.995308370801,-7.047441911321E-03));
#2984 = CARTESIAN_POINT('',(2.091499157989,-3.45355255522E-03));
#2985 = CARTESIAN_POINT('',(2.186250730206,-1.12673938317E-03));
#2986 = CARTESIAN_POINT('',(2.279240135998,-4.123685520036E-15));
#2987 = CARTESIAN_POINT('',(2.370200216591,-3.552713678801E-15));
#2988 = ( GEOMETRIC_REPRESENTATION_CONTEXT(2) 
PARAMETRIC_REPRESENTATION_CONTEXT() REPRESENTATION_CONTEXT('2D SPACE',''
  ) );
#2989 = ORIENTED_EDGE('',*,*,#2463,.F.);
#2990 = ADVANCED_FACE('',(#2991),#1261,.T.);
#2991 = FACE_BOUND('',#2992,.T.);
#2992 = EDGE_LOOP('',(#2993,#2994,#3094,#3174,#3264));
#2993 = ORIENTED_EDGE('',*,*,#1197,.T.);
#2994 = ORIENTED_EDGE('',*,*,#2995,.T.);
#2995 = EDGE_CURVE('',#1175,#2996,#2998,.T.);
#2996 = VERTEX_POINT('',#2997);
#2997 = CARTESIAN_POINT('',(9.,62.109057691901,3.));
#2998 = SURFACE_CURVE('',#2999,(#3027,#3058),.PCURVE_S1.);
#2999 = B_SPLINE_CURVE_WITH_KNOTS('',6,(#3000,#3001,#3002,#3003,#3004,
    #3005,#3006,#3007,#3008,#3009,#3010,#3011,#3012,#3013,#3014,#3015,
    #3016,#3017,#3018,#3019,#3020,#3021,#3022,#3023,#3024,#3025,#3026),
  .UNSPECIFIED.,.F.,.F.,(7,5,5,5,5,7),(0.,0.213223552632,0.299856752557,
    0.571078942197,0.839915568412,1.),.UNSPECIFIED.);
#3000 = CARTESIAN_POINT('',(8.400000213402,60.500000353335,3.));
#3001 = CARTESIAN_POINT('',(8.430060735569,60.549470652222,3.));
#3002 = CARTESIAN_POINT('',(8.460828149856,60.600105952466,3.));
#3003 = CARTESIAN_POINT('',(8.492137607939,60.651921996242,3.));
#3004 = CARTESIAN_POINT('',(8.523777654503,60.704936901432,3.));
#3005 = CARTESIAN_POINT('',(8.555499824568,60.759151377545,3.));
#3006 = CARTESIAN_POINT('',(8.599838305929,60.837028968134,3.));
#3007 = CARTESIAN_POINT('',(8.612616441755,60.859720890607,3.));
#3008 = CARTESIAN_POINT('',(8.625344050841,60.882602318691,3.));
#3009 = CARTESIAN_POINT('',(8.638002094306,60.90566955647,3.));
#3010 = CARTESIAN_POINT('',(8.650571091856,60.92891760249,3.));
#3011 = CARTESIAN_POINT('',(8.702039684381,61.025669018625,3.));
#3012 = CARTESIAN_POINT('',(8.739980465615,61.100707700266,3.));
#3013 = CARTESIAN_POINT('',(8.776248296441,61.177259780269,3.));
#3014 = CARTESIAN_POINT('',(8.810214194079,61.254984069754,3.));
#3015 = CARTESIAN_POINT('',(8.841334301726,61.333353035016,3.));
#3016 = CARTESIAN_POINT('',(8.896885417349,61.489488063367,3.));
#3017 = CARTESIAN_POINT('',(8.921373017818,61.567253975081,3.));
#3018 = CARTESIAN_POINT('',(8.942326969753,61.644476751076,3.));
#3019 = CARTESIAN_POINT('',(8.959537820743,61.720493659435,3.));
#3020 = CARTESIAN_POINT('',(8.973010170899,61.79468424406,3.));
#3021 = CARTESIAN_POINT('',(8.988778913507,61.909339893287,3.));
#3022 = CARTESIAN_POINT('',(8.993391728848,61.951307470324,3.));
#3023 = CARTESIAN_POINT('',(8.996763660497,61.992344044909,3.));
#3024 = CARTESIAN_POINT('',(8.998945143153,62.032359459327,3.));
#3025 = CARTESIAN_POINT('',(9.,62.071281281767,3.));
#3026 = CARTESIAN_POINT('',(9.,62.109056563987,3.));
#3027 = PCURVE('',#1261,#3028);
#3028 = DEFINITIONAL_REPRESENTATION('',(#3029),#3057);
#3029 = B_SPLINE_CURVE_WITH_KNOTS('',6,(#3030,#3031,#3032,#3033,#3034,
    #3035,#3036,#3037,#3038,#3039,#3040,#3041,#3042,#3043,#3044,#3045,
    #3046,#3047,#3048,#3049,#3050,#3051,#3052,#3053,#3054,#3055,#3056),
  .UNSPECIFIED.,.F.,.F.,(7,5,5,5,5,7),(0.,0.213223552632,0.299856752557,
    0.571078942197,0.839915568412,1.),.UNSPECIFIED.);
#3030 = CARTESIAN_POINT('',(3.798417340483E-06,8.21002463751E-07));
#3031 = CARTESIAN_POINT('',(0.535059683114,0.114949561302));
#3032 = CARTESIAN_POINT('',(1.069385314478,0.232602438096));
#3033 = CARTESIAN_POINT('',(1.603082981437,0.352430203143));
#3034 = CARTESIAN_POINT('',(2.136302473531,0.473748228599));
#3035 = CARTESIAN_POINT('',(2.669223367696,0.595803134845));
#3036 = CARTESIAN_POINT('',(3.418520797541,0.767451155592));
#3037 = CARTESIAN_POINT('',(3.634986118503,0.817043198301));
#3038 = CARTESIAN_POINT('',(3.851445902876,0.866585702281));
#3039 = CARTESIAN_POINT('',(4.067912537856,0.916030047859));
#3040 = CARTESIAN_POINT('',(4.284398172894,0.965328839844));
#3041 = CARTESIAN_POINT('',(5.178762149633,1.168175194916));
#3042 = CARTESIAN_POINT('',(5.8569110802,1.320036759743));
#3043 = CARTESIAN_POINT('',(6.535726519376,1.468615059981));
#3044 = CARTESIAN_POINT('',(7.215512811617,1.612690485711));
#3045 = CARTESIAN_POINT('',(7.896481703348,1.751369824487));
#3046 = CARTESIAN_POINT('',(9.255013424792,2.015516203227));
#3047 = CARTESIAN_POINT('',(9.932561097196,2.141090534506));
#3048 = CARTESIAN_POINT('',(10.6114893833,2.260137955288));
#3049 = CARTESIAN_POINT('',(11.291834518406,2.372321345431));
#3050 = CARTESIAN_POINT('',(11.973561413178,2.477542289099));
#3051 = CARTESIAN_POINT('',(13.063278652615,2.634428471392));
#3052 = CARTESIAN_POINT('',(13.470446542378,2.69054031392));
#3053 = CARTESIAN_POINT('',(13.878053001204,2.744225962078));
#3054 = CARTESIAN_POINT('',(14.286075952548,2.795523751759));
#3055 = CARTESIAN_POINT('',(14.694490424881,2.844489248538));
#3056 = CARTESIAN_POINT('',(15.103269068731,2.891190085209));
#3057 = ( GEOMETRIC_REPRESENTATION_CONTEXT(2) 
PARAMETRIC_REPRESENTATION_CONTEXT() REPRESENTATION_CONTEXT('2D SPACE',''
  ) );
#3058 = PCURVE('',#3059,#3064);
#3059 = PLANE('',#3060);
#3060 = AXIS2_PLACEMENT_3D('',#3061,#3062,#3063);
#3061 = CARTESIAN_POINT('',(6.,67.,3.));
#3062 = DIRECTION('',(0.,0.,-1.));
#3063 = DIRECTION('',(0.,-1.,0.));
#3064 = DEFINITIONAL_REPRESENTATION('',(#3065),#3093);
#3065 = B_SPLINE_CURVE_WITH_KNOTS('',6,(#3066,#3067,#3068,#3069,#3070,
    #3071,#3072,#3073,#3074,#3075,#3076,#3077,#3078,#3079,#3080,#3081,
    #3082,#3083,#3084,#3085,#3086,#3087,#3088,#3089,#3090,#3091,#3092),
  .UNSPECIFIED.,.F.,.F.,(7,5,5,5,5,7),(0.,0.213223552632,0.299856752557,
    0.571078942197,0.839915568412,1.),.UNSPECIFIED.);
#3066 = CARTESIAN_POINT('',(6.499999646665,-2.400000213402));
#3067 = CARTESIAN_POINT('',(6.450529347778,-2.430060735569));
#3068 = CARTESIAN_POINT('',(6.399894047534,-2.460828149856));
#3069 = CARTESIAN_POINT('',(6.348078003758,-2.492137607939));
#3070 = CARTESIAN_POINT('',(6.295063098568,-2.523777654503));
#3071 = CARTESIAN_POINT('',(6.240848622455,-2.555499824568));
#3072 = CARTESIAN_POINT('',(6.162971031866,-2.599838305929));
#3073 = CARTESIAN_POINT('',(6.140279109393,-2.612616441755));
#3074 = CARTESIAN_POINT('',(6.117397681309,-2.625344050841));
#3075 = CARTESIAN_POINT('',(6.09433044353,-2.638002094306));
#3076 = CARTESIAN_POINT('',(6.07108239751,-2.650571091856));
#3077 = CARTESIAN_POINT('',(5.974330981375,-2.702039684381));
#3078 = CARTESIAN_POINT('',(5.899292299734,-2.739980465615));
#3079 = CARTESIAN_POINT('',(5.822740219731,-2.776248296441));
#3080 = CARTESIAN_POINT('',(5.745015930246,-2.810214194079));
#3081 = CARTESIAN_POINT('',(5.666646964984,-2.841334301726));
#3082 = CARTESIAN_POINT('',(5.510511936633,-2.896885417349));
#3083 = CARTESIAN_POINT('',(5.432746024919,-2.921373017818));
#3084 = CARTESIAN_POINT('',(5.355523248924,-2.942326969753));
#3085 = CARTESIAN_POINT('',(5.279506340565,-2.959537820743));
#3086 = CARTESIAN_POINT('',(5.20531575594,-2.973010170899));
#3087 = CARTESIAN_POINT('',(5.090660106713,-2.988778913507));
#3088 = CARTESIAN_POINT('',(5.048692529676,-2.993391728848));
#3089 = CARTESIAN_POINT('',(5.007655955091,-2.996763660497));
#3090 = CARTESIAN_POINT('',(4.967640540673,-2.998945143153));
#3091 = CARTESIAN_POINT('',(4.928718718233,-3.));
#3092 = CARTESIAN_POINT('',(4.890943436013,-3.));
#3093 = ( GEOMETRIC_REPRESENTATION_CONTEXT(2) 
PARAMETRIC_REPRESENTATION_CONTEXT() REPRESENTATION_CONTEXT('2D SPACE',''
  ) );
#3094 = ORIENTED_EDGE('',*,*,#3095,.T.);
#3095 = EDGE_CURVE('',#2996,#3096,#3098,.T.);
#3096 = VERTEX_POINT('',#3097);
#3097 = CARTESIAN_POINT('',(9.,67.,13.62979411745));
#3098 = SURFACE_CURVE('',#3099,(#3138,#3145),.PCURVE_S1.);
#3099 = B_SPLINE_CURVE_WITH_KNOTS('',10,(#3100,#3101,#3102,#3103,#3104,
    #3105,#3106,#3107,#3108,#3109,#3110,#3111,#3112,#3113,#3114,#3115,
    #3116,#3117,#3118,#3119,#3120,#3121,#3122,#3123,#3124,#3125,#3126,
    #3127,#3128,#3129,#3130,#3131,#3132,#3133,#3134,#3135,#3136,#3137),
  .UNSPECIFIED.,.F.,.F.,(11,9,9,9,11),(-0.884673324067,
    -2.010239629736E-14,7.551634534365,15.103269068731,15.599214995183),
  .UNSPECIFIED.);
#3100 = CARTESIAN_POINT('',(9.,59.615326675933,2.4));
#3101 = CARTESIAN_POINT('',(9.,59.740129629734,2.4));
#3102 = CARTESIAN_POINT('',(9.,59.856858001003,2.4));
#3103 = CARTESIAN_POINT('',(9.,59.965511789741,2.4));
#3104 = CARTESIAN_POINT('',(9.,60.066090995945,2.4));
#3105 = CARTESIAN_POINT('',(9.,60.158595619618,2.4));
#3106 = CARTESIAN_POINT('',(9.,60.243025660759,2.4));
#3107 = CARTESIAN_POINT('',(9.,60.319381119367,2.4));
#3108 = CARTESIAN_POINT('',(9.,60.387661995444,2.4));
#3109 = CARTESIAN_POINT('',(9.,60.447868288988,2.4));
#3110 = CARTESIAN_POINT('',(9.000000000001,60.945000000005,2.4));
#3111 = CARTESIAN_POINT('',(8.999999999997,61.389833415055,
    2.498735111068));
#3112 = CARTESIAN_POINT('',(9.000000000006,61.816221869284,
    2.697483607035));
#3113 = CARTESIAN_POINT('',(8.999999999991,62.195150699629,
    2.974518512879));
#3114 = CARTESIAN_POINT('',(9.00000000001,62.566563116202,3.301670933917
    ));
#3115 = CARTESIAN_POINT('',(8.999999999992,62.921548277328,
    3.708151353786));
#3116 = CARTESIAN_POINT('',(9.000000000005,63.26978854735,4.172481924891
    ));
#3117 = CARTESIAN_POINT('',(8.999999999998,63.612337804751,
    4.707750422844));
#3118 = CARTESIAN_POINT('',(9.,63.95092318831,5.310205590116));
#3119 = CARTESIAN_POINT('',(9.,64.622389440891,6.653138095284));
#3120 = CARTESIAN_POINT('',(9.,64.955273533431,7.39348399496));
#3121 = CARTESIAN_POINT('',(9.,65.286333065917,8.203439947864));
#3122 = CARTESIAN_POINT('',(8.999999999999,65.616166185248,
    9.083552731473));
#3123 = CARTESIAN_POINT('',(9.000000000001,65.945110868075,
    10.034228704014));
#3124 = CARTESIAN_POINT('',(8.999999999999,66.273368337992,
    11.05577027407));
#3125 = CARTESIAN_POINT('',(9.000000000001,66.601083744105,
    12.148405630513));
#3126 = CARTESIAN_POINT('',(9.,66.928384099952,13.312311732576));
#3127 = CARTESIAN_POINT('',(9.,67.255373483911,14.547630560271));
#3128 = CARTESIAN_POINT('',(9.,67.603541979848,15.94030454402));
#3129 = CARTESIAN_POINT('',(9.,67.624998459608,16.026130463063));
#3130 = CARTESIAN_POINT('',(9.,67.646454939369,16.111956382105));
#3131 = CARTESIAN_POINT('',(9.,67.667911419129,16.197782301147));
#3132 = CARTESIAN_POINT('',(9.,67.68936789889,16.283608220189));
#3133 = CARTESIAN_POINT('',(9.,67.71082437865,16.369434139232));
#3134 = CARTESIAN_POINT('',(9.,67.732280858411,16.455260058274));
#3135 = CARTESIAN_POINT('',(9.,67.753737338171,16.541085977316));
#3136 = CARTESIAN_POINT('',(9.,67.775193817932,16.626911896358));
#3137 = CARTESIAN_POINT('',(9.,67.796650297692,16.712737815401));
#3138 = PCURVE('',#1261,#3139);
#3139 = DEFINITIONAL_REPRESENTATION('',(#3140),#3144);
#3140 = LINE('',#3141,#3142);
#3141 = CARTESIAN_POINT('',(15.103269068731,0.));
#3142 = VECTOR('',#3143,1.);
#3143 = DIRECTION('',(0.,1.));
#3144 = ( GEOMETRIC_REPRESENTATION_CONTEXT(2) 
PARAMETRIC_REPRESENTATION_CONTEXT() REPRESENTATION_CONTEXT('2D SPACE',''
  ) );
#3145 = PCURVE('',#3146,#3151);
#3146 = PLANE('',#3147);
#3147 = AXIS2_PLACEMENT_3D('',#3148,#3149,#3150);
#3148 = CARTESIAN_POINT('',(9.,65.24771827212,8.104869081029));
#3149 = DIRECTION('',(-1.,-0.,-0.));
#3150 = DIRECTION('',(0.,0.,-1.));
#3151 = DEFINITIONAL_REPRESENTATION('',(#3152),#3173);
#3152 = B_SPLINE_CURVE_WITH_KNOTS('',10,(#3153,#3154,#3155,#3156,#3157,
    #3158,#3159,#3160,#3161,#3162,#3163,#3164,#3165,#3166,#3167,#3168,
    #3169,#3170,#3171,#3172),.UNSPECIFIED.,.F.,.F.,(11,9,11),(
    -2.010239629736E-14,7.551634534365,15.103269068731),.UNSPECIFIED.);
#3153 = CARTESIAN_POINT('',(5.704869081029,4.74771827212));
#3154 = CARTESIAN_POINT('',(5.704869081029,4.30271827212));
#3155 = CARTESIAN_POINT('',(5.606133969958,3.857884857044));
#3156 = CARTESIAN_POINT('',(5.407385474,3.431496402882));
#3157 = CARTESIAN_POINT('',(5.130350568141,3.052567572422));
#3158 = CARTESIAN_POINT('',(4.803198147121,2.681155155994));
#3159 = CARTESIAN_POINT('',(4.396717727234,2.326169994731));
#3160 = CARTESIAN_POINT('',(3.932387156143,1.977929724806));
#3161 = CARTESIAN_POINT('',(3.397118658183,1.635380467355));
#3162 = CARTESIAN_POINT('',(2.794663490913,1.296795083812));
#3163 = CARTESIAN_POINT('',(1.451730985745,0.625328831228));
#3164 = CARTESIAN_POINT('',(0.711385086069,0.292444738688));
#3165 = CARTESIAN_POINT('',(-9.857086683531E-02,-3.86147937932E-02));
#3166 = CARTESIAN_POINT('',(-0.978683650445,-0.368447913136));
#3167 = CARTESIAN_POINT('',(-1.929359622984,-0.697392595944));
#3168 = CARTESIAN_POINT('',(-2.950901193042,-1.025650065883));
#3169 = CARTESIAN_POINT('',(-4.043536549483,-1.353365471977));
#3170 = CARTESIAN_POINT('',(-5.207442651547,-1.680665827836));
#3171 = CARTESIAN_POINT('',(-6.442761479243,-2.00765521179));
#3172 = CARTESIAN_POINT('',(-7.749609543949,-2.334367227967));
#3173 = ( GEOMETRIC_REPRESENTATION_CONTEXT(2) 
PARAMETRIC_REPRESENTATION_CONTEXT() REPRESENTATION_CONTEXT('2D SPACE',''
  ) );
#3174 = ORIENTED_EDGE('',*,*,#3175,.F.);
#3175 = EDGE_CURVE('',#2541,#3096,#3176,.T.);
#3176 = SURFACE_CURVE('',#3177,(#3204,#3234),.PCURVE_S1.);
#3177 = B_SPLINE_CURVE_WITH_KNOTS('',7,(#3178,#3179,#3180,#3181,#3182,
    #3183,#3184,#3185,#3186,#3187,#3188,#3189,#3190,#3191,#3192,#3193,
    #3194,#3195,#3196,#3197,#3198,#3199,#3200,#3201,#3202,#3203),
  .UNSPECIFIED.,.F.,.F.,(8,6,6,6,8),(0.,0.227065016278,0.540708984272,
    0.799609279016,1.),.UNSPECIFIED.);
#3178 = CARTESIAN_POINT('',(8.4,67.,16.));
#3179 = CARTESIAN_POINT('',(8.428048200403,67.,16.));
#3180 = CARTESIAN_POINT('',(8.456728870936,67.,15.993692693543));
#3181 = CARTESIAN_POINT('',(8.485909705577,67.,15.980567192944));
#3182 = CARTESIAN_POINT('',(8.515427618585,67.,15.960177332109));
#3183 = CARTESIAN_POINT('',(8.545089332403,67.,15.932198741277));
#3184 = CARTESIAN_POINT('',(8.574678667066,67.,15.896472343558));
#3185 = CARTESIAN_POINT('',(8.644431261757,67.,15.793033446433));
#3186 = CARTESIAN_POINT('',(8.684329260955,67.,15.718311161052));
#3187 = CARTESIAN_POINT('',(8.723067485475,67.,15.628959716011));
#3188 = CARTESIAN_POINT('',(8.760032627989,67.,15.525744544288));
#3189 = CARTESIAN_POINT('',(8.794664920549,67.,15.410160510254));
#3190 = CARTESIAN_POINT('',(8.826528681199,67.,15.284160918525));
#3191 = CARTESIAN_POINT('',(8.87908908993,67.,15.039036708249));
#3192 = CARTESIAN_POINT('',(8.900765230584,67.,14.922546085011));
#3193 = CARTESIAN_POINT('',(8.920182991414,67.,14.801591701867));
#3194 = CARTESIAN_POINT('',(8.937236340181,67.,14.677443118186));
#3195 = CARTESIAN_POINT('',(8.951883111748,67.,14.551350668418));
#3196 = CARTESIAN_POINT('',(8.96413935978,67.,14.424472455625));
#3197 = CARTESIAN_POINT('',(8.981747965009,67.,14.199814235895));
#3198 = CARTESIAN_POINT('',(8.988034421364,67.,14.101940903981));
#3199 = CARTESIAN_POINT('',(8.992952558089,67.,14.004691629199));
#3200 = CARTESIAN_POINT('',(8.996546447445,67.,13.908500842011));
#3201 = CARTESIAN_POINT('',(8.998873260617,67.,13.813749269794));
#3202 = CARTESIAN_POINT('',(9.,67.,13.720759864002));
#3203 = CARTESIAN_POINT('',(9.,67.,13.629799783409));
#3204 = PCURVE('',#1261,#3205);
#3205 = DEFINITIONAL_REPRESENTATION('',(#3206),#3233);
#3206 = B_SPLINE_CURVE_WITH_KNOTS('',7,(#3207,#3208,#3209,#3210,#3211,
    #3212,#3213,#3214,#3215,#3216,#3217,#3218,#3219,#3220,#3221,#3222,
    #3223,#3224,#3225,#3226,#3227,#3228,#3229,#3230,#3231,#3232),
  .UNSPECIFIED.,.F.,.F.,(8,6,6,6,8),(0.,0.227065016278,0.540708984272,
    0.799609279016,1.),.UNSPECIFIED.);
#3207 = CARTESIAN_POINT('',(0.,15.103269068731));
#3208 = CARTESIAN_POINT('',(0.499240389213,15.103269068731));
#3209 = CARTESIAN_POINT('',(0.998460283972,15.099820722));
#3210 = CARTESIAN_POINT('',(1.497520804812,15.092644639534));
#3211 = CARTESIAN_POINT('',(1.996264696777,15.081492984441));
#3212 = CARTESIAN_POINT('',(2.494519551685,15.066178168525));
#3213 = CARTESIAN_POINT('',(2.992099501663,15.046595906322));
#3214 = CARTESIAN_POINT('',(4.174903165069,14.989794189929));
#3215 = CARTESIAN_POINT('',(4.859415921581,14.948692517348));
#3216 = CARTESIAN_POINT('',(5.541755935978,14.89942668145));
#3217 = CARTESIAN_POINT('',(6.221593337809,14.842332873202));
#3218 = CARTESIAN_POINT('',(6.898860315884,14.778131411113));
#3219 = CARTESIAN_POINT('',(7.573692267911,14.707807525887));
#3220 = CARTESIAN_POINT('',(8.801644307045,14.570286396698));
#3221 = CARTESIAN_POINT('',(9.355473628354,14.504683254408));
#3222 = CARTESIAN_POINT('',(9.908098747747,14.43627845025));
#3223 = CARTESIAN_POINT('',(10.459817024197,14.365746828577));
#3224 = CARTESIAN_POINT('',(11.010955331553,14.293769980815));
#3225 = CARTESIAN_POINT('',(11.561848814657,14.220996440681));
#3226 = CARTESIAN_POINT('',(12.539291531025,14.091526356397));
#3227 = CARTESIAN_POINT('',(12.965794802108,14.034914803174));
#3228 = CARTESIAN_POINT('',(13.39248231407,13.978454516819));
#3229 = CARTESIAN_POINT('',(13.819479840923,13.922400980852));
#3230 = CARTESIAN_POINT('',(14.246892177766,13.866983961658));
#3231 = CARTESIAN_POINT('',(14.674801760783,13.81240389481));
#3232 = CARTESIAN_POINT('',(15.103269068731,13.758831414182));
#3233 = ( GEOMETRIC_REPRESENTATION_CONTEXT(2) 
PARAMETRIC_REPRESENTATION_CONTEXT() REPRESENTATION_CONTEXT('2D SPACE',''
  ) );
#3234 = PCURVE('',#2631,#3235);
#3235 = DEFINITIONAL_REPRESENTATION('',(#3236),#3263);
#3236 = B_SPLINE_CURVE_WITH_KNOTS('',7,(#3237,#3238,#3239,#3240,#3241,
    #3242,#3243,#3244,#3245,#3246,#3247,#3248,#3249,#3250,#3251,#3252,
    #3253,#3254,#3255,#3256,#3257,#3258,#3259,#3260,#3261,#3262),
  .UNSPECIFIED.,.F.,.F.,(8,6,6,6,8),(0.,0.227065016278,0.540708984272,
    0.799609279016,1.),.UNSPECIFIED.);
#3237 = CARTESIAN_POINT('',(-1.7763568394E-14,-2.4));
#3238 = CARTESIAN_POINT('',(-1.865039747389E-14,-2.428048200403));
#3239 = CARTESIAN_POINT('',(6.307306457128E-03,-2.456728870936));
#3240 = CARTESIAN_POINT('',(1.943280705639E-02,-2.485909705577));
#3241 = CARTESIAN_POINT('',(3.982266789093E-02,-2.515427618585));
#3242 = CARTESIAN_POINT('',(6.780125872284E-02,-2.545089332403));
#3243 = CARTESIAN_POINT('',(0.103527656442,-2.574678667066));
#3244 = CARTESIAN_POINT('',(0.206966553567,-2.644431261757));
#3245 = CARTESIAN_POINT('',(0.281688838948,-2.684329260955));
#3246 = CARTESIAN_POINT('',(0.371040283989,-2.723067485475));
#3247 = CARTESIAN_POINT('',(0.474255455712,-2.760032627989));
#3248 = CARTESIAN_POINT('',(0.589839489746,-2.794664920549));
#3249 = CARTESIAN_POINT('',(0.715839081475,-2.826528681199));
#3250 = CARTESIAN_POINT('',(0.960963291751,-2.87908908993));
#3251 = CARTESIAN_POINT('',(1.077453914989,-2.900765230584));
#3252 = CARTESIAN_POINT('',(1.198408298133,-2.920182991414));
#3253 = CARTESIAN_POINT('',(1.322556881814,-2.937236340181));
#3254 = CARTESIAN_POINT('',(1.448649331582,-2.951883111748));
#3255 = CARTESIAN_POINT('',(1.575527544375,-2.96413935978));
#3256 = CARTESIAN_POINT('',(1.800185764105,-2.981747965009));
#3257 = CARTESIAN_POINT('',(1.898059096019,-2.988034421364));
#3258 = CARTESIAN_POINT('',(1.995308370801,-2.992952558089));
#3259 = CARTESIAN_POINT('',(2.091499157989,-2.996546447445));
#3260 = CARTESIAN_POINT('',(2.186250730206,-2.998873260617));
#3261 = CARTESIAN_POINT('',(2.279240135998,-3.));
#3262 = CARTESIAN_POINT('',(2.370200216591,-3.));
#3263 = ( GEOMETRIC_REPRESENTATION_CONTEXT(2) 
PARAMETRIC_REPRESENTATION_CONTEXT() REPRESENTATION_CONTEXT('2D SPACE',''
  ) );
#3264 = ORIENTED_EDGE('',*,*,#2540,.F.);
#3265 = ADVANCED_FACE('',(#3266),#601,.T.);
#3266 = FACE_BOUND('',#3267,.T.);
#3267 = EDGE_LOOP('',(#3268,#3298,#3320,#3321,#3347,#3348,#3371,#3399,
    #3427,#3455,#3483));
#3268 = ORIENTED_EDGE('',*,*,#3269,.F.);
#3269 = EDGE_CURVE('',#3270,#3272,#3274,.T.);
#3270 = VERTEX_POINT('',#3271);
#3271 = CARTESIAN_POINT('',(-9.,4.,2.5));
#3272 = VERTEX_POINT('',#3273);
#3273 = CARTESIAN_POINT('',(-9.,78.,2.5));
#3274 = SURFACE_CURVE('',#3275,(#3279,#3286),.PCURVE_S1.);
#3275 = LINE('',#3276,#3277);
#3276 = CARTESIAN_POINT('',(-9.,4.,2.5));
#3277 = VECTOR('',#3278,1.);
#3278 = DIRECTION('',(0.,1.,0.));
#3279 = PCURVE('',#601,#3280);
#3280 = DEFINITIONAL_REPRESENTATION('',(#3281),#3285);
#3281 = LINE('',#3282,#3283);
#3282 = CARTESIAN_POINT('',(0.,0.));
#3283 = VECTOR('',#3284,1.);
#3284 = DIRECTION('',(0.,1.));
#3285 = ( GEOMETRIC_REPRESENTATION_CONTEXT(2) 
PARAMETRIC_REPRESENTATION_CONTEXT() REPRESENTATION_CONTEXT('2D SPACE',''
  ) );
#3286 = PCURVE('',#3287,#3292);
#3287 = PLANE('',#3288);
#3288 = AXIS2_PLACEMENT_3D('',#3289,#3290,#3291);
#3289 = CARTESIAN_POINT('',(-9.,0.,0.));
#3290 = DIRECTION('',(1.,0.,0.));
#3291 = DIRECTION('',(0.,0.,1.));
#3292 = DEFINITIONAL_REPRESENTATION('',(#3293),#3297);
#3293 = LINE('',#3294,#3295);
#3294 = CARTESIAN_POINT('',(2.5,-4.));
#3295 = VECTOR('',#3296,1.);
#3296 = DIRECTION('',(0.,-1.));
#3297 = ( GEOMETRIC_REPRESENTATION_CONTEXT(2) 
PARAMETRIC_REPRESENTATION_CONTEXT() REPRESENTATION_CONTEXT('2D SPACE',''
  ) );
#3298 = ORIENTED_EDGE('',*,*,#3299,.T.);
#3299 = EDGE_CURVE('',#3270,#822,#3300,.T.);
#3300 = SURFACE_CURVE('',#3301,(#3306,#3313),.PCURVE_S1.);
#3301 = CIRCLE('',#3302,0.5);
#3302 = AXIS2_PLACEMENT_3D('',#3303,#3304,#3305);
#3303 = CARTESIAN_POINT('',(-8.5,4.,2.5));
#3304 = DIRECTION('',(0.,1.,0.));
#3305 = DIRECTION('',(-1.,0.,0.));
#3306 = PCURVE('',#601,#3307);
#3307 = DEFINITIONAL_REPRESENTATION('',(#3308),#3312);
#3308 = LINE('',#3309,#3310);
#3309 = CARTESIAN_POINT('',(0.,0.));
#3310 = VECTOR('',#3311,1.);
#3311 = DIRECTION('',(1.,0.));
#3312 = ( GEOMETRIC_REPRESENTATION_CONTEXT(2) 
PARAMETRIC_REPRESENTATION_CONTEXT() REPRESENTATION_CONTEXT('2D SPACE',''
  ) );
#3313 = PCURVE('',#865,#3314);
#3314 = DEFINITIONAL_REPRESENTATION('',(#3315),#3319);
#3315 = LINE('',#3316,#3317);
#3316 = CARTESIAN_POINT('',(-1.570796326795,0.));
#3317 = VECTOR('',#3318,1.);
#3318 = DIRECTION('',(-0.,1.));
#3319 = ( GEOMETRIC_REPRESENTATION_CONTEXT(2) 
PARAMETRIC_REPRESENTATION_CONTEXT() REPRESENTATION_CONTEXT('2D SPACE',''
  ) );
#3320 = ORIENTED_EDGE('',*,*,#821,.T.);
#3321 = ORIENTED_EDGE('',*,*,#3322,.T.);
#3322 = EDGE_CURVE('',#793,#586,#3323,.T.);
#3323 = SURFACE_CURVE('',#3324,(#3328,#3335),.PCURVE_S1.);
#3324 = LINE('',#3325,#3326);
#3325 = CARTESIAN_POINT('',(-8.5,4.,3.));
#3326 = VECTOR('',#3327,1.);
#3327 = DIRECTION('',(0.,1.,0.));
#3328 = PCURVE('',#601,#3329);
#3329 = DEFINITIONAL_REPRESENTATION('',(#3330),#3334);
#3330 = LINE('',#3331,#3332);
#3331 = CARTESIAN_POINT('',(1.570796326795,0.));
#3332 = VECTOR('',#3333,1.);
#3333 = DIRECTION('',(0.,1.));
#3334 = ( GEOMETRIC_REPRESENTATION_CONTEXT(2) 
PARAMETRIC_REPRESENTATION_CONTEXT() REPRESENTATION_CONTEXT('2D SPACE',''
  ) );
#3335 = PCURVE('',#3336,#3341);
#3336 = PLANE('',#3337);
#3337 = AXIS2_PLACEMENT_3D('',#3338,#3339,#3340);
#3338 = CARTESIAN_POINT('',(-9.,43.,3.));
#3339 = DIRECTION('',(0.,0.,1.));
#3340 = DIRECTION('',(1.,0.,0.));
#3341 = DEFINITIONAL_REPRESENTATION('',(#3342),#3346);
#3342 = LINE('',#3343,#3344);
#3343 = CARTESIAN_POINT('',(0.5,-39.));
#3344 = VECTOR('',#3345,1.);
#3345 = DIRECTION('',(0.,1.));
#3346 = ( GEOMETRIC_REPRESENTATION_CONTEXT(2) 
PARAMETRIC_REPRESENTATION_CONTEXT() REPRESENTATION_CONTEXT('2D SPACE',''
  ) );
#3347 = ORIENTED_EDGE('',*,*,#585,.T.);
#3348 = ORIENTED_EDGE('',*,*,#3349,.T.);
#3349 = EDGE_CURVE('',#325,#3350,#3352,.T.);
#3350 = VERTEX_POINT('',#3351);
#3351 = CARTESIAN_POINT('',(-8.5,67.,3.));
#3352 = SURFACE_CURVE('',#3353,(#3357,#3364),.PCURVE_S1.);
#3353 = LINE('',#3354,#3355);
#3354 = CARTESIAN_POINT('',(-8.5,4.,3.));
#3355 = VECTOR('',#3356,1.);
#3356 = DIRECTION('',(0.,1.,0.));
#3357 = PCURVE('',#601,#3358);
#3358 = DEFINITIONAL_REPRESENTATION('',(#3359),#3363);
#3359 = LINE('',#3360,#3361);
#3360 = CARTESIAN_POINT('',(1.570796326795,0.));
#3361 = VECTOR('',#3362,1.);
#3362 = DIRECTION('',(0.,1.));
#3363 = ( GEOMETRIC_REPRESENTATION_CONTEXT(2) 
PARAMETRIC_REPRESENTATION_CONTEXT() REPRESENTATION_CONTEXT('2D SPACE',''
  ) );
#3364 = PCURVE('',#2767,#3365);
#3365 = DEFINITIONAL_REPRESENTATION('',(#3366),#3370);
#3366 = LINE('',#3367,#3368);
#3367 = CARTESIAN_POINT('',(63.,-0.5));
#3368 = VECTOR('',#3369,1.);
#3369 = DIRECTION('',(-1.,-0.));
#3370 = ( GEOMETRIC_REPRESENTATION_CONTEXT(2) 
PARAMETRIC_REPRESENTATION_CONTEXT() REPRESENTATION_CONTEXT('2D SPACE',''
  ) );
#3371 = ORIENTED_EDGE('',*,*,#3372,.T.);
#3372 = EDGE_CURVE('',#3350,#3373,#3375,.T.);
#3373 = VERTEX_POINT('',#3374);
#3374 = CARTESIAN_POINT('',(-8.5,67.05838015129,3.));
#3375 = SURFACE_CURVE('',#3376,(#3380,#3387),.PCURVE_S1.);
#3376 = LINE('',#3377,#3378);
#3377 = CARTESIAN_POINT('',(-8.5,4.,3.));
#3378 = VECTOR('',#3379,1.);
#3379 = DIRECTION('',(0.,1.,0.));
#3380 = PCURVE('',#601,#3381);
#3381 = DEFINITIONAL_REPRESENTATION('',(#3382),#3386);
#3382 = LINE('',#3383,#3384);
#3383 = CARTESIAN_POINT('',(1.570796326795,0.));
#3384 = VECTOR('',#3385,1.);
#3385 = DIRECTION('',(0.,1.));
#3386 = ( GEOMETRIC_REPRESENTATION_CONTEXT(2) 
PARAMETRIC_REPRESENTATION_CONTEXT() REPRESENTATION_CONTEXT('2D SPACE',''
  ) );
#3387 = PCURVE('',#3388,#3393);
#3388 = PLANE('',#3389);
#3389 = AXIS2_PLACEMENT_3D('',#3390,#3391,#3392);
#3390 = CARTESIAN_POINT('',(-9.,0.,3.));
#3391 = DIRECTION('',(0.,0.,1.));
#3392 = DIRECTION('',(1.,0.,0.));
#3393 = DEFINITIONAL_REPRESENTATION('',(#3394),#3398);
#3394 = LINE('',#3395,#3396);
#3395 = CARTESIAN_POINT('',(0.5,4.));
#3396 = VECTOR('',#3397,1.);
#3397 = DIRECTION('',(0.,1.));
#3398 = ( GEOMETRIC_REPRESENTATION_CONTEXT(2) 
PARAMETRIC_REPRESENTATION_CONTEXT() REPRESENTATION_CONTEXT('2D SPACE',''
  ) );
#3399 = ORIENTED_EDGE('',*,*,#3400,.T.);
#3400 = EDGE_CURVE('',#3373,#3401,#3403,.T.);
#3401 = VERTEX_POINT('',#3402);
#3402 = CARTESIAN_POINT('',(-8.5,72.94161984871,3.));
#3403 = SURFACE_CURVE('',#3404,(#3408,#3415),.PCURVE_S1.);
#3404 = LINE('',#3405,#3406);
#3405 = CARTESIAN_POINT('',(-8.5,4.,3.));
#3406 = VECTOR('',#3407,1.);
#3407 = DIRECTION('',(0.,1.,0.));
#3408 = PCURVE('',#601,#3409);
#3409 = DEFINITIONAL_REPRESENTATION('',(#3410),#3414);
#3410 = LINE('',#3411,#3412);
#3411 = CARTESIAN_POINT('',(1.570796326795,0.));
#3412 = VECTOR('',#3413,1.);
#3413 = DIRECTION('',(0.,1.));
#3414 = ( GEOMETRIC_REPRESENTATION_CONTEXT(2) 
PARAMETRIC_REPRESENTATION_CONTEXT() REPRESENTATION_CONTEXT('2D SPACE',''
  ) );
#3415 = PCURVE('',#3416,#3421);
#3416 = PLANE('',#3417);
#3417 = AXIS2_PLACEMENT_3D('',#3418,#3419,#3420);
#3418 = CARTESIAN_POINT('',(-9.,73.,3.));
#3419 = DIRECTION('',(-0.,0.,1.));
#3420 = DIRECTION('',(1.,0.,0.));
#3421 = DEFINITIONAL_REPRESENTATION('',(#3422),#3426);
#3422 = LINE('',#3423,#3424);
#3423 = CARTESIAN_POINT('',(0.5,-69.));
#3424 = VECTOR('',#3425,1.);
#3425 = DIRECTION('',(0.,1.));
#3426 = ( GEOMETRIC_REPRESENTATION_CONTEXT(2) 
PARAMETRIC_REPRESENTATION_CONTEXT() REPRESENTATION_CONTEXT('2D SPACE',''
  ) );
#3427 = ORIENTED_EDGE('',*,*,#3428,.T.);
#3428 = EDGE_CURVE('',#3401,#3429,#3431,.T.);
#3429 = VERTEX_POINT('',#3430);
#3430 = CARTESIAN_POINT('',(-8.5,73.,3.));
#3431 = SURFACE_CURVE('',#3432,(#3436,#3443),.PCURVE_S1.);
#3432 = LINE('',#3433,#3434);
#3433 = CARTESIAN_POINT('',(-8.5,4.,3.));
#3434 = VECTOR('',#3435,1.);
#3435 = DIRECTION('',(0.,1.,0.));
#3436 = PCURVE('',#601,#3437);
#3437 = DEFINITIONAL_REPRESENTATION('',(#3438),#3442);
#3438 = LINE('',#3439,#3440);
#3439 = CARTESIAN_POINT('',(1.570796326795,0.));
#3440 = VECTOR('',#3441,1.);
#3441 = DIRECTION('',(0.,1.));
#3442 = ( GEOMETRIC_REPRESENTATION_CONTEXT(2) 
PARAMETRIC_REPRESENTATION_CONTEXT() REPRESENTATION_CONTEXT('2D SPACE',''
  ) );
#3443 = PCURVE('',#3444,#3449);
#3444 = PLANE('',#3445);
#3445 = AXIS2_PLACEMENT_3D('',#3446,#3447,#3448);
#3446 = CARTESIAN_POINT('',(-9.,0.,3.));
#3447 = DIRECTION('',(0.,0.,1.));
#3448 = DIRECTION('',(1.,0.,0.));
#3449 = DEFINITIONAL_REPRESENTATION('',(#3450),#3454);
#3450 = LINE('',#3451,#3452);
#3451 = CARTESIAN_POINT('',(0.5,4.));
#3452 = VECTOR('',#3453,1.);
#3453 = DIRECTION('',(0.,1.));
#3454 = ( GEOMETRIC_REPRESENTATION_CONTEXT(2) 
PARAMETRIC_REPRESENTATION_CONTEXT() REPRESENTATION_CONTEXT('2D SPACE',''
  ) );
#3455 = ORIENTED_EDGE('',*,*,#3456,.T.);
#3456 = EDGE_CURVE('',#3429,#3457,#3459,.T.);
#3457 = VERTEX_POINT('',#3458);
#3458 = CARTESIAN_POINT('',(-8.5,78.,3.));
#3459 = SURFACE_CURVE('',#3460,(#3464,#3471),.PCURVE_S1.);
#3460 = LINE('',#3461,#3462);
#3461 = CARTESIAN_POINT('',(-8.5,4.,3.));
#3462 = VECTOR('',#3463,1.);
#3463 = DIRECTION('',(0.,1.,0.));
#3464 = PCURVE('',#601,#3465);
#3465 = DEFINITIONAL_REPRESENTATION('',(#3466),#3470);
#3466 = LINE('',#3467,#3468);
#3467 = CARTESIAN_POINT('',(1.570796326795,0.));
#3468 = VECTOR('',#3469,1.);
#3469 = DIRECTION('',(0.,1.));
#3470 = ( GEOMETRIC_REPRESENTATION_CONTEXT(2) 
PARAMETRIC_REPRESENTATION_CONTEXT() REPRESENTATION_CONTEXT('2D SPACE',''
  ) );
#3471 = PCURVE('',#3472,#3477);
#3472 = PLANE('',#3473);
#3473 = AXIS2_PLACEMENT_3D('',#3474,#3475,#3476);
#3474 = CARTESIAN_POINT('',(-9.,73.,3.));
#3475 = DIRECTION('',(0.,0.,1.));
#3476 = DIRECTION('',(0.,1.,0.));
#3477 = DEFINITIONAL_REPRESENTATION('',(#3478),#3482);
#3478 = LINE('',#3479,#3480);
#3479 = CARTESIAN_POINT('',(-69.,-0.5));
#3480 = VECTOR('',#3481,1.);
#3481 = DIRECTION('',(1.,0.));
#3482 = ( GEOMETRIC_REPRESENTATION_CONTEXT(2) 
PARAMETRIC_REPRESENTATION_CONTEXT() REPRESENTATION_CONTEXT('2D SPACE',''
  ) );
#3483 = ORIENTED_EDGE('',*,*,#3484,.F.);
#3484 = EDGE_CURVE('',#3272,#3457,#3485,.T.);
#3485 = SURFACE_CURVE('',#3486,(#3491,#3498),.PCURVE_S1.);
#3486 = CIRCLE('',#3487,0.5);
#3487 = AXIS2_PLACEMENT_3D('',#3488,#3489,#3490);
#3488 = CARTESIAN_POINT('',(-8.5,78.,2.5));
#3489 = DIRECTION('',(0.,1.,0.));
#3490 = DIRECTION('',(-1.,0.,0.));
#3491 = PCURVE('',#601,#3492);
#3492 = DEFINITIONAL_REPRESENTATION('',(#3493),#3497);
#3493 = LINE('',#3494,#3495);
#3494 = CARTESIAN_POINT('',(0.,74.));
#3495 = VECTOR('',#3496,1.);
#3496 = DIRECTION('',(1.,0.));
#3497 = ( GEOMETRIC_REPRESENTATION_CONTEXT(2) 
PARAMETRIC_REPRESENTATION_CONTEXT() REPRESENTATION_CONTEXT('2D SPACE',''
  ) );
#3498 = PCURVE('',#3499,#3504);
#3499 = PLANE('',#3500);
#3500 = AXIS2_PLACEMENT_3D('',#3501,#3502,#3503);
#3501 = CARTESIAN_POINT('',(-9.,78.,2.));
#3502 = DIRECTION('',(0.,-1.,0.));
#3503 = DIRECTION('',(0.,0.,1.));
#3504 = DEFINITIONAL_REPRESENTATION('',(#3505),#3513);
#3505 = ( BOUNDED_CURVE() B_SPLINE_CURVE(2,(#3506,#3507,#3508,#3509,
#3510,#3511,#3512),.UNSPECIFIED.,.T.,.F.) B_SPLINE_CURVE_WITH_KNOTS((1,2
    ,2,2,2,1),(-2.094395102393,0.,2.094395102393,4.188790204786,
6.28318530718,8.377580409573),.UNSPECIFIED.) CURVE() 
GEOMETRIC_REPRESENTATION_ITEM() RATIONAL_B_SPLINE_CURVE((1.,0.5,1.,0.5,
1.,0.5,1.)) REPRESENTATION_ITEM('') );
#3506 = CARTESIAN_POINT('',(0.5,0.));
#3507 = CARTESIAN_POINT('',(1.366025403784,0.));
#3508 = CARTESIAN_POINT('',(0.933012701892,-0.75));
#3509 = CARTESIAN_POINT('',(0.5,-1.5));
#3510 = CARTESIAN_POINT('',(6.698729810778E-02,-0.75));
#3511 = CARTESIAN_POINT('',(-0.366025403784,-7.771561172376E-16));
#3512 = CARTESIAN_POINT('',(0.5,0.));
#3513 = ( GEOMETRIC_REPRESENTATION_CONTEXT(2) 
PARAMETRIC_REPRESENTATION_CONTEXT() REPRESENTATION_CONTEXT('2D SPACE',''
  ) );
#3514 = ADVANCED_FACE('',(#3515),#954,.T.);
#3515 = FACE_BOUND('',#3516,.T.);
#3516 = EDGE_LOOP('',(#3517,#3547,#3576,#3604,#3632,#3660,#3688,#3709,
    #3710,#3736,#3737));
#3517 = ORIENTED_EDGE('',*,*,#3518,.F.);
#3518 = EDGE_CURVE('',#3519,#3521,#3523,.T.);
#3519 = VERTEX_POINT('',#3520);
#3520 = CARTESIAN_POINT('',(9.,78.,2.5));
#3521 = VERTEX_POINT('',#3522);
#3522 = CARTESIAN_POINT('',(9.,4.,2.5));
#3523 = SURFACE_CURVE('',#3524,(#3528,#3535),.PCURVE_S1.);
#3524 = LINE('',#3525,#3526);
#3525 = CARTESIAN_POINT('',(9.,86.,2.5));
#3526 = VECTOR('',#3527,1.);
#3527 = DIRECTION('',(-0.,-1.,-0.));
#3528 = PCURVE('',#954,#3529);
#3529 = DEFINITIONAL_REPRESENTATION('',(#3530),#3534);
#3530 = LINE('',#3531,#3532);
#3531 = CARTESIAN_POINT('',(0.,0.));
#3532 = VECTOR('',#3533,1.);
#3533 = DIRECTION('',(0.,1.));
#3534 = ( GEOMETRIC_REPRESENTATION_CONTEXT(2) 
PARAMETRIC_REPRESENTATION_CONTEXT() REPRESENTATION_CONTEXT('2D SPACE',''
  ) );
#3535 = PCURVE('',#3536,#3541);
#3536 = PLANE('',#3537);
#3537 = AXIS2_PLACEMENT_3D('',#3538,#3539,#3540);
#3538 = CARTESIAN_POINT('',(9.,0.,0.));
#3539 = DIRECTION('',(1.,0.,0.));
#3540 = DIRECTION('',(0.,0.,1.));
#3541 = DEFINITIONAL_REPRESENTATION('',(#3542),#3546);
#3542 = LINE('',#3543,#3544);
#3543 = CARTESIAN_POINT('',(2.5,-86.));
#3544 = VECTOR('',#3545,1.);
#3545 = DIRECTION('',(0.,1.));
#3546 = ( GEOMETRIC_REPRESENTATION_CONTEXT(2) 
PARAMETRIC_REPRESENTATION_CONTEXT() REPRESENTATION_CONTEXT('2D SPACE',''
  ) );
#3547 = ORIENTED_EDGE('',*,*,#3548,.T.);
#3548 = EDGE_CURVE('',#3519,#3549,#3551,.T.);
#3549 = VERTEX_POINT('',#3550);
#3550 = CARTESIAN_POINT('',(8.5,78.,3.));
#3551 = SURFACE_CURVE('',#3552,(#3557,#3564),.PCURVE_S1.);
#3552 = CIRCLE('',#3553,0.5);
#3553 = AXIS2_PLACEMENT_3D('',#3554,#3555,#3556);
#3554 = CARTESIAN_POINT('',(8.5,78.,2.5));
#3555 = DIRECTION('',(0.,-1.,-0.));
#3556 = DIRECTION('',(1.,0.,-0.));
#3557 = PCURVE('',#954,#3558);
#3558 = DEFINITIONAL_REPRESENTATION('',(#3559),#3563);
#3559 = LINE('',#3560,#3561);
#3560 = CARTESIAN_POINT('',(0.,8.));
#3561 = VECTOR('',#3562,1.);
#3562 = DIRECTION('',(1.,0.));
#3563 = ( GEOMETRIC_REPRESENTATION_CONTEXT(2) 
PARAMETRIC_REPRESENTATION_CONTEXT() REPRESENTATION_CONTEXT('2D SPACE',''
  ) );
#3564 = PCURVE('',#3565,#3570);
#3565 = PLANE('',#3566);
#3566 = AXIS2_PLACEMENT_3D('',#3567,#3568,#3569);
#3567 = CARTESIAN_POINT('',(-9.,78.,2.));
#3568 = DIRECTION('',(0.,-1.,0.));
#3569 = DIRECTION('',(0.,0.,1.));
#3570 = DEFINITIONAL_REPRESENTATION('',(#3571),#3575);
#3571 = CIRCLE('',#3572,0.5);
#3572 = AXIS2_PLACEMENT_2D('',#3573,#3574);
#3573 = CARTESIAN_POINT('',(0.5,-17.5));
#3574 = DIRECTION('',(0.,-1.));
#3575 = ( GEOMETRIC_REPRESENTATION_CONTEXT(2) 
PARAMETRIC_REPRESENTATION_CONTEXT() REPRESENTATION_CONTEXT('2D SPACE',''
  ) );
#3576 = ORIENTED_EDGE('',*,*,#3577,.T.);
#3577 = EDGE_CURVE('',#3549,#3578,#3580,.T.);
#3578 = VERTEX_POINT('',#3579);
#3579 = CARTESIAN_POINT('',(8.5,73.,3.));
#3580 = SURFACE_CURVE('',#3581,(#3585,#3592),.PCURVE_S1.);
#3581 = LINE('',#3582,#3583);
#3582 = CARTESIAN_POINT('',(8.5,86.,3.));
#3583 = VECTOR('',#3584,1.);
#3584 = DIRECTION('',(-0.,-1.,-0.));
#3585 = PCURVE('',#954,#3586);
#3586 = DEFINITIONAL_REPRESENTATION('',(#3587),#3591);
#3587 = LINE('',#3588,#3589);
#3588 = CARTESIAN_POINT('',(1.570796326795,0.));
#3589 = VECTOR('',#3590,1.);
#3590 = DIRECTION('',(0.,1.));
#3591 = ( GEOMETRIC_REPRESENTATION_CONTEXT(2) 
PARAMETRIC_REPRESENTATION_CONTEXT() REPRESENTATION_CONTEXT('2D SPACE',''
  ) );
#3592 = PCURVE('',#3593,#3598);
#3593 = PLANE('',#3594);
#3594 = AXIS2_PLACEMENT_3D('',#3595,#3596,#3597);
#3595 = CARTESIAN_POINT('',(6.,73.,3.));
#3596 = DIRECTION('',(0.,0.,1.));
#3597 = DIRECTION('',(0.,1.,0.));
#3598 = DEFINITIONAL_REPRESENTATION('',(#3599),#3603);
#3599 = LINE('',#3600,#3601);
#3600 = CARTESIAN_POINT('',(13.,-2.5));
#3601 = VECTOR('',#3602,1.);
#3602 = DIRECTION('',(-1.,0.));
#3603 = ( GEOMETRIC_REPRESENTATION_CONTEXT(2) 
PARAMETRIC_REPRESENTATION_CONTEXT() REPRESENTATION_CONTEXT('2D SPACE',''
  ) );
#3604 = ORIENTED_EDGE('',*,*,#3605,.T.);
#3605 = EDGE_CURVE('',#3578,#3606,#3608,.T.);
#3606 = VERTEX_POINT('',#3607);
#3607 = CARTESIAN_POINT('',(8.5,72.94161984871,3.));
#3608 = SURFACE_CURVE('',#3609,(#3613,#3620),.PCURVE_S1.);
#3609 = LINE('',#3610,#3611);
#3610 = CARTESIAN_POINT('',(8.5,86.,3.));
#3611 = VECTOR('',#3612,1.);
#3612 = DIRECTION('',(-0.,-1.,-0.));
#3613 = PCURVE('',#954,#3614);
#3614 = DEFINITIONAL_REPRESENTATION('',(#3615),#3619);
#3615 = LINE('',#3616,#3617);
#3616 = CARTESIAN_POINT('',(1.570796326795,0.));
#3617 = VECTOR('',#3618,1.);
#3618 = DIRECTION('',(0.,1.));
#3619 = ( GEOMETRIC_REPRESENTATION_CONTEXT(2) 
PARAMETRIC_REPRESENTATION_CONTEXT() REPRESENTATION_CONTEXT('2D SPACE',''
  ) );
#3620 = PCURVE('',#3621,#3626);
#3621 = PLANE('',#3622);
#3622 = AXIS2_PLACEMENT_3D('',#3623,#3624,#3625);
#3623 = CARTESIAN_POINT('',(-9.,0.,3.));
#3624 = DIRECTION('',(0.,0.,1.));
#3625 = DIRECTION('',(1.,0.,0.));
#3626 = DEFINITIONAL_REPRESENTATION('',(#3627),#3631);
#3627 = LINE('',#3628,#3629);
#3628 = CARTESIAN_POINT('',(17.5,86.));
#3629 = VECTOR('',#3630,1.);
#3630 = DIRECTION('',(0.,-1.));
#3631 = ( GEOMETRIC_REPRESENTATION_CONTEXT(2) 
PARAMETRIC_REPRESENTATION_CONTEXT() REPRESENTATION_CONTEXT('2D SPACE',''
  ) );
#3632 = ORIENTED_EDGE('',*,*,#3633,.T.);
#3633 = EDGE_CURVE('',#3606,#3634,#3636,.T.);
#3634 = VERTEX_POINT('',#3635);
#3635 = CARTESIAN_POINT('',(8.5,67.05838015129,3.));
#3636 = SURFACE_CURVE('',#3637,(#3641,#3648),.PCURVE_S1.);
#3637 = LINE('',#3638,#3639);
#3638 = CARTESIAN_POINT('',(8.5,86.,3.));
#3639 = VECTOR('',#3640,1.);
#3640 = DIRECTION('',(-0.,-1.,-0.));
#3641 = PCURVE('',#954,#3642);
#3642 = DEFINITIONAL_REPRESENTATION('',(#3643),#3647);
#3643 = LINE('',#3644,#3645);
#3644 = CARTESIAN_POINT('',(1.570796326795,0.));
#3645 = VECTOR('',#3646,1.);
#3646 = DIRECTION('',(0.,1.));
#3647 = ( GEOMETRIC_REPRESENTATION_CONTEXT(2) 
PARAMETRIC_REPRESENTATION_CONTEXT() REPRESENTATION_CONTEXT('2D SPACE',''
  ) );
#3648 = PCURVE('',#3649,#3654);
#3649 = PLANE('',#3650);
#3650 = AXIS2_PLACEMENT_3D('',#3651,#3652,#3653);
#3651 = CARTESIAN_POINT('',(-9.,73.,3.));
#3652 = DIRECTION('',(-0.,0.,1.));
#3653 = DIRECTION('',(1.,0.,0.));
#3654 = DEFINITIONAL_REPRESENTATION('',(#3655),#3659);
#3655 = LINE('',#3656,#3657);
#3656 = CARTESIAN_POINT('',(17.5,13.));
#3657 = VECTOR('',#3658,1.);
#3658 = DIRECTION('',(0.,-1.));
#3659 = ( GEOMETRIC_REPRESENTATION_CONTEXT(2) 
PARAMETRIC_REPRESENTATION_CONTEXT() REPRESENTATION_CONTEXT('2D SPACE',''
  ) );
#3660 = ORIENTED_EDGE('',*,*,#3661,.T.);
#3661 = EDGE_CURVE('',#3634,#3662,#3664,.T.);
#3662 = VERTEX_POINT('',#3663);
#3663 = CARTESIAN_POINT('',(8.5,67.,3.));
#3664 = SURFACE_CURVE('',#3665,(#3669,#3676),.PCURVE_S1.);
#3665 = LINE('',#3666,#3667);
#3666 = CARTESIAN_POINT('',(8.5,86.,3.));
#3667 = VECTOR('',#3668,1.);
#3668 = DIRECTION('',(-0.,-1.,-0.));
#3669 = PCURVE('',#954,#3670);
#3670 = DEFINITIONAL_REPRESENTATION('',(#3671),#3675);
#3671 = LINE('',#3672,#3673);
#3672 = CARTESIAN_POINT('',(1.570796326795,0.));
#3673 = VECTOR('',#3674,1.);
#3674 = DIRECTION('',(0.,1.));
#3675 = ( GEOMETRIC_REPRESENTATION_CONTEXT(2) 
PARAMETRIC_REPRESENTATION_CONTEXT() REPRESENTATION_CONTEXT('2D SPACE',''
  ) );
#3676 = PCURVE('',#3677,#3682);
#3677 = PLANE('',#3678);
#3678 = AXIS2_PLACEMENT_3D('',#3679,#3680,#3681);
#3679 = CARTESIAN_POINT('',(-9.,0.,3.));
#3680 = DIRECTION('',(0.,0.,1.));
#3681 = DIRECTION('',(1.,0.,0.));
#3682 = DEFINITIONAL_REPRESENTATION('',(#3683),#3687);
#3683 = LINE('',#3684,#3685);
#3684 = CARTESIAN_POINT('',(17.5,86.));
#3685 = VECTOR('',#3686,1.);
#3686 = DIRECTION('',(0.,-1.));
#3687 = ( GEOMETRIC_REPRESENTATION_CONTEXT(2) 
PARAMETRIC_REPRESENTATION_CONTEXT() REPRESENTATION_CONTEXT('2D SPACE',''
  ) );
#3688 = ORIENTED_EDGE('',*,*,#3689,.T.);
#3689 = EDGE_CURVE('',#3662,#1175,#3690,.T.);
#3690 = SURFACE_CURVE('',#3691,(#3695,#3702),.PCURVE_S1.);
#3691 = LINE('',#3692,#3693);
#3692 = CARTESIAN_POINT('',(8.5,86.,3.));
#3693 = VECTOR('',#3694,1.);
#3694 = DIRECTION('',(-0.,-1.,-0.));
#3695 = PCURVE('',#954,#3696);
#3696 = DEFINITIONAL_REPRESENTATION('',(#3697),#3701);
#3697 = LINE('',#3698,#3699);
#3698 = CARTESIAN_POINT('',(1.570796326795,0.));
#3699 = VECTOR('',#3700,1.);
#3700 = DIRECTION('',(0.,1.));
#3701 = ( GEOMETRIC_REPRESENTATION_CONTEXT(2) 
PARAMETRIC_REPRESENTATION_CONTEXT() REPRESENTATION_CONTEXT('2D SPACE',''
  ) );
#3702 = PCURVE('',#3059,#3703);
#3703 = DEFINITIONAL_REPRESENTATION('',(#3704),#3708);
#3704 = LINE('',#3705,#3706);
#3705 = CARTESIAN_POINT('',(-19.,-2.5));
#3706 = VECTOR('',#3707,1.);
#3707 = DIRECTION('',(1.,0.));
#3708 = ( GEOMETRIC_REPRESENTATION_CONTEXT(2) 
PARAMETRIC_REPRESENTATION_CONTEXT() REPRESENTATION_CONTEXT('2D SPACE',''
  ) );
#3709 = ORIENTED_EDGE('',*,*,#1174,.T.);
#3710 = ORIENTED_EDGE('',*,*,#3711,.T.);
#3711 = EDGE_CURVE('',#1146,#939,#3712,.T.);
#3712 = SURFACE_CURVE('',#3713,(#3717,#3724),.PCURVE_S1.);
#3713 = LINE('',#3714,#3715);
#3714 = CARTESIAN_POINT('',(8.5,86.,3.));
#3715 = VECTOR('',#3716,1.);
#3716 = DIRECTION('',(-0.,-1.,-0.));
#3717 = PCURVE('',#954,#3718);
#3718 = DEFINITIONAL_REPRESENTATION('',(#3719),#3723);
#3719 = LINE('',#3720,#3721);
#3720 = CARTESIAN_POINT('',(1.570796326795,0.));
#3721 = VECTOR('',#3722,1.);
#3722 = DIRECTION('',(0.,1.));
#3723 = ( GEOMETRIC_REPRESENTATION_CONTEXT(2) 
PARAMETRIC_REPRESENTATION_CONTEXT() REPRESENTATION_CONTEXT('2D SPACE',''
  ) );
#3724 = PCURVE('',#3725,#3730);
#3725 = PLANE('',#3726);
#3726 = AXIS2_PLACEMENT_3D('',#3727,#3728,#3729);
#3727 = CARTESIAN_POINT('',(3.,43.,3.));
#3728 = DIRECTION('',(0.,0.,1.));
#3729 = DIRECTION('',(1.,0.,0.));
#3730 = DEFINITIONAL_REPRESENTATION('',(#3731),#3735);
#3731 = LINE('',#3732,#3733);
#3732 = CARTESIAN_POINT('',(5.5,43.));
#3733 = VECTOR('',#3734,1.);
#3734 = DIRECTION('',(0.,-1.));
#3735 = ( GEOMETRIC_REPRESENTATION_CONTEXT(2) 
PARAMETRIC_REPRESENTATION_CONTEXT() REPRESENTATION_CONTEXT('2D SPACE',''
  ) );
#3736 = ORIENTED_EDGE('',*,*,#938,.T.);
#3737 = ORIENTED_EDGE('',*,*,#3738,.F.);
#3738 = EDGE_CURVE('',#3521,#906,#3739,.T.);
#3739 = SURFACE_CURVE('',#3740,(#3745,#3752),.PCURVE_S1.);
#3740 = CIRCLE('',#3741,0.5);
#3741 = AXIS2_PLACEMENT_3D('',#3742,#3743,#3744);
#3742 = CARTESIAN_POINT('',(8.5,4.,2.5));
#3743 = DIRECTION('',(0.,-1.,-0.));
#3744 = DIRECTION('',(1.,0.,-0.));
#3745 = PCURVE('',#954,#3746);
#3746 = DEFINITIONAL_REPRESENTATION('',(#3747),#3751);
#3747 = LINE('',#3748,#3749);
#3748 = CARTESIAN_POINT('',(0.,82.));
#3749 = VECTOR('',#3750,1.);
#3750 = DIRECTION('',(1.,0.));
#3751 = ( GEOMETRIC_REPRESENTATION_CONTEXT(2) 
PARAMETRIC_REPRESENTATION_CONTEXT() REPRESENTATION_CONTEXT('2D SPACE',''
  ) );
#3752 = PCURVE('',#926,#3753);
#3753 = DEFINITIONAL_REPRESENTATION('',(#3754),#3758);
#3754 = LINE('',#3755,#3756);
#3755 = CARTESIAN_POINT('',(-0.,0.));
#3756 = VECTOR('',#3757,1.);
#3757 = DIRECTION('',(-0.,1.));
#3758 = ( GEOMETRIC_REPRESENTATION_CONTEXT(2) 
PARAMETRIC_REPRESENTATION_CONTEXT() REPRESENTATION_CONTEXT('2D SPACE',''
  ) );
#3759 = ADVANCED_FACE('',(#3760),#634,.T.);
#3760 = FACE_BOUND('',#3761,.F.);
#3761 = EDGE_LOOP('',(#3762,#3792,#3818,#3819,#3842));
#3762 = ORIENTED_EDGE('',*,*,#3763,.F.);
#3763 = EDGE_CURVE('',#3764,#3766,#3768,.T.);
#3764 = VERTEX_POINT('',#3765);
#3765 = CARTESIAN_POINT('',(-9.,48.,3.));
#3766 = VERTEX_POINT('',#3767);
#3767 = CARTESIAN_POINT('',(-9.,48.,5.8));
#3768 = SURFACE_CURVE('',#3769,(#3773,#3780),.PCURVE_S1.);
#3769 = LINE('',#3770,#3771);
#3770 = CARTESIAN_POINT('',(-9.,48.,3.));
#3771 = VECTOR('',#3772,1.);
#3772 = DIRECTION('',(0.,0.,1.));
#3773 = PCURVE('',#634,#3774);
#3774 = DEFINITIONAL_REPRESENTATION('',(#3775),#3779);
#3775 = LINE('',#3776,#3777);
#3776 = CARTESIAN_POINT('',(-0.,0.));
#3777 = VECTOR('',#3778,1.);
#3778 = DIRECTION('',(-0.,1.));
#3779 = ( GEOMETRIC_REPRESENTATION_CONTEXT(2) 
PARAMETRIC_REPRESENTATION_CONTEXT() REPRESENTATION_CONTEXT('2D SPACE',''
  ) );
#3780 = PCURVE('',#3781,#3786);
#3781 = PLANE('',#3782);
#3782 = AXIS2_PLACEMENT_3D('',#3783,#3784,#3785);
#3783 = CARTESIAN_POINT('',(-9.,43.,3.));
#3784 = DIRECTION('',(1.,0.,0.));
#3785 = DIRECTION('',(0.,0.,1.));
#3786 = DEFINITIONAL_REPRESENTATION('',(#3787),#3791);
#3787 = LINE('',#3788,#3789);
#3788 = CARTESIAN_POINT('',(0.,-5.));
#3789 = VECTOR('',#3790,1.);
#3790 = DIRECTION('',(1.,0.));
#3791 = ( GEOMETRIC_REPRESENTATION_CONTEXT(2) 
PARAMETRIC_REPRESENTATION_CONTEXT() REPRESENTATION_CONTEXT('2D SPACE',''
  ) );
#3792 = ORIENTED_EDGE('',*,*,#3793,.T.);
#3793 = EDGE_CURVE('',#3764,#586,#3794,.T.);
#3794 = SURFACE_CURVE('',#3795,(#3800,#3807),.PCURVE_S1.);
#3795 = CIRCLE('',#3796,1.);
#3796 = AXIS2_PLACEMENT_3D('',#3797,#3798,#3799);
#3797 = CARTESIAN_POINT('',(-8.,48.,3.));
#3798 = DIRECTION('',(-0.,-0.,-1.));
#3799 = DIRECTION('',(0.,-1.,0.));
#3800 = PCURVE('',#634,#3801);
#3801 = DEFINITIONAL_REPRESENTATION('',(#3802),#3806);
#3802 = LINE('',#3803,#3804);
#3803 = CARTESIAN_POINT('',(1.570796326795,-0.));
#3804 = VECTOR('',#3805,1.);
#3805 = DIRECTION('',(-1.,0.));
#3806 = ( GEOMETRIC_REPRESENTATION_CONTEXT(2) 
PARAMETRIC_REPRESENTATION_CONTEXT() REPRESENTATION_CONTEXT('2D SPACE',''
  ) );
#3807 = PCURVE('',#3336,#3808);
#3808 = DEFINITIONAL_REPRESENTATION('',(#3809),#3817);
#3809 = ( BOUNDED_CURVE() B_SPLINE_CURVE(2,(#3810,#3811,#3812,#3813,
#3814,#3815,#3816),.UNSPECIFIED.,.T.,.F.) B_SPLINE_CURVE_WITH_KNOTS((1,2
    ,2,2,2,1),(-2.094395102393,0.,2.094395102393,4.188790204786,
6.28318530718,8.377580409573),.UNSPECIFIED.) CURVE() 
GEOMETRIC_REPRESENTATION_ITEM() RATIONAL_B_SPLINE_CURVE((1.,0.5,1.,0.5,
1.,0.5,1.)) REPRESENTATION_ITEM('') );
#3810 = CARTESIAN_POINT('',(1.,4.));
#3811 = CARTESIAN_POINT('',(-0.732050807569,4.));
#3812 = CARTESIAN_POINT('',(0.133974596216,5.5));
#3813 = CARTESIAN_POINT('',(1.,7.));
#3814 = CARTESIAN_POINT('',(1.866025403784,5.5));
#3815 = CARTESIAN_POINT('',(2.732050807569,4.));
#3816 = CARTESIAN_POINT('',(1.,4.));
#3817 = ( GEOMETRIC_REPRESENTATION_CONTEXT(2) 
PARAMETRIC_REPRESENTATION_CONTEXT() REPRESENTATION_CONTEXT('2D SPACE',''
  ) );
#3818 = ORIENTED_EDGE('',*,*,#613,.T.);
#3819 = ORIENTED_EDGE('',*,*,#3820,.T.);
#3820 = EDGE_CURVE('',#614,#3821,#3823,.T.);
#3821 = VERTEX_POINT('',#3822);
#3822 = CARTESIAN_POINT('',(-8.,49.,5.8));
#3823 = SURFACE_CURVE('',#3824,(#3828,#3835),.PCURVE_S1.);
#3824 = LINE('',#3825,#3826);
#3825 = CARTESIAN_POINT('',(-8.,49.,3.));
#3826 = VECTOR('',#3827,1.);
#3827 = DIRECTION('',(0.,0.,1.));
#3828 = PCURVE('',#634,#3829);
#3829 = DEFINITIONAL_REPRESENTATION('',(#3830),#3834);
#3830 = LINE('',#3831,#3832);
#3831 = CARTESIAN_POINT('',(-1.570796326795,0.));
#3832 = VECTOR('',#3833,1.);
#3833 = DIRECTION('',(-0.,1.));
#3834 = ( GEOMETRIC_REPRESENTATION_CONTEXT(2) 
PARAMETRIC_REPRESENTATION_CONTEXT() REPRESENTATION_CONTEXT('2D SPACE',''
  ) );
#3835 = PCURVE('',#662,#3836);
#3836 = DEFINITIONAL_REPRESENTATION('',(#3837),#3841);
#3837 = LINE('',#3838,#3839);
#3838 = CARTESIAN_POINT('',(0.,1.));
#3839 = VECTOR('',#3840,1.);
#3840 = DIRECTION('',(1.,0.));
#3841 = ( GEOMETRIC_REPRESENTATION_CONTEXT(2) 
PARAMETRIC_REPRESENTATION_CONTEXT() REPRESENTATION_CONTEXT('2D SPACE',''
  ) );
#3842 = ORIENTED_EDGE('',*,*,#3843,.F.);
#3843 = EDGE_CURVE('',#3766,#3821,#3844,.T.);
#3844 = SURFACE_CURVE('',#3845,(#3850,#3857),.PCURVE_S1.);
#3845 = CIRCLE('',#3846,1.);
#3846 = AXIS2_PLACEMENT_3D('',#3847,#3848,#3849);
#3847 = CARTESIAN_POINT('',(-8.,48.,5.8));
#3848 = DIRECTION('',(-0.,0.,-1.));
#3849 = DIRECTION('',(-1.,0.,0.));
#3850 = PCURVE('',#634,#3851);
#3851 = DEFINITIONAL_REPRESENTATION('',(#3852),#3856);
#3852 = LINE('',#3853,#3854);
#3853 = CARTESIAN_POINT('',(-0.,2.8));
#3854 = VECTOR('',#3855,1.);
#3855 = DIRECTION('',(-1.,0.));
#3856 = ( GEOMETRIC_REPRESENTATION_CONTEXT(2) 
PARAMETRIC_REPRESENTATION_CONTEXT() REPRESENTATION_CONTEXT('2D SPACE',''
  ) );
#3857 = PCURVE('',#3858,#3863);
#3858 = TOROIDAL_SURFACE('',#3859,0.8,0.2);
#3859 = AXIS2_PLACEMENT_3D('',#3860,#3861,#3862);
#3860 = CARTESIAN_POINT('',(-8.,48.,5.8));
#3861 = DIRECTION('',(0.,0.,1.));
#3862 = DIRECTION('',(-1.,0.,0.));
#3863 = DEFINITIONAL_REPRESENTATION('',(#3864),#3868);
#3864 = LINE('',#3865,#3866);
#3865 = CARTESIAN_POINT('',(-0.,0.));
#3866 = VECTOR('',#3867,1.);
#3867 = DIRECTION('',(-1.,0.));
#3868 = ( GEOMETRIC_REPRESENTATION_CONTEXT(2) 
PARAMETRIC_REPRESENTATION_CONTEXT() REPRESENTATION_CONTEXT('2D SPACE',''
  ) );
#3869 = ADVANCED_FACE('',(#3870),#1162,.T.);
#3870 = FACE_BOUND('',#3871,.T.);
#3871 = EDGE_LOOP('',(#3872,#3902,#3924,#3925,#3948));
#3872 = ORIENTED_EDGE('',*,*,#3873,.F.);
#3873 = EDGE_CURVE('',#3874,#3876,#3878,.T.);
#3874 = VERTEX_POINT('',#3875);
#3875 = CARTESIAN_POINT('',(9.,48.,3.));
#3876 = VERTEX_POINT('',#3877);
#3877 = CARTESIAN_POINT('',(9.,48.,5.8));
#3878 = SURFACE_CURVE('',#3879,(#3883,#3890),.PCURVE_S1.);
#3879 = LINE('',#3880,#3881);
#3880 = CARTESIAN_POINT('',(9.,48.,3.));
#3881 = VECTOR('',#3882,1.);
#3882 = DIRECTION('',(0.,0.,1.));
#3883 = PCURVE('',#1162,#3884);
#3884 = DEFINITIONAL_REPRESENTATION('',(#3885),#3889);
#3885 = LINE('',#3886,#3887);
#3886 = CARTESIAN_POINT('',(0.,0.));
#3887 = VECTOR('',#3888,1.);
#3888 = DIRECTION('',(0.,1.));
#3889 = ( GEOMETRIC_REPRESENTATION_CONTEXT(2) 
PARAMETRIC_REPRESENTATION_CONTEXT() REPRESENTATION_CONTEXT('2D SPACE',''
  ) );
#3890 = PCURVE('',#3891,#3896);
#3891 = PLANE('',#3892);
#3892 = AXIS2_PLACEMENT_3D('',#3893,#3894,#3895);
#3893 = CARTESIAN_POINT('',(9.,43.,3.));
#3894 = DIRECTION('',(1.,0.,0.));
#3895 = DIRECTION('',(0.,0.,1.));
#3896 = DEFINITIONAL_REPRESENTATION('',(#3897),#3901);
#3897 = LINE('',#3898,#3899);
#3898 = CARTESIAN_POINT('',(0.,-5.));
#3899 = VECTOR('',#3900,1.);
#3900 = DIRECTION('',(1.,0.));
#3901 = ( GEOMETRIC_REPRESENTATION_CONTEXT(2) 
PARAMETRIC_REPRESENTATION_CONTEXT() REPRESENTATION_CONTEXT('2D SPACE',''
  ) );
#3902 = ORIENTED_EDGE('',*,*,#3903,.T.);
#3903 = EDGE_CURVE('',#3874,#1146,#3904,.T.);
#3904 = SURFACE_CURVE('',#3905,(#3910,#3917),.PCURVE_S1.);
#3905 = CIRCLE('',#3906,1.);
#3906 = AXIS2_PLACEMENT_3D('',#3907,#3908,#3909);
#3907 = CARTESIAN_POINT('',(8.,48.,3.));
#3908 = DIRECTION('',(0.,0.,1.));
#3909 = DIRECTION('',(0.,-1.,0.));
#3910 = PCURVE('',#1162,#3911);
#3911 = DEFINITIONAL_REPRESENTATION('',(#3912),#3916);
#3912 = LINE('',#3913,#3914);
#3913 = CARTESIAN_POINT('',(-1.570796326795,0.));
#3914 = VECTOR('',#3915,1.);
#3915 = DIRECTION('',(1.,0.));
#3916 = ( GEOMETRIC_REPRESENTATION_CONTEXT(2) 
PARAMETRIC_REPRESENTATION_CONTEXT() REPRESENTATION_CONTEXT('2D SPACE',''
  ) );
#3917 = PCURVE('',#3725,#3918);
#3918 = DEFINITIONAL_REPRESENTATION('',(#3919),#3923);
#3919 = CIRCLE('',#3920,1.);
#3920 = AXIS2_PLACEMENT_2D('',#3921,#3922);
#3921 = CARTESIAN_POINT('',(5.,5.));
#3922 = DIRECTION('',(0.,-1.));
#3923 = ( GEOMETRIC_REPRESENTATION_CONTEXT(2) 
PARAMETRIC_REPRESENTATION_CONTEXT() REPRESENTATION_CONTEXT('2D SPACE',''
  ) );
#3924 = ORIENTED_EDGE('',*,*,#1145,.T.);
#3925 = ORIENTED_EDGE('',*,*,#3926,.T.);
#3926 = EDGE_CURVE('',#1118,#3927,#3929,.T.);
#3927 = VERTEX_POINT('',#3928);
#3928 = CARTESIAN_POINT('',(8.,49.,5.8));
#3929 = SURFACE_CURVE('',#3930,(#3934,#3941),.PCURVE_S1.);
#3930 = LINE('',#3931,#3932);
#3931 = CARTESIAN_POINT('',(8.,49.,3.));
#3932 = VECTOR('',#3933,1.);
#3933 = DIRECTION('',(0.,0.,1.));
#3934 = PCURVE('',#1162,#3935);
#3935 = DEFINITIONAL_REPRESENTATION('',(#3936),#3940);
#3936 = LINE('',#3937,#3938);
#3937 = CARTESIAN_POINT('',(1.570796326795,0.));
#3938 = VECTOR('',#3939,1.);
#3939 = DIRECTION('',(0.,1.));
#3940 = ( GEOMETRIC_REPRESENTATION_CONTEXT(2) 
PARAMETRIC_REPRESENTATION_CONTEXT() REPRESENTATION_CONTEXT('2D SPACE',''
  ) );
#3941 = PCURVE('',#1133,#3942);
#3942 = DEFINITIONAL_REPRESENTATION('',(#3943),#3947);
#3943 = LINE('',#3944,#3945);
#3944 = CARTESIAN_POINT('',(0.,5.));
#3945 = VECTOR('',#3946,1.);
#3946 = DIRECTION('',(1.,0.));
#3947 = ( GEOMETRIC_REPRESENTATION_CONTEXT(2) 
PARAMETRIC_REPRESENTATION_CONTEXT() REPRESENTATION_CONTEXT('2D SPACE',''
  ) );
#3948 = ORIENTED_EDGE('',*,*,#3949,.T.);
#3949 = EDGE_CURVE('',#3927,#3876,#3950,.T.);
#3950 = SURFACE_CURVE('',#3951,(#3956,#3963),.PCURVE_S1.);
#3951 = CIRCLE('',#3952,1.);
#3952 = AXIS2_PLACEMENT_3D('',#3953,#3954,#3955);
#3953 = CARTESIAN_POINT('',(8.,48.,5.8));
#3954 = DIRECTION('',(0.,-0.,-1.));
#3955 = DIRECTION('',(0.,1.,-0.));
#3956 = PCURVE('',#1162,#3957);
#3957 = DEFINITIONAL_REPRESENTATION('',(#3958),#3962);
#3958 = LINE('',#3959,#3960);
#3959 = CARTESIAN_POINT('',(1.570796326795,2.8));
#3960 = VECTOR('',#3961,1.);
#3961 = DIRECTION('',(-1.,-0.));
#3962 = ( GEOMETRIC_REPRESENTATION_CONTEXT(2) 
PARAMETRIC_REPRESENTATION_CONTEXT() REPRESENTATION_CONTEXT('2D SPACE',''
  ) );
#3963 = PCURVE('',#3964,#3969);
#3964 = TOROIDAL_SURFACE('',#3965,0.8,0.2);
#3965 = AXIS2_PLACEMENT_3D('',#3966,#3967,#3968);
#3966 = CARTESIAN_POINT('',(8.,48.,5.8));
#3967 = DIRECTION('',(0.,0.,1.));
#3968 = DIRECTION('',(0.,1.,-0.));
#3969 = DEFINITIONAL_REPRESENTATION('',(#3970),#3974);
#3970 = LINE('',#3971,#3972);
#3971 = CARTESIAN_POINT('',(-0.,0.));
#3972 = VECTOR('',#3973,1.);
#3973 = DIRECTION('',(-1.,0.));
#3974 = ( GEOMETRIC_REPRESENTATION_CONTEXT(2) 
PARAMETRIC_REPRESENTATION_CONTEXT() REPRESENTATION_CONTEXT('2D SPACE',''
  ) );
#3975 = ADVANCED_FACE('',(#3976),#662,.T.);
#3976 = FACE_BOUND('',#3977,.T.);
#3977 = EDGE_LOOP('',(#3978,#3979,#4007,#4028));
#3978 = ORIENTED_EDGE('',*,*,#3820,.T.);
#3979 = ORIENTED_EDGE('',*,*,#3980,.T.);
#3980 = EDGE_CURVE('',#3821,#3981,#3983,.T.);
#3981 = VERTEX_POINT('',#3982);
#3982 = CARTESIAN_POINT('',(-4.,49.,5.8));
#3983 = SURFACE_CURVE('',#3984,(#3988,#3995),.PCURVE_S1.);
#3984 = LINE('',#3985,#3986);
#3985 = CARTESIAN_POINT('',(-8.,49.,5.8));
#3986 = VECTOR('',#3987,1.);
#3987 = DIRECTION('',(1.,0.,0.));
#3988 = PCURVE('',#662,#3989);
#3989 = DEFINITIONAL_REPRESENTATION('',(#3990),#3994);
#3990 = LINE('',#3991,#3992);
#3991 = CARTESIAN_POINT('',(2.8,1.));
#3992 = VECTOR('',#3993,1.);
#3993 = DIRECTION('',(0.,1.));
#3994 = ( GEOMETRIC_REPRESENTATION_CONTEXT(2) 
PARAMETRIC_REPRESENTATION_CONTEXT() REPRESENTATION_CONTEXT('2D SPACE',''
  ) );
#3995 = PCURVE('',#3996,#4001);
#3996 = CYLINDRICAL_SURFACE('',#3997,0.2);
#3997 = AXIS2_PLACEMENT_3D('',#3998,#3999,#4000);
#3998 = CARTESIAN_POINT('',(-8.,48.8,5.8));
#3999 = DIRECTION('',(1.,0.,0.));
#4000 = DIRECTION('',(-0.,1.,0.));
#4001 = DEFINITIONAL_REPRESENTATION('',(#4002),#4006);
#4002 = LINE('',#4003,#4004);
#4003 = CARTESIAN_POINT('',(0.,0.));
#4004 = VECTOR('',#4005,1.);
#4005 = DIRECTION('',(0.,1.));
#4006 = ( GEOMETRIC_REPRESENTATION_CONTEXT(2) 
PARAMETRIC_REPRESENTATION_CONTEXT() REPRESENTATION_CONTEXT('2D SPACE',''
  ) );
#4007 = ORIENTED_EDGE('',*,*,#4008,.F.);
#4008 = EDGE_CURVE('',#647,#3981,#4009,.T.);
#4009 = SURFACE_CURVE('',#4010,(#4014,#4021),.PCURVE_S1.);
#4010 = LINE('',#4011,#4012);
#4011 = CARTESIAN_POINT('',(-4.,49.,3.));
#4012 = VECTOR('',#4013,1.);
#4013 = DIRECTION('',(0.,0.,1.));
#4014 = PCURVE('',#662,#4015);
#4015 = DEFINITIONAL_REPRESENTATION('',(#4016),#4020);
#4016 = LINE('',#4017,#4018);
#4017 = CARTESIAN_POINT('',(0.,5.));
#4018 = VECTOR('',#4019,1.);
#4019 = DIRECTION('',(1.,0.));
#4020 = ( GEOMETRIC_REPRESENTATION_CONTEXT(2) 
PARAMETRIC_REPRESENTATION_CONTEXT() REPRESENTATION_CONTEXT('2D SPACE',''
  ) );
#4021 = PCURVE('',#691,#4022);
#4022 = DEFINITIONAL_REPRESENTATION('',(#4023),#4027);
#4023 = LINE('',#4024,#4025);
#4024 = CARTESIAN_POINT('',(1.570796326795,0.));
#4025 = VECTOR('',#4026,1.);
#4026 = DIRECTION('',(0.,1.));
#4027 = ( GEOMETRIC_REPRESENTATION_CONTEXT(2) 
PARAMETRIC_REPRESENTATION_CONTEXT() REPRESENTATION_CONTEXT('2D SPACE',''
  ) );
#4028 = ORIENTED_EDGE('',*,*,#646,.F.);
#4029 = ADVANCED_FACE('',(#4030),#1133,.T.);
#4030 = FACE_BOUND('',#4031,.T.);
#4031 = EDGE_LOOP('',(#4032,#4055,#4081,#4082));
#4032 = ORIENTED_EDGE('',*,*,#4033,.T.);
#4033 = EDGE_CURVE('',#1085,#4034,#4036,.T.);
#4034 = VERTEX_POINT('',#4035);
#4035 = CARTESIAN_POINT('',(4.,49.,5.8));
#4036 = SURFACE_CURVE('',#4037,(#4041,#4048),.PCURVE_S1.);
#4037 = LINE('',#4038,#4039);
#4038 = CARTESIAN_POINT('',(4.,49.,3.));
#4039 = VECTOR('',#4040,1.);
#4040 = DIRECTION('',(0.,0.,1.));
#4041 = PCURVE('',#1133,#4042);
#4042 = DEFINITIONAL_REPRESENTATION('',(#4043),#4047);
#4043 = LINE('',#4044,#4045);
#4044 = CARTESIAN_POINT('',(0.,1.));
#4045 = VECTOR('',#4046,1.);
#4046 = DIRECTION('',(1.,0.));
#4047 = ( GEOMETRIC_REPRESENTATION_CONTEXT(2) 
PARAMETRIC_REPRESENTATION_CONTEXT() REPRESENTATION_CONTEXT('2D SPACE',''
  ) );
#4048 = PCURVE('',#1105,#4049);
#4049 = DEFINITIONAL_REPRESENTATION('',(#4050),#4054);
#4050 = LINE('',#4051,#4052);
#4051 = CARTESIAN_POINT('',(-1.570796326795,0.));
#4052 = VECTOR('',#4053,1.);
#4053 = DIRECTION('',(-0.,1.));
#4054 = ( GEOMETRIC_REPRESENTATION_CONTEXT(2) 
PARAMETRIC_REPRESENTATION_CONTEXT() REPRESENTATION_CONTEXT('2D SPACE',''
  ) );
#4055 = ORIENTED_EDGE('',*,*,#4056,.T.);
#4056 = EDGE_CURVE('',#4034,#3927,#4057,.T.);
#4057 = SURFACE_CURVE('',#4058,(#4062,#4069),.PCURVE_S1.);
#4058 = LINE('',#4059,#4060);
#4059 = CARTESIAN_POINT('',(4.,49.,5.8));
#4060 = VECTOR('',#4061,1.);
#4061 = DIRECTION('',(1.,0.,0.));
#4062 = PCURVE('',#1133,#4063);
#4063 = DEFINITIONAL_REPRESENTATION('',(#4064),#4068);
#4064 = LINE('',#4065,#4066);
#4065 = CARTESIAN_POINT('',(2.8,1.));
#4066 = VECTOR('',#4067,1.);
#4067 = DIRECTION('',(0.,1.));
#4068 = ( GEOMETRIC_REPRESENTATION_CONTEXT(2) 
PARAMETRIC_REPRESENTATION_CONTEXT() REPRESENTATION_CONTEXT('2D SPACE',''
  ) );
#4069 = PCURVE('',#4070,#4075);
#4070 = CYLINDRICAL_SURFACE('',#4071,0.2);
#4071 = AXIS2_PLACEMENT_3D('',#4072,#4073,#4074);
#4072 = CARTESIAN_POINT('',(4.,48.8,5.8));
#4073 = DIRECTION('',(1.,0.,0.));
#4074 = DIRECTION('',(-0.,1.,0.));
#4075 = DEFINITIONAL_REPRESENTATION('',(#4076),#4080);
#4076 = LINE('',#4077,#4078);
#4077 = CARTESIAN_POINT('',(0.,0.));
#4078 = VECTOR('',#4079,1.);
#4079 = DIRECTION('',(0.,1.));
#4080 = ( GEOMETRIC_REPRESENTATION_CONTEXT(2) 
PARAMETRIC_REPRESENTATION_CONTEXT() REPRESENTATION_CONTEXT('2D SPACE',''
  ) );
#4081 = ORIENTED_EDGE('',*,*,#3926,.F.);
#4082 = ORIENTED_EDGE('',*,*,#1117,.F.);
#4083 = ADVANCED_FACE('',(#4084),#691,.T.);
#4084 = FACE_BOUND('',#4085,.T.);
#4085 = EDGE_LOOP('',(#4086,#4109,#4110,#4111));
#4086 = ORIENTED_EDGE('',*,*,#4087,.F.);
#4087 = EDGE_CURVE('',#675,#4088,#4090,.T.);
#4088 = VERTEX_POINT('',#4089);
#4089 = CARTESIAN_POINT('',(-3.,48.,5.8));
#4090 = SURFACE_CURVE('',#4091,(#4095,#4102),.PCURVE_S1.);
#4091 = LINE('',#4092,#4093);
#4092 = CARTESIAN_POINT('',(-3.,48.,3.));
#4093 = VECTOR('',#4094,1.);
#4094 = DIRECTION('',(0.,0.,1.));
#4095 = PCURVE('',#691,#4096);
#4096 = DEFINITIONAL_REPRESENTATION('',(#4097),#4101);
#4097 = LINE('',#4098,#4099);
#4098 = CARTESIAN_POINT('',(0.,0.));
#4099 = VECTOR('',#4100,1.);
#4100 = DIRECTION('',(0.,1.));
#4101 = ( GEOMETRIC_REPRESENTATION_CONTEXT(2) 
PARAMETRIC_REPRESENTATION_CONTEXT() REPRESENTATION_CONTEXT('2D SPACE',''
  ) );
#4102 = PCURVE('',#719,#4103);
#4103 = DEFINITIONAL_REPRESENTATION('',(#4104),#4108);
#4104 = LINE('',#4105,#4106);
#4105 = CARTESIAN_POINT('',(0.,-5.));
#4106 = VECTOR('',#4107,1.);
#4107 = DIRECTION('',(1.,0.));
#4108 = ( GEOMETRIC_REPRESENTATION_CONTEXT(2) 
PARAMETRIC_REPRESENTATION_CONTEXT() REPRESENTATION_CONTEXT('2D SPACE',''
  ) );
#4109 = ORIENTED_EDGE('',*,*,#674,.T.);
#4110 = ORIENTED_EDGE('',*,*,#4008,.T.);
#4111 = ORIENTED_EDGE('',*,*,#4112,.T.);
#4112 = EDGE_CURVE('',#3981,#4088,#4113,.T.);
#4113 = SURFACE_CURVE('',#4114,(#4119,#4126),.PCURVE_S1.);
#4114 = CIRCLE('',#4115,1.);
#4115 = AXIS2_PLACEMENT_3D('',#4116,#4117,#4118);
#4116 = CARTESIAN_POINT('',(-4.,48.,5.8));
#4117 = DIRECTION('',(0.,-0.,-1.));
#4118 = DIRECTION('',(0.,1.,-0.));
#4119 = PCURVE('',#691,#4120);
#4120 = DEFINITIONAL_REPRESENTATION('',(#4121),#4125);
#4121 = LINE('',#4122,#4123);
#4122 = CARTESIAN_POINT('',(1.570796326795,2.8));
#4123 = VECTOR('',#4124,1.);
#4124 = DIRECTION('',(-1.,-0.));
#4125 = ( GEOMETRIC_REPRESENTATION_CONTEXT(2) 
PARAMETRIC_REPRESENTATION_CONTEXT() REPRESENTATION_CONTEXT('2D SPACE',''
  ) );
#4126 = PCURVE('',#4127,#4132);
#4127 = TOROIDAL_SURFACE('',#4128,0.8,0.2);
#4128 = AXIS2_PLACEMENT_3D('',#4129,#4130,#4131);
#4129 = CARTESIAN_POINT('',(-4.,48.,5.8));
#4130 = DIRECTION('',(0.,0.,1.));
#4131 = DIRECTION('',(0.,1.,-0.));
#4132 = DEFINITIONAL_REPRESENTATION('',(#4133),#4137);
#4133 = LINE('',#4134,#4135);
#4134 = CARTESIAN_POINT('',(-0.,0.));
#4135 = VECTOR('',#4136,1.);
#4136 = DIRECTION('',(-1.,0.));
#4137 = ( GEOMETRIC_REPRESENTATION_CONTEXT(2) 
PARAMETRIC_REPRESENTATION_CONTEXT() REPRESENTATION_CONTEXT('2D SPACE',''
  ) );
#4138 = ADVANCED_FACE('',(#4139),#1105,.T.);
#4139 = FACE_BOUND('',#4140,.F.);
#4140 = EDGE_LOOP('',(#4141,#4164,#4165,#4166));
#4141 = ORIENTED_EDGE('',*,*,#4142,.F.);
#4142 = EDGE_CURVE('',#1057,#4143,#4145,.T.);
#4143 = VERTEX_POINT('',#4144);
#4144 = CARTESIAN_POINT('',(3.,48.,5.8));
#4145 = SURFACE_CURVE('',#4146,(#4150,#4157),.PCURVE_S1.);
#4146 = LINE('',#4147,#4148);
#4147 = CARTESIAN_POINT('',(3.,48.,3.));
#4148 = VECTOR('',#4149,1.);
#4149 = DIRECTION('',(0.,0.,1.));
#4150 = PCURVE('',#1105,#4151);
#4151 = DEFINITIONAL_REPRESENTATION('',(#4152),#4156);
#4152 = LINE('',#4153,#4154);
#4153 = CARTESIAN_POINT('',(-0.,0.));
#4154 = VECTOR('',#4155,1.);
#4155 = DIRECTION('',(-0.,1.));
#4156 = ( GEOMETRIC_REPRESENTATION_CONTEXT(2) 
PARAMETRIC_REPRESENTATION_CONTEXT() REPRESENTATION_CONTEXT('2D SPACE',''
  ) );
#4157 = PCURVE('',#1072,#4158);
#4158 = DEFINITIONAL_REPRESENTATION('',(#4159),#4163);
#4159 = LINE('',#4160,#4161);
#4160 = CARTESIAN_POINT('',(0.,-5.));
#4161 = VECTOR('',#4162,1.);
#4162 = DIRECTION('',(1.,0.));
#4163 = ( GEOMETRIC_REPRESENTATION_CONTEXT(2) 
PARAMETRIC_REPRESENTATION_CONTEXT() REPRESENTATION_CONTEXT('2D SPACE',''
  ) );
#4164 = ORIENTED_EDGE('',*,*,#1084,.T.);
#4165 = ORIENTED_EDGE('',*,*,#4033,.T.);
#4166 = ORIENTED_EDGE('',*,*,#4167,.F.);
#4167 = EDGE_CURVE('',#4143,#4034,#4168,.T.);
#4168 = SURFACE_CURVE('',#4169,(#4174,#4181),.PCURVE_S1.);
#4169 = CIRCLE('',#4170,1.);
#4170 = AXIS2_PLACEMENT_3D('',#4171,#4172,#4173);
#4171 = CARTESIAN_POINT('',(4.,48.,5.8));
#4172 = DIRECTION('',(-0.,0.,-1.));
#4173 = DIRECTION('',(-1.,0.,0.));
#4174 = PCURVE('',#1105,#4175);
#4175 = DEFINITIONAL_REPRESENTATION('',(#4176),#4180);
#4176 = LINE('',#4177,#4178);
#4177 = CARTESIAN_POINT('',(-0.,2.8));
#4178 = VECTOR('',#4179,1.);
#4179 = DIRECTION('',(-1.,0.));
#4180 = ( GEOMETRIC_REPRESENTATION_CONTEXT(2) 
PARAMETRIC_REPRESENTATION_CONTEXT() REPRESENTATION_CONTEXT('2D SPACE',''
  ) );
#4181 = PCURVE('',#4182,#4187);
#4182 = TOROIDAL_SURFACE('',#4183,0.8,0.2);
#4183 = AXIS2_PLACEMENT_3D('',#4184,#4185,#4186);
#4184 = CARTESIAN_POINT('',(4.,48.,5.8));
#4185 = DIRECTION('',(0.,0.,1.));
#4186 = DIRECTION('',(-1.,0.,0.));
#4187 = DEFINITIONAL_REPRESENTATION('',(#4188),#4192);
#4188 = LINE('',#4189,#4190);
#4189 = CARTESIAN_POINT('',(-0.,0.));
#4190 = VECTOR('',#4191,1.);
#4191 = DIRECTION('',(-1.,0.));
#4192 = ( GEOMETRIC_REPRESENTATION_CONTEXT(2) 
PARAMETRIC_REPRESENTATION_CONTEXT() REPRESENTATION_CONTEXT('2D SPACE',''
  ) );
#4193 = ADVANCED_FACE('',(#4194),#719,.T.);
#4194 = FACE_BOUND('',#4195,.T.);
#4195 = EDGE_LOOP('',(#4196,#4219,#4220,#4221));
#4196 = ORIENTED_EDGE('',*,*,#4197,.F.);
#4197 = EDGE_CURVE('',#704,#4198,#4200,.T.);
#4198 = VERTEX_POINT('',#4199);
#4199 = CARTESIAN_POINT('',(-3.,44.,5.8));
#4200 = SURFACE_CURVE('',#4201,(#4205,#4212),.PCURVE_S1.);
#4201 = LINE('',#4202,#4203);
#4202 = CARTESIAN_POINT('',(-3.,44.,3.));
#4203 = VECTOR('',#4204,1.);
#4204 = DIRECTION('',(0.,0.,1.));
#4205 = PCURVE('',#719,#4206);
#4206 = DEFINITIONAL_REPRESENTATION('',(#4207),#4211);
#4207 = LINE('',#4208,#4209);
#4208 = CARTESIAN_POINT('',(0.,-1.));
#4209 = VECTOR('',#4210,1.);
#4210 = DIRECTION('',(1.,0.));
#4211 = ( GEOMETRIC_REPRESENTATION_CONTEXT(2) 
PARAMETRIC_REPRESENTATION_CONTEXT() REPRESENTATION_CONTEXT('2D SPACE',''
  ) );
#4212 = PCURVE('',#752,#4213);
#4213 = DEFINITIONAL_REPRESENTATION('',(#4214),#4218);
#4214 = LINE('',#4215,#4216);
#4215 = CARTESIAN_POINT('',(-0.,0.));
#4216 = VECTOR('',#4217,1.);
#4217 = DIRECTION('',(-0.,1.));
#4218 = ( GEOMETRIC_REPRESENTATION_CONTEXT(2) 
PARAMETRIC_REPRESENTATION_CONTEXT() REPRESENTATION_CONTEXT('2D SPACE',''
  ) );
#4219 = ORIENTED_EDGE('',*,*,#703,.T.);
#4220 = ORIENTED_EDGE('',*,*,#4087,.T.);
#4221 = ORIENTED_EDGE('',*,*,#4222,.T.);
#4222 = EDGE_CURVE('',#4088,#4198,#4223,.T.);
#4223 = SURFACE_CURVE('',#4224,(#4228,#4235),.PCURVE_S1.);
#4224 = LINE('',#4225,#4226);
#4225 = CARTESIAN_POINT('',(-3.,48.,5.8));
#4226 = VECTOR('',#4227,1.);
#4227 = DIRECTION('',(-0.,-1.,-0.));
#4228 = PCURVE('',#719,#4229);
#4229 = DEFINITIONAL_REPRESENTATION('',(#4230),#4234);
#4230 = LINE('',#4231,#4232);
#4231 = CARTESIAN_POINT('',(2.8,-5.));
#4232 = VECTOR('',#4233,1.);
#4233 = DIRECTION('',(0.,1.));
#4234 = ( GEOMETRIC_REPRESENTATION_CONTEXT(2) 
PARAMETRIC_REPRESENTATION_CONTEXT() REPRESENTATION_CONTEXT('2D SPACE',''
  ) );
#4235 = PCURVE('',#4236,#4241);
#4236 = CYLINDRICAL_SURFACE('',#4237,0.2);
#4237 = AXIS2_PLACEMENT_3D('',#4238,#4239,#4240);
#4238 = CARTESIAN_POINT('',(-3.2,48.,5.8));
#4239 = DIRECTION('',(-0.,-1.,-0.));
#4240 = DIRECTION('',(1.,0.,-0.));
#4241 = DEFINITIONAL_REPRESENTATION('',(#4242),#4246);
#4242 = LINE('',#4243,#4244);
#4243 = CARTESIAN_POINT('',(0.,0.));
#4244 = VECTOR('',#4245,1.);
#4245 = DIRECTION('',(0.,1.));
#4246 = ( GEOMETRIC_REPRESENTATION_CONTEXT(2) 
PARAMETRIC_REPRESENTATION_CONTEXT() REPRESENTATION_CONTEXT('2D SPACE',''
  ) );
#4247 = ADVANCED_FACE('',(#4248),#1072,.F.);
#4248 = FACE_BOUND('',#4249,.F.);
#4249 = EDGE_LOOP('',(#4250,#4273,#4274,#4275));
#4250 = ORIENTED_EDGE('',*,*,#4251,.F.);
#4251 = EDGE_CURVE('',#1028,#4252,#4254,.T.);
#4252 = VERTEX_POINT('',#4253);
#4253 = CARTESIAN_POINT('',(3.,44.,5.8));
#4254 = SURFACE_CURVE('',#4255,(#4259,#4266),.PCURVE_S1.);
#4255 = LINE('',#4256,#4257);
#4256 = CARTESIAN_POINT('',(3.,44.,3.));
#4257 = VECTOR('',#4258,1.);
#4258 = DIRECTION('',(0.,0.,1.));
#4259 = PCURVE('',#1072,#4260);
#4260 = DEFINITIONAL_REPRESENTATION('',(#4261),#4265);
#4261 = LINE('',#4262,#4263);
#4262 = CARTESIAN_POINT('',(0.,-1.));
#4263 = VECTOR('',#4264,1.);
#4264 = DIRECTION('',(1.,0.));
#4265 = ( GEOMETRIC_REPRESENTATION_CONTEXT(2) 
PARAMETRIC_REPRESENTATION_CONTEXT() REPRESENTATION_CONTEXT('2D SPACE',''
  ) );
#4266 = PCURVE('',#1044,#4267);
#4267 = DEFINITIONAL_REPRESENTATION('',(#4268),#4272);
#4268 = LINE('',#4269,#4270);
#4269 = CARTESIAN_POINT('',(0.,0.));
#4270 = VECTOR('',#4271,1.);
#4271 = DIRECTION('',(0.,1.));
#4272 = ( GEOMETRIC_REPRESENTATION_CONTEXT(2) 
PARAMETRIC_REPRESENTATION_CONTEXT() REPRESENTATION_CONTEXT('2D SPACE',''
  ) );
#4273 = ORIENTED_EDGE('',*,*,#1056,.T.);
#4274 = ORIENTED_EDGE('',*,*,#4142,.T.);
#4275 = ORIENTED_EDGE('',*,*,#4276,.F.);
#4276 = EDGE_CURVE('',#4252,#4143,#4277,.T.);
#4277 = SURFACE_CURVE('',#4278,(#4282,#4289),.PCURVE_S1.);
#4278 = LINE('',#4279,#4280);
#4279 = CARTESIAN_POINT('',(3.,44.,5.8));
#4280 = VECTOR('',#4281,1.);
#4281 = DIRECTION('',(0.,1.,0.));
#4282 = PCURVE('',#1072,#4283);
#4283 = DEFINITIONAL_REPRESENTATION('',(#4284),#4288);
#4284 = LINE('',#4285,#4286);
#4285 = CARTESIAN_POINT('',(2.8,-1.));
#4286 = VECTOR('',#4287,1.);
#4287 = DIRECTION('',(0.,-1.));
#4288 = ( GEOMETRIC_REPRESENTATION_CONTEXT(2) 
PARAMETRIC_REPRESENTATION_CONTEXT() REPRESENTATION_CONTEXT('2D SPACE',''
  ) );
#4289 = PCURVE('',#4290,#4295);
#4290 = CYLINDRICAL_SURFACE('',#4291,0.2);
#4291 = AXIS2_PLACEMENT_3D('',#4292,#4293,#4294);
#4292 = CARTESIAN_POINT('',(3.2,44.,5.8));
#4293 = DIRECTION('',(0.,1.,0.));
#4294 = DIRECTION('',(-1.,0.,0.));
#4295 = DEFINITIONAL_REPRESENTATION('',(#4296),#4300);
#4296 = LINE('',#4297,#4298);
#4297 = CARTESIAN_POINT('',(0.,0.));
#4298 = VECTOR('',#4299,1.);
#4299 = DIRECTION('',(0.,1.));
#4300 = ( GEOMETRIC_REPRESENTATION_CONTEXT(2) 
PARAMETRIC_REPRESENTATION_CONTEXT() REPRESENTATION_CONTEXT('2D SPACE',''
  ) );
#4301 = ADVANCED_FACE('',(#4302),#752,.T.);
#4302 = FACE_BOUND('',#4303,.F.);
#4303 = EDGE_LOOP('',(#4304,#4305,#4306,#4329));
#4304 = ORIENTED_EDGE('',*,*,#4197,.F.);
#4305 = ORIENTED_EDGE('',*,*,#731,.T.);
#4306 = ORIENTED_EDGE('',*,*,#4307,.T.);
#4307 = EDGE_CURVE('',#732,#4308,#4310,.T.);
#4308 = VERTEX_POINT('',#4309);
#4309 = CARTESIAN_POINT('',(-4.,43.,5.8));
#4310 = SURFACE_CURVE('',#4311,(#4315,#4322),.PCURVE_S1.);
#4311 = LINE('',#4312,#4313);
#4312 = CARTESIAN_POINT('',(-4.,43.,3.));
#4313 = VECTOR('',#4314,1.);
#4314 = DIRECTION('',(0.,0.,1.));
#4315 = PCURVE('',#752,#4316);
#4316 = DEFINITIONAL_REPRESENTATION('',(#4317),#4321);
#4317 = LINE('',#4318,#4319);
#4318 = CARTESIAN_POINT('',(-1.570796326795,0.));
#4319 = VECTOR('',#4320,1.);
#4320 = DIRECTION('',(-0.,1.));
#4321 = ( GEOMETRIC_REPRESENTATION_CONTEXT(2) 
PARAMETRIC_REPRESENTATION_CONTEXT() REPRESENTATION_CONTEXT('2D SPACE',''
  ) );
#4322 = PCURVE('',#780,#4323);
#4323 = DEFINITIONAL_REPRESENTATION('',(#4324),#4328);
#4324 = LINE('',#4325,#4326);
#4325 = CARTESIAN_POINT('',(0.,5.));
#4326 = VECTOR('',#4327,1.);
#4327 = DIRECTION('',(1.,0.));
#4328 = ( GEOMETRIC_REPRESENTATION_CONTEXT(2) 
PARAMETRIC_REPRESENTATION_CONTEXT() REPRESENTATION_CONTEXT('2D SPACE',''
  ) );
#4329 = ORIENTED_EDGE('',*,*,#4330,.F.);
#4330 = EDGE_CURVE('',#4198,#4308,#4331,.T.);
#4331 = SURFACE_CURVE('',#4332,(#4337,#4344),.PCURVE_S1.);
#4332 = CIRCLE('',#4333,1.);
#4333 = AXIS2_PLACEMENT_3D('',#4334,#4335,#4336);
#4334 = CARTESIAN_POINT('',(-4.,44.,5.8));
#4335 = DIRECTION('',(0.,-0.,-1.));
#4336 = DIRECTION('',(1.,0.,-0.));
#4337 = PCURVE('',#752,#4338);
#4338 = DEFINITIONAL_REPRESENTATION('',(#4339),#4343);
#4339 = LINE('',#4340,#4341);
#4340 = CARTESIAN_POINT('',(-0.,2.8));
#4341 = VECTOR('',#4342,1.);
#4342 = DIRECTION('',(-1.,0.));
#4343 = ( GEOMETRIC_REPRESENTATION_CONTEXT(2) 
PARAMETRIC_REPRESENTATION_CONTEXT() REPRESENTATION_CONTEXT('2D SPACE',''
  ) );
#4344 = PCURVE('',#4345,#4350);
#4345 = TOROIDAL_SURFACE('',#4346,0.8,0.2);
#4346 = AXIS2_PLACEMENT_3D('',#4347,#4348,#4349);
#4347 = CARTESIAN_POINT('',(-4.,44.,5.8));
#4348 = DIRECTION('',(0.,0.,1.));
#4349 = DIRECTION('',(1.,0.,-0.));
#4350 = DEFINITIONAL_REPRESENTATION('',(#4351),#4355);
#4351 = LINE('',#4352,#4353);
#4352 = CARTESIAN_POINT('',(-0.,0.));
#4353 = VECTOR('',#4354,1.);
#4354 = DIRECTION('',(-1.,0.));
#4355 = ( GEOMETRIC_REPRESENTATION_CONTEXT(2) 
PARAMETRIC_REPRESENTATION_CONTEXT() REPRESENTATION_CONTEXT('2D SPACE',''
  ) );
#4356 = ADVANCED_FACE('',(#4357),#1044,.T.);
#4357 = FACE_BOUND('',#4358,.T.);
#4358 = EDGE_LOOP('',(#4359,#4360,#4361,#4384));
#4359 = ORIENTED_EDGE('',*,*,#4251,.F.);
#4360 = ORIENTED_EDGE('',*,*,#1027,.T.);
#4361 = ORIENTED_EDGE('',*,*,#4362,.T.);
#4362 = EDGE_CURVE('',#1000,#4363,#4365,.T.);
#4363 = VERTEX_POINT('',#4364);
#4364 = CARTESIAN_POINT('',(4.,43.,5.8));
#4365 = SURFACE_CURVE('',#4366,(#4370,#4377),.PCURVE_S1.);
#4366 = LINE('',#4367,#4368);
#4367 = CARTESIAN_POINT('',(4.,43.,3.));
#4368 = VECTOR('',#4369,1.);
#4369 = DIRECTION('',(0.,0.,1.));
#4370 = PCURVE('',#1044,#4371);
#4371 = DEFINITIONAL_REPRESENTATION('',(#4372),#4376);
#4372 = LINE('',#4373,#4374);
#4373 = CARTESIAN_POINT('',(1.570796326795,0.));
#4374 = VECTOR('',#4375,1.);
#4375 = DIRECTION('',(0.,1.));
#4376 = ( GEOMETRIC_REPRESENTATION_CONTEXT(2) 
PARAMETRIC_REPRESENTATION_CONTEXT() REPRESENTATION_CONTEXT('2D SPACE',''
  ) );
#4377 = PCURVE('',#1015,#4378);
#4378 = DEFINITIONAL_REPRESENTATION('',(#4379),#4383);
#4379 = LINE('',#4380,#4381);
#4380 = CARTESIAN_POINT('',(0.,1.));
#4381 = VECTOR('',#4382,1.);
#4382 = DIRECTION('',(1.,0.));
#4383 = ( GEOMETRIC_REPRESENTATION_CONTEXT(2) 
PARAMETRIC_REPRESENTATION_CONTEXT() REPRESENTATION_CONTEXT('2D SPACE',''
  ) );
#4384 = ORIENTED_EDGE('',*,*,#4385,.T.);
#4385 = EDGE_CURVE('',#4363,#4252,#4386,.T.);
#4386 = SURFACE_CURVE('',#4387,(#4392,#4399),.PCURVE_S1.);
#4387 = CIRCLE('',#4388,1.);
#4388 = AXIS2_PLACEMENT_3D('',#4389,#4390,#4391);
#4389 = CARTESIAN_POINT('',(4.,44.,5.8));
#4390 = DIRECTION('',(-0.,0.,-1.));
#4391 = DIRECTION('',(-4.440892098501E-16,-1.,0.));
#4392 = PCURVE('',#1044,#4393);
#4393 = DEFINITIONAL_REPRESENTATION('',(#4394),#4398);
#4394 = LINE('',#4395,#4396);
#4395 = CARTESIAN_POINT('',(1.570796326795,2.8));
#4396 = VECTOR('',#4397,1.);
#4397 = DIRECTION('',(-1.,-0.));
#4398 = ( GEOMETRIC_REPRESENTATION_CONTEXT(2) 
PARAMETRIC_REPRESENTATION_CONTEXT() REPRESENTATION_CONTEXT('2D SPACE',''
  ) );
#4399 = PCURVE('',#4400,#4405);
#4400 = TOROIDAL_SURFACE('',#4401,0.8,0.2);
#4401 = AXIS2_PLACEMENT_3D('',#4402,#4403,#4404);
#4402 = CARTESIAN_POINT('',(4.,44.,5.8));
#4403 = DIRECTION('',(0.,0.,1.));
#4404 = DIRECTION('',(-4.440892098501E-16,-1.,0.));
#4405 = DEFINITIONAL_REPRESENTATION('',(#4406),#4410);
#4406 = LINE('',#4407,#4408);
#4407 = CARTESIAN_POINT('',(-0.,0.));
#4408 = VECTOR('',#4409,1.);
#4409 = DIRECTION('',(-1.,0.));
#4410 = ( GEOMETRIC_REPRESENTATION_CONTEXT(2) 
PARAMETRIC_REPRESENTATION_CONTEXT() REPRESENTATION_CONTEXT('2D SPACE',''
  ) );
#4411 = ADVANCED_FACE('',(#4412),#780,.F.);
#4412 = FACE_BOUND('',#4413,.F.);
#4413 = EDGE_LOOP('',(#4414,#4437,#4463,#4464));
#4414 = ORIENTED_EDGE('',*,*,#4415,.T.);
#4415 = EDGE_CURVE('',#765,#4416,#4418,.T.);
#4416 = VERTEX_POINT('',#4417);
#4417 = CARTESIAN_POINT('',(-8.,43.,5.8));
#4418 = SURFACE_CURVE('',#4419,(#4423,#4430),.PCURVE_S1.);
#4419 = LINE('',#4420,#4421);
#4420 = CARTESIAN_POINT('',(-8.,43.,3.));
#4421 = VECTOR('',#4422,1.);
#4422 = DIRECTION('',(0.,0.,1.));
#4423 = PCURVE('',#780,#4424);
#4424 = DEFINITIONAL_REPRESENTATION('',(#4425),#4429);
#4425 = LINE('',#4426,#4427);
#4426 = CARTESIAN_POINT('',(0.,1.));
#4427 = VECTOR('',#4428,1.);
#4428 = DIRECTION('',(1.,0.));
#4429 = ( GEOMETRIC_REPRESENTATION_CONTEXT(2) 
PARAMETRIC_REPRESENTATION_CONTEXT() REPRESENTATION_CONTEXT('2D SPACE',''
  ) );
#4430 = PCURVE('',#809,#4431);
#4431 = DEFINITIONAL_REPRESENTATION('',(#4432),#4436);
#4432 = LINE('',#4433,#4434);
#4433 = CARTESIAN_POINT('',(1.570796326795,0.));
#4434 = VECTOR('',#4435,1.);
#4435 = DIRECTION('',(0.,1.));
#4436 = ( GEOMETRIC_REPRESENTATION_CONTEXT(2) 
PARAMETRIC_REPRESENTATION_CONTEXT() REPRESENTATION_CONTEXT('2D SPACE',''
  ) );
#4437 = ORIENTED_EDGE('',*,*,#4438,.F.);
#4438 = EDGE_CURVE('',#4308,#4416,#4439,.T.);
#4439 = SURFACE_CURVE('',#4440,(#4444,#4451),.PCURVE_S1.);
#4440 = LINE('',#4441,#4442);
#4441 = CARTESIAN_POINT('',(-4.,43.,5.8));
#4442 = VECTOR('',#4443,1.);
#4443 = DIRECTION('',(-1.,-0.,-0.));
#4444 = PCURVE('',#780,#4445);
#4445 = DEFINITIONAL_REPRESENTATION('',(#4446),#4450);
#4446 = LINE('',#4447,#4448);
#4447 = CARTESIAN_POINT('',(2.8,5.));
#4448 = VECTOR('',#4449,1.);
#4449 = DIRECTION('',(0.,-1.));
#4450 = ( GEOMETRIC_REPRESENTATION_CONTEXT(2) 
PARAMETRIC_REPRESENTATION_CONTEXT() REPRESENTATION_CONTEXT('2D SPACE',''
  ) );
#4451 = PCURVE('',#4452,#4457);
#4452 = CYLINDRICAL_SURFACE('',#4453,0.2);
#4453 = AXIS2_PLACEMENT_3D('',#4454,#4455,#4456);
#4454 = CARTESIAN_POINT('',(-4.,43.2,5.8));
#4455 = DIRECTION('',(-1.,-0.,-0.));
#4456 = DIRECTION('',(0.,-1.,0.));
#4457 = DEFINITIONAL_REPRESENTATION('',(#4458),#4462);
#4458 = LINE('',#4459,#4460);
#4459 = CARTESIAN_POINT('',(0.,0.));
#4460 = VECTOR('',#4461,1.);
#4461 = DIRECTION('',(0.,1.));
#4462 = ( GEOMETRIC_REPRESENTATION_CONTEXT(2) 
PARAMETRIC_REPRESENTATION_CONTEXT() REPRESENTATION_CONTEXT('2D SPACE',''
  ) );
#4463 = ORIENTED_EDGE('',*,*,#4307,.F.);
#4464 = ORIENTED_EDGE('',*,*,#764,.F.);
#4465 = ADVANCED_FACE('',(#4466),#1015,.F.);
#4466 = FACE_BOUND('',#4467,.F.);
#4467 = EDGE_LOOP('',(#4468,#4469,#4497,#4518));
#4468 = ORIENTED_EDGE('',*,*,#4362,.T.);
#4469 = ORIENTED_EDGE('',*,*,#4470,.F.);
#4470 = EDGE_CURVE('',#4471,#4363,#4473,.T.);
#4471 = VERTEX_POINT('',#4472);
#4472 = CARTESIAN_POINT('',(8.,43.,5.8));
#4473 = SURFACE_CURVE('',#4474,(#4478,#4485),.PCURVE_S1.);
#4474 = LINE('',#4475,#4476);
#4475 = CARTESIAN_POINT('',(8.,43.,5.8));
#4476 = VECTOR('',#4477,1.);
#4477 = DIRECTION('',(-1.,-0.,-0.));
#4478 = PCURVE('',#1015,#4479);
#4479 = DEFINITIONAL_REPRESENTATION('',(#4480),#4484);
#4480 = LINE('',#4481,#4482);
#4481 = CARTESIAN_POINT('',(2.8,5.));
#4482 = VECTOR('',#4483,1.);
#4483 = DIRECTION('',(0.,-1.));
#4484 = ( GEOMETRIC_REPRESENTATION_CONTEXT(2) 
PARAMETRIC_REPRESENTATION_CONTEXT() REPRESENTATION_CONTEXT('2D SPACE',''
  ) );
#4485 = PCURVE('',#4486,#4491);
#4486 = CYLINDRICAL_SURFACE('',#4487,0.2);
#4487 = AXIS2_PLACEMENT_3D('',#4488,#4489,#4490);
#4488 = CARTESIAN_POINT('',(8.,43.2,5.8));
#4489 = DIRECTION('',(-1.,-0.,-0.));
#4490 = DIRECTION('',(0.,-1.,0.));
#4491 = DEFINITIONAL_REPRESENTATION('',(#4492),#4496);
#4492 = LINE('',#4493,#4494);
#4493 = CARTESIAN_POINT('',(0.,0.));
#4494 = VECTOR('',#4495,1.);
#4495 = DIRECTION('',(0.,1.));
#4496 = ( GEOMETRIC_REPRESENTATION_CONTEXT(2) 
PARAMETRIC_REPRESENTATION_CONTEXT() REPRESENTATION_CONTEXT('2D SPACE',''
  ) );
#4497 = ORIENTED_EDGE('',*,*,#4498,.F.);
#4498 = EDGE_CURVE('',#967,#4471,#4499,.T.);
#4499 = SURFACE_CURVE('',#4500,(#4504,#4511),.PCURVE_S1.);
#4500 = LINE('',#4501,#4502);
#4501 = CARTESIAN_POINT('',(8.,43.,3.));
#4502 = VECTOR('',#4503,1.);
#4503 = DIRECTION('',(0.,0.,1.));
#4504 = PCURVE('',#1015,#4505);
#4505 = DEFINITIONAL_REPRESENTATION('',(#4506),#4510);
#4506 = LINE('',#4507,#4508);
#4507 = CARTESIAN_POINT('',(0.,5.));
#4508 = VECTOR('',#4509,1.);
#4509 = DIRECTION('',(1.,0.));
#4510 = ( GEOMETRIC_REPRESENTATION_CONTEXT(2) 
PARAMETRIC_REPRESENTATION_CONTEXT() REPRESENTATION_CONTEXT('2D SPACE',''
  ) );
#4511 = PCURVE('',#987,#4512);
#4512 = DEFINITIONAL_REPRESENTATION('',(#4513),#4517);
#4513 = LINE('',#4514,#4515);
#4514 = CARTESIAN_POINT('',(-1.570796326795,0.));
#4515 = VECTOR('',#4516,1.);
#4516 = DIRECTION('',(-0.,1.));
#4517 = ( GEOMETRIC_REPRESENTATION_CONTEXT(2) 
PARAMETRIC_REPRESENTATION_CONTEXT() REPRESENTATION_CONTEXT('2D SPACE',''
  ) );
#4518 = ORIENTED_EDGE('',*,*,#999,.F.);
#4519 = ADVANCED_FACE('',(#4520),#809,.T.);
#4520 = FACE_BOUND('',#4521,.T.);
#4521 = EDGE_LOOP('',(#4522,#4547,#4569,#4570,#4571));
#4522 = ORIENTED_EDGE('',*,*,#4523,.F.);
#4523 = EDGE_CURVE('',#4524,#4526,#4528,.T.);
#4524 = VERTEX_POINT('',#4525);
#4525 = CARTESIAN_POINT('',(-9.,44.,3.));
#4526 = VERTEX_POINT('',#4527);
#4527 = CARTESIAN_POINT('',(-9.,44.,5.8));
#4528 = SURFACE_CURVE('',#4529,(#4533,#4540),.PCURVE_S1.);
#4529 = LINE('',#4530,#4531);
#4530 = CARTESIAN_POINT('',(-9.,44.,3.));
#4531 = VECTOR('',#4532,1.);
#4532 = DIRECTION('',(0.,0.,1.));
#4533 = PCURVE('',#809,#4534);
#4534 = DEFINITIONAL_REPRESENTATION('',(#4535),#4539);
#4535 = LINE('',#4536,#4537);
#4536 = CARTESIAN_POINT('',(0.,0.));
#4537 = VECTOR('',#4538,1.);
#4538 = DIRECTION('',(0.,1.));
#4539 = ( GEOMETRIC_REPRESENTATION_CONTEXT(2) 
PARAMETRIC_REPRESENTATION_CONTEXT() REPRESENTATION_CONTEXT('2D SPACE',''
  ) );
#4540 = PCURVE('',#3781,#4541);
#4541 = DEFINITIONAL_REPRESENTATION('',(#4542),#4546);
#4542 = LINE('',#4543,#4544);
#4543 = CARTESIAN_POINT('',(0.,-1.));
#4544 = VECTOR('',#4545,1.);
#4545 = DIRECTION('',(1.,0.));
#4546 = ( GEOMETRIC_REPRESENTATION_CONTEXT(2) 
PARAMETRIC_REPRESENTATION_CONTEXT() REPRESENTATION_CONTEXT('2D SPACE',''
  ) );
#4547 = ORIENTED_EDGE('',*,*,#4548,.T.);
#4548 = EDGE_CURVE('',#4524,#793,#4549,.T.);
#4549 = SURFACE_CURVE('',#4550,(#4555,#4562),.PCURVE_S1.);
#4550 = CIRCLE('',#4551,1.);
#4551 = AXIS2_PLACEMENT_3D('',#4552,#4553,#4554);
#4552 = CARTESIAN_POINT('',(-8.,44.,3.));
#4553 = DIRECTION('',(0.,0.,1.));
#4554 = DIRECTION('',(0.,-1.,0.));
#4555 = PCURVE('',#809,#4556);
#4556 = DEFINITIONAL_REPRESENTATION('',(#4557),#4561);
#4557 = LINE('',#4558,#4559);
#4558 = CARTESIAN_POINT('',(-4.712388980385,0.));
#4559 = VECTOR('',#4560,1.);
#4560 = DIRECTION('',(1.,0.));
#4561 = ( GEOMETRIC_REPRESENTATION_CONTEXT(2) 
PARAMETRIC_REPRESENTATION_CONTEXT() REPRESENTATION_CONTEXT('2D SPACE',''
  ) );
#4562 = PCURVE('',#3336,#4563);
#4563 = DEFINITIONAL_REPRESENTATION('',(#4564),#4568);
#4564 = CIRCLE('',#4565,1.);
#4565 = AXIS2_PLACEMENT_2D('',#4566,#4567);
#4566 = CARTESIAN_POINT('',(1.,1.));
#4567 = DIRECTION('',(0.,-1.));
#4568 = ( GEOMETRIC_REPRESENTATION_CONTEXT(2) 
PARAMETRIC_REPRESENTATION_CONTEXT() REPRESENTATION_CONTEXT('2D SPACE',''
  ) );
#4569 = ORIENTED_EDGE('',*,*,#792,.T.);
#4570 = ORIENTED_EDGE('',*,*,#4415,.T.);
#4571 = ORIENTED_EDGE('',*,*,#4572,.T.);
#4572 = EDGE_CURVE('',#4416,#4526,#4573,.T.);
#4573 = SURFACE_CURVE('',#4574,(#4579,#4586),.PCURVE_S1.);
#4574 = CIRCLE('',#4575,1.);
#4575 = AXIS2_PLACEMENT_3D('',#4576,#4577,#4578);
#4576 = CARTESIAN_POINT('',(-8.,44.,5.8));
#4577 = DIRECTION('',(-0.,0.,-1.));
#4578 = DIRECTION('',(-4.440892098501E-16,-1.,0.));
#4579 = PCURVE('',#809,#4580);
#4580 = DEFINITIONAL_REPRESENTATION('',(#4581),#4585);
#4581 = LINE('',#4582,#4583);
#4582 = CARTESIAN_POINT('',(1.570796326795,2.8));
#4583 = VECTOR('',#4584,1.);
#4584 = DIRECTION('',(-1.,-0.));
#4585 = ( GEOMETRIC_REPRESENTATION_CONTEXT(2) 
PARAMETRIC_REPRESENTATION_CONTEXT() REPRESENTATION_CONTEXT('2D SPACE',''
  ) );
#4586 = PCURVE('',#4587,#4592);
#4587 = TOROIDAL_SURFACE('',#4588,0.8,0.2);
#4588 = AXIS2_PLACEMENT_3D('',#4589,#4590,#4591);
#4589 = CARTESIAN_POINT('',(-8.,44.,5.8));
#4590 = DIRECTION('',(0.,0.,1.));
#4591 = DIRECTION('',(-4.440892098501E-16,-1.,0.));
#4592 = DEFINITIONAL_REPRESENTATION('',(#4593),#4597);
#4593 = LINE('',#4594,#4595);
#4594 = CARTESIAN_POINT('',(-0.,0.));
#4595 = VECTOR('',#4596,1.);
#4596 = DIRECTION('',(-1.,0.));
#4597 = ( GEOMETRIC_REPRESENTATION_CONTEXT(2) 
PARAMETRIC_REPRESENTATION_CONTEXT() REPRESENTATION_CONTEXT('2D SPACE',''
  ) );
#4598 = ADVANCED_FACE('',(#4599),#987,.T.);
#4599 = FACE_BOUND('',#4600,.F.);
#4600 = EDGE_LOOP('',(#4601,#4626,#4652,#4653,#4654));
#4601 = ORIENTED_EDGE('',*,*,#4602,.F.);
#4602 = EDGE_CURVE('',#4603,#4605,#4607,.T.);
#4603 = VERTEX_POINT('',#4604);
#4604 = CARTESIAN_POINT('',(9.,44.,3.));
#4605 = VERTEX_POINT('',#4606);
#4606 = CARTESIAN_POINT('',(9.,44.,5.8));
#4607 = SURFACE_CURVE('',#4608,(#4612,#4619),.PCURVE_S1.);
#4608 = LINE('',#4609,#4610);
#4609 = CARTESIAN_POINT('',(9.,44.,3.));
#4610 = VECTOR('',#4611,1.);
#4611 = DIRECTION('',(0.,0.,1.));
#4612 = PCURVE('',#987,#4613);
#4613 = DEFINITIONAL_REPRESENTATION('',(#4614),#4618);
#4614 = LINE('',#4615,#4616);
#4615 = CARTESIAN_POINT('',(-0.,0.));
#4616 = VECTOR('',#4617,1.);
#4617 = DIRECTION('',(-0.,1.));
#4618 = ( GEOMETRIC_REPRESENTATION_CONTEXT(2) 
PARAMETRIC_REPRESENTATION_CONTEXT() REPRESENTATION_CONTEXT('2D SPACE',''
  ) );
#4619 = PCURVE('',#3891,#4620);
#4620 = DEFINITIONAL_REPRESENTATION('',(#4621),#4625);
#4621 = LINE('',#4622,#4623);
#4622 = CARTESIAN_POINT('',(0.,-1.));
#4623 = VECTOR('',#4624,1.);
#4624 = DIRECTION('',(1.,0.));
#4625 = ( GEOMETRIC_REPRESENTATION_CONTEXT(2) 
PARAMETRIC_REPRESENTATION_CONTEXT() REPRESENTATION_CONTEXT('2D SPACE',''
  ) );
#4626 = ORIENTED_EDGE('',*,*,#4627,.T.);
#4627 = EDGE_CURVE('',#4603,#939,#4628,.T.);
#4628 = SURFACE_CURVE('',#4629,(#4634,#4641),.PCURVE_S1.);
#4629 = CIRCLE('',#4630,1.);
#4630 = AXIS2_PLACEMENT_3D('',#4631,#4632,#4633);
#4631 = CARTESIAN_POINT('',(8.,44.,3.));
#4632 = DIRECTION('',(-0.,-0.,-1.));
#4633 = DIRECTION('',(0.,-1.,0.));
#4634 = PCURVE('',#987,#4635);
#4635 = DEFINITIONAL_REPRESENTATION('',(#4636),#4640);
#4636 = LINE('',#4637,#4638);
#4637 = CARTESIAN_POINT('',(4.712388980385,-0.));
#4638 = VECTOR('',#4639,1.);
#4639 = DIRECTION('',(-1.,0.));
#4640 = ( GEOMETRIC_REPRESENTATION_CONTEXT(2) 
PARAMETRIC_REPRESENTATION_CONTEXT() REPRESENTATION_CONTEXT('2D SPACE',''
  ) );
#4641 = PCURVE('',#3725,#4642);
#4642 = DEFINITIONAL_REPRESENTATION('',(#4643),#4651);
#4643 = ( BOUNDED_CURVE() B_SPLINE_CURVE(2,(#4644,#4645,#4646,#4647,
#4648,#4649,#4650),.UNSPECIFIED.,.T.,.F.) B_SPLINE_CURVE_WITH_KNOTS((1,2
    ,2,2,2,1),(-2.094395102393,0.,2.094395102393,4.188790204786,
6.28318530718,8.377580409573),.UNSPECIFIED.) CURVE() 
GEOMETRIC_REPRESENTATION_ITEM() RATIONAL_B_SPLINE_CURVE((1.,0.5,1.,0.5,
1.,0.5,1.)) REPRESENTATION_ITEM('') );
#4644 = CARTESIAN_POINT('',(5.,0.));
#4645 = CARTESIAN_POINT('',(3.267949192431,0.));
#4646 = CARTESIAN_POINT('',(4.133974596216,1.5));
#4647 = CARTESIAN_POINT('',(5.,3.));
#4648 = CARTESIAN_POINT('',(5.866025403784,1.5));
#4649 = CARTESIAN_POINT('',(6.732050807569,1.554312234475E-15));
#4650 = CARTESIAN_POINT('',(5.,0.));
#4651 = ( GEOMETRIC_REPRESENTATION_CONTEXT(2) 
PARAMETRIC_REPRESENTATION_CONTEXT() REPRESENTATION_CONTEXT('2D SPACE',''
  ) );
#4652 = ORIENTED_EDGE('',*,*,#966,.T.);
#4653 = ORIENTED_EDGE('',*,*,#4498,.T.);
#4654 = ORIENTED_EDGE('',*,*,#4655,.F.);
#4655 = EDGE_CURVE('',#4605,#4471,#4656,.T.);
#4656 = SURFACE_CURVE('',#4657,(#4662,#4669),.PCURVE_S1.);
#4657 = CIRCLE('',#4658,1.);
#4658 = AXIS2_PLACEMENT_3D('',#4659,#4660,#4661);
#4659 = CARTESIAN_POINT('',(8.,44.,5.8));
#4660 = DIRECTION('',(0.,-0.,-1.));
#4661 = DIRECTION('',(1.,0.,-0.));
#4662 = PCURVE('',#987,#4663);
#4663 = DEFINITIONAL_REPRESENTATION('',(#4664),#4668);
#4664 = LINE('',#4665,#4666);
#4665 = CARTESIAN_POINT('',(-0.,2.8));
#4666 = VECTOR('',#4667,1.);
#4667 = DIRECTION('',(-1.,0.));
#4668 = ( GEOMETRIC_REPRESENTATION_CONTEXT(2) 
PARAMETRIC_REPRESENTATION_CONTEXT() REPRESENTATION_CONTEXT('2D SPACE',''
  ) );
#4669 = PCURVE('',#4670,#4675);
#4670 = TOROIDAL_SURFACE('',#4671,0.8,0.2);
#4671 = AXIS2_PLACEMENT_3D('',#4672,#4673,#4674);
#4672 = CARTESIAN_POINT('',(8.,44.,5.8));
#4673 = DIRECTION('',(0.,0.,1.));
#4674 = DIRECTION('',(1.,0.,-0.));
#4675 = DEFINITIONAL_REPRESENTATION('',(#4676),#4680);
#4676 = LINE('',#4677,#4678);
#4677 = CARTESIAN_POINT('',(-0.,0.));
#4678 = VECTOR('',#4679,1.);
#4679 = DIRECTION('',(-1.,0.));
#4680 = ( GEOMETRIC_REPRESENTATION_CONTEXT(2) 
PARAMETRIC_REPRESENTATION_CONTEXT() REPRESENTATION_CONTEXT('2D SPACE',''
  ) );
#4681 = ADVANCED_FACE('',(#4682),#865,.T.);
#4682 = FACE_BOUND('',#4683,.F.);
#4683 = EDGE_LOOP('',(#4684,#4708,#4735,#4736));
#4684 = ORIENTED_EDGE('',*,*,#4685,.F.);
#4685 = EDGE_CURVE('',#4686,#845,#4688,.T.);
#4686 = VERTEX_POINT('',#4687);
#4687 = CARTESIAN_POINT('',(-5.,-1.110223024625E-16,2.5));
#4688 = SURFACE_CURVE('',#4689,(#4694,#4701),.PCURVE_S1.);
#4689 = CIRCLE('',#4690,0.5);
#4690 = AXIS2_PLACEMENT_3D('',#4691,#4692,#4693);
#4691 = CARTESIAN_POINT('',(-5.,0.5,2.5));
#4692 = DIRECTION('',(-1.,-0.,0.));
#4693 = DIRECTION('',(0.,-1.,0.));
#4694 = PCURVE('',#865,#4695);
#4695 = DEFINITIONAL_REPRESENTATION('',(#4696),#4700);
#4696 = LINE('',#4697,#4698);
#4697 = CARTESIAN_POINT('',(2.22044604925E-16,-0.));
#4698 = VECTOR('',#4699,1.);
#4699 = DIRECTION('',(-0.,1.));
#4700 = ( GEOMETRIC_REPRESENTATION_CONTEXT(2) 
PARAMETRIC_REPRESENTATION_CONTEXT() REPRESENTATION_CONTEXT('2D SPACE',''
  ) );
#4701 = PCURVE('',#893,#4702);
#4702 = DEFINITIONAL_REPRESENTATION('',(#4703),#4707);
#4703 = LINE('',#4704,#4705);
#4704 = CARTESIAN_POINT('',(0.,10.));
#4705 = VECTOR('',#4706,1.);
#4706 = DIRECTION('',(1.,0.));
#4707 = ( GEOMETRIC_REPRESENTATION_CONTEXT(2) 
PARAMETRIC_REPRESENTATION_CONTEXT() REPRESENTATION_CONTEXT('2D SPACE',''
  ) );
#4708 = ORIENTED_EDGE('',*,*,#4709,.T.);
#4709 = EDGE_CURVE('',#4686,#3270,#4710,.T.);
#4710 = SURFACE_CURVE('',#4711,(#4716,#4723),.PCURVE_S1.);
#4711 = CIRCLE('',#4712,4.);
#4712 = AXIS2_PLACEMENT_3D('',#4713,#4714,#4715);
#4713 = CARTESIAN_POINT('',(-5.,4.,2.5));
#4714 = DIRECTION('',(-0.,0.,-1.));
#4715 = DIRECTION('',(-2.22044604925E-16,-1.,0.));
#4716 = PCURVE('',#865,#4717);
#4717 = DEFINITIONAL_REPRESENTATION('',(#4718),#4722);
#4718 = LINE('',#4719,#4720);
#4719 = CARTESIAN_POINT('',(-0.,0.));
#4720 = VECTOR('',#4721,1.);
#4721 = DIRECTION('',(-1.,0.));
#4722 = ( GEOMETRIC_REPRESENTATION_CONTEXT(2) 
PARAMETRIC_REPRESENTATION_CONTEXT() REPRESENTATION_CONTEXT('2D SPACE',''
  ) );
#4723 = PCURVE('',#4724,#4729);
#4724 = CYLINDRICAL_SURFACE('',#4725,4.);
#4725 = AXIS2_PLACEMENT_3D('',#4726,#4727,#4728);
#4726 = CARTESIAN_POINT('',(-5.,4.,0.));
#4727 = DIRECTION('',(0.,0.,1.));
#4728 = DIRECTION('',(-1.,-0.,0.));
#4729 = DEFINITIONAL_REPRESENTATION('',(#4730),#4734);
#4730 = LINE('',#4731,#4732);
#4731 = CARTESIAN_POINT('',(1.570796326795,2.5));
#4732 = VECTOR('',#4733,1.);
#4733 = DIRECTION('',(-1.,-0.));
#4734 = ( GEOMETRIC_REPRESENTATION_CONTEXT(2) 
PARAMETRIC_REPRESENTATION_CONTEXT() REPRESENTATION_CONTEXT('2D SPACE',''
  ) );
#4735 = ORIENTED_EDGE('',*,*,#3299,.T.);
#4736 = ORIENTED_EDGE('',*,*,#844,.F.);
#4737 = ADVANCED_FACE('',(#4738),#926,.T.);
#4738 = FACE_BOUND('',#4739,.F.);
#4739 = EDGE_LOOP('',(#4740,#4741,#4770,#4792));
#4740 = ORIENTED_EDGE('',*,*,#3738,.F.);
#4741 = ORIENTED_EDGE('',*,*,#4742,.T.);
#4742 = EDGE_CURVE('',#3521,#4743,#4745,.T.);
#4743 = VERTEX_POINT('',#4744);
#4744 = CARTESIAN_POINT('',(5.,-8.881784197001E-16,2.5));
#4745 = SURFACE_CURVE('',#4746,(#4751,#4758),.PCURVE_S1.);
#4746 = CIRCLE('',#4747,4.);
#4747 = AXIS2_PLACEMENT_3D('',#4748,#4749,#4750);
#4748 = CARTESIAN_POINT('',(5.,4.,2.5));
#4749 = DIRECTION('',(0.,-0.,-1.));
#4750 = DIRECTION('',(1.,0.,-0.));
#4751 = PCURVE('',#926,#4752);
#4752 = DEFINITIONAL_REPRESENTATION('',(#4753),#4757);
#4753 = LINE('',#4754,#4755);
#4754 = CARTESIAN_POINT('',(-0.,0.));
#4755 = VECTOR('',#4756,1.);
#4756 = DIRECTION('',(-1.,0.));
#4757 = ( GEOMETRIC_REPRESENTATION_CONTEXT(2) 
PARAMETRIC_REPRESENTATION_CONTEXT() REPRESENTATION_CONTEXT('2D SPACE',''
  ) );
#4758 = PCURVE('',#4759,#4764);
#4759 = CYLINDRICAL_SURFACE('',#4760,4.);
#4760 = AXIS2_PLACEMENT_3D('',#4761,#4762,#4763);
#4761 = CARTESIAN_POINT('',(5.,4.,0.));
#4762 = DIRECTION('',(0.,0.,1.));
#4763 = DIRECTION('',(1.,0.,-0.));
#4764 = DEFINITIONAL_REPRESENTATION('',(#4765),#4769);
#4765 = LINE('',#4766,#4767);
#4766 = CARTESIAN_POINT('',(-0.,2.5));
#4767 = VECTOR('',#4768,1.);
#4768 = DIRECTION('',(-1.,0.));
#4769 = ( GEOMETRIC_REPRESENTATION_CONTEXT(2) 
PARAMETRIC_REPRESENTATION_CONTEXT() REPRESENTATION_CONTEXT('2D SPACE',''
  ) );
#4770 = ORIENTED_EDGE('',*,*,#4771,.T.);
#4771 = EDGE_CURVE('',#4743,#878,#4772,.T.);
#4772 = SURFACE_CURVE('',#4773,(#4778,#4785),.PCURVE_S1.);
#4773 = CIRCLE('',#4774,0.5);
#4774 = AXIS2_PLACEMENT_3D('',#4775,#4776,#4777);
#4775 = CARTESIAN_POINT('',(5.,0.5,2.5));
#4776 = DIRECTION('',(-1.,-6.123233995737E-17,0.));
#4777 = DIRECTION('',(6.123233995737E-17,-1.,-0.));
#4778 = PCURVE('',#926,#4779);
#4779 = DEFINITIONAL_REPRESENTATION('',(#4780),#4784);
#4780 = LINE('',#4781,#4782);
#4781 = CARTESIAN_POINT('',(-1.570796326795,0.));
#4782 = VECTOR('',#4783,1.);
#4783 = DIRECTION('',(-0.,1.));
#4784 = ( GEOMETRIC_REPRESENTATION_CONTEXT(2) 
PARAMETRIC_REPRESENTATION_CONTEXT() REPRESENTATION_CONTEXT('2D SPACE',''
  ) );
#4785 = PCURVE('',#893,#4786);
#4786 = DEFINITIONAL_REPRESENTATION('',(#4787),#4791);
#4787 = LINE('',#4788,#4789);
#4788 = CARTESIAN_POINT('',(0.,0.));
#4789 = VECTOR('',#4790,1.);
#4790 = DIRECTION('',(1.,0.));
#4791 = ( GEOMETRIC_REPRESENTATION_CONTEXT(2) 
PARAMETRIC_REPRESENTATION_CONTEXT() REPRESENTATION_CONTEXT('2D SPACE',''
  ) );
#4792 = ORIENTED_EDGE('',*,*,#905,.F.);
#4793 = ADVANCED_FACE('',(#4794),#893,.T.);
#4794 = FACE_BOUND('',#4795,.T.);
#4795 = EDGE_LOOP('',(#4796,#4797,#4798,#4799));
#4796 = ORIENTED_EDGE('',*,*,#4771,.T.);
#4797 = ORIENTED_EDGE('',*,*,#877,.T.);
#4798 = ORIENTED_EDGE('',*,*,#4685,.F.);
#4799 = ORIENTED_EDGE('',*,*,#4800,.F.);
#4800 = EDGE_CURVE('',#4743,#4686,#4801,.T.);
#4801 = SURFACE_CURVE('',#4802,(#4806,#4813),.PCURVE_S1.);
#4802 = LINE('',#4803,#4804);
#4803 = CARTESIAN_POINT('',(5.,-1.110223024625E-16,2.5));
#4804 = VECTOR('',#4805,1.);
#4805 = DIRECTION('',(-1.,-0.,-0.));
#4806 = PCURVE('',#893,#4807);
#4807 = DEFINITIONAL_REPRESENTATION('',(#4808),#4812);
#4808 = LINE('',#4809,#4810);
#4809 = CARTESIAN_POINT('',(0.,0.));
#4810 = VECTOR('',#4811,1.);
#4811 = DIRECTION('',(0.,1.));
#4812 = ( GEOMETRIC_REPRESENTATION_CONTEXT(2) 
PARAMETRIC_REPRESENTATION_CONTEXT() REPRESENTATION_CONTEXT('2D SPACE',''
  ) );
#4813 = PCURVE('',#4814,#4819);
#4814 = PLANE('',#4815);
#4815 = AXIS2_PLACEMENT_3D('',#4816,#4817,#4818);
#4816 = CARTESIAN_POINT('',(-9.,0.,0.));
#4817 = DIRECTION('',(0.,1.,0.));
#4818 = DIRECTION('',(0.,0.,1.));
#4819 = DEFINITIONAL_REPRESENTATION('',(#4820),#4824);
#4820 = LINE('',#4821,#4822);
#4821 = CARTESIAN_POINT('',(2.5,14.));
#4822 = VECTOR('',#4823,1.);
#4823 = DIRECTION('',(0.,-1.));
#4824 = ( GEOMETRIC_REPRESENTATION_CONTEXT(2) 
PARAMETRIC_REPRESENTATION_CONTEXT() REPRESENTATION_CONTEXT('2D SPACE',''
  ) );
#4825 = ADVANCED_FACE('',(#4826),#1767,.F.);
#4826 = FACE_BOUND('',#4827,.F.);
#4827 = EDGE_LOOP('',(#4828,#4829,#4852,#4879));
#4828 = ORIENTED_EDGE('',*,*,#1750,.F.);
#4829 = ORIENTED_EDGE('',*,*,#4830,.F.);
#4830 = EDGE_CURVE('',#4831,#1751,#4833,.T.);
#4831 = VERTEX_POINT('',#4832);
#4832 = CARTESIAN_POINT('',(1.9,5.,1.4));
#4833 = SEAM_CURVE('',#4834,(#4838,#4845),.PCURVE_S1.);
#4834 = LINE('',#4835,#4836);
#4835 = CARTESIAN_POINT('',(1.9,5.,1.4));
#4836 = VECTOR('',#4837,1.);
#4837 = DIRECTION('',(0.707106781187,-1.731912112471E-16,0.707106781187)
  );
#4838 = PCURVE('',#1767,#4839);
#4839 = DEFINITIONAL_REPRESENTATION('',(#4840),#4844);
#4840 = LINE('',#4841,#4842);
#4841 = CARTESIAN_POINT('',(6.28318530718,-0.));
#4842 = VECTOR('',#4843,1.);
#4843 = DIRECTION('',(0.,1.));
#4844 = ( GEOMETRIC_REPRESENTATION_CONTEXT(2) 
PARAMETRIC_REPRESENTATION_CONTEXT() REPRESENTATION_CONTEXT('2D SPACE',''
  ) );
#4845 = PCURVE('',#1767,#4846);
#4846 = DEFINITIONAL_REPRESENTATION('',(#4847),#4851);
#4847 = LINE('',#4848,#4849);
#4848 = CARTESIAN_POINT('',(0.,-0.));
#4849 = VECTOR('',#4850,1.);
#4850 = DIRECTION('',(0.,1.));
#4851 = ( GEOMETRIC_REPRESENTATION_CONTEXT(2) 
PARAMETRIC_REPRESENTATION_CONTEXT() REPRESENTATION_CONTEXT('2D SPACE',''
  ) );
#4852 = ORIENTED_EDGE('',*,*,#4853,.T.);
#4853 = EDGE_CURVE('',#4831,#4831,#4854,.T.);
#4854 = SURFACE_CURVE('',#4855,(#4860,#4867),.PCURVE_S1.);
#4855 = CIRCLE('',#4856,1.9);
#4856 = AXIS2_PLACEMENT_3D('',#4857,#4858,#4859);
#4857 = CARTESIAN_POINT('',(0.,5.,1.4));
#4858 = DIRECTION('',(0.,0.,1.));
#4859 = DIRECTION('',(1.,0.,-0.));
#4860 = PCURVE('',#1767,#4861);
#4861 = DEFINITIONAL_REPRESENTATION('',(#4862),#4866);
#4862 = LINE('',#4863,#4864);
#4863 = CARTESIAN_POINT('',(0.,0.));
#4864 = VECTOR('',#4865,1.);
#4865 = DIRECTION('',(1.,0.));
#4866 = ( GEOMETRIC_REPRESENTATION_CONTEXT(2) 
PARAMETRIC_REPRESENTATION_CONTEXT() REPRESENTATION_CONTEXT('2D SPACE',''
  ) );
#4867 = PCURVE('',#4868,#4873);
#4868 = CYLINDRICAL_SURFACE('',#4869,1.9);
#4869 = AXIS2_PLACEMENT_3D('',#4870,#4871,#4872);
#4870 = CARTESIAN_POINT('',(0.,5.,0.));
#4871 = DIRECTION('',(0.,0.,1.));
#4872 = DIRECTION('',(1.,0.,-0.));
#4873 = DEFINITIONAL_REPRESENTATION('',(#4874),#4878);
#4874 = LINE('',#4875,#4876);
#4875 = CARTESIAN_POINT('',(0.,1.4));
#4876 = VECTOR('',#4877,1.);
#4877 = DIRECTION('',(1.,0.));
#4878 = ( GEOMETRIC_REPRESENTATION_CONTEXT(2) 
PARAMETRIC_REPRESENTATION_CONTEXT() REPRESENTATION_CONTEXT('2D SPACE',''
  ) );
#4879 = ORIENTED_EDGE('',*,*,#4830,.T.);
#4880 = ADVANCED_FACE('',(#4881,#4917),#1826,.T.);
#4881 = FACE_BOUND('',#4882,.T.);
#4882 = EDGE_LOOP('',(#4883,#4884,#4885,#4886,#4913,#4914,#4915,#4916));
#4883 = ORIENTED_EDGE('',*,*,#1969,.F.);
#4884 = ORIENTED_EDGE('',*,*,#2242,.F.);
#4885 = ORIENTED_EDGE('',*,*,#2643,.T.);
#4886 = ORIENTED_EDGE('',*,*,#4887,.T.);
#4887 = EDGE_CURVE('',#2616,#2413,#4888,.T.);
#4888 = SURFACE_CURVE('',#4889,(#4894,#4901),.PCURVE_S1.);
#4889 = CIRCLE('',#4890,8.2);
#4890 = AXIS2_PLACEMENT_3D('',#4891,#4892,#4893);
#4891 = CARTESIAN_POINT('',(0.,67.,16.));
#4892 = DIRECTION('',(0.,-1.,-0.));
#4893 = DIRECTION('',(1.,0.,0.));
#4894 = PCURVE('',#1826,#4895);
#4895 = DEFINITIONAL_REPRESENTATION('',(#4896),#4900);
#4896 = CIRCLE('',#4897,8.2);
#4897 = AXIS2_PLACEMENT_2D('',#4898,#4899);
#4898 = CARTESIAN_POINT('',(-3.700054712492,0.));
#4899 = DIRECTION('',(0.,1.));
#4900 = ( GEOMETRIC_REPRESENTATION_CONTEXT(2) 
PARAMETRIC_REPRESENTATION_CONTEXT() REPRESENTATION_CONTEXT('2D SPACE',''
  ) );
#4901 = PCURVE('',#4902,#4907);
#4902 = TOROIDAL_SURFACE('',#4903,8.2,0.8);
#4903 = AXIS2_PLACEMENT_3D('',#4904,#4905,#4906);
#4904 = CARTESIAN_POINT('',(0.,67.8,16.));
#4905 = DIRECTION('',(0.,-1.,-0.));
#4906 = DIRECTION('',(1.,0.,0.));
#4907 = DEFINITIONAL_REPRESENTATION('',(#4908),#4912);
#4908 = LINE('',#4909,#4910);
#4909 = CARTESIAN_POINT('',(0.,1.570796326795));
#4910 = VECTOR('',#4911,1.);
#4911 = DIRECTION('',(1.,0.));
#4912 = ( GEOMETRIC_REPRESENTATION_CONTEXT(2) 
PARAMETRIC_REPRESENTATION_CONTEXT() REPRESENTATION_CONTEXT('2D SPACE',''
  ) );
#4913 = ORIENTED_EDGE('',*,*,#2412,.T.);
#4914 = ORIENTED_EDGE('',*,*,#2072,.T.);
#4915 = ORIENTED_EDGE('',*,*,#1868,.T.);
#4916 = ORIENTED_EDGE('',*,*,#1810,.T.);
#4917 = FACE_BOUND('',#4918,.T.);
#4918 = EDGE_LOOP('',(#4919,#4954,#4982,#5015));
#4919 = ORIENTED_EDGE('',*,*,#4920,.T.);
#4920 = EDGE_CURVE('',#4921,#4923,#4925,.T.);
#4921 = VERTEX_POINT('',#4922);
#4922 = CARTESIAN_POINT('',(2.25,67.,7.));
#4923 = VERTEX_POINT('',#4924);
#4924 = CARTESIAN_POINT('',(-2.25,67.,7.));
#4925 = SURFACE_CURVE('',#4926,(#4931,#4942),.PCURVE_S1.);
#4926 = CIRCLE('',#4927,2.25);
#4927 = AXIS2_PLACEMENT_3D('',#4928,#4929,#4930);
#4928 = CARTESIAN_POINT('',(-6.661338147751E-16,67.,7.));
#4929 = DIRECTION('',(0.,1.,0.));
#4930 = DIRECTION('',(1.,0.,-1.110223024625E-16));
#4931 = PCURVE('',#1826,#4932);
#4932 = DEFINITIONAL_REPRESENTATION('',(#4933),#4941);
#4933 = ( BOUNDED_CURVE() B_SPLINE_CURVE(2,(#4934,#4935,#4936,#4937,
#4938,#4939,#4940),.UNSPECIFIED.,.T.,.F.) B_SPLINE_CURVE_WITH_KNOTS((1,2
    ,2,2,2,1),(-2.094395102393,0.,2.094395102393,4.188790204786,
6.28318530718,8.377580409573),.UNSPECIFIED.) CURVE() 
GEOMETRIC_REPRESENTATION_ITEM() RATIONAL_B_SPLINE_CURVE((1.,0.5,1.,0.5,
1.,0.5,1.)) REPRESENTATION_ITEM('') );
#4934 = CARTESIAN_POINT('',(5.299945287508,2.25));
#4935 = CARTESIAN_POINT('',(9.197059604538,2.25));
#4936 = CARTESIAN_POINT('',(7.248502446023,-1.125));
#4937 = CARTESIAN_POINT('',(5.299945287508,-4.5));
#4938 = CARTESIAN_POINT('',(3.351388128993,-1.125));
#4939 = CARTESIAN_POINT('',(1.402830970478,2.25));
#4940 = CARTESIAN_POINT('',(5.299945287508,2.25));
#4941 = ( GEOMETRIC_REPRESENTATION_CONTEXT(2) 
PARAMETRIC_REPRESENTATION_CONTEXT() REPRESENTATION_CONTEXT('2D SPACE',''
  ) );
#4942 = PCURVE('',#4943,#4948);
#4943 = CYLINDRICAL_SURFACE('',#4944,2.25);
#4944 = AXIS2_PLACEMENT_3D('',#4945,#4946,#4947);
#4945 = CARTESIAN_POINT('',(-6.661338147751E-16,73.,7.));
#4946 = DIRECTION('',(0.,1.,0.));
#4947 = DIRECTION('',(1.,0.,-1.110223024625E-16));
#4948 = DEFINITIONAL_REPRESENTATION('',(#4949),#4953);
#4949 = LINE('',#4950,#4951);
#4950 = CARTESIAN_POINT('',(0.,-6.));
#4951 = VECTOR('',#4952,1.);
#4952 = DIRECTION('',(1.,0.));
#4953 = ( GEOMETRIC_REPRESENTATION_CONTEXT(2) 
PARAMETRIC_REPRESENTATION_CONTEXT() REPRESENTATION_CONTEXT('2D SPACE',''
  ) );
#4954 = ORIENTED_EDGE('',*,*,#4955,.T.);
#4955 = EDGE_CURVE('',#4923,#4956,#4958,.T.);
#4956 = VERTEX_POINT('',#4957);
#4957 = CARTESIAN_POINT('',(-2.25,67.,19.));
#4958 = SURFACE_CURVE('',#4959,(#4963,#4970),.PCURVE_S1.);
#4959 = LINE('',#4960,#4961);
#4960 = CARTESIAN_POINT('',(-2.25,67.,7.));
#4961 = VECTOR('',#4962,1.);
#4962 = DIRECTION('',(1.110223024625E-16,0.,1.));
#4963 = PCURVE('',#1826,#4964);
#4964 = DEFINITIONAL_REPRESENTATION('',(#4965),#4969);
#4965 = LINE('',#4966,#4967);
#4966 = CARTESIAN_POINT('',(5.299945287508,-2.25));
#4967 = VECTOR('',#4968,1.);
#4968 = DIRECTION('',(-1.,1.110223024625E-16));
#4969 = ( GEOMETRIC_REPRESENTATION_CONTEXT(2) 
PARAMETRIC_REPRESENTATION_CONTEXT() REPRESENTATION_CONTEXT('2D SPACE',''
  ) );
#4970 = PCURVE('',#4971,#4976);
#4971 = PLANE('',#4972);
#4972 = AXIS2_PLACEMENT_3D('',#4973,#4974,#4975);
#4973 = CARTESIAN_POINT('',(-2.25,73.,7.));
#4974 = DIRECTION('',(-1.,0.,1.110223024625E-16));
#4975 = DIRECTION('',(1.110223024625E-16,0.,1.));
#4976 = DEFINITIONAL_REPRESENTATION('',(#4977),#4981);
#4977 = LINE('',#4978,#4979);
#4978 = CARTESIAN_POINT('',(0.,-6.));
#4979 = VECTOR('',#4980,1.);
#4980 = DIRECTION('',(1.,0.));
#4981 = ( GEOMETRIC_REPRESENTATION_CONTEXT(2) 
PARAMETRIC_REPRESENTATION_CONTEXT() REPRESENTATION_CONTEXT('2D SPACE',''
  ) );
#4982 = ORIENTED_EDGE('',*,*,#4983,.T.);
#4983 = EDGE_CURVE('',#4956,#4984,#4986,.T.);
#4984 = VERTEX_POINT('',#4985);
#4985 = CARTESIAN_POINT('',(2.25,67.,19.));
#4986 = SURFACE_CURVE('',#4987,(#4992,#5003),.PCURVE_S1.);
#4987 = CIRCLE('',#4988,2.25);
#4988 = AXIS2_PLACEMENT_3D('',#4989,#4990,#4991);
#4989 = CARTESIAN_POINT('',(6.661338147751E-16,67.,19.));
#4990 = DIRECTION('',(0.,1.,-0.));
#4991 = DIRECTION('',(-1.,0.,1.110223024625E-16));
#4992 = PCURVE('',#1826,#4993);
#4993 = DEFINITIONAL_REPRESENTATION('',(#4994),#5002);
#4994 = ( BOUNDED_CURVE() B_SPLINE_CURVE(2,(#4995,#4996,#4997,#4998,
#4999,#5000,#5001),.UNSPECIFIED.,.T.,.F.) B_SPLINE_CURVE_WITH_KNOTS((1,2
    ,2,2,2,1),(-2.094395102393,0.,2.094395102393,4.188790204786,
6.28318530718,8.377580409573),.UNSPECIFIED.) CURVE() 
GEOMETRIC_REPRESENTATION_ITEM() RATIONAL_B_SPLINE_CURVE((1.,0.5,1.,0.5,
1.,0.5,1.)) REPRESENTATION_ITEM('') );
#4995 = CARTESIAN_POINT('',(-6.700054712492,-2.25));
#4996 = CARTESIAN_POINT('',(-10.59716902952,-2.25));
#4997 = CARTESIAN_POINT('',(-8.648611871007,1.125));
#4998 = CARTESIAN_POINT('',(-6.700054712492,4.5));
#4999 = CARTESIAN_POINT('',(-4.751497553977,1.125));
#5000 = CARTESIAN_POINT('',(-2.802940395462,-2.25));
#5001 = CARTESIAN_POINT('',(-6.700054712492,-2.25));
#5002 = ( GEOMETRIC_REPRESENTATION_CONTEXT(2) 
PARAMETRIC_REPRESENTATION_CONTEXT() REPRESENTATION_CONTEXT('2D SPACE',''
  ) );
#5003 = PCURVE('',#5004,#5009);
#5004 = CYLINDRICAL_SURFACE('',#5005,2.25);
#5005 = AXIS2_PLACEMENT_3D('',#5006,#5007,#5008);
#5006 = CARTESIAN_POINT('',(6.661338147751E-16,73.,19.));
#5007 = DIRECTION('',(0.,1.,-0.));
#5008 = DIRECTION('',(-1.,0.,1.110223024625E-16));
#5009 = DEFINITIONAL_REPRESENTATION('',(#5010),#5014);
#5010 = LINE('',#5011,#5012);
#5011 = CARTESIAN_POINT('',(0.,-6.));
#5012 = VECTOR('',#5013,1.);
#5013 = DIRECTION('',(1.,0.));
#5014 = ( GEOMETRIC_REPRESENTATION_CONTEXT(2) 
PARAMETRIC_REPRESENTATION_CONTEXT() REPRESENTATION_CONTEXT('2D SPACE',''
  ) );
#5015 = ORIENTED_EDGE('',*,*,#5016,.T.);
#5016 = EDGE_CURVE('',#4984,#4921,#5017,.T.);
#5017 = SURFACE_CURVE('',#5018,(#5022,#5029),.PCURVE_S1.);
#5018 = LINE('',#5019,#5020);
#5019 = CARTESIAN_POINT('',(2.25,67.,19.));
#5020 = VECTOR('',#5021,1.);
#5021 = DIRECTION('',(-1.110223024625E-16,-0.,-1.));
#5022 = PCURVE('',#1826,#5023);
#5023 = DEFINITIONAL_REPRESENTATION('',(#5024),#5028);
#5024 = LINE('',#5025,#5026);
#5025 = CARTESIAN_POINT('',(-6.700054712492,2.25));
#5026 = VECTOR('',#5027,1.);
#5027 = DIRECTION('',(1.,-1.110223024625E-16));
#5028 = ( GEOMETRIC_REPRESENTATION_CONTEXT(2) 
PARAMETRIC_REPRESENTATION_CONTEXT() REPRESENTATION_CONTEXT('2D SPACE',''
  ) );
#5029 = PCURVE('',#5030,#5035);
#5030 = PLANE('',#5031);
#5031 = AXIS2_PLACEMENT_3D('',#5032,#5033,#5034);
#5032 = CARTESIAN_POINT('',(2.25,73.,19.));
#5033 = DIRECTION('',(1.,0.,-1.110223024625E-16));
#5034 = DIRECTION('',(-1.110223024625E-16,-0.,-1.));
#5035 = DEFINITIONAL_REPRESENTATION('',(#5036),#5040);
#5036 = LINE('',#5037,#5038);
#5037 = CARTESIAN_POINT('',(0.,-6.));
#5038 = VECTOR('',#5039,1.);
#5039 = DIRECTION('',(1.,0.));
#5040 = ( GEOMETRIC_REPRESENTATION_CONTEXT(2) 
PARAMETRIC_REPRESENTATION_CONTEXT() REPRESENTATION_CONTEXT('2D SPACE',''
  ) );
#5041 = ADVANCED_FACE('',(#5042),#2451,.T.);
#5042 = FACE_BOUND('',#5043,.T.);
#5043 = EDGE_LOOP('',(#5044,#5045,#5046,#5074,#5095,#5118));
#5044 = ORIENTED_EDGE('',*,*,#2900,.F.);
#5045 = ORIENTED_EDGE('',*,*,#2435,.T.);
#5046 = ORIENTED_EDGE('',*,*,#5047,.T.);
#5047 = EDGE_CURVE('',#2413,#5048,#5050,.T.);
#5048 = VERTEX_POINT('',#5049);
#5049 = CARTESIAN_POINT('',(-8.2,67.,3.));
#5050 = SURFACE_CURVE('',#5051,(#5055,#5062),.PCURVE_S1.);
#5051 = LINE('',#5052,#5053);
#5052 = CARTESIAN_POINT('',(-8.2,67.,16.));
#5053 = VECTOR('',#5054,1.);
#5054 = DIRECTION('',(0.,0.,-1.));
#5055 = PCURVE('',#2451,#5056);
#5056 = DEFINITIONAL_REPRESENTATION('',(#5057),#5061);
#5057 = LINE('',#5058,#5059);
#5058 = CARTESIAN_POINT('',(0.,-0.8));
#5059 = VECTOR('',#5060,1.);
#5060 = DIRECTION('',(1.,0.));
#5061 = ( GEOMETRIC_REPRESENTATION_CONTEXT(2) 
PARAMETRIC_REPRESENTATION_CONTEXT() REPRESENTATION_CONTEXT('2D SPACE',''
  ) );
#5062 = PCURVE('',#5063,#5068);
#5063 = CYLINDRICAL_SURFACE('',#5064,0.8);
#5064 = AXIS2_PLACEMENT_3D('',#5065,#5066,#5067);
#5065 = CARTESIAN_POINT('',(-8.2,67.8,16.));
#5066 = DIRECTION('',(0.,0.,-1.));
#5067 = DIRECTION('',(-1.,-0.,-0.));
#5068 = DEFINITIONAL_REPRESENTATION('',(#5069),#5073);
#5069 = LINE('',#5070,#5071);
#5070 = CARTESIAN_POINT('',(-1.570796326795,0.));
#5071 = VECTOR('',#5072,1.);
#5072 = DIRECTION('',(-0.,1.));
#5073 = ( GEOMETRIC_REPRESENTATION_CONTEXT(2) 
PARAMETRIC_REPRESENTATION_CONTEXT() REPRESENTATION_CONTEXT('2D SPACE',''
  ) );
#5074 = ORIENTED_EDGE('',*,*,#5075,.F.);
#5075 = EDGE_CURVE('',#3350,#5048,#5076,.T.);
#5076 = SURFACE_CURVE('',#5077,(#5081,#5088),.PCURVE_S1.);
#5077 = LINE('',#5078,#5079);
#5078 = CARTESIAN_POINT('',(-9.,67.,3.));
#5079 = VECTOR('',#5080,1.);
#5080 = DIRECTION('',(1.,0.,0.));
#5081 = PCURVE('',#2451,#5082);
#5082 = DEFINITIONAL_REPRESENTATION('',(#5083),#5087);
#5083 = LINE('',#5084,#5085);
#5084 = CARTESIAN_POINT('',(13.,0.));
#5085 = VECTOR('',#5086,1.);
#5086 = DIRECTION('',(0.,-1.));
#5087 = ( GEOMETRIC_REPRESENTATION_CONTEXT(2) 
PARAMETRIC_REPRESENTATION_CONTEXT() REPRESENTATION_CONTEXT('2D SPACE',''
  ) );
#5088 = PCURVE('',#3388,#5089);
#5089 = DEFINITIONAL_REPRESENTATION('',(#5090),#5094);
#5090 = LINE('',#5091,#5092);
#5091 = CARTESIAN_POINT('',(0.,67.));
#5092 = VECTOR('',#5093,1.);
#5093 = DIRECTION('',(1.,0.));
#5094 = ( GEOMETRIC_REPRESENTATION_CONTEXT(2) 
PARAMETRIC_REPRESENTATION_CONTEXT() REPRESENTATION_CONTEXT('2D SPACE',''
  ) );
#5095 = ORIENTED_EDGE('',*,*,#5096,.F.);
#5096 = EDGE_CURVE('',#5097,#3350,#5099,.T.);
#5097 = VERTEX_POINT('',#5098);
#5098 = CARTESIAN_POINT('',(-9.,67.,3.));
#5099 = SURFACE_CURVE('',#5100,(#5104,#5111),.PCURVE_S1.);
#5100 = LINE('',#5101,#5102);
#5101 = CARTESIAN_POINT('',(-9.,67.,3.));
#5102 = VECTOR('',#5103,1.);
#5103 = DIRECTION('',(1.,0.,0.));
#5104 = PCURVE('',#2451,#5105);
#5105 = DEFINITIONAL_REPRESENTATION('',(#5106),#5110);
#5106 = LINE('',#5107,#5108);
#5107 = CARTESIAN_POINT('',(13.,0.));
#5108 = VECTOR('',#5109,1.);
#5109 = DIRECTION('',(0.,-1.));
#5110 = ( GEOMETRIC_REPRESENTATION_CONTEXT(2) 
PARAMETRIC_REPRESENTATION_CONTEXT() REPRESENTATION_CONTEXT('2D SPACE',''
  ) );
#5111 = PCURVE('',#2767,#5112);
#5112 = DEFINITIONAL_REPRESENTATION('',(#5113),#5117);
#5113 = LINE('',#5114,#5115);
#5114 = CARTESIAN_POINT('',(0.,-0.));
#5115 = VECTOR('',#5116,1.);
#5116 = DIRECTION('',(0.,-1.));
#5117 = ( GEOMETRIC_REPRESENTATION_CONTEXT(2) 
PARAMETRIC_REPRESENTATION_CONTEXT() REPRESENTATION_CONTEXT('2D SPACE',''
  ) );
#5118 = ORIENTED_EDGE('',*,*,#5119,.F.);
#5119 = EDGE_CURVE('',#2821,#5097,#5120,.T.);
#5120 = SURFACE_CURVE('',#5121,(#5125,#5132),.PCURVE_S1.);
#5121 = LINE('',#5122,#5123);
#5122 = CARTESIAN_POINT('',(-9.,67.,16.));
#5123 = VECTOR('',#5124,1.);
#5124 = DIRECTION('',(0.,0.,-1.));
#5125 = PCURVE('',#2451,#5126);
#5126 = DEFINITIONAL_REPRESENTATION('',(#5127),#5131);
#5127 = LINE('',#5128,#5129);
#5128 = CARTESIAN_POINT('',(0.,0.));
#5129 = VECTOR('',#5130,1.);
#5130 = DIRECTION('',(1.,0.));
#5131 = ( GEOMETRIC_REPRESENTATION_CONTEXT(2) 
PARAMETRIC_REPRESENTATION_CONTEXT() REPRESENTATION_CONTEXT('2D SPACE',''
  ) );
#5132 = PCURVE('',#2871,#5133);
#5133 = DEFINITIONAL_REPRESENTATION('',(#5134),#5138);
#5134 = LINE('',#5135,#5136);
#5135 = CARTESIAN_POINT('',(-7.895130918971,-1.75228172788));
#5136 = VECTOR('',#5137,1.);
#5137 = DIRECTION('',(1.,0.));
#5138 = ( GEOMETRIC_REPRESENTATION_CONTEXT(2) 
PARAMETRIC_REPRESENTATION_CONTEXT() REPRESENTATION_CONTEXT('2D SPACE',''
  ) );
#5139 = ADVANCED_FACE('',(#5140),#2631,.T.);
#5140 = FACE_BOUND('',#5141,.T.);
#5141 = EDGE_LOOP('',(#5142,#5170,#5171,#5172,#5195,#5216));
#5142 = ORIENTED_EDGE('',*,*,#5143,.T.);
#5143 = EDGE_CURVE('',#5144,#2616,#5146,.T.);
#5144 = VERTEX_POINT('',#5145);
#5145 = CARTESIAN_POINT('',(8.2,67.,3.));
#5146 = SURFACE_CURVE('',#5147,(#5151,#5158),.PCURVE_S1.);
#5147 = LINE('',#5148,#5149);
#5148 = CARTESIAN_POINT('',(8.2,67.,3.));
#5149 = VECTOR('',#5150,1.);
#5150 = DIRECTION('',(0.,0.,1.));
#5151 = PCURVE('',#2631,#5152);
#5152 = DEFINITIONAL_REPRESENTATION('',(#5153),#5157);
#5153 = LINE('',#5154,#5155);
#5154 = CARTESIAN_POINT('',(13.,-2.2));
#5155 = VECTOR('',#5156,1.);
#5156 = DIRECTION('',(-1.,0.));
#5157 = ( GEOMETRIC_REPRESENTATION_CONTEXT(2) 
PARAMETRIC_REPRESENTATION_CONTEXT() REPRESENTATION_CONTEXT('2D SPACE',''
  ) );
#5158 = PCURVE('',#5159,#5164);
#5159 = CYLINDRICAL_SURFACE('',#5160,0.8);
#5160 = AXIS2_PLACEMENT_3D('',#5161,#5162,#5163);
#5161 = CARTESIAN_POINT('',(8.2,67.8,3.));
#5162 = DIRECTION('',(0.,0.,1.));
#5163 = DIRECTION('',(1.,0.,-0.));
#5164 = DEFINITIONAL_REPRESENTATION('',(#5165),#5169);
#5165 = LINE('',#5166,#5167);
#5166 = CARTESIAN_POINT('',(-1.570796326795,0.));
#5167 = VECTOR('',#5168,1.);
#5168 = DIRECTION('',(-0.,1.));
#5169 = ( GEOMETRIC_REPRESENTATION_CONTEXT(2) 
PARAMETRIC_REPRESENTATION_CONTEXT() REPRESENTATION_CONTEXT('2D SPACE',''
  ) );
#5170 = ORIENTED_EDGE('',*,*,#2615,.T.);
#5171 = ORIENTED_EDGE('',*,*,#3175,.T.);
#5172 = ORIENTED_EDGE('',*,*,#5173,.T.);
#5173 = EDGE_CURVE('',#3096,#5174,#5176,.T.);
#5174 = VERTEX_POINT('',#5175);
#5175 = CARTESIAN_POINT('',(9.,67.,3.));
#5176 = SURFACE_CURVE('',#5177,(#5181,#5188),.PCURVE_S1.);
#5177 = LINE('',#5178,#5179);
#5178 = CARTESIAN_POINT('',(9.,67.,16.));
#5179 = VECTOR('',#5180,1.);
#5180 = DIRECTION('',(0.,0.,-1.));
#5181 = PCURVE('',#2631,#5182);
#5182 = DEFINITIONAL_REPRESENTATION('',(#5183),#5187);
#5183 = LINE('',#5184,#5185);
#5184 = CARTESIAN_POINT('',(0.,-3.));
#5185 = VECTOR('',#5186,1.);
#5186 = DIRECTION('',(1.,0.));
#5187 = ( GEOMETRIC_REPRESENTATION_CONTEXT(2) 
PARAMETRIC_REPRESENTATION_CONTEXT() REPRESENTATION_CONTEXT('2D SPACE',''
  ) );
#5188 = PCURVE('',#3146,#5189);
#5189 = DEFINITIONAL_REPRESENTATION('',(#5190),#5194);
#5190 = LINE('',#5191,#5192);
#5191 = CARTESIAN_POINT('',(-7.895130918971,-1.75228172788));
#5192 = VECTOR('',#5193,1.);
#5193 = DIRECTION('',(1.,0.));
#5194 = ( GEOMETRIC_REPRESENTATION_CONTEXT(2) 
PARAMETRIC_REPRESENTATION_CONTEXT() REPRESENTATION_CONTEXT('2D SPACE',''
  ) );
#5195 = ORIENTED_EDGE('',*,*,#5196,.F.);
#5196 = EDGE_CURVE('',#3662,#5174,#5197,.T.);
#5197 = SURFACE_CURVE('',#5198,(#5202,#5209),.PCURVE_S1.);
#5198 = LINE('',#5199,#5200);
#5199 = CARTESIAN_POINT('',(6.,67.,3.));
#5200 = VECTOR('',#5201,1.);
#5201 = DIRECTION('',(1.,0.,0.));
#5202 = PCURVE('',#2631,#5203);
#5203 = DEFINITIONAL_REPRESENTATION('',(#5204),#5208);
#5204 = LINE('',#5205,#5206);
#5205 = CARTESIAN_POINT('',(13.,0.));
#5206 = VECTOR('',#5207,1.);
#5207 = DIRECTION('',(0.,-1.));
#5208 = ( GEOMETRIC_REPRESENTATION_CONTEXT(2) 
PARAMETRIC_REPRESENTATION_CONTEXT() REPRESENTATION_CONTEXT('2D SPACE',''
  ) );
#5209 = PCURVE('',#3059,#5210);
#5210 = DEFINITIONAL_REPRESENTATION('',(#5211),#5215);
#5211 = LINE('',#5212,#5213);
#5212 = CARTESIAN_POINT('',(0.,-0.));
#5213 = VECTOR('',#5214,1.);
#5214 = DIRECTION('',(0.,-1.));
#5215 = ( GEOMETRIC_REPRESENTATION_CONTEXT(2) 
PARAMETRIC_REPRESENTATION_CONTEXT() REPRESENTATION_CONTEXT('2D SPACE',''
  ) );
#5216 = ORIENTED_EDGE('',*,*,#5217,.F.);
#5217 = EDGE_CURVE('',#5144,#3662,#5218,.T.);
#5218 = SURFACE_CURVE('',#5219,(#5223,#5230),.PCURVE_S1.);
#5219 = LINE('',#5220,#5221);
#5220 = CARTESIAN_POINT('',(6.,67.,3.));
#5221 = VECTOR('',#5222,1.);
#5222 = DIRECTION('',(1.,0.,0.));
#5223 = PCURVE('',#2631,#5224);
#5224 = DEFINITIONAL_REPRESENTATION('',(#5225),#5229);
#5225 = LINE('',#5226,#5227);
#5226 = CARTESIAN_POINT('',(13.,0.));
#5227 = VECTOR('',#5228,1.);
#5228 = DIRECTION('',(0.,-1.));
#5229 = ( GEOMETRIC_REPRESENTATION_CONTEXT(2) 
PARAMETRIC_REPRESENTATION_CONTEXT() REPRESENTATION_CONTEXT('2D SPACE',''
  ) );
#5230 = PCURVE('',#3677,#5231);
#5231 = DEFINITIONAL_REPRESENTATION('',(#5232),#5236);
#5232 = LINE('',#5233,#5234);
#5233 = CARTESIAN_POINT('',(15.,67.));
#5234 = VECTOR('',#5235,1.);
#5235 = DIRECTION('',(1.,0.));
#5236 = ( GEOMETRIC_REPRESENTATION_CONTEXT(2) 
PARAMETRIC_REPRESENTATION_CONTEXT() REPRESENTATION_CONTEXT('2D SPACE',''
  ) );
#5237 = ADVANCED_FACE('',(#5238),#2767,.T.);
#5238 = FACE_BOUND('',#5239,.T.);
#5239 = EDGE_LOOP('',(#5240,#5241,#5242,#5263));
#5240 = ORIENTED_EDGE('',*,*,#3349,.F.);
#5241 = ORIENTED_EDGE('',*,*,#2669,.T.);
#5242 = ORIENTED_EDGE('',*,*,#5243,.F.);
#5243 = EDGE_CURVE('',#5097,#2670,#5244,.T.);
#5244 = SURFACE_CURVE('',#5245,(#5249,#5256),.PCURVE_S1.);
#5245 = LINE('',#5246,#5247);
#5246 = CARTESIAN_POINT('',(-9.,67.,3.));
#5247 = VECTOR('',#5248,1.);
#5248 = DIRECTION('',(0.,-1.,0.));
#5249 = PCURVE('',#2767,#5250);
#5250 = DEFINITIONAL_REPRESENTATION('',(#5251),#5255);
#5251 = LINE('',#5252,#5253);
#5252 = CARTESIAN_POINT('',(0.,-0.));
#5253 = VECTOR('',#5254,1.);
#5254 = DIRECTION('',(1.,0.));
#5255 = ( GEOMETRIC_REPRESENTATION_CONTEXT(2) 
PARAMETRIC_REPRESENTATION_CONTEXT() REPRESENTATION_CONTEXT('2D SPACE',''
  ) );
#5256 = PCURVE('',#2871,#5257);
#5257 = DEFINITIONAL_REPRESENTATION('',(#5258),#5262);
#5258 = LINE('',#5259,#5260);
#5259 = CARTESIAN_POINT('',(5.104869081029,-1.75228172788));
#5260 = VECTOR('',#5261,1.);
#5261 = DIRECTION('',(0.,1.));
#5262 = ( GEOMETRIC_REPRESENTATION_CONTEXT(2) 
PARAMETRIC_REPRESENTATION_CONTEXT() REPRESENTATION_CONTEXT('2D SPACE',''
  ) );
#5263 = ORIENTED_EDGE('',*,*,#5096,.T.);
#5264 = ADVANCED_FACE('',(#5265),#2871,.T.);
#5265 = FACE_BOUND('',#5266,.T.);
#5266 = EDGE_LOOP('',(#5267,#5268,#5269));
#5267 = ORIENTED_EDGE('',*,*,#5119,.T.);
#5268 = ORIENTED_EDGE('',*,*,#5243,.T.);
#5269 = ORIENTED_EDGE('',*,*,#2820,.T.);
#5270 = ADVANCED_FACE('',(#5271),#3059,.T.);
#5271 = FACE_BOUND('',#5272,.T.);
#5272 = EDGE_LOOP('',(#5273,#5274,#5275,#5276));
#5273 = ORIENTED_EDGE('',*,*,#2995,.F.);
#5274 = ORIENTED_EDGE('',*,*,#3689,.F.);
#5275 = ORIENTED_EDGE('',*,*,#5196,.T.);
#5276 = ORIENTED_EDGE('',*,*,#5277,.T.);
#5277 = EDGE_CURVE('',#5174,#2996,#5278,.T.);
#5278 = SURFACE_CURVE('',#5279,(#5283,#5290),.PCURVE_S1.);
#5279 = LINE('',#5280,#5281);
#5280 = CARTESIAN_POINT('',(9.,67.,3.));
#5281 = VECTOR('',#5282,1.);
#5282 = DIRECTION('',(0.,-1.,0.));
#5283 = PCURVE('',#3059,#5284);
#5284 = DEFINITIONAL_REPRESENTATION('',(#5285),#5289);
#5285 = LINE('',#5286,#5287);
#5286 = CARTESIAN_POINT('',(0.,-3.));
#5287 = VECTOR('',#5288,1.);
#5288 = DIRECTION('',(1.,0.));
#5289 = ( GEOMETRIC_REPRESENTATION_CONTEXT(2) 
PARAMETRIC_REPRESENTATION_CONTEXT() REPRESENTATION_CONTEXT('2D SPACE',''
  ) );
#5290 = PCURVE('',#3146,#5291);
#5291 = DEFINITIONAL_REPRESENTATION('',(#5292),#5296);
#5292 = LINE('',#5293,#5294);
#5293 = CARTESIAN_POINT('',(5.104869081029,-1.75228172788));
#5294 = VECTOR('',#5295,1.);
#5295 = DIRECTION('',(0.,1.));
#5296 = ( GEOMETRIC_REPRESENTATION_CONTEXT(2) 
PARAMETRIC_REPRESENTATION_CONTEXT() REPRESENTATION_CONTEXT('2D SPACE',''
  ) );
#5297 = ADVANCED_FACE('',(#5298),#3146,.F.);
#5298 = FACE_BOUND('',#5299,.F.);
#5299 = EDGE_LOOP('',(#5300,#5301,#5302));
#5300 = ORIENTED_EDGE('',*,*,#5173,.T.);
#5301 = ORIENTED_EDGE('',*,*,#5277,.T.);
#5302 = ORIENTED_EDGE('',*,*,#3095,.T.);
#5303 = ADVANCED_FACE('',(#5304),#3287,.F.);
#5304 = FACE_BOUND('',#5305,.F.);
#5305 = EDGE_LOOP('',(#5306,#5329,#5357,#5385,#5413,#5441,#5474,#5682,
    #5710,#5733,#5754));
#5306 = ORIENTED_EDGE('',*,*,#5307,.F.);
#5307 = EDGE_CURVE('',#5308,#3270,#5310,.T.);
#5308 = VERTEX_POINT('',#5309);
#5309 = CARTESIAN_POINT('',(-9.,4.,0.2));
#5310 = SURFACE_CURVE('',#5311,(#5315,#5322),.PCURVE_S1.);
#5311 = LINE('',#5312,#5313);
#5312 = CARTESIAN_POINT('',(-9.,4.,0.));
#5313 = VECTOR('',#5314,1.);
#5314 = DIRECTION('',(0.,0.,1.));
#5315 = PCURVE('',#3287,#5316);
#5316 = DEFINITIONAL_REPRESENTATION('',(#5317),#5321);
#5317 = LINE('',#5318,#5319);
#5318 = CARTESIAN_POINT('',(0.,-4.));
#5319 = VECTOR('',#5320,1.);
#5320 = DIRECTION('',(1.,0.));
#5321 = ( GEOMETRIC_REPRESENTATION_CONTEXT(2) 
PARAMETRIC_REPRESENTATION_CONTEXT() REPRESENTATION_CONTEXT('2D SPACE',''
  ) );
#5322 = PCURVE('',#4724,#5323);
#5323 = DEFINITIONAL_REPRESENTATION('',(#5324),#5328);
#5324 = LINE('',#5325,#5326);
#5325 = CARTESIAN_POINT('',(0.,0.));
#5326 = VECTOR('',#5327,1.);
#5327 = DIRECTION('',(0.,1.));
#5328 = ( GEOMETRIC_REPRESENTATION_CONTEXT(2) 
PARAMETRIC_REPRESENTATION_CONTEXT() REPRESENTATION_CONTEXT('2D SPACE',''
  ) );
#5329 = ORIENTED_EDGE('',*,*,#5330,.T.);
#5330 = EDGE_CURVE('',#5308,#5331,#5333,.T.);
#5331 = VERTEX_POINT('',#5332);
#5332 = CARTESIAN_POINT('',(-9.,86.,0.2));
#5333 = SURFACE_CURVE('',#5334,(#5338,#5345),.PCURVE_S1.);
#5334 = LINE('',#5335,#5336);
#5335 = CARTESIAN_POINT('',(-9.,4.,0.2));
#5336 = VECTOR('',#5337,1.);
#5337 = DIRECTION('',(0.,1.,0.));
#5338 = PCURVE('',#3287,#5339);
#5339 = DEFINITIONAL_REPRESENTATION('',(#5340),#5344);
#5340 = LINE('',#5341,#5342);
#5341 = CARTESIAN_POINT('',(0.2,-4.));
#5342 = VECTOR('',#5343,1.);
#5343 = DIRECTION('',(0.,-1.));
#5344 = ( GEOMETRIC_REPRESENTATION_CONTEXT(2) 
PARAMETRIC_REPRESENTATION_CONTEXT() REPRESENTATION_CONTEXT('2D SPACE',''
  ) );
#5345 = PCURVE('',#5346,#5351);
#5346 = CYLINDRICAL_SURFACE('',#5347,0.2);
#5347 = AXIS2_PLACEMENT_3D('',#5348,#5349,#5350);
#5348 = CARTESIAN_POINT('',(-8.8,4.,0.2));
#5349 = DIRECTION('',(0.,1.,0.));
#5350 = DIRECTION('',(-1.,0.,0.));
#5351 = DEFINITIONAL_REPRESENTATION('',(#5352),#5356);
#5352 = LINE('',#5353,#5354);
#5353 = CARTESIAN_POINT('',(-0.,0.));
#5354 = VECTOR('',#5355,1.);
#5355 = DIRECTION('',(-0.,1.));
#5356 = ( GEOMETRIC_REPRESENTATION_CONTEXT(2) 
PARAMETRIC_REPRESENTATION_CONTEXT() REPRESENTATION_CONTEXT('2D SPACE',''
  ) );
#5357 = ORIENTED_EDGE('',*,*,#5358,.F.);
#5358 = EDGE_CURVE('',#5359,#5331,#5361,.T.);
#5359 = VERTEX_POINT('',#5360);
#5360 = CARTESIAN_POINT('',(-9.,86.,4.4));
#5361 = SURFACE_CURVE('',#5362,(#5366,#5373),.PCURVE_S1.);
#5362 = LINE('',#5363,#5364);
#5363 = CARTESIAN_POINT('',(-9.,86.,5.));
#5364 = VECTOR('',#5365,1.);
#5365 = DIRECTION('',(0.,0.,-1.));
#5366 = PCURVE('',#3287,#5367);
#5367 = DEFINITIONAL_REPRESENTATION('',(#5368),#5372);
#5368 = LINE('',#5369,#5370);
#5369 = CARTESIAN_POINT('',(5.,-86.));
#5370 = VECTOR('',#5371,1.);
#5371 = DIRECTION('',(-1.,0.));
#5372 = ( GEOMETRIC_REPRESENTATION_CONTEXT(2) 
PARAMETRIC_REPRESENTATION_CONTEXT() REPRESENTATION_CONTEXT('2D SPACE',''
  ) );
#5373 = PCURVE('',#5374,#5379);
#5374 = CYLINDRICAL_SURFACE('',#5375,4.);
#5375 = AXIS2_PLACEMENT_3D('',#5376,#5377,#5378);
#5376 = CARTESIAN_POINT('',(-5.,86.,0.));
#5377 = DIRECTION('',(0.,0.,1.));
#5378 = DIRECTION('',(-1.,-0.,0.));
#5379 = DEFINITIONAL_REPRESENTATION('',(#5380),#5384);
#5380 = LINE('',#5381,#5382);
#5381 = CARTESIAN_POINT('',(-0.,5.));
#5382 = VECTOR('',#5383,1.);
#5383 = DIRECTION('',(-0.,-1.));
#5384 = ( GEOMETRIC_REPRESENTATION_CONTEXT(2) 
PARAMETRIC_REPRESENTATION_CONTEXT() REPRESENTATION_CONTEXT('2D SPACE',''
  ) );
#5385 = ORIENTED_EDGE('',*,*,#5386,.F.);
#5386 = EDGE_CURVE('',#5387,#5359,#5389,.T.);
#5387 = VERTEX_POINT('',#5388);
#5388 = CARTESIAN_POINT('',(-9.,80.,4.4));
#5389 = SURFACE_CURVE('',#5390,(#5394,#5401),.PCURVE_S1.);
#5390 = LINE('',#5391,#5392);
#5391 = CARTESIAN_POINT('',(-9.,80.,4.4));
#5392 = VECTOR('',#5393,1.);
#5393 = DIRECTION('',(0.,1.,0.));
#5394 = PCURVE('',#3287,#5395);
#5395 = DEFINITIONAL_REPRESENTATION('',(#5396),#5400);
#5396 = LINE('',#5397,#5398);
#5397 = CARTESIAN_POINT('',(4.4,-80.));
#5398 = VECTOR('',#5399,1.);
#5399 = DIRECTION('',(0.,-1.));
#5400 = ( GEOMETRIC_REPRESENTATION_CONTEXT(2) 
PARAMETRIC_REPRESENTATION_CONTEXT() REPRESENTATION_CONTEXT('2D SPACE',''
  ) );
#5401 = PCURVE('',#5402,#5407);
#5402 = CYLINDRICAL_SURFACE('',#5403,0.6);
#5403 = AXIS2_PLACEMENT_3D('',#5404,#5405,#5406);
#5404 = CARTESIAN_POINT('',(-8.4,80.,4.4));
#5405 = DIRECTION('',(0.,1.,0.));
#5406 = DIRECTION('',(0.,-0.,1.));
#5407 = DEFINITIONAL_REPRESENTATION('',(#5408),#5412);
#5408 = LINE('',#5409,#5410);
#5409 = CARTESIAN_POINT('',(4.712388980385,0.));
#5410 = VECTOR('',#5411,1.);
#5411 = DIRECTION('',(0.,1.));
#5412 = ( GEOMETRIC_REPRESENTATION_CONTEXT(2) 
PARAMETRIC_REPRESENTATION_CONTEXT() REPRESENTATION_CONTEXT('2D SPACE',''
  ) );
#5413 = ORIENTED_EDGE('',*,*,#5414,.T.);
#5414 = EDGE_CURVE('',#5387,#5415,#5417,.T.);
#5415 = VERTEX_POINT('',#5416);
#5416 = CARTESIAN_POINT('',(-9.,80.,5.));
#5417 = SURFACE_CURVE('',#5418,(#5422,#5429),.PCURVE_S1.);
#5418 = LINE('',#5419,#5420);
#5419 = CARTESIAN_POINT('',(-9.,80.,4.4));
#5420 = VECTOR('',#5421,1.);
#5421 = DIRECTION('',(0.,0.,1.));
#5422 = PCURVE('',#3287,#5423);
#5423 = DEFINITIONAL_REPRESENTATION('',(#5424),#5428);
#5424 = LINE('',#5425,#5426);
#5425 = CARTESIAN_POINT('',(4.4,-80.));
#5426 = VECTOR('',#5427,1.);
#5427 = DIRECTION('',(1.,0.));
#5428 = ( GEOMETRIC_REPRESENTATION_CONTEXT(2) 
PARAMETRIC_REPRESENTATION_CONTEXT() REPRESENTATION_CONTEXT('2D SPACE',''
  ) );
#5429 = PCURVE('',#5430,#5435);
#5430 = PLANE('',#5431);
#5431 = AXIS2_PLACEMENT_3D('',#5432,#5433,#5434);
#5432 = CARTESIAN_POINT('',(-9.,80.,4.4));
#5433 = DIRECTION('',(0.,1.,0.));
#5434 = DIRECTION('',(0.,0.,1.));
#5435 = DEFINITIONAL_REPRESENTATION('',(#5436),#5440);
#5436 = LINE('',#5437,#5438);
#5437 = CARTESIAN_POINT('',(0.,0.));
#5438 = VECTOR('',#5439,1.);
#5439 = DIRECTION('',(1.,0.));
#5440 = ( GEOMETRIC_REPRESENTATION_CONTEXT(2) 
PARAMETRIC_REPRESENTATION_CONTEXT() REPRESENTATION_CONTEXT('2D SPACE',''
  ) );
#5441 = ORIENTED_EDGE('',*,*,#5442,.F.);
#5442 = EDGE_CURVE('',#5443,#5415,#5445,.T.);
#5443 = VERTEX_POINT('',#5444);
#5444 = CARTESIAN_POINT('',(-9.,79.331644513449,4.479228315432));
#5445 = SURFACE_CURVE('',#5446,(#5451,#5459),.PCURVE_S1.);
#5446 = B_SPLINE_CURVE_WITH_KNOTS('',3,(#5447,#5448,#5449,#5450),
  .UNSPECIFIED.,.F.,.F.,(4,4),(0.,1.),.PIECEWISE_BEZIER_KNOTS.);
#5447 = CARTESIAN_POINT('',(-9.,78.,3.));
#5448 = CARTESIAN_POINT('',(-9.,78.666666666667,3.));
#5449 = CARTESIAN_POINT('',(-9.,79.333333333333,5.));
#5450 = CARTESIAN_POINT('',(-9.,80.,5.));
#5451 = PCURVE('',#3287,#5452);
#5452 = DEFINITIONAL_REPRESENTATION('',(#5453),#5458);
#5453 = B_SPLINE_CURVE_WITH_KNOTS('',3,(#5454,#5455,#5456,#5457),
  .UNSPECIFIED.,.F.,.F.,(4,4),(0.,1.),.PIECEWISE_BEZIER_KNOTS.);
#5454 = CARTESIAN_POINT('',(3.,-78.));
#5455 = CARTESIAN_POINT('',(3.,-78.66666666666));
#5456 = CARTESIAN_POINT('',(5.,-79.33333333333));
#5457 = CARTESIAN_POINT('',(5.,-80.));
#5458 = ( GEOMETRIC_REPRESENTATION_CONTEXT(2) 
PARAMETRIC_REPRESENTATION_CONTEXT() REPRESENTATION_CONTEXT('2D SPACE',''
  ) );
#5459 = PCURVE('',#5460,#5468);
#5460 = SURFACE_OF_LINEAR_EXTRUSION('',#5461,#5466);
#5461 = B_SPLINE_CURVE_WITH_KNOTS('',3,(#5462,#5463,#5464,#5465),
  .UNSPECIFIED.,.F.,.F.,(4,4),(0.,1.),.PIECEWISE_BEZIER_KNOTS.);
#5462 = CARTESIAN_POINT('',(-9.,78.,3.));
#5463 = CARTESIAN_POINT('',(-9.,78.666666666667,3.));
#5464 = CARTESIAN_POINT('',(-9.,79.333333333333,5.));
#5465 = CARTESIAN_POINT('',(-9.,80.,5.));
#5466 = VECTOR('',#5467,1.);
#5467 = DIRECTION('',(-1.,-0.,-0.));
#5468 = DEFINITIONAL_REPRESENTATION('',(#5469),#5473);
#5469 = LINE('',#5470,#5471);
#5470 = CARTESIAN_POINT('',(0.,0.));
#5471 = VECTOR('',#5472,1.);
#5472 = DIRECTION('',(1.,0.));
#5473 = ( GEOMETRIC_REPRESENTATION_CONTEXT(2) 
PARAMETRIC_REPRESENTATION_CONTEXT() REPRESENTATION_CONTEXT('2D SPACE',''
  ) );
#5474 = ORIENTED_EDGE('',*,*,#5475,.T.);
#5475 = EDGE_CURVE('',#5443,#5476,#5478,.T.);
#5476 = VERTEX_POINT('',#5477);
#5477 = CARTESIAN_POINT('',(-9.,73.,14.093928792278));
#5478 = SURFACE_CURVE('',#5479,(#5518,#5560),.PCURVE_S1.);
#5479 = B_SPLINE_CURVE_WITH_KNOTS('',13,(#5480,#5481,#5482,#5483,#5484,
    #5485,#5486,#5487,#5488,#5489,#5490,#5491,#5492,#5493,#5494,#5495,
    #5496,#5497,#5498,#5499,#5500,#5501,#5502,#5503,#5504,#5505,#5506,
    #5507,#5508,#5509,#5510,#5511,#5512,#5513,#5514,#5515,#5516,#5517),
  .UNSPECIFIED.,.F.,.F.,(14,12,12,14),(-0.794399493455,
    3.714808400532E-14,13.61845532117,14.083563821864),.UNSPECIFIED.);
#5480 = CARTESIAN_POINT('',(-9.,80.794399493455,4.400000000001));
#5481 = CARTESIAN_POINT('',(-9.,80.712055459647,4.400000000001));
#5482 = CARTESIAN_POINT('',(-9.,80.633250822584,4.400000000001));
#5483 = CARTESIAN_POINT('',(-9.,80.557985582265,4.400000000001));
#5484 = CARTESIAN_POINT('',(-9.,80.48625973869,4.400000000001));
#5485 = CARTESIAN_POINT('',(-9.,80.418073291859,4.400000000001));
#5486 = CARTESIAN_POINT('',(-9.,80.353426241772,4.4));
#5487 = CARTESIAN_POINT('',(-9.,80.292318588429,4.4));
#5488 = CARTESIAN_POINT('',(-9.,80.234750331831,4.4));
#5489 = CARTESIAN_POINT('',(-9.,80.180721471976,4.4));
#5490 = CARTESIAN_POINT('',(-9.,80.130232008866,4.4));
#5491 = CARTESIAN_POINT('',(-9.,80.0832819425,4.4));
#5492 = CARTESIAN_POINT('',(-9.,80.039871272878,4.4));
#5493 = CARTESIAN_POINT('',(-8.999999999998,79.316483516467,
    4.399999999999));
#5494 = CARTESIAN_POINT('',(-9.000000000008,78.63327733803,4.5789665031)
  );
#5495 = CARTESIAN_POINT('',(-8.999999999978,77.979403858138,
    4.937085625297));
#5496 = CARTESIAN_POINT('',(-9.000000000044,77.407402372496,
    5.445780630111));
#5497 = CARTESIAN_POINT('',(-8.999999999933,76.825544792769,
    6.01770746738));
#5498 = CARTESIAN_POINT('',(-9.000000000081,76.255997874848,
    6.809303427018));
#5499 = CARTESIAN_POINT('',(-8.999999999923,75.712067543255,
    7.649487214064));
#5500 = CARTESIAN_POINT('',(-9.000000000059,75.148929676849,
    8.689163249757));
#5501 = CARTESIAN_POINT('',(-8.999999999963,74.607214641201,
    9.828015879765));
#5502 = CARTESIAN_POINT('',(-9.000000000018,74.058197179572,
    11.121118891631));
#5503 = CARTESIAN_POINT('',(-8.999999999994,73.514259595162,
    12.547129118485));
#5504 = CARTESIAN_POINT('',(-9.000000000001,72.970749369345,
    14.113062602565));
#5505 = CARTESIAN_POINT('',(-9.,72.409716468011,15.87630886386));
#5506 = CARTESIAN_POINT('',(-9.,72.391188404029,15.934539922086));
#5507 = CARTESIAN_POINT('',(-9.,72.372660340047,15.992770980313));
#5508 = CARTESIAN_POINT('',(-9.,72.354132276066,16.051002038539));
#5509 = CARTESIAN_POINT('',(-9.,72.335604212084,16.109233096765));
#5510 = CARTESIAN_POINT('',(-9.,72.317076148103,16.167464154991));
#5511 = CARTESIAN_POINT('',(-9.,72.298548084121,16.225695213217));
#5512 = CARTESIAN_POINT('',(-9.,72.28002002014,16.283926271444));
#5513 = CARTESIAN_POINT('',(-9.,72.261491956158,16.34215732967));
#5514 = CARTESIAN_POINT('',(-9.,72.242963892177,16.400388387896));
#5515 = CARTESIAN_POINT('',(-8.999999999999,72.224435828195,
    16.458619446122));
#5516 = CARTESIAN_POINT('',(-8.999999999999,72.205907764214,
    16.516850504349));
#5517 = CARTESIAN_POINT('',(-8.999999999999,72.187379700232,
    16.575081562575));
#5518 = PCURVE('',#3287,#5519);
#5519 = DEFINITIONAL_REPRESENTATION('',(#5520),#5559);
#5520 = B_SPLINE_CURVE_WITH_KNOTS('',13,(#5521,#5522,#5523,#5524,#5525,
    #5526,#5527,#5528,#5529,#5530,#5531,#5532,#5533,#5534,#5535,#5536,
    #5537,#5538,#5539,#5540,#5541,#5542,#5543,#5544,#5545,#5546,#5547,
    #5548,#5549,#5550,#5551,#5552,#5553,#5554,#5555,#5556,#5557,#5558),
  .UNSPECIFIED.,.F.,.F.,(14,12,12,14),(-0.794399493455,
    3.714808400532E-14,13.61845532117,14.083563821864),.UNSPECIFIED.);
#5521 = CARTESIAN_POINT('',(4.400000000001,-80.79439949345));
#5522 = CARTESIAN_POINT('',(4.400000000001,-80.71205545964));
#5523 = CARTESIAN_POINT('',(4.400000000001,-80.63325082258));
#5524 = CARTESIAN_POINT('',(4.400000000001,-80.55798558226));
#5525 = CARTESIAN_POINT('',(4.400000000001,-80.48625973869));
#5526 = CARTESIAN_POINT('',(4.400000000001,-80.41807329185));
#5527 = CARTESIAN_POINT('',(4.4,-80.35342624177));
#5528 = CARTESIAN_POINT('',(4.4,-80.29231858842));
#5529 = CARTESIAN_POINT('',(4.4,-80.23475033183));
#5530 = CARTESIAN_POINT('',(4.4,-80.18072147197));
#5531 = CARTESIAN_POINT('',(4.4,-80.13023200886));
#5532 = CARTESIAN_POINT('',(4.4,-80.0832819425));
#5533 = CARTESIAN_POINT('',(4.4,-80.03987127287));
#5534 = CARTESIAN_POINT('',(4.399999999999,-79.31648351646));
#5535 = CARTESIAN_POINT('',(4.5789665031,-78.63327733803));
#5536 = CARTESIAN_POINT('',(4.937085625297,-77.97940385813));
#5537 = CARTESIAN_POINT('',(5.445780630111,-77.40740237249));
#5538 = CARTESIAN_POINT('',(6.01770746738,-76.82554479276));
#5539 = CARTESIAN_POINT('',(6.809303427018,-76.25599787484));
#5540 = CARTESIAN_POINT('',(7.649487214064,-75.71206754325));
#5541 = CARTESIAN_POINT('',(8.689163249757,-75.14892967684));
#5542 = CARTESIAN_POINT('',(9.828015879765,-74.6072146412));
#5543 = CARTESIAN_POINT('',(11.121118891631,-74.05819717957));
#5544 = CARTESIAN_POINT('',(12.547129118485,-73.51425959516));
#5545 = CARTESIAN_POINT('',(14.113062602565,-72.97074936934));
#5546 = CARTESIAN_POINT('',(15.87630886386,-72.40971646801));
#5547 = CARTESIAN_POINT('',(15.934539922086,-72.39118840402));
#5548 = CARTESIAN_POINT('',(15.992770980313,-72.37266034004));
#5549 = CARTESIAN_POINT('',(16.051002038539,-72.35413227606));
#5550 = CARTESIAN_POINT('',(16.109233096765,-72.33560421208));
#5551 = CARTESIAN_POINT('',(16.167464154991,-72.3170761481));
#5552 = CARTESIAN_POINT('',(16.225695213217,-72.29854808412));
#5553 = CARTESIAN_POINT('',(16.283926271444,-72.28002002014));
#5554 = CARTESIAN_POINT('',(16.34215732967,-72.26149195615));
#5555 = CARTESIAN_POINT('',(16.400388387896,-72.24296389217));
#5556 = CARTESIAN_POINT('',(16.458619446122,-72.22443582819));
#5557 = CARTESIAN_POINT('',(16.516850504349,-72.20590776421));
#5558 = CARTESIAN_POINT('',(16.575081562575,-72.18737970023));
#5559 = ( GEOMETRIC_REPRESENTATION_CONTEXT(2) 
PARAMETRIC_REPRESENTATION_CONTEXT() REPRESENTATION_CONTEXT('2D SPACE',''
  ) );
#5560 = PCURVE('',#5561,#5676);
#5561 = ( BOUNDED_SURFACE() B_SPLINE_SURFACE(2,13,(
    (#5562,#5563,#5564,#5565,#5566,#5567,#5568,#5569,#5570,#5571,#5572
      ,#5573,#5574,#5575,#5576,#5577,#5578,#5579,#5580,#5581,#5582,#5583
      ,#5584,#5585,#5586,#5587,#5588,#5589,#5590,#5591,#5592,#5593,#5594
      ,#5595,#5596,#5597,#5598,#5599)
    ,(#5600,#5601,#5602,#5603,#5604,#5605,#5606,#5607,#5608,#5609,#5610
      ,#5611,#5612,#5613,#5614,#5615,#5616,#5617,#5618,#5619,#5620,#5621
      ,#5622,#5623,#5624,#5625,#5626,#5627,#5628,#5629,#5630,#5631,#5632
      ,#5633,#5634,#5635,#5636,#5637)
    ,(#5638,#5639,#5640,#5641,#5642,#5643,#5644,#5645,#5646,#5647,#5648
      ,#5649,#5650,#5651,#5652,#5653,#5654,#5655,#5656,#5657,#5658,#5659
      ,#5660,#5661,#5662,#5663,#5664,#5665,#5666,#5667,#5668,#5669,#5670
      ,#5671,#5672,#5673,#5674,#5675
)),.UNSPECIFIED.,.F.,.F.,.F.) B_SPLINE_SURFACE_WITH_KNOTS((3,3),(14,12,
    12,14),(0.,13.61845532117),(-0.794399493455,3.714808400532E-14,
    13.61845532117,14.083563821864),.UNSPECIFIED.) 
GEOMETRIC_REPRESENTATION_ITEM() RATIONAL_B_SPLINE_SURFACE((
    (1.,1.,1.,1.,1.,1.,1.,1.,1.,1.,1.,1.,1.,1.,1.,1.,1.,1.,1.,1.,1.,1.
      ,1.,1.,1.,1.,1.,1.,1.,1.,1.,1.,1.,1.,1.,1.,1.,1.)
    ,(0.707106781187,0.707106781187,0.707106781187,0.707106781187
      ,0.707106781187,0.707106781187,0.707106781187,0.707106781187
      ,0.707106781187,0.707106781187,0.707106781187,0.707106781187
      ,0.707106781187,0.707106781186,0.707106781187,0.707106781185
      ,0.70710678119,0.707106781181,0.707106781193,0.707106781181
      ,0.707106781191,0.707106781184,0.707106781188,0.707106781186
      ,0.707106781187,0.707106781187,0.707106781187,0.707106781187
      ,0.707106781187,0.707106781187,0.707106781187,0.707106781187
      ,0.707106781187,0.707106781187,0.707106781187,0.707106781187
      ,0.707106781187,0.707106781187)
    ,(1.,1.,1.,1.,1.,1.,1.,1.,1.,1.,1.,1.,1.,1.,1.,1.,1.,1.,1.,1.,1.,1.
      ,1.,1.,1.,1.,1.,1.,1.,1.,1.,1.,1.,1.,1.,1.,1.,1.
))) REPRESENTATION_ITEM('') SURFACE() );
#5562 = CARTESIAN_POINT('',(-8.4,80.794399493455,5.000000000001));
#5563 = CARTESIAN_POINT('',(-8.4,80.703594031963,5.000000000001));
#5564 = CARTESIAN_POINT('',(-8.4,80.617738205162,5.000000000001));
#5565 = CARTESIAN_POINT('',(-8.4,80.536832013054,5.000000000001));
#5566 = CARTESIAN_POINT('',(-8.4,80.460875455636,5.000000000001));
#5567 = CARTESIAN_POINT('',(-8.4,80.389868532911,5.000000000001));
#5568 = CARTESIAN_POINT('',(-8.4,80.323811244876,5.000000000001));
#5569 = CARTESIAN_POINT('',(-8.4,80.262703591534,5.000000000001));
#5570 = CARTESIAN_POINT('',(-8.4,80.206545572883,5.000000000001));
#5571 = CARTESIAN_POINT('',(-8.4,80.155337188923,5.));
#5572 = CARTESIAN_POINT('',(-8.4,80.109078439655,5.));
#5573 = CARTESIAN_POINT('',(-8.4,80.067769325078,5.));
#5574 = CARTESIAN_POINT('',(-8.4,80.031409845193,5.));
#5575 = CARTESIAN_POINT('',(-8.399999999998,79.461538461523,
    4.999999999998));
#5576 = CARTESIAN_POINT('',(-8.400000000008,78.923076923149,
    5.141025641034));
#5577 = CARTESIAN_POINT('',(-8.399999999978,78.384615384418,
    5.423076923055));
#5578 = CARTESIAN_POINT('',(-8.400000000043,77.846153846548,
    5.846153846195));
#5579 = CARTESIAN_POINT('',(-8.399999999934,77.307692307091,
    6.410256410195));
#5580 = CARTESIAN_POINT('',(-8.400000000078,76.769230769952,
    7.115384615458));
#5581 = CARTESIAN_POINT('',(-8.399999999925,76.230769230078,
    7.961538461468));
#5582 = CARTESIAN_POINT('',(-8.400000000058,75.692307692841,
    8.948717948774));
#5583 = CARTESIAN_POINT('',(-8.399999999964,75.153846153517,
    10.076923076887));
#5584 = CARTESIAN_POINT('',(-8.400000000018,74.615384615544,
    11.346153846172));
#5585 = CARTESIAN_POINT('',(-8.399999999994,74.076923076866,
    12.756410256403));
#5586 = CARTESIAN_POINT('',(-8.400000000001,73.538461538474,
    14.307692307694));
#5587 = CARTESIAN_POINT('',(-8.4,72.981610026032,16.057797061041));
#5588 = CARTESIAN_POINT('',(-8.4,72.963197037062,16.115666454946));
#5589 = CARTESIAN_POINT('',(-8.4,72.944761033089,16.173608181715));
#5590 = CARTESIAN_POINT('',(-8.4,72.926302014114,16.231622241349));
#5591 = CARTESIAN_POINT('',(-8.4,72.907819980137,16.289708633847));
#5592 = CARTESIAN_POINT('',(-8.4,72.889314931158,16.347867359209));
#5593 = CARTESIAN_POINT('',(-8.4,72.870786867177,16.406098417435));
#5594 = CARTESIAN_POINT('',(-8.4,72.852235788193,16.464401808525));
#5595 = CARTESIAN_POINT('',(-8.4,72.833661694207,16.52277753248));
#5596 = CARTESIAN_POINT('',(-8.4,72.815064585219,16.581225589299));
#5597 = CARTESIAN_POINT('',(-8.399999999999,72.796444461228,
    16.639745978982));
#5598 = CARTESIAN_POINT('',(-8.399999999999,72.777801322235,
    16.698338701529));
#5599 = CARTESIAN_POINT('',(-8.399999999999,72.75913516824,
    16.757003756941));
#5600 = CARTESIAN_POINT('',(-9.,80.794399493455,5.000000000001));
#5601 = CARTESIAN_POINT('',(-9.,80.703594031962,5.000000000001));
#5602 = CARTESIAN_POINT('',(-9.,80.617738205161,5.000000000001));
#5603 = CARTESIAN_POINT('',(-9.,80.536832013051,5.));
#5604 = CARTESIAN_POINT('',(-9.,80.460875455633,5.));
#5605 = CARTESIAN_POINT('',(-9.,80.389868532907,5.));
#5606 = CARTESIAN_POINT('',(-9.,80.323811244873,5.));
#5607 = CARTESIAN_POINT('',(-9.,80.26270359153,5.));
#5608 = CARTESIAN_POINT('',(-9.,80.206545572879,5.));
#5609 = CARTESIAN_POINT('',(-9.,80.15533718892,5.));
#5610 = CARTESIAN_POINT('',(-9.,80.109078439653,5.));
#5611 = CARTESIAN_POINT('',(-9.,80.067769325077,5.));
#5612 = CARTESIAN_POINT('',(-9.,80.031409845192,5.));
#5613 = CARTESIAN_POINT('',(-9.,79.461538461539,5.));
#5614 = CARTESIAN_POINT('',(-9.,78.923076923075,5.141025641028));
#5615 = CARTESIAN_POINT('',(-9.000000000001,78.384615384619,
    5.423076923072));
#5616 = CARTESIAN_POINT('',(-8.999999999999,77.846153846149,
    5.84615384616));
#5617 = CARTESIAN_POINT('',(-9.000000000002,77.307692307694,
    6.410256410251));
#5618 = CARTESIAN_POINT('',(-8.999999999998,76.769230769235,
    7.115384615385));
#5619 = CARTESIAN_POINT('',(-9.000000000002,76.230769230759,
    7.961538461544));
#5620 = CARTESIAN_POINT('',(-8.999999999998,75.69230769232,
    8.948717948709));
#5621 = CARTESIAN_POINT('',(-9.000000000001,75.153846153836,
    10.076923076932));
#5622 = CARTESIAN_POINT('',(-8.999999999999,74.61538461539,
    11.346153846147));
#5623 = CARTESIAN_POINT('',(-9.,74.076923076921,12.756410256413));
#5624 = CARTESIAN_POINT('',(-9.,73.538461538462,14.307692307691));
#5625 = CARTESIAN_POINT('',(-9.,72.981610026032,16.057797061041));
#5626 = CARTESIAN_POINT('',(-9.,72.963197037063,16.115666454946));
#5627 = CARTESIAN_POINT('',(-9.,72.94476103309,16.173608181716));
#5628 = CARTESIAN_POINT('',(-9.,72.926302014116,16.231622241349));
#5629 = CARTESIAN_POINT('',(-9.,72.90781998014,16.289708633847));
#5630 = CARTESIAN_POINT('',(-9.,72.889314931161,16.347867359209));
#5631 = CARTESIAN_POINT('',(-9.,72.87078686718,16.406098417436));
#5632 = CARTESIAN_POINT('',(-9.,72.852235788196,16.464401808526));
#5633 = CARTESIAN_POINT('',(-9.,72.833661694211,16.522777532481));
#5634 = CARTESIAN_POINT('',(-9.,72.815064585223,16.5812255893));
#5635 = CARTESIAN_POINT('',(-9.,72.796444461232,16.639745978983));
#5636 = CARTESIAN_POINT('',(-9.,72.77780132224,16.698338701531));
#5637 = CARTESIAN_POINT('',(-9.,72.759135168245,16.757003756943));
#5638 = CARTESIAN_POINT('',(-9.,80.794399493455,4.400000000001));
#5639 = CARTESIAN_POINT('',(-9.,80.712055459647,4.400000000001));
#5640 = CARTESIAN_POINT('',(-9.,80.633250822584,4.400000000001));
#5641 = CARTESIAN_POINT('',(-9.,80.557985582265,4.400000000001));
#5642 = CARTESIAN_POINT('',(-9.,80.48625973869,4.400000000001));
#5643 = CARTESIAN_POINT('',(-9.,80.418073291859,4.400000000001));
#5644 = CARTESIAN_POINT('',(-9.,80.353426241772,4.4));
#5645 = CARTESIAN_POINT('',(-9.,80.292318588429,4.4));
#5646 = CARTESIAN_POINT('',(-9.,80.234750331831,4.4));
#5647 = CARTESIAN_POINT('',(-9.,80.180721471976,4.4));
#5648 = CARTESIAN_POINT('',(-9.,80.130232008866,4.4));
#5649 = CARTESIAN_POINT('',(-9.,80.0832819425,4.4));
#5650 = CARTESIAN_POINT('',(-9.,80.039871272878,4.4));
#5651 = CARTESIAN_POINT('',(-8.999999999998,79.316483516467,
    4.399999999999));
#5652 = CARTESIAN_POINT('',(-9.000000000008,78.63327733803,4.5789665031)
  );
#5653 = CARTESIAN_POINT('',(-8.999999999978,77.979403858138,
    4.937085625297));
#5654 = CARTESIAN_POINT('',(-9.000000000044,77.407402372496,
    5.445780630111));
#5655 = CARTESIAN_POINT('',(-8.999999999933,76.825544792769,
    6.01770746738));
#5656 = CARTESIAN_POINT('',(-9.000000000081,76.255997874848,
    6.809303427018));
#5657 = CARTESIAN_POINT('',(-8.999999999923,75.712067543255,
    7.649487214064));
#5658 = CARTESIAN_POINT('',(-9.000000000059,75.148929676849,
    8.689163249757));
#5659 = CARTESIAN_POINT('',(-8.999999999963,74.607214641201,
    9.828015879765));
#5660 = CARTESIAN_POINT('',(-9.000000000018,74.058197179572,
    11.121118891631));
#5661 = CARTESIAN_POINT('',(-8.999999999994,73.514259595162,
    12.547129118485));
#5662 = CARTESIAN_POINT('',(-9.000000000001,72.970749369345,
    14.113062602565));
#5663 = CARTESIAN_POINT('',(-9.,72.409716468011,15.87630886386));
#5664 = CARTESIAN_POINT('',(-9.,72.391188404029,15.934539922086));
#5665 = CARTESIAN_POINT('',(-9.,72.372660340047,15.992770980313));
#5666 = CARTESIAN_POINT('',(-9.,72.354132276066,16.051002038539));
#5667 = CARTESIAN_POINT('',(-9.,72.335604212084,16.109233096765));
#5668 = CARTESIAN_POINT('',(-9.,72.317076148103,16.167464154991));
#5669 = CARTESIAN_POINT('',(-9.,72.298548084121,16.225695213217));
#5670 = CARTESIAN_POINT('',(-9.,72.28002002014,16.283926271444));
#5671 = CARTESIAN_POINT('',(-9.,72.261491956158,16.34215732967));
#5672 = CARTESIAN_POINT('',(-9.,72.242963892177,16.400388387896));
#5673 = CARTESIAN_POINT('',(-8.999999999999,72.224435828195,
    16.458619446122));
#5674 = CARTESIAN_POINT('',(-8.999999999999,72.205907764214,
    16.516850504349));
#5675 = CARTESIAN_POINT('',(-8.999999999999,72.187379700232,
    16.575081562575));
#5676 = DEFINITIONAL_REPRESENTATION('',(#5677),#5681);
#5677 = LINE('',#5678,#5679);
#5678 = CARTESIAN_POINT('',(13.61845532117,0.));
#5679 = VECTOR('',#5680,1.);
#5680 = DIRECTION('',(0.,1.));
#5681 = ( GEOMETRIC_REPRESENTATION_CONTEXT(2) 
PARAMETRIC_REPRESENTATION_CONTEXT() REPRESENTATION_CONTEXT('2D SPACE',''
  ) );
#5682 = ORIENTED_EDGE('',*,*,#5683,.T.);
#5683 = EDGE_CURVE('',#5476,#5684,#5686,.T.);
#5684 = VERTEX_POINT('',#5685);
#5685 = CARTESIAN_POINT('',(-9.,73.,3.));
#5686 = SURFACE_CURVE('',#5687,(#5691,#5698),.PCURVE_S1.);
#5687 = LINE('',#5688,#5689);
#5688 = CARTESIAN_POINT('',(-9.,73.,16.));
#5689 = VECTOR('',#5690,1.);
#5690 = DIRECTION('',(0.,0.,-1.));
#5691 = PCURVE('',#3287,#5692);
#5692 = DEFINITIONAL_REPRESENTATION('',(#5693),#5697);
#5693 = LINE('',#5694,#5695);
#5694 = CARTESIAN_POINT('',(16.,-73.));
#5695 = VECTOR('',#5696,1.);
#5696 = DIRECTION('',(-1.,0.));
#5697 = ( GEOMETRIC_REPRESENTATION_CONTEXT(2) 
PARAMETRIC_REPRESENTATION_CONTEXT() REPRESENTATION_CONTEXT('2D SPACE',''
  ) );
#5698 = PCURVE('',#5699,#5704);
#5699 = PLANE('',#5700);
#5700 = AXIS2_PLACEMENT_3D('',#5701,#5702,#5703);
#5701 = CARTESIAN_POINT('',(-9.,73.,16.));
#5702 = DIRECTION('',(-0.,1.,0.));
#5703 = DIRECTION('',(0.,0.,-1.));
#5704 = DEFINITIONAL_REPRESENTATION('',(#5705),#5709);
#5705 = LINE('',#5706,#5707);
#5706 = CARTESIAN_POINT('',(0.,0.));
#5707 = VECTOR('',#5708,1.);
#5708 = DIRECTION('',(1.,0.));
#5709 = ( GEOMETRIC_REPRESENTATION_CONTEXT(2) 
PARAMETRIC_REPRESENTATION_CONTEXT() REPRESENTATION_CONTEXT('2D SPACE',''
  ) );
#5710 = ORIENTED_EDGE('',*,*,#5711,.T.);
#5711 = EDGE_CURVE('',#5684,#5712,#5714,.T.);
#5712 = VERTEX_POINT('',#5713);
#5713 = CARTESIAN_POINT('',(-9.,78.,3.));
#5714 = SURFACE_CURVE('',#5715,(#5719,#5726),.PCURVE_S1.);
#5715 = LINE('',#5716,#5717);
#5716 = CARTESIAN_POINT('',(-9.,73.,3.));
#5717 = VECTOR('',#5718,1.);
#5718 = DIRECTION('',(0.,1.,0.));
#5719 = PCURVE('',#3287,#5720);
#5720 = DEFINITIONAL_REPRESENTATION('',(#5721),#5725);
#5721 = LINE('',#5722,#5723);
#5722 = CARTESIAN_POINT('',(3.,-73.));
#5723 = VECTOR('',#5724,1.);
#5724 = DIRECTION('',(0.,-1.));
#5725 = ( GEOMETRIC_REPRESENTATION_CONTEXT(2) 
PARAMETRIC_REPRESENTATION_CONTEXT() REPRESENTATION_CONTEXT('2D SPACE',''
  ) );
#5726 = PCURVE('',#3472,#5727);
#5727 = DEFINITIONAL_REPRESENTATION('',(#5728),#5732);
#5728 = LINE('',#5729,#5730);
#5729 = CARTESIAN_POINT('',(0.,0.));
#5730 = VECTOR('',#5731,1.);
#5731 = DIRECTION('',(1.,0.));
#5732 = ( GEOMETRIC_REPRESENTATION_CONTEXT(2) 
PARAMETRIC_REPRESENTATION_CONTEXT() REPRESENTATION_CONTEXT('2D SPACE',''
  ) );
#5733 = ORIENTED_EDGE('',*,*,#5734,.F.);
#5734 = EDGE_CURVE('',#3272,#5712,#5735,.T.);
#5735 = SURFACE_CURVE('',#5736,(#5740,#5747),.PCURVE_S1.);
#5736 = LINE('',#5737,#5738);
#5737 = CARTESIAN_POINT('',(-9.,78.,2.));
#5738 = VECTOR('',#5739,1.);
#5739 = DIRECTION('',(0.,0.,1.));
#5740 = PCURVE('',#3287,#5741);
#5741 = DEFINITIONAL_REPRESENTATION('',(#5742),#5746);
#5742 = LINE('',#5743,#5744);
#5743 = CARTESIAN_POINT('',(2.,-78.));
#5744 = VECTOR('',#5745,1.);
#5745 = DIRECTION('',(1.,0.));
#5746 = ( GEOMETRIC_REPRESENTATION_CONTEXT(2) 
PARAMETRIC_REPRESENTATION_CONTEXT() REPRESENTATION_CONTEXT('2D SPACE',''
  ) );
#5747 = PCURVE('',#3499,#5748);
#5748 = DEFINITIONAL_REPRESENTATION('',(#5749),#5753);
#5749 = LINE('',#5750,#5751);
#5750 = CARTESIAN_POINT('',(0.,0.));
#5751 = VECTOR('',#5752,1.);
#5752 = DIRECTION('',(1.,0.));
#5753 = ( GEOMETRIC_REPRESENTATION_CONTEXT(2) 
PARAMETRIC_REPRESENTATION_CONTEXT() REPRESENTATION_CONTEXT('2D SPACE',''
  ) );
#5754 = ORIENTED_EDGE('',*,*,#3269,.F.);
#5755 = ADVANCED_FACE('',(#5756),#3499,.T.);
#5756 = FACE_BOUND('',#5757,.T.);
#5757 = EDGE_LOOP('',(#5758,#5759,#5760));
#5758 = ORIENTED_EDGE('',*,*,#5734,.F.);
#5759 = ORIENTED_EDGE('',*,*,#3484,.T.);
#5760 = ORIENTED_EDGE('',*,*,#5761,.F.);
#5761 = EDGE_CURVE('',#5712,#3457,#5762,.T.);
#5762 = SURFACE_CURVE('',#5763,(#5767,#5774),.PCURVE_S1.);
#5763 = LINE('',#5764,#5765);
#5764 = CARTESIAN_POINT('',(-9.,78.,3.));
#5765 = VECTOR('',#5766,1.);
#5766 = DIRECTION('',(1.,0.,0.));
#5767 = PCURVE('',#3499,#5768);
#5768 = DEFINITIONAL_REPRESENTATION('',(#5769),#5773);
#5769 = LINE('',#5770,#5771);
#5770 = CARTESIAN_POINT('',(1.,0.));
#5771 = VECTOR('',#5772,1.);
#5772 = DIRECTION('',(0.,-1.));
#5773 = ( GEOMETRIC_REPRESENTATION_CONTEXT(2) 
PARAMETRIC_REPRESENTATION_CONTEXT() REPRESENTATION_CONTEXT('2D SPACE',''
  ) );
#5774 = PCURVE('',#3472,#5775);
#5775 = DEFINITIONAL_REPRESENTATION('',(#5776),#5780);
#5776 = LINE('',#5777,#5778);
#5777 = CARTESIAN_POINT('',(5.,0.));
#5778 = VECTOR('',#5779,1.);
#5779 = DIRECTION('',(0.,-1.));
#5780 = ( GEOMETRIC_REPRESENTATION_CONTEXT(2) 
PARAMETRIC_REPRESENTATION_CONTEXT() REPRESENTATION_CONTEXT('2D SPACE',''
  ) );
#5781 = ADVANCED_FACE('',(#5782),#3472,.F.);
#5782 = FACE_BOUND('',#5783,.F.);
#5783 = EDGE_LOOP('',(#5784,#5785,#5806,#5807));
#5784 = ORIENTED_EDGE('',*,*,#5711,.F.);
#5785 = ORIENTED_EDGE('',*,*,#5786,.T.);
#5786 = EDGE_CURVE('',#5684,#3429,#5787,.T.);
#5787 = SURFACE_CURVE('',#5788,(#5792,#5799),.PCURVE_S1.);
#5788 = LINE('',#5789,#5790);
#5789 = CARTESIAN_POINT('',(-9.,73.,3.));
#5790 = VECTOR('',#5791,1.);
#5791 = DIRECTION('',(1.,0.,0.));
#5792 = PCURVE('',#3472,#5793);
#5793 = DEFINITIONAL_REPRESENTATION('',(#5794),#5798);
#5794 = LINE('',#5795,#5796);
#5795 = CARTESIAN_POINT('',(0.,0.));
#5796 = VECTOR('',#5797,1.);
#5797 = DIRECTION('',(0.,-1.));
#5798 = ( GEOMETRIC_REPRESENTATION_CONTEXT(2) 
PARAMETRIC_REPRESENTATION_CONTEXT() REPRESENTATION_CONTEXT('2D SPACE',''
  ) );
#5799 = PCURVE('',#5699,#5800);
#5800 = DEFINITIONAL_REPRESENTATION('',(#5801),#5805);
#5801 = LINE('',#5802,#5803);
#5802 = CARTESIAN_POINT('',(13.,0.));
#5803 = VECTOR('',#5804,1.);
#5804 = DIRECTION('',(0.,-1.));
#5805 = ( GEOMETRIC_REPRESENTATION_CONTEXT(2) 
PARAMETRIC_REPRESENTATION_CONTEXT() REPRESENTATION_CONTEXT('2D SPACE',''
  ) );
#5806 = ORIENTED_EDGE('',*,*,#3456,.T.);
#5807 = ORIENTED_EDGE('',*,*,#5761,.F.);
#5808 = ADVANCED_FACE('',(#5809),#3444,.T.);
#5809 = FACE_BOUND('',#5810,.T.);
#5810 = EDGE_LOOP('',(#5811,#5812,#5845));
#5811 = ORIENTED_EDGE('',*,*,#3428,.F.);
#5812 = ORIENTED_EDGE('',*,*,#5813,.T.);
#5813 = EDGE_CURVE('',#3401,#5814,#5816,.T.);
#5814 = VERTEX_POINT('',#5815);
#5815 = CARTESIAN_POINT('',(-8.2,73.,3.));
#5816 = SURFACE_CURVE('',#5817,(#5822,#5833),.PCURVE_S1.);
#5817 = CIRCLE('',#5818,0.8);
#5818 = AXIS2_PLACEMENT_3D('',#5819,#5820,#5821);
#5819 = CARTESIAN_POINT('',(-8.2,72.2,3.));
#5820 = DIRECTION('',(0.,0.,-1.));
#5821 = DIRECTION('',(0.,1.,0.));
#5822 = PCURVE('',#3444,#5823);
#5823 = DEFINITIONAL_REPRESENTATION('',(#5824),#5832);
#5824 = ( BOUNDED_CURVE() B_SPLINE_CURVE(2,(#5825,#5826,#5827,#5828,
#5829,#5830,#5831),.UNSPECIFIED.,.T.,.F.) B_SPLINE_CURVE_WITH_KNOTS((1,2
    ,2,2,2,1),(-2.094395102393,0.,2.094395102393,4.188790204786,
6.28318530718,8.377580409573),.UNSPECIFIED.) CURVE() 
GEOMETRIC_REPRESENTATION_ITEM() RATIONAL_B_SPLINE_CURVE((1.,0.5,1.,0.5,
1.,0.5,1.)) REPRESENTATION_ITEM('') );
#5825 = CARTESIAN_POINT('',(0.8,73.));
#5826 = CARTESIAN_POINT('',(2.185640646055,73.));
#5827 = CARTESIAN_POINT('',(1.492820323028,71.8));
#5828 = CARTESIAN_POINT('',(0.8,70.6));
#5829 = CARTESIAN_POINT('',(0.107179676972,71.8));
#5830 = CARTESIAN_POINT('',(-0.585640646055,73.));
#5831 = CARTESIAN_POINT('',(0.8,73.));
#5832 = ( GEOMETRIC_REPRESENTATION_CONTEXT(2) 
PARAMETRIC_REPRESENTATION_CONTEXT() REPRESENTATION_CONTEXT('2D SPACE',''
  ) );
#5833 = PCURVE('',#5834,#5839);
#5834 = CYLINDRICAL_SURFACE('',#5835,0.8);
#5835 = AXIS2_PLACEMENT_3D('',#5836,#5837,#5838);
#5836 = CARTESIAN_POINT('',(-8.2,72.2,16.));
#5837 = DIRECTION('',(0.,0.,-1.));
#5838 = DIRECTION('',(-1.,-0.,-0.));
#5839 = DEFINITIONAL_REPRESENTATION('',(#5840),#5844);
#5840 = LINE('',#5841,#5842);
#5841 = CARTESIAN_POINT('',(-4.712388980385,13.));
#5842 = VECTOR('',#5843,1.);
#5843 = DIRECTION('',(1.,0.));
#5844 = ( GEOMETRIC_REPRESENTATION_CONTEXT(2) 
PARAMETRIC_REPRESENTATION_CONTEXT() REPRESENTATION_CONTEXT('2D SPACE',''
  ) );
#5845 = ORIENTED_EDGE('',*,*,#5846,.F.);
#5846 = EDGE_CURVE('',#3429,#5814,#5847,.T.);
#5847 = SURFACE_CURVE('',#5848,(#5852,#5859),.PCURVE_S1.);
#5848 = LINE('',#5849,#5850);
#5849 = CARTESIAN_POINT('',(-9.,73.,3.));
#5850 = VECTOR('',#5851,1.);
#5851 = DIRECTION('',(1.,0.,0.));
#5852 = PCURVE('',#3444,#5853);
#5853 = DEFINITIONAL_REPRESENTATION('',(#5854),#5858);
#5854 = LINE('',#5855,#5856);
#5855 = CARTESIAN_POINT('',(0.,73.));
#5856 = VECTOR('',#5857,1.);
#5857 = DIRECTION('',(1.,0.));
#5858 = ( GEOMETRIC_REPRESENTATION_CONTEXT(2) 
PARAMETRIC_REPRESENTATION_CONTEXT() REPRESENTATION_CONTEXT('2D SPACE',''
  ) );
#5859 = PCURVE('',#5699,#5860);
#5860 = DEFINITIONAL_REPRESENTATION('',(#5861),#5865);
#5861 = LINE('',#5862,#5863);
#5862 = CARTESIAN_POINT('',(13.,0.));
#5863 = VECTOR('',#5864,1.);
#5864 = DIRECTION('',(0.,-1.));
#5865 = ( GEOMETRIC_REPRESENTATION_CONTEXT(2) 
PARAMETRIC_REPRESENTATION_CONTEXT() REPRESENTATION_CONTEXT('2D SPACE',''
  ) );
#5866 = ADVANCED_FACE('',(#5867),#3416,.F.);
#5867 = FACE_BOUND('',#5868,.F.);
#5868 = EDGE_LOOP('',(#5869,#5897,#5925,#5947));
#5869 = ORIENTED_EDGE('',*,*,#5870,.F.);
#5870 = EDGE_CURVE('',#5871,#3401,#5873,.T.);
#5871 = VERTEX_POINT('',#5872);
#5872 = CARTESIAN_POINT('',(-9.,72.2,3.));
#5873 = SURFACE_CURVE('',#5874,(#5879,#5890),.PCURVE_S1.);
#5874 = CIRCLE('',#5875,0.8);
#5875 = AXIS2_PLACEMENT_3D('',#5876,#5877,#5878);
#5876 = CARTESIAN_POINT('',(-8.2,72.2,3.));
#5877 = DIRECTION('',(0.,0.,-1.));
#5878 = DIRECTION('',(0.,1.,0.));
#5879 = PCURVE('',#3416,#5880);
#5880 = DEFINITIONAL_REPRESENTATION('',(#5881),#5889);
#5881 = ( BOUNDED_CURVE() B_SPLINE_CURVE(2,(#5882,#5883,#5884,#5885,
#5886,#5887,#5888),.UNSPECIFIED.,.T.,.F.) B_SPLINE_CURVE_WITH_KNOTS((1,2
    ,2,2,2,1),(-2.094395102393,0.,2.094395102393,4.188790204786,
6.28318530718,8.377580409573),.UNSPECIFIED.) CURVE() 
GEOMETRIC_REPRESENTATION_ITEM() RATIONAL_B_SPLINE_CURVE((1.,0.5,1.,0.5,
1.,0.5,1.)) REPRESENTATION_ITEM('') );
#5882 = CARTESIAN_POINT('',(0.8,2.886579864025E-15));
#5883 = CARTESIAN_POINT('',(2.185640646055,2.886579864025E-15));
#5884 = CARTESIAN_POINT('',(1.492820323028,-1.2));
#5885 = CARTESIAN_POINT('',(0.8,-2.4));
#5886 = CARTESIAN_POINT('',(0.107179676972,-1.2));
#5887 = CARTESIAN_POINT('',(-0.585640646055,1.665334536938E-15));
#5888 = CARTESIAN_POINT('',(0.8,2.886579864025E-15));
#5889 = ( GEOMETRIC_REPRESENTATION_CONTEXT(2) 
PARAMETRIC_REPRESENTATION_CONTEXT() REPRESENTATION_CONTEXT('2D SPACE',''
  ) );
#5890 = PCURVE('',#5834,#5891);
#5891 = DEFINITIONAL_REPRESENTATION('',(#5892),#5896);
#5892 = LINE('',#5893,#5894);
#5893 = CARTESIAN_POINT('',(-4.712388980385,13.));
#5894 = VECTOR('',#5895,1.);
#5895 = DIRECTION('',(1.,0.));
#5896 = ( GEOMETRIC_REPRESENTATION_CONTEXT(2) 
PARAMETRIC_REPRESENTATION_CONTEXT() REPRESENTATION_CONTEXT('2D SPACE',''
  ) );
#5897 = ORIENTED_EDGE('',*,*,#5898,.T.);
#5898 = EDGE_CURVE('',#5871,#5899,#5901,.T.);
#5899 = VERTEX_POINT('',#5900);
#5900 = CARTESIAN_POINT('',(-9.,67.8,3.));
#5901 = SURFACE_CURVE('',#5902,(#5906,#5913),.PCURVE_S1.);
#5902 = LINE('',#5903,#5904);
#5903 = CARTESIAN_POINT('',(-9.,73.,3.));
#5904 = VECTOR('',#5905,1.);
#5905 = DIRECTION('',(0.,-1.,0.));
#5906 = PCURVE('',#3416,#5907);
#5907 = DEFINITIONAL_REPRESENTATION('',(#5908),#5912);
#5908 = LINE('',#5909,#5910);
#5909 = CARTESIAN_POINT('',(0.,0.));
#5910 = VECTOR('',#5911,1.);
#5911 = DIRECTION('',(0.,-1.));
#5912 = ( GEOMETRIC_REPRESENTATION_CONTEXT(2) 
PARAMETRIC_REPRESENTATION_CONTEXT() REPRESENTATION_CONTEXT('2D SPACE',''
  ) );
#5913 = PCURVE('',#5914,#5919);
#5914 = PLANE('',#5915);
#5915 = AXIS2_PLACEMENT_3D('',#5916,#5917,#5918);
#5916 = CARTESIAN_POINT('',(-9.,73.,16.));
#5917 = DIRECTION('',(1.,0.,0.));
#5918 = DIRECTION('',(0.,0.,-1.));
#5919 = DEFINITIONAL_REPRESENTATION('',(#5920),#5924);
#5920 = LINE('',#5921,#5922);
#5921 = CARTESIAN_POINT('',(13.,0.));
#5922 = VECTOR('',#5923,1.);
#5923 = DIRECTION('',(0.,-1.));
#5924 = ( GEOMETRIC_REPRESENTATION_CONTEXT(2) 
PARAMETRIC_REPRESENTATION_CONTEXT() REPRESENTATION_CONTEXT('2D SPACE',''
  ) );
#5925 = ORIENTED_EDGE('',*,*,#5926,.T.);
#5926 = EDGE_CURVE('',#5899,#3373,#5927,.T.);
#5927 = SURFACE_CURVE('',#5928,(#5933,#5940),.PCURVE_S1.);
#5928 = CIRCLE('',#5929,0.8);
#5929 = AXIS2_PLACEMENT_3D('',#5930,#5931,#5932);
#5930 = CARTESIAN_POINT('',(-8.2,67.8,3.));
#5931 = DIRECTION('',(0.,-0.,1.));
#5932 = DIRECTION('',(0.,1.,0.));
#5933 = PCURVE('',#3416,#5934);
#5934 = DEFINITIONAL_REPRESENTATION('',(#5935),#5939);
#5935 = CIRCLE('',#5936,0.8);
#5936 = AXIS2_PLACEMENT_2D('',#5937,#5938);
#5937 = CARTESIAN_POINT('',(0.8,-5.2));
#5938 = DIRECTION('',(0.,1.));
#5939 = ( GEOMETRIC_REPRESENTATION_CONTEXT(2) 
PARAMETRIC_REPRESENTATION_CONTEXT() REPRESENTATION_CONTEXT('2D SPACE',''
  ) );
#5940 = PCURVE('',#5063,#5941);
#5941 = DEFINITIONAL_REPRESENTATION('',(#5942),#5946);
#5942 = LINE('',#5943,#5944);
#5943 = CARTESIAN_POINT('',(1.570796326795,13.));
#5944 = VECTOR('',#5945,1.);
#5945 = DIRECTION('',(-1.,0.));
#5946 = ( GEOMETRIC_REPRESENTATION_CONTEXT(2) 
PARAMETRIC_REPRESENTATION_CONTEXT() REPRESENTATION_CONTEXT('2D SPACE',''
  ) );
#5947 = ORIENTED_EDGE('',*,*,#3400,.T.);
#5948 = ADVANCED_FACE('',(#5949),#3388,.T.);
#5949 = FACE_BOUND('',#5950,.T.);
#5950 = EDGE_LOOP('',(#5951,#5952,#5953));
#5951 = ORIENTED_EDGE('',*,*,#3372,.F.);
#5952 = ORIENTED_EDGE('',*,*,#5075,.T.);
#5953 = ORIENTED_EDGE('',*,*,#5954,.F.);
#5954 = EDGE_CURVE('',#3373,#5048,#5955,.T.);
#5955 = SURFACE_CURVE('',#5956,(#5961,#5968),.PCURVE_S1.);
#5956 = CIRCLE('',#5957,0.8);
#5957 = AXIS2_PLACEMENT_3D('',#5958,#5959,#5960);
#5958 = CARTESIAN_POINT('',(-8.2,67.8,3.));
#5959 = DIRECTION('',(0.,-0.,1.));
#5960 = DIRECTION('',(0.,1.,0.));
#5961 = PCURVE('',#3388,#5962);
#5962 = DEFINITIONAL_REPRESENTATION('',(#5963),#5967);
#5963 = CIRCLE('',#5964,0.8);
#5964 = AXIS2_PLACEMENT_2D('',#5965,#5966);
#5965 = CARTESIAN_POINT('',(0.8,67.8));
#5966 = DIRECTION('',(0.,1.));
#5967 = ( GEOMETRIC_REPRESENTATION_CONTEXT(2) 
PARAMETRIC_REPRESENTATION_CONTEXT() REPRESENTATION_CONTEXT('2D SPACE',''
  ) );
#5968 = PCURVE('',#5063,#5969);
#5969 = DEFINITIONAL_REPRESENTATION('',(#5970),#5974);
#5970 = LINE('',#5971,#5972);
#5971 = CARTESIAN_POINT('',(1.570796326795,13.));
#5972 = VECTOR('',#5973,1.);
#5973 = DIRECTION('',(-1.,0.));
#5974 = ( GEOMETRIC_REPRESENTATION_CONTEXT(2) 
PARAMETRIC_REPRESENTATION_CONTEXT() REPRESENTATION_CONTEXT('2D SPACE',''
  ) );
#5975 = ADVANCED_FACE('',(#5976),#3336,.F.);
#5976 = FACE_BOUND('',#5977,.F.);
#5977 = EDGE_LOOP('',(#5978,#5999,#6000,#6001));
#5978 = ORIENTED_EDGE('',*,*,#5979,.F.);
#5979 = EDGE_CURVE('',#4524,#3764,#5980,.T.);
#5980 = SURFACE_CURVE('',#5981,(#5985,#5992),.PCURVE_S1.);
#5981 = LINE('',#5982,#5983);
#5982 = CARTESIAN_POINT('',(-9.,43.,3.));
#5983 = VECTOR('',#5984,1.);
#5984 = DIRECTION('',(0.,1.,0.));
#5985 = PCURVE('',#3336,#5986);
#5986 = DEFINITIONAL_REPRESENTATION('',(#5987),#5991);
#5987 = LINE('',#5988,#5989);
#5988 = CARTESIAN_POINT('',(0.,0.));
#5989 = VECTOR('',#5990,1.);
#5990 = DIRECTION('',(0.,1.));
#5991 = ( GEOMETRIC_REPRESENTATION_CONTEXT(2) 
PARAMETRIC_REPRESENTATION_CONTEXT() REPRESENTATION_CONTEXT('2D SPACE',''
  ) );
#5992 = PCURVE('',#3781,#5993);
#5993 = DEFINITIONAL_REPRESENTATION('',(#5994),#5998);
#5994 = LINE('',#5995,#5996);
#5995 = CARTESIAN_POINT('',(0.,0.));
#5996 = VECTOR('',#5997,1.);
#5997 = DIRECTION('',(0.,-1.));
#5998 = ( GEOMETRIC_REPRESENTATION_CONTEXT(2) 
PARAMETRIC_REPRESENTATION_CONTEXT() REPRESENTATION_CONTEXT('2D SPACE',''
  ) );
#5999 = ORIENTED_EDGE('',*,*,#4548,.T.);
#6000 = ORIENTED_EDGE('',*,*,#3322,.T.);
#6001 = ORIENTED_EDGE('',*,*,#3793,.F.);
#6002 = ADVANCED_FACE('',(#6003),#3536,.T.);
#6003 = FACE_BOUND('',#6004,.T.);
#6004 = EDGE_LOOP('',(#6005,#6028,#6056,#6084,#6112,#6140,#6168,#6196,
    #6224,#6252,#6285,#6493,#6521,#6544,#6565));
#6005 = ORIENTED_EDGE('',*,*,#6006,.F.);
#6006 = EDGE_CURVE('',#6007,#3521,#6009,.T.);
#6007 = VERTEX_POINT('',#6008);
#6008 = CARTESIAN_POINT('',(9.,4.,0.2));
#6009 = SURFACE_CURVE('',#6010,(#6014,#6021),.PCURVE_S1.);
#6010 = LINE('',#6011,#6012);
#6011 = CARTESIAN_POINT('',(9.,4.,0.));
#6012 = VECTOR('',#6013,1.);
#6013 = DIRECTION('',(0.,0.,1.));
#6014 = PCURVE('',#3536,#6015);
#6015 = DEFINITIONAL_REPRESENTATION('',(#6016),#6020);
#6016 = LINE('',#6017,#6018);
#6017 = CARTESIAN_POINT('',(0.,-4.));
#6018 = VECTOR('',#6019,1.);
#6019 = DIRECTION('',(1.,0.));
#6020 = ( GEOMETRIC_REPRESENTATION_CONTEXT(2) 
PARAMETRIC_REPRESENTATION_CONTEXT() REPRESENTATION_CONTEXT('2D SPACE',''
  ) );
#6021 = PCURVE('',#4759,#6022);
#6022 = DEFINITIONAL_REPRESENTATION('',(#6023),#6027);
#6023 = LINE('',#6024,#6025);
#6024 = CARTESIAN_POINT('',(-0.,0.));
#6025 = VECTOR('',#6026,1.);
#6026 = DIRECTION('',(-0.,1.));
#6027 = ( GEOMETRIC_REPRESENTATION_CONTEXT(2) 
PARAMETRIC_REPRESENTATION_CONTEXT() REPRESENTATION_CONTEXT('2D SPACE',''
  ) );
#6028 = ORIENTED_EDGE('',*,*,#6029,.F.);
#6029 = EDGE_CURVE('',#6030,#6007,#6032,.T.);
#6030 = VERTEX_POINT('',#6031);
#6031 = CARTESIAN_POINT('',(9.,18.9,0.2));
#6032 = SURFACE_CURVE('',#6033,(#6037,#6044),.PCURVE_S1.);
#6033 = LINE('',#6034,#6035);
#6034 = CARTESIAN_POINT('',(9.,86.,0.2));
#6035 = VECTOR('',#6036,1.);
#6036 = DIRECTION('',(-0.,-1.,-0.));
#6037 = PCURVE('',#3536,#6038);
#6038 = DEFINITIONAL_REPRESENTATION('',(#6039),#6043);
#6039 = LINE('',#6040,#6041);
#6040 = CARTESIAN_POINT('',(0.2,-86.));
#6041 = VECTOR('',#6042,1.);
#6042 = DIRECTION('',(0.,1.));
#6043 = ( GEOMETRIC_REPRESENTATION_CONTEXT(2) 
PARAMETRIC_REPRESENTATION_CONTEXT() REPRESENTATION_CONTEXT('2D SPACE',''
  ) );
#6044 = PCURVE('',#6045,#6050);
#6045 = CYLINDRICAL_SURFACE('',#6046,0.2);
#6046 = AXIS2_PLACEMENT_3D('',#6047,#6048,#6049);
#6047 = CARTESIAN_POINT('',(8.8,86.,0.2));
#6048 = DIRECTION('',(-0.,-1.,-0.));
#6049 = DIRECTION('',(1.,0.,-0.));
#6050 = DEFINITIONAL_REPRESENTATION('',(#6051),#6055);
#6051 = LINE('',#6052,#6053);
#6052 = CARTESIAN_POINT('',(-0.,0.));
#6053 = VECTOR('',#6054,1.);
#6054 = DIRECTION('',(-0.,1.));
#6055 = ( GEOMETRIC_REPRESENTATION_CONTEXT(2) 
PARAMETRIC_REPRESENTATION_CONTEXT() REPRESENTATION_CONTEXT('2D SPACE',''
  ) );
#6056 = ORIENTED_EDGE('',*,*,#6057,.T.);
#6057 = EDGE_CURVE('',#6030,#6058,#6060,.T.);
#6058 = VERTEX_POINT('',#6059);
#6059 = CARTESIAN_POINT('',(9.,18.9,1.2));
#6060 = SURFACE_CURVE('',#6061,(#6065,#6072),.PCURVE_S1.);
#6061 = LINE('',#6062,#6063);
#6062 = CARTESIAN_POINT('',(9.,18.9,0.));
#6063 = VECTOR('',#6064,1.);
#6064 = DIRECTION('',(0.,0.,1.));
#6065 = PCURVE('',#3536,#6066);
#6066 = DEFINITIONAL_REPRESENTATION('',(#6067),#6071);
#6067 = LINE('',#6068,#6069);
#6068 = CARTESIAN_POINT('',(0.,-18.9));
#6069 = VECTOR('',#6070,1.);
#6070 = DIRECTION('',(1.,0.));
#6071 = ( GEOMETRIC_REPRESENTATION_CONTEXT(2) 
PARAMETRIC_REPRESENTATION_CONTEXT() REPRESENTATION_CONTEXT('2D SPACE',''
  ) );
#6072 = PCURVE('',#6073,#6078);
#6073 = PLANE('',#6074);
#6074 = AXIS2_PLACEMENT_3D('',#6075,#6076,#6077);
#6075 = CARTESIAN_POINT('',(0.,18.9,0.));
#6076 = DIRECTION('',(0.,1.,0.));
#6077 = DIRECTION('',(0.,0.,1.));
#6078 = DEFINITIONAL_REPRESENTATION('',(#6079),#6083);
#6079 = LINE('',#6080,#6081);
#6080 = CARTESIAN_POINT('',(0.,9.));
#6081 = VECTOR('',#6082,1.);
#6082 = DIRECTION('',(1.,0.));
#6083 = ( GEOMETRIC_REPRESENTATION_CONTEXT(2) 
PARAMETRIC_REPRESENTATION_CONTEXT() REPRESENTATION_CONTEXT('2D SPACE',''
  ) );
#6084 = ORIENTED_EDGE('',*,*,#6085,.T.);
#6085 = EDGE_CURVE('',#6058,#6086,#6088,.T.);
#6086 = VERTEX_POINT('',#6087);
#6087 = CARTESIAN_POINT('',(9.,21.1,1.2));
#6088 = SURFACE_CURVE('',#6089,(#6093,#6100),.PCURVE_S1.);
#6089 = LINE('',#6090,#6091);
#6090 = CARTESIAN_POINT('',(9.,18.9,1.2));
#6091 = VECTOR('',#6092,1.);
#6092 = DIRECTION('',(0.,1.,0.));
#6093 = PCURVE('',#3536,#6094);
#6094 = DEFINITIONAL_REPRESENTATION('',(#6095),#6099);
#6095 = LINE('',#6096,#6097);
#6096 = CARTESIAN_POINT('',(1.2,-18.9));
#6097 = VECTOR('',#6098,1.);
#6098 = DIRECTION('',(0.,-1.));
#6099 = ( GEOMETRIC_REPRESENTATION_CONTEXT(2) 
PARAMETRIC_REPRESENTATION_CONTEXT() REPRESENTATION_CONTEXT('2D SPACE',''
  ) );
#6100 = PCURVE('',#6101,#6106);
#6101 = PLANE('',#6102);
#6102 = AXIS2_PLACEMENT_3D('',#6103,#6104,#6105);
#6103 = CARTESIAN_POINT('',(0.,18.9,1.2));
#6104 = DIRECTION('',(0.,0.,1.));
#6105 = DIRECTION('',(1.,0.,0.));
#6106 = DEFINITIONAL_REPRESENTATION('',(#6107),#6111);
#6107 = LINE('',#6108,#6109);
#6108 = CARTESIAN_POINT('',(9.,0.));
#6109 = VECTOR('',#6110,1.);
#6110 = DIRECTION('',(0.,1.));
#6111 = ( GEOMETRIC_REPRESENTATION_CONTEXT(2) 
PARAMETRIC_REPRESENTATION_CONTEXT() REPRESENTATION_CONTEXT('2D SPACE',''
  ) );
#6112 = ORIENTED_EDGE('',*,*,#6113,.F.);
#6113 = EDGE_CURVE('',#6114,#6086,#6116,.T.);
#6114 = VERTEX_POINT('',#6115);
#6115 = CARTESIAN_POINT('',(9.,21.1,0.2));
#6116 = SURFACE_CURVE('',#6117,(#6121,#6128),.PCURVE_S1.);
#6117 = LINE('',#6118,#6119);
#6118 = CARTESIAN_POINT('',(9.,21.1,0.));
#6119 = VECTOR('',#6120,1.);
#6120 = DIRECTION('',(0.,0.,1.));
#6121 = PCURVE('',#3536,#6122);
#6122 = DEFINITIONAL_REPRESENTATION('',(#6123),#6127);
#6123 = LINE('',#6124,#6125);
#6124 = CARTESIAN_POINT('',(0.,-21.1));
#6125 = VECTOR('',#6126,1.);
#6126 = DIRECTION('',(1.,0.));
#6127 = ( GEOMETRIC_REPRESENTATION_CONTEXT(2) 
PARAMETRIC_REPRESENTATION_CONTEXT() REPRESENTATION_CONTEXT('2D SPACE',''
  ) );
#6128 = PCURVE('',#6129,#6134);
#6129 = PLANE('',#6130);
#6130 = AXIS2_PLACEMENT_3D('',#6131,#6132,#6133);
#6131 = CARTESIAN_POINT('',(0.,21.1,0.));
#6132 = DIRECTION('',(0.,1.,0.));
#6133 = DIRECTION('',(0.,0.,1.));
#6134 = DEFINITIONAL_REPRESENTATION('',(#6135),#6139);
#6135 = LINE('',#6136,#6137);
#6136 = CARTESIAN_POINT('',(0.,9.));
#6137 = VECTOR('',#6138,1.);
#6138 = DIRECTION('',(1.,0.));
#6139 = ( GEOMETRIC_REPRESENTATION_CONTEXT(2) 
PARAMETRIC_REPRESENTATION_CONTEXT() REPRESENTATION_CONTEXT('2D SPACE',''
  ) );
#6140 = ORIENTED_EDGE('',*,*,#6141,.F.);
#6141 = EDGE_CURVE('',#6142,#6114,#6144,.T.);
#6142 = VERTEX_POINT('',#6143);
#6143 = CARTESIAN_POINT('',(9.,86.,0.2));
#6144 = SURFACE_CURVE('',#6145,(#6149,#6156),.PCURVE_S1.);
#6145 = LINE('',#6146,#6147);
#6146 = CARTESIAN_POINT('',(9.,86.,0.2));
#6147 = VECTOR('',#6148,1.);
#6148 = DIRECTION('',(-0.,-1.,-0.));
#6149 = PCURVE('',#3536,#6150);
#6150 = DEFINITIONAL_REPRESENTATION('',(#6151),#6155);
#6151 = LINE('',#6152,#6153);
#6152 = CARTESIAN_POINT('',(0.2,-86.));
#6153 = VECTOR('',#6154,1.);
#6154 = DIRECTION('',(0.,1.));
#6155 = ( GEOMETRIC_REPRESENTATION_CONTEXT(2) 
PARAMETRIC_REPRESENTATION_CONTEXT() REPRESENTATION_CONTEXT('2D SPACE',''
  ) );
#6156 = PCURVE('',#6157,#6162);
#6157 = CYLINDRICAL_SURFACE('',#6158,0.2);
#6158 = AXIS2_PLACEMENT_3D('',#6159,#6160,#6161);
#6159 = CARTESIAN_POINT('',(8.8,86.,0.2));
#6160 = DIRECTION('',(-0.,-1.,-0.));
#6161 = DIRECTION('',(1.,0.,-0.));
#6162 = DEFINITIONAL_REPRESENTATION('',(#6163),#6167);
#6163 = LINE('',#6164,#6165);
#6164 = CARTESIAN_POINT('',(-0.,0.));
#6165 = VECTOR('',#6166,1.);
#6166 = DIRECTION('',(-0.,1.));
#6167 = ( GEOMETRIC_REPRESENTATION_CONTEXT(2) 
PARAMETRIC_REPRESENTATION_CONTEXT() REPRESENTATION_CONTEXT('2D SPACE',''
  ) );
#6168 = ORIENTED_EDGE('',*,*,#6169,.T.);
#6169 = EDGE_CURVE('',#6142,#6170,#6172,.T.);
#6170 = VERTEX_POINT('',#6171);
#6171 = CARTESIAN_POINT('',(9.,86.,4.4));
#6172 = SURFACE_CURVE('',#6173,(#6177,#6184),.PCURVE_S1.);
#6173 = LINE('',#6174,#6175);
#6174 = CARTESIAN_POINT('',(9.,86.,0.2));
#6175 = VECTOR('',#6176,1.);
#6176 = DIRECTION('',(0.,0.,1.));
#6177 = PCURVE('',#3536,#6178);
#6178 = DEFINITIONAL_REPRESENTATION('',(#6179),#6183);
#6179 = LINE('',#6180,#6181);
#6180 = CARTESIAN_POINT('',(0.2,-86.));
#6181 = VECTOR('',#6182,1.);
#6182 = DIRECTION('',(1.,0.));
#6183 = ( GEOMETRIC_REPRESENTATION_CONTEXT(2) 
PARAMETRIC_REPRESENTATION_CONTEXT() REPRESENTATION_CONTEXT('2D SPACE',''
  ) );
#6184 = PCURVE('',#6185,#6190);
#6185 = CYLINDRICAL_SURFACE('',#6186,4.);
#6186 = AXIS2_PLACEMENT_3D('',#6187,#6188,#6189);
#6187 = CARTESIAN_POINT('',(5.,86.,0.));
#6188 = DIRECTION('',(0.,0.,1.));
#6189 = DIRECTION('',(1.,0.,-0.));
#6190 = DEFINITIONAL_REPRESENTATION('',(#6191),#6195);
#6191 = LINE('',#6192,#6193);
#6192 = CARTESIAN_POINT('',(0.,0.2));
#6193 = VECTOR('',#6194,1.);
#6194 = DIRECTION('',(0.,1.));
#6195 = ( GEOMETRIC_REPRESENTATION_CONTEXT(2) 
PARAMETRIC_REPRESENTATION_CONTEXT() REPRESENTATION_CONTEXT('2D SPACE',''
  ) );
#6196 = ORIENTED_EDGE('',*,*,#6197,.F.);
#6197 = EDGE_CURVE('',#6198,#6170,#6200,.T.);
#6198 = VERTEX_POINT('',#6199);
#6199 = CARTESIAN_POINT('',(9.,80.,4.4));
#6200 = SURFACE_CURVE('',#6201,(#6205,#6212),.PCURVE_S1.);
#6201 = LINE('',#6202,#6203);
#6202 = CARTESIAN_POINT('',(9.,80.,4.4));
#6203 = VECTOR('',#6204,1.);
#6204 = DIRECTION('',(0.,1.,0.));
#6205 = PCURVE('',#3536,#6206);
#6206 = DEFINITIONAL_REPRESENTATION('',(#6207),#6211);
#6207 = LINE('',#6208,#6209);
#6208 = CARTESIAN_POINT('',(4.4,-80.));
#6209 = VECTOR('',#6210,1.);
#6210 = DIRECTION('',(0.,-1.));
#6211 = ( GEOMETRIC_REPRESENTATION_CONTEXT(2) 
PARAMETRIC_REPRESENTATION_CONTEXT() REPRESENTATION_CONTEXT('2D SPACE',''
  ) );
#6212 = PCURVE('',#6213,#6218);
#6213 = CYLINDRICAL_SURFACE('',#6214,0.6);
#6214 = AXIS2_PLACEMENT_3D('',#6215,#6216,#6217);
#6215 = CARTESIAN_POINT('',(8.4,80.,4.4));
#6216 = DIRECTION('',(0.,1.,0.));
#6217 = DIRECTION('',(0.,-0.,1.));
#6218 = DEFINITIONAL_REPRESENTATION('',(#6219),#6223);
#6219 = LINE('',#6220,#6221);
#6220 = CARTESIAN_POINT('',(1.570796326795,0.));
#6221 = VECTOR('',#6222,1.);
#6222 = DIRECTION('',(0.,1.));
#6223 = ( GEOMETRIC_REPRESENTATION_CONTEXT(2) 
PARAMETRIC_REPRESENTATION_CONTEXT() REPRESENTATION_CONTEXT('2D SPACE',''
  ) );
#6224 = ORIENTED_EDGE('',*,*,#6225,.T.);
#6225 = EDGE_CURVE('',#6198,#6226,#6228,.T.);
#6226 = VERTEX_POINT('',#6227);
#6227 = CARTESIAN_POINT('',(9.,80.,5.));
#6228 = SURFACE_CURVE('',#6229,(#6233,#6240),.PCURVE_S1.);
#6229 = LINE('',#6230,#6231);
#6230 = CARTESIAN_POINT('',(9.,80.,4.4));
#6231 = VECTOR('',#6232,1.);
#6232 = DIRECTION('',(0.,0.,1.));
#6233 = PCURVE('',#3536,#6234);
#6234 = DEFINITIONAL_REPRESENTATION('',(#6235),#6239);
#6235 = LINE('',#6236,#6237);
#6236 = CARTESIAN_POINT('',(4.4,-80.));
#6237 = VECTOR('',#6238,1.);
#6238 = DIRECTION('',(1.,0.));
#6239 = ( GEOMETRIC_REPRESENTATION_CONTEXT(2) 
PARAMETRIC_REPRESENTATION_CONTEXT() REPRESENTATION_CONTEXT('2D SPACE',''
  ) );
#6240 = PCURVE('',#6241,#6246);
#6241 = PLANE('',#6242);
#6242 = AXIS2_PLACEMENT_3D('',#6243,#6244,#6245);
#6243 = CARTESIAN_POINT('',(8.4,80.,4.4));
#6244 = DIRECTION('',(0.,1.,0.));
#6245 = DIRECTION('',(0.,0.,1.));
#6246 = DEFINITIONAL_REPRESENTATION('',(#6247),#6251);
#6247 = LINE('',#6248,#6249);
#6248 = CARTESIAN_POINT('',(0.,0.6));
#6249 = VECTOR('',#6250,1.);
#6250 = DIRECTION('',(1.,0.));
#6251 = ( GEOMETRIC_REPRESENTATION_CONTEXT(2) 
PARAMETRIC_REPRESENTATION_CONTEXT() REPRESENTATION_CONTEXT('2D SPACE',''
  ) );
#6252 = ORIENTED_EDGE('',*,*,#6253,.F.);
#6253 = EDGE_CURVE('',#6254,#6226,#6256,.T.);
#6254 = VERTEX_POINT('',#6255);
#6255 = CARTESIAN_POINT('',(9.,79.33164451345,4.479228315433));
#6256 = SURFACE_CURVE('',#6257,(#6262,#6270),.PCURVE_S1.);
#6257 = B_SPLINE_CURVE_WITH_KNOTS('',3,(#6258,#6259,#6260,#6261),
  .UNSPECIFIED.,.F.,.F.,(4,4),(0.,1.),.PIECEWISE_BEZIER_KNOTS.);
#6258 = CARTESIAN_POINT('',(9.,78.,3.));
#6259 = CARTESIAN_POINT('',(9.,78.666666666667,3.));
#6260 = CARTESIAN_POINT('',(9.,79.333333333333,5.));
#6261 = CARTESIAN_POINT('',(9.,80.,5.));
#6262 = PCURVE('',#3536,#6263);
#6263 = DEFINITIONAL_REPRESENTATION('',(#6264),#6269);
#6264 = B_SPLINE_CURVE_WITH_KNOTS('',3,(#6265,#6266,#6267,#6268),
  .UNSPECIFIED.,.F.,.F.,(4,4),(0.,1.),.PIECEWISE_BEZIER_KNOTS.);
#6265 = CARTESIAN_POINT('',(3.,-78.));
#6266 = CARTESIAN_POINT('',(3.,-78.66666666666));
#6267 = CARTESIAN_POINT('',(5.,-79.33333333333));
#6268 = CARTESIAN_POINT('',(5.,-80.));
#6269 = ( GEOMETRIC_REPRESENTATION_CONTEXT(2) 
PARAMETRIC_REPRESENTATION_CONTEXT() REPRESENTATION_CONTEXT('2D SPACE',''
  ) );
#6270 = PCURVE('',#6271,#6279);
#6271 = SURFACE_OF_LINEAR_EXTRUSION('',#6272,#6277);
#6272 = B_SPLINE_CURVE_WITH_KNOTS('',3,(#6273,#6274,#6275,#6276),
  .UNSPECIFIED.,.F.,.F.,(4,4),(0.,1.),.PIECEWISE_BEZIER_KNOTS.);
#6273 = CARTESIAN_POINT('',(-9.,78.,3.));
#6274 = CARTESIAN_POINT('',(-9.,78.666666666667,3.));
#6275 = CARTESIAN_POINT('',(-9.,79.333333333333,5.));
#6276 = CARTESIAN_POINT('',(-9.,80.,5.));
#6277 = VECTOR('',#6278,1.);
#6278 = DIRECTION('',(-1.,-0.,-0.));
#6279 = DEFINITIONAL_REPRESENTATION('',(#6280),#6284);
#6280 = LINE('',#6281,#6282);
#6281 = CARTESIAN_POINT('',(0.,-18.));
#6282 = VECTOR('',#6283,1.);
#6283 = DIRECTION('',(1.,0.));
#6284 = ( GEOMETRIC_REPRESENTATION_CONTEXT(2) 
PARAMETRIC_REPRESENTATION_CONTEXT() REPRESENTATION_CONTEXT('2D SPACE',''
  ) );
#6285 = ORIENTED_EDGE('',*,*,#6286,.T.);
#6286 = EDGE_CURVE('',#6254,#6287,#6289,.T.);
#6287 = VERTEX_POINT('',#6288);
#6288 = CARTESIAN_POINT('',(9.,73.,14.093928792278));
#6289 = SURFACE_CURVE('',#6290,(#6329,#6371),.PCURVE_S1.);
#6290 = B_SPLINE_CURVE_WITH_KNOTS('',13,(#6291,#6292,#6293,#6294,#6295,
    #6296,#6297,#6298,#6299,#6300,#6301,#6302,#6303,#6304,#6305,#6306,
    #6307,#6308,#6309,#6310,#6311,#6312,#6313,#6314,#6315,#6316,#6317,
    #6318,#6319,#6320,#6321,#6322,#6323,#6324,#6325,#6326,#6327,#6328),
  .UNSPECIFIED.,.F.,.F.,(14,12,12,14),(-0.794399493455,
    3.714808400532E-14,13.61845532117,14.083563821863),.UNSPECIFIED.);
#6291 = CARTESIAN_POINT('',(9.,80.794399493455,4.400000000001));
#6292 = CARTESIAN_POINT('',(9.,80.712055459648,4.400000000001));
#6293 = CARTESIAN_POINT('',(9.,80.633250822585,4.400000000001));
#6294 = CARTESIAN_POINT('',(9.,80.557985582266,4.400000000001));
#6295 = CARTESIAN_POINT('',(9.,80.486259738691,4.400000000001));
#6296 = CARTESIAN_POINT('',(9.000000000001,80.41807329186,4.400000000001
    ));
#6297 = CARTESIAN_POINT('',(9.000000000001,80.353426241774,
    4.400000000001));
#6298 = CARTESIAN_POINT('',(9.000000000001,80.292318588431,
    4.400000000001));
#6299 = CARTESIAN_POINT('',(9.000000000001,80.234750331832,4.4));
#6300 = CARTESIAN_POINT('',(9.,80.180721471978,4.4));
#6301 = CARTESIAN_POINT('',(9.,80.130232008867,4.4));
#6302 = CARTESIAN_POINT('',(9.,80.083281942501,4.4));
#6303 = CARTESIAN_POINT('',(9.,80.039871272878,4.4));
#6304 = CARTESIAN_POINT('',(8.999999999997,79.31648351646,4.399999999998
    ));
#6305 = CARTESIAN_POINT('',(9.000000000012,78.633277338065,
    4.578966503102));
#6306 = CARTESIAN_POINT('',(8.999999999966,77.979403858046,4.93708562529
    ));
#6307 = CARTESIAN_POINT('',(9.000000000067,77.407402372671,
    5.445780630124));
#6308 = CARTESIAN_POINT('',(8.9999999999,76.825544792516,6.017707467359)
  );
#6309 = CARTESIAN_POINT('',(9.000000000118,76.255997875134,
    6.809303427043));
#6310 = CARTESIAN_POINT('',(8.999999999889,75.712067542998,
    7.649487214041));
#6311 = CARTESIAN_POINT('',(9.000000000083,75.148929677034,
    8.689163249773));
#6312 = CARTESIAN_POINT('',(8.999999999949,74.607214641095,
    9.828015879756));
#6313 = CARTESIAN_POINT('',(9.000000000024,74.05819717962,
    11.121118891635));
#6314 = CARTESIAN_POINT('',(8.999999999992,73.514259595147,
    12.547129118484));
#6315 = CARTESIAN_POINT('',(9.000000000002,72.970749369348,
    14.113062602565));
#6316 = CARTESIAN_POINT('',(9.,72.40971646801,15.87630886386));
#6317 = CARTESIAN_POINT('',(9.,72.391188404029,15.934539922086));
#6318 = CARTESIAN_POINT('',(9.,72.372660340047,15.992770980312));
#6319 = CARTESIAN_POINT('',(9.,72.354132276066,16.051002038539));
#6320 = CARTESIAN_POINT('',(9.,72.335604212084,16.109233096765));
#6321 = CARTESIAN_POINT('',(9.,72.317076148102,16.167464154991));
#6322 = CARTESIAN_POINT('',(9.,72.298548084121,16.225695213217));
#6323 = CARTESIAN_POINT('',(9.,72.280020020139,16.283926271443));
#6324 = CARTESIAN_POINT('',(8.999999999999,72.261491956157,
    16.34215732967));
#6325 = CARTESIAN_POINT('',(8.999999999999,72.242963892176,
    16.400388387896));
#6326 = CARTESIAN_POINT('',(8.999999999999,72.224435828194,
    16.458619446122));
#6327 = CARTESIAN_POINT('',(8.999999999999,72.205907764213,
    16.516850504348));
#6328 = CARTESIAN_POINT('',(8.999999999999,72.187379700231,
    16.575081562574));
#6329 = PCURVE('',#3536,#6330);
#6330 = DEFINITIONAL_REPRESENTATION('',(#6331),#6370);
#6331 = B_SPLINE_CURVE_WITH_KNOTS('',13,(#6332,#6333,#6334,#6335,#6336,
    #6337,#6338,#6339,#6340,#6341,#6342,#6343,#6344,#6345,#6346,#6347,
    #6348,#6349,#6350,#6351,#6352,#6353,#6354,#6355,#6356,#6357,#6358,
    #6359,#6360,#6361,#6362,#6363,#6364,#6365,#6366,#6367,#6368,#6369),
  .UNSPECIFIED.,.F.,.F.,(14,12,12,14),(-0.794399493455,
    3.714808400532E-14,13.61845532117,14.083563821863),.UNSPECIFIED.);
#6332 = CARTESIAN_POINT('',(4.400000000001,-80.79439949345));
#6333 = CARTESIAN_POINT('',(4.400000000001,-80.71205545964));
#6334 = CARTESIAN_POINT('',(4.400000000001,-80.63325082258));
#6335 = CARTESIAN_POINT('',(4.400000000001,-80.55798558226));
#6336 = CARTESIAN_POINT('',(4.400000000001,-80.48625973869));
#6337 = CARTESIAN_POINT('',(4.400000000001,-80.41807329186));
#6338 = CARTESIAN_POINT('',(4.400000000001,-80.35342624177));
#6339 = CARTESIAN_POINT('',(4.400000000001,-80.29231858843));
#6340 = CARTESIAN_POINT('',(4.4,-80.23475033183));
#6341 = CARTESIAN_POINT('',(4.4,-80.18072147197));
#6342 = CARTESIAN_POINT('',(4.4,-80.13023200886));
#6343 = CARTESIAN_POINT('',(4.4,-80.0832819425));
#6344 = CARTESIAN_POINT('',(4.4,-80.03987127287));
#6345 = CARTESIAN_POINT('',(4.399999999998,-79.31648351646));
#6346 = CARTESIAN_POINT('',(4.578966503102,-78.63327733806));
#6347 = CARTESIAN_POINT('',(4.93708562529,-77.97940385804));
#6348 = CARTESIAN_POINT('',(5.445780630124,-77.40740237267));
#6349 = CARTESIAN_POINT('',(6.017707467359,-76.82554479251));
#6350 = CARTESIAN_POINT('',(6.809303427043,-76.25599787513));
#6351 = CARTESIAN_POINT('',(7.649487214041,-75.71206754299));
#6352 = CARTESIAN_POINT('',(8.689163249773,-75.14892967703));
#6353 = CARTESIAN_POINT('',(9.828015879756,-74.60721464109));
#6354 = CARTESIAN_POINT('',(11.121118891635,-74.05819717962));
#6355 = CARTESIAN_POINT('',(12.547129118484,-73.51425959514));
#6356 = CARTESIAN_POINT('',(14.113062602565,-72.97074936934));
#6357 = CARTESIAN_POINT('',(15.87630886386,-72.40971646801));
#6358 = CARTESIAN_POINT('',(15.934539922086,-72.39118840402));
#6359 = CARTESIAN_POINT('',(15.992770980312,-72.37266034004));
#6360 = CARTESIAN_POINT('',(16.051002038539,-72.35413227606));
#6361 = CARTESIAN_POINT('',(16.109233096765,-72.33560421208));
#6362 = CARTESIAN_POINT('',(16.167464154991,-72.3170761481));
#6363 = CARTESIAN_POINT('',(16.225695213217,-72.29854808412));
#6364 = CARTESIAN_POINT('',(16.283926271443,-72.28002002013));
#6365 = CARTESIAN_POINT('',(16.34215732967,-72.26149195615));
#6366 = CARTESIAN_POINT('',(16.400388387896,-72.24296389217));
#6367 = CARTESIAN_POINT('',(16.458619446122,-72.22443582819));
#6368 = CARTESIAN_POINT('',(16.516850504348,-72.20590776421));
#6369 = CARTESIAN_POINT('',(16.575081562574,-72.18737970023));
#6370 = ( GEOMETRIC_REPRESENTATION_CONTEXT(2) 
PARAMETRIC_REPRESENTATION_CONTEXT() REPRESENTATION_CONTEXT('2D SPACE',''
  ) );
#6371 = PCURVE('',#6372,#6487);
#6372 = ( BOUNDED_SURFACE() B_SPLINE_SURFACE(2,13,(
    (#6373,#6374,#6375,#6376,#6377,#6378,#6379,#6380,#6381,#6382,#6383
      ,#6384,#6385,#6386,#6387,#6388,#6389,#6390,#6391,#6392,#6393,#6394
      ,#6395,#6396,#6397,#6398,#6399,#6400,#6401,#6402,#6403,#6404,#6405
      ,#6406,#6407,#6408,#6409,#6410)
    ,(#6411,#6412,#6413,#6414,#6415,#6416,#6417,#6418,#6419,#6420,#6421
      ,#6422,#6423,#6424,#6425,#6426,#6427,#6428,#6429,#6430,#6431,#6432
      ,#6433,#6434,#6435,#6436,#6437,#6438,#6439,#6440,#6441,#6442,#6443
      ,#6444,#6445,#6446,#6447,#6448)
    ,(#6449,#6450,#6451,#6452,#6453,#6454,#6455,#6456,#6457,#6458,#6459
      ,#6460,#6461,#6462,#6463,#6464,#6465,#6466,#6467,#6468,#6469,#6470
      ,#6471,#6472,#6473,#6474,#6475,#6476,#6477,#6478,#6479,#6480,#6481
      ,#6482,#6483,#6484,#6485,#6486
)),.UNSPECIFIED.,.F.,.F.,.F.) B_SPLINE_SURFACE_WITH_KNOTS((3,3),(14,12,
    12,14),(0.,13.61845532117),(-0.794399493455,3.714808400532E-14,
    13.61845532117,14.083563821863),.UNSPECIFIED.) 
GEOMETRIC_REPRESENTATION_ITEM() RATIONAL_B_SPLINE_SURFACE((
    (1.,1.,1.,1.,1.,1.,1.,1.,1.,1.,1.,1.,1.,1.,1.,1.,1.,1.,1.,1.,1.,1.
      ,1.,1.,1.,1.,1.,1.,1.,1.,1.,1.,1.,1.,1.,1.,1.,1.)
    ,(0.707106781187,0.707106781187,0.707106781187,0.707106781187
      ,0.707106781187,0.707106781187,0.707106781187,0.707106781187
      ,0.707106781187,0.707106781187,0.707106781187,0.707106781187
      ,0.707106781187,0.707106781186,0.707106781187,0.707106781184
      ,0.707106781191,0.707106781179,0.707106781195,0.707106781179
      ,0.707106781192,0.707106781183,0.707106781188,0.707106781186
      ,0.707106781187,0.707106781187,0.707106781187,0.707106781187
      ,0.707106781187,0.707106781187,0.707106781187,0.707106781187
      ,0.707106781187,0.707106781187,0.707106781187,0.707106781187
      ,0.707106781187,0.707106781187)
    ,(1.,1.,1.,1.,1.,1.,1.,1.,1.,1.,1.,1.,1.,1.,1.,1.,1.,1.,1.,1.,1.,1.
      ,1.,1.,1.,1.,1.,1.,1.,1.,1.,1.,1.,1.,1.,1.,1.,1.
))) REPRESENTATION_ITEM('') SURFACE() );
#6373 = CARTESIAN_POINT('',(8.4,80.794399493455,5.000000000001));
#6374 = CARTESIAN_POINT('',(8.4,80.703594031963,5.000000000001));
#6375 = CARTESIAN_POINT('',(8.4,80.617738205163,5.000000000001));
#6376 = CARTESIAN_POINT('',(8.4,80.536832013055,5.000000000001));
#6377 = CARTESIAN_POINT('',(8.4,80.460875455638,5.000000000001));
#6378 = CARTESIAN_POINT('',(8.4,80.389868532912,5.000000000001));
#6379 = CARTESIAN_POINT('',(8.400000000001,80.323811244878,
    5.000000000001));
#6380 = CARTESIAN_POINT('',(8.400000000001,80.262703591535,
    5.000000000001));
#6381 = CARTESIAN_POINT('',(8.4,80.206545572884,5.000000000001));
#6382 = CARTESIAN_POINT('',(8.4,80.155337188924,5.));
#6383 = CARTESIAN_POINT('',(8.4,80.109078439656,5.));
#6384 = CARTESIAN_POINT('',(8.4,80.067769325079,5.));
#6385 = CARTESIAN_POINT('',(8.4,80.031409845194,5.));
#6386 = CARTESIAN_POINT('',(8.399999999997,79.461538461515,
    4.999999999998));
#6387 = CARTESIAN_POINT('',(8.400000000012,78.923076923185,
    5.141025641035));
#6388 = CARTESIAN_POINT('',(8.399999999968,78.384615384322,
    5.423076923051));
#6389 = CARTESIAN_POINT('',(8.400000000063,77.846153846731,
    5.846153846205));
#6390 = CARTESIAN_POINT('',(8.399999999906,77.307692306825,6.41025641018
    ));
#6391 = CARTESIAN_POINT('',(8.400000000111,76.769230770256,
    7.115384615475));
#6392 = CARTESIAN_POINT('',(8.399999999896,76.230769229803,
    7.961538461453));
#6393 = CARTESIAN_POINT('',(8.400000000079,75.692307693039,
    8.948717948783));
#6394 = CARTESIAN_POINT('',(8.399999999952,75.153846153403,
    10.076923076883));
#6395 = CARTESIAN_POINT('',(8.400000000023,74.615384615595,
    11.346153846173));
#6396 = CARTESIAN_POINT('',(8.399999999992,74.076923076849,
    12.756410256404));
#6397 = CARTESIAN_POINT('',(8.400000000002,73.538461538477,
    14.307692307694));
#6398 = CARTESIAN_POINT('',(8.4,72.981610026032,16.057797061041));
#6399 = CARTESIAN_POINT('',(8.4,72.963197037062,16.115666454946));
#6400 = CARTESIAN_POINT('',(8.4,72.944761033089,16.173608181715));
#6401 = CARTESIAN_POINT('',(8.4,72.926302014114,16.231622241349));
#6402 = CARTESIAN_POINT('',(8.4,72.907819980137,16.289708633846));
#6403 = CARTESIAN_POINT('',(8.4,72.889314931158,16.347867359208));
#6404 = CARTESIAN_POINT('',(8.4,72.870786867176,16.406098417435));
#6405 = CARTESIAN_POINT('',(8.4,72.852235788192,16.464401808525));
#6406 = CARTESIAN_POINT('',(8.399999999999,72.833661694206,
    16.52277753248));
#6407 = CARTESIAN_POINT('',(8.399999999999,72.815064585218,
    16.581225589299));
#6408 = CARTESIAN_POINT('',(8.399999999999,72.796444461227,
    16.639745978982));
#6409 = CARTESIAN_POINT('',(8.399999999999,72.777801322234,
    16.698338701529));
#6410 = CARTESIAN_POINT('',(8.399999999999,72.759135168239,
    16.757003756941));
#6411 = CARTESIAN_POINT('',(9.,80.794399493455,5.));
#6412 = CARTESIAN_POINT('',(9.,80.703594031962,5.));
#6413 = CARTESIAN_POINT('',(9.,80.617738205161,5.));
#6414 = CARTESIAN_POINT('',(9.,80.536832013051,5.));
#6415 = CARTESIAN_POINT('',(9.,80.460875455633,5.));
#6416 = CARTESIAN_POINT('',(9.,80.389868532907,5.));
#6417 = CARTESIAN_POINT('',(9.,80.323811244873,5.));
#6418 = CARTESIAN_POINT('',(9.,80.26270359153,5.));
#6419 = CARTESIAN_POINT('',(9.,80.206545572879,5.));
#6420 = CARTESIAN_POINT('',(9.,80.15533718892,5.));
#6421 = CARTESIAN_POINT('',(9.,80.109078439652,5.));
#6422 = CARTESIAN_POINT('',(9.,80.067769325077,5.));
#6423 = CARTESIAN_POINT('',(9.,80.031409845192,5.));
#6424 = CARTESIAN_POINT('',(9.,79.461538461539,5.));
#6425 = CARTESIAN_POINT('',(9.,78.923076923075,5.141025641026));
#6426 = CARTESIAN_POINT('',(9.,78.384615384619,5.423076923076));
#6427 = CARTESIAN_POINT('',(8.999999999999,77.84615384615,5.846153846152
    ));
#6428 = CARTESIAN_POINT('',(9.000000000001,77.307692307693,
    6.410256410265));
#6429 = CARTESIAN_POINT('',(8.999999999999,76.769230769235,
    7.115384615366));
#6430 = CARTESIAN_POINT('',(9.000000000001,76.230769230759,
    7.961538461566));
#6431 = CARTESIAN_POINT('',(9.,75.692307692321,8.948717948689));
#6432 = CARTESIAN_POINT('',(9.,75.153846153834,10.076923076946));
#6433 = CARTESIAN_POINT('',(9.,74.615384615392,11.34615384614));
#6434 = CARTESIAN_POINT('',(9.,74.07692307692,12.756410256417));
#6435 = CARTESIAN_POINT('',(9.,73.538461538462,14.307692307691));
#6436 = CARTESIAN_POINT('',(9.,72.981610026032,16.057797061041));
#6437 = CARTESIAN_POINT('',(9.,72.963197037063,16.115666454946));
#6438 = CARTESIAN_POINT('',(9.,72.94476103309,16.173608181716));
#6439 = CARTESIAN_POINT('',(9.,72.926302014116,16.231622241349));
#6440 = CARTESIAN_POINT('',(9.,72.90781998014,16.289708633847));
#6441 = CARTESIAN_POINT('',(9.,72.889314931161,16.347867359209));
#6442 = CARTESIAN_POINT('',(9.,72.87078686718,16.406098417436));
#6443 = CARTESIAN_POINT('',(9.,72.852235788196,16.464401808526));
#6444 = CARTESIAN_POINT('',(9.,72.83366169421,16.522777532481));
#6445 = CARTESIAN_POINT('',(9.,72.815064585223,16.5812255893));
#6446 = CARTESIAN_POINT('',(9.,72.796444461232,16.639745978983));
#6447 = CARTESIAN_POINT('',(9.,72.77780132224,16.698338701531));
#6448 = CARTESIAN_POINT('',(9.,72.759135168245,16.757003756943));
#6449 = CARTESIAN_POINT('',(9.,80.794399493455,4.400000000001));
#6450 = CARTESIAN_POINT('',(9.,80.712055459648,4.400000000001));
#6451 = CARTESIAN_POINT('',(9.,80.633250822585,4.400000000001));
#6452 = CARTESIAN_POINT('',(9.,80.557985582266,4.400000000001));
#6453 = CARTESIAN_POINT('',(9.,80.486259738691,4.400000000001));
#6454 = CARTESIAN_POINT('',(9.000000000001,80.41807329186,4.400000000001
    ));
#6455 = CARTESIAN_POINT('',(9.000000000001,80.353426241774,
    4.400000000001));
#6456 = CARTESIAN_POINT('',(9.000000000001,80.292318588431,
    4.400000000001));
#6457 = CARTESIAN_POINT('',(9.000000000001,80.234750331832,4.4));
#6458 = CARTESIAN_POINT('',(9.,80.180721471978,4.4));
#6459 = CARTESIAN_POINT('',(9.,80.130232008867,4.4));
#6460 = CARTESIAN_POINT('',(9.,80.083281942501,4.4));
#6461 = CARTESIAN_POINT('',(9.,80.039871272878,4.4));
#6462 = CARTESIAN_POINT('',(8.999999999997,79.31648351646,4.399999999998
    ));
#6463 = CARTESIAN_POINT('',(9.000000000012,78.633277338065,
    4.578966503102));
#6464 = CARTESIAN_POINT('',(8.999999999966,77.979403858046,4.93708562529
    ));
#6465 = CARTESIAN_POINT('',(9.000000000067,77.407402372671,
    5.445780630124));
#6466 = CARTESIAN_POINT('',(8.9999999999,76.825544792516,6.017707467359)
  );
#6467 = CARTESIAN_POINT('',(9.000000000118,76.255997875134,
    6.809303427043));
#6468 = CARTESIAN_POINT('',(8.999999999889,75.712067542998,
    7.649487214041));
#6469 = CARTESIAN_POINT('',(9.000000000083,75.148929677034,
    8.689163249773));
#6470 = CARTESIAN_POINT('',(8.999999999949,74.607214641095,
    9.828015879756));
#6471 = CARTESIAN_POINT('',(9.000000000024,74.05819717962,
    11.121118891635));
#6472 = CARTESIAN_POINT('',(8.999999999992,73.514259595147,
    12.547129118484));
#6473 = CARTESIAN_POINT('',(9.000000000002,72.970749369348,
    14.113062602565));
#6474 = CARTESIAN_POINT('',(9.,72.40971646801,15.87630886386));
#6475 = CARTESIAN_POINT('',(9.,72.391188404029,15.934539922086));
#6476 = CARTESIAN_POINT('',(9.,72.372660340047,15.992770980312));
#6477 = CARTESIAN_POINT('',(9.,72.354132276066,16.051002038539));
#6478 = CARTESIAN_POINT('',(9.,72.335604212084,16.109233096765));
#6479 = CARTESIAN_POINT('',(9.,72.317076148102,16.167464154991));
#6480 = CARTESIAN_POINT('',(9.,72.298548084121,16.225695213217));
#6481 = CARTESIAN_POINT('',(9.,72.280020020139,16.283926271443));
#6482 = CARTESIAN_POINT('',(8.999999999999,72.261491956157,
    16.34215732967));
#6483 = CARTESIAN_POINT('',(8.999999999999,72.242963892176,
    16.400388387896));
#6484 = CARTESIAN_POINT('',(8.999999999999,72.224435828194,
    16.458619446122));
#6485 = CARTESIAN_POINT('',(8.999999999999,72.205907764213,
    16.516850504348));
#6486 = CARTESIAN_POINT('',(8.999999999999,72.187379700231,
    16.575081562574));
#6487 = DEFINITIONAL_REPRESENTATION('',(#6488),#6492);
#6488 = LINE('',#6489,#6490);
#6489 = CARTESIAN_POINT('',(13.61845532117,0.));
#6490 = VECTOR('',#6491,1.);
#6491 = DIRECTION('',(0.,1.));
#6492 = ( GEOMETRIC_REPRESENTATION_CONTEXT(2) 
PARAMETRIC_REPRESENTATION_CONTEXT() REPRESENTATION_CONTEXT('2D SPACE',''
  ) );
#6493 = ORIENTED_EDGE('',*,*,#6494,.T.);
#6494 = EDGE_CURVE('',#6287,#6495,#6497,.T.);
#6495 = VERTEX_POINT('',#6496);
#6496 = CARTESIAN_POINT('',(9.,73.,3.));
#6497 = SURFACE_CURVE('',#6498,(#6502,#6509),.PCURVE_S1.);
#6498 = LINE('',#6499,#6500);
#6499 = CARTESIAN_POINT('',(9.,73.,16.));
#6500 = VECTOR('',#6501,1.);
#6501 = DIRECTION('',(0.,0.,-1.));
#6502 = PCURVE('',#3536,#6503);
#6503 = DEFINITIONAL_REPRESENTATION('',(#6504),#6508);
#6504 = LINE('',#6505,#6506);
#6505 = CARTESIAN_POINT('',(16.,-73.));
#6506 = VECTOR('',#6507,1.);
#6507 = DIRECTION('',(-1.,0.));
#6508 = ( GEOMETRIC_REPRESENTATION_CONTEXT(2) 
PARAMETRIC_REPRESENTATION_CONTEXT() REPRESENTATION_CONTEXT('2D SPACE',''
  ) );
#6509 = PCURVE('',#6510,#6515);
#6510 = PLANE('',#6511);
#6511 = AXIS2_PLACEMENT_3D('',#6512,#6513,#6514);
#6512 = CARTESIAN_POINT('',(6.,73.,16.));
#6513 = DIRECTION('',(-0.,1.,0.));
#6514 = DIRECTION('',(0.,0.,-1.));
#6515 = DEFINITIONAL_REPRESENTATION('',(#6516),#6520);
#6516 = LINE('',#6517,#6518);
#6517 = CARTESIAN_POINT('',(0.,-3.));
#6518 = VECTOR('',#6519,1.);
#6519 = DIRECTION('',(1.,0.));
#6520 = ( GEOMETRIC_REPRESENTATION_CONTEXT(2) 
PARAMETRIC_REPRESENTATION_CONTEXT() REPRESENTATION_CONTEXT('2D SPACE',''
  ) );
#6521 = ORIENTED_EDGE('',*,*,#6522,.T.);
#6522 = EDGE_CURVE('',#6495,#6523,#6525,.T.);
#6523 = VERTEX_POINT('',#6524);
#6524 = CARTESIAN_POINT('',(9.,78.,3.));
#6525 = SURFACE_CURVE('',#6526,(#6530,#6537),.PCURVE_S1.);
#6526 = LINE('',#6527,#6528);
#6527 = CARTESIAN_POINT('',(9.,73.,3.));
#6528 = VECTOR('',#6529,1.);
#6529 = DIRECTION('',(0.,1.,0.));
#6530 = PCURVE('',#3536,#6531);
#6531 = DEFINITIONAL_REPRESENTATION('',(#6532),#6536);
#6532 = LINE('',#6533,#6534);
#6533 = CARTESIAN_POINT('',(3.,-73.));
#6534 = VECTOR('',#6535,1.);
#6535 = DIRECTION('',(0.,-1.));
#6536 = ( GEOMETRIC_REPRESENTATION_CONTEXT(2) 
PARAMETRIC_REPRESENTATION_CONTEXT() REPRESENTATION_CONTEXT('2D SPACE',''
  ) );
#6537 = PCURVE('',#3593,#6538);
#6538 = DEFINITIONAL_REPRESENTATION('',(#6539),#6543);
#6539 = LINE('',#6540,#6541);
#6540 = CARTESIAN_POINT('',(0.,-3.));
#6541 = VECTOR('',#6542,1.);
#6542 = DIRECTION('',(1.,0.));
#6543 = ( GEOMETRIC_REPRESENTATION_CONTEXT(2) 
PARAMETRIC_REPRESENTATION_CONTEXT() REPRESENTATION_CONTEXT('2D SPACE',''
  ) );
#6544 = ORIENTED_EDGE('',*,*,#6545,.F.);
#6545 = EDGE_CURVE('',#3519,#6523,#6546,.T.);
#6546 = SURFACE_CURVE('',#6547,(#6551,#6558),.PCURVE_S1.);
#6547 = LINE('',#6548,#6549);
#6548 = CARTESIAN_POINT('',(9.,78.,2.));
#6549 = VECTOR('',#6550,1.);
#6550 = DIRECTION('',(0.,0.,1.));
#6551 = PCURVE('',#3536,#6552);
#6552 = DEFINITIONAL_REPRESENTATION('',(#6553),#6557);
#6553 = LINE('',#6554,#6555);
#6554 = CARTESIAN_POINT('',(2.,-78.));
#6555 = VECTOR('',#6556,1.);
#6556 = DIRECTION('',(1.,0.));
#6557 = ( GEOMETRIC_REPRESENTATION_CONTEXT(2) 
PARAMETRIC_REPRESENTATION_CONTEXT() REPRESENTATION_CONTEXT('2D SPACE',''
  ) );
#6558 = PCURVE('',#3565,#6559);
#6559 = DEFINITIONAL_REPRESENTATION('',(#6560),#6564);
#6560 = LINE('',#6561,#6562);
#6561 = CARTESIAN_POINT('',(0.,-18.));
#6562 = VECTOR('',#6563,1.);
#6563 = DIRECTION('',(1.,0.));
#6564 = ( GEOMETRIC_REPRESENTATION_CONTEXT(2) 
PARAMETRIC_REPRESENTATION_CONTEXT() REPRESENTATION_CONTEXT('2D SPACE',''
  ) );
#6565 = ORIENTED_EDGE('',*,*,#3518,.T.);
#6566 = ADVANCED_FACE('',(#6567),#3725,.F.);
#6567 = FACE_BOUND('',#6568,.F.);
#6568 = EDGE_LOOP('',(#6569,#6570,#6571,#6592));
#6569 = ORIENTED_EDGE('',*,*,#3711,.T.);
#6570 = ORIENTED_EDGE('',*,*,#4627,.F.);
#6571 = ORIENTED_EDGE('',*,*,#6572,.T.);
#6572 = EDGE_CURVE('',#4603,#3874,#6573,.T.);
#6573 = SURFACE_CURVE('',#6574,(#6578,#6585),.PCURVE_S1.);
#6574 = LINE('',#6575,#6576);
#6575 = CARTESIAN_POINT('',(9.,43.,3.));
#6576 = VECTOR('',#6577,1.);
#6577 = DIRECTION('',(0.,1.,0.));
#6578 = PCURVE('',#3725,#6579);
#6579 = DEFINITIONAL_REPRESENTATION('',(#6580),#6584);
#6580 = LINE('',#6581,#6582);
#6581 = CARTESIAN_POINT('',(6.,0.));
#6582 = VECTOR('',#6583,1.);
#6583 = DIRECTION('',(0.,1.));
#6584 = ( GEOMETRIC_REPRESENTATION_CONTEXT(2) 
PARAMETRIC_REPRESENTATION_CONTEXT() REPRESENTATION_CONTEXT('2D SPACE',''
  ) );
#6585 = PCURVE('',#3891,#6586);
#6586 = DEFINITIONAL_REPRESENTATION('',(#6587),#6591);
#6587 = LINE('',#6588,#6589);
#6588 = CARTESIAN_POINT('',(0.,0.));
#6589 = VECTOR('',#6590,1.);
#6590 = DIRECTION('',(0.,-1.));
#6591 = ( GEOMETRIC_REPRESENTATION_CONTEXT(2) 
PARAMETRIC_REPRESENTATION_CONTEXT() REPRESENTATION_CONTEXT('2D SPACE',''
  ) );
#6592 = ORIENTED_EDGE('',*,*,#3903,.T.);
#6593 = ADVANCED_FACE('',(#6594),#3677,.T.);
#6594 = FACE_BOUND('',#6595,.T.);
#6595 = EDGE_LOOP('',(#6596,#6597,#6598));
#6596 = ORIENTED_EDGE('',*,*,#5217,.T.);
#6597 = ORIENTED_EDGE('',*,*,#3661,.F.);
#6598 = ORIENTED_EDGE('',*,*,#6599,.T.);
#6599 = EDGE_CURVE('',#3634,#5144,#6600,.T.);
#6600 = SURFACE_CURVE('',#6601,(#6606,#6617),.PCURVE_S1.);
#6601 = CIRCLE('',#6602,0.8);
#6602 = AXIS2_PLACEMENT_3D('',#6603,#6604,#6605);
#6603 = CARTESIAN_POINT('',(8.2,67.8,3.));
#6604 = DIRECTION('',(-0.,-0.,-1.));
#6605 = DIRECTION('',(0.,-1.,0.));
#6606 = PCURVE('',#3677,#6607);
#6607 = DEFINITIONAL_REPRESENTATION('',(#6608),#6616);
#6608 = ( BOUNDED_CURVE() B_SPLINE_CURVE(2,(#6609,#6610,#6611,#6612,
#6613,#6614,#6615),.UNSPECIFIED.,.T.,.F.) B_SPLINE_CURVE_WITH_KNOTS((1,2
    ,2,2,2,1),(-2.094395102393,0.,2.094395102393,4.188790204786,
6.28318530718,8.377580409573),.UNSPECIFIED.) CURVE() 
GEOMETRIC_REPRESENTATION_ITEM() RATIONAL_B_SPLINE_CURVE((1.,0.5,1.,0.5,
1.,0.5,1.)) REPRESENTATION_ITEM('') );
#6609 = CARTESIAN_POINT('',(17.2,67.));
#6610 = CARTESIAN_POINT('',(15.814359353945,67.));
#6611 = CARTESIAN_POINT('',(16.507179676972,68.2));
#6612 = CARTESIAN_POINT('',(17.2,69.4));
#6613 = CARTESIAN_POINT('',(17.892820323028,68.2));
#6614 = CARTESIAN_POINT('',(18.585640646055,67.));
#6615 = CARTESIAN_POINT('',(17.2,67.));
#6616 = ( GEOMETRIC_REPRESENTATION_CONTEXT(2) 
PARAMETRIC_REPRESENTATION_CONTEXT() REPRESENTATION_CONTEXT('2D SPACE',''
  ) );
#6617 = PCURVE('',#5159,#6618);
#6618 = DEFINITIONAL_REPRESENTATION('',(#6619),#6623);
#6619 = LINE('',#6620,#6621);
#6620 = CARTESIAN_POINT('',(4.712388980385,-0.));
#6621 = VECTOR('',#6622,1.);
#6622 = DIRECTION('',(-1.,0.));
#6623 = ( GEOMETRIC_REPRESENTATION_CONTEXT(2) 
PARAMETRIC_REPRESENTATION_CONTEXT() REPRESENTATION_CONTEXT('2D SPACE',''
  ) );
#6624 = ADVANCED_FACE('',(#6625),#3649,.F.);
#6625 = FACE_BOUND('',#6626,.F.);
#6626 = EDGE_LOOP('',(#6627,#6656,#6657,#6685));
#6627 = ORIENTED_EDGE('',*,*,#6628,.T.);
#6628 = EDGE_CURVE('',#6629,#3606,#6631,.T.);
#6629 = VERTEX_POINT('',#6630);
#6630 = CARTESIAN_POINT('',(9.,72.2,3.));
#6631 = SURFACE_CURVE('',#6632,(#6637,#6644),.PCURVE_S1.);
#6632 = CIRCLE('',#6633,0.8);
#6633 = AXIS2_PLACEMENT_3D('',#6634,#6635,#6636);
#6634 = CARTESIAN_POINT('',(8.2,72.2,3.));
#6635 = DIRECTION('',(0.,0.,1.));
#6636 = DIRECTION('',(0.,-1.,0.));
#6637 = PCURVE('',#3649,#6638);
#6638 = DEFINITIONAL_REPRESENTATION('',(#6639),#6643);
#6639 = CIRCLE('',#6640,0.8);
#6640 = AXIS2_PLACEMENT_2D('',#6641,#6642);
#6641 = CARTESIAN_POINT('',(17.2,-0.8));
#6642 = DIRECTION('',(0.,-1.));
#6643 = ( GEOMETRIC_REPRESENTATION_CONTEXT(2) 
PARAMETRIC_REPRESENTATION_CONTEXT() REPRESENTATION_CONTEXT('2D SPACE',''
  ) );
#6644 = PCURVE('',#6645,#6650);
#6645 = CYLINDRICAL_SURFACE('',#6646,0.8);
#6646 = AXIS2_PLACEMENT_3D('',#6647,#6648,#6649);
#6647 = CARTESIAN_POINT('',(8.2,72.2,3.));
#6648 = DIRECTION('',(0.,0.,1.));
#6649 = DIRECTION('',(1.,0.,-0.));
#6650 = DEFINITIONAL_REPRESENTATION('',(#6651),#6655);
#6651 = LINE('',#6652,#6653);
#6652 = CARTESIAN_POINT('',(-1.570796326795,0.));
#6653 = VECTOR('',#6654,1.);
#6654 = DIRECTION('',(1.,0.));
#6655 = ( GEOMETRIC_REPRESENTATION_CONTEXT(2) 
PARAMETRIC_REPRESENTATION_CONTEXT() REPRESENTATION_CONTEXT('2D SPACE',''
  ) );
#6656 = ORIENTED_EDGE('',*,*,#3633,.T.);
#6657 = ORIENTED_EDGE('',*,*,#6658,.F.);
#6658 = EDGE_CURVE('',#6659,#3634,#6661,.T.);
#6659 = VERTEX_POINT('',#6660);
#6660 = CARTESIAN_POINT('',(9.,67.8,3.));
#6661 = SURFACE_CURVE('',#6662,(#6667,#6678),.PCURVE_S1.);
#6662 = CIRCLE('',#6663,0.8);
#6663 = AXIS2_PLACEMENT_3D('',#6664,#6665,#6666);
#6664 = CARTESIAN_POINT('',(8.2,67.8,3.));
#6665 = DIRECTION('',(-0.,-0.,-1.));
#6666 = DIRECTION('',(0.,-1.,0.));
#6667 = PCURVE('',#3649,#6668);
#6668 = DEFINITIONAL_REPRESENTATION('',(#6669),#6677);
#6669 = ( BOUNDED_CURVE() B_SPLINE_CURVE(2,(#6670,#6671,#6672,#6673,
#6674,#6675,#6676),.UNSPECIFIED.,.T.,.F.) B_SPLINE_CURVE_WITH_KNOTS((1,2
    ,2,2,2,1),(-2.094395102393,0.,2.094395102393,4.188790204786,
6.28318530718,8.377580409573),.UNSPECIFIED.) CURVE() 
GEOMETRIC_REPRESENTATION_ITEM() RATIONAL_B_SPLINE_CURVE((1.,0.5,1.,0.5,
1.,0.5,1.)) REPRESENTATION_ITEM('') );
#6670 = CARTESIAN_POINT('',(17.2,-6.));
#6671 = CARTESIAN_POINT('',(15.814359353945,-6.));
#6672 = CARTESIAN_POINT('',(16.507179676972,-4.8));
#6673 = CARTESIAN_POINT('',(17.2,-3.6));
#6674 = CARTESIAN_POINT('',(17.892820323028,-4.8));
#6675 = CARTESIAN_POINT('',(18.585640646055,-6.));
#6676 = CARTESIAN_POINT('',(17.2,-6.));
#6677 = ( GEOMETRIC_REPRESENTATION_CONTEXT(2) 
PARAMETRIC_REPRESENTATION_CONTEXT() REPRESENTATION_CONTEXT('2D SPACE',''
  ) );
#6678 = PCURVE('',#5159,#6679);
#6679 = DEFINITIONAL_REPRESENTATION('',(#6680),#6684);
#6680 = LINE('',#6681,#6682);
#6681 = CARTESIAN_POINT('',(4.712388980385,-0.));
#6682 = VECTOR('',#6683,1.);
#6683 = DIRECTION('',(-1.,0.));
#6684 = ( GEOMETRIC_REPRESENTATION_CONTEXT(2) 
PARAMETRIC_REPRESENTATION_CONTEXT() REPRESENTATION_CONTEXT('2D SPACE',''
  ) );
#6685 = ORIENTED_EDGE('',*,*,#6686,.F.);
#6686 = EDGE_CURVE('',#6629,#6659,#6687,.T.);
#6687 = SURFACE_CURVE('',#6688,(#6692,#6699),.PCURVE_S1.);
#6688 = LINE('',#6689,#6690);
#6689 = CARTESIAN_POINT('',(9.,73.,3.));
#6690 = VECTOR('',#6691,1.);
#6691 = DIRECTION('',(0.,-1.,0.));
#6692 = PCURVE('',#3649,#6693);
#6693 = DEFINITIONAL_REPRESENTATION('',(#6694),#6698);
#6694 = LINE('',#6695,#6696);
#6695 = CARTESIAN_POINT('',(18.,0.));
#6696 = VECTOR('',#6697,1.);
#6697 = DIRECTION('',(0.,-1.));
#6698 = ( GEOMETRIC_REPRESENTATION_CONTEXT(2) 
PARAMETRIC_REPRESENTATION_CONTEXT() REPRESENTATION_CONTEXT('2D SPACE',''
  ) );
#6699 = PCURVE('',#6700,#6705);
#6700 = PLANE('',#6701);
#6701 = AXIS2_PLACEMENT_3D('',#6702,#6703,#6704);
#6702 = CARTESIAN_POINT('',(9.,73.,3.));
#6703 = DIRECTION('',(-1.,0.,0.));
#6704 = DIRECTION('',(0.,0.,1.));
#6705 = DEFINITIONAL_REPRESENTATION('',(#6706),#6710);
#6706 = LINE('',#6707,#6708);
#6707 = CARTESIAN_POINT('',(0.,0.));
#6708 = VECTOR('',#6709,1.);
#6709 = DIRECTION('',(0.,-1.));
#6710 = ( GEOMETRIC_REPRESENTATION_CONTEXT(2) 
PARAMETRIC_REPRESENTATION_CONTEXT() REPRESENTATION_CONTEXT('2D SPACE',''
  ) );
#6711 = ADVANCED_FACE('',(#6712),#3621,.T.);
#6712 = FACE_BOUND('',#6713,.T.);
#6713 = EDGE_LOOP('',(#6714,#6737,#6759));
#6714 = ORIENTED_EDGE('',*,*,#6715,.F.);
#6715 = EDGE_CURVE('',#6716,#3578,#6718,.T.);
#6716 = VERTEX_POINT('',#6717);
#6717 = CARTESIAN_POINT('',(8.2,73.,3.));
#6718 = SURFACE_CURVE('',#6719,(#6723,#6730),.PCURVE_S1.);
#6719 = LINE('',#6720,#6721);
#6720 = CARTESIAN_POINT('',(6.,73.,3.));
#6721 = VECTOR('',#6722,1.);
#6722 = DIRECTION('',(1.,0.,0.));
#6723 = PCURVE('',#3621,#6724);
#6724 = DEFINITIONAL_REPRESENTATION('',(#6725),#6729);
#6725 = LINE('',#6726,#6727);
#6726 = CARTESIAN_POINT('',(15.,73.));
#6727 = VECTOR('',#6728,1.);
#6728 = DIRECTION('',(1.,0.));
#6729 = ( GEOMETRIC_REPRESENTATION_CONTEXT(2) 
PARAMETRIC_REPRESENTATION_CONTEXT() REPRESENTATION_CONTEXT('2D SPACE',''
  ) );
#6730 = PCURVE('',#6510,#6731);
#6731 = DEFINITIONAL_REPRESENTATION('',(#6732),#6736);
#6732 = LINE('',#6733,#6734);
#6733 = CARTESIAN_POINT('',(13.,0.));
#6734 = VECTOR('',#6735,1.);
#6735 = DIRECTION('',(0.,-1.));
#6736 = ( GEOMETRIC_REPRESENTATION_CONTEXT(2) 
PARAMETRIC_REPRESENTATION_CONTEXT() REPRESENTATION_CONTEXT('2D SPACE',''
  ) );
#6737 = ORIENTED_EDGE('',*,*,#6738,.F.);
#6738 = EDGE_CURVE('',#3606,#6716,#6739,.T.);
#6739 = SURFACE_CURVE('',#6740,(#6745,#6752),.PCURVE_S1.);
#6740 = CIRCLE('',#6741,0.8);
#6741 = AXIS2_PLACEMENT_3D('',#6742,#6743,#6744);
#6742 = CARTESIAN_POINT('',(8.2,72.2,3.));
#6743 = DIRECTION('',(0.,0.,1.));
#6744 = DIRECTION('',(0.,-1.,0.));
#6745 = PCURVE('',#3621,#6746);
#6746 = DEFINITIONAL_REPRESENTATION('',(#6747),#6751);
#6747 = CIRCLE('',#6748,0.8);
#6748 = AXIS2_PLACEMENT_2D('',#6749,#6750);
#6749 = CARTESIAN_POINT('',(17.2,72.2));
#6750 = DIRECTION('',(0.,-1.));
#6751 = ( GEOMETRIC_REPRESENTATION_CONTEXT(2) 
PARAMETRIC_REPRESENTATION_CONTEXT() REPRESENTATION_CONTEXT('2D SPACE',''
  ) );
#6752 = PCURVE('',#6645,#6753);
#6753 = DEFINITIONAL_REPRESENTATION('',(#6754),#6758);
#6754 = LINE('',#6755,#6756);
#6755 = CARTESIAN_POINT('',(-1.570796326795,0.));
#6756 = VECTOR('',#6757,1.);
#6757 = DIRECTION('',(1.,0.));
#6758 = ( GEOMETRIC_REPRESENTATION_CONTEXT(2) 
PARAMETRIC_REPRESENTATION_CONTEXT() REPRESENTATION_CONTEXT('2D SPACE',''
  ) );
#6759 = ORIENTED_EDGE('',*,*,#3605,.F.);
#6760 = ADVANCED_FACE('',(#6761),#3593,.F.);
#6761 = FACE_BOUND('',#6762,.F.);
#6762 = EDGE_LOOP('',(#6763,#6784,#6785,#6806));
#6763 = ORIENTED_EDGE('',*,*,#6764,.F.);
#6764 = EDGE_CURVE('',#3549,#6523,#6765,.T.);
#6765 = SURFACE_CURVE('',#6766,(#6770,#6777),.PCURVE_S1.);
#6766 = LINE('',#6767,#6768);
#6767 = CARTESIAN_POINT('',(-9.,78.,3.));
#6768 = VECTOR('',#6769,1.);
#6769 = DIRECTION('',(1.,0.,0.));
#6770 = PCURVE('',#3593,#6771);
#6771 = DEFINITIONAL_REPRESENTATION('',(#6772),#6776);
#6772 = LINE('',#6773,#6774);
#6773 = CARTESIAN_POINT('',(5.,15.));
#6774 = VECTOR('',#6775,1.);
#6775 = DIRECTION('',(0.,-1.));
#6776 = ( GEOMETRIC_REPRESENTATION_CONTEXT(2) 
PARAMETRIC_REPRESENTATION_CONTEXT() REPRESENTATION_CONTEXT('2D SPACE',''
  ) );
#6777 = PCURVE('',#3565,#6778);
#6778 = DEFINITIONAL_REPRESENTATION('',(#6779),#6783);
#6779 = LINE('',#6780,#6781);
#6780 = CARTESIAN_POINT('',(1.,0.));
#6781 = VECTOR('',#6782,1.);
#6782 = DIRECTION('',(0.,-1.));
#6783 = ( GEOMETRIC_REPRESENTATION_CONTEXT(2) 
PARAMETRIC_REPRESENTATION_CONTEXT() REPRESENTATION_CONTEXT('2D SPACE',''
  ) );
#6784 = ORIENTED_EDGE('',*,*,#3577,.T.);
#6785 = ORIENTED_EDGE('',*,*,#6786,.T.);
#6786 = EDGE_CURVE('',#3578,#6495,#6787,.T.);
#6787 = SURFACE_CURVE('',#6788,(#6792,#6799),.PCURVE_S1.);
#6788 = LINE('',#6789,#6790);
#6789 = CARTESIAN_POINT('',(6.,73.,3.));
#6790 = VECTOR('',#6791,1.);
#6791 = DIRECTION('',(1.,0.,0.));
#6792 = PCURVE('',#3593,#6793);
#6793 = DEFINITIONAL_REPRESENTATION('',(#6794),#6798);
#6794 = LINE('',#6795,#6796);
#6795 = CARTESIAN_POINT('',(0.,0.));
#6796 = VECTOR('',#6797,1.);
#6797 = DIRECTION('',(0.,-1.));
#6798 = ( GEOMETRIC_REPRESENTATION_CONTEXT(2) 
PARAMETRIC_REPRESENTATION_CONTEXT() REPRESENTATION_CONTEXT('2D SPACE',''
  ) );
#6799 = PCURVE('',#6510,#6800);
#6800 = DEFINITIONAL_REPRESENTATION('',(#6801),#6805);
#6801 = LINE('',#6802,#6803);
#6802 = CARTESIAN_POINT('',(13.,0.));
#6803 = VECTOR('',#6804,1.);
#6804 = DIRECTION('',(0.,-1.));
#6805 = ( GEOMETRIC_REPRESENTATION_CONTEXT(2) 
PARAMETRIC_REPRESENTATION_CONTEXT() REPRESENTATION_CONTEXT('2D SPACE',''
  ) );
#6806 = ORIENTED_EDGE('',*,*,#6522,.T.);
#6807 = ADVANCED_FACE('',(#6808),#3565,.T.);
#6808 = FACE_BOUND('',#6809,.T.);
#6809 = EDGE_LOOP('',(#6810,#6811,#6812));
#6810 = ORIENTED_EDGE('',*,*,#3548,.F.);
#6811 = ORIENTED_EDGE('',*,*,#6545,.T.);
#6812 = ORIENTED_EDGE('',*,*,#6764,.F.);
#6813 = ADVANCED_FACE('',(#6814),#3781,.F.);
#6814 = FACE_BOUND('',#6815,.F.);
#6815 = EDGE_LOOP('',(#6816,#6817,#6818,#6819));
#6816 = ORIENTED_EDGE('',*,*,#4523,.F.);
#6817 = ORIENTED_EDGE('',*,*,#5979,.T.);
#6818 = ORIENTED_EDGE('',*,*,#3763,.T.);
#6819 = ORIENTED_EDGE('',*,*,#6820,.F.);
#6820 = EDGE_CURVE('',#4526,#3766,#6821,.T.);
#6821 = SURFACE_CURVE('',#6822,(#6826,#6833),.PCURVE_S1.);
#6822 = LINE('',#6823,#6824);
#6823 = CARTESIAN_POINT('',(-9.,44.,5.8));
#6824 = VECTOR('',#6825,1.);
#6825 = DIRECTION('',(0.,1.,0.));
#6826 = PCURVE('',#3781,#6827);
#6827 = DEFINITIONAL_REPRESENTATION('',(#6828),#6832);
#6828 = LINE('',#6829,#6830);
#6829 = CARTESIAN_POINT('',(2.8,-1.));
#6830 = VECTOR('',#6831,1.);
#6831 = DIRECTION('',(0.,-1.));
#6832 = ( GEOMETRIC_REPRESENTATION_CONTEXT(2) 
PARAMETRIC_REPRESENTATION_CONTEXT() REPRESENTATION_CONTEXT('2D SPACE',''
  ) );
#6833 = PCURVE('',#6834,#6839);
#6834 = CYLINDRICAL_SURFACE('',#6835,0.2);
#6835 = AXIS2_PLACEMENT_3D('',#6836,#6837,#6838);
#6836 = CARTESIAN_POINT('',(-8.8,44.,5.8));
#6837 = DIRECTION('',(0.,1.,0.));
#6838 = DIRECTION('',(-1.,0.,0.));
#6839 = DEFINITIONAL_REPRESENTATION('',(#6840),#6844);
#6840 = LINE('',#6841,#6842);
#6841 = CARTESIAN_POINT('',(0.,0.));
#6842 = VECTOR('',#6843,1.);
#6843 = DIRECTION('',(0.,1.));
#6844 = ( GEOMETRIC_REPRESENTATION_CONTEXT(2) 
PARAMETRIC_REPRESENTATION_CONTEXT() REPRESENTATION_CONTEXT('2D SPACE',''
  ) );
#6845 = ADVANCED_FACE('',(#6846),#3858,.T.);
#6846 = FACE_BOUND('',#6847,.F.);
#6847 = EDGE_LOOP('',(#6848,#6872,#6873,#6897));
#6848 = ORIENTED_EDGE('',*,*,#6849,.F.);
#6849 = EDGE_CURVE('',#3766,#6850,#6852,.T.);
#6850 = VERTEX_POINT('',#6851);
#6851 = CARTESIAN_POINT('',(-8.8,48.,6.));
#6852 = SURFACE_CURVE('',#6853,(#6858,#6865),.PCURVE_S1.);
#6853 = CIRCLE('',#6854,0.2);
#6854 = AXIS2_PLACEMENT_3D('',#6855,#6856,#6857);
#6855 = CARTESIAN_POINT('',(-8.8,48.,5.8));
#6856 = DIRECTION('',(0.,1.,0.));
#6857 = DIRECTION('',(-1.,0.,0.));
#6858 = PCURVE('',#3858,#6859);
#6859 = DEFINITIONAL_REPRESENTATION('',(#6860),#6864);
#6860 = LINE('',#6861,#6862);
#6861 = CARTESIAN_POINT('',(-0.,0.));
#6862 = VECTOR('',#6863,1.);
#6863 = DIRECTION('',(-0.,1.));
#6864 = ( GEOMETRIC_REPRESENTATION_CONTEXT(2) 
PARAMETRIC_REPRESENTATION_CONTEXT() REPRESENTATION_CONTEXT('2D SPACE',''
  ) );
#6865 = PCURVE('',#6834,#6866);
#6866 = DEFINITIONAL_REPRESENTATION('',(#6867),#6871);
#6867 = LINE('',#6868,#6869);
#6868 = CARTESIAN_POINT('',(0.,4.));
#6869 = VECTOR('',#6870,1.);
#6870 = DIRECTION('',(1.,0.));
#6871 = ( GEOMETRIC_REPRESENTATION_CONTEXT(2) 
PARAMETRIC_REPRESENTATION_CONTEXT() REPRESENTATION_CONTEXT('2D SPACE',''
  ) );
#6872 = ORIENTED_EDGE('',*,*,#3843,.T.);
#6873 = ORIENTED_EDGE('',*,*,#6874,.T.);
#6874 = EDGE_CURVE('',#3821,#6875,#6877,.T.);
#6875 = VERTEX_POINT('',#6876);
#6876 = CARTESIAN_POINT('',(-8.,48.8,6.));
#6877 = SURFACE_CURVE('',#6878,(#6883,#6890),.PCURVE_S1.);
#6878 = CIRCLE('',#6879,0.2);
#6879 = AXIS2_PLACEMENT_3D('',#6880,#6881,#6882);
#6880 = CARTESIAN_POINT('',(-8.,48.8,5.8));
#6881 = DIRECTION('',(1.,6.123233995737E-17,-0.));
#6882 = DIRECTION('',(-6.123233995737E-17,1.,0.));
#6883 = PCURVE('',#3858,#6884);
#6884 = DEFINITIONAL_REPRESENTATION('',(#6885),#6889);
#6885 = LINE('',#6886,#6887);
#6886 = CARTESIAN_POINT('',(-1.570796326795,0.));
#6887 = VECTOR('',#6888,1.);
#6888 = DIRECTION('',(-0.,1.));
#6889 = ( GEOMETRIC_REPRESENTATION_CONTEXT(2) 
PARAMETRIC_REPRESENTATION_CONTEXT() REPRESENTATION_CONTEXT('2D SPACE',''
  ) );
#6890 = PCURVE('',#3996,#6891);
#6891 = DEFINITIONAL_REPRESENTATION('',(#6892),#6896);
#6892 = LINE('',#6893,#6894);
#6893 = CARTESIAN_POINT('',(0.,0.));
#6894 = VECTOR('',#6895,1.);
#6895 = DIRECTION('',(1.,0.));
#6896 = ( GEOMETRIC_REPRESENTATION_CONTEXT(2) 
PARAMETRIC_REPRESENTATION_CONTEXT() REPRESENTATION_CONTEXT('2D SPACE',''
  ) );
#6897 = ORIENTED_EDGE('',*,*,#6898,.F.);
#6898 = EDGE_CURVE('',#6850,#6875,#6899,.T.);
#6899 = SURFACE_CURVE('',#6900,(#6905,#6912),.PCURVE_S1.);
#6900 = CIRCLE('',#6901,0.8);
#6901 = AXIS2_PLACEMENT_3D('',#6902,#6903,#6904);
#6902 = CARTESIAN_POINT('',(-8.,48.,6.));
#6903 = DIRECTION('',(-0.,0.,-1.));
#6904 = DIRECTION('',(-1.,0.,0.));
#6905 = PCURVE('',#3858,#6906);
#6906 = DEFINITIONAL_REPRESENTATION('',(#6907),#6911);
#6907 = LINE('',#6908,#6909);
#6908 = CARTESIAN_POINT('',(-0.,1.570796326795));
#6909 = VECTOR('',#6910,1.);
#6910 = DIRECTION('',(-1.,0.));
#6911 = ( GEOMETRIC_REPRESENTATION_CONTEXT(2) 
PARAMETRIC_REPRESENTATION_CONTEXT() REPRESENTATION_CONTEXT('2D SPACE',''
  ) );
#6912 = PCURVE('',#6913,#6918);
#6913 = PLANE('',#6914);
#6914 = AXIS2_PLACEMENT_3D('',#6915,#6916,#6917);
#6915 = CARTESIAN_POINT('',(-9.,43.,6.));
#6916 = DIRECTION('',(0.,0.,1.));
#6917 = DIRECTION('',(1.,0.,0.));
#6918 = DEFINITIONAL_REPRESENTATION('',(#6919),#6927);
#6919 = ( BOUNDED_CURVE() B_SPLINE_CURVE(2,(#6920,#6921,#6922,#6923,
#6924,#6925,#6926),.UNSPECIFIED.,.T.,.F.) B_SPLINE_CURVE_WITH_KNOTS((1,2
    ,2,2,2,1),(-2.094395102393,0.,2.094395102393,4.188790204786,
6.28318530718,8.377580409573),.UNSPECIFIED.) CURVE() 
GEOMETRIC_REPRESENTATION_ITEM() RATIONAL_B_SPLINE_CURVE((1.,0.5,1.,0.5,
1.,0.5,1.)) REPRESENTATION_ITEM('') );
#6920 = CARTESIAN_POINT('',(0.2,5.));
#6921 = CARTESIAN_POINT('',(0.2,6.385640646055));
#6922 = CARTESIAN_POINT('',(1.4,5.692820323028));
#6923 = CARTESIAN_POINT('',(2.6,5.));
#6924 = CARTESIAN_POINT('',(1.4,4.307179676972));
#6925 = CARTESIAN_POINT('',(0.2,3.614359353945));
#6926 = CARTESIAN_POINT('',(0.2,5.));
#6927 = ( GEOMETRIC_REPRESENTATION_CONTEXT(2) 
PARAMETRIC_REPRESENTATION_CONTEXT() REPRESENTATION_CONTEXT('2D SPACE',''
  ) );
#6928 = ADVANCED_FACE('',(#6929),#3891,.T.);
#6929 = FACE_BOUND('',#6930,.T.);
#6930 = EDGE_LOOP('',(#6931,#6932,#6933,#6934));
#6931 = ORIENTED_EDGE('',*,*,#4602,.F.);
#6932 = ORIENTED_EDGE('',*,*,#6572,.T.);
#6933 = ORIENTED_EDGE('',*,*,#3873,.T.);
#6934 = ORIENTED_EDGE('',*,*,#6935,.T.);
#6935 = EDGE_CURVE('',#3876,#4605,#6936,.T.);
#6936 = SURFACE_CURVE('',#6937,(#6941,#6948),.PCURVE_S1.);
#6937 = LINE('',#6938,#6939);
#6938 = CARTESIAN_POINT('',(9.,48.,5.8));
#6939 = VECTOR('',#6940,1.);
#6940 = DIRECTION('',(-0.,-1.,-0.));
#6941 = PCURVE('',#3891,#6942);
#6942 = DEFINITIONAL_REPRESENTATION('',(#6943),#6947);
#6943 = LINE('',#6944,#6945);
#6944 = CARTESIAN_POINT('',(2.8,-5.));
#6945 = VECTOR('',#6946,1.);
#6946 = DIRECTION('',(0.,1.));
#6947 = ( GEOMETRIC_REPRESENTATION_CONTEXT(2) 
PARAMETRIC_REPRESENTATION_CONTEXT() REPRESENTATION_CONTEXT('2D SPACE',''
  ) );
#6948 = PCURVE('',#6949,#6954);
#6949 = CYLINDRICAL_SURFACE('',#6950,0.2);
#6950 = AXIS2_PLACEMENT_3D('',#6951,#6952,#6953);
#6951 = CARTESIAN_POINT('',(8.8,48.,5.8));
#6952 = DIRECTION('',(-0.,-1.,-0.));
#6953 = DIRECTION('',(1.,0.,-0.));
#6954 = DEFINITIONAL_REPRESENTATION('',(#6955),#6959);
#6955 = LINE('',#6956,#6957);
#6956 = CARTESIAN_POINT('',(0.,0.));
#6957 = VECTOR('',#6958,1.);
#6958 = DIRECTION('',(0.,1.));
#6959 = ( GEOMETRIC_REPRESENTATION_CONTEXT(2) 
PARAMETRIC_REPRESENTATION_CONTEXT() REPRESENTATION_CONTEXT('2D SPACE',''
  ) );
#6960 = ADVANCED_FACE('',(#6961),#3964,.T.);
#6961 = FACE_BOUND('',#6962,.F.);
#6962 = EDGE_LOOP('',(#6963,#6987,#6988,#7012));
#6963 = ORIENTED_EDGE('',*,*,#6964,.F.);
#6964 = EDGE_CURVE('',#3927,#6965,#6967,.T.);
#6965 = VERTEX_POINT('',#6966);
#6966 = CARTESIAN_POINT('',(8.,48.8,6.));
#6967 = SURFACE_CURVE('',#6968,(#6973,#6980),.PCURVE_S1.);
#6968 = CIRCLE('',#6969,0.2);
#6969 = AXIS2_PLACEMENT_3D('',#6970,#6971,#6972);
#6970 = CARTESIAN_POINT('',(8.,48.8,5.8));
#6971 = DIRECTION('',(1.,0.,0.));
#6972 = DIRECTION('',(-0.,1.,0.));
#6973 = PCURVE('',#3964,#6974);
#6974 = DEFINITIONAL_REPRESENTATION('',(#6975),#6979);
#6975 = LINE('',#6976,#6977);
#6976 = CARTESIAN_POINT('',(-0.,0.));
#6977 = VECTOR('',#6978,1.);
#6978 = DIRECTION('',(-0.,1.));
#6979 = ( GEOMETRIC_REPRESENTATION_CONTEXT(2) 
PARAMETRIC_REPRESENTATION_CONTEXT() REPRESENTATION_CONTEXT('2D SPACE',''
  ) );
#6980 = PCURVE('',#4070,#6981);
#6981 = DEFINITIONAL_REPRESENTATION('',(#6982),#6986);
#6982 = LINE('',#6983,#6984);
#6983 = CARTESIAN_POINT('',(0.,4.));
#6984 = VECTOR('',#6985,1.);
#6985 = DIRECTION('',(1.,0.));
#6986 = ( GEOMETRIC_REPRESENTATION_CONTEXT(2) 
PARAMETRIC_REPRESENTATION_CONTEXT() REPRESENTATION_CONTEXT('2D SPACE',''
  ) );
#6987 = ORIENTED_EDGE('',*,*,#3949,.T.);
#6988 = ORIENTED_EDGE('',*,*,#6989,.T.);
#6989 = EDGE_CURVE('',#3876,#6990,#6992,.T.);
#6990 = VERTEX_POINT('',#6991);
#6991 = CARTESIAN_POINT('',(8.8,48.,6.));
#6992 = SURFACE_CURVE('',#6993,(#6998,#7005),.PCURVE_S1.);
#6993 = CIRCLE('',#6994,0.2);
#6994 = AXIS2_PLACEMENT_3D('',#6995,#6996,#6997);
#6995 = CARTESIAN_POINT('',(8.8,48.,5.8));
#6996 = DIRECTION('',(6.123233995737E-17,-1.,0.));
#6997 = DIRECTION('',(1.,6.123233995737E-17,0.));
#6998 = PCURVE('',#3964,#6999);
#6999 = DEFINITIONAL_REPRESENTATION('',(#7000),#7004);
#7000 = LINE('',#7001,#7002);
#7001 = CARTESIAN_POINT('',(-1.570796326795,0.));
#7002 = VECTOR('',#7003,1.);
#7003 = DIRECTION('',(-0.,1.));
#7004 = ( GEOMETRIC_REPRESENTATION_CONTEXT(2) 
PARAMETRIC_REPRESENTATION_CONTEXT() REPRESENTATION_CONTEXT('2D SPACE',''
  ) );
#7005 = PCURVE('',#6949,#7006);
#7006 = DEFINITIONAL_REPRESENTATION('',(#7007),#7011);
#7007 = LINE('',#7008,#7009);
#7008 = CARTESIAN_POINT('',(0.,0.));
#7009 = VECTOR('',#7010,1.);
#7010 = DIRECTION('',(1.,0.));
#7011 = ( GEOMETRIC_REPRESENTATION_CONTEXT(2) 
PARAMETRIC_REPRESENTATION_CONTEXT() REPRESENTATION_CONTEXT('2D SPACE',''
  ) );
#7012 = ORIENTED_EDGE('',*,*,#7013,.F.);
#7013 = EDGE_CURVE('',#6965,#6990,#7014,.T.);
#7014 = SURFACE_CURVE('',#7015,(#7020,#7027),.PCURVE_S1.);
#7015 = CIRCLE('',#7016,0.8);
#7016 = AXIS2_PLACEMENT_3D('',#7017,#7018,#7019);
#7017 = CARTESIAN_POINT('',(8.,48.,6.));
#7018 = DIRECTION('',(0.,-0.,-1.));
#7019 = DIRECTION('',(0.,1.,-0.));
#7020 = PCURVE('',#3964,#7021);
#7021 = DEFINITIONAL_REPRESENTATION('',(#7022),#7026);
#7022 = LINE('',#7023,#7024);
#7023 = CARTESIAN_POINT('',(-0.,1.570796326795));
#7024 = VECTOR('',#7025,1.);
#7025 = DIRECTION('',(-1.,0.));
#7026 = ( GEOMETRIC_REPRESENTATION_CONTEXT(2) 
PARAMETRIC_REPRESENTATION_CONTEXT() REPRESENTATION_CONTEXT('2D SPACE',''
  ) );
#7027 = PCURVE('',#7028,#7033);
#7028 = PLANE('',#7029);
#7029 = AXIS2_PLACEMENT_3D('',#7030,#7031,#7032);
#7030 = CARTESIAN_POINT('',(3.,43.,6.));
#7031 = DIRECTION('',(0.,0.,1.));
#7032 = DIRECTION('',(1.,0.,0.));
#7033 = DEFINITIONAL_REPRESENTATION('',(#7034),#7042);
#7034 = ( BOUNDED_CURVE() B_SPLINE_CURVE(2,(#7035,#7036,#7037,#7038,
#7039,#7040,#7041),.UNSPECIFIED.,.T.,.F.) B_SPLINE_CURVE_WITH_KNOTS((1,2
    ,2,2,2,1),(-2.094395102393,0.,2.094395102393,4.188790204786,
6.28318530718,8.377580409573),.UNSPECIFIED.) CURVE() 
GEOMETRIC_REPRESENTATION_ITEM() RATIONAL_B_SPLINE_CURVE((1.,0.5,1.,0.5,
1.,0.5,1.)) REPRESENTATION_ITEM('') );
#7035 = CARTESIAN_POINT('',(5.,5.8));
#7036 = CARTESIAN_POINT('',(6.385640646055,5.8));
#7037 = CARTESIAN_POINT('',(5.692820323028,4.6));
#7038 = CARTESIAN_POINT('',(5.,3.4));
#7039 = CARTESIAN_POINT('',(4.307179676972,4.6));
#7040 = CARTESIAN_POINT('',(3.614359353945,5.8));
#7041 = CARTESIAN_POINT('',(5.,5.8));
#7042 = ( GEOMETRIC_REPRESENTATION_CONTEXT(2) 
PARAMETRIC_REPRESENTATION_CONTEXT() REPRESENTATION_CONTEXT('2D SPACE',''
  ) );
#7043 = ADVANCED_FACE('',(#7044),#3996,.T.);
#7044 = FACE_BOUND('',#7045,.T.);
#7045 = EDGE_LOOP('',(#7046,#7047,#7070,#7092));
#7046 = ORIENTED_EDGE('',*,*,#6874,.T.);
#7047 = ORIENTED_EDGE('',*,*,#7048,.T.);
#7048 = EDGE_CURVE('',#6875,#7049,#7051,.T.);
#7049 = VERTEX_POINT('',#7050);
#7050 = CARTESIAN_POINT('',(-4.,48.8,6.));
#7051 = SURFACE_CURVE('',#7052,(#7056,#7063),.PCURVE_S1.);
#7052 = LINE('',#7053,#7054);
#7053 = CARTESIAN_POINT('',(-8.,48.8,6.));
#7054 = VECTOR('',#7055,1.);
#7055 = DIRECTION('',(1.,0.,0.));
#7056 = PCURVE('',#3996,#7057);
#7057 = DEFINITIONAL_REPRESENTATION('',(#7058),#7062);
#7058 = LINE('',#7059,#7060);
#7059 = CARTESIAN_POINT('',(1.570796326795,0.));
#7060 = VECTOR('',#7061,1.);
#7061 = DIRECTION('',(0.,1.));
#7062 = ( GEOMETRIC_REPRESENTATION_CONTEXT(2) 
PARAMETRIC_REPRESENTATION_CONTEXT() REPRESENTATION_CONTEXT('2D SPACE',''
  ) );
#7063 = PCURVE('',#6913,#7064);
#7064 = DEFINITIONAL_REPRESENTATION('',(#7065),#7069);
#7065 = LINE('',#7066,#7067);
#7066 = CARTESIAN_POINT('',(1.,5.8));
#7067 = VECTOR('',#7068,1.);
#7068 = DIRECTION('',(1.,0.));
#7069 = ( GEOMETRIC_REPRESENTATION_CONTEXT(2) 
PARAMETRIC_REPRESENTATION_CONTEXT() REPRESENTATION_CONTEXT('2D SPACE',''
  ) );
#7070 = ORIENTED_EDGE('',*,*,#7071,.F.);
#7071 = EDGE_CURVE('',#3981,#7049,#7072,.T.);
#7072 = SURFACE_CURVE('',#7073,(#7078,#7085),.PCURVE_S1.);
#7073 = CIRCLE('',#7074,0.2);
#7074 = AXIS2_PLACEMENT_3D('',#7075,#7076,#7077);
#7075 = CARTESIAN_POINT('',(-4.,48.8,5.8));
#7076 = DIRECTION('',(1.,0.,0.));
#7077 = DIRECTION('',(-0.,1.,0.));
#7078 = PCURVE('',#3996,#7079);
#7079 = DEFINITIONAL_REPRESENTATION('',(#7080),#7084);
#7080 = LINE('',#7081,#7082);
#7081 = CARTESIAN_POINT('',(0.,4.));
#7082 = VECTOR('',#7083,1.);
#7083 = DIRECTION('',(1.,0.));
#7084 = ( GEOMETRIC_REPRESENTATION_CONTEXT(2) 
PARAMETRIC_REPRESENTATION_CONTEXT() REPRESENTATION_CONTEXT('2D SPACE',''
  ) );
#7085 = PCURVE('',#4127,#7086);
#7086 = DEFINITIONAL_REPRESENTATION('',(#7087),#7091);
#7087 = LINE('',#7088,#7089);
#7088 = CARTESIAN_POINT('',(-0.,0.));
#7089 = VECTOR('',#7090,1.);
#7090 = DIRECTION('',(-0.,1.));
#7091 = ( GEOMETRIC_REPRESENTATION_CONTEXT(2) 
PARAMETRIC_REPRESENTATION_CONTEXT() REPRESENTATION_CONTEXT('2D SPACE',''
  ) );
#7092 = ORIENTED_EDGE('',*,*,#3980,.F.);
#7093 = ADVANCED_FACE('',(#7094),#4070,.T.);
#7094 = FACE_BOUND('',#7095,.T.);
#7095 = EDGE_LOOP('',(#7096,#7120,#7141,#7142));
#7096 = ORIENTED_EDGE('',*,*,#7097,.T.);
#7097 = EDGE_CURVE('',#4034,#7098,#7100,.T.);
#7098 = VERTEX_POINT('',#7099);
#7099 = CARTESIAN_POINT('',(4.,48.8,6.));
#7100 = SURFACE_CURVE('',#7101,(#7106,#7113),.PCURVE_S1.);
#7101 = CIRCLE('',#7102,0.2);
#7102 = AXIS2_PLACEMENT_3D('',#7103,#7104,#7105);
#7103 = CARTESIAN_POINT('',(4.,48.8,5.8));
#7104 = DIRECTION('',(1.,6.123233995737E-17,-0.));
#7105 = DIRECTION('',(-6.123233995737E-17,1.,0.));
#7106 = PCURVE('',#4070,#7107);
#7107 = DEFINITIONAL_REPRESENTATION('',(#7108),#7112);
#7108 = LINE('',#7109,#7110);
#7109 = CARTESIAN_POINT('',(0.,0.));
#7110 = VECTOR('',#7111,1.);
#7111 = DIRECTION('',(1.,0.));
#7112 = ( GEOMETRIC_REPRESENTATION_CONTEXT(2) 
PARAMETRIC_REPRESENTATION_CONTEXT() REPRESENTATION_CONTEXT('2D SPACE',''
  ) );
#7113 = PCURVE('',#4182,#7114);
#7114 = DEFINITIONAL_REPRESENTATION('',(#7115),#7119);
#7115 = LINE('',#7116,#7117);
#7116 = CARTESIAN_POINT('',(-1.570796326795,0.));
#7117 = VECTOR('',#7118,1.);
#7118 = DIRECTION('',(-0.,1.));
#7119 = ( GEOMETRIC_REPRESENTATION_CONTEXT(2) 
PARAMETRIC_REPRESENTATION_CONTEXT() REPRESENTATION_CONTEXT('2D SPACE',''
  ) );
#7120 = ORIENTED_EDGE('',*,*,#7121,.T.);
#7121 = EDGE_CURVE('',#7098,#6965,#7122,.T.);
#7122 = SURFACE_CURVE('',#7123,(#7127,#7134),.PCURVE_S1.);
#7123 = LINE('',#7124,#7125);
#7124 = CARTESIAN_POINT('',(4.,48.8,6.));
#7125 = VECTOR('',#7126,1.);
#7126 = DIRECTION('',(1.,0.,0.));
#7127 = PCURVE('',#4070,#7128);
#7128 = DEFINITIONAL_REPRESENTATION('',(#7129),#7133);
#7129 = LINE('',#7130,#7131);
#7130 = CARTESIAN_POINT('',(1.570796326795,0.));
#7131 = VECTOR('',#7132,1.);
#7132 = DIRECTION('',(0.,1.));
#7133 = ( GEOMETRIC_REPRESENTATION_CONTEXT(2) 
PARAMETRIC_REPRESENTATION_CONTEXT() REPRESENTATION_CONTEXT('2D SPACE',''
  ) );
#7134 = PCURVE('',#7028,#7135);
#7135 = DEFINITIONAL_REPRESENTATION('',(#7136),#7140);
#7136 = LINE('',#7137,#7138);
#7137 = CARTESIAN_POINT('',(1.,5.8));
#7138 = VECTOR('',#7139,1.);
#7139 = DIRECTION('',(1.,0.));
#7140 = ( GEOMETRIC_REPRESENTATION_CONTEXT(2) 
PARAMETRIC_REPRESENTATION_CONTEXT() REPRESENTATION_CONTEXT('2D SPACE',''
  ) );
#7141 = ORIENTED_EDGE('',*,*,#6964,.F.);
#7142 = ORIENTED_EDGE('',*,*,#4056,.F.);
#7143 = ADVANCED_FACE('',(#7144),#4127,.T.);
#7144 = FACE_BOUND('',#7145,.F.);
#7145 = EDGE_LOOP('',(#7146,#7147,#7148,#7172));
#7146 = ORIENTED_EDGE('',*,*,#7071,.F.);
#7147 = ORIENTED_EDGE('',*,*,#4112,.T.);
#7148 = ORIENTED_EDGE('',*,*,#7149,.T.);
#7149 = EDGE_CURVE('',#4088,#7150,#7152,.T.);
#7150 = VERTEX_POINT('',#7151);
#7151 = CARTESIAN_POINT('',(-3.2,48.,6.));
#7152 = SURFACE_CURVE('',#7153,(#7158,#7165),.PCURVE_S1.);
#7153 = CIRCLE('',#7154,0.2);
#7154 = AXIS2_PLACEMENT_3D('',#7155,#7156,#7157);
#7155 = CARTESIAN_POINT('',(-3.2,48.,5.8));
#7156 = DIRECTION('',(6.123233995737E-17,-1.,0.));
#7157 = DIRECTION('',(1.,6.123233995737E-17,0.));
#7158 = PCURVE('',#4127,#7159);
#7159 = DEFINITIONAL_REPRESENTATION('',(#7160),#7164);
#7160 = LINE('',#7161,#7162);
#7161 = CARTESIAN_POINT('',(-1.570796326795,0.));
#7162 = VECTOR('',#7163,1.);
#7163 = DIRECTION('',(-0.,1.));
#7164 = ( GEOMETRIC_REPRESENTATION_CONTEXT(2) 
PARAMETRIC_REPRESENTATION_CONTEXT() REPRESENTATION_CONTEXT('2D SPACE',''
  ) );
#7165 = PCURVE('',#4236,#7166);
#7166 = DEFINITIONAL_REPRESENTATION('',(#7167),#7171);
#7167 = LINE('',#7168,#7169);
#7168 = CARTESIAN_POINT('',(0.,0.));
#7169 = VECTOR('',#7170,1.);
#7170 = DIRECTION('',(1.,0.));
#7171 = ( GEOMETRIC_REPRESENTATION_CONTEXT(2) 
PARAMETRIC_REPRESENTATION_CONTEXT() REPRESENTATION_CONTEXT('2D SPACE',''
  ) );
#7172 = ORIENTED_EDGE('',*,*,#7173,.F.);
#7173 = EDGE_CURVE('',#7049,#7150,#7174,.T.);
#7174 = SURFACE_CURVE('',#7175,(#7180,#7187),.PCURVE_S1.);
#7175 = CIRCLE('',#7176,0.8);
#7176 = AXIS2_PLACEMENT_3D('',#7177,#7178,#7179);
#7177 = CARTESIAN_POINT('',(-4.,48.,6.));
#7178 = DIRECTION('',(0.,-0.,-1.));
#7179 = DIRECTION('',(0.,1.,-0.));
#7180 = PCURVE('',#4127,#7181);
#7181 = DEFINITIONAL_REPRESENTATION('',(#7182),#7186);
#7182 = LINE('',#7183,#7184);
#7183 = CARTESIAN_POINT('',(-0.,1.570796326795));
#7184 = VECTOR('',#7185,1.);
#7185 = DIRECTION('',(-1.,0.));
#7186 = ( GEOMETRIC_REPRESENTATION_CONTEXT(2) 
PARAMETRIC_REPRESENTATION_CONTEXT() REPRESENTATION_CONTEXT('2D SPACE',''
  ) );
#7187 = PCURVE('',#6913,#7188);
#7188 = DEFINITIONAL_REPRESENTATION('',(#7189),#7197);
#7189 = ( BOUNDED_CURVE() B_SPLINE_CURVE(2,(#7190,#7191,#7192,#7193,
#7194,#7195,#7196),.UNSPECIFIED.,.T.,.F.) B_SPLINE_CURVE_WITH_KNOTS((1,2
    ,2,2,2,1),(-2.094395102393,0.,2.094395102393,4.188790204786,
6.28318530718,8.377580409573),.UNSPECIFIED.) CURVE() 
GEOMETRIC_REPRESENTATION_ITEM() RATIONAL_B_SPLINE_CURVE((1.,0.5,1.,0.5,
1.,0.5,1.)) REPRESENTATION_ITEM('') );
#7190 = CARTESIAN_POINT('',(5.,5.8));
#7191 = CARTESIAN_POINT('',(6.385640646055,5.8));
#7192 = CARTESIAN_POINT('',(5.692820323028,4.6));
#7193 = CARTESIAN_POINT('',(5.,3.4));
#7194 = CARTESIAN_POINT('',(4.307179676972,4.6));
#7195 = CARTESIAN_POINT('',(3.614359353945,5.8));
#7196 = CARTESIAN_POINT('',(5.,5.8));
#7197 = ( GEOMETRIC_REPRESENTATION_CONTEXT(2) 
PARAMETRIC_REPRESENTATION_CONTEXT() REPRESENTATION_CONTEXT('2D SPACE',''
  ) );
#7198 = ADVANCED_FACE('',(#7199),#4182,.T.);
#7199 = FACE_BOUND('',#7200,.F.);
#7200 = EDGE_LOOP('',(#7201,#7225,#7226,#7227));
#7201 = ORIENTED_EDGE('',*,*,#7202,.F.);
#7202 = EDGE_CURVE('',#4143,#7203,#7205,.T.);
#7203 = VERTEX_POINT('',#7204);
#7204 = CARTESIAN_POINT('',(3.2,48.,6.));
#7205 = SURFACE_CURVE('',#7206,(#7211,#7218),.PCURVE_S1.);
#7206 = CIRCLE('',#7207,0.2);
#7207 = AXIS2_PLACEMENT_3D('',#7208,#7209,#7210);
#7208 = CARTESIAN_POINT('',(3.2,48.,5.8));
#7209 = DIRECTION('',(0.,1.,0.));
#7210 = DIRECTION('',(-1.,0.,0.));
#7211 = PCURVE('',#4182,#7212);
#7212 = DEFINITIONAL_REPRESENTATION('',(#7213),#7217);
#7213 = LINE('',#7214,#7215);
#7214 = CARTESIAN_POINT('',(-0.,0.));
#7215 = VECTOR('',#7216,1.);
#7216 = DIRECTION('',(-0.,1.));
#7217 = ( GEOMETRIC_REPRESENTATION_CONTEXT(2) 
PARAMETRIC_REPRESENTATION_CONTEXT() REPRESENTATION_CONTEXT('2D SPACE',''
  ) );
#7218 = PCURVE('',#4290,#7219);
#7219 = DEFINITIONAL_REPRESENTATION('',(#7220),#7224);
#7220 = LINE('',#7221,#7222);
#7221 = CARTESIAN_POINT('',(0.,4.));
#7222 = VECTOR('',#7223,1.);
#7223 = DIRECTION('',(1.,0.));
#7224 = ( GEOMETRIC_REPRESENTATION_CONTEXT(2) 
PARAMETRIC_REPRESENTATION_CONTEXT() REPRESENTATION_CONTEXT('2D SPACE',''
  ) );
#7225 = ORIENTED_EDGE('',*,*,#4167,.T.);
#7226 = ORIENTED_EDGE('',*,*,#7097,.T.);
#7227 = ORIENTED_EDGE('',*,*,#7228,.F.);
#7228 = EDGE_CURVE('',#7203,#7098,#7229,.T.);
#7229 = SURFACE_CURVE('',#7230,(#7235,#7242),.PCURVE_S1.);
#7230 = CIRCLE('',#7231,0.8);
#7231 = AXIS2_PLACEMENT_3D('',#7232,#7233,#7234);
#7232 = CARTESIAN_POINT('',(4.,48.,6.));
#7233 = DIRECTION('',(-0.,0.,-1.));
#7234 = DIRECTION('',(-1.,0.,0.));
#7235 = PCURVE('',#4182,#7236);
#7236 = DEFINITIONAL_REPRESENTATION('',(#7237),#7241);
#7237 = LINE('',#7238,#7239);
#7238 = CARTESIAN_POINT('',(-0.,1.570796326795));
#7239 = VECTOR('',#7240,1.);
#7240 = DIRECTION('',(-1.,0.));
#7241 = ( GEOMETRIC_REPRESENTATION_CONTEXT(2) 
PARAMETRIC_REPRESENTATION_CONTEXT() REPRESENTATION_CONTEXT('2D SPACE',''
  ) );
#7242 = PCURVE('',#7028,#7243);
#7243 = DEFINITIONAL_REPRESENTATION('',(#7244),#7252);
#7244 = ( BOUNDED_CURVE() B_SPLINE_CURVE(2,(#7245,#7246,#7247,#7248,
#7249,#7250,#7251),.UNSPECIFIED.,.T.,.F.) B_SPLINE_CURVE_WITH_KNOTS((1,2
    ,2,2,2,1),(-2.094395102393,0.,2.094395102393,4.188790204786,
6.28318530718,8.377580409573),.UNSPECIFIED.) CURVE() 
GEOMETRIC_REPRESENTATION_ITEM() RATIONAL_B_SPLINE_CURVE((1.,0.5,1.,0.5,
1.,0.5,1.)) REPRESENTATION_ITEM('') );
#7245 = CARTESIAN_POINT('',(0.2,5.));
#7246 = CARTESIAN_POINT('',(0.2,6.385640646055));
#7247 = CARTESIAN_POINT('',(1.4,5.692820323028));
#7248 = CARTESIAN_POINT('',(2.6,5.));
#7249 = CARTESIAN_POINT('',(1.4,4.307179676972));
#7250 = CARTESIAN_POINT('',(0.2,3.614359353945));
#7251 = CARTESIAN_POINT('',(0.2,5.));
#7252 = ( GEOMETRIC_REPRESENTATION_CONTEXT(2) 
PARAMETRIC_REPRESENTATION_CONTEXT() REPRESENTATION_CONTEXT('2D SPACE',''
  ) );
#7253 = ADVANCED_FACE('',(#7254),#4236,.T.);
#7254 = FACE_BOUND('',#7255,.T.);
#7255 = EDGE_LOOP('',(#7256,#7257,#7280,#7302));
#7256 = ORIENTED_EDGE('',*,*,#7149,.T.);
#7257 = ORIENTED_EDGE('',*,*,#7258,.T.);
#7258 = EDGE_CURVE('',#7150,#7259,#7261,.T.);
#7259 = VERTEX_POINT('',#7260);
#7260 = CARTESIAN_POINT('',(-3.2,44.,6.));
#7261 = SURFACE_CURVE('',#7262,(#7266,#7273),.PCURVE_S1.);
#7262 = LINE('',#7263,#7264);
#7263 = CARTESIAN_POINT('',(-3.2,48.,6.));
#7264 = VECTOR('',#7265,1.);
#7265 = DIRECTION('',(-0.,-1.,-0.));
#7266 = PCURVE('',#4236,#7267);
#7267 = DEFINITIONAL_REPRESENTATION('',(#7268),#7272);
#7268 = LINE('',#7269,#7270);
#7269 = CARTESIAN_POINT('',(1.570796326795,0.));
#7270 = VECTOR('',#7271,1.);
#7271 = DIRECTION('',(0.,1.));
#7272 = ( GEOMETRIC_REPRESENTATION_CONTEXT(2) 
PARAMETRIC_REPRESENTATION_CONTEXT() REPRESENTATION_CONTEXT('2D SPACE',''
  ) );
#7273 = PCURVE('',#6913,#7274);
#7274 = DEFINITIONAL_REPRESENTATION('',(#7275),#7279);
#7275 = LINE('',#7276,#7277);
#7276 = CARTESIAN_POINT('',(5.8,5.));
#7277 = VECTOR('',#7278,1.);
#7278 = DIRECTION('',(0.,-1.));
#7279 = ( GEOMETRIC_REPRESENTATION_CONTEXT(2) 
PARAMETRIC_REPRESENTATION_CONTEXT() REPRESENTATION_CONTEXT('2D SPACE',''
  ) );
#7280 = ORIENTED_EDGE('',*,*,#7281,.F.);
#7281 = EDGE_CURVE('',#4198,#7259,#7282,.T.);
#7282 = SURFACE_CURVE('',#7283,(#7288,#7295),.PCURVE_S1.);
#7283 = CIRCLE('',#7284,0.2);
#7284 = AXIS2_PLACEMENT_3D('',#7285,#7286,#7287);
#7285 = CARTESIAN_POINT('',(-3.2,44.,5.8));
#7286 = DIRECTION('',(0.,-1.,-0.));
#7287 = DIRECTION('',(1.,0.,-0.));
#7288 = PCURVE('',#4236,#7289);
#7289 = DEFINITIONAL_REPRESENTATION('',(#7290),#7294);
#7290 = LINE('',#7291,#7292);
#7291 = CARTESIAN_POINT('',(0.,4.));
#7292 = VECTOR('',#7293,1.);
#7293 = DIRECTION('',(1.,0.));
#7294 = ( GEOMETRIC_REPRESENTATION_CONTEXT(2) 
PARAMETRIC_REPRESENTATION_CONTEXT() REPRESENTATION_CONTEXT('2D SPACE',''
  ) );
#7295 = PCURVE('',#4345,#7296);
#7296 = DEFINITIONAL_REPRESENTATION('',(#7297),#7301);
#7297 = LINE('',#7298,#7299);
#7298 = CARTESIAN_POINT('',(-0.,0.));
#7299 = VECTOR('',#7300,1.);
#7300 = DIRECTION('',(-0.,1.));
#7301 = ( GEOMETRIC_REPRESENTATION_CONTEXT(2) 
PARAMETRIC_REPRESENTATION_CONTEXT() REPRESENTATION_CONTEXT('2D SPACE',''
  ) );
#7302 = ORIENTED_EDGE('',*,*,#4222,.F.);
#7303 = ADVANCED_FACE('',(#7304),#4290,.T.);
#7304 = FACE_BOUND('',#7305,.T.);
#7305 = EDGE_LOOP('',(#7306,#7330,#7351,#7352));
#7306 = ORIENTED_EDGE('',*,*,#7307,.T.);
#7307 = EDGE_CURVE('',#4252,#7308,#7310,.T.);
#7308 = VERTEX_POINT('',#7309);
#7309 = CARTESIAN_POINT('',(3.2,44.,6.));
#7310 = SURFACE_CURVE('',#7311,(#7316,#7323),.PCURVE_S1.);
#7311 = CIRCLE('',#7312,0.2);
#7312 = AXIS2_PLACEMENT_3D('',#7313,#7314,#7315);
#7313 = CARTESIAN_POINT('',(3.2,44.,5.8));
#7314 = DIRECTION('',(0.,1.,0.));
#7315 = DIRECTION('',(-1.,0.,0.));
#7316 = PCURVE('',#4290,#7317);
#7317 = DEFINITIONAL_REPRESENTATION('',(#7318),#7322);
#7318 = LINE('',#7319,#7320);
#7319 = CARTESIAN_POINT('',(0.,0.));
#7320 = VECTOR('',#7321,1.);
#7321 = DIRECTION('',(1.,0.));
#7322 = ( GEOMETRIC_REPRESENTATION_CONTEXT(2) 
PARAMETRIC_REPRESENTATION_CONTEXT() REPRESENTATION_CONTEXT('2D SPACE',''
  ) );
#7323 = PCURVE('',#4400,#7324);
#7324 = DEFINITIONAL_REPRESENTATION('',(#7325),#7329);
#7325 = LINE('',#7326,#7327);
#7326 = CARTESIAN_POINT('',(-1.570796326795,0.));
#7327 = VECTOR('',#7328,1.);
#7328 = DIRECTION('',(-0.,1.));
#7329 = ( GEOMETRIC_REPRESENTATION_CONTEXT(2) 
PARAMETRIC_REPRESENTATION_CONTEXT() REPRESENTATION_CONTEXT('2D SPACE',''
  ) );
#7330 = ORIENTED_EDGE('',*,*,#7331,.T.);
#7331 = EDGE_CURVE('',#7308,#7203,#7332,.T.);
#7332 = SURFACE_CURVE('',#7333,(#7337,#7344),.PCURVE_S1.);
#7333 = LINE('',#7334,#7335);
#7334 = CARTESIAN_POINT('',(3.2,44.,6.));
#7335 = VECTOR('',#7336,1.);
#7336 = DIRECTION('',(0.,1.,0.));
#7337 = PCURVE('',#4290,#7338);
#7338 = DEFINITIONAL_REPRESENTATION('',(#7339),#7343);
#7339 = LINE('',#7340,#7341);
#7340 = CARTESIAN_POINT('',(1.570796326795,0.));
#7341 = VECTOR('',#7342,1.);
#7342 = DIRECTION('',(0.,1.));
#7343 = ( GEOMETRIC_REPRESENTATION_CONTEXT(2) 
PARAMETRIC_REPRESENTATION_CONTEXT() REPRESENTATION_CONTEXT('2D SPACE',''
  ) );
#7344 = PCURVE('',#7028,#7345);
#7345 = DEFINITIONAL_REPRESENTATION('',(#7346),#7350);
#7346 = LINE('',#7347,#7348);
#7347 = CARTESIAN_POINT('',(0.2,1.));
#7348 = VECTOR('',#7349,1.);
#7349 = DIRECTION('',(0.,1.));
#7350 = ( GEOMETRIC_REPRESENTATION_CONTEXT(2) 
PARAMETRIC_REPRESENTATION_CONTEXT() REPRESENTATION_CONTEXT('2D SPACE',''
  ) );
#7351 = ORIENTED_EDGE('',*,*,#7202,.F.);
#7352 = ORIENTED_EDGE('',*,*,#4276,.F.);
#7353 = ADVANCED_FACE('',(#7354),#4345,.T.);
#7354 = FACE_BOUND('',#7355,.F.);
#7355 = EDGE_LOOP('',(#7356,#7357,#7358,#7382));
#7356 = ORIENTED_EDGE('',*,*,#7281,.F.);
#7357 = ORIENTED_EDGE('',*,*,#4330,.T.);
#7358 = ORIENTED_EDGE('',*,*,#7359,.T.);
#7359 = EDGE_CURVE('',#4308,#7360,#7362,.T.);
#7360 = VERTEX_POINT('',#7361);
#7361 = CARTESIAN_POINT('',(-4.,43.2,6.));
#7362 = SURFACE_CURVE('',#7363,(#7368,#7375),.PCURVE_S1.);
#7363 = CIRCLE('',#7364,0.2);
#7364 = AXIS2_PLACEMENT_3D('',#7365,#7366,#7367);
#7365 = CARTESIAN_POINT('',(-4.,43.2,5.8));
#7366 = DIRECTION('',(-1.,-6.123233995737E-17,0.));
#7367 = DIRECTION('',(6.123233995737E-17,-1.,-0.));
#7368 = PCURVE('',#4345,#7369);
#7369 = DEFINITIONAL_REPRESENTATION('',(#7370),#7374);
#7370 = LINE('',#7371,#7372);
#7371 = CARTESIAN_POINT('',(-1.570796326795,0.));
#7372 = VECTOR('',#7373,1.);
#7373 = DIRECTION('',(-0.,1.));
#7374 = ( GEOMETRIC_REPRESENTATION_CONTEXT(2) 
PARAMETRIC_REPRESENTATION_CONTEXT() REPRESENTATION_CONTEXT('2D SPACE',''
  ) );
#7375 = PCURVE('',#4452,#7376);
#7376 = DEFINITIONAL_REPRESENTATION('',(#7377),#7381);
#7377 = LINE('',#7378,#7379);
#7378 = CARTESIAN_POINT('',(0.,0.));
#7379 = VECTOR('',#7380,1.);
#7380 = DIRECTION('',(1.,0.));
#7381 = ( GEOMETRIC_REPRESENTATION_CONTEXT(2) 
PARAMETRIC_REPRESENTATION_CONTEXT() REPRESENTATION_CONTEXT('2D SPACE',''
  ) );
#7382 = ORIENTED_EDGE('',*,*,#7383,.F.);
#7383 = EDGE_CURVE('',#7259,#7360,#7384,.T.);
#7384 = SURFACE_CURVE('',#7385,(#7390,#7397),.PCURVE_S1.);
#7385 = CIRCLE('',#7386,0.8);
#7386 = AXIS2_PLACEMENT_3D('',#7387,#7388,#7389);
#7387 = CARTESIAN_POINT('',(-4.,44.,6.));
#7388 = DIRECTION('',(0.,-0.,-1.));
#7389 = DIRECTION('',(1.,0.,-0.));
#7390 = PCURVE('',#4345,#7391);
#7391 = DEFINITIONAL_REPRESENTATION('',(#7392),#7396);
#7392 = LINE('',#7393,#7394);
#7393 = CARTESIAN_POINT('',(-0.,1.570796326795));
#7394 = VECTOR('',#7395,1.);
#7395 = DIRECTION('',(-1.,0.));
#7396 = ( GEOMETRIC_REPRESENTATION_CONTEXT(2) 
PARAMETRIC_REPRESENTATION_CONTEXT() REPRESENTATION_CONTEXT('2D SPACE',''
  ) );
#7397 = PCURVE('',#6913,#7398);
#7398 = DEFINITIONAL_REPRESENTATION('',(#7399),#7407);
#7399 = ( BOUNDED_CURVE() B_SPLINE_CURVE(2,(#7400,#7401,#7402,#7403,
#7404,#7405,#7406),.UNSPECIFIED.,.T.,.F.) B_SPLINE_CURVE_WITH_KNOTS((1,2
    ,2,2,2,1),(-2.094395102393,0.,2.094395102393,4.188790204786,
6.28318530718,8.377580409573),.UNSPECIFIED.) CURVE() 
GEOMETRIC_REPRESENTATION_ITEM() RATIONAL_B_SPLINE_CURVE((1.,0.5,1.,0.5,
1.,0.5,1.)) REPRESENTATION_ITEM('') );
#7400 = CARTESIAN_POINT('',(5.8,1.));
#7401 = CARTESIAN_POINT('',(5.8,-0.385640646055));
#7402 = CARTESIAN_POINT('',(4.6,0.307179676972));
#7403 = CARTESIAN_POINT('',(3.4,1.));
#7404 = CARTESIAN_POINT('',(4.6,1.692820323028));
#7405 = CARTESIAN_POINT('',(5.8,2.385640646055));
#7406 = CARTESIAN_POINT('',(5.8,1.));
#7407 = ( GEOMETRIC_REPRESENTATION_CONTEXT(2) 
PARAMETRIC_REPRESENTATION_CONTEXT() REPRESENTATION_CONTEXT('2D SPACE',''
  ) );
#7408 = ADVANCED_FACE('',(#7409),#4400,.T.);
#7409 = FACE_BOUND('',#7410,.F.);
#7410 = EDGE_LOOP('',(#7411,#7435,#7436,#7437));
#7411 = ORIENTED_EDGE('',*,*,#7412,.F.);
#7412 = EDGE_CURVE('',#4363,#7413,#7415,.T.);
#7413 = VERTEX_POINT('',#7414);
#7414 = CARTESIAN_POINT('',(4.,43.2,6.));
#7415 = SURFACE_CURVE('',#7416,(#7421,#7428),.PCURVE_S1.);
#7416 = CIRCLE('',#7417,0.2);
#7417 = AXIS2_PLACEMENT_3D('',#7418,#7419,#7420);
#7418 = CARTESIAN_POINT('',(4.,43.2,5.8));
#7419 = DIRECTION('',(-1.,-0.,0.));
#7420 = DIRECTION('',(0.,-1.,0.));
#7421 = PCURVE('',#4400,#7422);
#7422 = DEFINITIONAL_REPRESENTATION('',(#7423),#7427);
#7423 = LINE('',#7424,#7425);
#7424 = CARTESIAN_POINT('',(4.440892098501E-16,-0.));
#7425 = VECTOR('',#7426,1.);
#7426 = DIRECTION('',(-0.,1.));
#7427 = ( GEOMETRIC_REPRESENTATION_CONTEXT(2) 
PARAMETRIC_REPRESENTATION_CONTEXT() REPRESENTATION_CONTEXT('2D SPACE',''
  ) );
#7428 = PCURVE('',#4486,#7429);
#7429 = DEFINITIONAL_REPRESENTATION('',(#7430),#7434);
#7430 = LINE('',#7431,#7432);
#7431 = CARTESIAN_POINT('',(0.,4.));
#7432 = VECTOR('',#7433,1.);
#7433 = DIRECTION('',(1.,0.));
#7434 = ( GEOMETRIC_REPRESENTATION_CONTEXT(2) 
PARAMETRIC_REPRESENTATION_CONTEXT() REPRESENTATION_CONTEXT('2D SPACE',''
  ) );
#7435 = ORIENTED_EDGE('',*,*,#4385,.T.);
#7436 = ORIENTED_EDGE('',*,*,#7307,.T.);
#7437 = ORIENTED_EDGE('',*,*,#7438,.F.);
#7438 = EDGE_CURVE('',#7413,#7308,#7439,.T.);
#7439 = SURFACE_CURVE('',#7440,(#7445,#7452),.PCURVE_S1.);
#7440 = CIRCLE('',#7441,0.8);
#7441 = AXIS2_PLACEMENT_3D('',#7442,#7443,#7444);
#7442 = CARTESIAN_POINT('',(4.,44.,6.));
#7443 = DIRECTION('',(-0.,0.,-1.));
#7444 = DIRECTION('',(-4.440892098501E-16,-1.,0.));
#7445 = PCURVE('',#4400,#7446);
#7446 = DEFINITIONAL_REPRESENTATION('',(#7447),#7451);
#7447 = LINE('',#7448,#7449);
#7448 = CARTESIAN_POINT('',(-0.,1.570796326795));
#7449 = VECTOR('',#7450,1.);
#7450 = DIRECTION('',(-1.,0.));
#7451 = ( GEOMETRIC_REPRESENTATION_CONTEXT(2) 
PARAMETRIC_REPRESENTATION_CONTEXT() REPRESENTATION_CONTEXT('2D SPACE',''
  ) );
#7452 = PCURVE('',#7028,#7453);
#7453 = DEFINITIONAL_REPRESENTATION('',(#7454),#7462);
#7454 = ( BOUNDED_CURVE() B_SPLINE_CURVE(2,(#7455,#7456,#7457,#7458,
#7459,#7460,#7461),.UNSPECIFIED.,.T.,.F.) B_SPLINE_CURVE_WITH_KNOTS((1,2
    ,2,2,2,1),(-2.094395102393,0.,2.094395102393,4.188790204786,
6.28318530718,8.377580409573),.UNSPECIFIED.) CURVE() 
GEOMETRIC_REPRESENTATION_ITEM() RATIONAL_B_SPLINE_CURVE((1.,0.5,1.,0.5,
1.,0.5,1.)) REPRESENTATION_ITEM('') );
#7455 = CARTESIAN_POINT('',(1.,0.2));
#7456 = CARTESIAN_POINT('',(-0.385640646055,0.2));
#7457 = CARTESIAN_POINT('',(0.307179676972,1.4));
#7458 = CARTESIAN_POINT('',(1.,2.6));
#7459 = CARTESIAN_POINT('',(1.692820323028,1.4));
#7460 = CARTESIAN_POINT('',(2.385640646055,0.2));
#7461 = CARTESIAN_POINT('',(1.,0.2));
#7462 = ( GEOMETRIC_REPRESENTATION_CONTEXT(2) 
PARAMETRIC_REPRESENTATION_CONTEXT() REPRESENTATION_CONTEXT('2D SPACE',''
  ) );
#7463 = ADVANCED_FACE('',(#7464),#4452,.T.);
#7464 = FACE_BOUND('',#7465,.T.);
#7465 = EDGE_LOOP('',(#7466,#7467,#7490,#7512));
#7466 = ORIENTED_EDGE('',*,*,#7359,.T.);
#7467 = ORIENTED_EDGE('',*,*,#7468,.T.);
#7468 = EDGE_CURVE('',#7360,#7469,#7471,.T.);
#7469 = VERTEX_POINT('',#7470);
#7470 = CARTESIAN_POINT('',(-8.,43.2,6.));
#7471 = SURFACE_CURVE('',#7472,(#7476,#7483),.PCURVE_S1.);
#7472 = LINE('',#7473,#7474);
#7473 = CARTESIAN_POINT('',(-4.,43.2,6.));
#7474 = VECTOR('',#7475,1.);
#7475 = DIRECTION('',(-1.,-0.,-0.));
#7476 = PCURVE('',#4452,#7477);
#7477 = DEFINITIONAL_REPRESENTATION('',(#7478),#7482);
#7478 = LINE('',#7479,#7480);
#7479 = CARTESIAN_POINT('',(1.570796326795,0.));
#7480 = VECTOR('',#7481,1.);
#7481 = DIRECTION('',(0.,1.));
#7482 = ( GEOMETRIC_REPRESENTATION_CONTEXT(2) 
PARAMETRIC_REPRESENTATION_CONTEXT() REPRESENTATION_CONTEXT('2D SPACE',''
  ) );
#7483 = PCURVE('',#6913,#7484);
#7484 = DEFINITIONAL_REPRESENTATION('',(#7485),#7489);
#7485 = LINE('',#7486,#7487);
#7486 = CARTESIAN_POINT('',(5.,0.2));
#7487 = VECTOR('',#7488,1.);
#7488 = DIRECTION('',(-1.,0.));
#7489 = ( GEOMETRIC_REPRESENTATION_CONTEXT(2) 
PARAMETRIC_REPRESENTATION_CONTEXT() REPRESENTATION_CONTEXT('2D SPACE',''
  ) );
#7490 = ORIENTED_EDGE('',*,*,#7491,.F.);
#7491 = EDGE_CURVE('',#4416,#7469,#7492,.T.);
#7492 = SURFACE_CURVE('',#7493,(#7498,#7505),.PCURVE_S1.);
#7493 = CIRCLE('',#7494,0.2);
#7494 = AXIS2_PLACEMENT_3D('',#7495,#7496,#7497);
#7495 = CARTESIAN_POINT('',(-8.,43.2,5.8));
#7496 = DIRECTION('',(-1.,-0.,0.));
#7497 = DIRECTION('',(0.,-1.,0.));
#7498 = PCURVE('',#4452,#7499);
#7499 = DEFINITIONAL_REPRESENTATION('',(#7500),#7504);
#7500 = LINE('',#7501,#7502);
#7501 = CARTESIAN_POINT('',(0.,4.));
#7502 = VECTOR('',#7503,1.);
#7503 = DIRECTION('',(1.,0.));
#7504 = ( GEOMETRIC_REPRESENTATION_CONTEXT(2) 
PARAMETRIC_REPRESENTATION_CONTEXT() REPRESENTATION_CONTEXT('2D SPACE',''
  ) );
#7505 = PCURVE('',#4587,#7506);
#7506 = DEFINITIONAL_REPRESENTATION('',(#7507),#7511);
#7507 = LINE('',#7508,#7509);
#7508 = CARTESIAN_POINT('',(4.440892098501E-16,-0.));
#7509 = VECTOR('',#7510,1.);
#7510 = DIRECTION('',(-0.,1.));
#7511 = ( GEOMETRIC_REPRESENTATION_CONTEXT(2) 
PARAMETRIC_REPRESENTATION_CONTEXT() REPRESENTATION_CONTEXT('2D SPACE',''
  ) );
#7512 = ORIENTED_EDGE('',*,*,#4438,.F.);
#7513 = ADVANCED_FACE('',(#7514),#4486,.T.);
#7514 = FACE_BOUND('',#7515,.T.);
#7515 = EDGE_LOOP('',(#7516,#7540,#7561,#7562));
#7516 = ORIENTED_EDGE('',*,*,#7517,.T.);
#7517 = EDGE_CURVE('',#4471,#7518,#7520,.T.);
#7518 = VERTEX_POINT('',#7519);
#7519 = CARTESIAN_POINT('',(8.,43.2,6.));
#7520 = SURFACE_CURVE('',#7521,(#7526,#7533),.PCURVE_S1.);
#7521 = CIRCLE('',#7522,0.2);
#7522 = AXIS2_PLACEMENT_3D('',#7523,#7524,#7525);
#7523 = CARTESIAN_POINT('',(8.,43.2,5.8));
#7524 = DIRECTION('',(-1.,-6.123233995737E-17,0.));
#7525 = DIRECTION('',(6.123233995737E-17,-1.,-0.));
#7526 = PCURVE('',#4486,#7527);
#7527 = DEFINITIONAL_REPRESENTATION('',(#7528),#7532);
#7528 = LINE('',#7529,#7530);
#7529 = CARTESIAN_POINT('',(0.,0.));
#7530 = VECTOR('',#7531,1.);
#7531 = DIRECTION('',(1.,0.));
#7532 = ( GEOMETRIC_REPRESENTATION_CONTEXT(2) 
PARAMETRIC_REPRESENTATION_CONTEXT() REPRESENTATION_CONTEXT('2D SPACE',''
  ) );
#7533 = PCURVE('',#4670,#7534);
#7534 = DEFINITIONAL_REPRESENTATION('',(#7535),#7539);
#7535 = LINE('',#7536,#7537);
#7536 = CARTESIAN_POINT('',(-1.570796326795,0.));
#7537 = VECTOR('',#7538,1.);
#7538 = DIRECTION('',(-0.,1.));
#7539 = ( GEOMETRIC_REPRESENTATION_CONTEXT(2) 
PARAMETRIC_REPRESENTATION_CONTEXT() REPRESENTATION_CONTEXT('2D SPACE',''
  ) );
#7540 = ORIENTED_EDGE('',*,*,#7541,.T.);
#7541 = EDGE_CURVE('',#7518,#7413,#7542,.T.);
#7542 = SURFACE_CURVE('',#7543,(#7547,#7554),.PCURVE_S1.);
#7543 = LINE('',#7544,#7545);
#7544 = CARTESIAN_POINT('',(8.,43.2,6.));
#7545 = VECTOR('',#7546,1.);
#7546 = DIRECTION('',(-1.,-0.,-0.));
#7547 = PCURVE('',#4486,#7548);
#7548 = DEFINITIONAL_REPRESENTATION('',(#7549),#7553);
#7549 = LINE('',#7550,#7551);
#7550 = CARTESIAN_POINT('',(1.570796326795,0.));
#7551 = VECTOR('',#7552,1.);
#7552 = DIRECTION('',(0.,1.));
#7553 = ( GEOMETRIC_REPRESENTATION_CONTEXT(2) 
PARAMETRIC_REPRESENTATION_CONTEXT() REPRESENTATION_CONTEXT('2D SPACE',''
  ) );
#7554 = PCURVE('',#7028,#7555);
#7555 = DEFINITIONAL_REPRESENTATION('',(#7556),#7560);
#7556 = LINE('',#7557,#7558);
#7557 = CARTESIAN_POINT('',(5.,0.2));
#7558 = VECTOR('',#7559,1.);
#7559 = DIRECTION('',(-1.,0.));
#7560 = ( GEOMETRIC_REPRESENTATION_CONTEXT(2) 
PARAMETRIC_REPRESENTATION_CONTEXT() REPRESENTATION_CONTEXT('2D SPACE',''
  ) );
#7561 = ORIENTED_EDGE('',*,*,#7412,.F.);
#7562 = ORIENTED_EDGE('',*,*,#4470,.F.);
#7563 = ADVANCED_FACE('',(#7564),#4587,.T.);
#7564 = FACE_BOUND('',#7565,.F.);
#7565 = EDGE_LOOP('',(#7566,#7567,#7568,#7592));
#7566 = ORIENTED_EDGE('',*,*,#7491,.F.);
#7567 = ORIENTED_EDGE('',*,*,#4572,.T.);
#7568 = ORIENTED_EDGE('',*,*,#7569,.T.);
#7569 = EDGE_CURVE('',#4526,#7570,#7572,.T.);
#7570 = VERTEX_POINT('',#7571);
#7571 = CARTESIAN_POINT('',(-8.8,44.,6.));
#7572 = SURFACE_CURVE('',#7573,(#7578,#7585),.PCURVE_S1.);
#7573 = CIRCLE('',#7574,0.2);
#7574 = AXIS2_PLACEMENT_3D('',#7575,#7576,#7577);
#7575 = CARTESIAN_POINT('',(-8.8,44.,5.8));
#7576 = DIRECTION('',(0.,1.,0.));
#7577 = DIRECTION('',(-1.,0.,0.));
#7578 = PCURVE('',#4587,#7579);
#7579 = DEFINITIONAL_REPRESENTATION('',(#7580),#7584);
#7580 = LINE('',#7581,#7582);
#7581 = CARTESIAN_POINT('',(-1.570796326795,0.));
#7582 = VECTOR('',#7583,1.);
#7583 = DIRECTION('',(-0.,1.));
#7584 = ( GEOMETRIC_REPRESENTATION_CONTEXT(2) 
PARAMETRIC_REPRESENTATION_CONTEXT() REPRESENTATION_CONTEXT('2D SPACE',''
  ) );
#7585 = PCURVE('',#6834,#7586);
#7586 = DEFINITIONAL_REPRESENTATION('',(#7587),#7591);
#7587 = LINE('',#7588,#7589);
#7588 = CARTESIAN_POINT('',(0.,0.));
#7589 = VECTOR('',#7590,1.);
#7590 = DIRECTION('',(1.,0.));
#7591 = ( GEOMETRIC_REPRESENTATION_CONTEXT(2) 
PARAMETRIC_REPRESENTATION_CONTEXT() REPRESENTATION_CONTEXT('2D SPACE',''
  ) );
#7592 = ORIENTED_EDGE('',*,*,#7593,.F.);
#7593 = EDGE_CURVE('',#7469,#7570,#7594,.T.);
#7594 = SURFACE_CURVE('',#7595,(#7600,#7607),.PCURVE_S1.);
#7595 = CIRCLE('',#7596,0.8);
#7596 = AXIS2_PLACEMENT_3D('',#7597,#7598,#7599);
#7597 = CARTESIAN_POINT('',(-8.,44.,6.));
#7598 = DIRECTION('',(-0.,0.,-1.));
#7599 = DIRECTION('',(-4.440892098501E-16,-1.,0.));
#7600 = PCURVE('',#4587,#7601);
#7601 = DEFINITIONAL_REPRESENTATION('',(#7602),#7606);
#7602 = LINE('',#7603,#7604);
#7603 = CARTESIAN_POINT('',(-0.,1.570796326795));
#7604 = VECTOR('',#7605,1.);
#7605 = DIRECTION('',(-1.,0.));
#7606 = ( GEOMETRIC_REPRESENTATION_CONTEXT(2) 
PARAMETRIC_REPRESENTATION_CONTEXT() REPRESENTATION_CONTEXT('2D SPACE',''
  ) );
#7607 = PCURVE('',#6913,#7608);
#7608 = DEFINITIONAL_REPRESENTATION('',(#7609),#7617);
#7609 = ( BOUNDED_CURVE() B_SPLINE_CURVE(2,(#7610,#7611,#7612,#7613,
#7614,#7615,#7616),.UNSPECIFIED.,.T.,.F.) B_SPLINE_CURVE_WITH_KNOTS((1,2
    ,2,2,2,1),(-2.094395102393,0.,2.094395102393,4.188790204786,
6.28318530718,8.377580409573),.UNSPECIFIED.) CURVE() 
GEOMETRIC_REPRESENTATION_ITEM() RATIONAL_B_SPLINE_CURVE((1.,0.5,1.,0.5,
1.,0.5,1.)) REPRESENTATION_ITEM('') );
#7610 = CARTESIAN_POINT('',(1.,0.2));
#7611 = CARTESIAN_POINT('',(-0.385640646055,0.2));
#7612 = CARTESIAN_POINT('',(0.307179676972,1.4));
#7613 = CARTESIAN_POINT('',(1.,2.6));
#7614 = CARTESIAN_POINT('',(1.692820323028,1.4));
#7615 = CARTESIAN_POINT('',(2.385640646055,0.2));
#7616 = CARTESIAN_POINT('',(1.,0.2));
#7617 = ( GEOMETRIC_REPRESENTATION_CONTEXT(2) 
PARAMETRIC_REPRESENTATION_CONTEXT() REPRESENTATION_CONTEXT('2D SPACE',''
  ) );
#7618 = ADVANCED_FACE('',(#7619),#4670,.T.);
#7619 = FACE_BOUND('',#7620,.F.);
#7620 = EDGE_LOOP('',(#7621,#7645,#7646,#7647));
#7621 = ORIENTED_EDGE('',*,*,#7622,.F.);
#7622 = EDGE_CURVE('',#4605,#7623,#7625,.T.);
#7623 = VERTEX_POINT('',#7624);
#7624 = CARTESIAN_POINT('',(8.8,44.,6.));
#7625 = SURFACE_CURVE('',#7626,(#7631,#7638),.PCURVE_S1.);
#7626 = CIRCLE('',#7627,0.2);
#7627 = AXIS2_PLACEMENT_3D('',#7628,#7629,#7630);
#7628 = CARTESIAN_POINT('',(8.8,44.,5.8));
#7629 = DIRECTION('',(0.,-1.,-0.));
#7630 = DIRECTION('',(1.,0.,-0.));
#7631 = PCURVE('',#4670,#7632);
#7632 = DEFINITIONAL_REPRESENTATION('',(#7633),#7637);
#7633 = LINE('',#7634,#7635);
#7634 = CARTESIAN_POINT('',(-0.,0.));
#7635 = VECTOR('',#7636,1.);
#7636 = DIRECTION('',(-0.,1.));
#7637 = ( GEOMETRIC_REPRESENTATION_CONTEXT(2) 
PARAMETRIC_REPRESENTATION_CONTEXT() REPRESENTATION_CONTEXT('2D SPACE',''
  ) );
#7638 = PCURVE('',#6949,#7639);
#7639 = DEFINITIONAL_REPRESENTATION('',(#7640),#7644);
#7640 = LINE('',#7641,#7642);
#7641 = CARTESIAN_POINT('',(0.,4.));
#7642 = VECTOR('',#7643,1.);
#7643 = DIRECTION('',(1.,0.));
#7644 = ( GEOMETRIC_REPRESENTATION_CONTEXT(2) 
PARAMETRIC_REPRESENTATION_CONTEXT() REPRESENTATION_CONTEXT('2D SPACE',''
  ) );
#7645 = ORIENTED_EDGE('',*,*,#4655,.T.);
#7646 = ORIENTED_EDGE('',*,*,#7517,.T.);
#7647 = ORIENTED_EDGE('',*,*,#7648,.F.);
#7648 = EDGE_CURVE('',#7623,#7518,#7649,.T.);
#7649 = SURFACE_CURVE('',#7650,(#7655,#7662),.PCURVE_S1.);
#7650 = CIRCLE('',#7651,0.8);
#7651 = AXIS2_PLACEMENT_3D('',#7652,#7653,#7654);
#7652 = CARTESIAN_POINT('',(8.,44.,6.));
#7653 = DIRECTION('',(0.,-0.,-1.));
#7654 = DIRECTION('',(1.,0.,-0.));
#7655 = PCURVE('',#4670,#7656);
#7656 = DEFINITIONAL_REPRESENTATION('',(#7657),#7661);
#7657 = LINE('',#7658,#7659);
#7658 = CARTESIAN_POINT('',(-0.,1.570796326795));
#7659 = VECTOR('',#7660,1.);
#7660 = DIRECTION('',(-1.,0.));
#7661 = ( GEOMETRIC_REPRESENTATION_CONTEXT(2) 
PARAMETRIC_REPRESENTATION_CONTEXT() REPRESENTATION_CONTEXT('2D SPACE',''
  ) );
#7662 = PCURVE('',#7028,#7663);
#7663 = DEFINITIONAL_REPRESENTATION('',(#7664),#7672);
#7664 = ( BOUNDED_CURVE() B_SPLINE_CURVE(2,(#7665,#7666,#7667,#7668,
#7669,#7670,#7671),.UNSPECIFIED.,.T.,.F.) B_SPLINE_CURVE_WITH_KNOTS((1,2
    ,2,2,2,1),(-2.094395102393,0.,2.094395102393,4.188790204786,
6.28318530718,8.377580409573),.UNSPECIFIED.) CURVE() 
GEOMETRIC_REPRESENTATION_ITEM() RATIONAL_B_SPLINE_CURVE((1.,0.5,1.,0.5,
1.,0.5,1.)) REPRESENTATION_ITEM('') );
#7665 = CARTESIAN_POINT('',(5.8,1.));
#7666 = CARTESIAN_POINT('',(5.8,-0.385640646055));
#7667 = CARTESIAN_POINT('',(4.6,0.307179676972));
#7668 = CARTESIAN_POINT('',(3.4,1.));
#7669 = CARTESIAN_POINT('',(4.6,1.692820323028));
#7670 = CARTESIAN_POINT('',(5.8,2.385640646055));
#7671 = CARTESIAN_POINT('',(5.8,1.));
#7672 = ( GEOMETRIC_REPRESENTATION_CONTEXT(2) 
PARAMETRIC_REPRESENTATION_CONTEXT() REPRESENTATION_CONTEXT('2D SPACE',''
  ) );
#7673 = ADVANCED_FACE('',(#7674),#4724,.T.);
#7674 = FACE_BOUND('',#7675,.T.);
#7675 = EDGE_LOOP('',(#7676,#7677,#7706,#7727));
#7676 = ORIENTED_EDGE('',*,*,#5307,.F.);
#7677 = ORIENTED_EDGE('',*,*,#7678,.F.);
#7678 = EDGE_CURVE('',#7679,#5308,#7681,.T.);
#7679 = VERTEX_POINT('',#7680);
#7680 = CARTESIAN_POINT('',(-5.,-2.775557561563E-17,0.2));
#7681 = SURFACE_CURVE('',#7682,(#7687,#7694),.PCURVE_S1.);
#7682 = CIRCLE('',#7683,4.);
#7683 = AXIS2_PLACEMENT_3D('',#7684,#7685,#7686);
#7684 = CARTESIAN_POINT('',(-5.,4.,0.2));
#7685 = DIRECTION('',(-0.,0.,-1.));
#7686 = DIRECTION('',(-2.22044604925E-16,-1.,0.));
#7687 = PCURVE('',#4724,#7688);
#7688 = DEFINITIONAL_REPRESENTATION('',(#7689),#7693);
#7689 = LINE('',#7690,#7691);
#7690 = CARTESIAN_POINT('',(1.570796326795,0.2));
#7691 = VECTOR('',#7692,1.);
#7692 = DIRECTION('',(-1.,-0.));
#7693 = ( GEOMETRIC_REPRESENTATION_CONTEXT(2) 
PARAMETRIC_REPRESENTATION_CONTEXT() REPRESENTATION_CONTEXT('2D SPACE',''
  ) );
#7694 = PCURVE('',#7695,#7700);
#7695 = TOROIDAL_SURFACE('',#7696,3.8,0.2);
#7696 = AXIS2_PLACEMENT_3D('',#7697,#7698,#7699);
#7697 = CARTESIAN_POINT('',(-5.,4.,0.2));
#7698 = DIRECTION('',(-0.,-0.,-1.));
#7699 = DIRECTION('',(-2.22044604925E-16,-1.,0.));
#7700 = DEFINITIONAL_REPRESENTATION('',(#7701),#7705);
#7701 = LINE('',#7702,#7703);
#7702 = CARTESIAN_POINT('',(0.,0.));
#7703 = VECTOR('',#7704,1.);
#7704 = DIRECTION('',(1.,0.));
#7705 = ( GEOMETRIC_REPRESENTATION_CONTEXT(2) 
PARAMETRIC_REPRESENTATION_CONTEXT() REPRESENTATION_CONTEXT('2D SPACE',''
  ) );
#7706 = ORIENTED_EDGE('',*,*,#7707,.T.);
#7707 = EDGE_CURVE('',#7679,#4686,#7708,.T.);
#7708 = SURFACE_CURVE('',#7709,(#7713,#7720),.PCURVE_S1.);
#7709 = LINE('',#7710,#7711);
#7710 = CARTESIAN_POINT('',(-5.,-8.881784197001E-16,0.));
#7711 = VECTOR('',#7712,1.);
#7712 = DIRECTION('',(0.,0.,1.));
#7713 = PCURVE('',#4724,#7714);
#7714 = DEFINITIONAL_REPRESENTATION('',(#7715),#7719);
#7715 = LINE('',#7716,#7717);
#7716 = CARTESIAN_POINT('',(1.570796326795,0.));
#7717 = VECTOR('',#7718,1.);
#7718 = DIRECTION('',(0.,1.));
#7719 = ( GEOMETRIC_REPRESENTATION_CONTEXT(2) 
PARAMETRIC_REPRESENTATION_CONTEXT() REPRESENTATION_CONTEXT('2D SPACE',''
  ) );
#7720 = PCURVE('',#4814,#7721);
#7721 = DEFINITIONAL_REPRESENTATION('',(#7722),#7726);
#7722 = LINE('',#7723,#7724);
#7723 = CARTESIAN_POINT('',(0.,4.));
#7724 = VECTOR('',#7725,1.);
#7725 = DIRECTION('',(1.,0.));
#7726 = ( GEOMETRIC_REPRESENTATION_CONTEXT(2) 
PARAMETRIC_REPRESENTATION_CONTEXT() REPRESENTATION_CONTEXT('2D SPACE',''
  ) );
#7727 = ORIENTED_EDGE('',*,*,#4709,.T.);
#7728 = ADVANCED_FACE('',(#7729),#4759,.T.);
#7729 = FACE_BOUND('',#7730,.F.);
#7730 = EDGE_LOOP('',(#7731,#7732,#7761,#7782));
#7731 = ORIENTED_EDGE('',*,*,#6006,.F.);
#7732 = ORIENTED_EDGE('',*,*,#7733,.T.);
#7733 = EDGE_CURVE('',#6007,#7734,#7736,.T.);
#7734 = VERTEX_POINT('',#7735);
#7735 = CARTESIAN_POINT('',(5.,-8.881784197001E-16,0.2));
#7736 = SURFACE_CURVE('',#7737,(#7742,#7749),.PCURVE_S1.);
#7737 = CIRCLE('',#7738,4.);
#7738 = AXIS2_PLACEMENT_3D('',#7739,#7740,#7741);
#7739 = CARTESIAN_POINT('',(5.,4.,0.2));
#7740 = DIRECTION('',(0.,-0.,-1.));
#7741 = DIRECTION('',(1.,0.,-0.));
#7742 = PCURVE('',#4759,#7743);
#7743 = DEFINITIONAL_REPRESENTATION('',(#7744),#7748);
#7744 = LINE('',#7745,#7746);
#7745 = CARTESIAN_POINT('',(-0.,0.2));
#7746 = VECTOR('',#7747,1.);
#7747 = DIRECTION('',(-1.,0.));
#7748 = ( GEOMETRIC_REPRESENTATION_CONTEXT(2) 
PARAMETRIC_REPRESENTATION_CONTEXT() REPRESENTATION_CONTEXT('2D SPACE',''
  ) );
#7749 = PCURVE('',#7750,#7755);
#7750 = TOROIDAL_SURFACE('',#7751,3.8,0.2);
#7751 = AXIS2_PLACEMENT_3D('',#7752,#7753,#7754);
#7752 = CARTESIAN_POINT('',(5.,4.,0.2));
#7753 = DIRECTION('',(-0.,-0.,-1.));
#7754 = DIRECTION('',(1.,0.,-0.));
#7755 = DEFINITIONAL_REPRESENTATION('',(#7756),#7760);
#7756 = LINE('',#7757,#7758);
#7757 = CARTESIAN_POINT('',(0.,0.));
#7758 = VECTOR('',#7759,1.);
#7759 = DIRECTION('',(1.,0.));
#7760 = ( GEOMETRIC_REPRESENTATION_CONTEXT(2) 
PARAMETRIC_REPRESENTATION_CONTEXT() REPRESENTATION_CONTEXT('2D SPACE',''
  ) );
#7761 = ORIENTED_EDGE('',*,*,#7762,.T.);
#7762 = EDGE_CURVE('',#7734,#4743,#7763,.T.);
#7763 = SURFACE_CURVE('',#7764,(#7768,#7775),.PCURVE_S1.);
#7764 = LINE('',#7765,#7766);
#7765 = CARTESIAN_POINT('',(5.,-8.881784197001E-16,0.));
#7766 = VECTOR('',#7767,1.);
#7767 = DIRECTION('',(0.,0.,1.));
#7768 = PCURVE('',#4759,#7769);
#7769 = DEFINITIONAL_REPRESENTATION('',(#7770),#7774);
#7770 = LINE('',#7771,#7772);
#7771 = CARTESIAN_POINT('',(-1.570796326795,0.));
#7772 = VECTOR('',#7773,1.);
#7773 = DIRECTION('',(-0.,1.));
#7774 = ( GEOMETRIC_REPRESENTATION_CONTEXT(2) 
PARAMETRIC_REPRESENTATION_CONTEXT() REPRESENTATION_CONTEXT('2D SPACE',''
  ) );
#7775 = PCURVE('',#4814,#7776);
#7776 = DEFINITIONAL_REPRESENTATION('',(#7777),#7781);
#7777 = LINE('',#7778,#7779);
#7778 = CARTESIAN_POINT('',(0.,14.));
#7779 = VECTOR('',#7780,1.);
#7780 = DIRECTION('',(1.,0.));
#7781 = ( GEOMETRIC_REPRESENTATION_CONTEXT(2) 
PARAMETRIC_REPRESENTATION_CONTEXT() REPRESENTATION_CONTEXT('2D SPACE',''
  ) );
#7782 = ORIENTED_EDGE('',*,*,#4742,.F.);
#7783 = ADVANCED_FACE('',(#7784),#4814,.F.);
#7784 = FACE_BOUND('',#7785,.F.);
#7785 = EDGE_LOOP('',(#7786,#7787,#7788,#7789));
#7786 = ORIENTED_EDGE('',*,*,#7707,.T.);
#7787 = ORIENTED_EDGE('',*,*,#4800,.F.);
#7788 = ORIENTED_EDGE('',*,*,#7762,.F.);
#7789 = ORIENTED_EDGE('',*,*,#7790,.T.);
#7790 = EDGE_CURVE('',#7734,#7679,#7791,.T.);
#7791 = SURFACE_CURVE('',#7792,(#7796,#7803),.PCURVE_S1.);
#7792 = LINE('',#7793,#7794);
#7793 = CARTESIAN_POINT('',(5.,-2.775557561563E-17,0.2));
#7794 = VECTOR('',#7795,1.);
#7795 = DIRECTION('',(-1.,-0.,-0.));
#7796 = PCURVE('',#4814,#7797);
#7797 = DEFINITIONAL_REPRESENTATION('',(#7798),#7802);
#7798 = LINE('',#7799,#7800);
#7799 = CARTESIAN_POINT('',(0.2,14.));
#7800 = VECTOR('',#7801,1.);
#7801 = DIRECTION('',(0.,-1.));
#7802 = ( GEOMETRIC_REPRESENTATION_CONTEXT(2) 
PARAMETRIC_REPRESENTATION_CONTEXT() REPRESENTATION_CONTEXT('2D SPACE',''
  ) );
#7803 = PCURVE('',#7804,#7809);
#7804 = CYLINDRICAL_SURFACE('',#7805,0.2);
#7805 = AXIS2_PLACEMENT_3D('',#7806,#7807,#7808);
#7806 = CARTESIAN_POINT('',(5.,0.2,0.2));
#7807 = DIRECTION('',(-1.,-0.,-0.));
#7808 = DIRECTION('',(0.,-1.,0.));
#7809 = DEFINITIONAL_REPRESENTATION('',(#7810),#7814);
#7810 = LINE('',#7811,#7812);
#7811 = CARTESIAN_POINT('',(-0.,0.));
#7812 = VECTOR('',#7813,1.);
#7813 = DIRECTION('',(-0.,1.));
#7814 = ( GEOMETRIC_REPRESENTATION_CONTEXT(2) 
PARAMETRIC_REPRESENTATION_CONTEXT() REPRESENTATION_CONTEXT('2D SPACE',''
  ) );
#7815 = ADVANCED_FACE('',(#7816),#4868,.F.);
#7816 = FACE_BOUND('',#7817,.F.);
#7817 = EDGE_LOOP('',(#7818,#7819,#7842,#7869));
#7818 = ORIENTED_EDGE('',*,*,#4853,.F.);
#7819 = ORIENTED_EDGE('',*,*,#7820,.F.);
#7820 = EDGE_CURVE('',#7821,#4831,#7823,.T.);
#7821 = VERTEX_POINT('',#7822);
#7822 = CARTESIAN_POINT('',(1.9,5.,0.));
#7823 = SEAM_CURVE('',#7824,(#7828,#7835),.PCURVE_S1.);
#7824 = LINE('',#7825,#7826);
#7825 = CARTESIAN_POINT('',(1.9,5.,0.));
#7826 = VECTOR('',#7827,1.);
#7827 = DIRECTION('',(0.,0.,1.));
#7828 = PCURVE('',#4868,#7829);
#7829 = DEFINITIONAL_REPRESENTATION('',(#7830),#7834);
#7830 = LINE('',#7831,#7832);
#7831 = CARTESIAN_POINT('',(6.28318530718,-0.));
#7832 = VECTOR('',#7833,1.);
#7833 = DIRECTION('',(0.,1.));
#7834 = ( GEOMETRIC_REPRESENTATION_CONTEXT(2) 
PARAMETRIC_REPRESENTATION_CONTEXT() REPRESENTATION_CONTEXT('2D SPACE',''
  ) );
#7835 = PCURVE('',#4868,#7836);
#7836 = DEFINITIONAL_REPRESENTATION('',(#7837),#7841);
#7837 = LINE('',#7838,#7839);
#7838 = CARTESIAN_POINT('',(0.,-0.));
#7839 = VECTOR('',#7840,1.);
#7840 = DIRECTION('',(0.,1.));
#7841 = ( GEOMETRIC_REPRESENTATION_CONTEXT(2) 
PARAMETRIC_REPRESENTATION_CONTEXT() REPRESENTATION_CONTEXT('2D SPACE',''
  ) );
#7842 = ORIENTED_EDGE('',*,*,#7843,.T.);
#7843 = EDGE_CURVE('',#7821,#7821,#7844,.T.);
#7844 = SURFACE_CURVE('',#7845,(#7850,#7857),.PCURVE_S1.);
#7845 = CIRCLE('',#7846,1.9);
#7846 = AXIS2_PLACEMENT_3D('',#7847,#7848,#7849);
#7847 = CARTESIAN_POINT('',(0.,5.,0.));
#7848 = DIRECTION('',(0.,0.,1.));
#7849 = DIRECTION('',(1.,0.,-0.));
#7850 = PCURVE('',#4868,#7851);
#7851 = DEFINITIONAL_REPRESENTATION('',(#7852),#7856);
#7852 = LINE('',#7853,#7854);
#7853 = CARTESIAN_POINT('',(0.,0.));
#7854 = VECTOR('',#7855,1.);
#7855 = DIRECTION('',(1.,0.));
#7856 = ( GEOMETRIC_REPRESENTATION_CONTEXT(2) 
PARAMETRIC_REPRESENTATION_CONTEXT() REPRESENTATION_CONTEXT('2D SPACE',''
  ) );
#7857 = PCURVE('',#7858,#7863);
#7858 = PLANE('',#7859);
#7859 = AXIS2_PLACEMENT_3D('',#7860,#7861,#7862);
#7860 = CARTESIAN_POINT('',(-9.,0.,0.));
#7861 = DIRECTION('',(0.,0.,1.));
#7862 = DIRECTION('',(1.,0.,0.));
#7863 = DEFINITIONAL_REPRESENTATION('',(#7864),#7868);
#7864 = CIRCLE('',#7865,1.9);
#7865 = AXIS2_PLACEMENT_2D('',#7866,#7867);
#7866 = CARTESIAN_POINT('',(9.,5.));
#7867 = DIRECTION('',(1.,0.));
#7868 = ( GEOMETRIC_REPRESENTATION_CONTEXT(2) 
PARAMETRIC_REPRESENTATION_CONTEXT() REPRESENTATION_CONTEXT('2D SPACE',''
  ) );
#7869 = ORIENTED_EDGE('',*,*,#7820,.T.);
#7870 = ADVANCED_FACE('',(#7871),#4902,.T.);
#7871 = FACE_BOUND('',#7872,.T.);
#7872 = EDGE_LOOP('',(#7873,#7895,#7924,#7944));
#7873 = ORIENTED_EDGE('',*,*,#7874,.F.);
#7874 = EDGE_CURVE('',#7875,#2616,#7877,.T.);
#7875 = VERTEX_POINT('',#7876);
#7876 = CARTESIAN_POINT('',(9.,67.8,16.));
#7877 = SURFACE_CURVE('',#7878,(#7883,#7889),.PCURVE_S1.);
#7878 = CIRCLE('',#7879,0.8);
#7879 = AXIS2_PLACEMENT_3D('',#7880,#7881,#7882);
#7880 = CARTESIAN_POINT('',(8.2,67.8,16.));
#7881 = DIRECTION('',(0.,-0.,-1.));
#7882 = DIRECTION('',(1.,0.,-0.));
#7883 = PCURVE('',#4902,#7884);
#7884 = DEFINITIONAL_REPRESENTATION('',(#7885),#7888);
#7885 = B_SPLINE_CURVE_WITH_KNOTS('',1,(#7886,#7887),.UNSPECIFIED.,.F.,
  .F.,(2,2),(0.,1.570796326795),.PIECEWISE_BEZIER_KNOTS.);
#7886 = CARTESIAN_POINT('',(0.,0.));
#7887 = CARTESIAN_POINT('',(0.,1.570796326795));
#7888 = ( GEOMETRIC_REPRESENTATION_CONTEXT(2) 
PARAMETRIC_REPRESENTATION_CONTEXT() REPRESENTATION_CONTEXT('2D SPACE',''
  ) );
#7889 = PCURVE('',#5159,#7890);
#7890 = DEFINITIONAL_REPRESENTATION('',(#7891),#7894);
#7891 = B_SPLINE_CURVE_WITH_KNOTS('',1,(#7892,#7893),.UNSPECIFIED.,.F.,
  .F.,(2,2),(0.,1.570796326795),.PIECEWISE_BEZIER_KNOTS.);
#7892 = CARTESIAN_POINT('',(0.,13.));
#7893 = CARTESIAN_POINT('',(-1.570796326795,13.));
#7894 = ( GEOMETRIC_REPRESENTATION_CONTEXT(2) 
PARAMETRIC_REPRESENTATION_CONTEXT() REPRESENTATION_CONTEXT('2D SPACE',''
  ) );
#7895 = ORIENTED_EDGE('',*,*,#7896,.T.);
#7896 = EDGE_CURVE('',#7875,#7897,#7899,.T.);
#7897 = VERTEX_POINT('',#7898);
#7898 = CARTESIAN_POINT('',(-9.,67.8,16.));
#7899 = SURFACE_CURVE('',#7900,(#7905,#7912),.PCURVE_S1.);
#7900 = CIRCLE('',#7901,9.);
#7901 = AXIS2_PLACEMENT_3D('',#7902,#7903,#7904);
#7902 = CARTESIAN_POINT('',(0.,67.8,16.));
#7903 = DIRECTION('',(0.,-1.,-0.));
#7904 = DIRECTION('',(1.,0.,0.));
#7905 = PCURVE('',#4902,#7906);
#7906 = DEFINITIONAL_REPRESENTATION('',(#7907),#7911);
#7907 = LINE('',#7908,#7909);
#7908 = CARTESIAN_POINT('',(0.,0.));
#7909 = VECTOR('',#7910,1.);
#7910 = DIRECTION('',(1.,0.));
#7911 = ( GEOMETRIC_REPRESENTATION_CONTEXT(2) 
PARAMETRIC_REPRESENTATION_CONTEXT() REPRESENTATION_CONTEXT('2D SPACE',''
  ) );
#7912 = PCURVE('',#7913,#7918);
#7913 = CYLINDRICAL_SURFACE('',#7914,9.);
#7914 = AXIS2_PLACEMENT_3D('',#7915,#7916,#7917);
#7915 = CARTESIAN_POINT('',(0.,73.,16.));
#7916 = DIRECTION('',(-0.,1.,-0.));
#7917 = DIRECTION('',(1.,0.,0.));
#7918 = DEFINITIONAL_REPRESENTATION('',(#7919),#7923);
#7919 = LINE('',#7920,#7921);
#7920 = CARTESIAN_POINT('',(-0.,-5.2));
#7921 = VECTOR('',#7922,1.);
#7922 = DIRECTION('',(-1.,0.));
#7923 = ( GEOMETRIC_REPRESENTATION_CONTEXT(2) 
PARAMETRIC_REPRESENTATION_CONTEXT() REPRESENTATION_CONTEXT('2D SPACE',''
  ) );
#7924 = ORIENTED_EDGE('',*,*,#7925,.T.);
#7925 = EDGE_CURVE('',#7897,#2413,#7926,.T.);
#7926 = SURFACE_CURVE('',#7927,(#7932,#7938),.PCURVE_S1.);
#7927 = CIRCLE('',#7928,0.8);
#7928 = AXIS2_PLACEMENT_3D('',#7929,#7930,#7931);
#7929 = CARTESIAN_POINT('',(-8.2,67.8,16.));
#7930 = DIRECTION('',(1.224646799147E-16,0.,1.));
#7931 = DIRECTION('',(-1.,-0.,1.224646799147E-16));
#7932 = PCURVE('',#4902,#7933);
#7933 = DEFINITIONAL_REPRESENTATION('',(#7934),#7937);
#7934 = B_SPLINE_CURVE_WITH_KNOTS('',1,(#7935,#7936),.UNSPECIFIED.,.F.,
  .F.,(2,2),(0.,1.570796326795),.PIECEWISE_BEZIER_KNOTS.);
#7935 = CARTESIAN_POINT('',(3.14159265359,0.));
#7936 = CARTESIAN_POINT('',(3.14159265359,1.570796326795));
#7937 = ( GEOMETRIC_REPRESENTATION_CONTEXT(2) 
PARAMETRIC_REPRESENTATION_CONTEXT() REPRESENTATION_CONTEXT('2D SPACE',''
  ) );
#7938 = PCURVE('',#5063,#7939);
#7939 = DEFINITIONAL_REPRESENTATION('',(#7940),#7943);
#7940 = B_SPLINE_CURVE_WITH_KNOTS('',1,(#7941,#7942),.UNSPECIFIED.,.F.,
  .F.,(2,2),(0.,1.570796326795),.PIECEWISE_BEZIER_KNOTS.);
#7941 = CARTESIAN_POINT('',(0.,0.));
#7942 = CARTESIAN_POINT('',(-1.570796326795,0.));
#7943 = ( GEOMETRIC_REPRESENTATION_CONTEXT(2) 
PARAMETRIC_REPRESENTATION_CONTEXT() REPRESENTATION_CONTEXT('2D SPACE',''
  ) );
#7944 = ORIENTED_EDGE('',*,*,#4887,.F.);
#7945 = ADVANCED_FACE('',(#7946),#4943,.F.);
#7946 = FACE_BOUND('',#7947,.F.);
#7947 = EDGE_LOOP('',(#7948,#7971,#7972,#7995));
#7948 = ORIENTED_EDGE('',*,*,#7949,.T.);
#7949 = EDGE_CURVE('',#7950,#4921,#7952,.T.);
#7950 = VERTEX_POINT('',#7951);
#7951 = CARTESIAN_POINT('',(2.25,73.,7.));
#7952 = SURFACE_CURVE('',#7953,(#7957,#7964),.PCURVE_S1.);
#7953 = LINE('',#7954,#7955);
#7954 = CARTESIAN_POINT('',(2.25,73.,7.));
#7955 = VECTOR('',#7956,1.);
#7956 = DIRECTION('',(0.,-1.,0.));
#7957 = PCURVE('',#4943,#7958);
#7958 = DEFINITIONAL_REPRESENTATION('',(#7959),#7963);
#7959 = LINE('',#7960,#7961);
#7960 = CARTESIAN_POINT('',(0.,0.));
#7961 = VECTOR('',#7962,1.);
#7962 = DIRECTION('',(0.,-1.));
#7963 = ( GEOMETRIC_REPRESENTATION_CONTEXT(2) 
PARAMETRIC_REPRESENTATION_CONTEXT() REPRESENTATION_CONTEXT('2D SPACE',''
  ) );
#7964 = PCURVE('',#5030,#7965);
#7965 = DEFINITIONAL_REPRESENTATION('',(#7966),#7970);
#7966 = LINE('',#7967,#7968);
#7967 = CARTESIAN_POINT('',(12.,0.));
#7968 = VECTOR('',#7969,1.);
#7969 = DIRECTION('',(0.,-1.));
#7970 = ( GEOMETRIC_REPRESENTATION_CONTEXT(2) 
PARAMETRIC_REPRESENTATION_CONTEXT() REPRESENTATION_CONTEXT('2D SPACE',''
  ) );
#7971 = ORIENTED_EDGE('',*,*,#4920,.T.);
#7972 = ORIENTED_EDGE('',*,*,#7973,.F.);
#7973 = EDGE_CURVE('',#7974,#4923,#7976,.T.);
#7974 = VERTEX_POINT('',#7975);
#7975 = CARTESIAN_POINT('',(-2.25,73.,7.));
#7976 = SURFACE_CURVE('',#7977,(#7981,#7988),.PCURVE_S1.);
#7977 = LINE('',#7978,#7979);
#7978 = CARTESIAN_POINT('',(-2.25,73.,7.));
#7979 = VECTOR('',#7980,1.);
#7980 = DIRECTION('',(0.,-1.,0.));
#7981 = PCURVE('',#4943,#7982);
#7982 = DEFINITIONAL_REPRESENTATION('',(#7983),#7987);
#7983 = LINE('',#7984,#7985);
#7984 = CARTESIAN_POINT('',(3.14159265359,0.));
#7985 = VECTOR('',#7986,1.);
#7986 = DIRECTION('',(0.,-1.));
#7987 = ( GEOMETRIC_REPRESENTATION_CONTEXT(2) 
PARAMETRIC_REPRESENTATION_CONTEXT() REPRESENTATION_CONTEXT('2D SPACE',''
  ) );
#7988 = PCURVE('',#4971,#7989);
#7989 = DEFINITIONAL_REPRESENTATION('',(#7990),#7994);
#7990 = LINE('',#7991,#7992);
#7991 = CARTESIAN_POINT('',(0.,0.));
#7992 = VECTOR('',#7993,1.);
#7993 = DIRECTION('',(0.,-1.));
#7994 = ( GEOMETRIC_REPRESENTATION_CONTEXT(2) 
PARAMETRIC_REPRESENTATION_CONTEXT() REPRESENTATION_CONTEXT('2D SPACE',''
  ) );
#7995 = ORIENTED_EDGE('',*,*,#7996,.F.);
#7996 = EDGE_CURVE('',#7950,#7974,#7997,.T.);
#7997 = SURFACE_CURVE('',#7998,(#8003,#8010),.PCURVE_S1.);
#7998 = CIRCLE('',#7999,2.25);
#7999 = AXIS2_PLACEMENT_3D('',#8000,#8001,#8002);
#8000 = CARTESIAN_POINT('',(-6.661338147751E-16,73.,7.));
#8001 = DIRECTION('',(0.,1.,0.));
#8002 = DIRECTION('',(1.,0.,-1.110223024625E-16));
#8003 = PCURVE('',#4943,#8004);
#8004 = DEFINITIONAL_REPRESENTATION('',(#8005),#8009);
#8005 = LINE('',#8006,#8007);
#8006 = CARTESIAN_POINT('',(0.,0.));
#8007 = VECTOR('',#8008,1.);
#8008 = DIRECTION('',(1.,0.));
#8009 = ( GEOMETRIC_REPRESENTATION_CONTEXT(2) 
PARAMETRIC_REPRESENTATION_CONTEXT() REPRESENTATION_CONTEXT('2D SPACE',''
  ) );
#8010 = PCURVE('',#8011,#8016);
#8011 = PLANE('',#8012);
#8012 = AXIS2_PLACEMENT_3D('',#8013,#8014,#8015);
#8013 = CARTESIAN_POINT('',(0.,73.,12.299945287508));
#8014 = DIRECTION('',(-0.,-1.,-0.));
#8015 = DIRECTION('',(0.,0.,-1.));
#8016 = DEFINITIONAL_REPRESENTATION('',(#8017),#8025);
#8017 = ( BOUNDED_CURVE() B_SPLINE_CURVE(2,(#8018,#8019,#8020,#8021,
#8022,#8023,#8024),.UNSPECIFIED.,.T.,.F.) B_SPLINE_CURVE_WITH_KNOTS((1,2
    ,2,2,2,1),(-2.094395102393,0.,2.094395102393,4.188790204786,
6.28318530718,8.377580409573),.UNSPECIFIED.) CURVE() 
GEOMETRIC_REPRESENTATION_ITEM() RATIONAL_B_SPLINE_CURVE((1.,0.5,1.,0.5,
1.,0.5,1.)) REPRESENTATION_ITEM('') );
#8018 = CARTESIAN_POINT('',(5.299945287508,2.25));
#8019 = CARTESIAN_POINT('',(9.197059604538,2.25));
#8020 = CARTESIAN_POINT('',(7.248502446023,-1.125));
#8021 = CARTESIAN_POINT('',(5.299945287508,-4.5));
#8022 = CARTESIAN_POINT('',(3.351388128993,-1.125));
#8023 = CARTESIAN_POINT('',(1.402830970478,2.25));
#8024 = CARTESIAN_POINT('',(5.299945287508,2.25));
#8025 = ( GEOMETRIC_REPRESENTATION_CONTEXT(2) 
PARAMETRIC_REPRESENTATION_CONTEXT() REPRESENTATION_CONTEXT('2D SPACE',''
  ) );
#8026 = ADVANCED_FACE('',(#8027),#5030,.F.);
#8027 = FACE_BOUND('',#8028,.F.);
#8028 = EDGE_LOOP('',(#8029,#8052,#8053,#8054));
#8029 = ORIENTED_EDGE('',*,*,#8030,.T.);
#8030 = EDGE_CURVE('',#8031,#4984,#8033,.T.);
#8031 = VERTEX_POINT('',#8032);
#8032 = CARTESIAN_POINT('',(2.25,73.,19.));
#8033 = SURFACE_CURVE('',#8034,(#8038,#8045),.PCURVE_S1.);
#8034 = LINE('',#8035,#8036);
#8035 = CARTESIAN_POINT('',(2.25,73.,19.));
#8036 = VECTOR('',#8037,1.);
#8037 = DIRECTION('',(0.,-1.,0.));
#8038 = PCURVE('',#5030,#8039);
#8039 = DEFINITIONAL_REPRESENTATION('',(#8040),#8044);
#8040 = LINE('',#8041,#8042);
#8041 = CARTESIAN_POINT('',(-0.,0.));
#8042 = VECTOR('',#8043,1.);
#8043 = DIRECTION('',(0.,-1.));
#8044 = ( GEOMETRIC_REPRESENTATION_CONTEXT(2) 
PARAMETRIC_REPRESENTATION_CONTEXT() REPRESENTATION_CONTEXT('2D SPACE',''
  ) );
#8045 = PCURVE('',#5004,#8046);
#8046 = DEFINITIONAL_REPRESENTATION('',(#8047),#8051);
#8047 = LINE('',#8048,#8049);
#8048 = CARTESIAN_POINT('',(3.14159265359,0.));
#8049 = VECTOR('',#8050,1.);
#8050 = DIRECTION('',(0.,-1.));
#8051 = ( GEOMETRIC_REPRESENTATION_CONTEXT(2) 
PARAMETRIC_REPRESENTATION_CONTEXT() REPRESENTATION_CONTEXT('2D SPACE',''
  ) );
#8052 = ORIENTED_EDGE('',*,*,#5016,.T.);
#8053 = ORIENTED_EDGE('',*,*,#7949,.F.);
#8054 = ORIENTED_EDGE('',*,*,#8055,.F.);
#8055 = EDGE_CURVE('',#8031,#7950,#8056,.T.);
#8056 = SURFACE_CURVE('',#8057,(#8061,#8068),.PCURVE_S1.);
#8057 = LINE('',#8058,#8059);
#8058 = CARTESIAN_POINT('',(2.25,73.,19.));
#8059 = VECTOR('',#8060,1.);
#8060 = DIRECTION('',(-1.110223024625E-16,-0.,-1.));
#8061 = PCURVE('',#5030,#8062);
#8062 = DEFINITIONAL_REPRESENTATION('',(#8063),#8067);
#8063 = LINE('',#8064,#8065);
#8064 = CARTESIAN_POINT('',(-0.,0.));
#8065 = VECTOR('',#8066,1.);
#8066 = DIRECTION('',(1.,0.));
#8067 = ( GEOMETRIC_REPRESENTATION_CONTEXT(2) 
PARAMETRIC_REPRESENTATION_CONTEXT() REPRESENTATION_CONTEXT('2D SPACE',''
  ) );
#8068 = PCURVE('',#8011,#8069);
#8069 = DEFINITIONAL_REPRESENTATION('',(#8070),#8074);
#8070 = LINE('',#8071,#8072);
#8071 = CARTESIAN_POINT('',(-6.700054712492,2.25));
#8072 = VECTOR('',#8073,1.);
#8073 = DIRECTION('',(1.,-1.110223024625E-16));
#8074 = ( GEOMETRIC_REPRESENTATION_CONTEXT(2) 
PARAMETRIC_REPRESENTATION_CONTEXT() REPRESENTATION_CONTEXT('2D SPACE',''
  ) );
#8075 = ADVANCED_FACE('',(#8076),#5004,.F.);
#8076 = FACE_BOUND('',#8077,.F.);
#8077 = EDGE_LOOP('',(#8078,#8101,#8102,#8103));
#8078 = ORIENTED_EDGE('',*,*,#8079,.T.);
#8079 = EDGE_CURVE('',#8080,#4956,#8082,.T.);
#8080 = VERTEX_POINT('',#8081);
#8081 = CARTESIAN_POINT('',(-2.25,73.,19.));
#8082 = SURFACE_CURVE('',#8083,(#8087,#8094),.PCURVE_S1.);
#8083 = LINE('',#8084,#8085);
#8084 = CARTESIAN_POINT('',(-2.25,73.,19.));
#8085 = VECTOR('',#8086,1.);
#8086 = DIRECTION('',(0.,-1.,0.));
#8087 = PCURVE('',#5004,#8088);
#8088 = DEFINITIONAL_REPRESENTATION('',(#8089),#8093);
#8089 = LINE('',#8090,#8091);
#8090 = CARTESIAN_POINT('',(0.,0.));
#8091 = VECTOR('',#8092,1.);
#8092 = DIRECTION('',(0.,-1.));
#8093 = ( GEOMETRIC_REPRESENTATION_CONTEXT(2) 
PARAMETRIC_REPRESENTATION_CONTEXT() REPRESENTATION_CONTEXT('2D SPACE',''
  ) );
#8094 = PCURVE('',#4971,#8095);
#8095 = DEFINITIONAL_REPRESENTATION('',(#8096),#8100);
#8096 = LINE('',#8097,#8098);
#8097 = CARTESIAN_POINT('',(12.,0.));
#8098 = VECTOR('',#8099,1.);
#8099 = DIRECTION('',(0.,-1.));
#8100 = ( GEOMETRIC_REPRESENTATION_CONTEXT(2) 
PARAMETRIC_REPRESENTATION_CONTEXT() REPRESENTATION_CONTEXT('2D SPACE',''
  ) );
#8101 = ORIENTED_EDGE('',*,*,#4983,.T.);
#8102 = ORIENTED_EDGE('',*,*,#8030,.F.);
#8103 = ORIENTED_EDGE('',*,*,#8104,.F.);
#8104 = EDGE_CURVE('',#8080,#8031,#8105,.T.);
#8105 = SURFACE_CURVE('',#8106,(#8111,#8118),.PCURVE_S1.);
#8106 = CIRCLE('',#8107,2.25);
#8107 = AXIS2_PLACEMENT_3D('',#8108,#8109,#8110);
#8108 = CARTESIAN_POINT('',(6.661338147751E-16,73.,19.));
#8109 = DIRECTION('',(0.,1.,-0.));
#8110 = DIRECTION('',(-1.,0.,1.110223024625E-16));
#8111 = PCURVE('',#5004,#8112);
#8112 = DEFINITIONAL_REPRESENTATION('',(#8113),#8117);
#8113 = LINE('',#8114,#8115);
#8114 = CARTESIAN_POINT('',(0.,0.));
#8115 = VECTOR('',#8116,1.);
#8116 = DIRECTION('',(1.,0.));
#8117 = ( GEOMETRIC_REPRESENTATION_CONTEXT(2) 
PARAMETRIC_REPRESENTATION_CONTEXT() REPRESENTATION_CONTEXT('2D SPACE',''
  ) );
#8118 = PCURVE('',#8011,#8119);
#8119 = DEFINITIONAL_REPRESENTATION('',(#8120),#8128);
#8120 = ( BOUNDED_CURVE() B_SPLINE_CURVE(2,(#8121,#8122,#8123,#8124,
#8125,#8126,#8127),.UNSPECIFIED.,.T.,.F.) B_SPLINE_CURVE_WITH_KNOTS((1,2
    ,2,2,2,1),(-2.094395102393,0.,2.094395102393,4.188790204786,
6.28318530718,8.377580409573),.UNSPECIFIED.) CURVE() 
GEOMETRIC_REPRESENTATION_ITEM() RATIONAL_B_SPLINE_CURVE((1.,0.5,1.,0.5,
1.,0.5,1.)) REPRESENTATION_ITEM('') );
#8121 = CARTESIAN_POINT('',(-6.700054712492,-2.25));
#8122 = CARTESIAN_POINT('',(-10.59716902952,-2.25));
#8123 = CARTESIAN_POINT('',(-8.648611871007,1.125));
#8124 = CARTESIAN_POINT('',(-6.700054712492,4.5));
#8125 = CARTESIAN_POINT('',(-4.751497553977,1.125));
#8126 = CARTESIAN_POINT('',(-2.802940395462,-2.25));
#8127 = CARTESIAN_POINT('',(-6.700054712492,-2.25));
#8128 = ( GEOMETRIC_REPRESENTATION_CONTEXT(2) 
PARAMETRIC_REPRESENTATION_CONTEXT() REPRESENTATION_CONTEXT('2D SPACE',''
  ) );
#8129 = ADVANCED_FACE('',(#8130),#4971,.F.);
#8130 = FACE_BOUND('',#8131,.F.);
#8131 = EDGE_LOOP('',(#8132,#8133,#8134,#8135));
#8132 = ORIENTED_EDGE('',*,*,#7973,.T.);
#8133 = ORIENTED_EDGE('',*,*,#4955,.T.);
#8134 = ORIENTED_EDGE('',*,*,#8079,.F.);
#8135 = ORIENTED_EDGE('',*,*,#8136,.F.);
#8136 = EDGE_CURVE('',#7974,#8080,#8137,.T.);
#8137 = SURFACE_CURVE('',#8138,(#8142,#8149),.PCURVE_S1.);
#8138 = LINE('',#8139,#8140);
#8139 = CARTESIAN_POINT('',(-2.25,73.,7.));
#8140 = VECTOR('',#8141,1.);
#8141 = DIRECTION('',(1.110223024625E-16,0.,1.));
#8142 = PCURVE('',#4971,#8143);
#8143 = DEFINITIONAL_REPRESENTATION('',(#8144),#8148);
#8144 = LINE('',#8145,#8146);
#8145 = CARTESIAN_POINT('',(0.,0.));
#8146 = VECTOR('',#8147,1.);
#8147 = DIRECTION('',(1.,0.));
#8148 = ( GEOMETRIC_REPRESENTATION_CONTEXT(2) 
PARAMETRIC_REPRESENTATION_CONTEXT() REPRESENTATION_CONTEXT('2D SPACE',''
  ) );
#8149 = PCURVE('',#8011,#8150);
#8150 = DEFINITIONAL_REPRESENTATION('',(#8151),#8155);
#8151 = LINE('',#8152,#8153);
#8152 = CARTESIAN_POINT('',(5.299945287508,-2.25));
#8153 = VECTOR('',#8154,1.);
#8154 = DIRECTION('',(-1.,1.110223024625E-16));
#8155 = ( GEOMETRIC_REPRESENTATION_CONTEXT(2) 
PARAMETRIC_REPRESENTATION_CONTEXT() REPRESENTATION_CONTEXT('2D SPACE',''
  ) );
#8156 = ADVANCED_FACE('',(#8157),#5063,.T.);
#8157 = FACE_BOUND('',#8158,.F.);
#8158 = EDGE_LOOP('',(#8159,#8160,#8161,#8162,#8163));
#8159 = ORIENTED_EDGE('',*,*,#7925,.T.);
#8160 = ORIENTED_EDGE('',*,*,#5047,.T.);
#8161 = ORIENTED_EDGE('',*,*,#5954,.F.);
#8162 = ORIENTED_EDGE('',*,*,#5926,.F.);
#8163 = ORIENTED_EDGE('',*,*,#8164,.F.);
#8164 = EDGE_CURVE('',#7897,#5899,#8165,.T.);
#8165 = SURFACE_CURVE('',#8166,(#8170,#8177),.PCURVE_S1.);
#8166 = LINE('',#8167,#8168);
#8167 = CARTESIAN_POINT('',(-9.,67.8,16.));
#8168 = VECTOR('',#8169,1.);
#8169 = DIRECTION('',(0.,0.,-1.));
#8170 = PCURVE('',#5063,#8171);
#8171 = DEFINITIONAL_REPRESENTATION('',(#8172),#8176);
#8172 = LINE('',#8173,#8174);
#8173 = CARTESIAN_POINT('',(-0.,0.));
#8174 = VECTOR('',#8175,1.);
#8175 = DIRECTION('',(-0.,1.));
#8176 = ( GEOMETRIC_REPRESENTATION_CONTEXT(2) 
PARAMETRIC_REPRESENTATION_CONTEXT() REPRESENTATION_CONTEXT('2D SPACE',''
  ) );
#8177 = PCURVE('',#5914,#8178);
#8178 = DEFINITIONAL_REPRESENTATION('',(#8179),#8183);
#8179 = LINE('',#8180,#8181);
#8180 = CARTESIAN_POINT('',(0.,-5.2));
#8181 = VECTOR('',#8182,1.);
#8182 = DIRECTION('',(1.,0.));
#8183 = ( GEOMETRIC_REPRESENTATION_CONTEXT(2) 
PARAMETRIC_REPRESENTATION_CONTEXT() REPRESENTATION_CONTEXT('2D SPACE',''
  ) );
#8184 = ADVANCED_FACE('',(#8185),#5159,.T.);
#8185 = FACE_BOUND('',#8186,.F.);
#8186 = EDGE_LOOP('',(#8187,#8188,#8189,#8190,#8191));
#8187 = ORIENTED_EDGE('',*,*,#6658,.T.);
#8188 = ORIENTED_EDGE('',*,*,#6599,.T.);
#8189 = ORIENTED_EDGE('',*,*,#5143,.T.);
#8190 = ORIENTED_EDGE('',*,*,#7874,.F.);
#8191 = ORIENTED_EDGE('',*,*,#8192,.F.);
#8192 = EDGE_CURVE('',#6659,#7875,#8193,.T.);
#8193 = SURFACE_CURVE('',#8194,(#8198,#8205),.PCURVE_S1.);
#8194 = LINE('',#8195,#8196);
#8195 = CARTESIAN_POINT('',(9.,67.8,3.));
#8196 = VECTOR('',#8197,1.);
#8197 = DIRECTION('',(0.,0.,1.));
#8198 = PCURVE('',#5159,#8199);
#8199 = DEFINITIONAL_REPRESENTATION('',(#8200),#8204);
#8200 = LINE('',#8201,#8202);
#8201 = CARTESIAN_POINT('',(-0.,0.));
#8202 = VECTOR('',#8203,1.);
#8203 = DIRECTION('',(-0.,1.));
#8204 = ( GEOMETRIC_REPRESENTATION_CONTEXT(2) 
PARAMETRIC_REPRESENTATION_CONTEXT() REPRESENTATION_CONTEXT('2D SPACE',''
  ) );
#8205 = PCURVE('',#6700,#8206);
#8206 = DEFINITIONAL_REPRESENTATION('',(#8207),#8211);
#8207 = LINE('',#8208,#8209);
#8208 = CARTESIAN_POINT('',(0.,-5.2));
#8209 = VECTOR('',#8210,1.);
#8210 = DIRECTION('',(1.,0.));
#8211 = ( GEOMETRIC_REPRESENTATION_CONTEXT(2) 
PARAMETRIC_REPRESENTATION_CONTEXT() REPRESENTATION_CONTEXT('2D SPACE',''
  ) );
#8212 = ADVANCED_FACE('',(#8213),#5699,.F.);
#8213 = FACE_BOUND('',#8214,.F.);
#8214 = EDGE_LOOP('',(#8215,#8307,#8337,#8358,#8359,#8360));
#8215 = ORIENTED_EDGE('',*,*,#8216,.F.);
#8216 = EDGE_CURVE('',#8217,#5476,#8219,.T.);
#8217 = VERTEX_POINT('',#8218);
#8218 = CARTESIAN_POINT('',(-8.4,73.,16.));
#8219 = SURFACE_CURVE('',#8220,(#8247,#8277),.PCURVE_S1.);
#8220 = B_SPLINE_CURVE_WITH_KNOTS('',7,(#8221,#8222,#8223,#8224,#8225,
    #8226,#8227,#8228,#8229,#8230,#8231,#8232,#8233,#8234,#8235,#8236,
    #8237,#8238,#8239,#8240,#8241,#8242,#8243,#8244,#8245,#8246),
  .UNSPECIFIED.,.F.,.F.,(8,6,6,6,8),(0.,0.233818765934,0.476616824871,
    0.805172026346,1.),.UNSPECIFIED.);
#8221 = CARTESIAN_POINT('',(-8.4,73.,16.));
#8222 = CARTESIAN_POINT('',(-8.428770672574,73.,16.));
#8223 = CARTESIAN_POINT('',(-8.458206193394,73.,15.994691448948));
#8224 = CARTESIAN_POINT('',(-8.488165560788,73.,15.983633735847));
#8225 = CARTESIAN_POINT('',(-8.518474276817,73.,15.966440655722));
#8226 = CARTESIAN_POINT('',(-8.548924807382,73.,15.94283045168));
#8227 = CARTESIAN_POINT('',(-8.579284573462,73.,15.91266417926));
#8228 = CARTESIAN_POINT('',(-8.640491490256,73.,15.83787153997));
#8229 = CARTESIAN_POINT('',(-8.671314204079,73.,15.792732189449));
#8230 = CARTESIAN_POINT('',(-8.701508268305,73.,15.740586119334));
#8231 = CARTESIAN_POINT('',(-8.730794322172,73.,15.681654865113));
#8232 = CARTESIAN_POINT('',(-8.758905788621,73.,15.616357633138));
#8233 = CARTESIAN_POINT('',(-8.785605834435,73.,15.54528370275));
#8234 = CARTESIAN_POINT('',(-8.844658673975,73.,15.366076930764));
#8235 = CARTESIAN_POINT('',(-8.875676253917,73.,15.253724058408));
#8236 = CARTESIAN_POINT('',(-8.903278432615,73.,15.133778898331));
#8237 = CARTESIAN_POINT('',(-8.927128186185,73.,15.00830632063));
#8238 = CARTESIAN_POINT('',(-8.947072748681,73.,14.879469698923));
#8239 = CARTESIAN_POINT('',(-8.963122334495,73.,14.7492498428));
#8240 = CARTESIAN_POINT('',(-8.98269145117,73.,14.542330129429));
#8241 = CARTESIAN_POINT('',(-8.98865190006,73.,14.465421336851));
#8242 = CARTESIAN_POINT('',(-8.993315228724,73.,14.388988730564));
#8243 = CARTESIAN_POINT('',(-8.996723498228,73.,14.313357141662));
#8244 = CARTESIAN_POINT('',(-8.998930765526,73.,14.238813416144));
#8245 = CARTESIAN_POINT('',(-9.,73.,14.165603273051));
#8246 = CARTESIAN_POINT('',(-9.,73.,14.093928162592));
#8247 = PCURVE('',#5699,#8248);
#8248 = DEFINITIONAL_REPRESENTATION('',(#8249),#8276);
#8249 = B_SPLINE_CURVE_WITH_KNOTS('',7,(#8250,#8251,#8252,#8253,#8254,
    #8255,#8256,#8257,#8258,#8259,#8260,#8261,#8262,#8263,#8264,#8265,
    #8266,#8267,#8268,#8269,#8270,#8271,#8272,#8273,#8274,#8275),
  .UNSPECIFIED.,.F.,.F.,(8,6,6,6,8),(0.,0.233818765934,0.476616824871,
    0.805172026346,1.),.UNSPECIFIED.);
#8250 = CARTESIAN_POINT('',(-3.161915174132E-13,-0.6));
#8251 = CARTESIAN_POINT('',(-3.094391708001E-13,-0.571229327426));
#8252 = CARTESIAN_POINT('',(5.308551052115E-03,-0.541793806606));
#8253 = CARTESIAN_POINT('',(1.63662641533E-02,-0.511834439212));
#8254 = CARTESIAN_POINT('',(3.355934427772E-02,-0.481525723183));
#8255 = CARTESIAN_POINT('',(5.716954832046E-02,-0.451075192618));
#8256 = CARTESIAN_POINT('',(8.733582074016E-02,-0.420715426538));
#8257 = CARTESIAN_POINT('',(0.16212846003,-0.359508509744));
#8258 = CARTESIAN_POINT('',(0.207267810551,-0.328685795921));
#8259 = CARTESIAN_POINT('',(0.259413880666,-0.298491731695));
#8260 = CARTESIAN_POINT('',(0.318345134887,-0.269205677828));
#8261 = CARTESIAN_POINT('',(0.383642366862,-0.241094211379));
#8262 = CARTESIAN_POINT('',(0.45471629725,-0.214394165565));
#8263 = CARTESIAN_POINT('',(0.633923069236,-0.155341326025));
#8264 = CARTESIAN_POINT('',(0.746275941592,-0.124323746083));
#8265 = CARTESIAN_POINT('',(0.866221101669,-9.672156738451E-02));
#8266 = CARTESIAN_POINT('',(0.99169367937,-7.287181381542E-02));
#8267 = CARTESIAN_POINT('',(1.120530301077,-5.292725131875E-02));
#8268 = CARTESIAN_POINT('',(1.2507501572,-3.687766550515E-02));
#8269 = CARTESIAN_POINT('',(1.457669870571,-1.730854882989E-02));
#8270 = CARTESIAN_POINT('',(1.534578663149,-1.134809993967E-02));
#8271 = CARTESIAN_POINT('',(1.611011269436,-6.684771276085E-03));
#8272 = CARTESIAN_POINT('',(1.686642858338,-3.276501771832E-03));
#8273 = CARTESIAN_POINT('',(1.761186583856,-1.069234473566E-03));
#8274 = CARTESIAN_POINT('',(1.834396726949,-9.674800643162E-16));
#8275 = CARTESIAN_POINT('',(1.906071837408,-5.329070518201E-15));
#8276 = ( GEOMETRIC_REPRESENTATION_CONTEXT(2) 
PARAMETRIC_REPRESENTATION_CONTEXT() REPRESENTATION_CONTEXT('2D SPACE',''
  ) );
#8277 = PCURVE('',#5561,#8278);
#8278 = DEFINITIONAL_REPRESENTATION('',(#8279),#8306);
#8279 = B_SPLINE_CURVE_WITH_KNOTS('',7,(#8280,#8281,#8282,#8283,#8284,
    #8285,#8286,#8287,#8288,#8289,#8290,#8291,#8292,#8293,#8294,#8295,
    #8296,#8297,#8298,#8299,#8300,#8301,#8302,#8303,#8304,#8305),
  .UNSPECIFIED.,.F.,.F.,(8,6,6,6,8),(0.,0.233818765934,0.476616824871,
    0.805172026346,1.),.UNSPECIFIED.);
#8280 = CARTESIAN_POINT('',(0.,13.61845532117));
#8281 = CARTESIAN_POINT('',(0.461755010501,13.61845532117));
#8282 = CARTESIAN_POINT('',(0.923480550759,13.615471328017));
#8283 = CARTESIAN_POINT('',(1.385071149541,13.609255611433));
#8284 = CARTESIAN_POINT('',(1.846407547127,13.599588235332));
#8285 = CARTESIAN_POINT('',(2.307359319927,13.586303293052));
#8286 = CARTESIAN_POINT('',(2.767786090255,13.569309951096));
#8287 = CARTESIAN_POINT('',(3.704944282255,13.527111650589));
#8288 = CARTESIAN_POINT('',(4.181648732826,13.501615176671));
#8289 = CARTESIAN_POINT('',(4.657474177403,13.472117755619));
#8290 = CARTESIAN_POINT('',(5.13230280261,13.438719745556));
#8291 = CARTESIAN_POINT('',(5.606074964798,13.401629587326));
#8292 = CARTESIAN_POINT('',(6.07878342332,13.361151539432));
#8293 = CARTESIAN_POINT('',(7.188739888308,13.258794262129));
#8294 = CARTESIAN_POINT('',(7.825118172117,13.194407260354));
#8295 = CARTESIAN_POINT('',(8.45979909404,13.125397892923));
#8296 = CARTESIAN_POINT('',(9.093153604883,13.052884128983));
#8297 = CARTESIAN_POINT('',(9.725653488931,12.978069589373));
#8298 = CARTESIAN_POINT('',(10.357799615714,12.902087714958));
#8299 = CARTESIAN_POINT('',(11.365042277891,12.780785815605));
#8300 = CARTESIAN_POINT('',(11.74002737617,12.735574477082));
#8301 = CARTESIAN_POINT('',(12.115149364199,12.690516920502));
#8302 = CARTESIAN_POINT('',(12.49049098943,12.645807216709));
#8303 = CARTESIAN_POINT('',(12.866121652994,12.601620082879));
#8304 = CARTESIAN_POINT('',(13.242096468557,12.558108273986));
#8305 = CARTESIAN_POINT('',(13.61845532117,12.51539997428));
#8306 = ( GEOMETRIC_REPRESENTATION_CONTEXT(2) 
PARAMETRIC_REPRESENTATION_CONTEXT() REPRESENTATION_CONTEXT('2D SPACE',''
  ) );
#8307 = ORIENTED_EDGE('',*,*,#8308,.T.);
#8308 = EDGE_CURVE('',#8217,#8309,#8311,.T.);
#8309 = VERTEX_POINT('',#8310);
#8310 = CARTESIAN_POINT('',(-8.2,73.,16.));
#8311 = SURFACE_CURVE('',#8312,(#8316,#8323),.PCURVE_S1.);
#8312 = LINE('',#8313,#8314);
#8313 = CARTESIAN_POINT('',(-9.,73.,16.));
#8314 = VECTOR('',#8315,1.);
#8315 = DIRECTION('',(1.,0.,0.));
#8316 = PCURVE('',#5699,#8317);
#8317 = DEFINITIONAL_REPRESENTATION('',(#8318),#8322);
#8318 = LINE('',#8319,#8320);
#8319 = CARTESIAN_POINT('',(0.,0.));
#8320 = VECTOR('',#8321,1.);
#8321 = DIRECTION('',(0.,-1.));
#8322 = ( GEOMETRIC_REPRESENTATION_CONTEXT(2) 
PARAMETRIC_REPRESENTATION_CONTEXT() REPRESENTATION_CONTEXT('2D SPACE',''
  ) );
#8323 = PCURVE('',#8324,#8331);
#8324 = SURFACE_OF_LINEAR_EXTRUSION('',#8325,#8329);
#8325 = B_SPLINE_CURVE_WITH_KNOTS('',2,(#8326,#8327,#8328),
  .UNSPECIFIED.,.F.,.F.,(3,3),(0.,1.),.PIECEWISE_BEZIER_KNOTS.);
#8326 = CARTESIAN_POINT('',(-9.,80.,5.));
#8327 = CARTESIAN_POINT('',(-9.,76.5,5.));
#8328 = CARTESIAN_POINT('',(-9.,73.,16.));
#8329 = VECTOR('',#8330,1.);
#8330 = DIRECTION('',(-1.,-0.,-0.));
#8331 = DEFINITIONAL_REPRESENTATION('',(#8332),#8336);
#8332 = LINE('',#8333,#8334);
#8333 = CARTESIAN_POINT('',(1.,0.));
#8334 = VECTOR('',#8335,1.);
#8335 = DIRECTION('',(0.,-1.));
#8336 = ( GEOMETRIC_REPRESENTATION_CONTEXT(2) 
PARAMETRIC_REPRESENTATION_CONTEXT() REPRESENTATION_CONTEXT('2D SPACE',''
  ) );
#8337 = ORIENTED_EDGE('',*,*,#8338,.T.);
#8338 = EDGE_CURVE('',#8309,#5814,#8339,.T.);
#8339 = SURFACE_CURVE('',#8340,(#8344,#8351),.PCURVE_S1.);
#8340 = LINE('',#8341,#8342);
#8341 = CARTESIAN_POINT('',(-8.2,73.,16.));
#8342 = VECTOR('',#8343,1.);
#8343 = DIRECTION('',(0.,0.,-1.));
#8344 = PCURVE('',#5699,#8345);
#8345 = DEFINITIONAL_REPRESENTATION('',(#8346),#8350);
#8346 = LINE('',#8347,#8348);
#8347 = CARTESIAN_POINT('',(0.,-0.8));
#8348 = VECTOR('',#8349,1.);
#8349 = DIRECTION('',(1.,0.));
#8350 = ( GEOMETRIC_REPRESENTATION_CONTEXT(2) 
PARAMETRIC_REPRESENTATION_CONTEXT() REPRESENTATION_CONTEXT('2D SPACE',''
  ) );
#8351 = PCURVE('',#5834,#8352);
#8352 = DEFINITIONAL_REPRESENTATION('',(#8353),#8357);
#8353 = LINE('',#8354,#8355);
#8354 = CARTESIAN_POINT('',(1.570796326795,0.));
#8355 = VECTOR('',#8356,1.);
#8356 = DIRECTION('',(0.,1.));
#8357 = ( GEOMETRIC_REPRESENTATION_CONTEXT(2) 
PARAMETRIC_REPRESENTATION_CONTEXT() REPRESENTATION_CONTEXT('2D SPACE',''
  ) );
#8358 = ORIENTED_EDGE('',*,*,#5846,.F.);
#8359 = ORIENTED_EDGE('',*,*,#5786,.F.);
#8360 = ORIENTED_EDGE('',*,*,#5683,.F.);
#8361 = ADVANCED_FACE('',(#8362),#5561,.T.);
#8362 = FACE_BOUND('',#8363,.T.);
#8363 = EDGE_LOOP('',(#8364,#8433,#8601,#8602));
#8364 = ORIENTED_EDGE('',*,*,#8365,.F.);
#8365 = EDGE_CURVE('',#8366,#8217,#8368,.T.);
#8366 = VERTEX_POINT('',#8367);
#8367 = CARTESIAN_POINT('',(-8.4,80.,5.));
#8368 = SURFACE_CURVE('',#8369,(#8408,#8415),.PCURVE_S1.);
#8369 = B_SPLINE_CURVE_WITH_KNOTS('',13,(#8370,#8371,#8372,#8373,#8374,
    #8375,#8376,#8377,#8378,#8379,#8380,#8381,#8382,#8383,#8384,#8385,
    #8386,#8387,#8388,#8389,#8390,#8391,#8392,#8393,#8394,#8395,#8396,
    #8397,#8398,#8399,#8400,#8401,#8402,#8403,#8404,#8405,#8406,#8407),
  .UNSPECIFIED.,.F.,.F.,(14,12,12,14),(-0.794399493455,
    3.714808400532E-14,13.61845532117,14.083563821864),.UNSPECIFIED.);
#8370 = CARTESIAN_POINT('',(-8.4,80.794399493455,5.000000000001));
#8371 = CARTESIAN_POINT('',(-8.4,80.703594031963,5.000000000001));
#8372 = CARTESIAN_POINT('',(-8.4,80.617738205162,5.000000000001));
#8373 = CARTESIAN_POINT('',(-8.4,80.536832013054,5.000000000001));
#8374 = CARTESIAN_POINT('',(-8.4,80.460875455636,5.000000000001));
#8375 = CARTESIAN_POINT('',(-8.4,80.389868532911,5.000000000001));
#8376 = CARTESIAN_POINT('',(-8.4,80.323811244876,5.000000000001));
#8377 = CARTESIAN_POINT('',(-8.4,80.262703591534,5.000000000001));
#8378 = CARTESIAN_POINT('',(-8.4,80.206545572883,5.000000000001));
#8379 = CARTESIAN_POINT('',(-8.4,80.155337188923,5.));
#8380 = CARTESIAN_POINT('',(-8.4,80.109078439655,5.));
#8381 = CARTESIAN_POINT('',(-8.4,80.067769325078,5.));
#8382 = CARTESIAN_POINT('',(-8.4,80.031409845193,5.));
#8383 = CARTESIAN_POINT('',(-8.399999999998,79.461538461523,
    4.999999999998));
#8384 = CARTESIAN_POINT('',(-8.400000000008,78.923076923149,
    5.141025641034));
#8385 = CARTESIAN_POINT('',(-8.399999999978,78.384615384418,
    5.423076923055));
#8386 = CARTESIAN_POINT('',(-8.400000000043,77.846153846548,
    5.846153846195));
#8387 = CARTESIAN_POINT('',(-8.399999999934,77.307692307091,
    6.410256410195));
#8388 = CARTESIAN_POINT('',(-8.400000000078,76.769230769952,
    7.115384615458));
#8389 = CARTESIAN_POINT('',(-8.399999999925,76.230769230078,
    7.961538461468));
#8390 = CARTESIAN_POINT('',(-8.400000000058,75.692307692841,
    8.948717948774));
#8391 = CARTESIAN_POINT('',(-8.399999999964,75.153846153517,
    10.076923076887));
#8392 = CARTESIAN_POINT('',(-8.400000000018,74.615384615544,
    11.346153846172));
#8393 = CARTESIAN_POINT('',(-8.399999999994,74.076923076866,
    12.756410256403));
#8394 = CARTESIAN_POINT('',(-8.400000000001,73.538461538474,
    14.307692307694));
#8395 = CARTESIAN_POINT('',(-8.4,72.981610026032,16.057797061041));
#8396 = CARTESIAN_POINT('',(-8.4,72.963197037062,16.115666454946));
#8397 = CARTESIAN_POINT('',(-8.4,72.944761033089,16.173608181715));
#8398 = CARTESIAN_POINT('',(-8.4,72.926302014114,16.231622241349));
#8399 = CARTESIAN_POINT('',(-8.4,72.907819980137,16.289708633847));
#8400 = CARTESIAN_POINT('',(-8.4,72.889314931158,16.347867359209));
#8401 = CARTESIAN_POINT('',(-8.4,72.870786867177,16.406098417435));
#8402 = CARTESIAN_POINT('',(-8.4,72.852235788193,16.464401808525));
#8403 = CARTESIAN_POINT('',(-8.4,72.833661694207,16.52277753248));
#8404 = CARTESIAN_POINT('',(-8.4,72.815064585219,16.581225589299));
#8405 = CARTESIAN_POINT('',(-8.399999999999,72.796444461228,
    16.639745978982));
#8406 = CARTESIAN_POINT('',(-8.399999999999,72.777801322235,
    16.698338701529));
#8407 = CARTESIAN_POINT('',(-8.399999999999,72.75913516824,
    16.757003756941));
#8408 = PCURVE('',#5561,#8409);
#8409 = DEFINITIONAL_REPRESENTATION('',(#8410),#8414);
#8410 = LINE('',#8411,#8412);
#8411 = CARTESIAN_POINT('',(0.,0.));
#8412 = VECTOR('',#8413,1.);
#8413 = DIRECTION('',(0.,1.));
#8414 = ( GEOMETRIC_REPRESENTATION_CONTEXT(2) 
PARAMETRIC_REPRESENTATION_CONTEXT() REPRESENTATION_CONTEXT('2D SPACE',''
  ) );
#8415 = PCURVE('',#8324,#8416);
#8416 = DEFINITIONAL_REPRESENTATION('',(#8417),#8432);
#8417 = B_SPLINE_CURVE_WITH_KNOTS('',13,(#8418,#8419,#8420,#8421,#8422,
    #8423,#8424,#8425,#8426,#8427,#8428,#8429,#8430,#8431),
  .UNSPECIFIED.,.F.,.F.,(14,14),(3.714808400532E-14,13.61845532117),
  .PIECEWISE_BEZIER_KNOTS.);
#8418 = CARTESIAN_POINT('',(-8.881784197001E-16,-0.6));
#8419 = CARTESIAN_POINT('',(7.692307692303E-02,-0.6));
#8420 = CARTESIAN_POINT('',(0.153846153846,-0.6));
#8421 = CARTESIAN_POINT('',(0.230769230769,-0.599999999999));
#8422 = CARTESIAN_POINT('',(0.307692307693,-0.600000000002));
#8423 = CARTESIAN_POINT('',(0.384615384615,-0.599999999997));
#8424 = CARTESIAN_POINT('',(0.461538461539,-0.600000000004));
#8425 = CARTESIAN_POINT('',(0.538461538461,-0.599999999996));
#8426 = CARTESIAN_POINT('',(0.615384615385,-0.600000000003));
#8427 = CARTESIAN_POINT('',(0.692307692307,-0.599999999998));
#8428 = CARTESIAN_POINT('',(0.769230769231,-0.600000000001));
#8429 = CARTESIAN_POINT('',(0.846153846154,-0.6));
#8430 = CARTESIAN_POINT('',(0.923076923077,-0.6));
#8431 = CARTESIAN_POINT('',(1.,-0.6));
#8432 = ( GEOMETRIC_REPRESENTATION_CONTEXT(2) 
PARAMETRIC_REPRESENTATION_CONTEXT() REPRESENTATION_CONTEXT('2D SPACE',''
  ) );
#8433 = ORIENTED_EDGE('',*,*,#8434,.F.);
#8434 = EDGE_CURVE('',#5443,#8366,#8435,.T.);
#8435 = SURFACE_CURVE('',#8436,(#8489,#8545),.PCURVE_S1.);
#8436 = B_SPLINE_CURVE_WITH_KNOTS('',6,(#8437,#8438,#8439,#8440,#8441,
    #8442,#8443,#8444,#8445,#8446,#8447,#8448,#8449,#8450,#8451,#8452,
    #8453,#8454,#8455,#8456,#8457,#8458,#8459,#8460,#8461,#8462,#8463,
    #8464,#8465,#8466,#8467,#8468,#8469,#8470,#8471,#8472,#8473,#8474,
    #8475,#8476,#8477,#8478,#8479,#8480,#8481,#8482,#8483,#8484,#8485,
    #8486,#8487,#8488),.UNSPECIFIED.,.F.,.F.,(7,5,5,5,5,5,5,5,5,5,7),(0.
    ,0.142814618485,0.272620388156,0.492902724817,0.807154161136,
    0.914975693918,0.957437382681,0.979061754523,0.989471671332,
    0.995076685201,1.),.UNSPECIFIED.);
#8437 = CARTESIAN_POINT('',(-9.,79.33164452726,4.479228316426));
#8438 = CARTESIAN_POINT('',(-9.,79.344902455797,4.496927887827));
#8439 = CARTESIAN_POINT('',(-8.999176928336,79.358534225733,
    4.514916666677));
#8440 = CARTESIAN_POINT('',(-8.99747951077,79.372530871469,4.533147999)
  );
#8441 = CARTESIAN_POINT('',(-8.994860750966,79.386879566242,
    4.551566169525));
#8442 = CARTESIAN_POINT('',(-8.991281061943,79.401563576928,
    4.570107515405));
#8443 = CARTESIAN_POINT('',(-8.982557979534,79.43019464863,
    4.605601852301));
#8444 = CARTESIAN_POINT('',(-8.977586734181,79.444087013438,
    4.622545707198));
#8445 = CARTESIAN_POINT('',(-8.971775771301,79.45822383346,
    4.639480343215));
#8446 = CARTESIAN_POINT('',(-8.965110547145,79.472586973901,
    4.656348462558));
#8447 = CARTESIAN_POINT('',(-8.95758523316,79.487155998398,
    4.673090076766));
#8448 = CARTESIAN_POINT('',(-8.934981150327,79.526943776846,
    4.71773720633));
#8449 = CARTESIAN_POINT('',(-8.918293409535,79.552507626624,
    4.745290706258));
#8450 = CARTESIAN_POINT('',(-8.899161299491,79.578490691778,
    4.772007902102));
#8451 = CARTESIAN_POINT('',(-8.877686548577,79.604768370691,
    4.797585837493));
#8452 = CARTESIAN_POINT('',(-8.854062159726,79.631209550619,
    4.821751687991));
#8453 = CARTESIAN_POINT('',(-8.792135728719,79.695460259531,
    4.876440025381));
#8454 = CARTESIAN_POINT('',(-8.751872003968,79.73330764217,
    4.905276592348));
#8455 = CARTESIAN_POINT('',(-8.708484345795,79.770862298834,
    4.930168983834));
#8456 = CARTESIAN_POINT('',(-8.662973672267,79.807773962152,
    4.950719186228));
#8457 = CARTESIAN_POINT('',(-8.616378839846,79.843768886816,
    4.966876577546));
#8458 = CARTESIAN_POINT('',(-8.553535563483,79.890615165471,
    4.982896443283));
#8459 = CARTESIAN_POINT('',(-8.537458872855,79.90245098802,
    4.986490785325));
#8460 = CARTESIAN_POINT('',(-8.521395652835,79.914147370865,
    4.989594043838));
#8461 = CARTESIAN_POINT('',(-8.505379895088,79.925697268148,
    4.992215715866));
#8462 = CARTESIAN_POINT('',(-8.489443182258,79.93709463634,
    4.994367832766));
#8463 = CARTESIAN_POINT('',(-8.467381196567,79.952760830237,4.9967333137
    ));
#8464 = CARTESIAN_POINT('',(-8.461164475364,79.957162787404,
    4.997331085546));
#8465 = CARTESIAN_POINT('',(-8.454966292398,79.961539996779,
    4.997859148819));
#8466 = CARTESIAN_POINT('',(-8.448788346261,79.965892171892,
    4.998318419044));
#8467 = CARTESIAN_POINT('',(-8.442632266106,79.970219048775,
    4.998709854199));
#8468 = CARTESIAN_POINT('',(-8.433376448052,79.976710918587,
    4.999199763324));
#8469 = CARTESIAN_POINT('',(-8.430259359893,79.978894827363,
    4.999347737806));
#8470 = CARTESIAN_POINT('',(-8.427148553051,79.98107208036,
    4.999478509995));
#8471 = CARTESIAN_POINT('',(-8.424044228581,79.983242647097,
    4.999592214041));
#8472 = CARTESIAN_POINT('',(-8.420946582709,79.985406498546,
    4.99968898642));
#8473 = CARTESIAN_POINT('',(-8.416367915299,79.988602033629,
    4.999807467858));
#8474 = CARTESIAN_POINT('',(-8.414881615841,79.989638897516,
    4.99984207814));
#8475 = CARTESIAN_POINT('',(-8.413396929808,79.990674195708,
    4.999872812251));
#8476 = CARTESIAN_POINT('',(-8.411913878289,79.991707925201,
    4.999899685776));
#8477 = CARTESIAN_POINT('',(-8.410432482111,79.992740083071,
    4.999922714413));
#8478 = CARTESIAN_POINT('',(-8.408156035718,79.994325563717,
    4.99995225159));
#8479 = CARTESIAN_POINT('',(-8.407359805506,79.994879997516,
    4.999961479003));
#8480 = CARTESIAN_POINT('',(-8.40656407442,79.995433967418,
    4.999969598727));
#8481 = CARTESIAN_POINT('',(-8.405768845652,79.995987472988,
    4.99997661329));
#8482 = CARTESIAN_POINT('',(-8.404974122372,79.996540513795,
    4.999982525228));
#8483 = CARTESIAN_POINT('',(-8.403482287918,79.997578459086,
    4.999991563715));
#8484 = CARTESIAN_POINT('',(-8.402785052613,79.998063475364,
    4.999994941627));
#8485 = CARTESIAN_POINT('',(-8.402088204232,79.998548137754,
    4.999997472515));
#8486 = CARTESIAN_POINT('',(-8.401391744872,79.999032445986,
    4.999999158073));
#8487 = CARTESIAN_POINT('',(-8.400695676309,79.99951640001,
    4.999999999999));
#8488 = CARTESIAN_POINT('',(-8.400000000001,80.,5.));
#8489 = PCURVE('',#5561,#8490);
#8490 = DEFINITIONAL_REPRESENTATION('',(#8491),#8544);
#8491 = B_SPLINE_CURVE_WITH_KNOTS('',6,(#8492,#8493,#8494,#8495,#8496,
    #8497,#8498,#8499,#8500,#8501,#8502,#8503,#8504,#8505,#8506,#8507,
    #8508,#8509,#8510,#8511,#8512,#8513,#8514,#8515,#8516,#8517,#8518,
    #8519,#8520,#8521,#8522,#8523,#8524,#8525,#8526,#8527,#8528,#8529,
    #8530,#8531,#8532,#8533,#8534,#8535,#8536,#8537,#8538,#8539,#8540,
    #8541,#8542,#8543),.UNSPECIFIED.,.F.,.F.,(7,5,5,5,5,5,5,5,5,5,7),(0.
    ,0.142814618485,0.272620388156,0.492902724817,0.807154161136,
    0.914975693918,0.957437382681,0.979061754523,0.989471671332,
    0.995076685201,1.),.UNSPECIFIED.);
#8492 = CARTESIAN_POINT('',(13.61845532117,1.030264165963));
#8493 = CARTESIAN_POINT('',(13.292869748901,1.016912625129));
#8494 = CARTESIAN_POINT('',(12.96734629707,1.002891135635));
#8495 = CARTESIAN_POINT('',(12.641891394984,0.988168055833));
#8496 = CARTESIAN_POINT('',(12.31651188535,0.972712596373));
#8497 = CARTESIAN_POINT('',(11.991214937022,0.956496969631));
#8498 = CARTESIAN_POINT('',(11.370423775279,0.924048479647));
#8499 = CARTESIAN_POINT('',(11.074913691854,0.907951730209));
#8500 = CARTESIAN_POINT('',(10.779483435709,0.891191373299));
#8501 = CARTESIAN_POINT('',(10.484138152296,0.873754077113));
#8502 = CARTESIAN_POINT('',(10.18888237491,0.855631868231));
#8503 = CARTESIAN_POINT('',(9.392825013305,0.804906507507));
#8504 = CARTESIAN_POINT('',(8.892196290723,0.771014020746));
#8505 = CARTESIAN_POINT('',(8.39185652965,0.735142835821));
#8506 = CARTESIAN_POINT('',(7.891810582994,0.697346385197));
#8507 = CARTESIAN_POINT('',(7.392045074759,0.657764433995));
#8508 = CARTESIAN_POINT('',(6.179937875805,0.557918472217));
#8509 = CARTESIAN_POINT('',(5.467859866683,0.496035352145));
#8510 = CARTESIAN_POINT('',(4.756202027661,0.431602262187));
#8511 = CARTESIAN_POINT('',(4.044782085617,0.365598493904));
#8512 = CARTESIAN_POINT('',(3.333382464524,0.299223603258));
#8513 = CARTESIAN_POINT('',(2.377654685691,0.210987948201));
#8514 = CARTESIAN_POINT('',(2.133486510502,0.188527470541));
#8515 = CARTESIAN_POINT('',(1.889289791543,0.166190312769));
#8516 = CARTESIAN_POINT('',(1.645057494722,0.144017078178));
#8517 = CARTESIAN_POINT('',(1.400783358391,0.122045599556));
#8518 = CARTESIAN_POINT('',(1.060244544736,9.175151362032E-02));
#8519 = CARTESIAN_POINT('',(0.964019862867,8.322878694467E-02));
#8520 = CARTESIAN_POINT('',(0.867787518963,7.474487092185E-02));
#8521 = CARTESIAN_POINT('',(0.771547207733,6.630178436382E-02));
#8522 = CARTESIAN_POINT('',(0.675298647369,5.790145313022E-02));
#8523 = CARTESIAN_POINT('',(0.530020952062,4.529039907151E-02));
#8524 = CARTESIAN_POINT('',(0.48099811817,4.104665185497E-02));
#8525 = CARTESIAN_POINT('',(0.431973043786,3.681471025302E-02));
#8526 = CARTESIAN_POINT('',(0.382945696453,3.25948093519E-02));
#8527 = CARTESIAN_POINT('',(0.333916045329,2.83871775498E-02));
#8528 = CARTESIAN_POINT('',(0.261280190539,2.217250650697E-02));
#8529 = CARTESIAN_POINT('',(0.237675779225,2.015587111504E-02));
#8530 = CARTESIAN_POINT('',(0.21407082399,1.814215510935E-02));
#8531 = CARTESIAN_POINT('',(0.190465321662,1.61313828512E-02));
#8532 = CARTESIAN_POINT('',(0.166859269154,1.412357833484E-02));
#8533 = CARTESIAN_POINT('',(0.130542153415,1.103931319009E-02));
#8534 = CARTESIAN_POINT('',(0.117831643363,9.960742031227E-03));
#8535 = CARTESIAN_POINT('',(0.105121133311,8.883055397162E-03));
#8536 = CARTESIAN_POINT('',(9.241062325845E-02,7.806256941614E-03));
#8537 = CARTESIAN_POINT('',(7.970011320623E-02,6.73035028578E-03));
#8538 = CARTESIAN_POINT('',(5.582498452501E-02,4.71107393585E-03));
#8539 = CARTESIAN_POINT('',(4.466023898412E-02,3.767511163443E-03));
#8540 = CARTESIAN_POINT('',(3.349537084251E-02,2.824596831435E-03));
#8541 = CARTESIAN_POINT('',(2.233037948358E-02,1.882336976516E-03));
#8542 = CARTESIAN_POINT('',(1.116525936304E-02,9.407975417446E-04));
#8543 = CARTESIAN_POINT('',(8.920209806054E-12,1.043765542027E-07));
#8544 = ( GEOMETRIC_REPRESENTATION_CONTEXT(2) 
PARAMETRIC_REPRESENTATION_CONTEXT() REPRESENTATION_CONTEXT('2D SPACE',''
  ) );
#8545 = PCURVE('',#5460,#8546);
#8546 = DEFINITIONAL_REPRESENTATION('',(#8547),#8600);
#8547 = B_SPLINE_CURVE_WITH_KNOTS('',6,(#8548,#8549,#8550,#8551,#8552,
    #8553,#8554,#8555,#8556,#8557,#8558,#8559,#8560,#8561,#8562,#8563,
    #8564,#8565,#8566,#8567,#8568,#8569,#8570,#8571,#8572,#8573,#8574,
    #8575,#8576,#8577,#8578,#8579,#8580,#8581,#8582,#8583,#8584,#8585,
    #8586,#8587,#8588,#8589,#8590,#8591,#8592,#8593,#8594,#8595,#8596,
    #8597,#8598,#8599),.UNSPECIFIED.,.F.,.F.,(7,5,5,5,5,5,5,5,5,5,7),(0.
    ,0.142814618485,0.272620388156,0.492902724817,0.807154161136,
    0.914975693918,0.957437382681,0.979061754523,0.989471671332,
    0.995076685201,1.),.UNSPECIFIED.);
#8548 = CARTESIAN_POINT('',(0.66582226363,-1.076916333886E-14));
#8549 = CARTESIAN_POINT('',(0.672451227899,-1.261953504657E-14));
#8550 = CARTESIAN_POINT('',(0.679267112866,-8.230716636403E-04));
#8551 = CARTESIAN_POINT('',(0.686265435734,-2.520489229876E-03));
#8552 = CARTESIAN_POINT('',(0.693439783121,-5.139249034351E-03));
#8553 = CARTESIAN_POINT('',(0.700781788464,-8.718938057253E-03));
#8554 = CARTESIAN_POINT('',(0.715097324315,-1.744202046643E-02));
#8555 = CARTESIAN_POINT('',(0.722043506719,-2.241326581925E-02));
#8556 = CARTESIAN_POINT('',(0.72911191673,-2.822422869882E-02));
#8557 = CARTESIAN_POINT('',(0.73629348695,-3.488945285464E-02));
#8558 = CARTESIAN_POINT('',(0.743577999199,-4.241476683957E-02));
#8559 = CARTESIAN_POINT('',(0.763471888423,-6.501884967306E-02));
#8560 = CARTESIAN_POINT('',(0.776253813312,-8.170659046489E-02));
#8561 = CARTESIAN_POINT('',(0.789245345889,-0.100838700509));
#8562 = CARTESIAN_POINT('',(0.802384185345,-0.122313451423));
#8563 = CARTESIAN_POINT('',(0.81560477531,-0.145937840274));
#8564 = CARTESIAN_POINT('',(0.847730129766,-0.207864271281));
#8565 = CARTESIAN_POINT('',(0.866653821085,-0.248127996032));
#8566 = CARTESIAN_POINT('',(0.885431149417,-0.291515654205));
#8567 = CARTESIAN_POINT('',(0.903886981076,-0.337026327733));
#8568 = CARTESIAN_POINT('',(0.921884443408,-0.383621160154));
#8569 = CARTESIAN_POINT('',(0.945307582736,-0.446464436517));
#8570 = CARTESIAN_POINT('',(0.95122549401,-0.462541127145));
#8571 = CARTESIAN_POINT('',(0.957073685433,-0.478604347165));
#8572 = CARTESIAN_POINT('',(0.962848634074,-0.494620104912));
#8573 = CARTESIAN_POINT('',(0.96854731817,-0.510556817742));
#8574 = CARTESIAN_POINT('',(0.976380415118,-0.532618803433));
#8575 = CARTESIAN_POINT('',(0.978581393702,-0.538835524636));
#8576 = CARTESIAN_POINT('',(0.980769998389,-0.545033707602));
#8577 = CARTESIAN_POINT('',(0.982946085946,-0.551211653739));
#8578 = CARTESIAN_POINT('',(0.985109524388,-0.557367733894));
#8579 = CARTESIAN_POINT('',(0.988355459294,-0.566623551948));
#8580 = CARTESIAN_POINT('',(0.989447413682,-0.569740640107));
#8581 = CARTESIAN_POINT('',(0.99053604018,-0.572851446949));
#8582 = CARTESIAN_POINT('',(0.991621323549,-0.575955771419));
#8583 = CARTESIAN_POINT('',(0.992703249273,-0.579053417291));
#8584 = CARTESIAN_POINT('',(0.994301016815,-0.583632084701));
#8585 = CARTESIAN_POINT('',(0.994819448758,-0.585118384159));
#8586 = CARTESIAN_POINT('',(0.995337097854,-0.586603070192));
#8587 = CARTESIAN_POINT('',(0.995853962601,-0.588086121711));
#8588 = CARTESIAN_POINT('',(0.996370041535,-0.589567517889));
#8589 = CARTESIAN_POINT('',(0.997162781859,-0.591843964282));
#8590 = CARTESIAN_POINT('',(0.997439998758,-0.592640194494));
#8591 = CARTESIAN_POINT('',(0.997716983709,-0.59343592558));
#8592 = CARTESIAN_POINT('',(0.997993736494,-0.594231154348));
#8593 = CARTESIAN_POINT('',(0.998270256897,-0.595025877628));
#8594 = CARTESIAN_POINT('',(0.998789229543,-0.596517712082));
#8595 = CARTESIAN_POINT('',(0.999031737682,-0.597214947387));
#8596 = CARTESIAN_POINT('',(0.999274068877,-0.597911795768));
#8597 = CARTESIAN_POINT('',(0.999516222993,-0.598608255128));
#8598 = CARTESIAN_POINT('',(0.999758200005,-0.599304323691));
#8599 = CARTESIAN_POINT('',(1.,-0.599999999999));
#8600 = ( GEOMETRIC_REPRESENTATION_CONTEXT(2) 
PARAMETRIC_REPRESENTATION_CONTEXT() REPRESENTATION_CONTEXT('2D SPACE',''
  ) );
#8601 = ORIENTED_EDGE('',*,*,#5475,.T.);
#8602 = ORIENTED_EDGE('',*,*,#8216,.F.);
#8603 = ADVANCED_FACE('',(#8604),#5460,.T.);
#8604 = FACE_BOUND('',#8605,.T.);
#8605 = EDGE_LOOP('',(#8606,#8607,#8608));
#8606 = ORIENTED_EDGE('',*,*,#5442,.F.);
#8607 = ORIENTED_EDGE('',*,*,#8434,.T.);
#8608 = ORIENTED_EDGE('',*,*,#8609,.F.);
#8609 = EDGE_CURVE('',#5415,#8366,#8610,.T.);
#8610 = SURFACE_CURVE('',#8611,(#8615,#8622),.PCURVE_S1.);
#8611 = LINE('',#8612,#8613);
#8612 = CARTESIAN_POINT('',(-9.,80.,5.));
#8613 = VECTOR('',#8614,1.);
#8614 = DIRECTION('',(1.,0.,0.));
#8615 = PCURVE('',#5460,#8616);
#8616 = DEFINITIONAL_REPRESENTATION('',(#8617),#8621);
#8617 = LINE('',#8618,#8619);
#8618 = CARTESIAN_POINT('',(1.,0.));
#8619 = VECTOR('',#8620,1.);
#8620 = DIRECTION('',(0.,-1.));
#8621 = ( GEOMETRIC_REPRESENTATION_CONTEXT(2) 
PARAMETRIC_REPRESENTATION_CONTEXT() REPRESENTATION_CONTEXT('2D SPACE',''
  ) );
#8622 = PCURVE('',#5430,#8623);
#8623 = DEFINITIONAL_REPRESENTATION('',(#8624),#8628);
#8624 = LINE('',#8625,#8626);
#8625 = CARTESIAN_POINT('',(0.6,0.));
#8626 = VECTOR('',#8627,1.);
#8627 = DIRECTION('',(0.,1.));
#8628 = ( GEOMETRIC_REPRESENTATION_CONTEXT(2) 
PARAMETRIC_REPRESENTATION_CONTEXT() REPRESENTATION_CONTEXT('2D SPACE',''
  ) );
#8629 = ADVANCED_FACE('',(#8630),#5430,.T.);
#8630 = FACE_BOUND('',#8631,.T.);
#8631 = EDGE_LOOP('',(#8632,#8654,#8655));
#8632 = ORIENTED_EDGE('',*,*,#8633,.F.);
#8633 = EDGE_CURVE('',#5387,#8366,#8634,.T.);
#8634 = SURFACE_CURVE('',#8635,(#8640,#8647),.PCURVE_S1.);
#8635 = CIRCLE('',#8636,0.6);
#8636 = AXIS2_PLACEMENT_3D('',#8637,#8638,#8639);
#8637 = CARTESIAN_POINT('',(-8.4,80.,4.4));
#8638 = DIRECTION('',(0.,1.,0.));
#8639 = DIRECTION('',(0.,-0.,1.));
#8640 = PCURVE('',#5430,#8641);
#8641 = DEFINITIONAL_REPRESENTATION('',(#8642),#8646);
#8642 = CIRCLE('',#8643,0.6);
#8643 = AXIS2_PLACEMENT_2D('',#8644,#8645);
#8644 = CARTESIAN_POINT('',(0.,0.6));
#8645 = DIRECTION('',(1.,0.));
#8646 = ( GEOMETRIC_REPRESENTATION_CONTEXT(2) 
PARAMETRIC_REPRESENTATION_CONTEXT() REPRESENTATION_CONTEXT('2D SPACE',''
  ) );
#8647 = PCURVE('',#5402,#8648);
#8648 = DEFINITIONAL_REPRESENTATION('',(#8649),#8653);
#8649 = LINE('',#8650,#8651);
#8650 = CARTESIAN_POINT('',(0.,0.));
#8651 = VECTOR('',#8652,1.);
#8652 = DIRECTION('',(1.,0.));
#8653 = ( GEOMETRIC_REPRESENTATION_CONTEXT(2) 
PARAMETRIC_REPRESENTATION_CONTEXT() REPRESENTATION_CONTEXT('2D SPACE',''
  ) );
#8654 = ORIENTED_EDGE('',*,*,#5414,.T.);
#8655 = ORIENTED_EDGE('',*,*,#8609,.T.);
#8656 = ADVANCED_FACE('',(#8657),#5402,.T.);
#8657 = FACE_BOUND('',#8658,.T.);
#8658 = EDGE_LOOP('',(#8659,#8686,#8712,#8713));
#8659 = ORIENTED_EDGE('',*,*,#8660,.T.);
#8660 = EDGE_CURVE('',#8366,#8661,#8663,.T.);
#8661 = VERTEX_POINT('',#8662);
#8662 = CARTESIAN_POINT('',(-8.4,86.,5.));
#8663 = SURFACE_CURVE('',#8664,(#8668,#8674),.PCURVE_S1.);
#8664 = LINE('',#8665,#8666);
#8665 = CARTESIAN_POINT('',(-8.4,80.,5.));
#8666 = VECTOR('',#8667,1.);
#8667 = DIRECTION('',(0.,1.,0.));
#8668 = PCURVE('',#5402,#8669);
#8669 = DEFINITIONAL_REPRESENTATION('',(#8670),#8673);
#8670 = B_SPLINE_CURVE_WITH_KNOTS('',1,(#8671,#8672),.UNSPECIFIED.,.F.,
  .F.,(2,2),(0.,6.),.PIECEWISE_BEZIER_KNOTS.);
#8671 = CARTESIAN_POINT('',(6.28318530718,0.));
#8672 = CARTESIAN_POINT('',(6.28318530718,6.));
#8673 = ( GEOMETRIC_REPRESENTATION_CONTEXT(2) 
PARAMETRIC_REPRESENTATION_CONTEXT() REPRESENTATION_CONTEXT('2D SPACE',''
  ) );
#8674 = PCURVE('',#8675,#8680);
#8675 = PLANE('',#8676);
#8676 = AXIS2_PLACEMENT_3D('',#8677,#8678,#8679);
#8677 = CARTESIAN_POINT('',(-9.,80.,5.));
#8678 = DIRECTION('',(0.,0.,1.));
#8679 = DIRECTION('',(0.,1.,0.));
#8680 = DEFINITIONAL_REPRESENTATION('',(#8681),#8685);
#8681 = LINE('',#8682,#8683);
#8682 = CARTESIAN_POINT('',(0.,-0.6));
#8683 = VECTOR('',#8684,1.);
#8684 = DIRECTION('',(1.,0.));
#8685 = ( GEOMETRIC_REPRESENTATION_CONTEXT(2) 
PARAMETRIC_REPRESENTATION_CONTEXT() REPRESENTATION_CONTEXT('2D SPACE',''
  ) );
#8686 = ORIENTED_EDGE('',*,*,#8687,.F.);
#8687 = EDGE_CURVE('',#5359,#8661,#8688,.T.);
#8688 = SURFACE_CURVE('',#8689,(#8694,#8701),.PCURVE_S1.);
#8689 = CIRCLE('',#8690,0.6);
#8690 = AXIS2_PLACEMENT_3D('',#8691,#8692,#8693);
#8691 = CARTESIAN_POINT('',(-8.4,86.,4.4));
#8692 = DIRECTION('',(0.,1.,0.));
#8693 = DIRECTION('',(0.,-0.,1.));
#8694 = PCURVE('',#5402,#8695);
#8695 = DEFINITIONAL_REPRESENTATION('',(#8696),#8700);
#8696 = LINE('',#8697,#8698);
#8697 = CARTESIAN_POINT('',(0.,6.));
#8698 = VECTOR('',#8699,1.);
#8699 = DIRECTION('',(1.,0.));
#8700 = ( GEOMETRIC_REPRESENTATION_CONTEXT(2) 
PARAMETRIC_REPRESENTATION_CONTEXT() REPRESENTATION_CONTEXT('2D SPACE',''
  ) );
#8701 = PCURVE('',#8702,#8707);
#8702 = TOROIDAL_SURFACE('',#8703,3.4,0.6);
#8703 = AXIS2_PLACEMENT_3D('',#8704,#8705,#8706);
#8704 = CARTESIAN_POINT('',(-5.,86.,4.4));
#8705 = DIRECTION('',(0.,0.,1.));
#8706 = DIRECTION('',(1.,0.,-0.));
#8707 = DEFINITIONAL_REPRESENTATION('',(#8708),#8711);
#8708 = B_SPLINE_CURVE_WITH_KNOTS('',1,(#8709,#8710),.UNSPECIFIED.,.F.,
  .F.,(2,2),(4.712388980385,6.28318530718),.PIECEWISE_BEZIER_KNOTS.);
#8709 = CARTESIAN_POINT('',(3.14159265359,0.));
#8710 = CARTESIAN_POINT('',(3.14159265359,1.570796326795));
#8711 = ( GEOMETRIC_REPRESENTATION_CONTEXT(2) 
PARAMETRIC_REPRESENTATION_CONTEXT() REPRESENTATION_CONTEXT('2D SPACE',''
  ) );
#8712 = ORIENTED_EDGE('',*,*,#5386,.F.);
#8713 = ORIENTED_EDGE('',*,*,#8633,.T.);
#8714 = ADVANCED_FACE('',(#8715),#5374,.T.);
#8715 = FACE_BOUND('',#8716,.F.);
#8716 = EDGE_LOOP('',(#8717,#8718,#8747,#8775));
#8717 = ORIENTED_EDGE('',*,*,#5358,.T.);
#8718 = ORIENTED_EDGE('',*,*,#8719,.T.);
#8719 = EDGE_CURVE('',#5331,#8720,#8722,.T.);
#8720 = VERTEX_POINT('',#8721);
#8721 = CARTESIAN_POINT('',(-5.,90.,0.2));
#8722 = SURFACE_CURVE('',#8723,(#8728,#8735),.PCURVE_S1.);
#8723 = CIRCLE('',#8724,4.);
#8724 = AXIS2_PLACEMENT_3D('',#8725,#8726,#8727);
#8725 = CARTESIAN_POINT('',(-5.,86.,0.2));
#8726 = DIRECTION('',(-0.,0.,-1.));
#8727 = DIRECTION('',(-1.,0.,0.));
#8728 = PCURVE('',#5374,#8729);
#8729 = DEFINITIONAL_REPRESENTATION('',(#8730),#8734);
#8730 = LINE('',#8731,#8732);
#8731 = CARTESIAN_POINT('',(-0.,0.2));
#8732 = VECTOR('',#8733,1.);
#8733 = DIRECTION('',(-1.,0.));
#8734 = ( GEOMETRIC_REPRESENTATION_CONTEXT(2) 
PARAMETRIC_REPRESENTATION_CONTEXT() REPRESENTATION_CONTEXT('2D SPACE',''
  ) );
#8735 = PCURVE('',#8736,#8741);
#8736 = TOROIDAL_SURFACE('',#8737,3.8,0.2);
#8737 = AXIS2_PLACEMENT_3D('',#8738,#8739,#8740);
#8738 = CARTESIAN_POINT('',(-5.,86.,0.2));
#8739 = DIRECTION('',(-0.,-0.,-1.));
#8740 = DIRECTION('',(-1.,0.,0.));
#8741 = DEFINITIONAL_REPRESENTATION('',(#8742),#8746);
#8742 = LINE('',#8743,#8744);
#8743 = CARTESIAN_POINT('',(0.,0.));
#8744 = VECTOR('',#8745,1.);
#8745 = DIRECTION('',(1.,0.));
#8746 = ( GEOMETRIC_REPRESENTATION_CONTEXT(2) 
PARAMETRIC_REPRESENTATION_CONTEXT() REPRESENTATION_CONTEXT('2D SPACE',''
  ) );
#8747 = ORIENTED_EDGE('',*,*,#8748,.F.);
#8748 = EDGE_CURVE('',#8749,#8720,#8751,.T.);
#8749 = VERTEX_POINT('',#8750);
#8750 = CARTESIAN_POINT('',(-5.,90.,4.4));
#8751 = SURFACE_CURVE('',#8752,(#8756,#8763),.PCURVE_S1.);
#8752 = LINE('',#8753,#8754);
#8753 = CARTESIAN_POINT('',(-5.,90.,5.));
#8754 = VECTOR('',#8755,1.);
#8755 = DIRECTION('',(0.,0.,-1.));
#8756 = PCURVE('',#5374,#8757);
#8757 = DEFINITIONAL_REPRESENTATION('',(#8758),#8762);
#8758 = LINE('',#8759,#8760);
#8759 = CARTESIAN_POINT('',(-1.570796326795,5.));
#8760 = VECTOR('',#8761,1.);
#8761 = DIRECTION('',(-0.,-1.));
#8762 = ( GEOMETRIC_REPRESENTATION_CONTEXT(2) 
PARAMETRIC_REPRESENTATION_CONTEXT() REPRESENTATION_CONTEXT('2D SPACE',''
  ) );
#8763 = PCURVE('',#8764,#8769);
#8764 = PLANE('',#8765);
#8765 = AXIS2_PLACEMENT_3D('',#8766,#8767,#8768);
#8766 = CARTESIAN_POINT('',(-9.,90.,0.));
#8767 = DIRECTION('',(0.,1.,0.));
#8768 = DIRECTION('',(0.,0.,1.));
#8769 = DEFINITIONAL_REPRESENTATION('',(#8770),#8774);
#8770 = LINE('',#8771,#8772);
#8771 = CARTESIAN_POINT('',(5.,4.));
#8772 = VECTOR('',#8773,1.);
#8773 = DIRECTION('',(-1.,0.));
#8774 = ( GEOMETRIC_REPRESENTATION_CONTEXT(2) 
PARAMETRIC_REPRESENTATION_CONTEXT() REPRESENTATION_CONTEXT('2D SPACE',''
  ) );
#8775 = ORIENTED_EDGE('',*,*,#8776,.T.);
#8776 = EDGE_CURVE('',#8749,#5359,#8777,.T.);
#8777 = SURFACE_CURVE('',#8778,(#8783,#8790),.PCURVE_S1.);
#8778 = CIRCLE('',#8779,4.);
#8779 = AXIS2_PLACEMENT_3D('',#8780,#8781,#8782);
#8780 = CARTESIAN_POINT('',(-5.,86.,4.4));
#8781 = DIRECTION('',(0.,0.,1.));
#8782 = DIRECTION('',(1.,0.,-0.));
#8783 = PCURVE('',#5374,#8784);
#8784 = DEFINITIONAL_REPRESENTATION('',(#8785),#8789);
#8785 = LINE('',#8786,#8787);
#8786 = CARTESIAN_POINT('',(-3.14159265359,4.4));
#8787 = VECTOR('',#8788,1.);
#8788 = DIRECTION('',(1.,-0.));
#8789 = ( GEOMETRIC_REPRESENTATION_CONTEXT(2) 
PARAMETRIC_REPRESENTATION_CONTEXT() REPRESENTATION_CONTEXT('2D SPACE',''
  ) );
#8790 = PCURVE('',#8702,#8791);
#8791 = DEFINITIONAL_REPRESENTATION('',(#8792),#8795);
#8792 = B_SPLINE_CURVE_WITH_KNOTS('',1,(#8793,#8794),.UNSPECIFIED.,.F.,
  .F.,(2,2),(0.,6.28318530718),.PIECEWISE_BEZIER_KNOTS.);
#8793 = CARTESIAN_POINT('',(0.,0.));
#8794 = CARTESIAN_POINT('',(6.28318530718,0.));
#8795 = ( GEOMETRIC_REPRESENTATION_CONTEXT(2) 
PARAMETRIC_REPRESENTATION_CONTEXT() REPRESENTATION_CONTEXT('2D SPACE',''
  ) );
#8796 = ADVANCED_FACE('',(#8797),#5346,.T.);
#8797 = FACE_BOUND('',#8798,.F.);
#8798 = EDGE_LOOP('',(#8799,#8823,#8846,#8868));
#8799 = ORIENTED_EDGE('',*,*,#8800,.T.);
#8800 = EDGE_CURVE('',#5308,#8801,#8803,.T.);
#8801 = VERTEX_POINT('',#8802);
#8802 = CARTESIAN_POINT('',(-8.8,4.,-2.775557561563E-17));
#8803 = SURFACE_CURVE('',#8804,(#8809,#8816),.PCURVE_S1.);
#8804 = CIRCLE('',#8805,0.2);
#8805 = AXIS2_PLACEMENT_3D('',#8806,#8807,#8808);
#8806 = CARTESIAN_POINT('',(-8.8,4.,0.2));
#8807 = DIRECTION('',(-0.,-1.,-0.));
#8808 = DIRECTION('',(-1.,0.,0.));
#8809 = PCURVE('',#5346,#8810);
#8810 = DEFINITIONAL_REPRESENTATION('',(#8811),#8815);
#8811 = LINE('',#8812,#8813);
#8812 = CARTESIAN_POINT('',(-0.,0.));
#8813 = VECTOR('',#8814,1.);
#8814 = DIRECTION('',(-1.,0.));
#8815 = ( GEOMETRIC_REPRESENTATION_CONTEXT(2) 
PARAMETRIC_REPRESENTATION_CONTEXT() REPRESENTATION_CONTEXT('2D SPACE',''
  ) );
#8816 = PCURVE('',#7695,#8817);
#8817 = DEFINITIONAL_REPRESENTATION('',(#8818),#8822);
#8818 = LINE('',#8819,#8820);
#8819 = CARTESIAN_POINT('',(1.570796326795,0.));
#8820 = VECTOR('',#8821,1.);
#8821 = DIRECTION('',(0.,1.));
#8822 = ( GEOMETRIC_REPRESENTATION_CONTEXT(2) 
PARAMETRIC_REPRESENTATION_CONTEXT() REPRESENTATION_CONTEXT('2D SPACE',''
  ) );
#8823 = ORIENTED_EDGE('',*,*,#8824,.T.);
#8824 = EDGE_CURVE('',#8801,#8825,#8827,.T.);
#8825 = VERTEX_POINT('',#8826);
#8826 = CARTESIAN_POINT('',(-8.8,86.,-2.775557561563E-17));
#8827 = SURFACE_CURVE('',#8828,(#8832,#8839),.PCURVE_S1.);
#8828 = LINE('',#8829,#8830);
#8829 = CARTESIAN_POINT('',(-8.8,4.,-2.775557561563E-17));
#8830 = VECTOR('',#8831,1.);
#8831 = DIRECTION('',(0.,1.,0.));
#8832 = PCURVE('',#5346,#8833);
#8833 = DEFINITIONAL_REPRESENTATION('',(#8834),#8838);
#8834 = LINE('',#8835,#8836);
#8835 = CARTESIAN_POINT('',(-1.570796326795,0.));
#8836 = VECTOR('',#8837,1.);
#8837 = DIRECTION('',(-0.,1.));
#8838 = ( GEOMETRIC_REPRESENTATION_CONTEXT(2) 
PARAMETRIC_REPRESENTATION_CONTEXT() REPRESENTATION_CONTEXT('2D SPACE',''
  ) );
#8839 = PCURVE('',#7858,#8840);
#8840 = DEFINITIONAL_REPRESENTATION('',(#8841),#8845);
#8841 = LINE('',#8842,#8843);
#8842 = CARTESIAN_POINT('',(0.2,4.));
#8843 = VECTOR('',#8844,1.);
#8844 = DIRECTION('',(0.,1.));
#8845 = ( GEOMETRIC_REPRESENTATION_CONTEXT(2) 
PARAMETRIC_REPRESENTATION_CONTEXT() REPRESENTATION_CONTEXT('2D SPACE',''
  ) );
#8846 = ORIENTED_EDGE('',*,*,#8847,.F.);
#8847 = EDGE_CURVE('',#5331,#8825,#8848,.T.);
#8848 = SURFACE_CURVE('',#8849,(#8854,#8861),.PCURVE_S1.);
#8849 = CIRCLE('',#8850,0.2);
#8850 = AXIS2_PLACEMENT_3D('',#8851,#8852,#8853);
#8851 = CARTESIAN_POINT('',(-8.8,86.,0.2));
#8852 = DIRECTION('',(-0.,-1.,-0.));
#8853 = DIRECTION('',(-1.,0.,0.));
#8854 = PCURVE('',#5346,#8855);
#8855 = DEFINITIONAL_REPRESENTATION('',(#8856),#8860);
#8856 = LINE('',#8857,#8858);
#8857 = CARTESIAN_POINT('',(-0.,82.));
#8858 = VECTOR('',#8859,1.);
#8859 = DIRECTION('',(-1.,0.));
#8860 = ( GEOMETRIC_REPRESENTATION_CONTEXT(2) 
PARAMETRIC_REPRESENTATION_CONTEXT() REPRESENTATION_CONTEXT('2D SPACE',''
  ) );
#8861 = PCURVE('',#8736,#8862);
#8862 = DEFINITIONAL_REPRESENTATION('',(#8863),#8867);
#8863 = LINE('',#8864,#8865);
#8864 = CARTESIAN_POINT('',(0.,0.));
#8865 = VECTOR('',#8866,1.);
#8866 = DIRECTION('',(0.,1.));
#8867 = ( GEOMETRIC_REPRESENTATION_CONTEXT(2) 
PARAMETRIC_REPRESENTATION_CONTEXT() REPRESENTATION_CONTEXT('2D SPACE',''
  ) );
#8868 = ORIENTED_EDGE('',*,*,#5330,.F.);
#8869 = ADVANCED_FACE('',(#8870),#5834,.T.);
#8870 = FACE_BOUND('',#8871,.T.);
#8871 = EDGE_LOOP('',(#8872,#8899,#8900,#8901,#8902));
#8872 = ORIENTED_EDGE('',*,*,#8873,.T.);
#8873 = EDGE_CURVE('',#8874,#8309,#8876,.T.);
#8874 = VERTEX_POINT('',#8875);
#8875 = CARTESIAN_POINT('',(-9.,72.2,16.));
#8876 = SURFACE_CURVE('',#8877,(#8882,#8888),.PCURVE_S1.);
#8877 = CIRCLE('',#8878,0.8);
#8878 = AXIS2_PLACEMENT_3D('',#8879,#8880,#8881);
#8879 = CARTESIAN_POINT('',(-8.2,72.2,16.));
#8880 = DIRECTION('',(-1.224646799147E-16,0.,-1.));
#8881 = DIRECTION('',(-1.,-0.,1.224646799147E-16));
#8882 = PCURVE('',#5834,#8883);
#8883 = DEFINITIONAL_REPRESENTATION('',(#8884),#8887);
#8884 = B_SPLINE_CURVE_WITH_KNOTS('',1,(#8885,#8886),.UNSPECIFIED.,.F.,
  .F.,(2,2),(0.,1.570796326795),.PIECEWISE_BEZIER_KNOTS.);
#8885 = CARTESIAN_POINT('',(0.,0.));
#8886 = CARTESIAN_POINT('',(1.570796326795,0.));
#8887 = ( GEOMETRIC_REPRESENTATION_CONTEXT(2) 
PARAMETRIC_REPRESENTATION_CONTEXT() REPRESENTATION_CONTEXT('2D SPACE',''
  ) );
#8888 = PCURVE('',#8889,#8894);
#8889 = TOROIDAL_SURFACE('',#8890,8.2,0.8);
#8890 = AXIS2_PLACEMENT_3D('',#8891,#8892,#8893);
#8891 = CARTESIAN_POINT('',(0.,72.2,16.));
#8892 = DIRECTION('',(-0.,1.,0.));
#8893 = DIRECTION('',(1.,0.,0.));
#8894 = DEFINITIONAL_REPRESENTATION('',(#8895),#8898);
#8895 = B_SPLINE_CURVE_WITH_KNOTS('',1,(#8896,#8897),.UNSPECIFIED.,.F.,
  .F.,(2,2),(0.,1.570796326795),.PIECEWISE_BEZIER_KNOTS.);
#8896 = CARTESIAN_POINT('',(-3.14159265359,0.));
#8897 = CARTESIAN_POINT('',(-3.14159265359,1.570796326795));
#8898 = ( GEOMETRIC_REPRESENTATION_CONTEXT(2) 
PARAMETRIC_REPRESENTATION_CONTEXT() REPRESENTATION_CONTEXT('2D SPACE',''
  ) );
#8899 = ORIENTED_EDGE('',*,*,#8338,.T.);
#8900 = ORIENTED_EDGE('',*,*,#5813,.F.);
#8901 = ORIENTED_EDGE('',*,*,#5870,.F.);
#8902 = ORIENTED_EDGE('',*,*,#8903,.F.);
#8903 = EDGE_CURVE('',#8874,#5871,#8904,.T.);
#8904 = SURFACE_CURVE('',#8905,(#8909,#8916),.PCURVE_S1.);
#8905 = LINE('',#8906,#8907);
#8906 = CARTESIAN_POINT('',(-9.,72.2,16.));
#8907 = VECTOR('',#8908,1.);
#8908 = DIRECTION('',(0.,0.,-1.));
#8909 = PCURVE('',#5834,#8910);
#8910 = DEFINITIONAL_REPRESENTATION('',(#8911),#8915);
#8911 = LINE('',#8912,#8913);
#8912 = CARTESIAN_POINT('',(0.,0.));
#8913 = VECTOR('',#8914,1.);
#8914 = DIRECTION('',(0.,1.));
#8915 = ( GEOMETRIC_REPRESENTATION_CONTEXT(2) 
PARAMETRIC_REPRESENTATION_CONTEXT() REPRESENTATION_CONTEXT('2D SPACE',''
  ) );
#8916 = PCURVE('',#5914,#8917);
#8917 = DEFINITIONAL_REPRESENTATION('',(#8918),#8922);
#8918 = LINE('',#8919,#8920);
#8919 = CARTESIAN_POINT('',(0.,-0.8));
#8920 = VECTOR('',#8921,1.);
#8921 = DIRECTION('',(1.,0.));
#8922 = ( GEOMETRIC_REPRESENTATION_CONTEXT(2) 
PARAMETRIC_REPRESENTATION_CONTEXT() REPRESENTATION_CONTEXT('2D SPACE',''
  ) );
#8923 = ADVANCED_FACE('',(#8924),#5914,.F.);
#8924 = FACE_BOUND('',#8925,.F.);
#8925 = EDGE_LOOP('',(#8926,#8947,#8948,#8949));
#8926 = ORIENTED_EDGE('',*,*,#8927,.T.);
#8927 = EDGE_CURVE('',#8874,#7897,#8928,.T.);
#8928 = SURFACE_CURVE('',#8929,(#8933,#8940),.PCURVE_S1.);
#8929 = LINE('',#8930,#8931);
#8930 = CARTESIAN_POINT('',(-9.,73.,16.));
#8931 = VECTOR('',#8932,1.);
#8932 = DIRECTION('',(0.,-1.,0.));
#8933 = PCURVE('',#5914,#8934);
#8934 = DEFINITIONAL_REPRESENTATION('',(#8935),#8939);
#8935 = LINE('',#8936,#8937);
#8936 = CARTESIAN_POINT('',(0.,0.));
#8937 = VECTOR('',#8938,1.);
#8938 = DIRECTION('',(0.,-1.));
#8939 = ( GEOMETRIC_REPRESENTATION_CONTEXT(2) 
PARAMETRIC_REPRESENTATION_CONTEXT() REPRESENTATION_CONTEXT('2D SPACE',''
  ) );
#8940 = PCURVE('',#7913,#8941);
#8941 = DEFINITIONAL_REPRESENTATION('',(#8942),#8946);
#8942 = LINE('',#8943,#8944);
#8943 = CARTESIAN_POINT('',(-3.14159265359,0.));
#8944 = VECTOR('',#8945,1.);
#8945 = DIRECTION('',(-0.,-1.));
#8946 = ( GEOMETRIC_REPRESENTATION_CONTEXT(2) 
PARAMETRIC_REPRESENTATION_CONTEXT() REPRESENTATION_CONTEXT('2D SPACE',''
  ) );
#8947 = ORIENTED_EDGE('',*,*,#8164,.T.);
#8948 = ORIENTED_EDGE('',*,*,#5898,.F.);
#8949 = ORIENTED_EDGE('',*,*,#8903,.F.);
#8950 = ADVANCED_FACE('',(#8951),#6510,.F.);
#8951 = FACE_BOUND('',#8952,.F.);
#8952 = EDGE_LOOP('',(#8953,#8976,#9006,#9096,#9097,#9098));
#8953 = ORIENTED_EDGE('',*,*,#8954,.T.);
#8954 = EDGE_CURVE('',#6716,#8955,#8957,.T.);
#8955 = VERTEX_POINT('',#8956);
#8956 = CARTESIAN_POINT('',(8.2,73.,16.));
#8957 = SURFACE_CURVE('',#8958,(#8962,#8969),.PCURVE_S1.);
#8958 = LINE('',#8959,#8960);
#8959 = CARTESIAN_POINT('',(8.2,73.,3.));
#8960 = VECTOR('',#8961,1.);
#8961 = DIRECTION('',(0.,0.,1.));
#8962 = PCURVE('',#6510,#8963);
#8963 = DEFINITIONAL_REPRESENTATION('',(#8964),#8968);
#8964 = LINE('',#8965,#8966);
#8965 = CARTESIAN_POINT('',(13.,-2.2));
#8966 = VECTOR('',#8967,1.);
#8967 = DIRECTION('',(-1.,0.));
#8968 = ( GEOMETRIC_REPRESENTATION_CONTEXT(2) 
PARAMETRIC_REPRESENTATION_CONTEXT() REPRESENTATION_CONTEXT('2D SPACE',''
  ) );
#8969 = PCURVE('',#6645,#8970);
#8970 = DEFINITIONAL_REPRESENTATION('',(#8971),#8975);
#8971 = LINE('',#8972,#8973);
#8972 = CARTESIAN_POINT('',(1.570796326795,0.));
#8973 = VECTOR('',#8974,1.);
#8974 = DIRECTION('',(0.,1.));
#8975 = ( GEOMETRIC_REPRESENTATION_CONTEXT(2) 
PARAMETRIC_REPRESENTATION_CONTEXT() REPRESENTATION_CONTEXT('2D SPACE',''
  ) );
#8976 = ORIENTED_EDGE('',*,*,#8977,.T.);
#8977 = EDGE_CURVE('',#8955,#8978,#8980,.T.);
#8978 = VERTEX_POINT('',#8979);
#8979 = CARTESIAN_POINT('',(8.4,73.,16.));
#8980 = SURFACE_CURVE('',#8981,(#8985,#8992),.PCURVE_S1.);
#8981 = LINE('',#8982,#8983);
#8982 = CARTESIAN_POINT('',(6.,73.,16.));
#8983 = VECTOR('',#8984,1.);
#8984 = DIRECTION('',(1.,0.,0.));
#8985 = PCURVE('',#6510,#8986);
#8986 = DEFINITIONAL_REPRESENTATION('',(#8987),#8991);
#8987 = LINE('',#8988,#8989);
#8988 = CARTESIAN_POINT('',(0.,0.));
#8989 = VECTOR('',#8990,1.);
#8990 = DIRECTION('',(0.,-1.));
#8991 = ( GEOMETRIC_REPRESENTATION_CONTEXT(2) 
PARAMETRIC_REPRESENTATION_CONTEXT() REPRESENTATION_CONTEXT('2D SPACE',''
  ) );
#8992 = PCURVE('',#8993,#9000);
#8993 = SURFACE_OF_LINEAR_EXTRUSION('',#8994,#8998);
#8994 = B_SPLINE_CURVE_WITH_KNOTS('',2,(#8995,#8996,#8997),
  .UNSPECIFIED.,.F.,.F.,(3,3),(0.,1.),.PIECEWISE_BEZIER_KNOTS.);
#8995 = CARTESIAN_POINT('',(6.,80.,5.));
#8996 = CARTESIAN_POINT('',(6.,76.5,5.));
#8997 = CARTESIAN_POINT('',(6.,73.,16.));
#8998 = VECTOR('',#8999,1.);
#8999 = DIRECTION('',(-1.,-0.,-0.));
#9000 = DEFINITIONAL_REPRESENTATION('',(#9001),#9005);
#9001 = LINE('',#9002,#9003);
#9002 = CARTESIAN_POINT('',(1.,0.));
#9003 = VECTOR('',#9004,1.);
#9004 = DIRECTION('',(0.,-1.));
#9005 = ( GEOMETRIC_REPRESENTATION_CONTEXT(2) 
PARAMETRIC_REPRESENTATION_CONTEXT() REPRESENTATION_CONTEXT('2D SPACE',''
  ) );
#9006 = ORIENTED_EDGE('',*,*,#9007,.T.);
#9007 = EDGE_CURVE('',#8978,#6287,#9008,.T.);
#9008 = SURFACE_CURVE('',#9009,(#9036,#9066),.PCURVE_S1.);
#9009 = B_SPLINE_CURVE_WITH_KNOTS('',7,(#9010,#9011,#9012,#9013,#9014,
    #9015,#9016,#9017,#9018,#9019,#9020,#9021,#9022,#9023,#9024,#9025,
    #9026,#9027,#9028,#9029,#9030,#9031,#9032,#9033,#9034,#9035),
  .UNSPECIFIED.,.F.,.F.,(8,6,6,6,8),(0.,0.233818765934,0.476616824871,
    0.805172026346,1.),.UNSPECIFIED.);
#9010 = CARTESIAN_POINT('',(8.4,73.,16.));
#9011 = CARTESIAN_POINT('',(8.428770672574,73.,16.));
#9012 = CARTESIAN_POINT('',(8.458206193394,73.,15.99469144895));
#9013 = CARTESIAN_POINT('',(8.488165560788,73.,15.983633735847));
#9014 = CARTESIAN_POINT('',(8.518474276817,73.,15.966440655722));
#9015 = CARTESIAN_POINT('',(8.548924807382,73.,15.942830451681));
#9016 = CARTESIAN_POINT('',(8.579284573462,73.,15.912664179261));
#9017 = CARTESIAN_POINT('',(8.640491490256,73.,15.837871539971));
#9018 = CARTESIAN_POINT('',(8.671314204079,73.,15.79273218945));
#9019 = CARTESIAN_POINT('',(8.701508268305,73.,15.740586119334));
#9020 = CARTESIAN_POINT('',(8.730794322172,73.,15.681654865114));
#9021 = CARTESIAN_POINT('',(8.758905788621,73.,15.616357633139));
#9022 = CARTESIAN_POINT('',(8.785605834435,73.,15.545283702751));
#9023 = CARTESIAN_POINT('',(8.844658673975,73.,15.366076930765));
#9024 = CARTESIAN_POINT('',(8.875676253917,73.,15.25372405841));
#9025 = CARTESIAN_POINT('',(8.903278432616,73.,15.133778898329));
#9026 = CARTESIAN_POINT('',(8.927128186184,73.,15.008306320633));
#9027 = CARTESIAN_POINT('',(8.947072748682,73.,14.879469698922));
#9028 = CARTESIAN_POINT('',(8.963122334495,73.,14.749249842801));
#9029 = CARTESIAN_POINT('',(8.98269145117,73.,14.542330129429));
#9030 = CARTESIAN_POINT('',(8.98865190006,73.,14.465421336851));
#9031 = CARTESIAN_POINT('',(8.993315228724,73.,14.388988730564));
#9032 = CARTESIAN_POINT('',(8.996723498228,73.,14.313357141662));
#9033 = CARTESIAN_POINT('',(8.998930765526,73.,14.238813416144));
#9034 = CARTESIAN_POINT('',(9.,73.,14.165603273051));
#9035 = CARTESIAN_POINT('',(9.,73.,14.093928162592));
#9036 = PCURVE('',#6510,#9037);
#9037 = DEFINITIONAL_REPRESENTATION('',(#9038),#9065);
#9038 = B_SPLINE_CURVE_WITH_KNOTS('',7,(#9039,#9040,#9041,#9042,#9043,
    #9044,#9045,#9046,#9047,#9048,#9049,#9050,#9051,#9052,#9053,#9054,
    #9055,#9056,#9057,#9058,#9059,#9060,#9061,#9062,#9063,#9064),
  .UNSPECIFIED.,.F.,.F.,(8,6,6,6,8),(0.,0.233818765934,0.476616824871,
    0.805172026346,1.),.UNSPECIFIED.);
#9039 = CARTESIAN_POINT('',(-8.526512829121E-14,-2.4));
#9040 = CARTESIAN_POINT('',(-8.747685136842E-14,-2.428770672574));
#9041 = CARTESIAN_POINT('',(5.308551050134E-03,-2.458206193394));
#9042 = CARTESIAN_POINT('',(1.636626415319E-02,-2.488165560788));
#9043 = CARTESIAN_POINT('',(3.35593442782E-02,-2.518474276817));
#9044 = CARTESIAN_POINT('',(5.716954831919E-02,-2.548924807382));
#9045 = CARTESIAN_POINT('',(8.733582073948E-02,-2.579284573462));
#9046 = CARTESIAN_POINT('',(0.162128460029,-2.640491490256));
#9047 = CARTESIAN_POINT('',(0.20726781055,-2.671314204079));
#9048 = CARTESIAN_POINT('',(0.259413880666,-2.701508268305));
#9049 = CARTESIAN_POINT('',(0.318345134886,-2.730794322172));
#9050 = CARTESIAN_POINT('',(0.383642366861,-2.758905788621));
#9051 = CARTESIAN_POINT('',(0.454716297249,-2.785605834435));
#9052 = CARTESIAN_POINT('',(0.633923069235,-2.844658673975));
#9053 = CARTESIAN_POINT('',(0.74627594159,-2.875676253917));
#9054 = CARTESIAN_POINT('',(0.866221101671,-2.903278432616));
#9055 = CARTESIAN_POINT('',(0.991693679367,-2.927128186184));
#9056 = CARTESIAN_POINT('',(1.120530301078,-2.947072748682));
#9057 = CARTESIAN_POINT('',(1.250750157199,-2.963122334495));
#9058 = CARTESIAN_POINT('',(1.457669870571,-2.98269145117));
#9059 = CARTESIAN_POINT('',(1.534578663149,-2.98865190006));
#9060 = CARTESIAN_POINT('',(1.611011269436,-2.993315228724));
#9061 = CARTESIAN_POINT('',(1.686642858338,-2.996723498228));
#9062 = CARTESIAN_POINT('',(1.761186583856,-2.998930765526));
#9063 = CARTESIAN_POINT('',(1.834396726949,-3.));
#9064 = CARTESIAN_POINT('',(1.906071837408,-3.));
#9065 = ( GEOMETRIC_REPRESENTATION_CONTEXT(2) 
PARAMETRIC_REPRESENTATION_CONTEXT() REPRESENTATION_CONTEXT('2D SPACE',''
  ) );
#9066 = PCURVE('',#6372,#9067);
#9067 = DEFINITIONAL_REPRESENTATION('',(#9068),#9095);
#9068 = B_SPLINE_CURVE_WITH_KNOTS('',7,(#9069,#9070,#9071,#9072,#9073,
    #9074,#9075,#9076,#9077,#9078,#9079,#9080,#9081,#9082,#9083,#9084,
    #9085,#9086,#9087,#9088,#9089,#9090,#9091,#9092,#9093,#9094),
  .UNSPECIFIED.,.F.,.F.,(8,6,6,6,8),(0.,0.233818765934,0.476616824871,
    0.805172026346,1.),.UNSPECIFIED.);
#9069 = CARTESIAN_POINT('',(0.,13.618455321171));
#9070 = CARTESIAN_POINT('',(0.461755010501,13.618455321171));
#9071 = CARTESIAN_POINT('',(0.923480550759,13.615471328018));
#9072 = CARTESIAN_POINT('',(1.385071149541,13.609255611433));
#9073 = CARTESIAN_POINT('',(1.846407547127,13.599588235332));
#9074 = CARTESIAN_POINT('',(2.307359319927,13.586303293052));
#9075 = CARTESIAN_POINT('',(2.767786090255,13.569309951096));
#9076 = CARTESIAN_POINT('',(3.704944282254,13.52711165059));
#9077 = CARTESIAN_POINT('',(4.181648732827,13.501615176671));
#9078 = CARTESIAN_POINT('',(4.657474177403,13.472117755619));
#9079 = CARTESIAN_POINT('',(5.132302802609,13.438719745556));
#9080 = CARTESIAN_POINT('',(5.606074964799,13.401629587326));
#9081 = CARTESIAN_POINT('',(6.07878342332,13.361151539433));
#9082 = CARTESIAN_POINT('',(7.18873988831,13.25879426213));
#9083 = CARTESIAN_POINT('',(7.825118172109,13.194407260355));
#9084 = CARTESIAN_POINT('',(8.459799094057,13.125397892922));
#9085 = CARTESIAN_POINT('',(9.093153604865,13.052884128984));
#9086 = CARTESIAN_POINT('',(9.725653488941,12.978069589373));
#9087 = CARTESIAN_POINT('',(10.357799615711,12.902087714958));
#9088 = CARTESIAN_POINT('',(11.365042277892,12.780785815605));
#9089 = CARTESIAN_POINT('',(11.740027376169,12.735574477082));
#9090 = CARTESIAN_POINT('',(12.115149364199,12.690516920502));
#9091 = CARTESIAN_POINT('',(12.49049098943,12.645807216709));
#9092 = CARTESIAN_POINT('',(12.866121652994,12.601620082879));
#9093 = CARTESIAN_POINT('',(13.242096468556,12.558108273986));
#9094 = CARTESIAN_POINT('',(13.61845532117,12.51539997428));
#9095 = ( GEOMETRIC_REPRESENTATION_CONTEXT(2) 
PARAMETRIC_REPRESENTATION_CONTEXT() REPRESENTATION_CONTEXT('2D SPACE',''
  ) );
#9096 = ORIENTED_EDGE('',*,*,#6494,.T.);
#9097 = ORIENTED_EDGE('',*,*,#6786,.F.);
#9098 = ORIENTED_EDGE('',*,*,#6715,.F.);
#9099 = ADVANCED_FACE('',(#9100),#6372,.F.);
#9100 = FACE_BOUND('',#9101,.F.);
#9101 = EDGE_LOOP('',(#9102,#9171,#9279,#9280));
#9102 = ORIENTED_EDGE('',*,*,#9103,.F.);
#9103 = EDGE_CURVE('',#9104,#8978,#9106,.T.);
#9104 = VERTEX_POINT('',#9105);
#9105 = CARTESIAN_POINT('',(8.4,80.,5.));
#9106 = SURFACE_CURVE('',#9107,(#9146,#9153),.PCURVE_S1.);
#9107 = B_SPLINE_CURVE_WITH_KNOTS('',13,(#9108,#9109,#9110,#9111,#9112,
    #9113,#9114,#9115,#9116,#9117,#9118,#9119,#9120,#9121,#9122,#9123,
    #9124,#9125,#9126,#9127,#9128,#9129,#9130,#9131,#9132,#9133,#9134,
    #9135,#9136,#9137,#9138,#9139,#9140,#9141,#9142,#9143,#9144,#9145),
  .UNSPECIFIED.,.F.,.F.,(14,12,12,14),(-0.794399493455,
    3.714808400532E-14,13.61845532117,14.083563821863),.UNSPECIFIED.);
#9108 = CARTESIAN_POINT('',(8.4,80.794399493455,5.000000000001));
#9109 = CARTESIAN_POINT('',(8.4,80.703594031963,5.000000000001));
#9110 = CARTESIAN_POINT('',(8.4,80.617738205163,5.000000000001));
#9111 = CARTESIAN_POINT('',(8.4,80.536832013055,5.000000000001));
#9112 = CARTESIAN_POINT('',(8.4,80.460875455638,5.000000000001));
#9113 = CARTESIAN_POINT('',(8.4,80.389868532912,5.000000000001));
#9114 = CARTESIAN_POINT('',(8.400000000001,80.323811244878,
    5.000000000001));
#9115 = CARTESIAN_POINT('',(8.400000000001,80.262703591535,
    5.000000000001));
#9116 = CARTESIAN_POINT('',(8.4,80.206545572884,5.000000000001));
#9117 = CARTESIAN_POINT('',(8.4,80.155337188924,5.));
#9118 = CARTESIAN_POINT('',(8.4,80.109078439656,5.));
#9119 = CARTESIAN_POINT('',(8.4,80.067769325079,5.));
#9120 = CARTESIAN_POINT('',(8.4,80.031409845194,5.));
#9121 = CARTESIAN_POINT('',(8.399999999997,79.461538461515,
    4.999999999998));
#9122 = CARTESIAN_POINT('',(8.400000000012,78.923076923185,
    5.141025641035));
#9123 = CARTESIAN_POINT('',(8.399999999968,78.384615384322,
    5.423076923051));
#9124 = CARTESIAN_POINT('',(8.400000000063,77.846153846731,
    5.846153846205));
#9125 = CARTESIAN_POINT('',(8.399999999906,77.307692306825,6.41025641018
    ));
#9126 = CARTESIAN_POINT('',(8.400000000111,76.769230770256,
    7.115384615475));
#9127 = CARTESIAN_POINT('',(8.399999999896,76.230769229803,
    7.961538461453));
#9128 = CARTESIAN_POINT('',(8.400000000079,75.692307693039,
    8.948717948783));
#9129 = CARTESIAN_POINT('',(8.399999999952,75.153846153403,
    10.076923076883));
#9130 = CARTESIAN_POINT('',(8.400000000023,74.615384615595,
    11.346153846173));
#9131 = CARTESIAN_POINT('',(8.399999999992,74.076923076849,
    12.756410256404));
#9132 = CARTESIAN_POINT('',(8.400000000002,73.538461538477,
    14.307692307694));
#9133 = CARTESIAN_POINT('',(8.4,72.981610026032,16.057797061041));
#9134 = CARTESIAN_POINT('',(8.4,72.963197037062,16.115666454946));
#9135 = CARTESIAN_POINT('',(8.4,72.944761033089,16.173608181715));
#9136 = CARTESIAN_POINT('',(8.4,72.926302014114,16.231622241349));
#9137 = CARTESIAN_POINT('',(8.4,72.907819980137,16.289708633846));
#9138 = CARTESIAN_POINT('',(8.4,72.889314931158,16.347867359208));
#9139 = CARTESIAN_POINT('',(8.4,72.870786867176,16.406098417435));
#9140 = CARTESIAN_POINT('',(8.4,72.852235788192,16.464401808525));
#9141 = CARTESIAN_POINT('',(8.399999999999,72.833661694206,
    16.52277753248));
#9142 = CARTESIAN_POINT('',(8.399999999999,72.815064585218,
    16.581225589299));
#9143 = CARTESIAN_POINT('',(8.399999999999,72.796444461227,
    16.639745978982));
#9144 = CARTESIAN_POINT('',(8.399999999999,72.777801322234,
    16.698338701529));
#9145 = CARTESIAN_POINT('',(8.399999999999,72.759135168239,
    16.757003756941));
#9146 = PCURVE('',#6372,#9147);
#9147 = DEFINITIONAL_REPRESENTATION('',(#9148),#9152);
#9148 = LINE('',#9149,#9150);
#9149 = CARTESIAN_POINT('',(0.,0.));
#9150 = VECTOR('',#9151,1.);
#9151 = DIRECTION('',(0.,1.));
#9152 = ( GEOMETRIC_REPRESENTATION_CONTEXT(2) 
PARAMETRIC_REPRESENTATION_CONTEXT() REPRESENTATION_CONTEXT('2D SPACE',''
  ) );
#9153 = PCURVE('',#8993,#9154);
#9154 = DEFINITIONAL_REPRESENTATION('',(#9155),#9170);
#9155 = B_SPLINE_CURVE_WITH_KNOTS('',13,(#9156,#9157,#9158,#9159,#9160,
    #9161,#9162,#9163,#9164,#9165,#9166,#9167,#9168,#9169),
  .UNSPECIFIED.,.F.,.F.,(14,14),(3.714808400532E-14,13.61845532117),
  .PIECEWISE_BEZIER_KNOTS.);
#9156 = CARTESIAN_POINT('',(4.634069792003E-31,-2.4));
#9157 = CARTESIAN_POINT('',(7.692307692295E-02,-2.399999999999));
#9158 = CARTESIAN_POINT('',(0.153846153847,-2.400000000004));
#9159 = CARTESIAN_POINT('',(0.230769230768,-2.399999999989));
#9160 = CARTESIAN_POINT('',(0.307692307695,-2.400000000021));
#9161 = CARTESIAN_POINT('',(0.384615384612,-2.399999999969));
#9162 = CARTESIAN_POINT('',(0.461538461543,-2.400000000036));
#9163 = CARTESIAN_POINT('',(0.538461538457,-2.399999999966));
#9164 = CARTESIAN_POINT('',(0.615384615388,-2.400000000026));
#9165 = CARTESIAN_POINT('',(0.692307692306,-2.399999999985));
#9166 = CARTESIAN_POINT('',(0.769230769232,-2.400000000007));
#9167 = CARTESIAN_POINT('',(0.846153846153,-2.399999999997));
#9168 = CARTESIAN_POINT('',(0.923076923077,-2.400000000001));
#9169 = CARTESIAN_POINT('',(1.,-2.4));
#9170 = ( GEOMETRIC_REPRESENTATION_CONTEXT(2) 
PARAMETRIC_REPRESENTATION_CONTEXT() REPRESENTATION_CONTEXT('2D SPACE',''
  ) );
#9171 = ORIENTED_EDGE('',*,*,#9172,.F.);
#9172 = EDGE_CURVE('',#6254,#9104,#9173,.T.);
#9173 = SURFACE_CURVE('',#9174,(#9207,#9243),.PCURVE_S1.);
#9174 = B_SPLINE_CURVE_WITH_KNOTS('',7,(#9175,#9176,#9177,#9178,#9179,
    #9180,#9181,#9182,#9183,#9184,#9185,#9186,#9187,#9188,#9189,#9190,
    #9191,#9192,#9193,#9194,#9195,#9196,#9197,#9198,#9199,#9200,#9201,
    #9202,#9203,#9204,#9205,#9206),.UNSPECIFIED.,.F.,.F.,(8,6,6,6,6,8),(
    0.,0.143440992604,0.272775094312,0.465904415079,0.80810961817,1.),
  .UNSPECIFIED.);
#9175 = CARTESIAN_POINT('',(9.,79.33164452726,4.479228316426));
#9176 = CARTESIAN_POINT('',(9.,79.343058311644,4.494465922444));
#9177 = CARTESIAN_POINT('',(8.999406922896,79.354741473035,
    4.509911920792));
#9178 = CARTESIAN_POINT('',(8.998191081833,79.366688820935,
    4.525539301051));
#9179 = CARTESIAN_POINT('',(8.996324655813,79.378893480286,
    4.541317098926));
#9180 = CARTESIAN_POINT('',(8.993782604112,79.391346878691,
    4.557210722924));
#9181 = CARTESIAN_POINT('',(8.990543580692,79.404038733632,
    4.573182281027));
#9182 = CARTESIAN_POINT('',(8.983026853132,79.428604878151,
    4.603625144549));
#9183 = CARTESIAN_POINT('',(8.978882634274,79.440436825462,
    4.618089534684));
#9184 = CARTESIAN_POINT('',(8.9741458781,79.452444110727,4.632554219862)
  );
#9185 = CARTESIAN_POINT('',(8.968807380613,79.464616842634,
    4.646987432403));
#9186 = CARTESIAN_POINT('',(8.9628614309,79.476944108926,4.661356013494)
  );
#9187 = CARTESIAN_POINT('',(8.956306194269,79.489414075869,
    4.675625931818));
#9188 = CARTESIAN_POINT('',(8.938449226241,79.520829169729,
    4.710872812123));
#9189 = CARTESIAN_POINT('',(8.926401292296,79.53993427851,4.731686256378
    ));
#9190 = CARTESIAN_POINT('',(8.913007490117,79.559287339249,
    4.752088627725));
#9191 = CARTESIAN_POINT('',(8.898297251853,79.578842328494,
    4.771964293153));
#9192 = CARTESIAN_POINT('',(8.882321140809,79.598550696764,
    4.791201208353));
#9193 = CARTESIAN_POINT('',(8.865149747041,79.618362791156,
    4.809695632211));
#9194 = CARTESIAN_POINT('',(8.814487336452,79.673430640065,4.85865067913
    ));
#9195 = CARTESIAN_POINT('',(8.778629864395,79.708802663205,
    4.887328208952));
#9196 = CARTESIAN_POINT('',(8.739793023605,79.744071894797,
    4.912884590007));
#9197 = CARTESIAN_POINT('',(8.698638520155,79.778969201655,
    4.934936719121));
#9198 = CARTESIAN_POINT('',(8.655931611558,79.813256986284,
    4.953294093117));
#9199 = CARTESIAN_POINT('',(8.612411429178,79.846744045438,
    4.967948015835));
#9200 = CARTESIAN_POINT('',(8.544245139055,79.897530497333,
    4.985230125228));
#9201 = CARTESIAN_POINT('',(8.519705451168,79.915479217772,4.99031328055
    ));
#9202 = CARTESIAN_POINT('',(8.495233377824,79.93310412748,4.99429205778)
  );
#9203 = CARTESIAN_POINT('',(8.470936425912,79.95038380999,4.997201311389
    ));
#9204 = CARTESIAN_POINT('',(8.446911386399,79.967301121369,
    4.999086326971));
#9205 = CARTESIAN_POINT('',(8.423242562863,79.983842953938,
    4.999999997569));
#9206 = CARTESIAN_POINT('',(8.400000000014,80.,5.));
#9207 = PCURVE('',#6372,#9208);
#9208 = DEFINITIONAL_REPRESENTATION('',(#9209),#9242);
#9209 = B_SPLINE_CURVE_WITH_KNOTS('',7,(#9210,#9211,#9212,#9213,#9214,
    #9215,#9216,#9217,#9218,#9219,#9220,#9221,#9222,#9223,#9224,#9225,
    #9226,#9227,#9228,#9229,#9230,#9231,#9232,#9233,#9234,#9235,#9236,
    #9237,#9238,#9239,#9240,#9241),.UNSPECIFIED.,.F.,.F.,(8,6,6,6,6,8),(
    0.,0.143440992604,0.272775094312,0.465904415079,0.80810961817,1.),
  .UNSPECIFIED.);
#9210 = CARTESIAN_POINT('',(13.61845532117,1.030264165963));
#9211 = CARTESIAN_POINT('',(13.33815787424,1.018769790515));
#9212 = CARTESIAN_POINT('',(13.057905191966,1.006792672977));
#9213 = CARTESIAN_POINT('',(12.77770099538,0.994314494085));
#9214 = CARTESIAN_POINT('',(12.497549186485,0.981317305316));
#9215 = CARTESIAN_POINT('',(12.217453822378,0.967784157348));
#9216 = CARTESIAN_POINT('',(11.937419089365,0.953699728511));
#9217 = CARTESIAN_POINT('',(11.405013459957,0.925842830824));
#9218 = CARTESIAN_POINT('',(11.152630261843,0.912175905999));
#9219 = CARTESIAN_POINT('',(10.900302918424,0.89804064633));
#9220 = CARTESIAN_POINT('',(10.648034417845,0.883429040892));
#9221 = CARTESIAN_POINT('',(10.395827492508,0.868335097711));
#9222 = CARTESIAN_POINT('',(10.143684610882,0.852755341213));
#9223 = CARTESIAN_POINT('',(9.515192237276,0.812698562259));
#9224 = CARTESIAN_POINT('',(9.138923049259,0.787623571462));
#9225 = CARTESIAN_POINT('',(8.762808839603,0.761462353981));
#9226 = CARTESIAN_POINT('',(8.386853505069,0.734228790796));
#9227 = CARTESIAN_POINT('',(8.011056720778,0.705954751943));
#9228 = CARTESIAN_POINT('',(7.635414256173,0.67669222131));
#9229 = CARTESIAN_POINT('',(6.594578235304,0.593045249789));
#9230 = CARTESIAN_POINT('',(5.929700725091,0.536704141443));
#9231 = CARTESIAN_POINT('',(5.2652298582,0.477900938824));
#9232 = CARTESIAN_POINT('',(4.60105752078,0.41724188376));
#9233 = CARTESIAN_POINT('',(3.937035716438,0.355536353257));
#9234 = CARTESIAN_POINT('',(3.27300786201,0.293639752992));
#9235 = CARTESIAN_POINT('',(2.236386605759,0.197951350573));
#9236 = CARTESIAN_POINT('',(1.86390087242,0.163756963297));
#9237 = CARTESIAN_POINT('',(1.491342602569,0.129885306629));
#9238 = CARTESIAN_POINT('',(1.118689730065,9.646581505193E-02));
#9239 = CARTESIAN_POINT('',(0.745923777026,6.361522582211E-02));
#9240 = CARTESIAN_POINT('',(0.373030410679,3.143354275052E-02));
#9241 = CARTESIAN_POINT('',(2.262401343938E-10,-1.716974461699E-11));
#9242 = ( GEOMETRIC_REPRESENTATION_CONTEXT(2) 
PARAMETRIC_REPRESENTATION_CONTEXT() REPRESENTATION_CONTEXT('2D SPACE',''
  ) );
#9243 = PCURVE('',#6271,#9244);
#9244 = DEFINITIONAL_REPRESENTATION('',(#9245),#9278);
#9245 = B_SPLINE_CURVE_WITH_KNOTS('',7,(#9246,#9247,#9248,#9249,#9250,
    #9251,#9252,#9253,#9254,#9255,#9256,#9257,#9258,#9259,#9260,#9261,
    #9262,#9263,#9264,#9265,#9266,#9267,#9268,#9269,#9270,#9271,#9272,
    #9273,#9274,#9275,#9276,#9277),.UNSPECIFIED.,.F.,.F.,(8,6,6,6,6,8),(
    0.,0.143440992604,0.272775094312,0.465904415079,0.80810961817,1.),
  .UNSPECIFIED.);
#9246 = CARTESIAN_POINT('',(0.66582226363,-18.));
#9247 = CARTESIAN_POINT('',(0.671529155822,-18.));
#9248 = CARTESIAN_POINT('',(0.677370736518,-17.99940692289));
#9249 = CARTESIAN_POINT('',(0.683344410468,-17.99819108183));
#9250 = CARTESIAN_POINT('',(0.689446740143,-17.99632465581));
#9251 = CARTESIAN_POINT('',(0.695673439345,-17.99378260411));
#9252 = CARTESIAN_POINT('',(0.702019366816,-17.99054358069));
#9253 = CARTESIAN_POINT('',(0.714302439076,-17.98302685313));
#9254 = CARTESIAN_POINT('',(0.720218412731,-17.97888263427));
#9255 = CARTESIAN_POINT('',(0.726222055363,-17.9741458781));
#9256 = CARTESIAN_POINT('',(0.732308421317,-17.96880738061));
#9257 = CARTESIAN_POINT('',(0.738472054463,-17.9628614309));
#9258 = CARTESIAN_POINT('',(0.744707037934,-17.95630619426));
#9259 = CARTESIAN_POINT('',(0.760414584865,-17.93844922624));
#9260 = CARTESIAN_POINT('',(0.769967139255,-17.92640129229));
#9261 = CARTESIAN_POINT('',(0.779643669624,-17.91300749011));
#9262 = CARTESIAN_POINT('',(0.789421164247,-17.89829725185));
#9263 = CARTESIAN_POINT('',(0.799275348382,-17.8823211408));
#9264 = CARTESIAN_POINT('',(0.809181395578,-17.86514974704));
#9265 = CARTESIAN_POINT('',(0.836715320032,-17.81448733645));
#9266 = CARTESIAN_POINT('',(0.854401331603,-17.77862986439));
#9267 = CARTESIAN_POINT('',(0.872035947399,-17.7397930236));
#9268 = CARTESIAN_POINT('',(0.889484600828,-17.69863852015));
#9269 = CARTESIAN_POINT('',(0.906628493142,-17.65593161155));
#9270 = CARTESIAN_POINT('',(0.923372022719,-17.61241142917));
#9271 = CARTESIAN_POINT('',(0.948765248667,-17.54424513905));
#9272 = CARTESIAN_POINT('',(0.957739608886,-17.51970545116));
#9273 = CARTESIAN_POINT('',(0.96655206374,-17.49523337782));
#9274 = CARTESIAN_POINT('',(0.975191904995,-17.47093642591));
#9275 = CARTESIAN_POINT('',(0.983650560684,-17.44691138639));
#9276 = CARTESIAN_POINT('',(0.991921476969,-17.42324256286));
#9277 = CARTESIAN_POINT('',(1.,-17.40000000001));
#9278 = ( GEOMETRIC_REPRESENTATION_CONTEXT(2) 
PARAMETRIC_REPRESENTATION_CONTEXT() REPRESENTATION_CONTEXT('2D SPACE',''
  ) );
#9279 = ORIENTED_EDGE('',*,*,#6286,.T.);
#9280 = ORIENTED_EDGE('',*,*,#9007,.F.);
#9281 = ADVANCED_FACE('',(#9282),#6271,.T.);
#9282 = FACE_BOUND('',#9283,.T.);
#9283 = EDGE_LOOP('',(#9284,#9305,#9306));
#9284 = ORIENTED_EDGE('',*,*,#9285,.F.);
#9285 = EDGE_CURVE('',#9104,#6226,#9286,.T.);
#9286 = SURFACE_CURVE('',#9287,(#9291,#9298),.PCURVE_S1.);
#9287 = LINE('',#9288,#9289);
#9288 = CARTESIAN_POINT('',(-9.,80.,5.));
#9289 = VECTOR('',#9290,1.);
#9290 = DIRECTION('',(1.,0.,0.));
#9291 = PCURVE('',#6271,#9292);
#9292 = DEFINITIONAL_REPRESENTATION('',(#9293),#9297);
#9293 = LINE('',#9294,#9295);
#9294 = CARTESIAN_POINT('',(1.,0.));
#9295 = VECTOR('',#9296,1.);
#9296 = DIRECTION('',(0.,-1.));
#9297 = ( GEOMETRIC_REPRESENTATION_CONTEXT(2) 
PARAMETRIC_REPRESENTATION_CONTEXT() REPRESENTATION_CONTEXT('2D SPACE',''
  ) );
#9298 = PCURVE('',#6241,#9299);
#9299 = DEFINITIONAL_REPRESENTATION('',(#9300),#9304);
#9300 = LINE('',#9301,#9302);
#9301 = CARTESIAN_POINT('',(0.6,-17.4));
#9302 = VECTOR('',#9303,1.);
#9303 = DIRECTION('',(0.,1.));
#9304 = ( GEOMETRIC_REPRESENTATION_CONTEXT(2) 
PARAMETRIC_REPRESENTATION_CONTEXT() REPRESENTATION_CONTEXT('2D SPACE',''
  ) );
#9305 = ORIENTED_EDGE('',*,*,#9172,.F.);
#9306 = ORIENTED_EDGE('',*,*,#6253,.T.);
#9307 = ADVANCED_FACE('',(#9308),#6241,.T.);
#9308 = FACE_BOUND('',#9309,.T.);
#9309 = EDGE_LOOP('',(#9310,#9311,#9333));
#9310 = ORIENTED_EDGE('',*,*,#6225,.F.);
#9311 = ORIENTED_EDGE('',*,*,#9312,.F.);
#9312 = EDGE_CURVE('',#9104,#6198,#9313,.T.);
#9313 = SURFACE_CURVE('',#9314,(#9319,#9326),.PCURVE_S1.);
#9314 = CIRCLE('',#9315,0.6);
#9315 = AXIS2_PLACEMENT_3D('',#9316,#9317,#9318);
#9316 = CARTESIAN_POINT('',(8.4,80.,4.4));
#9317 = DIRECTION('',(0.,1.,0.));
#9318 = DIRECTION('',(0.,-0.,1.));
#9319 = PCURVE('',#6241,#9320);
#9320 = DEFINITIONAL_REPRESENTATION('',(#9321),#9325);
#9321 = CIRCLE('',#9322,0.6);
#9322 = AXIS2_PLACEMENT_2D('',#9323,#9324);
#9323 = CARTESIAN_POINT('',(0.,1.7763568394E-15));
#9324 = DIRECTION('',(1.,0.));
#9325 = ( GEOMETRIC_REPRESENTATION_CONTEXT(2) 
PARAMETRIC_REPRESENTATION_CONTEXT() REPRESENTATION_CONTEXT('2D SPACE',''
  ) );
#9326 = PCURVE('',#6213,#9327);
#9327 = DEFINITIONAL_REPRESENTATION('',(#9328),#9332);
#9328 = LINE('',#9329,#9330);
#9329 = CARTESIAN_POINT('',(0.,0.));
#9330 = VECTOR('',#9331,1.);
#9331 = DIRECTION('',(1.,0.));
#9332 = ( GEOMETRIC_REPRESENTATION_CONTEXT(2) 
PARAMETRIC_REPRESENTATION_CONTEXT() REPRESENTATION_CONTEXT('2D SPACE',''
  ) );
#9333 = ORIENTED_EDGE('',*,*,#9285,.T.);
#9334 = ADVANCED_FACE('',(#9335),#6213,.T.);
#9335 = FACE_BOUND('',#9336,.T.);
#9336 = EDGE_LOOP('',(#9337,#9365,#9385,#9386));
#9337 = ORIENTED_EDGE('',*,*,#9338,.F.);
#9338 = EDGE_CURVE('',#9339,#6170,#9341,.T.);
#9339 = VERTEX_POINT('',#9340);
#9340 = CARTESIAN_POINT('',(8.4,86.,5.));
#9341 = SURFACE_CURVE('',#9342,(#9347,#9354),.PCURVE_S1.);
#9342 = CIRCLE('',#9343,0.6);
#9343 = AXIS2_PLACEMENT_3D('',#9344,#9345,#9346);
#9344 = CARTESIAN_POINT('',(8.4,86.,4.4));
#9345 = DIRECTION('',(0.,1.,0.));
#9346 = DIRECTION('',(0.,-0.,1.));
#9347 = PCURVE('',#6213,#9348);
#9348 = DEFINITIONAL_REPRESENTATION('',(#9349),#9353);
#9349 = LINE('',#9350,#9351);
#9350 = CARTESIAN_POINT('',(0.,6.));
#9351 = VECTOR('',#9352,1.);
#9352 = DIRECTION('',(1.,0.));
#9353 = ( GEOMETRIC_REPRESENTATION_CONTEXT(2) 
PARAMETRIC_REPRESENTATION_CONTEXT() REPRESENTATION_CONTEXT('2D SPACE',''
  ) );
#9354 = PCURVE('',#9355,#9360);
#9355 = TOROIDAL_SURFACE('',#9356,3.4,0.6);
#9356 = AXIS2_PLACEMENT_3D('',#9357,#9358,#9359);
#9357 = CARTESIAN_POINT('',(5.,86.,4.4));
#9358 = DIRECTION('',(0.,0.,1.));
#9359 = DIRECTION('',(1.,0.,-0.));
#9360 = DEFINITIONAL_REPRESENTATION('',(#9361),#9364);
#9361 = B_SPLINE_CURVE_WITH_KNOTS('',1,(#9362,#9363),.UNSPECIFIED.,.F.,
  .F.,(2,2),(0.,1.570796326795),.PIECEWISE_BEZIER_KNOTS.);
#9362 = CARTESIAN_POINT('',(0.,1.570796326795));
#9363 = CARTESIAN_POINT('',(0.,0.));
#9364 = ( GEOMETRIC_REPRESENTATION_CONTEXT(2) 
PARAMETRIC_REPRESENTATION_CONTEXT() REPRESENTATION_CONTEXT('2D SPACE',''
  ) );
#9365 = ORIENTED_EDGE('',*,*,#9366,.F.);
#9366 = EDGE_CURVE('',#9104,#9339,#9367,.T.);
#9367 = SURFACE_CURVE('',#9368,(#9372,#9378),.PCURVE_S1.);
#9368 = LINE('',#9369,#9370);
#9369 = CARTESIAN_POINT('',(8.4,80.,5.));
#9370 = VECTOR('',#9371,1.);
#9371 = DIRECTION('',(0.,1.,0.));
#9372 = PCURVE('',#6213,#9373);
#9373 = DEFINITIONAL_REPRESENTATION('',(#9374),#9377);
#9374 = B_SPLINE_CURVE_WITH_KNOTS('',1,(#9375,#9376),.UNSPECIFIED.,.F.,
  .F.,(2,2),(0.,6.),.PIECEWISE_BEZIER_KNOTS.);
#9375 = CARTESIAN_POINT('',(0.,0.));
#9376 = CARTESIAN_POINT('',(0.,6.));
#9377 = ( GEOMETRIC_REPRESENTATION_CONTEXT(2) 
PARAMETRIC_REPRESENTATION_CONTEXT() REPRESENTATION_CONTEXT('2D SPACE',''
  ) );
#9378 = PCURVE('',#8675,#9379);
#9379 = DEFINITIONAL_REPRESENTATION('',(#9380),#9384);
#9380 = LINE('',#9381,#9382);
#9381 = CARTESIAN_POINT('',(0.,-17.4));
#9382 = VECTOR('',#9383,1.);
#9383 = DIRECTION('',(1.,0.));
#9384 = ( GEOMETRIC_REPRESENTATION_CONTEXT(2) 
PARAMETRIC_REPRESENTATION_CONTEXT() REPRESENTATION_CONTEXT('2D SPACE',''
  ) );
#9385 = ORIENTED_EDGE('',*,*,#9312,.T.);
#9386 = ORIENTED_EDGE('',*,*,#6197,.T.);
#9387 = ADVANCED_FACE('',(#9388),#6185,.T.);
#9388 = FACE_BOUND('',#9389,.T.);
#9389 = EDGE_LOOP('',(#9390,#9391,#9420,#9443));
#9390 = ORIENTED_EDGE('',*,*,#6169,.F.);
#9391 = ORIENTED_EDGE('',*,*,#9392,.F.);
#9392 = EDGE_CURVE('',#9393,#6142,#9395,.T.);
#9393 = VERTEX_POINT('',#9394);
#9394 = CARTESIAN_POINT('',(5.,90.,0.2));
#9395 = SURFACE_CURVE('',#9396,(#9401,#9408),.PCURVE_S1.);
#9396 = CIRCLE('',#9397,4.);
#9397 = AXIS2_PLACEMENT_3D('',#9398,#9399,#9400);
#9398 = CARTESIAN_POINT('',(5.,86.,0.2));
#9399 = DIRECTION('',(0.,-0.,-1.));
#9400 = DIRECTION('',(4.440892098501E-16,1.,-0.));
#9401 = PCURVE('',#6185,#9402);
#9402 = DEFINITIONAL_REPRESENTATION('',(#9403),#9407);
#9403 = LINE('',#9404,#9405);
#9404 = CARTESIAN_POINT('',(1.570796326795,0.2));
#9405 = VECTOR('',#9406,1.);
#9406 = DIRECTION('',(-1.,-0.));
#9407 = ( GEOMETRIC_REPRESENTATION_CONTEXT(2) 
PARAMETRIC_REPRESENTATION_CONTEXT() REPRESENTATION_CONTEXT('2D SPACE',''
  ) );
#9408 = PCURVE('',#9409,#9414);
#9409 = TOROIDAL_SURFACE('',#9410,3.8,0.2);
#9410 = AXIS2_PLACEMENT_3D('',#9411,#9412,#9413);
#9411 = CARTESIAN_POINT('',(5.,86.,0.2));
#9412 = DIRECTION('',(-0.,-0.,-1.));
#9413 = DIRECTION('',(4.440892098501E-16,1.,-0.));
#9414 = DEFINITIONAL_REPRESENTATION('',(#9415),#9419);
#9415 = LINE('',#9416,#9417);
#9416 = CARTESIAN_POINT('',(0.,0.));
#9417 = VECTOR('',#9418,1.);
#9418 = DIRECTION('',(1.,0.));
#9419 = ( GEOMETRIC_REPRESENTATION_CONTEXT(2) 
PARAMETRIC_REPRESENTATION_CONTEXT() REPRESENTATION_CONTEXT('2D SPACE',''
  ) );
#9420 = ORIENTED_EDGE('',*,*,#9421,.T.);
#9421 = EDGE_CURVE('',#9393,#9422,#9424,.T.);
#9422 = VERTEX_POINT('',#9423);
#9423 = CARTESIAN_POINT('',(5.,90.,4.4));
#9424 = SURFACE_CURVE('',#9425,(#9429,#9436),.PCURVE_S1.);
#9425 = LINE('',#9426,#9427);
#9426 = CARTESIAN_POINT('',(5.,90.,0.2));
#9427 = VECTOR('',#9428,1.);
#9428 = DIRECTION('',(3.700743415417E-16,0.,1.));
#9429 = PCURVE('',#6185,#9430);
#9430 = DEFINITIONAL_REPRESENTATION('',(#9431),#9435);
#9431 = LINE('',#9432,#9433);
#9432 = CARTESIAN_POINT('',(1.570796326795,0.2));
#9433 = VECTOR('',#9434,1.);
#9434 = DIRECTION('',(0.,1.));
#9435 = ( GEOMETRIC_REPRESENTATION_CONTEXT(2) 
PARAMETRIC_REPRESENTATION_CONTEXT() REPRESENTATION_CONTEXT('2D SPACE',''
  ) );
#9436 = PCURVE('',#8764,#9437);
#9437 = DEFINITIONAL_REPRESENTATION('',(#9438),#9442);
#9438 = LINE('',#9439,#9440);
#9439 = CARTESIAN_POINT('',(0.2,14.));
#9440 = VECTOR('',#9441,1.);
#9441 = DIRECTION('',(1.,3.700743415417E-16));
#9442 = ( GEOMETRIC_REPRESENTATION_CONTEXT(2) 
PARAMETRIC_REPRESENTATION_CONTEXT() REPRESENTATION_CONTEXT('2D SPACE',''
  ) );
#9443 = ORIENTED_EDGE('',*,*,#9444,.F.);
#9444 = EDGE_CURVE('',#6170,#9422,#9445,.T.);
#9445 = SURFACE_CURVE('',#9446,(#9451,#9458),.PCURVE_S1.);
#9446 = CIRCLE('',#9447,4.);
#9447 = AXIS2_PLACEMENT_3D('',#9448,#9449,#9450);
#9448 = CARTESIAN_POINT('',(5.,86.,4.4));
#9449 = DIRECTION('',(0.,0.,1.));
#9450 = DIRECTION('',(1.,0.,-0.));
#9451 = PCURVE('',#6185,#9452);
#9452 = DEFINITIONAL_REPRESENTATION('',(#9453),#9457);
#9453 = LINE('',#9454,#9455);
#9454 = CARTESIAN_POINT('',(0.,4.4));
#9455 = VECTOR('',#9456,1.);
#9456 = DIRECTION('',(1.,0.));
#9457 = ( GEOMETRIC_REPRESENTATION_CONTEXT(2) 
PARAMETRIC_REPRESENTATION_CONTEXT() REPRESENTATION_CONTEXT('2D SPACE',''
  ) );
#9458 = PCURVE('',#9355,#9459);
#9459 = DEFINITIONAL_REPRESENTATION('',(#9460),#9463);
#9460 = B_SPLINE_CURVE_WITH_KNOTS('',1,(#9461,#9462),.UNSPECIFIED.,.F.,
  .F.,(2,2),(0.,6.28318530718),.PIECEWISE_BEZIER_KNOTS.);
#9461 = CARTESIAN_POINT('',(0.,0.));
#9462 = CARTESIAN_POINT('',(6.28318530718,0.));
#9463 = ( GEOMETRIC_REPRESENTATION_CONTEXT(2) 
PARAMETRIC_REPRESENTATION_CONTEXT() REPRESENTATION_CONTEXT('2D SPACE',''
  ) );
#9464 = ADVANCED_FACE('',(#9465),#6157,.T.);
#9465 = FACE_BOUND('',#9466,.F.);
#9466 = EDGE_LOOP('',(#9467,#9468,#9492,#9515));
#9467 = ORIENTED_EDGE('',*,*,#6141,.F.);
#9468 = ORIENTED_EDGE('',*,*,#9469,.T.);
#9469 = EDGE_CURVE('',#6142,#9470,#9472,.T.);
#9470 = VERTEX_POINT('',#9471);
#9471 = CARTESIAN_POINT('',(8.8,86.,0.));
#9472 = SURFACE_CURVE('',#9473,(#9478,#9485),.PCURVE_S1.);
#9473 = CIRCLE('',#9474,0.2);
#9474 = AXIS2_PLACEMENT_3D('',#9475,#9476,#9477);
#9475 = CARTESIAN_POINT('',(8.8,86.,0.2));
#9476 = DIRECTION('',(1.608122649677E-16,1.,0.));
#9477 = DIRECTION('',(1.,-1.608122649677E-16,0.));
#9478 = PCURVE('',#6157,#9479);
#9479 = DEFINITIONAL_REPRESENTATION('',(#9480),#9484);
#9480 = LINE('',#9481,#9482);
#9481 = CARTESIAN_POINT('',(-0.,0.));
#9482 = VECTOR('',#9483,1.);
#9483 = DIRECTION('',(-1.,0.));
#9484 = ( GEOMETRIC_REPRESENTATION_CONTEXT(2) 
PARAMETRIC_REPRESENTATION_CONTEXT() REPRESENTATION_CONTEXT('2D SPACE',''
  ) );
#9485 = PCURVE('',#9409,#9486);
#9486 = DEFINITIONAL_REPRESENTATION('',(#9487),#9491);
#9487 = LINE('',#9488,#9489);
#9488 = CARTESIAN_POINT('',(1.570796326795,0.));
#9489 = VECTOR('',#9490,1.);
#9490 = DIRECTION('',(0.,1.));
#9491 = ( GEOMETRIC_REPRESENTATION_CONTEXT(2) 
PARAMETRIC_REPRESENTATION_CONTEXT() REPRESENTATION_CONTEXT('2D SPACE',''
  ) );
#9492 = ORIENTED_EDGE('',*,*,#9493,.T.);
#9493 = EDGE_CURVE('',#9470,#9494,#9496,.T.);
#9494 = VERTEX_POINT('',#9495);
#9495 = CARTESIAN_POINT('',(8.8,21.1,-1.387778780781E-17));
#9496 = SURFACE_CURVE('',#9497,(#9501,#9508),.PCURVE_S1.);
#9497 = LINE('',#9498,#9499);
#9498 = CARTESIAN_POINT('',(8.8,86.,-2.775557561563E-17));
#9499 = VECTOR('',#9500,1.);
#9500 = DIRECTION('',(-0.,-1.,-0.));
#9501 = PCURVE('',#6157,#9502);
#9502 = DEFINITIONAL_REPRESENTATION('',(#9503),#9507);
#9503 = LINE('',#9504,#9505);
#9504 = CARTESIAN_POINT('',(-1.570796326795,0.));
#9505 = VECTOR('',#9506,1.);
#9506 = DIRECTION('',(-0.,1.));
#9507 = ( GEOMETRIC_REPRESENTATION_CONTEXT(2) 
PARAMETRIC_REPRESENTATION_CONTEXT() REPRESENTATION_CONTEXT('2D SPACE',''
  ) );
#9508 = PCURVE('',#7858,#9509);
#9509 = DEFINITIONAL_REPRESENTATION('',(#9510),#9514);
#9510 = LINE('',#9511,#9512);
#9511 = CARTESIAN_POINT('',(17.8,86.));
#9512 = VECTOR('',#9513,1.);
#9513 = DIRECTION('',(0.,-1.));
#9514 = ( GEOMETRIC_REPRESENTATION_CONTEXT(2) 
PARAMETRIC_REPRESENTATION_CONTEXT() REPRESENTATION_CONTEXT('2D SPACE',''
  ) );
#9515 = ORIENTED_EDGE('',*,*,#9516,.T.);
#9516 = EDGE_CURVE('',#9494,#6114,#9517,.T.);
#9517 = SURFACE_CURVE('',#9518,(#9523,#9530),.PCURVE_S1.);
#9518 = CIRCLE('',#9519,0.2);
#9519 = AXIS2_PLACEMENT_3D('',#9520,#9521,#9522);
#9520 = CARTESIAN_POINT('',(8.8,21.1,0.2));
#9521 = DIRECTION('',(0.,-1.,-0.));
#9522 = DIRECTION('',(1.,0.,-0.));
#9523 = PCURVE('',#6157,#9524);
#9524 = DEFINITIONAL_REPRESENTATION('',(#9525),#9529);
#9525 = LINE('',#9526,#9527);
#9526 = CARTESIAN_POINT('',(-6.28318530718,64.9));
#9527 = VECTOR('',#9528,1.);
#9528 = DIRECTION('',(1.,-0.));
#9529 = ( GEOMETRIC_REPRESENTATION_CONTEXT(2) 
PARAMETRIC_REPRESENTATION_CONTEXT() REPRESENTATION_CONTEXT('2D SPACE',''
  ) );
#9530 = PCURVE('',#6129,#9531);
#9531 = DEFINITIONAL_REPRESENTATION('',(#9532),#9540);
#9532 = ( BOUNDED_CURVE() B_SPLINE_CURVE(2,(#9533,#9534,#9535,#9536,
#9537,#9538,#9539),.UNSPECIFIED.,.T.,.F.) B_SPLINE_CURVE_WITH_KNOTS((1,2
    ,2,2,2,1),(-2.094395102393,0.,2.094395102393,4.188790204786,
6.28318530718,8.377580409573),.UNSPECIFIED.) CURVE() 
GEOMETRIC_REPRESENTATION_ITEM() RATIONAL_B_SPLINE_CURVE((1.,0.5,1.,0.5,
1.,0.5,1.)) REPRESENTATION_ITEM('') );
#9533 = CARTESIAN_POINT('',(0.2,9.));
#9534 = CARTESIAN_POINT('',(0.546410161514,9.));
#9535 = CARTESIAN_POINT('',(0.373205080757,8.7));
#9536 = CARTESIAN_POINT('',(0.2,8.4));
#9537 = CARTESIAN_POINT('',(2.679491924311E-02,8.7));
#9538 = CARTESIAN_POINT('',(-0.146410161514,9.));
#9539 = CARTESIAN_POINT('',(0.2,9.));
#9540 = ( GEOMETRIC_REPRESENTATION_CONTEXT(2) 
PARAMETRIC_REPRESENTATION_CONTEXT() REPRESENTATION_CONTEXT('2D SPACE',''
  ) );
#9541 = ADVANCED_FACE('',(#9542),#6129,.F.);
#9542 = FACE_BOUND('',#9543,.F.);
#9543 = EDGE_LOOP('',(#9544,#9567,#9593,#9614,#9615));
#9544 = ORIENTED_EDGE('',*,*,#9545,.F.);
#9545 = EDGE_CURVE('',#9546,#9494,#9548,.T.);
#9546 = VERTEX_POINT('',#9547);
#9547 = CARTESIAN_POINT('',(6.152438540936,21.1,0.));
#9548 = SURFACE_CURVE('',#9549,(#9553,#9560),.PCURVE_S1.);
#9549 = LINE('',#9550,#9551);
#9550 = CARTESIAN_POINT('',(0.,21.1,0.));
#9551 = VECTOR('',#9552,1.);
#9552 = DIRECTION('',(1.,0.,0.));
#9553 = PCURVE('',#6129,#9554);
#9554 = DEFINITIONAL_REPRESENTATION('',(#9555),#9559);
#9555 = LINE('',#9556,#9557);
#9556 = CARTESIAN_POINT('',(0.,0.));
#9557 = VECTOR('',#9558,1.);
#9558 = DIRECTION('',(0.,1.));
#9559 = ( GEOMETRIC_REPRESENTATION_CONTEXT(2) 
PARAMETRIC_REPRESENTATION_CONTEXT() REPRESENTATION_CONTEXT('2D SPACE',''
  ) );
#9560 = PCURVE('',#7858,#9561);
#9561 = DEFINITIONAL_REPRESENTATION('',(#9562),#9566);
#9562 = LINE('',#9563,#9564);
#9563 = CARTESIAN_POINT('',(9.,21.1));
#9564 = VECTOR('',#9565,1.);
#9565 = DIRECTION('',(1.,0.));
#9566 = ( GEOMETRIC_REPRESENTATION_CONTEXT(2) 
PARAMETRIC_REPRESENTATION_CONTEXT() REPRESENTATION_CONTEXT('2D SPACE',''
  ) );
#9567 = ORIENTED_EDGE('',*,*,#9568,.T.);
#9568 = EDGE_CURVE('',#9546,#9569,#9571,.T.);
#9569 = VERTEX_POINT('',#9570);
#9570 = CARTESIAN_POINT('',(6.152438540936,21.1,1.2));
#9571 = SURFACE_CURVE('',#9572,(#9576,#9582),.PCURVE_S1.);
#9572 = LINE('',#9573,#9574);
#9573 = CARTESIAN_POINT('',(6.152438540936,21.1,0.));
#9574 = VECTOR('',#9575,1.);
#9575 = DIRECTION('',(0.,0.,1.));
#9576 = PCURVE('',#6129,#9577);
#9577 = DEFINITIONAL_REPRESENTATION('',(#9578),#9581);
#9578 = B_SPLINE_CURVE_WITH_KNOTS('',1,(#9579,#9580),.UNSPECIFIED.,.F.,
  .F.,(2,2),(-6.E-07,1.32),.PIECEWISE_BEZIER_KNOTS.);
#9579 = CARTESIAN_POINT('',(-6.E-07,6.152438540936));
#9580 = CARTESIAN_POINT('',(1.32,6.152438540936));
#9581 = ( GEOMETRIC_REPRESENTATION_CONTEXT(2) 
PARAMETRIC_REPRESENTATION_CONTEXT() REPRESENTATION_CONTEXT('2D SPACE',''
  ) );
#9582 = PCURVE('',#9583,#9588);
#9583 = CYLINDRICAL_SURFACE('',#9584,6.25);
#9584 = AXIS2_PLACEMENT_3D('',#9585,#9586,#9587);
#9585 = CARTESIAN_POINT('',(0.,20.,0.));
#9586 = DIRECTION('',(0.,0.,1.));
#9587 = DIRECTION('',(1.,0.,-0.));
#9588 = DEFINITIONAL_REPRESENTATION('',(#9589),#9592);
#9589 = B_SPLINE_CURVE_WITH_KNOTS('',1,(#9590,#9591),.UNSPECIFIED.,.F.,
  .F.,(2,2),(-6.E-07,1.32),.PIECEWISE_BEZIER_KNOTS.);
#9590 = CARTESIAN_POINT('',(0.176921533466,-6.E-07));
#9591 = CARTESIAN_POINT('',(0.176921533466,1.32));
#9592 = ( GEOMETRIC_REPRESENTATION_CONTEXT(2) 
PARAMETRIC_REPRESENTATION_CONTEXT() REPRESENTATION_CONTEXT('2D SPACE',''
  ) );
#9593 = ORIENTED_EDGE('',*,*,#9594,.T.);
#9594 = EDGE_CURVE('',#9569,#6086,#9595,.T.);
#9595 = SURFACE_CURVE('',#9596,(#9600,#9607),.PCURVE_S1.);
#9596 = LINE('',#9597,#9598);
#9597 = CARTESIAN_POINT('',(0.,21.1,1.2));
#9598 = VECTOR('',#9599,1.);
#9599 = DIRECTION('',(1.,0.,0.));
#9600 = PCURVE('',#6129,#9601);
#9601 = DEFINITIONAL_REPRESENTATION('',(#9602),#9606);
#9602 = LINE('',#9603,#9604);
#9603 = CARTESIAN_POINT('',(1.2,0.));
#9604 = VECTOR('',#9605,1.);
#9605 = DIRECTION('',(0.,1.));
#9606 = ( GEOMETRIC_REPRESENTATION_CONTEXT(2) 
PARAMETRIC_REPRESENTATION_CONTEXT() REPRESENTATION_CONTEXT('2D SPACE',''
  ) );
#9607 = PCURVE('',#6101,#9608);
#9608 = DEFINITIONAL_REPRESENTATION('',(#9609),#9613);
#9609 = LINE('',#9610,#9611);
#9610 = CARTESIAN_POINT('',(0.,2.2));
#9611 = VECTOR('',#9612,1.);
#9612 = DIRECTION('',(1.,0.));
#9613 = ( GEOMETRIC_REPRESENTATION_CONTEXT(2) 
PARAMETRIC_REPRESENTATION_CONTEXT() REPRESENTATION_CONTEXT('2D SPACE',''
  ) );
#9614 = ORIENTED_EDGE('',*,*,#6113,.F.);
#9615 = ORIENTED_EDGE('',*,*,#9516,.F.);
#9616 = ADVANCED_FACE('',(#9617),#6101,.F.);
#9617 = FACE_BOUND('',#9618,.F.);
#9618 = EDGE_LOOP('',(#9619,#9620,#9644,#9668,#9689));
#9619 = ORIENTED_EDGE('',*,*,#9594,.F.);
#9620 = ORIENTED_EDGE('',*,*,#9621,.F.);
#9621 = EDGE_CURVE('',#9622,#9569,#9624,.T.);
#9622 = VERTEX_POINT('',#9623);
#9623 = CARTESIAN_POINT('',(6.25,20.,1.2));
#9624 = SURFACE_CURVE('',#9625,(#9630,#9637),.PCURVE_S1.);
#9625 = CIRCLE('',#9626,6.25);
#9626 = AXIS2_PLACEMENT_3D('',#9627,#9628,#9629);
#9627 = CARTESIAN_POINT('',(0.,20.,1.2));
#9628 = DIRECTION('',(0.,0.,1.));
#9629 = DIRECTION('',(1.,0.,-0.));
#9630 = PCURVE('',#6101,#9631);
#9631 = DEFINITIONAL_REPRESENTATION('',(#9632),#9636);
#9632 = CIRCLE('',#9633,6.25);
#9633 = AXIS2_PLACEMENT_2D('',#9634,#9635);
#9634 = CARTESIAN_POINT('',(0.,1.1));
#9635 = DIRECTION('',(1.,0.));
#9636 = ( GEOMETRIC_REPRESENTATION_CONTEXT(2) 
PARAMETRIC_REPRESENTATION_CONTEXT() REPRESENTATION_CONTEXT('2D SPACE',''
  ) );
#9637 = PCURVE('',#9583,#9638);
#9638 = DEFINITIONAL_REPRESENTATION('',(#9639),#9643);
#9639 = LINE('',#9640,#9641);
#9640 = CARTESIAN_POINT('',(0.,1.2));
#9641 = VECTOR('',#9642,1.);
#9642 = DIRECTION('',(1.,0.));
#9643 = ( GEOMETRIC_REPRESENTATION_CONTEXT(2) 
PARAMETRIC_REPRESENTATION_CONTEXT() REPRESENTATION_CONTEXT('2D SPACE',''
  ) );
#9644 = ORIENTED_EDGE('',*,*,#9645,.F.);
#9645 = EDGE_CURVE('',#9646,#9622,#9648,.T.);
#9646 = VERTEX_POINT('',#9647);
#9647 = CARTESIAN_POINT('',(6.152438540936,18.9,1.2));
#9648 = SURFACE_CURVE('',#9649,(#9654,#9661),.PCURVE_S1.);
#9649 = CIRCLE('',#9650,6.25);
#9650 = AXIS2_PLACEMENT_3D('',#9651,#9652,#9653);
#9651 = CARTESIAN_POINT('',(0.,20.,1.2));
#9652 = DIRECTION('',(0.,0.,1.));
#9653 = DIRECTION('',(1.,0.,-0.));
#9654 = PCURVE('',#6101,#9655);
#9655 = DEFINITIONAL_REPRESENTATION('',(#9656),#9660);
#9656 = CIRCLE('',#9657,6.25);
#9657 = AXIS2_PLACEMENT_2D('',#9658,#9659);
#9658 = CARTESIAN_POINT('',(0.,1.1));
#9659 = DIRECTION('',(1.,0.));
#9660 = ( GEOMETRIC_REPRESENTATION_CONTEXT(2) 
PARAMETRIC_REPRESENTATION_CONTEXT() REPRESENTATION_CONTEXT('2D SPACE',''
  ) );
#9661 = PCURVE('',#9583,#9662);
#9662 = DEFINITIONAL_REPRESENTATION('',(#9663),#9667);
#9663 = LINE('',#9664,#9665);
#9664 = CARTESIAN_POINT('',(0.,1.2));
#9665 = VECTOR('',#9666,1.);
#9666 = DIRECTION('',(1.,0.));
#9667 = ( GEOMETRIC_REPRESENTATION_CONTEXT(2) 
PARAMETRIC_REPRESENTATION_CONTEXT() REPRESENTATION_CONTEXT('2D SPACE',''
  ) );
#9668 = ORIENTED_EDGE('',*,*,#9669,.T.);
#9669 = EDGE_CURVE('',#9646,#6058,#9670,.T.);
#9670 = SURFACE_CURVE('',#9671,(#9675,#9682),.PCURVE_S1.);
#9671 = LINE('',#9672,#9673);
#9672 = CARTESIAN_POINT('',(0.,18.9,1.2));
#9673 = VECTOR('',#9674,1.);
#9674 = DIRECTION('',(1.,0.,0.));
#9675 = PCURVE('',#6101,#9676);
#9676 = DEFINITIONAL_REPRESENTATION('',(#9677),#9681);
#9677 = LINE('',#9678,#9679);
#9678 = CARTESIAN_POINT('',(0.,0.));
#9679 = VECTOR('',#9680,1.);
#9680 = DIRECTION('',(1.,0.));
#9681 = ( GEOMETRIC_REPRESENTATION_CONTEXT(2) 
PARAMETRIC_REPRESENTATION_CONTEXT() REPRESENTATION_CONTEXT('2D SPACE',''
  ) );
#9682 = PCURVE('',#6073,#9683);
#9683 = DEFINITIONAL_REPRESENTATION('',(#9684),#9688);
#9684 = LINE('',#9685,#9686);
#9685 = CARTESIAN_POINT('',(1.2,0.));
#9686 = VECTOR('',#9687,1.);
#9687 = DIRECTION('',(0.,1.));
#9688 = ( GEOMETRIC_REPRESENTATION_CONTEXT(2) 
PARAMETRIC_REPRESENTATION_CONTEXT() REPRESENTATION_CONTEXT('2D SPACE',''
  ) );
#9689 = ORIENTED_EDGE('',*,*,#6085,.T.);
#9690 = ADVANCED_FACE('',(#9691),#6073,.T.);
#9691 = FACE_BOUND('',#9692,.T.);
#9692 = EDGE_LOOP('',(#9693,#9718,#9737,#9738,#9739));
#9693 = ORIENTED_EDGE('',*,*,#9694,.F.);
#9694 = EDGE_CURVE('',#9695,#9697,#9699,.T.);
#9695 = VERTEX_POINT('',#9696);
#9696 = CARTESIAN_POINT('',(6.152438540936,18.9,0.));
#9697 = VERTEX_POINT('',#9698);
#9698 = CARTESIAN_POINT('',(8.8,18.9,-1.387778780781E-17));
#9699 = SURFACE_CURVE('',#9700,(#9704,#9711),.PCURVE_S1.);
#9700 = LINE('',#9701,#9702);
#9701 = CARTESIAN_POINT('',(0.,18.9,0.));
#9702 = VECTOR('',#9703,1.);
#9703 = DIRECTION('',(1.,0.,0.));
#9704 = PCURVE('',#6073,#9705);
#9705 = DEFINITIONAL_REPRESENTATION('',(#9706),#9710);
#9706 = LINE('',#9707,#9708);
#9707 = CARTESIAN_POINT('',(0.,0.));
#9708 = VECTOR('',#9709,1.);
#9709 = DIRECTION('',(0.,1.));
#9710 = ( GEOMETRIC_REPRESENTATION_CONTEXT(2) 
PARAMETRIC_REPRESENTATION_CONTEXT() REPRESENTATION_CONTEXT('2D SPACE',''
  ) );
#9711 = PCURVE('',#7858,#9712);
#9712 = DEFINITIONAL_REPRESENTATION('',(#9713),#9717);
#9713 = LINE('',#9714,#9715);
#9714 = CARTESIAN_POINT('',(9.,18.9));
#9715 = VECTOR('',#9716,1.);
#9716 = DIRECTION('',(1.,0.));
#9717 = ( GEOMETRIC_REPRESENTATION_CONTEXT(2) 
PARAMETRIC_REPRESENTATION_CONTEXT() REPRESENTATION_CONTEXT('2D SPACE',''
  ) );
#9718 = ORIENTED_EDGE('',*,*,#9719,.T.);
#9719 = EDGE_CURVE('',#9695,#9646,#9720,.T.);
#9720 = SURFACE_CURVE('',#9721,(#9725,#9731),.PCURVE_S1.);
#9721 = LINE('',#9722,#9723);
#9722 = CARTESIAN_POINT('',(6.152438540936,18.9,0.));
#9723 = VECTOR('',#9724,1.);
#9724 = DIRECTION('',(0.,0.,1.));
#9725 = PCURVE('',#6073,#9726);
#9726 = DEFINITIONAL_REPRESENTATION('',(#9727),#9730);
#9727 = B_SPLINE_CURVE_WITH_KNOTS('',1,(#9728,#9729),.UNSPECIFIED.,.F.,
  .F.,(2,2),(-6.E-07,1.32),.PIECEWISE_BEZIER_KNOTS.);
#9728 = CARTESIAN_POINT('',(-6.E-07,6.152438540936));
#9729 = CARTESIAN_POINT('',(1.32,6.152438540936));
#9730 = ( GEOMETRIC_REPRESENTATION_CONTEXT(2) 
PARAMETRIC_REPRESENTATION_CONTEXT() REPRESENTATION_CONTEXT('2D SPACE',''
  ) );
#9731 = PCURVE('',#9583,#9732);
#9732 = DEFINITIONAL_REPRESENTATION('',(#9733),#9736);
#9733 = B_SPLINE_CURVE_WITH_KNOTS('',1,(#9734,#9735),.UNSPECIFIED.,.F.,
  .F.,(2,2),(-6.E-07,1.32),.PIECEWISE_BEZIER_KNOTS.);
#9734 = CARTESIAN_POINT('',(6.106263773713,-6.E-07));
#9735 = CARTESIAN_POINT('',(6.106263773713,1.32));
#9736 = ( GEOMETRIC_REPRESENTATION_CONTEXT(2) 
PARAMETRIC_REPRESENTATION_CONTEXT() REPRESENTATION_CONTEXT('2D SPACE',''
  ) );
#9737 = ORIENTED_EDGE('',*,*,#9669,.T.);
#9738 = ORIENTED_EDGE('',*,*,#6057,.F.);
#9739 = ORIENTED_EDGE('',*,*,#9740,.F.);
#9740 = EDGE_CURVE('',#9697,#6030,#9741,.T.);
#9741 = SURFACE_CURVE('',#9742,(#9747,#9758),.PCURVE_S1.);
#9742 = CIRCLE('',#9743,0.2);
#9743 = AXIS2_PLACEMENT_3D('',#9744,#9745,#9746);
#9744 = CARTESIAN_POINT('',(8.8,18.9,0.2));
#9745 = DIRECTION('',(0.,-1.,-0.));
#9746 = DIRECTION('',(1.,0.,-0.));
#9747 = PCURVE('',#6073,#9748);
#9748 = DEFINITIONAL_REPRESENTATION('',(#9749),#9757);
#9749 = ( BOUNDED_CURVE() B_SPLINE_CURVE(2,(#9750,#9751,#9752,#9753,
#9754,#9755,#9756),.UNSPECIFIED.,.T.,.F.) B_SPLINE_CURVE_WITH_KNOTS((1,2
    ,2,2,2,1),(-2.094395102393,0.,2.094395102393,4.188790204786,
6.28318530718,8.377580409573),.UNSPECIFIED.) CURVE() 
GEOMETRIC_REPRESENTATION_ITEM() RATIONAL_B_SPLINE_CURVE((1.,0.5,1.,0.5,
1.,0.5,1.)) REPRESENTATION_ITEM('') );
#9750 = CARTESIAN_POINT('',(0.2,9.));
#9751 = CARTESIAN_POINT('',(0.546410161514,9.));
#9752 = CARTESIAN_POINT('',(0.373205080757,8.7));
#9753 = CARTESIAN_POINT('',(0.2,8.4));
#9754 = CARTESIAN_POINT('',(2.679491924311E-02,8.7));
#9755 = CARTESIAN_POINT('',(-0.146410161514,9.));
#9756 = CARTESIAN_POINT('',(0.2,9.));
#9757 = ( GEOMETRIC_REPRESENTATION_CONTEXT(2) 
PARAMETRIC_REPRESENTATION_CONTEXT() REPRESENTATION_CONTEXT('2D SPACE',''
  ) );
#9758 = PCURVE('',#6045,#9759);
#9759 = DEFINITIONAL_REPRESENTATION('',(#9760),#9764);
#9760 = LINE('',#9761,#9762);
#9761 = CARTESIAN_POINT('',(-6.28318530718,67.1));
#9762 = VECTOR('',#9763,1.);
#9763 = DIRECTION('',(1.,-0.));
#9764 = ( GEOMETRIC_REPRESENTATION_CONTEXT(2) 
PARAMETRIC_REPRESENTATION_CONTEXT() REPRESENTATION_CONTEXT('2D SPACE',''
  ) );
#9765 = ADVANCED_FACE('',(#9766),#6045,.T.);
#9766 = FACE_BOUND('',#9767,.F.);
#9767 = EDGE_LOOP('',(#9768,#9769,#9770,#9793));
#9768 = ORIENTED_EDGE('',*,*,#6029,.F.);
#9769 = ORIENTED_EDGE('',*,*,#9740,.F.);
#9770 = ORIENTED_EDGE('',*,*,#9771,.T.);
#9771 = EDGE_CURVE('',#9697,#9772,#9774,.T.);
#9772 = VERTEX_POINT('',#9773);
#9773 = CARTESIAN_POINT('',(8.8,4.,-2.775557561563E-17));
#9774 = SURFACE_CURVE('',#9775,(#9779,#9786),.PCURVE_S1.);
#9775 = LINE('',#9776,#9777);
#9776 = CARTESIAN_POINT('',(8.8,86.,-2.775557561563E-17));
#9777 = VECTOR('',#9778,1.);
#9778 = DIRECTION('',(-0.,-1.,-0.));
#9779 = PCURVE('',#6045,#9780);
#9780 = DEFINITIONAL_REPRESENTATION('',(#9781),#9785);
#9781 = LINE('',#9782,#9783);
#9782 = CARTESIAN_POINT('',(-1.570796326795,0.));
#9783 = VECTOR('',#9784,1.);
#9784 = DIRECTION('',(-0.,1.));
#9785 = ( GEOMETRIC_REPRESENTATION_CONTEXT(2) 
PARAMETRIC_REPRESENTATION_CONTEXT() REPRESENTATION_CONTEXT('2D SPACE',''
  ) );
#9786 = PCURVE('',#7858,#9787);
#9787 = DEFINITIONAL_REPRESENTATION('',(#9788),#9792);
#9788 = LINE('',#9789,#9790);
#9789 = CARTESIAN_POINT('',(17.8,86.));
#9790 = VECTOR('',#9791,1.);
#9791 = DIRECTION('',(0.,-1.));
#9792 = ( GEOMETRIC_REPRESENTATION_CONTEXT(2) 
PARAMETRIC_REPRESENTATION_CONTEXT() REPRESENTATION_CONTEXT('2D SPACE',''
  ) );
#9793 = ORIENTED_EDGE('',*,*,#9794,.F.);
#9794 = EDGE_CURVE('',#6007,#9772,#9795,.T.);
#9795 = SURFACE_CURVE('',#9796,(#9801,#9808),.PCURVE_S1.);
#9796 = CIRCLE('',#9797,0.2);
#9797 = AXIS2_PLACEMENT_3D('',#9798,#9799,#9800);
#9798 = CARTESIAN_POINT('',(8.8,4.,0.2));
#9799 = DIRECTION('',(0.,1.,0.));
#9800 = DIRECTION('',(1.,0.,-0.));
#9801 = PCURVE('',#6045,#9802);
#9802 = DEFINITIONAL_REPRESENTATION('',(#9803),#9807);
#9803 = LINE('',#9804,#9805);
#9804 = CARTESIAN_POINT('',(-0.,82.));
#9805 = VECTOR('',#9806,1.);
#9806 = DIRECTION('',(-1.,0.));
#9807 = ( GEOMETRIC_REPRESENTATION_CONTEXT(2) 
PARAMETRIC_REPRESENTATION_CONTEXT() REPRESENTATION_CONTEXT('2D SPACE',''
  ) );
#9808 = PCURVE('',#7750,#9809);
#9809 = DEFINITIONAL_REPRESENTATION('',(#9810),#9814);
#9810 = LINE('',#9811,#9812);
#9811 = CARTESIAN_POINT('',(0.,0.));
#9812 = VECTOR('',#9813,1.);
#9813 = DIRECTION('',(0.,1.));
#9814 = ( GEOMETRIC_REPRESENTATION_CONTEXT(2) 
PARAMETRIC_REPRESENTATION_CONTEXT() REPRESENTATION_CONTEXT('2D SPACE',''
  ) );
#9815 = ADVANCED_FACE('',(#9816),#6645,.T.);
#9816 = FACE_BOUND('',#9817,.T.);
#9817 = EDGE_LOOP('',(#9818,#9819,#9820,#9821,#9843));
#9818 = ORIENTED_EDGE('',*,*,#6628,.T.);
#9819 = ORIENTED_EDGE('',*,*,#6738,.T.);
#9820 = ORIENTED_EDGE('',*,*,#8954,.T.);
#9821 = ORIENTED_EDGE('',*,*,#9822,.F.);
#9822 = EDGE_CURVE('',#9823,#8955,#9825,.T.);
#9823 = VERTEX_POINT('',#9824);
#9824 = CARTESIAN_POINT('',(9.,72.2,16.));
#9825 = SURFACE_CURVE('',#9826,(#9831,#9837),.PCURVE_S1.);
#9826 = CIRCLE('',#9827,0.8);
#9827 = AXIS2_PLACEMENT_3D('',#9828,#9829,#9830);
#9828 = CARTESIAN_POINT('',(8.2,72.2,16.));
#9829 = DIRECTION('',(0.,0.,1.));
#9830 = DIRECTION('',(1.,0.,-0.));
#9831 = PCURVE('',#6645,#9832);
#9832 = DEFINITIONAL_REPRESENTATION('',(#9833),#9836);
#9833 = B_SPLINE_CURVE_WITH_KNOTS('',1,(#9834,#9835),.UNSPECIFIED.,.F.,
  .F.,(2,2),(0.,1.570796326795),.PIECEWISE_BEZIER_KNOTS.);
#9834 = CARTESIAN_POINT('',(0.,13.));
#9835 = CARTESIAN_POINT('',(1.570796326795,13.));
#9836 = ( GEOMETRIC_REPRESENTATION_CONTEXT(2) 
PARAMETRIC_REPRESENTATION_CONTEXT() REPRESENTATION_CONTEXT('2D SPACE',''
  ) );
#9837 = PCURVE('',#8889,#9838);
#9838 = DEFINITIONAL_REPRESENTATION('',(#9839),#9842);
#9839 = B_SPLINE_CURVE_WITH_KNOTS('',1,(#9840,#9841),.UNSPECIFIED.,.F.,
  .F.,(2,2),(0.,1.570796326795),.PIECEWISE_BEZIER_KNOTS.);
#9840 = CARTESIAN_POINT('',(0.,0.));
#9841 = CARTESIAN_POINT('',(0.,1.570796326795));
#9842 = ( GEOMETRIC_REPRESENTATION_CONTEXT(2) 
PARAMETRIC_REPRESENTATION_CONTEXT() REPRESENTATION_CONTEXT('2D SPACE',''
  ) );
#9843 = ORIENTED_EDGE('',*,*,#9844,.F.);
#9844 = EDGE_CURVE('',#6629,#9823,#9845,.T.);
#9845 = SURFACE_CURVE('',#9846,(#9850,#9857),.PCURVE_S1.);
#9846 = LINE('',#9847,#9848);
#9847 = CARTESIAN_POINT('',(9.,72.2,3.));
#9848 = VECTOR('',#9849,1.);
#9849 = DIRECTION('',(0.,0.,1.));
#9850 = PCURVE('',#6645,#9851);
#9851 = DEFINITIONAL_REPRESENTATION('',(#9852),#9856);
#9852 = LINE('',#9853,#9854);
#9853 = CARTESIAN_POINT('',(0.,0.));
#9854 = VECTOR('',#9855,1.);
#9855 = DIRECTION('',(0.,1.));
#9856 = ( GEOMETRIC_REPRESENTATION_CONTEXT(2) 
PARAMETRIC_REPRESENTATION_CONTEXT() REPRESENTATION_CONTEXT('2D SPACE',''
  ) );
#9857 = PCURVE('',#6700,#9858);
#9858 = DEFINITIONAL_REPRESENTATION('',(#9859),#9863);
#9859 = LINE('',#9860,#9861);
#9860 = CARTESIAN_POINT('',(0.,-0.8));
#9861 = VECTOR('',#9862,1.);
#9862 = DIRECTION('',(1.,0.));
#9863 = ( GEOMETRIC_REPRESENTATION_CONTEXT(2) 
PARAMETRIC_REPRESENTATION_CONTEXT() REPRESENTATION_CONTEXT('2D SPACE',''
  ) );
#9864 = ADVANCED_FACE('',(#9865),#6700,.F.);
#9865 = FACE_BOUND('',#9866,.F.);
#9866 = EDGE_LOOP('',(#9867,#9868,#9869,#9890));
#9867 = ORIENTED_EDGE('',*,*,#6686,.T.);
#9868 = ORIENTED_EDGE('',*,*,#8192,.T.);
#9869 = ORIENTED_EDGE('',*,*,#9870,.F.);
#9870 = EDGE_CURVE('',#9823,#7875,#9871,.T.);
#9871 = SURFACE_CURVE('',#9872,(#9876,#9883),.PCURVE_S1.);
#9872 = LINE('',#9873,#9874);
#9873 = CARTESIAN_POINT('',(9.,73.,16.));
#9874 = VECTOR('',#9875,1.);
#9875 = DIRECTION('',(0.,-1.,0.));
#9876 = PCURVE('',#6700,#9877);
#9877 = DEFINITIONAL_REPRESENTATION('',(#9878),#9882);
#9878 = LINE('',#9879,#9880);
#9879 = CARTESIAN_POINT('',(13.,0.));
#9880 = VECTOR('',#9881,1.);
#9881 = DIRECTION('',(0.,-1.));
#9882 = ( GEOMETRIC_REPRESENTATION_CONTEXT(2) 
PARAMETRIC_REPRESENTATION_CONTEXT() REPRESENTATION_CONTEXT('2D SPACE',''
  ) );
#9883 = PCURVE('',#7913,#9884);
#9884 = DEFINITIONAL_REPRESENTATION('',(#9885),#9889);
#9885 = LINE('',#9886,#9887);
#9886 = CARTESIAN_POINT('',(-0.,0.));
#9887 = VECTOR('',#9888,1.);
#9888 = DIRECTION('',(-0.,-1.));
#9889 = ( GEOMETRIC_REPRESENTATION_CONTEXT(2) 
PARAMETRIC_REPRESENTATION_CONTEXT() REPRESENTATION_CONTEXT('2D SPACE',''
  ) );
#9890 = ORIENTED_EDGE('',*,*,#9844,.F.);
#9891 = ADVANCED_FACE('',(#9892),#6834,.T.);
#9892 = FACE_BOUND('',#9893,.T.);
#9893 = EDGE_LOOP('',(#9894,#9895,#9916,#9917));
#9894 = ORIENTED_EDGE('',*,*,#7569,.T.);
#9895 = ORIENTED_EDGE('',*,*,#9896,.T.);
#9896 = EDGE_CURVE('',#7570,#6850,#9897,.T.);
#9897 = SURFACE_CURVE('',#9898,(#9902,#9909),.PCURVE_S1.);
#9898 = LINE('',#9899,#9900);
#9899 = CARTESIAN_POINT('',(-8.8,44.,6.));
#9900 = VECTOR('',#9901,1.);
#9901 = DIRECTION('',(0.,1.,0.));
#9902 = PCURVE('',#6834,#9903);
#9903 = DEFINITIONAL_REPRESENTATION('',(#9904),#9908);
#9904 = LINE('',#9905,#9906);
#9905 = CARTESIAN_POINT('',(1.570796326795,0.));
#9906 = VECTOR('',#9907,1.);
#9907 = DIRECTION('',(0.,1.));
#9908 = ( GEOMETRIC_REPRESENTATION_CONTEXT(2) 
PARAMETRIC_REPRESENTATION_CONTEXT() REPRESENTATION_CONTEXT('2D SPACE',''
  ) );
#9909 = PCURVE('',#6913,#9910);
#9910 = DEFINITIONAL_REPRESENTATION('',(#9911),#9915);
#9911 = LINE('',#9912,#9913);
#9912 = CARTESIAN_POINT('',(0.2,1.));
#9913 = VECTOR('',#9914,1.);
#9914 = DIRECTION('',(0.,1.));
#9915 = ( GEOMETRIC_REPRESENTATION_CONTEXT(2) 
PARAMETRIC_REPRESENTATION_CONTEXT() REPRESENTATION_CONTEXT('2D SPACE',''
  ) );
#9916 = ORIENTED_EDGE('',*,*,#6849,.F.);
#9917 = ORIENTED_EDGE('',*,*,#6820,.F.);
#9918 = ADVANCED_FACE('',(#9919,#9929),#6913,.T.);
#9919 = FACE_BOUND('',#9920,.T.);
#9920 = EDGE_LOOP('',(#9921,#9922,#9923,#9924,#9925,#9926,#9927,#9928));
#9921 = ORIENTED_EDGE('',*,*,#9896,.F.);
#9922 = ORIENTED_EDGE('',*,*,#7593,.F.);
#9923 = ORIENTED_EDGE('',*,*,#7468,.F.);
#9924 = ORIENTED_EDGE('',*,*,#7383,.F.);
#9925 = ORIENTED_EDGE('',*,*,#7258,.F.);
#9926 = ORIENTED_EDGE('',*,*,#7173,.F.);
#9927 = ORIENTED_EDGE('',*,*,#7048,.F.);
#9928 = ORIENTED_EDGE('',*,*,#6898,.F.);
#9929 = FACE_BOUND('',#9930,.T.);
#9930 = EDGE_LOOP('',(#9931));
#9931 = ORIENTED_EDGE('',*,*,#9932,.F.);
#9932 = EDGE_CURVE('',#9933,#9933,#9935,.T.);
#9933 = VERTEX_POINT('',#9934);
#9934 = CARTESIAN_POINT('',(-4.75,46.,6.));
#9935 = SURFACE_CURVE('',#9936,(#9941,#9948),.PCURVE_S1.);
#9936 = CIRCLE('',#9937,1.25);
#9937 = AXIS2_PLACEMENT_3D('',#9938,#9939,#9940);
#9938 = CARTESIAN_POINT('',(-6.,46.,6.));
#9939 = DIRECTION('',(0.,0.,1.));
#9940 = DIRECTION('',(1.,0.,-0.));
#9941 = PCURVE('',#6913,#9942);
#9942 = DEFINITIONAL_REPRESENTATION('',(#9943),#9947);
#9943 = CIRCLE('',#9944,1.25);
#9944 = AXIS2_PLACEMENT_2D('',#9945,#9946);
#9945 = CARTESIAN_POINT('',(3.,3.));
#9946 = DIRECTION('',(1.,0.));
#9947 = ( GEOMETRIC_REPRESENTATION_CONTEXT(2) 
PARAMETRIC_REPRESENTATION_CONTEXT() REPRESENTATION_CONTEXT('2D SPACE',''
  ) );
#9948 = PCURVE('',#9949,#9954);
#9949 = CYLINDRICAL_SURFACE('',#9950,1.25);
#9950 = AXIS2_PLACEMENT_3D('',#9951,#9952,#9953);
#9951 = CARTESIAN_POINT('',(-6.,46.,0.));
#9952 = DIRECTION('',(0.,0.,1.));
#9953 = DIRECTION('',(1.,0.,-0.));
#9954 = DEFINITIONAL_REPRESENTATION('',(#9955),#9959);
#9955 = LINE('',#9956,#9957);
#9956 = CARTESIAN_POINT('',(0.,6.));
#9957 = VECTOR('',#9958,1.);
#9958 = DIRECTION('',(1.,0.));
#9959 = ( GEOMETRIC_REPRESENTATION_CONTEXT(2) 
PARAMETRIC_REPRESENTATION_CONTEXT() REPRESENTATION_CONTEXT('2D SPACE',''
  ) );
#9960 = ADVANCED_FACE('',(#9961),#6949,.T.);
#9961 = FACE_BOUND('',#9962,.T.);
#9962 = EDGE_LOOP('',(#9963,#9964,#9985,#9986));
#9963 = ORIENTED_EDGE('',*,*,#6989,.T.);
#9964 = ORIENTED_EDGE('',*,*,#9965,.T.);
#9965 = EDGE_CURVE('',#6990,#7623,#9966,.T.);
#9966 = SURFACE_CURVE('',#9967,(#9971,#9978),.PCURVE_S1.);
#9967 = LINE('',#9968,#9969);
#9968 = CARTESIAN_POINT('',(8.8,48.,6.));
#9969 = VECTOR('',#9970,1.);
#9970 = DIRECTION('',(-0.,-1.,-0.));
#9971 = PCURVE('',#6949,#9972);
#9972 = DEFINITIONAL_REPRESENTATION('',(#9973),#9977);
#9973 = LINE('',#9974,#9975);
#9974 = CARTESIAN_POINT('',(1.570796326795,0.));
#9975 = VECTOR('',#9976,1.);
#9976 = DIRECTION('',(0.,1.));
#9977 = ( GEOMETRIC_REPRESENTATION_CONTEXT(2) 
PARAMETRIC_REPRESENTATION_CONTEXT() REPRESENTATION_CONTEXT('2D SPACE',''
  ) );
#9978 = PCURVE('',#7028,#9979);
#9979 = DEFINITIONAL_REPRESENTATION('',(#9980),#9984);
#9980 = LINE('',#9981,#9982);
#9981 = CARTESIAN_POINT('',(5.8,5.));
#9982 = VECTOR('',#9983,1.);
#9983 = DIRECTION('',(0.,-1.));
#9984 = ( GEOMETRIC_REPRESENTATION_CONTEXT(2) 
PARAMETRIC_REPRESENTATION_CONTEXT() REPRESENTATION_CONTEXT('2D SPACE',''
  ) );
#9985 = ORIENTED_EDGE('',*,*,#7622,.F.);
#9986 = ORIENTED_EDGE('',*,*,#6935,.F.);
#9987 = ADVANCED_FACE('',(#9988,#9998),#7028,.T.);
#9988 = FACE_BOUND('',#9989,.T.);
#9989 = EDGE_LOOP('',(#9990,#9991,#9992,#9993,#9994,#9995,#9996,#9997));
#9990 = ORIENTED_EDGE('',*,*,#7331,.F.);
#9991 = ORIENTED_EDGE('',*,*,#7438,.F.);
#9992 = ORIENTED_EDGE('',*,*,#7541,.F.);
#9993 = ORIENTED_EDGE('',*,*,#7648,.F.);
#9994 = ORIENTED_EDGE('',*,*,#9965,.F.);
#9995 = ORIENTED_EDGE('',*,*,#7013,.F.);
#9996 = ORIENTED_EDGE('',*,*,#7121,.F.);
#9997 = ORIENTED_EDGE('',*,*,#7228,.F.);
#9998 = FACE_BOUND('',#9999,.T.);
#9999 = EDGE_LOOP('',(#10000));
#10000 = ORIENTED_EDGE('',*,*,#10001,.F.);
#10001 = EDGE_CURVE('',#10002,#10002,#10004,.T.);
#10002 = VERTEX_POINT('',#10003);
#10003 = CARTESIAN_POINT('',(7.25,46.,6.));
#10004 = SURFACE_CURVE('',#10005,(#10010,#10017),.PCURVE_S1.);
#10005 = CIRCLE('',#10006,1.25);
#10006 = AXIS2_PLACEMENT_3D('',#10007,#10008,#10009);
#10007 = CARTESIAN_POINT('',(6.,46.,6.));
#10008 = DIRECTION('',(0.,0.,1.));
#10009 = DIRECTION('',(1.,0.,-0.));
#10010 = PCURVE('',#7028,#10011);
#10011 = DEFINITIONAL_REPRESENTATION('',(#10012),#10016);
#10012 = CIRCLE('',#10013,1.25);
#10013 = AXIS2_PLACEMENT_2D('',#10014,#10015);
#10014 = CARTESIAN_POINT('',(3.,3.));
#10015 = DIRECTION('',(1.,0.));
#10016 = ( GEOMETRIC_REPRESENTATION_CONTEXT(2) 
PARAMETRIC_REPRESENTATION_CONTEXT() REPRESENTATION_CONTEXT('2D SPACE',''
  ) );
#10017 = PCURVE('',#10018,#10023);
#10018 = CYLINDRICAL_SURFACE('',#10019,1.25);
#10019 = AXIS2_PLACEMENT_3D('',#10020,#10021,#10022);
#10020 = CARTESIAN_POINT('',(6.,46.,0.));
#10021 = DIRECTION('',(0.,0.,1.));
#10022 = DIRECTION('',(1.,0.,-0.));
#10023 = DEFINITIONAL_REPRESENTATION('',(#10024),#10028);
#10024 = LINE('',#10025,#10026);
#10025 = CARTESIAN_POINT('',(0.,6.));
#10026 = VECTOR('',#10027,1.);
#10027 = DIRECTION('',(1.,0.));
#10028 = ( GEOMETRIC_REPRESENTATION_CONTEXT(2) 
PARAMETRIC_REPRESENTATION_CONTEXT() REPRESENTATION_CONTEXT('2D SPACE',''
  ) );
#10029 = ADVANCED_FACE('',(#10030),#7695,.T.);
#10030 = FACE_BOUND('',#10031,.T.);
#10031 = EDGE_LOOP('',(#10032,#10056,#10057,#10058));
#10032 = ORIENTED_EDGE('',*,*,#10033,.F.);
#10033 = EDGE_CURVE('',#7679,#10034,#10036,.T.);
#10034 = VERTEX_POINT('',#10035);
#10035 = CARTESIAN_POINT('',(-5.,0.2,-2.775557561563E-17));
#10036 = SURFACE_CURVE('',#10037,(#10042,#10049),.PCURVE_S1.);
#10037 = CIRCLE('',#10038,0.2);
#10038 = AXIS2_PLACEMENT_3D('',#10039,#10040,#10041);
#10039 = CARTESIAN_POINT('',(-5.,0.2,0.2));
#10040 = DIRECTION('',(1.,0.,0.));
#10041 = DIRECTION('',(0.,-1.,0.));
#10042 = PCURVE('',#7695,#10043);
#10043 = DEFINITIONAL_REPRESENTATION('',(#10044),#10048);
#10044 = LINE('',#10045,#10046);
#10045 = CARTESIAN_POINT('',(-2.22044604925E-16,0.));
#10046 = VECTOR('',#10047,1.);
#10047 = DIRECTION('',(0.,1.));
#10048 = ( GEOMETRIC_REPRESENTATION_CONTEXT(2) 
PARAMETRIC_REPRESENTATION_CONTEXT() REPRESENTATION_CONTEXT('2D SPACE',''
  ) );
#10049 = PCURVE('',#7804,#10050);
#10050 = DEFINITIONAL_REPRESENTATION('',(#10051),#10055);
#10051 = LINE('',#10052,#10053);
#10052 = CARTESIAN_POINT('',(-0.,10.));
#10053 = VECTOR('',#10054,1.);
#10054 = DIRECTION('',(-1.,0.));
#10055 = ( GEOMETRIC_REPRESENTATION_CONTEXT(2) 
PARAMETRIC_REPRESENTATION_CONTEXT() REPRESENTATION_CONTEXT('2D SPACE',''
  ) );
#10056 = ORIENTED_EDGE('',*,*,#7678,.T.);
#10057 = ORIENTED_EDGE('',*,*,#8800,.T.);
#10058 = ORIENTED_EDGE('',*,*,#10059,.F.);
#10059 = EDGE_CURVE('',#10034,#8801,#10060,.T.);
#10060 = SURFACE_CURVE('',#10061,(#10066,#10073),.PCURVE_S1.);
#10061 = CIRCLE('',#10062,3.8);
#10062 = AXIS2_PLACEMENT_3D('',#10063,#10064,#10065);
#10063 = CARTESIAN_POINT('',(-5.,4.,0.));
#10064 = DIRECTION('',(-0.,0.,-1.));
#10065 = DIRECTION('',(-2.22044604925E-16,-1.,0.));
#10066 = PCURVE('',#7695,#10067);
#10067 = DEFINITIONAL_REPRESENTATION('',(#10068),#10072);
#10068 = LINE('',#10069,#10070);
#10069 = CARTESIAN_POINT('',(0.,1.570796326795));
#10070 = VECTOR('',#10071,1.);
#10071 = DIRECTION('',(1.,0.));
#10072 = ( GEOMETRIC_REPRESENTATION_CONTEXT(2) 
PARAMETRIC_REPRESENTATION_CONTEXT() REPRESENTATION_CONTEXT('2D SPACE',''
  ) );
#10073 = PCURVE('',#7858,#10074);
#10074 = DEFINITIONAL_REPRESENTATION('',(#10075),#10083);
#10075 = ( BOUNDED_CURVE() B_SPLINE_CURVE(2,(#10076,#10077,#10078,#10079
    ,#10080,#10081,#10082),.UNSPECIFIED.,.T.,.F.) 
B_SPLINE_CURVE_WITH_KNOTS((1,2,2,2,2,1),(-2.094395102393,0.,
    2.094395102393,4.188790204786,6.28318530718,8.377580409573),
.UNSPECIFIED.) CURVE() GEOMETRIC_REPRESENTATION_ITEM() 
RATIONAL_B_SPLINE_CURVE((1.,0.5,1.,0.5,1.,0.5,1.)) REPRESENTATION_ITEM(
  '') );
#10076 = CARTESIAN_POINT('',(4.,0.2));
#10077 = CARTESIAN_POINT('',(-2.581793068762,0.2));
#10078 = CARTESIAN_POINT('',(0.709103465619,5.9));
#10079 = CARTESIAN_POINT('',(4.,11.6));
#10080 = CARTESIAN_POINT('',(7.290896534381,5.9));
#10081 = CARTESIAN_POINT('',(10.581793068762,0.2));
#10082 = CARTESIAN_POINT('',(4.,0.2));
#10083 = ( GEOMETRIC_REPRESENTATION_CONTEXT(2) 
PARAMETRIC_REPRESENTATION_CONTEXT() REPRESENTATION_CONTEXT('2D SPACE',''
  ) );
#10084 = ADVANCED_FACE('',(#10085),#7750,.T.);
#10085 = FACE_BOUND('',#10086,.T.);
#10086 = EDGE_LOOP('',(#10087,#10088,#10089,#10113));
#10087 = ORIENTED_EDGE('',*,*,#9794,.F.);
#10088 = ORIENTED_EDGE('',*,*,#7733,.T.);
#10089 = ORIENTED_EDGE('',*,*,#10090,.T.);
#10090 = EDGE_CURVE('',#7734,#10091,#10093,.T.);
#10091 = VERTEX_POINT('',#10092);
#10092 = CARTESIAN_POINT('',(5.,0.2,0.));
#10093 = SURFACE_CURVE('',#10094,(#10099,#10106),.PCURVE_S1.);
#10094 = CIRCLE('',#10095,0.2);
#10095 = AXIS2_PLACEMENT_3D('',#10096,#10097,#10098);
#10096 = CARTESIAN_POINT('',(5.,0.2,0.2));
#10097 = DIRECTION('',(1.,6.123233995737E-17,0.));
#10098 = DIRECTION('',(6.123233995737E-17,-1.,0.));
#10099 = PCURVE('',#7750,#10100);
#10100 = DEFINITIONAL_REPRESENTATION('',(#10101),#10105);
#10101 = LINE('',#10102,#10103);
#10102 = CARTESIAN_POINT('',(1.570796326795,0.));
#10103 = VECTOR('',#10104,1.);
#10104 = DIRECTION('',(0.,1.));
#10105 = ( GEOMETRIC_REPRESENTATION_CONTEXT(2) 
PARAMETRIC_REPRESENTATION_CONTEXT() REPRESENTATION_CONTEXT('2D SPACE',''
  ) );
#10106 = PCURVE('',#7804,#10107);
#10107 = DEFINITIONAL_REPRESENTATION('',(#10108),#10112);
#10108 = LINE('',#10109,#10110);
#10109 = CARTESIAN_POINT('',(-0.,0.));
#10110 = VECTOR('',#10111,1.);
#10111 = DIRECTION('',(-1.,0.));
#10112 = ( GEOMETRIC_REPRESENTATION_CONTEXT(2) 
PARAMETRIC_REPRESENTATION_CONTEXT() REPRESENTATION_CONTEXT('2D SPACE',''
  ) );
#10113 = ORIENTED_EDGE('',*,*,#10114,.F.);
#10114 = EDGE_CURVE('',#9772,#10091,#10115,.T.);
#10115 = SURFACE_CURVE('',#10116,(#10121,#10128),.PCURVE_S1.);
#10116 = CIRCLE('',#10117,3.8);
#10117 = AXIS2_PLACEMENT_3D('',#10118,#10119,#10120);
#10118 = CARTESIAN_POINT('',(5.,4.,0.));
#10119 = DIRECTION('',(0.,-0.,-1.));
#10120 = DIRECTION('',(1.,0.,-0.));
#10121 = PCURVE('',#7750,#10122);
#10122 = DEFINITIONAL_REPRESENTATION('',(#10123),#10127);
#10123 = LINE('',#10124,#10125);
#10124 = CARTESIAN_POINT('',(0.,1.570796326795));
#10125 = VECTOR('',#10126,1.);
#10126 = DIRECTION('',(1.,0.));
#10127 = ( GEOMETRIC_REPRESENTATION_CONTEXT(2) 
PARAMETRIC_REPRESENTATION_CONTEXT() REPRESENTATION_CONTEXT('2D SPACE',''
  ) );
#10128 = PCURVE('',#7858,#10129);
#10129 = DEFINITIONAL_REPRESENTATION('',(#10130),#10138);
#10130 = ( BOUNDED_CURVE() B_SPLINE_CURVE(2,(#10131,#10132,#10133,#10134
    ,#10135,#10136,#10137),.UNSPECIFIED.,.T.,.F.) 
B_SPLINE_CURVE_WITH_KNOTS((1,2,2,2,2,1),(-2.094395102393,0.,
    2.094395102393,4.188790204786,6.28318530718,8.377580409573),
.UNSPECIFIED.) CURVE() GEOMETRIC_REPRESENTATION_ITEM() 
RATIONAL_B_SPLINE_CURVE((1.,0.5,1.,0.5,1.,0.5,1.)) REPRESENTATION_ITEM(
  '') );
#10131 = CARTESIAN_POINT('',(17.8,4.));
#10132 = CARTESIAN_POINT('',(17.8,-2.581793068762));
#10133 = CARTESIAN_POINT('',(12.1,0.709103465619));
#10134 = CARTESIAN_POINT('',(6.4,4.));
#10135 = CARTESIAN_POINT('',(12.1,7.290896534381));
#10136 = CARTESIAN_POINT('',(17.8,10.581793068762));
#10137 = CARTESIAN_POINT('',(17.8,4.));
#10138 = ( GEOMETRIC_REPRESENTATION_CONTEXT(2) 
PARAMETRIC_REPRESENTATION_CONTEXT() REPRESENTATION_CONTEXT('2D SPACE',''
  ) );
#10139 = ADVANCED_FACE('',(#10140),#7804,.T.);
#10140 = FACE_BOUND('',#10141,.F.);
#10141 = EDGE_LOOP('',(#10142,#10143,#10164,#10165));
#10142 = ORIENTED_EDGE('',*,*,#10090,.T.);
#10143 = ORIENTED_EDGE('',*,*,#10144,.T.);
#10144 = EDGE_CURVE('',#10091,#10034,#10145,.T.);
#10145 = SURFACE_CURVE('',#10146,(#10150,#10157),.PCURVE_S1.);
#10146 = LINE('',#10147,#10148);
#10147 = CARTESIAN_POINT('',(5.,0.2,-2.775557561563E-17));
#10148 = VECTOR('',#10149,1.);
#10149 = DIRECTION('',(-1.,-0.,-0.));
#10150 = PCURVE('',#7804,#10151);
#10151 = DEFINITIONAL_REPRESENTATION('',(#10152),#10156);
#10152 = LINE('',#10153,#10154);
#10153 = CARTESIAN_POINT('',(-1.570796326795,0.));
#10154 = VECTOR('',#10155,1.);
#10155 = DIRECTION('',(-0.,1.));
#10156 = ( GEOMETRIC_REPRESENTATION_CONTEXT(2) 
PARAMETRIC_REPRESENTATION_CONTEXT() REPRESENTATION_CONTEXT('2D SPACE',''
  ) );
#10157 = PCURVE('',#7858,#10158);
#10158 = DEFINITIONAL_REPRESENTATION('',(#10159),#10163);
#10159 = LINE('',#10160,#10161);
#10160 = CARTESIAN_POINT('',(14.,0.2));
#10161 = VECTOR('',#10162,1.);
#10162 = DIRECTION('',(-1.,0.));
#10163 = ( GEOMETRIC_REPRESENTATION_CONTEXT(2) 
PARAMETRIC_REPRESENTATION_CONTEXT() REPRESENTATION_CONTEXT('2D SPACE',''
  ) );
#10164 = ORIENTED_EDGE('',*,*,#10033,.F.);
#10165 = ORIENTED_EDGE('',*,*,#7790,.F.);
#10166 = ADVANCED_FACE('',(#10167,#10281,#10284,#10310,#10336),#7858,.F.
  );
#10167 = FACE_BOUND('',#10168,.F.);
#10168 = EDGE_LOOP('',(#10169,#10170,#10171,#10172,#10173,#10174,#10175,
    #10197,#10198,#10199,#10227,#10255));
#10169 = ORIENTED_EDGE('',*,*,#8824,.F.);
#10170 = ORIENTED_EDGE('',*,*,#10059,.F.);
#10171 = ORIENTED_EDGE('',*,*,#10144,.F.);
#10172 = ORIENTED_EDGE('',*,*,#10114,.F.);
#10173 = ORIENTED_EDGE('',*,*,#9771,.F.);
#10174 = ORIENTED_EDGE('',*,*,#9694,.F.);
#10175 = ORIENTED_EDGE('',*,*,#10176,.F.);
#10176 = EDGE_CURVE('',#9546,#9695,#10177,.T.);
#10177 = SURFACE_CURVE('',#10178,(#10183,#10190),.PCURVE_S1.);
#10178 = CIRCLE('',#10179,6.25);
#10179 = AXIS2_PLACEMENT_3D('',#10180,#10181,#10182);
#10180 = CARTESIAN_POINT('',(0.,20.,0.));
#10181 = DIRECTION('',(0.,0.,1.));
#10182 = DIRECTION('',(1.,0.,-0.));
#10183 = PCURVE('',#7858,#10184);
#10184 = DEFINITIONAL_REPRESENTATION('',(#10185),#10189);
#10185 = CIRCLE('',#10186,6.25);
#10186 = AXIS2_PLACEMENT_2D('',#10187,#10188);
#10187 = CARTESIAN_POINT('',(9.,20.));
#10188 = DIRECTION('',(1.,0.));
#10189 = ( GEOMETRIC_REPRESENTATION_CONTEXT(2) 
PARAMETRIC_REPRESENTATION_CONTEXT() REPRESENTATION_CONTEXT('2D SPACE',''
  ) );
#10190 = PCURVE('',#9583,#10191);
#10191 = DEFINITIONAL_REPRESENTATION('',(#10192),#10196);
#10192 = LINE('',#10193,#10194);
#10193 = CARTESIAN_POINT('',(0.,0.));
#10194 = VECTOR('',#10195,1.);
#10195 = DIRECTION('',(1.,0.));
#10196 = ( GEOMETRIC_REPRESENTATION_CONTEXT(2) 
PARAMETRIC_REPRESENTATION_CONTEXT() REPRESENTATION_CONTEXT('2D SPACE',''
  ) );
#10197 = ORIENTED_EDGE('',*,*,#9545,.T.);
#10198 = ORIENTED_EDGE('',*,*,#9493,.F.);
#10199 = ORIENTED_EDGE('',*,*,#10200,.F.);
#10200 = EDGE_CURVE('',#10201,#9470,#10203,.T.);
#10201 = VERTEX_POINT('',#10202);
#10202 = CARTESIAN_POINT('',(5.,89.8,-2.775557561563E-17));
#10203 = SURFACE_CURVE('',#10204,(#10209,#10220),.PCURVE_S1.);
#10204 = CIRCLE('',#10205,3.8);
#10205 = AXIS2_PLACEMENT_3D('',#10206,#10207,#10208);
#10206 = CARTESIAN_POINT('',(5.,86.,0.));
#10207 = DIRECTION('',(0.,-0.,-1.));
#10208 = DIRECTION('',(4.440892098501E-16,1.,-0.));
#10209 = PCURVE('',#7858,#10210);
#10210 = DEFINITIONAL_REPRESENTATION('',(#10211),#10219);
#10211 = ( BOUNDED_CURVE() B_SPLINE_CURVE(2,(#10212,#10213,#10214,#10215
    ,#10216,#10217,#10218),.UNSPECIFIED.,.T.,.F.) 
B_SPLINE_CURVE_WITH_KNOTS((1,2,2,2,2,1),(-2.094395102393,0.,
    2.094395102393,4.188790204786,6.28318530718,8.377580409573),
.UNSPECIFIED.) CURVE() GEOMETRIC_REPRESENTATION_ITEM() 
RATIONAL_B_SPLINE_CURVE((1.,0.5,1.,0.5,1.,0.5,1.)) REPRESENTATION_ITEM(
  '') );
#10212 = CARTESIAN_POINT('',(14.,89.8));
#10213 = CARTESIAN_POINT('',(20.581793068762,89.8));
#10214 = CARTESIAN_POINT('',(17.290896534381,84.1));
#10215 = CARTESIAN_POINT('',(14.,78.4));
#10216 = CARTESIAN_POINT('',(10.709103465619,84.1));
#10217 = CARTESIAN_POINT('',(7.418206931238,89.8));
#10218 = CARTESIAN_POINT('',(14.,89.8));
#10219 = ( GEOMETRIC_REPRESENTATION_CONTEXT(2) 
PARAMETRIC_REPRESENTATION_CONTEXT() REPRESENTATION_CONTEXT('2D SPACE',''
  ) );
#10220 = PCURVE('',#9409,#10221);
#10221 = DEFINITIONAL_REPRESENTATION('',(#10222),#10226);
#10222 = LINE('',#10223,#10224);
#10223 = CARTESIAN_POINT('',(0.,1.570796326795));
#10224 = VECTOR('',#10225,1.);
#10225 = DIRECTION('',(1.,0.));
#10226 = ( GEOMETRIC_REPRESENTATION_CONTEXT(2) 
PARAMETRIC_REPRESENTATION_CONTEXT() REPRESENTATION_CONTEXT('2D SPACE',''
  ) );
#10227 = ORIENTED_EDGE('',*,*,#10228,.F.);
#10228 = EDGE_CURVE('',#10229,#10201,#10231,.T.);
#10229 = VERTEX_POINT('',#10230);
#10230 = CARTESIAN_POINT('',(-5.,89.8,0.));
#10231 = SURFACE_CURVE('',#10232,(#10236,#10243),.PCURVE_S1.);
#10232 = LINE('',#10233,#10234);
#10233 = CARTESIAN_POINT('',(-5.,89.8,-2.775557561563E-17));
#10234 = VECTOR('',#10235,1.);
#10235 = DIRECTION('',(1.,0.,0.));
#10236 = PCURVE('',#7858,#10237);
#10237 = DEFINITIONAL_REPRESENTATION('',(#10238),#10242);
#10238 = LINE('',#10239,#10240);
#10239 = CARTESIAN_POINT('',(4.,89.8));
#10240 = VECTOR('',#10241,1.);
#10241 = DIRECTION('',(1.,0.));
#10242 = ( GEOMETRIC_REPRESENTATION_CONTEXT(2) 
PARAMETRIC_REPRESENTATION_CONTEXT() REPRESENTATION_CONTEXT('2D SPACE',''
  ) );
#10243 = PCURVE('',#10244,#10249);
#10244 = CYLINDRICAL_SURFACE('',#10245,0.2);
#10245 = AXIS2_PLACEMENT_3D('',#10246,#10247,#10248);
#10246 = CARTESIAN_POINT('',(-5.,89.8,0.2));
#10247 = DIRECTION('',(1.,0.,0.));
#10248 = DIRECTION('',(-0.,1.,0.));
#10249 = DEFINITIONAL_REPRESENTATION('',(#10250),#10254);
#10250 = LINE('',#10251,#10252);
#10251 = CARTESIAN_POINT('',(-1.570796326795,0.));
#10252 = VECTOR('',#10253,1.);
#10253 = DIRECTION('',(-0.,1.));
#10254 = ( GEOMETRIC_REPRESENTATION_CONTEXT(2) 
PARAMETRIC_REPRESENTATION_CONTEXT() REPRESENTATION_CONTEXT('2D SPACE',''
  ) );
#10255 = ORIENTED_EDGE('',*,*,#10256,.F.);
#10256 = EDGE_CURVE('',#8825,#10229,#10257,.T.);
#10257 = SURFACE_CURVE('',#10258,(#10263,#10274),.PCURVE_S1.);
#10258 = CIRCLE('',#10259,3.8);
#10259 = AXIS2_PLACEMENT_3D('',#10260,#10261,#10262);
#10260 = CARTESIAN_POINT('',(-5.,86.,0.));
#10261 = DIRECTION('',(-0.,0.,-1.));
#10262 = DIRECTION('',(-1.,0.,0.));
#10263 = PCURVE('',#7858,#10264);
#10264 = DEFINITIONAL_REPRESENTATION('',(#10265),#10273);
#10265 = ( BOUNDED_CURVE() B_SPLINE_CURVE(2,(#10266,#10267,#10268,#10269
    ,#10270,#10271,#10272),.UNSPECIFIED.,.T.,.F.) 
B_SPLINE_CURVE_WITH_KNOTS((1,2,2,2,2,1),(-2.094395102393,0.,
    2.094395102393,4.188790204786,6.28318530718,8.377580409573),
.UNSPECIFIED.) CURVE() GEOMETRIC_REPRESENTATION_ITEM() 
RATIONAL_B_SPLINE_CURVE((1.,0.5,1.,0.5,1.,0.5,1.)) REPRESENTATION_ITEM(
  '') );
#10266 = CARTESIAN_POINT('',(0.2,86.));
#10267 = CARTESIAN_POINT('',(0.2,92.581793068762));
#10268 = CARTESIAN_POINT('',(5.9,89.290896534381));
#10269 = CARTESIAN_POINT('',(11.6,86.));
#10270 = CARTESIAN_POINT('',(5.9,82.709103465619));
#10271 = CARTESIAN_POINT('',(0.2,79.418206931238));
#10272 = CARTESIAN_POINT('',(0.2,86.));
#10273 = ( GEOMETRIC_REPRESENTATION_CONTEXT(2) 
PARAMETRIC_REPRESENTATION_CONTEXT() REPRESENTATION_CONTEXT('2D SPACE',''
  ) );
#10274 = PCURVE('',#8736,#10275);
#10275 = DEFINITIONAL_REPRESENTATION('',(#10276),#10280);
#10276 = LINE('',#10277,#10278);
#10277 = CARTESIAN_POINT('',(0.,1.570796326795));
#10278 = VECTOR('',#10279,1.);
#10279 = DIRECTION('',(1.,0.));
#10280 = ( GEOMETRIC_REPRESENTATION_CONTEXT(2) 
PARAMETRIC_REPRESENTATION_CONTEXT() REPRESENTATION_CONTEXT('2D SPACE',''
  ) );
#10281 = FACE_BOUND('',#10282,.F.);
#10282 = EDGE_LOOP('',(#10283));
#10283 = ORIENTED_EDGE('',*,*,#7843,.F.);
#10284 = FACE_BOUND('',#10285,.F.);
#10285 = EDGE_LOOP('',(#10286));
#10286 = ORIENTED_EDGE('',*,*,#10287,.F.);
#10287 = EDGE_CURVE('',#10288,#10288,#10290,.T.);
#10288 = VERTEX_POINT('',#10289);
#10289 = CARTESIAN_POINT('',(-4.75,46.,0.));
#10290 = SURFACE_CURVE('',#10291,(#10296,#10303),.PCURVE_S1.);
#10291 = CIRCLE('',#10292,1.25);
#10292 = AXIS2_PLACEMENT_3D('',#10293,#10294,#10295);
#10293 = CARTESIAN_POINT('',(-6.,46.,0.));
#10294 = DIRECTION('',(0.,0.,1.));
#10295 = DIRECTION('',(1.,0.,-0.));
#10296 = PCURVE('',#7858,#10297);
#10297 = DEFINITIONAL_REPRESENTATION('',(#10298),#10302);
#10298 = CIRCLE('',#10299,1.25);
#10299 = AXIS2_PLACEMENT_2D('',#10300,#10301);
#10300 = CARTESIAN_POINT('',(3.,46.));
#10301 = DIRECTION('',(1.,0.));
#10302 = ( GEOMETRIC_REPRESENTATION_CONTEXT(2) 
PARAMETRIC_REPRESENTATION_CONTEXT() REPRESENTATION_CONTEXT('2D SPACE',''
  ) );
#10303 = PCURVE('',#9949,#10304);
#10304 = DEFINITIONAL_REPRESENTATION('',(#10305),#10309);
#10305 = LINE('',#10306,#10307);
#10306 = CARTESIAN_POINT('',(0.,0.));
#10307 = VECTOR('',#10308,1.);
#10308 = DIRECTION('',(1.,0.));
#10309 = ( GEOMETRIC_REPRESENTATION_CONTEXT(2) 
PARAMETRIC_REPRESENTATION_CONTEXT() REPRESENTATION_CONTEXT('2D SPACE',''
  ) );
#10310 = FACE_BOUND('',#10311,.F.);
#10311 = EDGE_LOOP('',(#10312));
#10312 = ORIENTED_EDGE('',*,*,#10313,.F.);
#10313 = EDGE_CURVE('',#10314,#10314,#10316,.T.);
#10314 = VERTEX_POINT('',#10315);
#10315 = CARTESIAN_POINT('',(7.25,46.,0.));
#10316 = SURFACE_CURVE('',#10317,(#10322,#10329),.PCURVE_S1.);
#10317 = CIRCLE('',#10318,1.25);
#10318 = AXIS2_PLACEMENT_3D('',#10319,#10320,#10321);
#10319 = CARTESIAN_POINT('',(6.,46.,0.));
#10320 = DIRECTION('',(0.,0.,1.));
#10321 = DIRECTION('',(1.,0.,-0.));
#10322 = PCURVE('',#7858,#10323);
#10323 = DEFINITIONAL_REPRESENTATION('',(#10324),#10328);
#10324 = CIRCLE('',#10325,1.25);
#10325 = AXIS2_PLACEMENT_2D('',#10326,#10327);
#10326 = CARTESIAN_POINT('',(15.,46.));
#10327 = DIRECTION('',(1.,0.));
#10328 = ( GEOMETRIC_REPRESENTATION_CONTEXT(2) 
PARAMETRIC_REPRESENTATION_CONTEXT() REPRESENTATION_CONTEXT('2D SPACE',''
  ) );
#10329 = PCURVE('',#10018,#10330);
#10330 = DEFINITIONAL_REPRESENTATION('',(#10331),#10335);
#10331 = LINE('',#10332,#10333);
#10332 = CARTESIAN_POINT('',(0.,0.));
#10333 = VECTOR('',#10334,1.);
#10334 = DIRECTION('',(1.,0.));
#10335 = ( GEOMETRIC_REPRESENTATION_CONTEXT(2) 
PARAMETRIC_REPRESENTATION_CONTEXT() REPRESENTATION_CONTEXT('2D SPACE',''
  ) );
#10336 = FACE_BOUND('',#10337,.F.);
#10337 = EDGE_LOOP('',(#10338));
#10338 = ORIENTED_EDGE('',*,*,#10339,.F.);
#10339 = EDGE_CURVE('',#10340,#10340,#10342,.T.);
#10340 = VERTEX_POINT('',#10341);
#10341 = CARTESIAN_POINT('',(1.9,85.,0.));
#10342 = SURFACE_CURVE('',#10343,(#10348,#10355),.PCURVE_S1.);
#10343 = CIRCLE('',#10344,1.9);
#10344 = AXIS2_PLACEMENT_3D('',#10345,#10346,#10347);
#10345 = CARTESIAN_POINT('',(0.,85.,0.));
#10346 = DIRECTION('',(0.,0.,1.));
#10347 = DIRECTION('',(1.,0.,-0.));
#10348 = PCURVE('',#7858,#10349);
#10349 = DEFINITIONAL_REPRESENTATION('',(#10350),#10354);
#10350 = CIRCLE('',#10351,1.9);
#10351 = AXIS2_PLACEMENT_2D('',#10352,#10353);
#10352 = CARTESIAN_POINT('',(9.,85.));
#10353 = DIRECTION('',(1.,0.));
#10354 = ( GEOMETRIC_REPRESENTATION_CONTEXT(2) 
PARAMETRIC_REPRESENTATION_CONTEXT() REPRESENTATION_CONTEXT('2D SPACE',''
  ) );
#10355 = PCURVE('',#10356,#10361);
#10356 = CYLINDRICAL_SURFACE('',#10357,1.9);
#10357 = AXIS2_PLACEMENT_3D('',#10358,#10359,#10360);
#10358 = CARTESIAN_POINT('',(0.,85.,0.));
#10359 = DIRECTION('',(0.,0.,1.));
#10360 = DIRECTION('',(1.,0.,-0.));
#10361 = DEFINITIONAL_REPRESENTATION('',(#10362),#10366);
#10362 = LINE('',#10363,#10364);
#10363 = CARTESIAN_POINT('',(0.,0.));
#10364 = VECTOR('',#10365,1.);
#10365 = DIRECTION('',(1.,0.));
#10366 = ( GEOMETRIC_REPRESENTATION_CONTEXT(2) 
PARAMETRIC_REPRESENTATION_CONTEXT() REPRESENTATION_CONTEXT('2D SPACE',''
  ) );
#10367 = ADVANCED_FACE('',(#10368),#7913,.T.);
#10368 = FACE_BOUND('',#10369,.F.);
#10369 = EDGE_LOOP('',(#10370,#10371,#10372,#10373));
#10370 = ORIENTED_EDGE('',*,*,#9870,.T.);
#10371 = ORIENTED_EDGE('',*,*,#7896,.T.);
#10372 = ORIENTED_EDGE('',*,*,#8927,.F.);
#10373 = ORIENTED_EDGE('',*,*,#10374,.F.);
#10374 = EDGE_CURVE('',#9823,#8874,#10375,.T.);
#10375 = SURFACE_CURVE('',#10376,(#10381,#10388),.PCURVE_S1.);
#10376 = CIRCLE('',#10377,9.);
#10377 = AXIS2_PLACEMENT_3D('',#10378,#10379,#10380);
#10378 = CARTESIAN_POINT('',(0.,72.2,16.));
#10379 = DIRECTION('',(0.,-1.,-0.));
#10380 = DIRECTION('',(1.,0.,0.));
#10381 = PCURVE('',#7913,#10382);
#10382 = DEFINITIONAL_REPRESENTATION('',(#10383),#10387);
#10383 = LINE('',#10384,#10385);
#10384 = CARTESIAN_POINT('',(-0.,-0.8));
#10385 = VECTOR('',#10386,1.);
#10386 = DIRECTION('',(-1.,0.));
#10387 = ( GEOMETRIC_REPRESENTATION_CONTEXT(2) 
PARAMETRIC_REPRESENTATION_CONTEXT() REPRESENTATION_CONTEXT('2D SPACE',''
  ) );
#10388 = PCURVE('',#8889,#10389);
#10389 = DEFINITIONAL_REPRESENTATION('',(#10390),#10394);
#10390 = LINE('',#10391,#10392);
#10391 = CARTESIAN_POINT('',(-0.,0.));
#10392 = VECTOR('',#10393,1.);
#10393 = DIRECTION('',(-1.,0.));
#10394 = ( GEOMETRIC_REPRESENTATION_CONTEXT(2) 
PARAMETRIC_REPRESENTATION_CONTEXT() REPRESENTATION_CONTEXT('2D SPACE',''
  ) );
#10395 = ADVANCED_FACE('',(#10396,#11069),#8011,.F.);
#10396 = FACE_BOUND('',#10397,.F.);
#10397 = EDGE_LOOP('',(#10398,#10607,#10635,#10663,#10691,#10719,#10747,
    #10770,#10798,#11005,#11026,#11048));
#10398 = ORIENTED_EDGE('',*,*,#10399,.T.);
#10399 = EDGE_CURVE('',#10400,#10402,#10404,.T.);
#10400 = VERTEX_POINT('',#10401);
#10401 = CARTESIAN_POINT('',(-6.6,73.,16.));
#10402 = VERTEX_POINT('',#10403);
#10403 = CARTESIAN_POINT('',(-6.,73.,14.093928792278));
#10404 = SURFACE_CURVE('',#10405,(#10432,#10462),.PCURVE_S1.);
#10405 = B_SPLINE_CURVE_WITH_KNOTS('',7,(#10406,#10407,#10408,#10409,
    #10410,#10411,#10412,#10413,#10414,#10415,#10416,#10417,#10418,
    #10419,#10420,#10421,#10422,#10423,#10424,#10425,#10426,#10427,
    #10428,#10429,#10430,#10431),.UNSPECIFIED.,.F.,.F.,(8,6,6,6,8),(0.,
    0.233818765934,0.476616824871,0.805172026347,1.),.UNSPECIFIED.);
#10406 = CARTESIAN_POINT('',(-6.6,73.,16.));
#10407 = CARTESIAN_POINT('',(-6.571229327426,73.,16.));
#10408 = CARTESIAN_POINT('',(-6.541793806606,73.,15.994691448947));
#10409 = CARTESIAN_POINT('',(-6.511834439212,73.,15.983633735846));
#10410 = CARTESIAN_POINT('',(-6.481525723183,73.,15.966440655722));
#10411 = CARTESIAN_POINT('',(-6.451075192618,73.,15.942830451679));
#10412 = CARTESIAN_POINT('',(-6.420715426539,73.,15.91266417926));
#10413 = CARTESIAN_POINT('',(-6.359508509744,73.,15.83787153997));
#10414 = CARTESIAN_POINT('',(-6.328685795921,73.,15.792732189449));
#10415 = CARTESIAN_POINT('',(-6.298491731695,73.,15.740586119333));
#10416 = CARTESIAN_POINT('',(-6.269205677828,73.,15.681654865113));
#10417 = CARTESIAN_POINT('',(-6.241094211379,73.,15.616357633138));
#10418 = CARTESIAN_POINT('',(-6.214394165565,73.,15.54528370275));
#10419 = CARTESIAN_POINT('',(-6.155341326025,73.,15.366076930764));
#10420 = CARTESIAN_POINT('',(-6.124323746083,73.,15.25372405841));
#10421 = CARTESIAN_POINT('',(-6.096721567384,73.,15.133778898328));
#10422 = CARTESIAN_POINT('',(-6.072871813816,73.,15.008306320633));
#10423 = CARTESIAN_POINT('',(-6.052927251318,73.,14.879469698921));
#10424 = CARTESIAN_POINT('',(-6.036877665505,73.,14.749249842801));
#10425 = CARTESIAN_POINT('',(-6.01730854883,73.,14.542330129429));
#10426 = CARTESIAN_POINT('',(-6.01134809994,73.,14.465421336851));
#10427 = CARTESIAN_POINT('',(-6.006684771276,73.,14.388988730564));
#10428 = CARTESIAN_POINT('',(-6.003276501772,73.,14.313357141662));
#10429 = CARTESIAN_POINT('',(-6.001069234474,73.,14.238813416144));
#10430 = CARTESIAN_POINT('',(-6.,73.,14.165603273051));
#10431 = CARTESIAN_POINT('',(-6.,73.,14.093928162592));
#10432 = PCURVE('',#8011,#10433);
#10433 = DEFINITIONAL_REPRESENTATION('',(#10434),#10461);
#10434 = B_SPLINE_CURVE_WITH_KNOTS('',7,(#10435,#10436,#10437,#10438,
    #10439,#10440,#10441,#10442,#10443,#10444,#10445,#10446,#10447,
    #10448,#10449,#10450,#10451,#10452,#10453,#10454,#10455,#10456,
    #10457,#10458,#10459,#10460),.UNSPECIFIED.,.F.,.F.,(8,6,6,6,8),(0.,
    0.233818765934,0.476616824871,0.805172026347,1.),.UNSPECIFIED.);
#10435 = CARTESIAN_POINT('',(-3.700054712492,-6.6));
#10436 = CARTESIAN_POINT('',(-3.700054712492,-6.571229327426));
#10437 = CARTESIAN_POINT('',(-3.694746161439,-6.541793806606));
#10438 = CARTESIAN_POINT('',(-3.683688448338,-6.511834439212));
#10439 = CARTESIAN_POINT('',(-3.666495368214,-6.481525723183));
#10440 = CARTESIAN_POINT('',(-3.642885164171,-6.451075192618));
#10441 = CARTESIAN_POINT('',(-3.612718891751,-6.420715426539));
#10442 = CARTESIAN_POINT('',(-3.537926252462,-6.359508509744));
#10443 = CARTESIAN_POINT('',(-3.492786901941,-6.328685795921));
#10444 = CARTESIAN_POINT('',(-3.440640831825,-6.298491731695));
#10445 = CARTESIAN_POINT('',(-3.381709577604,-6.269205677828));
#10446 = CARTESIAN_POINT('',(-3.316412345629,-6.241094211379));
#10447 = CARTESIAN_POINT('',(-3.245338415242,-6.214394165565));
#10448 = CARTESIAN_POINT('',(-3.066131643256,-6.155341326025));
#10449 = CARTESIAN_POINT('',(-2.953778770902,-6.124323746083));
#10450 = CARTESIAN_POINT('',(-2.83383361082,-6.096721567384));
#10451 = CARTESIAN_POINT('',(-2.708361033125,-6.072871813816));
#10452 = CARTESIAN_POINT('',(-2.579524411413,-6.052927251318));
#10453 = CARTESIAN_POINT('',(-2.449304555293,-6.036877665505));
#10454 = CARTESIAN_POINT('',(-2.242384841921,-6.01730854883));
#10455 = CARTESIAN_POINT('',(-2.165476049342,-6.01134809994));
#10456 = CARTESIAN_POINT('',(-2.089043443056,-6.006684771276));
#10457 = CARTESIAN_POINT('',(-2.013411854154,-6.003276501772));
#10458 = CARTESIAN_POINT('',(-1.938868128636,-6.001069234474));
#10459 = CARTESIAN_POINT('',(-1.865657985543,-6.));
#10460 = CARTESIAN_POINT('',(-1.793982875084,-6.));
#10461 = ( GEOMETRIC_REPRESENTATION_CONTEXT(2) 
PARAMETRIC_REPRESENTATION_CONTEXT() REPRESENTATION_CONTEXT('2D SPACE',''
  ) );
#10462 = PCURVE('',#10463,#10578);
#10463 = ( BOUNDED_SURFACE() B_SPLINE_SURFACE(2,13,(
    (#10464,#10465,#10466,#10467,#10468,#10469,#10470,#10471,#10472
      ,#10473,#10474,#10475,#10476,#10477,#10478,#10479,#10480,#10481
      ,#10482,#10483,#10484,#10485,#10486,#10487,#10488,#10489,#10490
      ,#10491,#10492,#10493,#10494,#10495,#10496,#10497,#10498,#10499
      ,#10500,#10501)
    ,(#10502,#10503,#10504,#10505,#10506,#10507,#10508,#10509,#10510
      ,#10511,#10512,#10513,#10514,#10515,#10516,#10517,#10518,#10519
      ,#10520,#10521,#10522,#10523,#10524,#10525,#10526,#10527,#10528
      ,#10529,#10530,#10531,#10532,#10533,#10534,#10535,#10536,#10537
      ,#10538,#10539)
    ,(#10540,#10541,#10542,#10543,#10544,#10545,#10546,#10547,#10548
      ,#10549,#10550,#10551,#10552,#10553,#10554,#10555,#10556,#10557
      ,#10558,#10559,#10560,#10561,#10562,#10563,#10564,#10565,#10566
      ,#10567,#10568,#10569,#10570,#10571,#10572,#10573,#10574,#10575
      ,#10576,#10577
)),.UNSPECIFIED.,.F.,.F.,.F.) B_SPLINE_SURFACE_WITH_KNOTS((3,3),(14,12,
    12,14),(0.,13.61845532117),(-0.794399493455,3.714808400532E-14,
    13.61845532117,14.083563821864),.UNSPECIFIED.) 
GEOMETRIC_REPRESENTATION_ITEM() RATIONAL_B_SPLINE_SURFACE((
    (1.,1.,1.,1.,1.,1.,1.,1.,1.,1.,1.,1.,1.,1.,1.,1.,1.,1.,1.,1.,1.,1.
      ,1.,1.,1.,1.,1.,1.,1.,1.,1.,1.,1.,1.,1.,1.,1.,1.)
    ,(0.707106781187,0.707106781187,0.707106781187,0.707106781187
      ,0.707106781187,0.707106781187,0.707106781187,0.707106781187
      ,0.707106781187,0.707106781187,0.707106781187,0.707106781187
      ,0.707106781187,0.707106781186,0.707106781187,0.707106781185
      ,0.70710678119,0.707106781181,0.707106781193,0.707106781181
      ,0.707106781191,0.707106781184,0.707106781188,0.707106781186
      ,0.707106781187,0.707106781187,0.707106781187,0.707106781187
      ,0.707106781187,0.707106781187,0.707106781187,0.707106781187
      ,0.707106781187,0.707106781187,0.707106781187,0.707106781187
      ,0.707106781187,0.707106781187)
    ,(1.,1.,1.,1.,1.,1.,1.,1.,1.,1.,1.,1.,1.,1.,1.,1.,1.,1.,1.,1.,1.,1.
      ,1.,1.,1.,1.,1.,1.,1.,1.,1.,1.,1.,1.,1.,1.,1.,1.
))) REPRESENTATION_ITEM('') SURFACE() );
#10464 = CARTESIAN_POINT('',(-6.6,80.794399493455,5.000000000001));
#10465 = CARTESIAN_POINT('',(-6.6,80.703594031963,5.000000000001));
#10466 = CARTESIAN_POINT('',(-6.6,80.617738205162,5.000000000001));
#10467 = CARTESIAN_POINT('',(-6.6,80.536832013054,5.000000000001));
#10468 = CARTESIAN_POINT('',(-6.6,80.460875455636,5.000000000001));
#10469 = CARTESIAN_POINT('',(-6.6,80.389868532911,5.000000000001));
#10470 = CARTESIAN_POINT('',(-6.6,80.323811244876,5.000000000001));
#10471 = CARTESIAN_POINT('',(-6.6,80.262703591534,5.000000000001));
#10472 = CARTESIAN_POINT('',(-6.6,80.206545572883,5.000000000001));
#10473 = CARTESIAN_POINT('',(-6.6,80.155337188923,5.));
#10474 = CARTESIAN_POINT('',(-6.6,80.109078439655,5.));
#10475 = CARTESIAN_POINT('',(-6.6,80.067769325078,5.));
#10476 = CARTESIAN_POINT('',(-6.6,80.031409845193,5.));
#10477 = CARTESIAN_POINT('',(-6.599999999999,79.461538461523,
    4.999999999998));
#10478 = CARTESIAN_POINT('',(-6.600000000006,78.923076923148,
    5.141025641034));
#10479 = CARTESIAN_POINT('',(-6.599999999983,78.38461538442,
    5.423076923054));
#10480 = CARTESIAN_POINT('',(-6.600000000033,77.846153846541,
    5.8461538462));
#10481 = CARTESIAN_POINT('',(-6.59999999995,77.307692307105,
    6.410256410185));
#10482 = CARTESIAN_POINT('',(-6.60000000006,76.769230769934,
    7.11538461547));
#10483 = CARTESIAN_POINT('',(-6.599999999942,76.230769230096,
    7.961538461457));
#10484 = CARTESIAN_POINT('',(-6.600000000044,75.692307692829,
    8.948717948781));
#10485 = CARTESIAN_POINT('',(-6.599999999973,75.153846153523,
    10.076923076884));
#10486 = CARTESIAN_POINT('',(-6.600000000013,74.615384615542,
    11.346153846173));
#10487 = CARTESIAN_POINT('',(-6.599999999995,74.076923076866,
    12.756410256404));
#10488 = CARTESIAN_POINT('',(-6.600000000001,73.538461538474,
    14.307692307694));
#10489 = CARTESIAN_POINT('',(-6.6,72.981610026032,16.057797061041));
#10490 = CARTESIAN_POINT('',(-6.6,72.963197037062,16.115666454946));
#10491 = CARTESIAN_POINT('',(-6.6,72.944761033089,16.173608181715));
#10492 = CARTESIAN_POINT('',(-6.6,72.926302014114,16.231622241349));
#10493 = CARTESIAN_POINT('',(-6.6,72.907819980137,16.289708633847));
#10494 = CARTESIAN_POINT('',(-6.6,72.889314931158,16.347867359209));
#10495 = CARTESIAN_POINT('',(-6.6,72.870786867177,16.406098417435));
#10496 = CARTESIAN_POINT('',(-6.6,72.852235788193,16.464401808525));
#10497 = CARTESIAN_POINT('',(-6.6,72.833661694207,16.52277753248));
#10498 = CARTESIAN_POINT('',(-6.6,72.815064585219,16.581225589299));
#10499 = CARTESIAN_POINT('',(-6.6,72.796444461228,16.639745978982));
#10500 = CARTESIAN_POINT('',(-6.6,72.777801322235,16.698338701529));
#10501 = CARTESIAN_POINT('',(-6.6,72.75913516824,16.757003756941));
#10502 = CARTESIAN_POINT('',(-6.,80.794399493455,5.000000000001));
#10503 = CARTESIAN_POINT('',(-6.,80.703594031962,5.000000000001));
#10504 = CARTESIAN_POINT('',(-6.,80.617738205161,5.000000000001));
#10505 = CARTESIAN_POINT('',(-6.,80.536832013051,5.));
#10506 = CARTESIAN_POINT('',(-6.,80.460875455633,5.));
#10507 = CARTESIAN_POINT('',(-6.,80.389868532907,5.));
#10508 = CARTESIAN_POINT('',(-6.,80.323811244873,5.));
#10509 = CARTESIAN_POINT('',(-6.,80.26270359153,5.));
#10510 = CARTESIAN_POINT('',(-6.,80.206545572879,5.));
#10511 = CARTESIAN_POINT('',(-6.,80.15533718892,5.));
#10512 = CARTESIAN_POINT('',(-6.,80.109078439653,5.));
#10513 = CARTESIAN_POINT('',(-6.,80.067769325077,5.));
#10514 = CARTESIAN_POINT('',(-6.,80.031409845192,5.));
#10515 = CARTESIAN_POINT('',(-6.,79.461538461539,4.999999999999));
#10516 = CARTESIAN_POINT('',(-6.,78.923076923075,5.141025641028));
#10517 = CARTESIAN_POINT('',(-6.,78.384615384621,5.423076923071));
#10518 = CARTESIAN_POINT('',(-6.000000000001,77.846153846145,
    5.846153846164));
#10519 = CARTESIAN_POINT('',(-5.999999999999,77.307692307702,
    6.410256410245));
#10520 = CARTESIAN_POINT('',(-6.000000000001,76.769230769226,
    7.115384615393));
#10521 = CARTESIAN_POINT('',(-5.999999999999,76.230769230768,
    7.961538461537));
#10522 = CARTESIAN_POINT('',(-6.000000000001,75.692307692314,
    8.948717948713));
#10523 = CARTESIAN_POINT('',(-5.999999999999,75.153846153839,
    10.07692307693));
#10524 = CARTESIAN_POINT('',(-6.,74.61538461539,11.346153846148));
#10525 = CARTESIAN_POINT('',(-6.,74.076923076921,12.756410256413));
#10526 = CARTESIAN_POINT('',(-6.,73.538461538462,14.307692307691));
#10527 = CARTESIAN_POINT('',(-6.,72.981610026032,16.057797061041));
#10528 = CARTESIAN_POINT('',(-6.,72.963197037063,16.115666454946));
#10529 = CARTESIAN_POINT('',(-6.,72.94476103309,16.173608181716));
#10530 = CARTESIAN_POINT('',(-6.,72.926302014116,16.231622241349));
#10531 = CARTESIAN_POINT('',(-6.,72.90781998014,16.289708633847));
#10532 = CARTESIAN_POINT('',(-6.,72.889314931161,16.347867359209));
#10533 = CARTESIAN_POINT('',(-6.,72.87078686718,16.406098417436));
#10534 = CARTESIAN_POINT('',(-6.,72.852235788196,16.464401808526));
#10535 = CARTESIAN_POINT('',(-6.,72.833661694211,16.522777532481));
#10536 = CARTESIAN_POINT('',(-6.,72.815064585223,16.5812255893));
#10537 = CARTESIAN_POINT('',(-6.,72.796444461232,16.639745978983));
#10538 = CARTESIAN_POINT('',(-6.,72.77780132224,16.698338701531));
#10539 = CARTESIAN_POINT('',(-6.,72.759135168245,16.757003756943));
#10540 = CARTESIAN_POINT('',(-6.,80.794399493455,4.400000000001));
#10541 = CARTESIAN_POINT('',(-6.,80.712055459647,4.400000000001));
#10542 = CARTESIAN_POINT('',(-6.,80.633250822584,4.400000000001));
#10543 = CARTESIAN_POINT('',(-6.,80.557985582265,4.400000000001));
#10544 = CARTESIAN_POINT('',(-6.,80.48625973869,4.400000000001));
#10545 = CARTESIAN_POINT('',(-6.,80.418073291859,4.400000000001));
#10546 = CARTESIAN_POINT('',(-6.,80.353426241772,4.400000000001));
#10547 = CARTESIAN_POINT('',(-6.,80.292318588429,4.400000000001));
#10548 = CARTESIAN_POINT('',(-6.,80.234750331831,4.4));
#10549 = CARTESIAN_POINT('',(-6.,80.180721471976,4.4));
#10550 = CARTESIAN_POINT('',(-6.,80.130232008866,4.4));
#10551 = CARTESIAN_POINT('',(-6.,80.0832819425,4.4));
#10552 = CARTESIAN_POINT('',(-6.,80.039871272878,4.4));
#10553 = CARTESIAN_POINT('',(-5.999999999999,79.316483516468,
    4.399999999998));
#10554 = CARTESIAN_POINT('',(-6.000000000006,78.633277338029,
    4.578966503102));
#10555 = CARTESIAN_POINT('',(-5.999999999984,77.979403858143,
    4.937085625291));
#10556 = CARTESIAN_POINT('',(-6.000000000031,77.407402372485,
    5.445780630124));
#10557 = CARTESIAN_POINT('',(-5.999999999952,76.825544792788,
    6.017707467358));
#10558 = CARTESIAN_POINT('',(-6.000000000057,76.255997874824,
    6.809303427046));
#10559 = CARTESIAN_POINT('',(-5.999999999945,75.712067543277,
    7.649487214037));
#10560 = CARTESIAN_POINT('',(-6.000000000042,75.148929676835,
    8.689163249777));
#10561 = CARTESIAN_POINT('',(-5.999999999974,74.607214641208,
    9.828015879753));
#10562 = CARTESIAN_POINT('',(-6.000000000013,74.05819717957,
    11.121118891636));
#10563 = CARTESIAN_POINT('',(-5.999999999995,73.514259595163,
    12.547129118483));
#10564 = CARTESIAN_POINT('',(-6.000000000001,72.970749369345,
    14.113062602565));
#10565 = CARTESIAN_POINT('',(-6.,72.409716468011,15.87630886386));
#10566 = CARTESIAN_POINT('',(-6.,72.391188404029,15.934539922086));
#10567 = CARTESIAN_POINT('',(-6.,72.372660340048,15.992770980313));
#10568 = CARTESIAN_POINT('',(-6.,72.354132276066,16.051002038539));
#10569 = CARTESIAN_POINT('',(-6.,72.335604212084,16.109233096765));
#10570 = CARTESIAN_POINT('',(-6.,72.317076148103,16.167464154991));
#10571 = CARTESIAN_POINT('',(-6.,72.298548084121,16.225695213217));
#10572 = CARTESIAN_POINT('',(-6.,72.28002002014,16.283926271444));
#10573 = CARTESIAN_POINT('',(-6.,72.261491956158,16.34215732967));
#10574 = CARTESIAN_POINT('',(-6.,72.242963892177,16.400388387896));
#10575 = CARTESIAN_POINT('',(-6.,72.224435828195,16.458619446122));
#10576 = CARTESIAN_POINT('',(-6.,72.205907764214,16.516850504349));
#10577 = CARTESIAN_POINT('',(-6.,72.187379700232,16.575081562575));
#10578 = DEFINITIONAL_REPRESENTATION('',(#10579),#10606);
#10579 = B_SPLINE_CURVE_WITH_KNOTS('',7,(#10580,#10581,#10582,#10583,
    #10584,#10585,#10586,#10587,#10588,#10589,#10590,#10591,#10592,
    #10593,#10594,#10595,#10596,#10597,#10598,#10599,#10600,#10601,
    #10602,#10603,#10604,#10605),.UNSPECIFIED.,.F.,.F.,(8,6,6,6,8),(0.,
    0.233818765934,0.476616824871,0.805172026347,1.),.UNSPECIFIED.);
#10580 = CARTESIAN_POINT('',(0.,13.61845532117));
#10581 = CARTESIAN_POINT('',(0.461755010501,13.61845532117));
#10582 = CARTESIAN_POINT('',(0.923480550759,13.615471328018));
#10583 = CARTESIAN_POINT('',(1.385071149541,13.609255611433));
#10584 = CARTESIAN_POINT('',(1.846407547127,13.599588235332));
#10585 = CARTESIAN_POINT('',(2.307359319927,13.586303293052));
#10586 = CARTESIAN_POINT('',(2.767786090255,13.569309951096));
#10587 = CARTESIAN_POINT('',(3.704944282254,13.527111650589));
#10588 = CARTESIAN_POINT('',(4.181648732827,13.501615176671));
#10589 = CARTESIAN_POINT('',(4.657474177403,13.472117755619));
#10590 = CARTESIAN_POINT('',(5.132302802609,13.438719745556));
#10591 = CARTESIAN_POINT('',(5.6060749648,13.401629587326));
#10592 = CARTESIAN_POINT('',(6.078783423319,13.361151539432));
#10593 = CARTESIAN_POINT('',(7.188739888311,13.258794262129));
#10594 = CARTESIAN_POINT('',(7.825118172105,13.194407260354));
#10595 = CARTESIAN_POINT('',(8.459799094062,13.125397892921));
#10596 = CARTESIAN_POINT('',(9.093153604861,13.052884128984));
#10597 = CARTESIAN_POINT('',(9.725653488943,12.978069589372));
#10598 = CARTESIAN_POINT('',(10.357799615711,12.902087714958));
#10599 = CARTESIAN_POINT('',(11.365042277891,12.780785815605));
#10600 = CARTESIAN_POINT('',(11.74002737617,12.735574477082));
#10601 = CARTESIAN_POINT('',(12.115149364199,12.690516920502));
#10602 = CARTESIAN_POINT('',(12.49049098943,12.645807216709));
#10603 = CARTESIAN_POINT('',(12.866121652994,12.601620082879));
#10604 = CARTESIAN_POINT('',(13.242096468557,12.558108273986));
#10605 = CARTESIAN_POINT('',(13.61845532117,12.51539997428));
#10606 = ( GEOMETRIC_REPRESENTATION_CONTEXT(2) 
PARAMETRIC_REPRESENTATION_CONTEXT() REPRESENTATION_CONTEXT('2D SPACE',''
  ) );
#10607 = ORIENTED_EDGE('',*,*,#10608,.T.);
#10608 = EDGE_CURVE('',#10402,#10609,#10611,.T.);
#10609 = VERTEX_POINT('',#10610);
#10610 = CARTESIAN_POINT('',(-6.,73.,3.));
#10611 = SURFACE_CURVE('',#10612,(#10616,#10623),.PCURVE_S1.);
#10612 = LINE('',#10613,#10614);
#10613 = CARTESIAN_POINT('',(-6.,73.,16.));
#10614 = VECTOR('',#10615,1.);
#10615 = DIRECTION('',(0.,0.,-1.));
#10616 = PCURVE('',#8011,#10617);
#10617 = DEFINITIONAL_REPRESENTATION('',(#10618),#10622);
#10618 = LINE('',#10619,#10620);
#10619 = CARTESIAN_POINT('',(-3.700054712492,-6.));
#10620 = VECTOR('',#10621,1.);
#10621 = DIRECTION('',(1.,0.));
#10622 = ( GEOMETRIC_REPRESENTATION_CONTEXT(2) 
PARAMETRIC_REPRESENTATION_CONTEXT() REPRESENTATION_CONTEXT('2D SPACE',''
  ) );
#10623 = PCURVE('',#10624,#10629);
#10624 = PLANE('',#10625);
#10625 = AXIS2_PLACEMENT_3D('',#10626,#10627,#10628);
#10626 = CARTESIAN_POINT('',(-6.,75.189923167318,8.1127727871));
#10627 = DIRECTION('',(1.,0.,0.));
#10628 = DIRECTION('',(-0.,0.,1.));
#10629 = DEFINITIONAL_REPRESENTATION('',(#10630),#10634);
#10630 = LINE('',#10631,#10632);
#10631 = CARTESIAN_POINT('',(7.8872272129,2.189923167318));
#10632 = VECTOR('',#10633,1.);
#10633 = DIRECTION('',(-1.,0.));
#10634 = ( GEOMETRIC_REPRESENTATION_CONTEXT(2) 
PARAMETRIC_REPRESENTATION_CONTEXT() REPRESENTATION_CONTEXT('2D SPACE',''
  ) );
#10635 = ORIENTED_EDGE('',*,*,#10636,.T.);
#10636 = EDGE_CURVE('',#10609,#10637,#10639,.T.);
#10637 = VERTEX_POINT('',#10638);
#10638 = CARTESIAN_POINT('',(-4.5,73.,3.));
#10639 = SURFACE_CURVE('',#10640,(#10644,#10651),.PCURVE_S1.);
#10640 = LINE('',#10641,#10642);
#10641 = CARTESIAN_POINT('',(-9.,73.,3.));
#10642 = VECTOR('',#10643,1.);
#10643 = DIRECTION('',(1.,0.,0.));
#10644 = PCURVE('',#8011,#10645);
#10645 = DEFINITIONAL_REPRESENTATION('',(#10646),#10650);
#10646 = LINE('',#10647,#10648);
#10647 = CARTESIAN_POINT('',(9.299945287508,-9.));
#10648 = VECTOR('',#10649,1.);
#10649 = DIRECTION('',(0.,1.));
#10650 = ( GEOMETRIC_REPRESENTATION_CONTEXT(2) 
PARAMETRIC_REPRESENTATION_CONTEXT() REPRESENTATION_CONTEXT('2D SPACE',''
  ) );
#10651 = PCURVE('',#10652,#10657);
#10652 = PLANE('',#10653);
#10653 = AXIS2_PLACEMENT_3D('',#10654,#10655,#10656);
#10654 = CARTESIAN_POINT('',(-9.,0.,3.));
#10655 = DIRECTION('',(0.,0.,1.));
#10656 = DIRECTION('',(1.,0.,0.));
#10657 = DEFINITIONAL_REPRESENTATION('',(#10658),#10662);
#10658 = LINE('',#10659,#10660);
#10659 = CARTESIAN_POINT('',(0.,73.));
#10660 = VECTOR('',#10661,1.);
#10661 = DIRECTION('',(1.,0.));
#10662 = ( GEOMETRIC_REPRESENTATION_CONTEXT(2) 
PARAMETRIC_REPRESENTATION_CONTEXT() REPRESENTATION_CONTEXT('2D SPACE',''
  ) );
#10663 = ORIENTED_EDGE('',*,*,#10664,.F.);
#10664 = EDGE_CURVE('',#10665,#10637,#10667,.T.);
#10665 = VERTEX_POINT('',#10666);
#10666 = CARTESIAN_POINT('',(-4.5,73.,2.));
#10667 = SURFACE_CURVE('',#10668,(#10672,#10679),.PCURVE_S1.);
#10668 = LINE('',#10669,#10670);
#10669 = CARTESIAN_POINT('',(-4.5,73.,2.));
#10670 = VECTOR('',#10671,1.);
#10671 = DIRECTION('',(0.,0.,1.));
#10672 = PCURVE('',#8011,#10673);
#10673 = DEFINITIONAL_REPRESENTATION('',(#10674),#10678);
#10674 = LINE('',#10675,#10676);
#10675 = CARTESIAN_POINT('',(10.299945287508,-4.5));
#10676 = VECTOR('',#10677,1.);
#10677 = DIRECTION('',(-1.,0.));
#10678 = ( GEOMETRIC_REPRESENTATION_CONTEXT(2) 
PARAMETRIC_REPRESENTATION_CONTEXT() REPRESENTATION_CONTEXT('2D SPACE',''
  ) );
#10679 = PCURVE('',#10680,#10685);
#10680 = PLANE('',#10681);
#10681 = AXIS2_PLACEMENT_3D('',#10682,#10683,#10684);
#10682 = CARTESIAN_POINT('',(-4.5,73.,2.));
#10683 = DIRECTION('',(1.,0.,0.));
#10684 = DIRECTION('',(0.,0.,1.));
#10685 = DEFINITIONAL_REPRESENTATION('',(#10686),#10690);
#10686 = LINE('',#10687,#10688);
#10687 = CARTESIAN_POINT('',(0.,0.));
#10688 = VECTOR('',#10689,1.);
#10689 = DIRECTION('',(1.,0.));
#10690 = ( GEOMETRIC_REPRESENTATION_CONTEXT(2) 
PARAMETRIC_REPRESENTATION_CONTEXT() REPRESENTATION_CONTEXT('2D SPACE',''
  ) );
#10691 = ORIENTED_EDGE('',*,*,#10692,.T.);
#10692 = EDGE_CURVE('',#10665,#10693,#10695,.T.);
#10693 = VERTEX_POINT('',#10694);
#10694 = CARTESIAN_POINT('',(4.5,73.,2.));
#10695 = SURFACE_CURVE('',#10696,(#10700,#10707),.PCURVE_S1.);
#10696 = LINE('',#10697,#10698);
#10697 = CARTESIAN_POINT('',(-4.5,73.,2.));
#10698 = VECTOR('',#10699,1.);
#10699 = DIRECTION('',(1.,0.,0.));
#10700 = PCURVE('',#8011,#10701);
#10701 = DEFINITIONAL_REPRESENTATION('',(#10702),#10706);
#10702 = LINE('',#10703,#10704);
#10703 = CARTESIAN_POINT('',(10.299945287508,-4.5));
#10704 = VECTOR('',#10705,1.);
#10705 = DIRECTION('',(0.,1.));
#10706 = ( GEOMETRIC_REPRESENTATION_CONTEXT(2) 
PARAMETRIC_REPRESENTATION_CONTEXT() REPRESENTATION_CONTEXT('2D SPACE',''
  ) );
#10707 = PCURVE('',#10708,#10713);
#10708 = PLANE('',#10709);
#10709 = AXIS2_PLACEMENT_3D('',#10710,#10711,#10712);
#10710 = CARTESIAN_POINT('',(-4.5,73.,2.));
#10711 = DIRECTION('',(0.,0.,1.));
#10712 = DIRECTION('',(1.,0.,0.));
#10713 = DEFINITIONAL_REPRESENTATION('',(#10714),#10718);
#10714 = LINE('',#10715,#10716);
#10715 = CARTESIAN_POINT('',(0.,0.));
#10716 = VECTOR('',#10717,1.);
#10717 = DIRECTION('',(1.,0.));
#10718 = ( GEOMETRIC_REPRESENTATION_CONTEXT(2) 
PARAMETRIC_REPRESENTATION_CONTEXT() REPRESENTATION_CONTEXT('2D SPACE',''
  ) );
#10719 = ORIENTED_EDGE('',*,*,#10720,.T.);
#10720 = EDGE_CURVE('',#10693,#10721,#10723,.T.);
#10721 = VERTEX_POINT('',#10722);
#10722 = CARTESIAN_POINT('',(4.5,73.,3.));
#10723 = SURFACE_CURVE('',#10724,(#10728,#10735),.PCURVE_S1.);
#10724 = LINE('',#10725,#10726);
#10725 = CARTESIAN_POINT('',(4.5,73.,2.));
#10726 = VECTOR('',#10727,1.);
#10727 = DIRECTION('',(0.,0.,1.));
#10728 = PCURVE('',#8011,#10729);
#10729 = DEFINITIONAL_REPRESENTATION('',(#10730),#10734);
#10730 = LINE('',#10731,#10732);
#10731 = CARTESIAN_POINT('',(10.299945287508,4.5));
#10732 = VECTOR('',#10733,1.);
#10733 = DIRECTION('',(-1.,0.));
#10734 = ( GEOMETRIC_REPRESENTATION_CONTEXT(2) 
PARAMETRIC_REPRESENTATION_CONTEXT() REPRESENTATION_CONTEXT('2D SPACE',''
  ) );
#10735 = PCURVE('',#10736,#10741);
#10736 = PLANE('',#10737);
#10737 = AXIS2_PLACEMENT_3D('',#10738,#10739,#10740);
#10738 = CARTESIAN_POINT('',(4.5,73.,2.));
#10739 = DIRECTION('',(1.,0.,0.));
#10740 = DIRECTION('',(0.,0.,1.));
#10741 = DEFINITIONAL_REPRESENTATION('',(#10742),#10746);
#10742 = LINE('',#10743,#10744);
#10743 = CARTESIAN_POINT('',(0.,0.));
#10744 = VECTOR('',#10745,1.);
#10745 = DIRECTION('',(1.,0.));
#10746 = ( GEOMETRIC_REPRESENTATION_CONTEXT(2) 
PARAMETRIC_REPRESENTATION_CONTEXT() REPRESENTATION_CONTEXT('2D SPACE',''
  ) );
#10747 = ORIENTED_EDGE('',*,*,#10748,.T.);
#10748 = EDGE_CURVE('',#10721,#10749,#10751,.T.);
#10749 = VERTEX_POINT('',#10750);
#10750 = CARTESIAN_POINT('',(6.,73.,3.));
#10751 = SURFACE_CURVE('',#10752,(#10756,#10763),.PCURVE_S1.);
#10752 = LINE('',#10753,#10754);
#10753 = CARTESIAN_POINT('',(-9.,73.,3.));
#10754 = VECTOR('',#10755,1.);
#10755 = DIRECTION('',(1.,0.,0.));
#10756 = PCURVE('',#8011,#10757);
#10757 = DEFINITIONAL_REPRESENTATION('',(#10758),#10762);
#10758 = LINE('',#10759,#10760);
#10759 = CARTESIAN_POINT('',(9.299945287508,-9.));
#10760 = VECTOR('',#10761,1.);
#10761 = DIRECTION('',(0.,1.));
#10762 = ( GEOMETRIC_REPRESENTATION_CONTEXT(2) 
PARAMETRIC_REPRESENTATION_CONTEXT() REPRESENTATION_CONTEXT('2D SPACE',''
  ) );
#10763 = PCURVE('',#10652,#10764);
#10764 = DEFINITIONAL_REPRESENTATION('',(#10765),#10769);
#10765 = LINE('',#10766,#10767);
#10766 = CARTESIAN_POINT('',(0.,73.));
#10767 = VECTOR('',#10768,1.);
#10768 = DIRECTION('',(1.,0.));
#10769 = ( GEOMETRIC_REPRESENTATION_CONTEXT(2) 
PARAMETRIC_REPRESENTATION_CONTEXT() REPRESENTATION_CONTEXT('2D SPACE',''
  ) );
#10770 = ORIENTED_EDGE('',*,*,#10771,.F.);
#10771 = EDGE_CURVE('',#10772,#10749,#10774,.T.);
#10772 = VERTEX_POINT('',#10773);
#10773 = CARTESIAN_POINT('',(6.,73.,14.093928792278));
#10774 = SURFACE_CURVE('',#10775,(#10779,#10786),.PCURVE_S1.);
#10775 = LINE('',#10776,#10777);
#10776 = CARTESIAN_POINT('',(6.,73.,16.));
#10777 = VECTOR('',#10778,1.);
#10778 = DIRECTION('',(0.,0.,-1.));
#10779 = PCURVE('',#8011,#10780);
#10780 = DEFINITIONAL_REPRESENTATION('',(#10781),#10785);
#10781 = LINE('',#10782,#10783);
#10782 = CARTESIAN_POINT('',(-3.700054712492,6.));
#10783 = VECTOR('',#10784,1.);
#10784 = DIRECTION('',(1.,0.));
#10785 = ( GEOMETRIC_REPRESENTATION_CONTEXT(2) 
PARAMETRIC_REPRESENTATION_CONTEXT() REPRESENTATION_CONTEXT('2D SPACE',''
  ) );
#10786 = PCURVE('',#10787,#10792);
#10787 = PLANE('',#10788);
#10788 = AXIS2_PLACEMENT_3D('',#10789,#10790,#10791);
#10789 = CARTESIAN_POINT('',(6.,75.189923167318,8.1127727871));
#10790 = DIRECTION('',(1.,0.,0.));
#10791 = DIRECTION('',(-0.,0.,1.));
#10792 = DEFINITIONAL_REPRESENTATION('',(#10793),#10797);
#10793 = LINE('',#10794,#10795);
#10794 = CARTESIAN_POINT('',(7.8872272129,2.189923167318));
#10795 = VECTOR('',#10796,1.);
#10796 = DIRECTION('',(-1.,0.));
#10797 = ( GEOMETRIC_REPRESENTATION_CONTEXT(2) 
PARAMETRIC_REPRESENTATION_CONTEXT() REPRESENTATION_CONTEXT('2D SPACE',''
  ) );
#10798 = ORIENTED_EDGE('',*,*,#10799,.F.);
#10799 = EDGE_CURVE('',#10800,#10772,#10802,.T.);
#10800 = VERTEX_POINT('',#10801);
#10801 = CARTESIAN_POINT('',(6.6,73.,16.));
#10802 = SURFACE_CURVE('',#10803,(#10830,#10860),.PCURVE_S1.);
#10803 = B_SPLINE_CURVE_WITH_KNOTS('',7,(#10804,#10805,#10806,#10807,
    #10808,#10809,#10810,#10811,#10812,#10813,#10814,#10815,#10816,
    #10817,#10818,#10819,#10820,#10821,#10822,#10823,#10824,#10825,
    #10826,#10827,#10828,#10829),.UNSPECIFIED.,.F.,.F.,(8,6,6,6,8),(0.,
    0.233818765933,0.47661682487,0.805172026346,1.),.UNSPECIFIED.);
#10804 = CARTESIAN_POINT('',(6.6,73.,16.));
#10805 = CARTESIAN_POINT('',(6.571229327426,73.,16.));
#10806 = CARTESIAN_POINT('',(6.541793806606,73.,15.994691448948));
#10807 = CARTESIAN_POINT('',(6.511834439212,73.,15.983633735847));
#10808 = CARTESIAN_POINT('',(6.481525723183,73.,15.966440655722));
#10809 = CARTESIAN_POINT('',(6.451075192618,73.,15.94283045168));
#10810 = CARTESIAN_POINT('',(6.420715426539,73.,15.91266417926));
#10811 = CARTESIAN_POINT('',(6.359508509744,73.,15.837871539971));
#10812 = CARTESIAN_POINT('',(6.328685795921,73.,15.79273218945));
#10813 = CARTESIAN_POINT('',(6.298491731695,73.,15.740586119334));
#10814 = CARTESIAN_POINT('',(6.269205677828,73.,15.681654865113));
#10815 = CARTESIAN_POINT('',(6.241094211379,73.,15.616357633138));
#10816 = CARTESIAN_POINT('',(6.214394165565,73.,15.545283702751));
#10817 = CARTESIAN_POINT('',(6.155341326025,73.,15.366076930764));
#10818 = CARTESIAN_POINT('',(6.124323746084,73.,15.253724058412));
#10819 = CARTESIAN_POINT('',(6.096721567383,73.,15.133778898326));
#10820 = CARTESIAN_POINT('',(6.072871813817,73.,15.008306320636));
#10821 = CARTESIAN_POINT('',(6.052927251318,73.,14.87946969892));
#10822 = CARTESIAN_POINT('',(6.036877665505,73.,14.749249842802));
#10823 = CARTESIAN_POINT('',(6.01730854883,73.,14.542330129429));
#10824 = CARTESIAN_POINT('',(6.01134809994,73.,14.465421336851));
#10825 = CARTESIAN_POINT('',(6.006684771276,73.,14.388988730564));
#10826 = CARTESIAN_POINT('',(6.003276501772,73.,14.313357141662));
#10827 = CARTESIAN_POINT('',(6.001069234474,73.,14.238813416144));
#10828 = CARTESIAN_POINT('',(6.,73.,14.165603273051));
#10829 = CARTESIAN_POINT('',(6.,73.,14.093928162592));
#10830 = PCURVE('',#8011,#10831);
#10831 = DEFINITIONAL_REPRESENTATION('',(#10832),#10859);
#10832 = B_SPLINE_CURVE_WITH_KNOTS('',7,(#10833,#10834,#10835,#10836,
    #10837,#10838,#10839,#10840,#10841,#10842,#10843,#10844,#10845,
    #10846,#10847,#10848,#10849,#10850,#10851,#10852,#10853,#10854,
    #10855,#10856,#10857,#10858),.UNSPECIFIED.,.F.,.F.,(8,6,6,6,8),(0.,
    0.233818765933,0.47661682487,0.805172026346,1.),.UNSPECIFIED.);
#10833 = CARTESIAN_POINT('',(-3.700054712492,6.6));
#10834 = CARTESIAN_POINT('',(-3.700054712492,6.571229327426));
#10835 = CARTESIAN_POINT('',(-3.69474616144,6.541793806606));
#10836 = CARTESIAN_POINT('',(-3.683688448339,6.511834439212));
#10837 = CARTESIAN_POINT('',(-3.666495368214,6.481525723183));
#10838 = CARTESIAN_POINT('',(-3.642885164171,6.451075192618));
#10839 = CARTESIAN_POINT('',(-3.612718891752,6.420715426539));
#10840 = CARTESIAN_POINT('',(-3.537926252463,6.359508509744));
#10841 = CARTESIAN_POINT('',(-3.492786901941,6.328685795921));
#10842 = CARTESIAN_POINT('',(-3.440640831826,6.298491731695));
#10843 = CARTESIAN_POINT('',(-3.381709577605,6.269205677828));
#10844 = CARTESIAN_POINT('',(-3.31641234563,6.241094211379));
#10845 = CARTESIAN_POINT('',(-3.245338415242,6.214394165565));
#10846 = CARTESIAN_POINT('',(-3.066131643256,6.155341326025));
#10847 = CARTESIAN_POINT('',(-2.953778770904,6.124323746084));
#10848 = CARTESIAN_POINT('',(-2.833833610818,6.096721567383));
#10849 = CARTESIAN_POINT('',(-2.708361033128,6.072871813817));
#10850 = CARTESIAN_POINT('',(-2.579524411412,6.052927251318));
#10851 = CARTESIAN_POINT('',(-2.449304555293,6.036877665505));
#10852 = CARTESIAN_POINT('',(-2.242384841921,6.01730854883));
#10853 = CARTESIAN_POINT('',(-2.165476049343,6.01134809994));
#10854 = CARTESIAN_POINT('',(-2.089043443056,6.006684771276));
#10855 = CARTESIAN_POINT('',(-2.013411854154,6.003276501772));
#10856 = CARTESIAN_POINT('',(-1.938868128636,6.001069234474));
#10857 = CARTESIAN_POINT('',(-1.865657985543,6.));
#10858 = CARTESIAN_POINT('',(-1.793982875084,6.));
#10859 = ( GEOMETRIC_REPRESENTATION_CONTEXT(2) 
PARAMETRIC_REPRESENTATION_CONTEXT() REPRESENTATION_CONTEXT('2D SPACE',''
  ) );
#10860 = PCURVE('',#10861,#10976);
#10861 = ( BOUNDED_SURFACE() B_SPLINE_SURFACE(2,13,(
    (#10862,#10863,#10864,#10865,#10866,#10867,#10868,#10869,#10870
      ,#10871,#10872,#10873,#10874,#10875,#10876,#10877,#10878,#10879
      ,#10880,#10881,#10882,#10883,#10884,#10885,#10886,#10887,#10888
      ,#10889,#10890,#10891,#10892,#10893,#10894,#10895,#10896,#10897
      ,#10898,#10899)
    ,(#10900,#10901,#10902,#10903,#10904,#10905,#10906,#10907,#10908
      ,#10909,#10910,#10911,#10912,#10913,#10914,#10915,#10916,#10917
      ,#10918,#10919,#10920,#10921,#10922,#10923,#10924,#10925,#10926
      ,#10927,#10928,#10929,#10930,#10931,#10932,#10933,#10934,#10935
      ,#10936,#10937)
    ,(#10938,#10939,#10940,#10941,#10942,#10943,#10944,#10945,#10946
      ,#10947,#10948,#10949,#10950,#10951,#10952,#10953,#10954,#10955
      ,#10956,#10957,#10958,#10959,#10960,#10961,#10962,#10963,#10964
      ,#10965,#10966,#10967,#10968,#10969,#10970,#10971,#10972,#10973
      ,#10974,#10975
)),.UNSPECIFIED.,.F.,.F.,.F.) B_SPLINE_SURFACE_WITH_KNOTS((3,3),(14,12,
    12,14),(0.,13.61845532117),(-0.794399493455,3.714808400532E-14,
    13.61845532117,14.083563821863),.UNSPECIFIED.) 
GEOMETRIC_REPRESENTATION_ITEM() RATIONAL_B_SPLINE_SURFACE((
    (1.,1.,1.,1.,1.,1.,1.,1.,1.,1.,1.,1.,1.,1.,1.,1.,1.,1.,1.,1.,1.,1.
      ,1.,1.,1.,1.,1.,1.,1.,1.,1.,1.,1.,1.,1.,1.,1.,1.)
    ,(0.707106781187,0.707106781187,0.707106781187,0.707106781187
      ,0.707106781187,0.707106781187,0.707106781187,0.707106781187
      ,0.707106781187,0.707106781187,0.707106781187,0.707106781187
      ,0.707106781187,0.707106781186,0.707106781187,0.707106781184
      ,0.707106781191,0.707106781179,0.707106781195,0.707106781179
      ,0.707106781192,0.707106781183,0.707106781188,0.707106781186
      ,0.707106781187,0.707106781187,0.707106781187,0.707106781187
      ,0.707106781187,0.707106781187,0.707106781187,0.707106781187
      ,0.707106781187,0.707106781187,0.707106781187,0.707106781187
      ,0.707106781187,0.707106781187)
    ,(1.,1.,1.,1.,1.,1.,1.,1.,1.,1.,1.,1.,1.,1.,1.,1.,1.,1.,1.,1.,1.,1.
      ,1.,1.,1.,1.,1.,1.,1.,1.,1.,1.,1.,1.,1.,1.,1.,1.
))) REPRESENTATION_ITEM('') SURFACE() );
#10862 = CARTESIAN_POINT('',(6.6,80.794399493455,5.000000000001));
#10863 = CARTESIAN_POINT('',(6.6,80.703594031963,5.000000000001));
#10864 = CARTESIAN_POINT('',(6.6,80.617738205163,5.000000000001));
#10865 = CARTESIAN_POINT('',(6.6,80.536832013055,5.000000000001));
#10866 = CARTESIAN_POINT('',(6.6,80.460875455638,5.000000000001));
#10867 = CARTESIAN_POINT('',(6.6,80.389868532912,5.000000000001));
#10868 = CARTESIAN_POINT('',(6.6,80.323811244878,5.000000000001));
#10869 = CARTESIAN_POINT('',(6.6,80.262703591535,5.000000000001));
#10870 = CARTESIAN_POINT('',(6.6,80.206545572884,5.000000000001));
#10871 = CARTESIAN_POINT('',(6.6,80.155337188924,5.));
#10872 = CARTESIAN_POINT('',(6.6,80.109078439656,5.));
#10873 = CARTESIAN_POINT('',(6.6,80.067769325079,5.));
#10874 = CARTESIAN_POINT('',(6.6,80.031409845194,5.));
#10875 = CARTESIAN_POINT('',(6.599999999998,79.461538461515,
    4.999999999998));
#10876 = CARTESIAN_POINT('',(6.600000000009,78.923076923185,
    5.141025641036));
#10877 = CARTESIAN_POINT('',(6.599999999975,78.384615384322,
    5.423076923049));
#10878 = CARTESIAN_POINT('',(6.600000000049,77.846153846729,
    5.846153846208));
#10879 = CARTESIAN_POINT('',(6.599999999926,77.307692306828,
    6.410256410175));
#10880 = CARTESIAN_POINT('',(6.600000000088,76.769230770251,
    7.11538461548));
#10881 = CARTESIAN_POINT('',(6.599999999918,76.230769229808,
    7.961538461447));
#10882 = CARTESIAN_POINT('',(6.600000000062,75.692307693036,
    8.948717948788));
#10883 = CARTESIAN_POINT('',(6.599999999962,75.153846153404,
    10.07692307688));
#10884 = CARTESIAN_POINT('',(6.600000000018,74.615384615595,
    11.346153846175));
#10885 = CARTESIAN_POINT('',(6.599999999994,74.076923076849,
    12.756410256403));
#10886 = CARTESIAN_POINT('',(6.600000000001,73.538461538477,
    14.307692307694));
#10887 = CARTESIAN_POINT('',(6.6,72.981610026032,16.057797061041));
#10888 = CARTESIAN_POINT('',(6.6,72.963197037062,16.115666454946));
#10889 = CARTESIAN_POINT('',(6.6,72.944761033089,16.173608181715));
#10890 = CARTESIAN_POINT('',(6.6,72.926302014114,16.231622241349));
#10891 = CARTESIAN_POINT('',(6.6,72.907819980137,16.289708633846));
#10892 = CARTESIAN_POINT('',(6.6,72.889314931158,16.347867359208));
#10893 = CARTESIAN_POINT('',(6.6,72.870786867176,16.406098417435));
#10894 = CARTESIAN_POINT('',(6.6,72.852235788192,16.464401808525));
#10895 = CARTESIAN_POINT('',(6.6,72.833661694206,16.52277753248));
#10896 = CARTESIAN_POINT('',(6.6,72.815064585218,16.581225589299));
#10897 = CARTESIAN_POINT('',(6.599999999999,72.796444461227,
    16.639745978982));
#10898 = CARTESIAN_POINT('',(6.599999999999,72.777801322234,
    16.698338701529));
#10899 = CARTESIAN_POINT('',(6.599999999999,72.759135168239,
    16.75700375694));
#10900 = CARTESIAN_POINT('',(6.,80.794399493455,5.));
#10901 = CARTESIAN_POINT('',(6.,80.703594031962,5.));
#10902 = CARTESIAN_POINT('',(6.,80.617738205161,5.));
#10903 = CARTESIAN_POINT('',(6.,80.536832013051,5.));
#10904 = CARTESIAN_POINT('',(6.,80.460875455633,5.));
#10905 = CARTESIAN_POINT('',(6.,80.389868532907,5.));
#10906 = CARTESIAN_POINT('',(6.,80.323811244873,5.));
#10907 = CARTESIAN_POINT('',(6.,80.26270359153,5.));
#10908 = CARTESIAN_POINT('',(6.,80.206545572879,5.));
#10909 = CARTESIAN_POINT('',(6.,80.15533718892,5.));
#10910 = CARTESIAN_POINT('',(6.,80.109078439652,5.));
#10911 = CARTESIAN_POINT('',(6.,80.067769325077,5.));
#10912 = CARTESIAN_POINT('',(6.,80.031409845192,5.));
#10913 = CARTESIAN_POINT('',(6.,79.461538461539,5.));
#10914 = CARTESIAN_POINT('',(6.,78.923076923074,5.141025641026));
#10915 = CARTESIAN_POINT('',(6.,78.384615384621,5.423076923076));
#10916 = CARTESIAN_POINT('',(6.,77.846153846146,5.846153846152));
#10917 = CARTESIAN_POINT('',(6.,77.307692307697,6.410256410266));
#10918 = CARTESIAN_POINT('',(6.,76.769230769233,7.115384615363));
#10919 = CARTESIAN_POINT('',(6.,76.230769230758,7.961538461569));
#10920 = CARTESIAN_POINT('',(6.,75.692307692323,8.948717948687));
#10921 = CARTESIAN_POINT('',(6.,75.153846153834,10.076923076947));
#10922 = CARTESIAN_POINT('',(6.,74.615384615392,11.34615384614));
#10923 = CARTESIAN_POINT('',(6.,74.07692307692,12.756410256416));
#10924 = CARTESIAN_POINT('',(6.,73.538461538462,14.307692307691));
#10925 = CARTESIAN_POINT('',(6.,72.981610026032,16.057797061041));
#10926 = CARTESIAN_POINT('',(6.,72.963197037063,16.115666454946));
#10927 = CARTESIAN_POINT('',(6.,72.94476103309,16.173608181716));
#10928 = CARTESIAN_POINT('',(6.,72.926302014116,16.231622241349));
#10929 = CARTESIAN_POINT('',(6.,72.90781998014,16.289708633847));
#10930 = CARTESIAN_POINT('',(6.,72.889314931161,16.347867359209));
#10931 = CARTESIAN_POINT('',(6.,72.87078686718,16.406098417436));
#10932 = CARTESIAN_POINT('',(6.,72.852235788196,16.464401808526));
#10933 = CARTESIAN_POINT('',(6.,72.833661694211,16.522777532481));
#10934 = CARTESIAN_POINT('',(6.,72.815064585223,16.5812255893));
#10935 = CARTESIAN_POINT('',(6.,72.796444461233,16.639745978983));
#10936 = CARTESIAN_POINT('',(6.,72.77780132224,16.698338701531));
#10937 = CARTESIAN_POINT('',(6.,72.759135168245,16.757003756943));
#10938 = CARTESIAN_POINT('',(6.,80.794399493455,4.400000000001));
#10939 = CARTESIAN_POINT('',(6.,80.712055459648,4.400000000001));
#10940 = CARTESIAN_POINT('',(6.,80.633250822585,4.400000000001));
#10941 = CARTESIAN_POINT('',(6.,80.557985582266,4.400000000001));
#10942 = CARTESIAN_POINT('',(6.,80.486259738691,4.400000000001));
#10943 = CARTESIAN_POINT('',(6.,80.41807329186,4.400000000001));
#10944 = CARTESIAN_POINT('',(6.,80.353426241774,4.400000000001));
#10945 = CARTESIAN_POINT('',(6.,80.292318588431,4.400000000001));
#10946 = CARTESIAN_POINT('',(6.,80.234750331832,4.4));
#10947 = CARTESIAN_POINT('',(6.,80.180721471978,4.4));
#10948 = CARTESIAN_POINT('',(6.,80.130232008867,4.4));
#10949 = CARTESIAN_POINT('',(6.,80.083281942501,4.4));
#10950 = CARTESIAN_POINT('',(6.,80.039871272878,4.4));
#10951 = CARTESIAN_POINT('',(5.999999999998,79.31648351646,
    4.399999999998));
#10952 = CARTESIAN_POINT('',(6.000000000008,78.633277338065,
    4.578966503102));
#10953 = CARTESIAN_POINT('',(5.999999999977,77.979403858048,
    4.93708562529));
#10954 = CARTESIAN_POINT('',(6.000000000045,77.407402372667,
    5.445780630124));
#10955 = CARTESIAN_POINT('',(5.999999999933,76.825544792521,
    6.017707467359));
#10956 = CARTESIAN_POINT('',(6.000000000079,76.25599787513,
    6.809303427043));
#10957 = CARTESIAN_POINT('',(5.999999999925,75.712067543,7.649487214041)
  );
#10958 = CARTESIAN_POINT('',(6.000000000057,75.148929677033,
    8.689163249774));
#10959 = CARTESIAN_POINT('',(5.999999999965,74.607214641096,
    9.828015879755));
#10960 = CARTESIAN_POINT('',(6.000000000016,74.05819717962,
    11.121118891635));
#10961 = CARTESIAN_POINT('',(5.999999999994,73.514259595147,
    12.547129118484));
#10962 = CARTESIAN_POINT('',(6.000000000001,72.970749369348,
    14.113062602565));
#10963 = CARTESIAN_POINT('',(6.,72.40971646801,15.87630886386));
#10964 = CARTESIAN_POINT('',(6.,72.391188404029,15.934539922086));
#10965 = CARTESIAN_POINT('',(6.,72.372660340047,15.992770980312));
#10966 = CARTESIAN_POINT('',(6.,72.354132276066,16.051002038539));
#10967 = CARTESIAN_POINT('',(6.,72.335604212084,16.109233096765));
#10968 = CARTESIAN_POINT('',(6.,72.317076148102,16.167464154991));
#10969 = CARTESIAN_POINT('',(6.,72.298548084121,16.225695213217));
#10970 = CARTESIAN_POINT('',(6.,72.280020020139,16.283926271443));
#10971 = CARTESIAN_POINT('',(6.,72.261491956157,16.34215732967));
#10972 = CARTESIAN_POINT('',(6.,72.242963892176,16.400388387896));
#10973 = CARTESIAN_POINT('',(6.,72.224435828194,16.458619446122));
#10974 = CARTESIAN_POINT('',(5.999999999999,72.205907764213,
    16.516850504348));
#10975 = CARTESIAN_POINT('',(5.999999999999,72.187379700231,
    16.575081562574));
#10976 = DEFINITIONAL_REPRESENTATION('',(#10977),#11004);
#10977 = B_SPLINE_CURVE_WITH_KNOTS('',7,(#10978,#10979,#10980,#10981,
    #10982,#10983,#10984,#10985,#10986,#10987,#10988,#10989,#10990,
    #10991,#10992,#10993,#10994,#10995,#10996,#10997,#10998,#10999,
    #11000,#11001,#11002,#11003),.UNSPECIFIED.,.F.,.F.,(8,6,6,6,8),(0.,
    0.233818765933,0.47661682487,0.805172026346,1.),.UNSPECIFIED.);
#10978 = CARTESIAN_POINT('',(0.,13.61845532117));
#10979 = CARTESIAN_POINT('',(0.461755010501,13.61845532117));
#10980 = CARTESIAN_POINT('',(0.923480550759,13.615471328018));
#10981 = CARTESIAN_POINT('',(1.385071149541,13.609255611433));
#10982 = CARTESIAN_POINT('',(1.846407547126,13.599588235332));
#10983 = CARTESIAN_POINT('',(2.307359319927,13.586303293052));
#10984 = CARTESIAN_POINT('',(2.767786090255,13.569309951096));
#10985 = CARTESIAN_POINT('',(3.704944282255,13.52711165059));
#10986 = CARTESIAN_POINT('',(4.181648732827,13.501615176671));
#10987 = CARTESIAN_POINT('',(4.657474177403,13.472117755619));
#10988 = CARTESIAN_POINT('',(5.13230280261,13.438719745556));
#10989 = CARTESIAN_POINT('',(5.606074964799,13.401629587326));
#10990 = CARTESIAN_POINT('',(6.078783423319,13.361151539433));
#10991 = CARTESIAN_POINT('',(7.188739888313,13.258794262129));
#10992 = CARTESIAN_POINT('',(7.825118172096,13.194407260356));
#10993 = CARTESIAN_POINT('',(8.459799094077,13.12539789292));
#10994 = CARTESIAN_POINT('',(9.093153604847,13.052884128986));
#10995 = CARTESIAN_POINT('',(9.72565348895,12.978069589372));
#10996 = CARTESIAN_POINT('',(10.357799615709,12.902087714958));
#10997 = CARTESIAN_POINT('',(11.365042277892,12.780785815605));
#10998 = CARTESIAN_POINT('',(11.74002737617,12.735574477082));
#10999 = CARTESIAN_POINT('',(12.115149364199,12.690516920502));
#11000 = CARTESIAN_POINT('',(12.49049098943,12.645807216709));
#11001 = CARTESIAN_POINT('',(12.866121652994,12.601620082879));
#11002 = CARTESIAN_POINT('',(13.242096468557,12.558108273986));
#11003 = CARTESIAN_POINT('',(13.61845532117,12.51539997428));
#11004 = ( GEOMETRIC_REPRESENTATION_CONTEXT(2) 
PARAMETRIC_REPRESENTATION_CONTEXT() REPRESENTATION_CONTEXT('2D SPACE',''
  ) );
#11005 = ORIENTED_EDGE('',*,*,#11006,.T.);
#11006 = EDGE_CURVE('',#10800,#8955,#11007,.T.);
#11007 = SURFACE_CURVE('',#11008,(#11012,#11019),.PCURVE_S1.);
#11008 = LINE('',#11009,#11010);
#11009 = CARTESIAN_POINT('',(6.,73.,16.));
#11010 = VECTOR('',#11011,1.);
#11011 = DIRECTION('',(1.,0.,0.));
#11012 = PCURVE('',#8011,#11013);
#11013 = DEFINITIONAL_REPRESENTATION('',(#11014),#11018);
#11014 = LINE('',#11015,#11016);
#11015 = CARTESIAN_POINT('',(-3.700054712492,6.));
#11016 = VECTOR('',#11017,1.);
#11017 = DIRECTION('',(0.,1.));
#11018 = ( GEOMETRIC_REPRESENTATION_CONTEXT(2) 
PARAMETRIC_REPRESENTATION_CONTEXT() REPRESENTATION_CONTEXT('2D SPACE',''
  ) );
#11019 = PCURVE('',#8993,#11020);
#11020 = DEFINITIONAL_REPRESENTATION('',(#11021),#11025);
#11021 = LINE('',#11022,#11023);
#11022 = CARTESIAN_POINT('',(1.,0.));
#11023 = VECTOR('',#11024,1.);
#11024 = DIRECTION('',(0.,-1.));
#11025 = ( GEOMETRIC_REPRESENTATION_CONTEXT(2) 
PARAMETRIC_REPRESENTATION_CONTEXT() REPRESENTATION_CONTEXT('2D SPACE',''
  ) );
#11026 = ORIENTED_EDGE('',*,*,#11027,.T.);
#11027 = EDGE_CURVE('',#8955,#8309,#11028,.T.);
#11028 = SURFACE_CURVE('',#11029,(#11034,#11041),.PCURVE_S1.);
#11029 = CIRCLE('',#11030,8.2);
#11030 = AXIS2_PLACEMENT_3D('',#11031,#11032,#11033);
#11031 = CARTESIAN_POINT('',(0.,73.,16.));
#11032 = DIRECTION('',(0.,-1.,-0.));
#11033 = DIRECTION('',(1.,0.,0.));
#11034 = PCURVE('',#8011,#11035);
#11035 = DEFINITIONAL_REPRESENTATION('',(#11036),#11040);
#11036 = CIRCLE('',#11037,8.2);
#11037 = AXIS2_PLACEMENT_2D('',#11038,#11039);
#11038 = CARTESIAN_POINT('',(-3.700054712492,0.));
#11039 = DIRECTION('',(0.,1.));
#11040 = ( GEOMETRIC_REPRESENTATION_CONTEXT(2) 
PARAMETRIC_REPRESENTATION_CONTEXT() REPRESENTATION_CONTEXT('2D SPACE',''
  ) );
#11041 = PCURVE('',#8889,#11042);
#11042 = DEFINITIONAL_REPRESENTATION('',(#11043),#11047);
#11043 = LINE('',#11044,#11045);
#11044 = CARTESIAN_POINT('',(-0.,1.570796326795));
#11045 = VECTOR('',#11046,1.);
#11046 = DIRECTION('',(-1.,0.));
#11047 = ( GEOMETRIC_REPRESENTATION_CONTEXT(2) 
PARAMETRIC_REPRESENTATION_CONTEXT() REPRESENTATION_CONTEXT('2D SPACE',''
  ) );
#11048 = ORIENTED_EDGE('',*,*,#11049,.T.);
#11049 = EDGE_CURVE('',#8309,#10400,#11050,.T.);
#11050 = SURFACE_CURVE('',#11051,(#11055,#11062),.PCURVE_S1.);
#11051 = LINE('',#11052,#11053);
#11052 = CARTESIAN_POINT('',(-9.,73.,16.));
#11053 = VECTOR('',#11054,1.);
#11054 = DIRECTION('',(1.,0.,0.));
#11055 = PCURVE('',#8011,#11056);
#11056 = DEFINITIONAL_REPRESENTATION('',(#11057),#11061);
#11057 = LINE('',#11058,#11059);
#11058 = CARTESIAN_POINT('',(-3.700054712492,-9.));
#11059 = VECTOR('',#11060,1.);
#11060 = DIRECTION('',(0.,1.));
#11061 = ( GEOMETRIC_REPRESENTATION_CONTEXT(2) 
PARAMETRIC_REPRESENTATION_CONTEXT() REPRESENTATION_CONTEXT('2D SPACE',''
  ) );
#11062 = PCURVE('',#8324,#11063);
#11063 = DEFINITIONAL_REPRESENTATION('',(#11064),#11068);
#11064 = LINE('',#11065,#11066);
#11065 = CARTESIAN_POINT('',(1.,0.));
#11066 = VECTOR('',#11067,1.);
#11067 = DIRECTION('',(0.,-1.));
#11068 = ( GEOMETRIC_REPRESENTATION_CONTEXT(2) 
PARAMETRIC_REPRESENTATION_CONTEXT() REPRESENTATION_CONTEXT('2D SPACE',''
  ) );
#11069 = FACE_BOUND('',#11070,.F.);
#11070 = EDGE_LOOP('',(#11071,#11072,#11073,#11074));
#11071 = ORIENTED_EDGE('',*,*,#7996,.T.);
#11072 = ORIENTED_EDGE('',*,*,#8136,.T.);
#11073 = ORIENTED_EDGE('',*,*,#8104,.T.);
#11074 = ORIENTED_EDGE('',*,*,#8055,.T.);
#11075 = ADVANCED_FACE('',(#11076),#8324,.F.);
#11076 = FACE_BOUND('',#11077,.F.);
#11077 = EDGE_LOOP('',(#11078,#11101,#11168,#11169,#11170));
#11078 = ORIENTED_EDGE('',*,*,#11079,.T.);
#11079 = EDGE_CURVE('',#8366,#11080,#11082,.T.);
#11080 = VERTEX_POINT('',#11081);
#11081 = CARTESIAN_POINT('',(-6.6,80.,5.));
#11082 = SURFACE_CURVE('',#11083,(#11087,#11094),.PCURVE_S1.);
#11083 = LINE('',#11084,#11085);
#11084 = CARTESIAN_POINT('',(-9.,80.,5.));
#11085 = VECTOR('',#11086,1.);
#11086 = DIRECTION('',(1.,0.,0.));
#11087 = PCURVE('',#8324,#11088);
#11088 = DEFINITIONAL_REPRESENTATION('',(#11089),#11093);
#11089 = LINE('',#11090,#11091);
#11090 = CARTESIAN_POINT('',(0.,0.));
#11091 = VECTOR('',#11092,1.);
#11092 = DIRECTION('',(0.,-1.));
#11093 = ( GEOMETRIC_REPRESENTATION_CONTEXT(2) 
PARAMETRIC_REPRESENTATION_CONTEXT() REPRESENTATION_CONTEXT('2D SPACE',''
  ) );
#11094 = PCURVE('',#8675,#11095);
#11095 = DEFINITIONAL_REPRESENTATION('',(#11096),#11100);
#11096 = LINE('',#11097,#11098);
#11097 = CARTESIAN_POINT('',(0.,0.));
#11098 = VECTOR('',#11099,1.);
#11099 = DIRECTION('',(0.,-1.));
#11100 = ( GEOMETRIC_REPRESENTATION_CONTEXT(2) 
PARAMETRIC_REPRESENTATION_CONTEXT() REPRESENTATION_CONTEXT('2D SPACE',''
  ) );
#11101 = ORIENTED_EDGE('',*,*,#11102,.T.);
#11102 = EDGE_CURVE('',#11080,#10400,#11103,.T.);
#11103 = SURFACE_CURVE('',#11104,(#11143,#11161),.PCURVE_S1.);
#11104 = B_SPLINE_CURVE_WITH_KNOTS('',13,(#11105,#11106,#11107,#11108,
    #11109,#11110,#11111,#11112,#11113,#11114,#11115,#11116,#11117,
    #11118,#11119,#11120,#11121,#11122,#11123,#11124,#11125,#11126,
    #11127,#11128,#11129,#11130,#11131,#11132,#11133,#11134,#11135,
    #11136,#11137,#11138,#11139,#11140,#11141,#11142),.UNSPECIFIED.,.F.,
  .F.,(14,12,12,14),(-0.794399493455,3.714808400532E-14,13.61845532117,
    14.083563821864),.UNSPECIFIED.);
#11105 = CARTESIAN_POINT('',(-6.6,80.794399493455,5.000000000001));
#11106 = CARTESIAN_POINT('',(-6.6,80.703594031963,5.000000000001));
#11107 = CARTESIAN_POINT('',(-6.6,80.617738205162,5.000000000001));
#11108 = CARTESIAN_POINT('',(-6.6,80.536832013054,5.000000000001));
#11109 = CARTESIAN_POINT('',(-6.6,80.460875455636,5.000000000001));
#11110 = CARTESIAN_POINT('',(-6.6,80.389868532911,5.000000000001));
#11111 = CARTESIAN_POINT('',(-6.6,80.323811244876,5.000000000001));
#11112 = CARTESIAN_POINT('',(-6.6,80.262703591534,5.000000000001));
#11113 = CARTESIAN_POINT('',(-6.6,80.206545572883,5.000000000001));
#11114 = CARTESIAN_POINT('',(-6.6,80.155337188923,5.));
#11115 = CARTESIAN_POINT('',(-6.6,80.109078439655,5.));
#11116 = CARTESIAN_POINT('',(-6.6,80.067769325078,5.));
#11117 = CARTESIAN_POINT('',(-6.6,80.031409845193,5.));
#11118 = CARTESIAN_POINT('',(-6.599999999999,79.461538461523,
    4.999999999998));
#11119 = CARTESIAN_POINT('',(-6.600000000006,78.923076923148,
    5.141025641034));
#11120 = CARTESIAN_POINT('',(-6.599999999983,78.38461538442,
    5.423076923054));
#11121 = CARTESIAN_POINT('',(-6.600000000033,77.846153846541,
    5.8461538462));
#11122 = CARTESIAN_POINT('',(-6.59999999995,77.307692307105,
    6.410256410185));
#11123 = CARTESIAN_POINT('',(-6.60000000006,76.769230769934,
    7.11538461547));
#11124 = CARTESIAN_POINT('',(-6.599999999942,76.230769230096,
    7.961538461457));
#11125 = CARTESIAN_POINT('',(-6.600000000044,75.692307692829,
    8.948717948781));
#11126 = CARTESIAN_POINT('',(-6.599999999973,75.153846153523,
    10.076923076884));
#11127 = CARTESIAN_POINT('',(-6.600000000013,74.615384615542,
    11.346153846173));
#11128 = CARTESIAN_POINT('',(-6.599999999995,74.076923076866,
    12.756410256404));
#11129 = CARTESIAN_POINT('',(-6.600000000001,73.538461538474,
    14.307692307694));
#11130 = CARTESIAN_POINT('',(-6.6,72.981610026032,16.057797061041));
#11131 = CARTESIAN_POINT('',(-6.6,72.963197037062,16.115666454946));
#11132 = CARTESIAN_POINT('',(-6.6,72.944761033089,16.173608181715));
#11133 = CARTESIAN_POINT('',(-6.6,72.926302014114,16.231622241349));
#11134 = CARTESIAN_POINT('',(-6.6,72.907819980137,16.289708633847));
#11135 = CARTESIAN_POINT('',(-6.6,72.889314931158,16.347867359209));
#11136 = CARTESIAN_POINT('',(-6.6,72.870786867177,16.406098417435));
#11137 = CARTESIAN_POINT('',(-6.6,72.852235788193,16.464401808525));
#11138 = CARTESIAN_POINT('',(-6.6,72.833661694207,16.52277753248));
#11139 = CARTESIAN_POINT('',(-6.6,72.815064585219,16.581225589299));
#11140 = CARTESIAN_POINT('',(-6.6,72.796444461228,16.639745978982));
#11141 = CARTESIAN_POINT('',(-6.6,72.777801322235,16.698338701529));
#11142 = CARTESIAN_POINT('',(-6.6,72.75913516824,16.757003756941));
#11143 = PCURVE('',#8324,#11144);
#11144 = DEFINITIONAL_REPRESENTATION('',(#11145),#11160);
#11145 = B_SPLINE_CURVE_WITH_KNOTS('',13,(#11146,#11147,#11148,#11149,
    #11150,#11151,#11152,#11153,#11154,#11155,#11156,#11157,#11158,
    #11159),.UNSPECIFIED.,.F.,.F.,(14,14),(3.714808400532E-14,
    13.61845532117),.PIECEWISE_BEZIER_KNOTS.);
#11146 = CARTESIAN_POINT('',(1.110223024625E-16,-2.4));
#11147 = CARTESIAN_POINT('',(7.692307692299E-02,-2.4));
#11148 = CARTESIAN_POINT('',(0.153846153847,-2.400000000001));
#11149 = CARTESIAN_POINT('',(0.230769230768,-2.399999999996));
#11150 = CARTESIAN_POINT('',(0.307692307695,-2.400000000008));
#11151 = CARTESIAN_POINT('',(0.384615384612,-2.399999999988));
#11152 = CARTESIAN_POINT('',(0.461538461543,-2.400000000014));
#11153 = CARTESIAN_POINT('',(0.538461538457,-2.399999999987));
#11154 = CARTESIAN_POINT('',(0.615384615388,-2.40000000001));
#11155 = CARTESIAN_POINT('',(0.692307692306,-2.399999999994));
#11156 = CARTESIAN_POINT('',(0.769230769232,-2.400000000003));
#11157 = CARTESIAN_POINT('',(0.846153846154,-2.399999999999));
#11158 = CARTESIAN_POINT('',(0.923076923077,-2.4));
#11159 = CARTESIAN_POINT('',(1.,-2.4));
#11160 = ( GEOMETRIC_REPRESENTATION_CONTEXT(2) 
PARAMETRIC_REPRESENTATION_CONTEXT() REPRESENTATION_CONTEXT('2D SPACE',''
  ) );
#11161 = PCURVE('',#10463,#11162);
#11162 = DEFINITIONAL_REPRESENTATION('',(#11163),#11167);
#11163 = LINE('',#11164,#11165);
#11164 = CARTESIAN_POINT('',(0.,0.));
#11165 = VECTOR('',#11166,1.);
#11166 = DIRECTION('',(0.,1.));
#11167 = ( GEOMETRIC_REPRESENTATION_CONTEXT(2) 
PARAMETRIC_REPRESENTATION_CONTEXT() REPRESENTATION_CONTEXT('2D SPACE',''
  ) );
#11168 = ORIENTED_EDGE('',*,*,#11049,.F.);
#11169 = ORIENTED_EDGE('',*,*,#8308,.F.);
#11170 = ORIENTED_EDGE('',*,*,#8365,.F.);
#11171 = ADVANCED_FACE('',(#11172,#11302),#8675,.T.);
#11172 = FACE_BOUND('',#11173,.T.);
#11173 = EDGE_LOOP('',(#11174,#11203,#11225,#11226,#11227,#11258,#11279,
    #11280));
#11174 = ORIENTED_EDGE('',*,*,#11175,.F.);
#11175 = EDGE_CURVE('',#11176,#11178,#11180,.T.);
#11176 = VERTEX_POINT('',#11177);
#11177 = CARTESIAN_POINT('',(-5.,89.4,5.));
#11178 = VERTEX_POINT('',#11179);
#11179 = CARTESIAN_POINT('',(5.,89.4,5.));
#11180 = SURFACE_CURVE('',#11181,(#11185,#11192),.PCURVE_S1.);
#11181 = LINE('',#11182,#11183);
#11182 = CARTESIAN_POINT('',(-5.,89.4,5.));
#11183 = VECTOR('',#11184,1.);
#11184 = DIRECTION('',(1.,0.,0.));
#11185 = PCURVE('',#8675,#11186);
#11186 = DEFINITIONAL_REPRESENTATION('',(#11187),#11191);
#11187 = LINE('',#11188,#11189);
#11188 = CARTESIAN_POINT('',(9.4,-4.));
#11189 = VECTOR('',#11190,1.);
#11190 = DIRECTION('',(0.,-1.));
#11191 = ( GEOMETRIC_REPRESENTATION_CONTEXT(2) 
PARAMETRIC_REPRESENTATION_CONTEXT() REPRESENTATION_CONTEXT('2D SPACE',''
  ) );
#11192 = PCURVE('',#11193,#11198);
#11193 = CYLINDRICAL_SURFACE('',#11194,0.6);
#11194 = AXIS2_PLACEMENT_3D('',#11195,#11196,#11197);
#11195 = CARTESIAN_POINT('',(-5.,89.4,4.4));
#11196 = DIRECTION('',(1.,0.,0.));
#11197 = DIRECTION('',(-0.,0.,1.));
#11198 = DEFINITIONAL_REPRESENTATION('',(#11199),#11202);
#11199 = B_SPLINE_CURVE_WITH_KNOTS('',1,(#11200,#11201),.UNSPECIFIED.,
  .F.,.F.,(2,2),(0.,10.),.PIECEWISE_BEZIER_KNOTS.);
#11200 = CARTESIAN_POINT('',(6.28318530718,0.));
#11201 = CARTESIAN_POINT('',(6.28318530718,10.));
#11202 = ( GEOMETRIC_REPRESENTATION_CONTEXT(2) 
PARAMETRIC_REPRESENTATION_CONTEXT() REPRESENTATION_CONTEXT('2D SPACE',''
  ) );
#11203 = ORIENTED_EDGE('',*,*,#11204,.T.);
#11204 = EDGE_CURVE('',#11176,#8661,#11205,.T.);
#11205 = SURFACE_CURVE('',#11206,(#11211,#11218),.PCURVE_S1.);
#11206 = CIRCLE('',#11207,3.4);
#11207 = AXIS2_PLACEMENT_3D('',#11208,#11209,#11210);
#11208 = CARTESIAN_POINT('',(-5.,86.,5.));
#11209 = DIRECTION('',(0.,0.,1.));
#11210 = DIRECTION('',(1.,0.,-0.));
#11211 = PCURVE('',#8675,#11212);
#11212 = DEFINITIONAL_REPRESENTATION('',(#11213),#11217);
#11213 = CIRCLE('',#11214,3.4);
#11214 = AXIS2_PLACEMENT_2D('',#11215,#11216);
#11215 = CARTESIAN_POINT('',(6.,-4.));
#11216 = DIRECTION('',(0.,-1.));
#11217 = ( GEOMETRIC_REPRESENTATION_CONTEXT(2) 
PARAMETRIC_REPRESENTATION_CONTEXT() REPRESENTATION_CONTEXT('2D SPACE',''
  ) );
#11218 = PCURVE('',#8702,#11219);
#11219 = DEFINITIONAL_REPRESENTATION('',(#11220),#11224);
#11220 = LINE('',#11221,#11222);
#11221 = CARTESIAN_POINT('',(0.,1.570796293475));
#11222 = VECTOR('',#11223,1.);
#11223 = DIRECTION('',(1.,0.));
#11224 = ( GEOMETRIC_REPRESENTATION_CONTEXT(2) 
PARAMETRIC_REPRESENTATION_CONTEXT() REPRESENTATION_CONTEXT('2D SPACE',''
  ) );
#11225 = ORIENTED_EDGE('',*,*,#8660,.F.);
#11226 = ORIENTED_EDGE('',*,*,#11079,.T.);
#11227 = ORIENTED_EDGE('',*,*,#11228,.T.);
#11228 = EDGE_CURVE('',#11080,#11229,#11231,.T.);
#11229 = VERTEX_POINT('',#11230);
#11230 = CARTESIAN_POINT('',(6.6,80.,5.));
#11231 = SURFACE_CURVE('',#11232,(#11236,#11243),.PCURVE_S1.);
#11232 = LINE('',#11233,#11234);
#11233 = CARTESIAN_POINT('',(-9.,80.,5.));
#11234 = VECTOR('',#11235,1.);
#11235 = DIRECTION('',(1.,0.,0.));
#11236 = PCURVE('',#8675,#11237);
#11237 = DEFINITIONAL_REPRESENTATION('',(#11238),#11242);
#11238 = LINE('',#11239,#11240);
#11239 = CARTESIAN_POINT('',(0.,0.));
#11240 = VECTOR('',#11241,1.);
#11241 = DIRECTION('',(0.,-1.));
#11242 = ( GEOMETRIC_REPRESENTATION_CONTEXT(2) 
PARAMETRIC_REPRESENTATION_CONTEXT() REPRESENTATION_CONTEXT('2D SPACE',''
  ) );
#11243 = PCURVE('',#11244,#11252);
#11244 = SURFACE_OF_LINEAR_EXTRUSION('',#11245,#11250);
#11245 = B_SPLINE_CURVE_WITH_KNOTS('',3,(#11246,#11247,#11248,#11249),
  .UNSPECIFIED.,.F.,.F.,(4,4),(0.,1.),.PIECEWISE_BEZIER_KNOTS.);
#11246 = CARTESIAN_POINT('',(-9.,78.,3.));
#11247 = CARTESIAN_POINT('',(-9.,78.666666666667,3.));
#11248 = CARTESIAN_POINT('',(-9.,79.333333333333,5.));
#11249 = CARTESIAN_POINT('',(-9.,80.,5.));
#11250 = VECTOR('',#11251,1.);
#11251 = DIRECTION('',(-1.,-0.,-0.));
#11252 = DEFINITIONAL_REPRESENTATION('',(#11253),#11257);
#11253 = LINE('',#11254,#11255);
#11254 = CARTESIAN_POINT('',(1.,0.));
#11255 = VECTOR('',#11256,1.);
#11256 = DIRECTION('',(0.,-1.));
#11257 = ( GEOMETRIC_REPRESENTATION_CONTEXT(2) 
PARAMETRIC_REPRESENTATION_CONTEXT() REPRESENTATION_CONTEXT('2D SPACE',''
  ) );
#11258 = ORIENTED_EDGE('',*,*,#11259,.T.);
#11259 = EDGE_CURVE('',#11229,#9104,#11260,.T.);
#11260 = SURFACE_CURVE('',#11261,(#11265,#11272),.PCURVE_S1.);
#11261 = LINE('',#11262,#11263);
#11262 = CARTESIAN_POINT('',(6.,80.,5.));
#11263 = VECTOR('',#11264,1.);
#11264 = DIRECTION('',(1.,0.,0.));
#11265 = PCURVE('',#8675,#11266);
#11266 = DEFINITIONAL_REPRESENTATION('',(#11267),#11271);
#11267 = LINE('',#11268,#11269);
#11268 = CARTESIAN_POINT('',(0.,-15.));
#11269 = VECTOR('',#11270,1.);
#11270 = DIRECTION('',(0.,-1.));
#11271 = ( GEOMETRIC_REPRESENTATION_CONTEXT(2) 
PARAMETRIC_REPRESENTATION_CONTEXT() REPRESENTATION_CONTEXT('2D SPACE',''
  ) );
#11272 = PCURVE('',#8993,#11273);
#11273 = DEFINITIONAL_REPRESENTATION('',(#11274),#11278);
#11274 = LINE('',#11275,#11276);
#11275 = CARTESIAN_POINT('',(0.,0.));
#11276 = VECTOR('',#11277,1.);
#11277 = DIRECTION('',(0.,-1.));
#11278 = ( GEOMETRIC_REPRESENTATION_CONTEXT(2) 
PARAMETRIC_REPRESENTATION_CONTEXT() REPRESENTATION_CONTEXT('2D SPACE',''
  ) );
#11279 = ORIENTED_EDGE('',*,*,#9366,.T.);
#11280 = ORIENTED_EDGE('',*,*,#11281,.T.);
#11281 = EDGE_CURVE('',#9339,#11178,#11282,.T.);
#11282 = SURFACE_CURVE('',#11283,(#11288,#11295),.PCURVE_S1.);
#11283 = CIRCLE('',#11284,3.4);
#11284 = AXIS2_PLACEMENT_3D('',#11285,#11286,#11287);
#11285 = CARTESIAN_POINT('',(5.,86.,5.));
#11286 = DIRECTION('',(0.,0.,1.));
#11287 = DIRECTION('',(1.,0.,-0.));
#11288 = PCURVE('',#8675,#11289);
#11289 = DEFINITIONAL_REPRESENTATION('',(#11290),#11294);
#11290 = CIRCLE('',#11291,3.4);
#11291 = AXIS2_PLACEMENT_2D('',#11292,#11293);
#11292 = CARTESIAN_POINT('',(6.,-14.));
#11293 = DIRECTION('',(0.,-1.));
#11294 = ( GEOMETRIC_REPRESENTATION_CONTEXT(2) 
PARAMETRIC_REPRESENTATION_CONTEXT() REPRESENTATION_CONTEXT('2D SPACE',''
  ) );
#11295 = PCURVE('',#9355,#11296);
#11296 = DEFINITIONAL_REPRESENTATION('',(#11297),#11301);
#11297 = LINE('',#11298,#11299);
#11298 = CARTESIAN_POINT('',(0.,1.570796293475));
#11299 = VECTOR('',#11300,1.);
#11300 = DIRECTION('',(1.,0.));
#11301 = ( GEOMETRIC_REPRESENTATION_CONTEXT(2) 
PARAMETRIC_REPRESENTATION_CONTEXT() REPRESENTATION_CONTEXT('2D SPACE',''
  ) );
#11302 = FACE_BOUND('',#11303,.T.);
#11303 = EDGE_LOOP('',(#11304));
#11304 = ORIENTED_EDGE('',*,*,#11305,.F.);
#11305 = EDGE_CURVE('',#11306,#11306,#11308,.T.);
#11306 = VERTEX_POINT('',#11307);
#11307 = CARTESIAN_POINT('',(3.5,85.,5.));
#11308 = SURFACE_CURVE('',#11309,(#11314,#11321),.PCURVE_S1.);
#11309 = CIRCLE('',#11310,3.5);
#11310 = AXIS2_PLACEMENT_3D('',#11311,#11312,#11313);
#11311 = CARTESIAN_POINT('',(0.,85.,5.));
#11312 = DIRECTION('',(0.,0.,1.));
#11313 = DIRECTION('',(1.,0.,-0.));
#11314 = PCURVE('',#8675,#11315);
#11315 = DEFINITIONAL_REPRESENTATION('',(#11316),#11320);
#11316 = CIRCLE('',#11317,3.5);
#11317 = AXIS2_PLACEMENT_2D('',#11318,#11319);
#11318 = CARTESIAN_POINT('',(5.,-9.));
#11319 = DIRECTION('',(0.,-1.));
#11320 = ( GEOMETRIC_REPRESENTATION_CONTEXT(2) 
PARAMETRIC_REPRESENTATION_CONTEXT() REPRESENTATION_CONTEXT('2D SPACE',''
  ) );
#11321 = PCURVE('',#11322,#11327);
#11322 = CONICAL_SURFACE('',#11323,1.9,0.785398163397);
#11323 = AXIS2_PLACEMENT_3D('',#11324,#11325,#11326);
#11324 = CARTESIAN_POINT('',(0.,85.,3.4));
#11325 = DIRECTION('',(0.,0.,1.));
#11326 = DIRECTION('',(1.,0.,-0.));
#11327 = DEFINITIONAL_REPRESENTATION('',(#11328),#11332);
#11328 = LINE('',#11329,#11330);
#11329 = CARTESIAN_POINT('',(0.,1.6));
#11330 = VECTOR('',#11331,1.);
#11331 = DIRECTION('',(1.,0.));
#11332 = ( GEOMETRIC_REPRESENTATION_CONTEXT(2) 
PARAMETRIC_REPRESENTATION_CONTEXT() REPRESENTATION_CONTEXT('2D SPACE',''
  ) );
#11333 = ADVANCED_FACE('',(#11334),#8702,.T.);
#11334 = FACE_BOUND('',#11335,.T.);
#11335 = EDGE_LOOP('',(#11336,#11357,#11358,#11359));
#11336 = ORIENTED_EDGE('',*,*,#11337,.F.);
#11337 = EDGE_CURVE('',#8749,#11176,#11338,.T.);
#11338 = SURFACE_CURVE('',#11339,(#11344,#11350),.PCURVE_S1.);
#11339 = CIRCLE('',#11340,0.6);
#11340 = AXIS2_PLACEMENT_3D('',#11341,#11342,#11343);
#11341 = CARTESIAN_POINT('',(-5.,89.4,4.4));
#11342 = DIRECTION('',(1.,0.,0.));
#11343 = DIRECTION('',(-0.,0.,1.));
#11344 = PCURVE('',#8702,#11345);
#11345 = DEFINITIONAL_REPRESENTATION('',(#11346),#11349);
#11346 = B_SPLINE_CURVE_WITH_KNOTS('',1,(#11347,#11348),.UNSPECIFIED.,
  .F.,.F.,(2,2),(4.712388980385,6.28318530718),
  .PIECEWISE_BEZIER_KNOTS.);
#11347 = CARTESIAN_POINT('',(1.570796326795,0.));
#11348 = CARTESIAN_POINT('',(1.570796326795,1.570796326795));
#11349 = ( GEOMETRIC_REPRESENTATION_CONTEXT(2) 
PARAMETRIC_REPRESENTATION_CONTEXT() REPRESENTATION_CONTEXT('2D SPACE',''
  ) );
#11350 = PCURVE('',#11193,#11351);
#11351 = DEFINITIONAL_REPRESENTATION('',(#11352),#11356);
#11352 = LINE('',#11353,#11354);
#11353 = CARTESIAN_POINT('',(0.,0.));
#11354 = VECTOR('',#11355,1.);
#11355 = DIRECTION('',(1.,0.));
#11356 = ( GEOMETRIC_REPRESENTATION_CONTEXT(2) 
PARAMETRIC_REPRESENTATION_CONTEXT() REPRESENTATION_CONTEXT('2D SPACE',''
  ) );
#11357 = ORIENTED_EDGE('',*,*,#8776,.T.);
#11358 = ORIENTED_EDGE('',*,*,#8687,.T.);
#11359 = ORIENTED_EDGE('',*,*,#11204,.F.);
#11360 = ADVANCED_FACE('',(#11361),#8764,.T.);
#11361 = FACE_BOUND('',#11362,.T.);
#11362 = EDGE_LOOP('',(#11363,#11384,#11385,#11406));
#11363 = ORIENTED_EDGE('',*,*,#11364,.F.);
#11364 = EDGE_CURVE('',#8720,#9393,#11365,.T.);
#11365 = SURFACE_CURVE('',#11366,(#11370,#11377),.PCURVE_S1.);
#11366 = LINE('',#11367,#11368);
#11367 = CARTESIAN_POINT('',(-5.,90.,0.2));
#11368 = VECTOR('',#11369,1.);
#11369 = DIRECTION('',(1.,0.,0.));
#11370 = PCURVE('',#8764,#11371);
#11371 = DEFINITIONAL_REPRESENTATION('',(#11372),#11376);
#11372 = LINE('',#11373,#11374);
#11373 = CARTESIAN_POINT('',(0.2,4.));
#11374 = VECTOR('',#11375,1.);
#11375 = DIRECTION('',(0.,1.));
#11376 = ( GEOMETRIC_REPRESENTATION_CONTEXT(2) 
PARAMETRIC_REPRESENTATION_CONTEXT() REPRESENTATION_CONTEXT('2D SPACE',''
  ) );
#11377 = PCURVE('',#10244,#11378);
#11378 = DEFINITIONAL_REPRESENTATION('',(#11379),#11383);
#11379 = LINE('',#11380,#11381);
#11380 = CARTESIAN_POINT('',(-0.,0.));
#11381 = VECTOR('',#11382,1.);
#11382 = DIRECTION('',(-0.,1.));
#11383 = ( GEOMETRIC_REPRESENTATION_CONTEXT(2) 
PARAMETRIC_REPRESENTATION_CONTEXT() REPRESENTATION_CONTEXT('2D SPACE',''
  ) );
#11384 = ORIENTED_EDGE('',*,*,#8748,.F.);
#11385 = ORIENTED_EDGE('',*,*,#11386,.T.);
#11386 = EDGE_CURVE('',#8749,#9422,#11387,.T.);
#11387 = SURFACE_CURVE('',#11388,(#11392,#11399),.PCURVE_S1.);
#11388 = LINE('',#11389,#11390);
#11389 = CARTESIAN_POINT('',(-5.,90.,4.4));
#11390 = VECTOR('',#11391,1.);
#11391 = DIRECTION('',(1.,0.,0.));
#11392 = PCURVE('',#8764,#11393);
#11393 = DEFINITIONAL_REPRESENTATION('',(#11394),#11398);
#11394 = LINE('',#11395,#11396);
#11395 = CARTESIAN_POINT('',(4.4,4.));
#11396 = VECTOR('',#11397,1.);
#11397 = DIRECTION('',(0.,1.));
#11398 = ( GEOMETRIC_REPRESENTATION_CONTEXT(2) 
PARAMETRIC_REPRESENTATION_CONTEXT() REPRESENTATION_CONTEXT('2D SPACE',''
  ) );
#11399 = PCURVE('',#11193,#11400);
#11400 = DEFINITIONAL_REPRESENTATION('',(#11401),#11405);
#11401 = LINE('',#11402,#11403);
#11402 = CARTESIAN_POINT('',(4.712388980385,0.));
#11403 = VECTOR('',#11404,1.);
#11404 = DIRECTION('',(0.,1.));
#11405 = ( GEOMETRIC_REPRESENTATION_CONTEXT(2) 
PARAMETRIC_REPRESENTATION_CONTEXT() REPRESENTATION_CONTEXT('2D SPACE',''
  ) );
#11406 = ORIENTED_EDGE('',*,*,#9421,.F.);
#11407 = ADVANCED_FACE('',(#11408),#8736,.T.);
#11408 = FACE_BOUND('',#11409,.T.);
#11409 = EDGE_LOOP('',(#11410,#11411,#11412,#11434));
#11410 = ORIENTED_EDGE('',*,*,#8847,.F.);
#11411 = ORIENTED_EDGE('',*,*,#8719,.T.);
#11412 = ORIENTED_EDGE('',*,*,#11413,.T.);
#11413 = EDGE_CURVE('',#8720,#10229,#11414,.T.);
#11414 = SURFACE_CURVE('',#11415,(#11420,#11427),.PCURVE_S1.);
#11415 = CIRCLE('',#11416,0.2);
#11416 = AXIS2_PLACEMENT_3D('',#11417,#11418,#11419);
#11417 = CARTESIAN_POINT('',(-5.,89.8,0.2));
#11418 = DIRECTION('',(-1.,-6.123233995737E-17,0.));
#11419 = DIRECTION('',(-6.123233995737E-17,1.,0.));
#11420 = PCURVE('',#8736,#11421);
#11421 = DEFINITIONAL_REPRESENTATION('',(#11422),#11426);
#11422 = LINE('',#11423,#11424);
#11423 = CARTESIAN_POINT('',(1.570796326795,0.));
#11424 = VECTOR('',#11425,1.);
#11425 = DIRECTION('',(0.,1.));
#11426 = ( GEOMETRIC_REPRESENTATION_CONTEXT(2) 
PARAMETRIC_REPRESENTATION_CONTEXT() REPRESENTATION_CONTEXT('2D SPACE',''
  ) );
#11427 = PCURVE('',#10244,#11428);
#11428 = DEFINITIONAL_REPRESENTATION('',(#11429),#11433);
#11429 = LINE('',#11430,#11431);
#11430 = CARTESIAN_POINT('',(-0.,0.));
#11431 = VECTOR('',#11432,1.);
#11432 = DIRECTION('',(-1.,0.));
#11433 = ( GEOMETRIC_REPRESENTATION_CONTEXT(2) 
PARAMETRIC_REPRESENTATION_CONTEXT() REPRESENTATION_CONTEXT('2D SPACE',''
  ) );
#11434 = ORIENTED_EDGE('',*,*,#10256,.F.);
#11435 = ADVANCED_FACE('',(#11436),#8889,.T.);
#11436 = FACE_BOUND('',#11437,.F.);
#11437 = EDGE_LOOP('',(#11438,#11439,#11440,#11441));
#11438 = ORIENTED_EDGE('',*,*,#9822,.F.);
#11439 = ORIENTED_EDGE('',*,*,#10374,.T.);
#11440 = ORIENTED_EDGE('',*,*,#8873,.T.);
#11441 = ORIENTED_EDGE('',*,*,#11027,.F.);
#11442 = ADVANCED_FACE('',(#11443),#8993,.F.);
#11443 = FACE_BOUND('',#11444,.F.);
#11444 = EDGE_LOOP('',(#11445,#11446,#11447,#11448,#11449));
#11445 = ORIENTED_EDGE('',*,*,#11259,.T.);
#11446 = ORIENTED_EDGE('',*,*,#9103,.T.);
#11447 = ORIENTED_EDGE('',*,*,#8977,.F.);
#11448 = ORIENTED_EDGE('',*,*,#11006,.F.);
#11449 = ORIENTED_EDGE('',*,*,#11450,.F.);
#11450 = EDGE_CURVE('',#11229,#10800,#11451,.T.);
#11451 = SURFACE_CURVE('',#11452,(#11491,#11509),.PCURVE_S1.);
#11452 = B_SPLINE_CURVE_WITH_KNOTS('',13,(#11453,#11454,#11455,#11456,
    #11457,#11458,#11459,#11460,#11461,#11462,#11463,#11464,#11465,
    #11466,#11467,#11468,#11469,#11470,#11471,#11472,#11473,#11474,
    #11475,#11476,#11477,#11478,#11479,#11480,#11481,#11482,#11483,
    #11484,#11485,#11486,#11487,#11488,#11489,#11490),.UNSPECIFIED.,.F.,
  .F.,(14,12,12,14),(-0.794399493455,3.714808400532E-14,13.61845532117,
    14.083563821863),.UNSPECIFIED.);
#11453 = CARTESIAN_POINT('',(6.6,80.794399493455,5.000000000001));
#11454 = CARTESIAN_POINT('',(6.6,80.703594031963,5.000000000001));
#11455 = CARTESIAN_POINT('',(6.6,80.617738205163,5.000000000001));
#11456 = CARTESIAN_POINT('',(6.6,80.536832013055,5.000000000001));
#11457 = CARTESIAN_POINT('',(6.6,80.460875455638,5.000000000001));
#11458 = CARTESIAN_POINT('',(6.6,80.389868532912,5.000000000001));
#11459 = CARTESIAN_POINT('',(6.6,80.323811244878,5.000000000001));
#11460 = CARTESIAN_POINT('',(6.6,80.262703591535,5.000000000001));
#11461 = CARTESIAN_POINT('',(6.6,80.206545572884,5.000000000001));
#11462 = CARTESIAN_POINT('',(6.6,80.155337188924,5.));
#11463 = CARTESIAN_POINT('',(6.6,80.109078439656,5.));
#11464 = CARTESIAN_POINT('',(6.6,80.067769325079,5.));
#11465 = CARTESIAN_POINT('',(6.6,80.031409845194,5.));
#11466 = CARTESIAN_POINT('',(6.599999999998,79.461538461515,
    4.999999999998));
#11467 = CARTESIAN_POINT('',(6.600000000009,78.923076923185,
    5.141025641036));
#11468 = CARTESIAN_POINT('',(6.599999999975,78.384615384322,
    5.423076923049));
#11469 = CARTESIAN_POINT('',(6.600000000049,77.846153846729,
    5.846153846208));
#11470 = CARTESIAN_POINT('',(6.599999999926,77.307692306828,
    6.410256410175));
#11471 = CARTESIAN_POINT('',(6.600000000088,76.769230770251,
    7.11538461548));
#11472 = CARTESIAN_POINT('',(6.599999999918,76.230769229808,
    7.961538461447));
#11473 = CARTESIAN_POINT('',(6.600000000062,75.692307693036,
    8.948717948788));
#11474 = CARTESIAN_POINT('',(6.599999999962,75.153846153404,
    10.07692307688));
#11475 = CARTESIAN_POINT('',(6.600000000018,74.615384615595,
    11.346153846175));
#11476 = CARTESIAN_POINT('',(6.599999999994,74.076923076849,
    12.756410256403));
#11477 = CARTESIAN_POINT('',(6.600000000001,73.538461538477,
    14.307692307694));
#11478 = CARTESIAN_POINT('',(6.6,72.981610026032,16.057797061041));
#11479 = CARTESIAN_POINT('',(6.6,72.963197037062,16.115666454946));
#11480 = CARTESIAN_POINT('',(6.6,72.944761033089,16.173608181715));
#11481 = CARTESIAN_POINT('',(6.6,72.926302014114,16.231622241349));
#11482 = CARTESIAN_POINT('',(6.6,72.907819980137,16.289708633846));
#11483 = CARTESIAN_POINT('',(6.6,72.889314931158,16.347867359208));
#11484 = CARTESIAN_POINT('',(6.6,72.870786867176,16.406098417435));
#11485 = CARTESIAN_POINT('',(6.6,72.852235788192,16.464401808525));
#11486 = CARTESIAN_POINT('',(6.6,72.833661694206,16.52277753248));
#11487 = CARTESIAN_POINT('',(6.6,72.815064585218,16.581225589299));
#11488 = CARTESIAN_POINT('',(6.599999999999,72.796444461227,
    16.639745978982));
#11489 = CARTESIAN_POINT('',(6.599999999999,72.777801322234,
    16.698338701529));
#11490 = CARTESIAN_POINT('',(6.599999999999,72.759135168239,
    16.75700375694));
#11491 = PCURVE('',#8993,#11492);
#11492 = DEFINITIONAL_REPRESENTATION('',(#11493),#11508);
#11493 = B_SPLINE_CURVE_WITH_KNOTS('',13,(#11494,#11495,#11496,#11497,
    #11498,#11499,#11500,#11501,#11502,#11503,#11504,#11505,#11506,
    #11507),.UNSPECIFIED.,.F.,.F.,(14,14),(3.714808400532E-14,
    13.61845532117),.PIECEWISE_BEZIER_KNOTS.);
#11494 = CARTESIAN_POINT('',(4.634069792004E-31,-0.6));
#11495 = CARTESIAN_POINT('',(7.692307692297E-02,-0.6));
#11496 = CARTESIAN_POINT('',(0.153846153847,-0.600000000001));
#11497 = CARTESIAN_POINT('',(0.230769230768,-0.599999999997));
#11498 = CARTESIAN_POINT('',(0.307692307695,-0.600000000005));
#11499 = CARTESIAN_POINT('',(0.384615384612,-0.599999999992));
#11500 = CARTESIAN_POINT('',(0.461538461542,-0.60000000001));
#11501 = CARTESIAN_POINT('',(0.538461538458,-0.599999999991));
#11502 = CARTESIAN_POINT('',(0.615384615387,-0.600000000007));
#11503 = CARTESIAN_POINT('',(0.692307692306,-0.599999999996));
#11504 = CARTESIAN_POINT('',(0.769230769231,-0.600000000002));
#11505 = CARTESIAN_POINT('',(0.846153846154,-0.599999999999));
#11506 = CARTESIAN_POINT('',(0.923076923077,-0.6));
#11507 = CARTESIAN_POINT('',(1.,-0.6));
#11508 = ( GEOMETRIC_REPRESENTATION_CONTEXT(2) 
PARAMETRIC_REPRESENTATION_CONTEXT() REPRESENTATION_CONTEXT('2D SPACE',''
  ) );
#11509 = PCURVE('',#10861,#11510);
#11510 = DEFINITIONAL_REPRESENTATION('',(#11511),#11515);
#11511 = LINE('',#11512,#11513);
#11512 = CARTESIAN_POINT('',(0.,0.));
#11513 = VECTOR('',#11514,1.);
#11514 = DIRECTION('',(0.,1.));
#11515 = ( GEOMETRIC_REPRESENTATION_CONTEXT(2) 
PARAMETRIC_REPRESENTATION_CONTEXT() REPRESENTATION_CONTEXT('2D SPACE',''
  ) );
#11516 = ADVANCED_FACE('',(#11517),#9355,.T.);
#11517 = FACE_BOUND('',#11518,.T.);
#11518 = EDGE_LOOP('',(#11519,#11520,#11521,#11542));
#11519 = ORIENTED_EDGE('',*,*,#9338,.T.);
#11520 = ORIENTED_EDGE('',*,*,#9444,.T.);
#11521 = ORIENTED_EDGE('',*,*,#11522,.T.);
#11522 = EDGE_CURVE('',#9422,#11178,#11523,.T.);
#11523 = SURFACE_CURVE('',#11524,(#11529,#11535),.PCURVE_S1.);
#11524 = CIRCLE('',#11525,0.6);
#11525 = AXIS2_PLACEMENT_3D('',#11526,#11527,#11528);
#11526 = CARTESIAN_POINT('',(5.,89.4,4.4));
#11527 = DIRECTION('',(1.,0.,0.));
#11528 = DIRECTION('',(-0.,0.,1.));
#11529 = PCURVE('',#9355,#11530);
#11530 = DEFINITIONAL_REPRESENTATION('',(#11531),#11534);
#11531 = B_SPLINE_CURVE_WITH_KNOTS('',1,(#11532,#11533),.UNSPECIFIED.,
  .F.,.F.,(2,2),(4.712388980385,6.28318530718),
  .PIECEWISE_BEZIER_KNOTS.);
#11532 = CARTESIAN_POINT('',(1.570796326795,0.));
#11533 = CARTESIAN_POINT('',(1.570796326795,1.570796326795));
#11534 = ( GEOMETRIC_REPRESENTATION_CONTEXT(2) 
PARAMETRIC_REPRESENTATION_CONTEXT() REPRESENTATION_CONTEXT('2D SPACE',''
  ) );
#11535 = PCURVE('',#11193,#11536);
#11536 = DEFINITIONAL_REPRESENTATION('',(#11537),#11541);
#11537 = LINE('',#11538,#11539);
#11538 = CARTESIAN_POINT('',(0.,10.));
#11539 = VECTOR('',#11540,1.);
#11540 = DIRECTION('',(1.,0.));
#11541 = ( GEOMETRIC_REPRESENTATION_CONTEXT(2) 
PARAMETRIC_REPRESENTATION_CONTEXT() REPRESENTATION_CONTEXT('2D SPACE',''
  ) );
#11542 = ORIENTED_EDGE('',*,*,#11281,.F.);
#11543 = ADVANCED_FACE('',(#11544),#9409,.T.);
#11544 = FACE_BOUND('',#11545,.T.);
#11545 = EDGE_LOOP('',(#11546,#11568,#11569,#11570));
#11546 = ORIENTED_EDGE('',*,*,#11547,.F.);
#11547 = EDGE_CURVE('',#9393,#10201,#11548,.T.);
#11548 = SURFACE_CURVE('',#11549,(#11554,#11561),.PCURVE_S1.);
#11549 = CIRCLE('',#11550,0.2);
#11550 = AXIS2_PLACEMENT_3D('',#11551,#11552,#11553);
#11551 = CARTESIAN_POINT('',(5.,89.8,0.2));
#11552 = DIRECTION('',(-1.,0.,-0.));
#11553 = DIRECTION('',(-0.,1.,0.));
#11554 = PCURVE('',#9409,#11555);
#11555 = DEFINITIONAL_REPRESENTATION('',(#11556),#11560);
#11556 = LINE('',#11557,#11558);
#11557 = CARTESIAN_POINT('',(-2.22044604925E-16,0.));
#11558 = VECTOR('',#11559,1.);
#11559 = DIRECTION('',(0.,1.));
#11560 = ( GEOMETRIC_REPRESENTATION_CONTEXT(2) 
PARAMETRIC_REPRESENTATION_CONTEXT() REPRESENTATION_CONTEXT('2D SPACE',''
  ) );
#11561 = PCURVE('',#10244,#11562);
#11562 = DEFINITIONAL_REPRESENTATION('',(#11563),#11567);
#11563 = LINE('',#11564,#11565);
#11564 = CARTESIAN_POINT('',(-0.,10.));
#11565 = VECTOR('',#11566,1.);
#11566 = DIRECTION('',(-1.,0.));
#11567 = ( GEOMETRIC_REPRESENTATION_CONTEXT(2) 
PARAMETRIC_REPRESENTATION_CONTEXT() REPRESENTATION_CONTEXT('2D SPACE',''
  ) );
#11568 = ORIENTED_EDGE('',*,*,#9392,.T.);
#11569 = ORIENTED_EDGE('',*,*,#9469,.T.);
#11570 = ORIENTED_EDGE('',*,*,#10200,.F.);
#11571 = ADVANCED_FACE('',(#11572),#9583,.F.);
#11572 = FACE_BOUND('',#11573,.F.);
#11573 = EDGE_LOOP('',(#11574,#11597,#11624,#11625,#11626,#11627,#11628,
    #11629));
#11574 = ORIENTED_EDGE('',*,*,#11575,.T.);
#11575 = EDGE_CURVE('',#9622,#11576,#11578,.T.);
#11576 = VERTEX_POINT('',#11577);
#11577 = CARTESIAN_POINT('',(6.25,20.,1.5));
#11578 = SEAM_CURVE('',#11579,(#11583,#11590),.PCURVE_S1.);
#11579 = LINE('',#11580,#11581);
#11580 = CARTESIAN_POINT('',(6.25,20.,0.));
#11581 = VECTOR('',#11582,1.);
#11582 = DIRECTION('',(0.,0.,1.));
#11583 = PCURVE('',#9583,#11584);
#11584 = DEFINITIONAL_REPRESENTATION('',(#11585),#11589);
#11585 = LINE('',#11586,#11587);
#11586 = CARTESIAN_POINT('',(6.28318530718,-0.));
#11587 = VECTOR('',#11588,1.);
#11588 = DIRECTION('',(0.,1.));
#11589 = ( GEOMETRIC_REPRESENTATION_CONTEXT(2) 
PARAMETRIC_REPRESENTATION_CONTEXT() REPRESENTATION_CONTEXT('2D SPACE',''
  ) );
#11590 = PCURVE('',#9583,#11591);
#11591 = DEFINITIONAL_REPRESENTATION('',(#11592),#11596);
#11592 = LINE('',#11593,#11594);
#11593 = CARTESIAN_POINT('',(0.,-0.));
#11594 = VECTOR('',#11595,1.);
#11595 = DIRECTION('',(0.,1.));
#11596 = ( GEOMETRIC_REPRESENTATION_CONTEXT(2) 
PARAMETRIC_REPRESENTATION_CONTEXT() REPRESENTATION_CONTEXT('2D SPACE',''
  ) );
#11597 = ORIENTED_EDGE('',*,*,#11598,.F.);
#11598 = EDGE_CURVE('',#11576,#11576,#11599,.T.);
#11599 = SURFACE_CURVE('',#11600,(#11605,#11612),.PCURVE_S1.);
#11600 = CIRCLE('',#11601,6.25);
#11601 = AXIS2_PLACEMENT_3D('',#11602,#11603,#11604);
#11602 = CARTESIAN_POINT('',(0.,20.,1.5));
#11603 = DIRECTION('',(0.,0.,1.));
#11604 = DIRECTION('',(1.,0.,-0.));
#11605 = PCURVE('',#9583,#11606);
#11606 = DEFINITIONAL_REPRESENTATION('',(#11607),#11611);
#11607 = LINE('',#11608,#11609);
#11608 = CARTESIAN_POINT('',(0.,1.5));
#11609 = VECTOR('',#11610,1.);
#11610 = DIRECTION('',(1.,0.));
#11611 = ( GEOMETRIC_REPRESENTATION_CONTEXT(2) 
PARAMETRIC_REPRESENTATION_CONTEXT() REPRESENTATION_CONTEXT('2D SPACE',''
  ) );
#11612 = PCURVE('',#11613,#11618);
#11613 = PLANE('',#11614);
#11614 = AXIS2_PLACEMENT_3D('',#11615,#11616,#11617);
#11615 = CARTESIAN_POINT('',(0.,20.,1.5));
#11616 = DIRECTION('',(0.,0.,1.));
#11617 = DIRECTION('',(1.,0.,-0.));
#11618 = DEFINITIONAL_REPRESENTATION('',(#11619),#11623);
#11619 = CIRCLE('',#11620,6.25);
#11620 = AXIS2_PLACEMENT_2D('',#11621,#11622);
#11621 = CARTESIAN_POINT('',(0.,0.));
#11622 = DIRECTION('',(1.,0.));
#11623 = ( GEOMETRIC_REPRESENTATION_CONTEXT(2) 
PARAMETRIC_REPRESENTATION_CONTEXT() REPRESENTATION_CONTEXT('2D SPACE',''
  ) );
#11624 = ORIENTED_EDGE('',*,*,#11575,.F.);
#11625 = ORIENTED_EDGE('',*,*,#9621,.T.);
#11626 = ORIENTED_EDGE('',*,*,#9568,.F.);
#11627 = ORIENTED_EDGE('',*,*,#10176,.T.);
#11628 = ORIENTED_EDGE('',*,*,#9719,.T.);
#11629 = ORIENTED_EDGE('',*,*,#9645,.T.);
#11630 = ADVANCED_FACE('',(#11631),#9949,.F.);
#11631 = FACE_BOUND('',#11632,.F.);
#11632 = EDGE_LOOP('',(#11633,#11634,#11655,#11656));
#11633 = ORIENTED_EDGE('',*,*,#9932,.F.);
#11634 = ORIENTED_EDGE('',*,*,#11635,.F.);
#11635 = EDGE_CURVE('',#10288,#9933,#11636,.T.);
#11636 = SEAM_CURVE('',#11637,(#11641,#11648),.PCURVE_S1.);
#11637 = LINE('',#11638,#11639);
#11638 = CARTESIAN_POINT('',(-4.75,46.,0.));
#11639 = VECTOR('',#11640,1.);
#11640 = DIRECTION('',(0.,0.,1.));
#11641 = PCURVE('',#9949,#11642);
#11642 = DEFINITIONAL_REPRESENTATION('',(#11643),#11647);
#11643 = LINE('',#11644,#11645);
#11644 = CARTESIAN_POINT('',(6.28318530718,-0.));
#11645 = VECTOR('',#11646,1.);
#11646 = DIRECTION('',(0.,1.));
#11647 = ( GEOMETRIC_REPRESENTATION_CONTEXT(2) 
PARAMETRIC_REPRESENTATION_CONTEXT() REPRESENTATION_CONTEXT('2D SPACE',''
  ) );
#11648 = PCURVE('',#9949,#11649);
#11649 = DEFINITIONAL_REPRESENTATION('',(#11650),#11654);
#11650 = LINE('',#11651,#11652);
#11651 = CARTESIAN_POINT('',(0.,-0.));
#11652 = VECTOR('',#11653,1.);
#11653 = DIRECTION('',(0.,1.));
#11654 = ( GEOMETRIC_REPRESENTATION_CONTEXT(2) 
PARAMETRIC_REPRESENTATION_CONTEXT() REPRESENTATION_CONTEXT('2D SPACE',''
  ) );
#11655 = ORIENTED_EDGE('',*,*,#10287,.T.);
#11656 = ORIENTED_EDGE('',*,*,#11635,.T.);
#11657 = ADVANCED_FACE('',(#11658),#10018,.F.);
#11658 = FACE_BOUND('',#11659,.F.);
#11659 = EDGE_LOOP('',(#11660,#11661,#11682,#11683));
#11660 = ORIENTED_EDGE('',*,*,#10001,.F.);
#11661 = ORIENTED_EDGE('',*,*,#11662,.F.);
#11662 = EDGE_CURVE('',#10314,#10002,#11663,.T.);
#11663 = SEAM_CURVE('',#11664,(#11668,#11675),.PCURVE_S1.);
#11664 = LINE('',#11665,#11666);
#11665 = CARTESIAN_POINT('',(7.25,46.,0.));
#11666 = VECTOR('',#11667,1.);
#11667 = DIRECTION('',(0.,0.,1.));
#11668 = PCURVE('',#10018,#11669);
#11669 = DEFINITIONAL_REPRESENTATION('',(#11670),#11674);
#11670 = LINE('',#11671,#11672);
#11671 = CARTESIAN_POINT('',(6.28318530718,-0.));
#11672 = VECTOR('',#11673,1.);
#11673 = DIRECTION('',(0.,1.));
#11674 = ( GEOMETRIC_REPRESENTATION_CONTEXT(2) 
PARAMETRIC_REPRESENTATION_CONTEXT() REPRESENTATION_CONTEXT('2D SPACE',''
  ) );
#11675 = PCURVE('',#10018,#11676);
#11676 = DEFINITIONAL_REPRESENTATION('',(#11677),#11681);
#11677 = LINE('',#11678,#11679);
#11678 = CARTESIAN_POINT('',(0.,-0.));
#11679 = VECTOR('',#11680,1.);
#11680 = DIRECTION('',(0.,1.));
#11681 = ( GEOMETRIC_REPRESENTATION_CONTEXT(2) 
PARAMETRIC_REPRESENTATION_CONTEXT() REPRESENTATION_CONTEXT('2D SPACE',''
  ) );
#11682 = ORIENTED_EDGE('',*,*,#10313,.T.);
#11683 = ORIENTED_EDGE('',*,*,#11662,.T.);
#11684 = ADVANCED_FACE('',(#11685),#10244,.T.);
#11685 = FACE_BOUND('',#11686,.F.);
#11686 = EDGE_LOOP('',(#11687,#11688,#11689,#11690));
#11687 = ORIENTED_EDGE('',*,*,#11413,.T.);
#11688 = ORIENTED_EDGE('',*,*,#10228,.T.);
#11689 = ORIENTED_EDGE('',*,*,#11547,.F.);
#11690 = ORIENTED_EDGE('',*,*,#11364,.F.);
#11691 = ADVANCED_FACE('',(#11692),#10356,.F.);
#11692 = FACE_BOUND('',#11693,.F.);
#11693 = EDGE_LOOP('',(#11694,#11718,#11739,#11740));
#11694 = ORIENTED_EDGE('',*,*,#11695,.F.);
#11695 = EDGE_CURVE('',#11696,#11696,#11698,.T.);
#11696 = VERTEX_POINT('',#11697);
#11697 = CARTESIAN_POINT('',(1.9,85.,3.4));
#11698 = SURFACE_CURVE('',#11699,(#11704,#11711),.PCURVE_S1.);
#11699 = CIRCLE('',#11700,1.9);
#11700 = AXIS2_PLACEMENT_3D('',#11701,#11702,#11703);
#11701 = CARTESIAN_POINT('',(0.,85.,3.4));
#11702 = DIRECTION('',(0.,0.,1.));
#11703 = DIRECTION('',(1.,0.,-0.));
#11704 = PCURVE('',#10356,#11705);
#11705 = DEFINITIONAL_REPRESENTATION('',(#11706),#11710);
#11706 = LINE('',#11707,#11708);
#11707 = CARTESIAN_POINT('',(0.,3.4));
#11708 = VECTOR('',#11709,1.);
#11709 = DIRECTION('',(1.,0.));
#11710 = ( GEOMETRIC_REPRESENTATION_CONTEXT(2) 
PARAMETRIC_REPRESENTATION_CONTEXT() REPRESENTATION_CONTEXT('2D SPACE',''
  ) );
#11711 = PCURVE('',#11322,#11712);
#11712 = DEFINITIONAL_REPRESENTATION('',(#11713),#11717);
#11713 = LINE('',#11714,#11715);
#11714 = CARTESIAN_POINT('',(0.,0.));
#11715 = VECTOR('',#11716,1.);
#11716 = DIRECTION('',(1.,0.));
#11717 = ( GEOMETRIC_REPRESENTATION_CONTEXT(2) 
PARAMETRIC_REPRESENTATION_CONTEXT() REPRESENTATION_CONTEXT('2D SPACE',''
  ) );
#11718 = ORIENTED_EDGE('',*,*,#11719,.F.);
#11719 = EDGE_CURVE('',#10340,#11696,#11720,.T.);
#11720 = SEAM_CURVE('',#11721,(#11725,#11732),.PCURVE_S1.);
#11721 = LINE('',#11722,#11723);
#11722 = CARTESIAN_POINT('',(1.9,85.,0.));
#11723 = VECTOR('',#11724,1.);
#11724 = DIRECTION('',(0.,0.,1.));
#11725 = PCURVE('',#10356,#11726);
#11726 = DEFINITIONAL_REPRESENTATION('',(#11727),#11731);
#11727 = LINE('',#11728,#11729);
#11728 = CARTESIAN_POINT('',(6.28318530718,-0.));
#11729 = VECTOR('',#11730,1.);
#11730 = DIRECTION('',(0.,1.));
#11731 = ( GEOMETRIC_REPRESENTATION_CONTEXT(2) 
PARAMETRIC_REPRESENTATION_CONTEXT() REPRESENTATION_CONTEXT('2D SPACE',''
  ) );
#11732 = PCURVE('',#10356,#11733);
#11733 = DEFINITIONAL_REPRESENTATION('',(#11734),#11738);
#11734 = LINE('',#11735,#11736);
#11735 = CARTESIAN_POINT('',(0.,-0.));
#11736 = VECTOR('',#11737,1.);
#11737 = DIRECTION('',(0.,1.));
#11738 = ( GEOMETRIC_REPRESENTATION_CONTEXT(2) 
PARAMETRIC_REPRESENTATION_CONTEXT() REPRESENTATION_CONTEXT('2D SPACE',''
  ) );
#11739 = ORIENTED_EDGE('',*,*,#10339,.T.);
#11740 = ORIENTED_EDGE('',*,*,#11719,.T.);
#11741 = ADVANCED_FACE('',(#11742),#10463,.F.);
#11742 = FACE_BOUND('',#11743,.F.);
#11743 = EDGE_LOOP('',(#11744,#11745,#11840,#11907));
#11744 = ORIENTED_EDGE('',*,*,#11102,.F.);
#11745 = ORIENTED_EDGE('',*,*,#11746,.F.);
#11746 = EDGE_CURVE('',#11747,#11080,#11749,.T.);
#11747 = VERTEX_POINT('',#11748);
#11748 = CARTESIAN_POINT('',(-6.,79.33164452726,4.479228316426));
#11749 = SURFACE_CURVE('',#11750,(#11778,#11809),.PCURVE_S1.);
#11750 = B_SPLINE_CURVE_WITH_KNOTS('',6,(#11751,#11752,#11753,#11754,
    #11755,#11756,#11757,#11758,#11759,#11760,#11761,#11762,#11763,
    #11764,#11765,#11766,#11767,#11768,#11769,#11770,#11771,#11772,
    #11773,#11774,#11775,#11776,#11777),.UNSPECIFIED.,.F.,.F.,(7,5,5,5,5
    ,7),(0.,0.136329928461,0.272949128339,0.493194516717,0.807848660845,
    1.),.UNSPECIFIED.);
#11751 = CARTESIAN_POINT('',(-6.,79.33164452726,4.479228316426));
#11752 = CARTESIAN_POINT('',(-6.,79.344300455542,4.496124206734));
#11753 = CARTESIAN_POINT('',(-6.000750022759,79.357297047282,
    4.513283641359));
#11754 = CARTESIAN_POINT('',(-6.002294669404,79.370626499169,
    4.530666021025));
#11755 = CARTESIAN_POINT('',(-6.004674990625,79.384277810766,
    4.548223254349));
#11756 = CARTESIAN_POINT('',(-6.007926002278,79.39823673785,
    4.565900603544));
#11757 = CARTESIAN_POINT('',(-6.01623120155,79.426764987897,
    4.601412091763));
#11758 = CARTESIAN_POINT('',(-6.021289185265,79.441335554562,
    4.619246502389));
#11759 = CARTESIAN_POINT('',(-6.027274917532,79.456179856997,
    4.63708003312));
#11760 = CARTESIAN_POINT('',(-6.034206352938,79.471277017416,
    4.654846195491));
#11761 = CARTESIAN_POINT('',(-6.042090836396,79.486603313992,
    4.672475095583));
#11762 = CARTESIAN_POINT('',(-6.065162227665,79.527167608685,
    4.717979887681));
#11763 = CARTESIAN_POINT('',(-6.081865005793,79.552730357263,
    4.745523043169));
#11764 = CARTESIAN_POINT('',(-6.101010848392,79.578711478615,
    4.772228430797));
#11765 = CARTESIAN_POINT('',(-6.122497696783,79.604986391885,
    4.797793320796));
#11766 = CARTESIAN_POINT('',(-6.146132314459,79.631424042254,
    4.821945198928));
#11767 = CARTESIAN_POINT('',(-6.208131544776,79.695719271412,
    4.876644750662));
#11768 = CARTESIAN_POINT('',(-6.248466962332,79.733614207181,
    4.90549626548));
#11769 = CARTESIAN_POINT('',(-6.291929943602,79.771213876791,
    4.93039097624));
#11770 = CARTESIAN_POINT('',(-6.337514955799,79.808166846556,
    4.950930539885));
#11771 = CARTESIAN_POINT('',(-6.384179233923,79.844198726098,
    4.967065828692));
#11772 = CARTESIAN_POINT('',(-6.459641850169,79.900429626578,
    4.98622640093));
#11773 = CARTESIAN_POINT('',(-6.488322581797,79.921331205939,
    4.991910115395));
#11774 = CARTESIAN_POINT('',(-6.516868271868,79.941769259719,
    4.996050790249));
#11775 = CARTESIAN_POINT('',(-6.545095183476,79.96170877078,
    4.998717376202));
#11776 = CARTESIAN_POINT('',(-6.572846788259,79.981124469492,
    4.999999997178));
#11777 = CARTESIAN_POINT('',(-6.599999999997,80.,5.));
#11778 = PCURVE('',#10463,#11779);
#11779 = DEFINITIONAL_REPRESENTATION('',(#11780),#11808);
#11780 = B_SPLINE_CURVE_WITH_KNOTS('',6,(#11781,#11782,#11783,#11784,
    #11785,#11786,#11787,#11788,#11789,#11790,#11791,#11792,#11793,
    #11794,#11795,#11796,#11797,#11798,#11799,#11800,#11801,#11802,
    #11803,#11804,#11805,#11806,#11807),.UNSPECIFIED.,.F.,.F.,(7,5,5,5,5
    ,7),(0.,0.136329928461,0.272949128339,0.493194516717,0.807848660845,
    1.),.UNSPECIFIED.);
#11781 = CARTESIAN_POINT('',(13.61845532117,1.030264165963));
#11782 = CARTESIAN_POINT('',(13.307653551435,1.01751887602));
#11783 = CARTESIAN_POINT('',(12.996908393895,1.004163099425));
#11784 = CARTESIAN_POINT('',(12.686225430158,0.990169302451));
#11785 = CARTESIAN_POINT('',(12.375610591798,0.975510676747));
#11786 = CARTESIAN_POINT('',(12.065070096058,0.960162823736));
#11787 = CARTESIAN_POINT('',(11.443491918646,0.928013982958));
#11788 = CARTESIAN_POINT('',(11.132454312368,0.911209975818));
#11789 = CARTESIAN_POINT('',(10.821504294278,0.893673075703));
#11790 = CARTESIAN_POINT('',(10.51064791182,0.875387130448));
#11791 = CARTESIAN_POINT('',(10.199890489308,0.856342462168));
#11792 = CARTESIAN_POINT('',(9.388427851905,0.804611394578));
#11793 = CARTESIAN_POINT('',(8.88788539533,0.77071018782));
#11794 = CARTESIAN_POINT('',(8.387631858665,0.734831187423));
#11795 = CARTESIAN_POINT('',(7.88767202395,0.697028124117));
#11796 = CARTESIAN_POINT('',(7.387992444133,0.657441050168));
#11797 = CARTESIAN_POINT('',(6.175060445324,0.557501673011));
#11798 = CARTESIAN_POINT('',(5.462072990291,0.495522794595));
#11799 = CARTESIAN_POINT('',(4.749506064913,0.430991482975));
#11800 = CARTESIAN_POINT('',(4.03717637969,0.364892138195));
#11801 = CARTESIAN_POINT('',(3.324865428244,0.298429573502));
#11802 = CARTESIAN_POINT('',(2.177269574106,0.192492585413));
#11803 = CARTESIAN_POINT('',(1.742101212473,0.152585277211));
#11804 = CARTESIAN_POINT('',(1.306822364807,0.113178586703));
#11805 = CARTESIAN_POINT('',(0.87139601144,7.449496321189E-02));
#11806 = CARTESIAN_POINT('',(0.435794198938,3.672235442306E-02));
#11807 = CARTESIAN_POINT('',(3.518813526029E-11,3.087981674368E-12));
#11808 = ( GEOMETRIC_REPRESENTATION_CONTEXT(2) 
PARAMETRIC_REPRESENTATION_CONTEXT() REPRESENTATION_CONTEXT('2D SPACE',''
  ) );
#11809 = PCURVE('',#11244,#11810);
#11810 = DEFINITIONAL_REPRESENTATION('',(#11811),#11839);
#11811 = B_SPLINE_CURVE_WITH_KNOTS('',6,(#11812,#11813,#11814,#11815,
    #11816,#11817,#11818,#11819,#11820,#11821,#11822,#11823,#11824,
    #11825,#11826,#11827,#11828,#11829,#11830,#11831,#11832,#11833,
    #11834,#11835,#11836,#11837,#11838),.UNSPECIFIED.,.F.,.F.,(7,5,5,5,5
    ,7),(0.,0.136329928461,0.272949128339,0.493194516717,0.807848660845,
    1.),.UNSPECIFIED.);
#11812 = CARTESIAN_POINT('',(0.66582226363,-3.));
#11813 = CARTESIAN_POINT('',(0.672150227771,-3.));
#11814 = CARTESIAN_POINT('',(0.678648523641,-2.999249977241));
#11815 = CARTESIAN_POINT('',(0.685313249585,-2.997705330596));
#11816 = CARTESIAN_POINT('',(0.692138905383,-2.995325009375));
#11817 = CARTESIAN_POINT('',(0.699118368925,-2.992073997722));
#11818 = CARTESIAN_POINT('',(0.713382493948,-2.98376879845));
#11819 = CARTESIAN_POINT('',(0.720667777281,-2.978710814735));
#11820 = CARTESIAN_POINT('',(0.728089928499,-2.972725082468));
#11821 = CARTESIAN_POINT('',(0.735638508708,-2.965793647062));
#11822 = CARTESIAN_POINT('',(0.743301656996,-2.957909163604));
#11823 = CARTESIAN_POINT('',(0.763583804342,-2.934837772335));
#11824 = CARTESIAN_POINT('',(0.776365178632,-2.918134994207));
#11825 = CARTESIAN_POINT('',(0.789355739307,-2.898989151608));
#11826 = CARTESIAN_POINT('',(0.802493195942,-2.877502303217));
#11827 = CARTESIAN_POINT('',(0.815712021127,-2.853867685541));
#11828 = CARTESIAN_POINT('',(0.847859635706,-2.791868455224));
#11829 = CARTESIAN_POINT('',(0.86680710359,-2.751533037668));
#11830 = CARTESIAN_POINT('',(0.885606938396,-2.708070056398));
#11831 = CARTESIAN_POINT('',(0.904083423278,-2.662485044201));
#11832 = CARTESIAN_POINT('',(0.922099363049,-2.615820766077));
#11833 = CARTESIAN_POINT('',(0.950214813289,-2.540358149831));
#11834 = CARTESIAN_POINT('',(0.960665602969,-2.511677418203));
#11835 = CARTESIAN_POINT('',(0.970884629859,-2.483131728132));
#11836 = CARTESIAN_POINT('',(0.98085438539,-2.454904816524));
#11837 = CARTESIAN_POINT('',(0.990562234746,-2.427153211741));
#11838 = CARTESIAN_POINT('',(1.,-2.400000000003));
#11839 = ( GEOMETRIC_REPRESENTATION_CONTEXT(2) 
PARAMETRIC_REPRESENTATION_CONTEXT() REPRESENTATION_CONTEXT('2D SPACE',''
  ) );
#11840 = ORIENTED_EDGE('',*,*,#11841,.T.);
#11841 = EDGE_CURVE('',#11747,#10402,#11842,.T.);
#11842 = SURFACE_CURVE('',#11843,(#11882,#11889),.PCURVE_S1.);
#11843 = B_SPLINE_CURVE_WITH_KNOTS('',13,(#11844,#11845,#11846,#11847,
    #11848,#11849,#11850,#11851,#11852,#11853,#11854,#11855,#11856,
    #11857,#11858,#11859,#11860,#11861,#11862,#11863,#11864,#11865,
    #11866,#11867,#11868,#11869,#11870,#11871,#11872,#11873,#11874,
    #11875,#11876,#11877,#11878,#11879,#11880,#11881),.UNSPECIFIED.,.F.,
  .F.,(14,12,12,14),(-0.794399493455,3.714808400532E-14,13.61845532117,
    14.083563821864),.UNSPECIFIED.);
#11844 = CARTESIAN_POINT('',(-6.,80.794399493455,4.400000000001));
#11845 = CARTESIAN_POINT('',(-6.,80.712055459647,4.400000000001));
#11846 = CARTESIAN_POINT('',(-6.,80.633250822584,4.400000000001));
#11847 = CARTESIAN_POINT('',(-6.,80.557985582265,4.400000000001));
#11848 = CARTESIAN_POINT('',(-6.,80.48625973869,4.400000000001));
#11849 = CARTESIAN_POINT('',(-6.,80.418073291859,4.400000000001));
#11850 = CARTESIAN_POINT('',(-6.,80.353426241772,4.400000000001));
#11851 = CARTESIAN_POINT('',(-6.,80.292318588429,4.400000000001));
#11852 = CARTESIAN_POINT('',(-6.,80.234750331831,4.4));
#11853 = CARTESIAN_POINT('',(-6.,80.180721471976,4.4));
#11854 = CARTESIAN_POINT('',(-6.,80.130232008866,4.4));
#11855 = CARTESIAN_POINT('',(-6.,80.0832819425,4.4));
#11856 = CARTESIAN_POINT('',(-6.,80.039871272878,4.4));
#11857 = CARTESIAN_POINT('',(-5.999999999999,79.316483516468,
    4.399999999998));
#11858 = CARTESIAN_POINT('',(-6.000000000006,78.633277338029,
    4.578966503102));
#11859 = CARTESIAN_POINT('',(-5.999999999984,77.979403858143,
    4.937085625291));
#11860 = CARTESIAN_POINT('',(-6.000000000031,77.407402372485,
    5.445780630124));
#11861 = CARTESIAN_POINT('',(-5.999999999952,76.825544792788,
    6.017707467358));
#11862 = CARTESIAN_POINT('',(-6.000000000057,76.255997874824,
    6.809303427046));
#11863 = CARTESIAN_POINT('',(-5.999999999945,75.712067543277,
    7.649487214037));
#11864 = CARTESIAN_POINT('',(-6.000000000042,75.148929676835,
    8.689163249777));
#11865 = CARTESIAN_POINT('',(-5.999999999974,74.607214641208,
    9.828015879753));
#11866 = CARTESIAN_POINT('',(-6.000000000013,74.05819717957,
    11.121118891636));
#11867 = CARTESIAN_POINT('',(-5.999999999995,73.514259595163,
    12.547129118483));
#11868 = CARTESIAN_POINT('',(-6.000000000001,72.970749369345,
    14.113062602565));
#11869 = CARTESIAN_POINT('',(-6.,72.409716468011,15.87630886386));
#11870 = CARTESIAN_POINT('',(-6.,72.391188404029,15.934539922086));
#11871 = CARTESIAN_POINT('',(-6.,72.372660340048,15.992770980313));
#11872 = CARTESIAN_POINT('',(-6.,72.354132276066,16.051002038539));
#11873 = CARTESIAN_POINT('',(-6.,72.335604212084,16.109233096765));
#11874 = CARTESIAN_POINT('',(-6.,72.317076148103,16.167464154991));
#11875 = CARTESIAN_POINT('',(-6.,72.298548084121,16.225695213217));
#11876 = CARTESIAN_POINT('',(-6.,72.28002002014,16.283926271444));
#11877 = CARTESIAN_POINT('',(-6.,72.261491956158,16.34215732967));
#11878 = CARTESIAN_POINT('',(-6.,72.242963892177,16.400388387896));
#11879 = CARTESIAN_POINT('',(-6.,72.224435828195,16.458619446122));
#11880 = CARTESIAN_POINT('',(-6.,72.205907764214,16.516850504349));
#11881 = CARTESIAN_POINT('',(-6.,72.187379700232,16.575081562575));
#11882 = PCURVE('',#10463,#11883);
#11883 = DEFINITIONAL_REPRESENTATION('',(#11884),#11888);
#11884 = LINE('',#11885,#11886);
#11885 = CARTESIAN_POINT('',(13.61845532117,0.));
#11886 = VECTOR('',#11887,1.);
#11887 = DIRECTION('',(0.,1.));
#11888 = ( GEOMETRIC_REPRESENTATION_CONTEXT(2) 
PARAMETRIC_REPRESENTATION_CONTEXT() REPRESENTATION_CONTEXT('2D SPACE',''
  ) );
#11889 = PCURVE('',#10624,#11890);
#11890 = DEFINITIONAL_REPRESENTATION('',(#11891),#11906);
#11891 = B_SPLINE_CURVE_WITH_KNOTS('',13,(#11892,#11893,#11894,#11895,
    #11896,#11897,#11898,#11899,#11900,#11901,#11902,#11903,#11904,
    #11905),.UNSPECIFIED.,.F.,.F.,(14,14),(3.714808400532E-14,
    13.61845532117),.PIECEWISE_BEZIER_KNOTS.);
#11892 = CARTESIAN_POINT('',(-3.7127727871,-4.810076832682));
#11893 = CARTESIAN_POINT('',(-3.7127727871,-4.126560349165));
#11894 = CARTESIAN_POINT('',(-3.533806284009,-3.443354170642));
#11895 = CARTESIAN_POINT('',(-3.175687161782,-2.789480691015));
#11896 = CARTESIAN_POINT('',(-2.66699215703,-2.217479204789));
#11897 = CARTESIAN_POINT('',(-2.095065319661,-1.635621626046));
#11898 = CARTESIAN_POINT('',(-1.303469360152,-1.066074706818));
#11899 = CARTESIAN_POINT('',(-0.46328557297,-0.522144376619));
#11900 = CARTESIAN_POINT('',(0.576390462604,4.099349099298E-02));
#11901 = CARTESIAN_POINT('',(1.715243092698,0.582708525793));
#11902 = CARTESIAN_POINT('',(3.008346104514,1.131725987902));
#11903 = CARTESIAN_POINT('',(4.434356331391,1.675663572099));
#11904 = CARTESIAN_POINT('',(6.000289815463,2.219173797985));
#11905 = CARTESIAN_POINT('',(7.705305018533,2.761678635326));
#11906 = ( GEOMETRIC_REPRESENTATION_CONTEXT(2) 
PARAMETRIC_REPRESENTATION_CONTEXT() REPRESENTATION_CONTEXT('2D SPACE',''
  ) );
#11907 = ORIENTED_EDGE('',*,*,#10399,.F.);
#11908 = ADVANCED_FACE('',(#11909),#10624,.T.);
#11909 = FACE_BOUND('',#11910,.T.);
#11910 = EDGE_LOOP('',(#11911,#12111,#12112,#12113));
#11911 = ORIENTED_EDGE('',*,*,#11912,.F.);
#11912 = EDGE_CURVE('',#11747,#11913,#11915,.T.);
#11913 = VERTEX_POINT('',#11914);
#11914 = CARTESIAN_POINT('',(-6.,78.,3.));
#11915 = SURFACE_CURVE('',#11916,(#11979,#12045),.PCURVE_S1.);
#11916 = B_SPLINE_CURVE_WITH_KNOTS('',7,(#11917,#11918,#11919,#11920,
    #11921,#11922,#11923,#11924,#11925,#11926,#11927,#11928,#11929,
    #11930,#11931,#11932,#11933,#11934,#11935,#11936,#11937,#11938,
    #11939,#11940,#11941,#11942,#11943,#11944,#11945,#11946,#11947,
    #11948,#11949,#11950,#11951,#11952,#11953,#11954,#11955,#11956,
    #11957,#11958,#11959,#11960,#11961,#11962,#11963,#11964,#11965,
    #11966,#11967,#11968,#11969,#11970,#11971,#11972,#11973,#11974,
    #11975,#11976,#11977,#11978),.UNSPECIFIED.,.F.,.F.,(8,6,6,6,6,6,6,6,
    6,6,8),(0.,9.163303887166E-02,0.21997112892,0.36102364061,
    0.449170791486,0.524224520704,0.572485518904,0.682877055146,
    0.825274754255,0.931103710629,1.),.UNSPECIFIED.);
#11917 = CARTESIAN_POINT('',(-6.,80.,5.));
#11918 = CARTESIAN_POINT('',(-6.,79.963803089904,5.));
#11919 = CARTESIAN_POINT('',(-6.,79.927660628896,4.995414227272));
#11920 = CARTESIAN_POINT('',(-6.,79.89212049914,4.986499975689));
#11921 = CARTESIAN_POINT('',(-6.,79.857486184391,4.973927768317));
#11922 = CARTESIAN_POINT('',(-6.,79.823915250668,4.958378694714));
#11923 = CARTESIAN_POINT('',(-6.,79.791443720369,4.940434741226));
#11924 = CARTESIAN_POINT('',(-6.,79.715961004176,4.892608892246));
#11925 = CARTESIAN_POINT('',(-6.,79.673972656015,4.860846511405));
#11926 = CARTESIAN_POINT('',(-6.,79.63371897782,4.826305400681));
#11927 = CARTESIAN_POINT('',(-6.,79.595000508262,4.789694753198));
#11928 = CARTESIAN_POINT('',(-6.,79.557614948904,4.751527719199));
#11929 = CARTESIAN_POINT('',(-6.,79.52135846363,4.712114775931));
#11930 = CARTESIAN_POINT('',(-6.,79.447138582454,4.627080612749));
#11931 = CARTESIAN_POINT('',(-6.,79.409432240635,4.581311894524));
#11932 = CARTESIAN_POINT('',(-6.,79.37265464761,4.534598306525));
#11933 = CARTESIAN_POINT('',(-6.,79.336646667687,4.48714890743));
#11934 = CARTESIAN_POINT('',(-6.,79.301279057631,4.439118485241));
#11935 = CARTESIAN_POINT('',(-6.,79.266433218768,4.390626243802));
#11936 = CARTESIAN_POINT('',(-6.,79.21048184273,4.31121647004));
#11937 = CARTESIAN_POINT('',(-6.,79.18912723986,4.280532705603));
#11938 = CARTESIAN_POINT('',(-6.,79.167911284306,4.249728735781));
#11939 = CARTESIAN_POINT('',(-6.,79.14681127382,4.218825586771));
#11940 = CARTESIAN_POINT('',(-6.,79.125806093713,4.187842227625));
#11941 = CARTESIAN_POINT('',(-6.,79.104875599576,4.156796100018));
#11942 = CARTESIAN_POINT('',(-6.,79.066225272374,4.099229684278));
#11943 = CARTESIAN_POINT('',(-6.,79.048490366807,4.072722352029));
#11944 = CARTESIAN_POINT('',(-6.,79.030783388472,4.046191678303));
#11945 = CARTESIAN_POINT('',(-6.,79.013092532514,4.019647572729));
#11946 = CARTESIAN_POINT('',(-6.,78.995406084056,3.993099827524));
#11947 = CARTESIAN_POINT('',(-6.,78.977712418194,3.966558117487));
#11948 = CARTESIAN_POINT('',(-6.,78.948610572833,3.922975193874));
#11949 = CARTESIAN_POINT('',(-6.,78.937213350925,3.905924901799));
#11950 = CARTESIAN_POINT('',(-6.,78.925805236366,3.888883704672));
#11951 = CARTESIAN_POINT('',(-6.,78.91438307715,3.871854255287));
#11952 = CARTESIAN_POINT('',(-6.,78.902943667169,3.854839278337));
#11953 = CARTESIAN_POINT('',(-6.,78.89148374622,3.837841570412));
#11954 = CARTESIAN_POINT('',(-6.,78.85373223857,3.782029741502));
#11955 = CARTESIAN_POINT('',(-6.,78.827340377929,3.743301602173));
#11956 = CARTESIAN_POINT('',(-6.,78.800783392209,3.704713438984));
#11957 = CARTESIAN_POINT('',(-6.,78.774019339315,3.666302698949));
#11958 = CARTESIAN_POINT('',(-6.,78.747002903151,3.628112596145));
#11959 = CARTESIAN_POINT('',(-6.,78.71968293585,3.590194288736));
#11960 = CARTESIAN_POINT('',(-6.,78.656290864102,3.504126619355));
#11961 = CARTESIAN_POINT('',(-6.,78.619992629726,3.456219991176));
#11962 = CARTESIAN_POINT('',(-6.,78.582961182892,3.408992839598));
#11963 = CARTESIAN_POINT('',(-6.,78.545040221975,3.362617924761));
#11964 = CARTESIAN_POINT('',(-6.,78.506063946478,3.31733241338));
#11965 = CARTESIAN_POINT('',(-6.,78.465823904655,3.273473093296));
#11966 = CARTESIAN_POINT('',(-6.,78.392916771768,3.200395649346));
#11967 = CARTESIAN_POINT('',(-6.,78.361006127656,3.170358399326));
#11968 = CARTESIAN_POINT('',(-6.,78.328096726012,3.141601043727));
#11969 = CARTESIAN_POINT('',(-6.,78.294047699329,3.114424990685));
#11970 = CARTESIAN_POINT('',(-6.,78.258745009459,3.089276720631));
#11971 = CARTESIAN_POINT('',(-6.,78.222092836306,3.066761987042));
#11972 = CARTESIAN_POINT('',(-6.,78.159200973694,3.035239579231));
#11973 = CARTESIAN_POINT('',(-6.,78.133803485457,3.024266237533));
#11974 = CARTESIAN_POINT('',(-6.,78.107820220538,3.014983639524));
#11975 = CARTESIAN_POINT('',(-6.,78.08130892786,3.007662597412));
#11976 = CARTESIAN_POINT('',(-6.,78.054376778293,3.00258793846));
#11977 = CARTESIAN_POINT('',(-6.,78.027191601307,3.));
#11978 = CARTESIAN_POINT('',(-6.,78.,3.));
#11979 = PCURVE('',#10624,#11980);
#11980 = DEFINITIONAL_REPRESENTATION('',(#11981),#12044);
#11981 = B_SPLINE_CURVE_WITH_KNOTS('',7,(#11982,#11983,#11984,#11985,
    #11986,#11987,#11988,#11989,#11990,#11991,#11992,#11993,#11994,
    #11995,#11996,#11997,#11998,#11999,#12000,#12001,#12002,#12003,
    #12004,#12005,#12006,#12007,#12008,#12009,#12010,#12011,#12012,
    #12013,#12014,#12015,#12016,#12017,#12018,#12019,#12020,#12021,
    #12022,#12023,#12024,#12025,#12026,#12027,#12028,#12029,#12030,
    #12031,#12032,#12033,#12034,#12035,#12036,#12037,#12038,#12039,
    #12040,#12041,#12042,#12043),.UNSPECIFIED.,.F.,.F.,(8,6,6,6,6,6,6,6,
    6,6,8),(0.,9.163303887166E-02,0.21997112892,0.36102364061,
    0.449170791486,0.524224520704,0.572485518904,0.682877055146,
    0.825274754255,0.931103710629,1.),.UNSPECIFIED.);
#11982 = CARTESIAN_POINT('',(-3.1127727871,-4.810076832682));
#11983 = CARTESIAN_POINT('',(-3.1127727871,-4.773879922586));
#11984 = CARTESIAN_POINT('',(-3.117358559828,-4.737737461578));
#11985 = CARTESIAN_POINT('',(-3.126272811411,-4.702197331822));
#11986 = CARTESIAN_POINT('',(-3.138845018784,-4.667563017073));
#11987 = CARTESIAN_POINT('',(-3.154394092386,-4.63399208335));
#11988 = CARTESIAN_POINT('',(-3.172338045874,-4.601520553052));
#11989 = CARTESIAN_POINT('',(-3.220163894855,-4.526037836858));
#11990 = CARTESIAN_POINT('',(-3.251926275695,-4.484049488697));
#11991 = CARTESIAN_POINT('',(-3.286467386419,-4.443795810502));
#11992 = CARTESIAN_POINT('',(-3.323078033902,-4.405077340944));
#11993 = CARTESIAN_POINT('',(-3.361245067902,-4.367691781587));
#11994 = CARTESIAN_POINT('',(-3.400658011169,-4.331435296312));
#11995 = CARTESIAN_POINT('',(-3.485692174352,-4.257215415136));
#11996 = CARTESIAN_POINT('',(-3.531460892576,-4.219509073317));
#11997 = CARTESIAN_POINT('',(-3.578174480575,-4.182731480292));
#11998 = CARTESIAN_POINT('',(-3.62562387967,-4.14672350037));
#11999 = CARTESIAN_POINT('',(-3.67365430186,-4.111355890313));
#12000 = CARTESIAN_POINT('',(-3.722146543298,-4.076510051451));
#12001 = CARTESIAN_POINT('',(-3.80155631706,-4.020558675412));
#12002 = CARTESIAN_POINT('',(-3.832240081498,-3.999204072542));
#12003 = CARTESIAN_POINT('',(-3.863044051319,-3.977988116988));
#12004 = CARTESIAN_POINT('',(-3.89394720033,-3.956888106502));
#12005 = CARTESIAN_POINT('',(-3.924930559475,-3.935882926395));
#12006 = CARTESIAN_POINT('',(-3.955976687082,-3.914952432258));
#12007 = CARTESIAN_POINT('',(-4.013543102823,-3.876302105056));
#12008 = CARTESIAN_POINT('',(-4.040050435071,-3.85856719949));
#12009 = CARTESIAN_POINT('',(-4.066581108798,-3.840860221154));
#12010 = CARTESIAN_POINT('',(-4.093125214371,-3.823169365197));
#12011 = CARTESIAN_POINT('',(-4.119672959576,-3.805482916738));
#12012 = CARTESIAN_POINT('',(-4.146214669614,-3.787789250876));
#12013 = CARTESIAN_POINT('',(-4.189797593226,-3.758687405515));
#12014 = CARTESIAN_POINT('',(-4.206847885301,-3.747290183607));
#12015 = CARTESIAN_POINT('',(-4.223889082428,-3.735882069048));
#12016 = CARTESIAN_POINT('',(-4.240918531813,-3.724459909832));
#12017 = CARTESIAN_POINT('',(-4.257933508763,-3.713020499852));
#12018 = CARTESIAN_POINT('',(-4.274931216688,-3.701560578903));
#12019 = CARTESIAN_POINT('',(-4.330743045598,-3.663809071252));
#12020 = CARTESIAN_POINT('',(-4.369471184928,-3.637417210611));
#12021 = CARTESIAN_POINT('',(-4.408059348116,-3.610860224891));
#12022 = CARTESIAN_POINT('',(-4.446470088151,-3.584096171997));
#12023 = CARTESIAN_POINT('',(-4.484660190956,-3.557079735834));
#12024 = CARTESIAN_POINT('',(-4.522578498365,-3.529759768533));
#12025 = CARTESIAN_POINT('',(-4.608646167746,-3.466367696784));
#12026 = CARTESIAN_POINT('',(-4.656552795925,-3.430069462408));
#12027 = CARTESIAN_POINT('',(-4.703779947502,-3.393038015574));
#12028 = CARTESIAN_POINT('',(-4.75015486234,-3.355117054658));
#12029 = CARTESIAN_POINT('',(-4.795440373721,-3.31614077916));
#12030 = CARTESIAN_POINT('',(-4.839299693804,-3.275900737338));
#12031 = CARTESIAN_POINT('',(-4.912377137754,-3.20299360445));
#12032 = CARTESIAN_POINT('',(-4.942414387775,-3.171082960338));
#12033 = CARTESIAN_POINT('',(-4.971171743374,-3.138173558694));
#12034 = CARTESIAN_POINT('',(-4.998347796415,-3.104124532011));
#12035 = CARTESIAN_POINT('',(-5.023496066469,-3.068821842142));
#12036 = CARTESIAN_POINT('',(-5.046010800058,-3.032169668989));
#12037 = CARTESIAN_POINT('',(-5.07753320787,-2.969277806376));
#12038 = CARTESIAN_POINT('',(-5.088506549568,-2.943880318139));
#12039 = CARTESIAN_POINT('',(-5.097789147577,-2.91789705322));
#12040 = CARTESIAN_POINT('',(-5.105110189688,-2.891385760542));
#12041 = CARTESIAN_POINT('',(-5.11018484864,-2.864453610975));
#12042 = CARTESIAN_POINT('',(-5.1127727871,-2.837268433989));
#12043 = CARTESIAN_POINT('',(-5.1127727871,-2.810076832682));
#12044 = ( GEOMETRIC_REPRESENTATION_CONTEXT(2) 
PARAMETRIC_REPRESENTATION_CONTEXT() REPRESENTATION_CONTEXT('2D SPACE',''
  ) );
#12045 = PCURVE('',#11244,#12046);
#12046 = DEFINITIONAL_REPRESENTATION('',(#12047),#12110);
#12047 = B_SPLINE_CURVE_WITH_KNOTS('',7,(#12048,#12049,#12050,#12051,
    #12052,#12053,#12054,#12055,#12056,#12057,#12058,#12059,#12060,
    #12061,#12062,#12063,#12064,#12065,#12066,#12067,#12068,#12069,
    #12070,#12071,#12072,#12073,#12074,#12075,#12076,#12077,#12078,
    #12079,#12080,#12081,#12082,#12083,#12084,#12085,#12086,#12087,
    #12088,#12089,#12090,#12091,#12092,#12093,#12094,#12095,#12096,
    #12097,#12098,#12099,#12100,#12101,#12102,#12103,#12104,#12105,
    #12106,#12107,#12108,#12109),.UNSPECIFIED.,.F.,.F.,(8,6,6,6,6,6,6,6,
    6,6,8),(0.,9.163303887166E-02,0.21997112892,0.36102364061,
    0.449170791486,0.524224520704,0.572485518904,0.682877055146,
    0.825274754255,0.931103710629,1.),.UNSPECIFIED.);
#12048 = CARTESIAN_POINT('',(1.,-3.));
#12049 = CARTESIAN_POINT('',(0.981901544952,-3.));
#12050 = CARTESIAN_POINT('',(0.963830314448,-3.));
#12051 = CARTESIAN_POINT('',(0.94606024957,-3.));
#12052 = CARTESIAN_POINT('',(0.928743092195,-3.));
#12053 = CARTESIAN_POINT('',(0.911957625334,-3.));
#12054 = CARTESIAN_POINT('',(0.895721860185,-3.));
#12055 = CARTESIAN_POINT('',(0.857980502088,-3.));
#12056 = CARTESIAN_POINT('',(0.836986328007,-3.));
#12057 = CARTESIAN_POINT('',(0.81685948891,-3.));
#12058 = CARTESIAN_POINT('',(0.797500254131,-3.));
#12059 = CARTESIAN_POINT('',(0.778807474452,-3.));
#12060 = CARTESIAN_POINT('',(0.760679231815,-3.));
#12061 = CARTESIAN_POINT('',(0.723569291227,-3.));
#12062 = CARTESIAN_POINT('',(0.704716120317,-3.));
#12063 = CARTESIAN_POINT('',(0.686327323805,-3.));
#12064 = CARTESIAN_POINT('',(0.668323333844,-3.));
#12065 = CARTESIAN_POINT('',(0.650639528815,-3.));
#12066 = CARTESIAN_POINT('',(0.633216609384,-3.));
#12067 = CARTESIAN_POINT('',(0.605240921365,-3.));
#12068 = CARTESIAN_POINT('',(0.59456361993,-3.));
#12069 = CARTESIAN_POINT('',(0.583955642153,-3.));
#12070 = CARTESIAN_POINT('',(0.57340563691,-3.));
#12071 = CARTESIAN_POINT('',(0.562903046857,-3.));
#12072 = CARTESIAN_POINT('',(0.552437799788,-3.));
#12073 = CARTESIAN_POINT('',(0.533112636187,-3.));
#12074 = CARTESIAN_POINT('',(0.524245183404,-3.));
#12075 = CARTESIAN_POINT('',(0.515391694236,-3.));
#12076 = CARTESIAN_POINT('',(0.506546266257,-3.));
#12077 = CARTESIAN_POINT('',(0.497703042028,-3.));
#12078 = CARTESIAN_POINT('',(0.488856209097,-3.));
#12079 = CARTESIAN_POINT('',(0.474305286416,-3.));
#12080 = CARTESIAN_POINT('',(0.468606675462,-3.));
#12081 = CARTESIAN_POINT('',(0.462902618183,-3.));
#12082 = CARTESIAN_POINT('',(0.457191538575,-3.));
#12083 = CARTESIAN_POINT('',(0.451471833585,-3.));
#12084 = CARTESIAN_POINT('',(0.44574187311,-3.));
#12085 = CARTESIAN_POINT('',(0.426866119285,-3.));
#12086 = CARTESIAN_POINT('',(0.413670188965,-3.));
#12087 = CARTESIAN_POINT('',(0.400391696105,-3.));
#12088 = CARTESIAN_POINT('',(0.387009669657,-3.));
#12089 = CARTESIAN_POINT('',(0.373501451576,-3.));
#12090 = CARTESIAN_POINT('',(0.359841467925,-3.));
#12091 = CARTESIAN_POINT('',(0.328145432051,-3.));
#12092 = CARTESIAN_POINT('',(0.309996314863,-3.));
#12093 = CARTESIAN_POINT('',(0.291480591446,-3.));
#12094 = CARTESIAN_POINT('',(0.272520110988,-3.));
#12095 = CARTESIAN_POINT('',(0.253031973239,-3.));
#12096 = CARTESIAN_POINT('',(0.232911952328,-3.));
#12097 = CARTESIAN_POINT('',(0.196458385884,-3.));
#12098 = CARTESIAN_POINT('',(0.180503063828,-3.));
#12099 = CARTESIAN_POINT('',(0.164048363006,-3.));
#12100 = CARTESIAN_POINT('',(0.147023849664,-3.));
#12101 = CARTESIAN_POINT('',(0.12937250473,-3.));
#12102 = CARTESIAN_POINT('',(0.111046418153,-3.));
#12103 = CARTESIAN_POINT('',(7.960048684679E-02,-3.));
#12104 = CARTESIAN_POINT('',(6.690174272825E-02,-3.));
#12105 = CARTESIAN_POINT('',(5.391011026904E-02,-3.));
#12106 = CARTESIAN_POINT('',(4.065446393002E-02,-3.));
#12107 = CARTESIAN_POINT('',(2.718838914643E-02,-3.));
#12108 = CARTESIAN_POINT('',(1.359580065356E-02,-3.));
#12109 = CARTESIAN_POINT('',(0.,-3.));
#12110 = ( GEOMETRIC_REPRESENTATION_CONTEXT(2) 
PARAMETRIC_REPRESENTATION_CONTEXT() REPRESENTATION_CONTEXT('2D SPACE',''
  ) );
#12111 = ORIENTED_EDGE('',*,*,#11841,.T.);
#12112 = ORIENTED_EDGE('',*,*,#10608,.T.);
#12113 = ORIENTED_EDGE('',*,*,#12114,.T.);
#12114 = EDGE_CURVE('',#10609,#11913,#12115,.T.);
#12115 = SURFACE_CURVE('',#12116,(#12120,#12127),.PCURVE_S1.);
#12116 = LINE('',#12117,#12118);
#12117 = CARTESIAN_POINT('',(-6.,73.,3.));
#12118 = VECTOR('',#12119,1.);
#12119 = DIRECTION('',(0.,1.,0.));
#12120 = PCURVE('',#10624,#12121);
#12121 = DEFINITIONAL_REPRESENTATION('',(#12122),#12126);
#12122 = LINE('',#12123,#12124);
#12123 = CARTESIAN_POINT('',(-5.1127727871,2.189923167318));
#12124 = VECTOR('',#12125,1.);
#12125 = DIRECTION('',(0.,-1.));
#12126 = ( GEOMETRIC_REPRESENTATION_CONTEXT(2) 
PARAMETRIC_REPRESENTATION_CONTEXT() REPRESENTATION_CONTEXT('2D SPACE',''
  ) );
#12127 = PCURVE('',#10652,#12128);
#12128 = DEFINITIONAL_REPRESENTATION('',(#12129),#12133);
#12129 = LINE('',#12130,#12131);
#12130 = CARTESIAN_POINT('',(3.,73.));
#12131 = VECTOR('',#12132,1.);
#12132 = DIRECTION('',(0.,1.));
#12133 = ( GEOMETRIC_REPRESENTATION_CONTEXT(2) 
PARAMETRIC_REPRESENTATION_CONTEXT() REPRESENTATION_CONTEXT('2D SPACE',''
  ) );
#12134 = ADVANCED_FACE('',(#12135),#10652,.T.);
#12135 = FACE_BOUND('',#12136,.T.);
#12136 = EDGE_LOOP('',(#12137,#12160,#12161,#12162,#12185,#12213,#12234,
    #12235));
#12137 = ORIENTED_EDGE('',*,*,#12138,.F.);
#12138 = EDGE_CURVE('',#11913,#12139,#12141,.T.);
#12139 = VERTEX_POINT('',#12140);
#12140 = CARTESIAN_POINT('',(6.,78.,3.));
#12141 = SURFACE_CURVE('',#12142,(#12146,#12153),.PCURVE_S1.);
#12142 = LINE('',#12143,#12144);
#12143 = CARTESIAN_POINT('',(-9.,78.,3.));
#12144 = VECTOR('',#12145,1.);
#12145 = DIRECTION('',(1.,0.,0.));
#12146 = PCURVE('',#10652,#12147);
#12147 = DEFINITIONAL_REPRESENTATION('',(#12148),#12152);
#12148 = LINE('',#12149,#12150);
#12149 = CARTESIAN_POINT('',(0.,78.));
#12150 = VECTOR('',#12151,1.);
#12151 = DIRECTION('',(1.,0.));
#12152 = ( GEOMETRIC_REPRESENTATION_CONTEXT(2) 
PARAMETRIC_REPRESENTATION_CONTEXT() REPRESENTATION_CONTEXT('2D SPACE',''
  ) );
#12153 = PCURVE('',#11244,#12154);
#12154 = DEFINITIONAL_REPRESENTATION('',(#12155),#12159);
#12155 = LINE('',#12156,#12157);
#12156 = CARTESIAN_POINT('',(0.,0.));
#12157 = VECTOR('',#12158,1.);
#12158 = DIRECTION('',(0.,-1.));
#12159 = ( GEOMETRIC_REPRESENTATION_CONTEXT(2) 
PARAMETRIC_REPRESENTATION_CONTEXT() REPRESENTATION_CONTEXT('2D SPACE',''
  ) );
#12160 = ORIENTED_EDGE('',*,*,#12114,.F.);
#12161 = ORIENTED_EDGE('',*,*,#10636,.T.);
#12162 = ORIENTED_EDGE('',*,*,#12163,.T.);
#12163 = EDGE_CURVE('',#10637,#12164,#12166,.T.);
#12164 = VERTEX_POINT('',#12165);
#12165 = CARTESIAN_POINT('',(-4.5,74.,3.));
#12166 = SURFACE_CURVE('',#12167,(#12171,#12178),.PCURVE_S1.);
#12167 = LINE('',#12168,#12169);
#12168 = CARTESIAN_POINT('',(-4.5,73.,3.));
#12169 = VECTOR('',#12170,1.);
#12170 = DIRECTION('',(0.,1.,0.));
#12171 = PCURVE('',#10652,#12172);
#12172 = DEFINITIONAL_REPRESENTATION('',(#12173),#12177);
#12173 = LINE('',#12174,#12175);
#12174 = CARTESIAN_POINT('',(4.5,73.));
#12175 = VECTOR('',#12176,1.);
#12176 = DIRECTION('',(0.,1.));
#12177 = ( GEOMETRIC_REPRESENTATION_CONTEXT(2) 
PARAMETRIC_REPRESENTATION_CONTEXT() REPRESENTATION_CONTEXT('2D SPACE',''
  ) );
#12178 = PCURVE('',#10680,#12179);
#12179 = DEFINITIONAL_REPRESENTATION('',(#12180),#12184);
#12180 = LINE('',#12181,#12182);
#12181 = CARTESIAN_POINT('',(1.,0.));
#12182 = VECTOR('',#12183,1.);
#12183 = DIRECTION('',(0.,-1.));
#12184 = ( GEOMETRIC_REPRESENTATION_CONTEXT(2) 
PARAMETRIC_REPRESENTATION_CONTEXT() REPRESENTATION_CONTEXT('2D SPACE',''
  ) );
#12185 = ORIENTED_EDGE('',*,*,#12186,.T.);
#12186 = EDGE_CURVE('',#12164,#12187,#12189,.T.);
#12187 = VERTEX_POINT('',#12188);
#12188 = CARTESIAN_POINT('',(4.5,74.,3.));
#12189 = SURFACE_CURVE('',#12190,(#12194,#12201),.PCURVE_S1.);
#12190 = LINE('',#12191,#12192);
#12191 = CARTESIAN_POINT('',(-4.5,74.,3.));
#12192 = VECTOR('',#12193,1.);
#12193 = DIRECTION('',(1.,0.,0.));
#12194 = PCURVE('',#10652,#12195);
#12195 = DEFINITIONAL_REPRESENTATION('',(#12196),#12200);
#12196 = LINE('',#12197,#12198);
#12197 = CARTESIAN_POINT('',(4.5,74.));
#12198 = VECTOR('',#12199,1.);
#12199 = DIRECTION('',(1.,0.));
#12200 = ( GEOMETRIC_REPRESENTATION_CONTEXT(2) 
PARAMETRIC_REPRESENTATION_CONTEXT() REPRESENTATION_CONTEXT('2D SPACE',''
  ) );
#12201 = PCURVE('',#12202,#12207);
#12202 = PLANE('',#12203);
#12203 = AXIS2_PLACEMENT_3D('',#12204,#12205,#12206);
#12204 = CARTESIAN_POINT('',(-4.5,74.,2.));
#12205 = DIRECTION('',(0.,1.,0.));
#12206 = DIRECTION('',(0.,0.,1.));
#12207 = DEFINITIONAL_REPRESENTATION('',(#12208),#12212);
#12208 = LINE('',#12209,#12210);
#12209 = CARTESIAN_POINT('',(1.,0.));
#12210 = VECTOR('',#12211,1.);
#12211 = DIRECTION('',(0.,1.));
#12212 = ( GEOMETRIC_REPRESENTATION_CONTEXT(2) 
PARAMETRIC_REPRESENTATION_CONTEXT() REPRESENTATION_CONTEXT('2D SPACE',''
  ) );
#12213 = ORIENTED_EDGE('',*,*,#12214,.F.);
#12214 = EDGE_CURVE('',#10721,#12187,#12215,.T.);
#12215 = SURFACE_CURVE('',#12216,(#12220,#12227),.PCURVE_S1.);
#12216 = LINE('',#12217,#12218);
#12217 = CARTESIAN_POINT('',(4.5,73.,3.));
#12218 = VECTOR('',#12219,1.);
#12219 = DIRECTION('',(0.,1.,0.));
#12220 = PCURVE('',#10652,#12221);
#12221 = DEFINITIONAL_REPRESENTATION('',(#12222),#12226);
#12222 = LINE('',#12223,#12224);
#12223 = CARTESIAN_POINT('',(13.5,73.));
#12224 = VECTOR('',#12225,1.);
#12225 = DIRECTION('',(0.,1.));
#12226 = ( GEOMETRIC_REPRESENTATION_CONTEXT(2) 
PARAMETRIC_REPRESENTATION_CONTEXT() REPRESENTATION_CONTEXT('2D SPACE',''
  ) );
#12227 = PCURVE('',#10736,#12228);
#12228 = DEFINITIONAL_REPRESENTATION('',(#12229),#12233);
#12229 = LINE('',#12230,#12231);
#12230 = CARTESIAN_POINT('',(1.,0.));
#12231 = VECTOR('',#12232,1.);
#12232 = DIRECTION('',(0.,-1.));
#12233 = ( GEOMETRIC_REPRESENTATION_CONTEXT(2) 
PARAMETRIC_REPRESENTATION_CONTEXT() REPRESENTATION_CONTEXT('2D SPACE',''
  ) );
#12234 = ORIENTED_EDGE('',*,*,#10748,.T.);
#12235 = ORIENTED_EDGE('',*,*,#12236,.T.);
#12236 = EDGE_CURVE('',#10749,#12139,#12237,.T.);
#12237 = SURFACE_CURVE('',#12238,(#12242,#12249),.PCURVE_S1.);
#12238 = LINE('',#12239,#12240);
#12239 = CARTESIAN_POINT('',(6.,73.,3.));
#12240 = VECTOR('',#12241,1.);
#12241 = DIRECTION('',(0.,1.,0.));
#12242 = PCURVE('',#10652,#12243);
#12243 = DEFINITIONAL_REPRESENTATION('',(#12244),#12248);
#12244 = LINE('',#12245,#12246);
#12245 = CARTESIAN_POINT('',(15.,73.));
#12246 = VECTOR('',#12247,1.);
#12247 = DIRECTION('',(0.,1.));
#12248 = ( GEOMETRIC_REPRESENTATION_CONTEXT(2) 
PARAMETRIC_REPRESENTATION_CONTEXT() REPRESENTATION_CONTEXT('2D SPACE',''
  ) );
#12249 = PCURVE('',#10787,#12250);
#12250 = DEFINITIONAL_REPRESENTATION('',(#12251),#12255);
#12251 = LINE('',#12252,#12253);
#12252 = CARTESIAN_POINT('',(-5.1127727871,2.189923167318));
#12253 = VECTOR('',#12254,1.);
#12254 = DIRECTION('',(0.,-1.));
#12255 = ( GEOMETRIC_REPRESENTATION_CONTEXT(2) 
PARAMETRIC_REPRESENTATION_CONTEXT() REPRESENTATION_CONTEXT('2D SPACE',''
  ) );
#12256 = ADVANCED_FACE('',(#12257),#10787,.F.);
#12257 = FACE_BOUND('',#12258,.F.);
#12258 = EDGE_LOOP('',(#12259,#12459,#12526,#12527));
#12259 = ORIENTED_EDGE('',*,*,#12260,.F.);
#12260 = EDGE_CURVE('',#12261,#12139,#12263,.T.);
#12261 = VERTEX_POINT('',#12262);
#12262 = CARTESIAN_POINT('',(6.,79.33164452726,4.479228316426));
#12263 = SURFACE_CURVE('',#12264,(#12327,#12393),.PCURVE_S1.);
#12264 = B_SPLINE_CURVE_WITH_KNOTS('',7,(#12265,#12266,#12267,#12268,
    #12269,#12270,#12271,#12272,#12273,#12274,#12275,#12276,#12277,
    #12278,#12279,#12280,#12281,#12282,#12283,#12284,#12285,#12286,
    #12287,#12288,#12289,#12290,#12291,#12292,#12293,#12294,#12295,
    #12296,#12297,#12298,#12299,#12300,#12301,#12302,#12303,#12304,
    #12305,#12306,#12307,#12308,#12309,#12310,#12311,#12312,#12313,
    #12314,#12315,#12316,#12317,#12318,#12319,#12320,#12321,#12322,
    #12323,#12324,#12325,#12326),.UNSPECIFIED.,.F.,.F.,(8,6,6,6,6,6,6,6,
    6,6,8),(0.,9.163303887166E-02,0.21997112892,0.36102364061,
    0.449170791486,0.524224520704,0.572485518904,0.682877055146,
    0.825274754255,0.931103710629,1.),.UNSPECIFIED.);
#12265 = CARTESIAN_POINT('',(6.,80.,5.));
#12266 = CARTESIAN_POINT('',(6.,79.963803089904,5.));
#12267 = CARTESIAN_POINT('',(6.,79.927660628896,4.995414227272));
#12268 = CARTESIAN_POINT('',(6.,79.89212049914,4.986499975689));
#12269 = CARTESIAN_POINT('',(6.,79.857486184391,4.973927768317));
#12270 = CARTESIAN_POINT('',(6.,79.823915250668,4.958378694714));
#12271 = CARTESIAN_POINT('',(6.,79.791443720369,4.940434741226));
#12272 = CARTESIAN_POINT('',(6.,79.715961004176,4.892608892246));
#12273 = CARTESIAN_POINT('',(6.,79.673972656015,4.860846511405));
#12274 = CARTESIAN_POINT('',(6.,79.63371897782,4.826305400681));
#12275 = CARTESIAN_POINT('',(6.,79.595000508262,4.789694753198));
#12276 = CARTESIAN_POINT('',(6.,79.557614948904,4.751527719199));
#12277 = CARTESIAN_POINT('',(6.,79.52135846363,4.712114775931));
#12278 = CARTESIAN_POINT('',(6.,79.447138582454,4.627080612749));
#12279 = CARTESIAN_POINT('',(6.,79.409432240635,4.581311894524));
#12280 = CARTESIAN_POINT('',(6.,79.37265464761,4.534598306525));
#12281 = CARTESIAN_POINT('',(6.,79.336646667687,4.48714890743));
#12282 = CARTESIAN_POINT('',(6.,79.301279057631,4.439118485241));
#12283 = CARTESIAN_POINT('',(6.,79.266433218768,4.390626243802));
#12284 = CARTESIAN_POINT('',(6.,79.21048184273,4.31121647004));
#12285 = CARTESIAN_POINT('',(6.,79.18912723986,4.280532705603));
#12286 = CARTESIAN_POINT('',(6.,79.167911284306,4.249728735781));
#12287 = CARTESIAN_POINT('',(6.,79.14681127382,4.218825586771));
#12288 = CARTESIAN_POINT('',(6.,79.125806093713,4.187842227625));
#12289 = CARTESIAN_POINT('',(6.,79.104875599576,4.156796100018));
#12290 = CARTESIAN_POINT('',(6.,79.066225272374,4.099229684278));
#12291 = CARTESIAN_POINT('',(6.,79.048490366807,4.072722352029));
#12292 = CARTESIAN_POINT('',(6.,79.030783388472,4.046191678303));
#12293 = CARTESIAN_POINT('',(6.,79.013092532514,4.019647572729));
#12294 = CARTESIAN_POINT('',(6.,78.995406084056,3.993099827524));
#12295 = CARTESIAN_POINT('',(6.,78.977712418194,3.966558117487));
#12296 = CARTESIAN_POINT('',(6.,78.948610572833,3.922975193874));
#12297 = CARTESIAN_POINT('',(6.,78.937213350925,3.905924901799));
#12298 = CARTESIAN_POINT('',(6.,78.925805236366,3.888883704672));
#12299 = CARTESIAN_POINT('',(6.,78.91438307715,3.871854255287));
#12300 = CARTESIAN_POINT('',(6.,78.902943667169,3.854839278337));
#12301 = CARTESIAN_POINT('',(6.,78.89148374622,3.837841570412));
#12302 = CARTESIAN_POINT('',(6.,78.85373223857,3.782029741502));
#12303 = CARTESIAN_POINT('',(6.,78.827340377929,3.743301602173));
#12304 = CARTESIAN_POINT('',(6.,78.800783392209,3.704713438984));
#12305 = CARTESIAN_POINT('',(6.,78.774019339315,3.666302698949));
#12306 = CARTESIAN_POINT('',(6.,78.747002903151,3.628112596145));
#12307 = CARTESIAN_POINT('',(6.,78.71968293585,3.590194288736));
#12308 = CARTESIAN_POINT('',(6.,78.656290864102,3.504126619355));
#12309 = CARTESIAN_POINT('',(6.,78.619992629726,3.456219991176));
#12310 = CARTESIAN_POINT('',(6.,78.582961182892,3.408992839598));
#12311 = CARTESIAN_POINT('',(6.,78.545040221975,3.362617924761));
#12312 = CARTESIAN_POINT('',(6.,78.506063946478,3.31733241338));
#12313 = CARTESIAN_POINT('',(6.,78.465823904655,3.273473093296));
#12314 = CARTESIAN_POINT('',(6.,78.392916771768,3.200395649346));
#12315 = CARTESIAN_POINT('',(6.,78.361006127656,3.170358399326));
#12316 = CARTESIAN_POINT('',(6.,78.328096726012,3.141601043727));
#12317 = CARTESIAN_POINT('',(6.,78.294047699329,3.114424990685));
#12318 = CARTESIAN_POINT('',(6.,78.258745009459,3.089276720631));
#12319 = CARTESIAN_POINT('',(6.,78.222092836306,3.066761987042));
#12320 = CARTESIAN_POINT('',(6.,78.159200973694,3.035239579231));
#12321 = CARTESIAN_POINT('',(6.,78.133803485457,3.024266237533));
#12322 = CARTESIAN_POINT('',(6.,78.107820220538,3.014983639524));
#12323 = CARTESIAN_POINT('',(6.,78.08130892786,3.007662597412));
#12324 = CARTESIAN_POINT('',(6.,78.054376778293,3.00258793846));
#12325 = CARTESIAN_POINT('',(6.,78.027191601307,3.));
#12326 = CARTESIAN_POINT('',(6.,78.,3.));
#12327 = PCURVE('',#10787,#12328);
#12328 = DEFINITIONAL_REPRESENTATION('',(#12329),#12392);
#12329 = B_SPLINE_CURVE_WITH_KNOTS('',7,(#12330,#12331,#12332,#12333,
    #12334,#12335,#12336,#12337,#12338,#12339,#12340,#12341,#12342,
    #12343,#12344,#12345,#12346,#12347,#12348,#12349,#12350,#12351,
    #12352,#12353,#12354,#12355,#12356,#12357,#12358,#12359,#12360,
    #12361,#12362,#12363,#12364,#12365,#12366,#12367,#12368,#12369,
    #12370,#12371,#12372,#12373,#12374,#12375,#12376,#12377,#12378,
    #12379,#12380,#12381,#12382,#12383,#12384,#12385,#12386,#12387,
    #12388,#12389,#12390,#12391),.UNSPECIFIED.,.F.,.F.,(8,6,6,6,6,6,6,6,
    6,6,8),(0.,9.163303887166E-02,0.21997112892,0.36102364061,
    0.449170791486,0.524224520704,0.572485518904,0.682877055146,
    0.825274754255,0.931103710629,1.),.UNSPECIFIED.);
#12330 = CARTESIAN_POINT('',(-3.1127727871,-4.810076832682));
#12331 = CARTESIAN_POINT('',(-3.1127727871,-4.773879922586));
#12332 = CARTESIAN_POINT('',(-3.117358559828,-4.737737461578));
#12333 = CARTESIAN_POINT('',(-3.126272811411,-4.702197331822));
#12334 = CARTESIAN_POINT('',(-3.138845018784,-4.667563017073));
#12335 = CARTESIAN_POINT('',(-3.154394092386,-4.63399208335));
#12336 = CARTESIAN_POINT('',(-3.172338045874,-4.601520553052));
#12337 = CARTESIAN_POINT('',(-3.220163894855,-4.526037836858));
#12338 = CARTESIAN_POINT('',(-3.251926275695,-4.484049488697));
#12339 = CARTESIAN_POINT('',(-3.286467386419,-4.443795810502));
#12340 = CARTESIAN_POINT('',(-3.323078033902,-4.405077340944));
#12341 = CARTESIAN_POINT('',(-3.361245067902,-4.367691781587));
#12342 = CARTESIAN_POINT('',(-3.400658011169,-4.331435296312));
#12343 = CARTESIAN_POINT('',(-3.485692174352,-4.257215415136));
#12344 = CARTESIAN_POINT('',(-3.531460892576,-4.219509073317));
#12345 = CARTESIAN_POINT('',(-3.578174480575,-4.182731480292));
#12346 = CARTESIAN_POINT('',(-3.62562387967,-4.14672350037));
#12347 = CARTESIAN_POINT('',(-3.67365430186,-4.111355890313));
#12348 = CARTESIAN_POINT('',(-3.722146543298,-4.076510051451));
#12349 = CARTESIAN_POINT('',(-3.80155631706,-4.020558675412));
#12350 = CARTESIAN_POINT('',(-3.832240081498,-3.999204072542));
#12351 = CARTESIAN_POINT('',(-3.863044051319,-3.977988116988));
#12352 = CARTESIAN_POINT('',(-3.89394720033,-3.956888106502));
#12353 = CARTESIAN_POINT('',(-3.924930559475,-3.935882926395));
#12354 = CARTESIAN_POINT('',(-3.955976687082,-3.914952432258));
#12355 = CARTESIAN_POINT('',(-4.013543102823,-3.876302105056));
#12356 = CARTESIAN_POINT('',(-4.040050435071,-3.85856719949));
#12357 = CARTESIAN_POINT('',(-4.066581108798,-3.840860221154));
#12358 = CARTESIAN_POINT('',(-4.093125214371,-3.823169365197));
#12359 = CARTESIAN_POINT('',(-4.119672959576,-3.805482916738));
#12360 = CARTESIAN_POINT('',(-4.146214669614,-3.787789250876));
#12361 = CARTESIAN_POINT('',(-4.189797593226,-3.758687405515));
#12362 = CARTESIAN_POINT('',(-4.206847885301,-3.747290183607));
#12363 = CARTESIAN_POINT('',(-4.223889082428,-3.735882069048));
#12364 = CARTESIAN_POINT('',(-4.240918531813,-3.724459909832));
#12365 = CARTESIAN_POINT('',(-4.257933508763,-3.713020499852));
#12366 = CARTESIAN_POINT('',(-4.274931216688,-3.701560578903));
#12367 = CARTESIAN_POINT('',(-4.330743045598,-3.663809071252));
#12368 = CARTESIAN_POINT('',(-4.369471184928,-3.637417210611));
#12369 = CARTESIAN_POINT('',(-4.408059348116,-3.610860224891));
#12370 = CARTESIAN_POINT('',(-4.446470088151,-3.584096171997));
#12371 = CARTESIAN_POINT('',(-4.484660190956,-3.557079735834));
#12372 = CARTESIAN_POINT('',(-4.522578498365,-3.529759768533));
#12373 = CARTESIAN_POINT('',(-4.608646167746,-3.466367696784));
#12374 = CARTESIAN_POINT('',(-4.656552795925,-3.430069462408));
#12375 = CARTESIAN_POINT('',(-4.703779947502,-3.393038015574));
#12376 = CARTESIAN_POINT('',(-4.75015486234,-3.355117054658));
#12377 = CARTESIAN_POINT('',(-4.795440373721,-3.31614077916));
#12378 = CARTESIAN_POINT('',(-4.839299693804,-3.275900737338));
#12379 = CARTESIAN_POINT('',(-4.912377137754,-3.20299360445));
#12380 = CARTESIAN_POINT('',(-4.942414387775,-3.171082960338));
#12381 = CARTESIAN_POINT('',(-4.971171743374,-3.138173558694));
#12382 = CARTESIAN_POINT('',(-4.998347796415,-3.104124532011));
#12383 = CARTESIAN_POINT('',(-5.023496066469,-3.068821842142));
#12384 = CARTESIAN_POINT('',(-5.046010800058,-3.032169668989));
#12385 = CARTESIAN_POINT('',(-5.07753320787,-2.969277806376));
#12386 = CARTESIAN_POINT('',(-5.088506549568,-2.943880318139));
#12387 = CARTESIAN_POINT('',(-5.097789147577,-2.91789705322));
#12388 = CARTESIAN_POINT('',(-5.105110189688,-2.891385760542));
#12389 = CARTESIAN_POINT('',(-5.11018484864,-2.864453610975));
#12390 = CARTESIAN_POINT('',(-5.1127727871,-2.837268433989));
#12391 = CARTESIAN_POINT('',(-5.1127727871,-2.810076832682));
#12392 = ( GEOMETRIC_REPRESENTATION_CONTEXT(2) 
PARAMETRIC_REPRESENTATION_CONTEXT() REPRESENTATION_CONTEXT('2D SPACE',''
  ) );
#12393 = PCURVE('',#11244,#12394);
#12394 = DEFINITIONAL_REPRESENTATION('',(#12395),#12458);
#12395 = B_SPLINE_CURVE_WITH_KNOTS('',7,(#12396,#12397,#12398,#12399,
    #12400,#12401,#12402,#12403,#12404,#12405,#12406,#12407,#12408,
    #12409,#12410,#12411,#12412,#12413,#12414,#12415,#12416,#12417,
    #12418,#12419,#12420,#12421,#12422,#12423,#12424,#12425,#12426,
    #12427,#12428,#12429,#12430,#12431,#12432,#12433,#12434,#12435,
    #12436,#12437,#12438,#12439,#12440,#12441,#12442,#12443,#12444,
    #12445,#12446,#12447,#12448,#12449,#12450,#12451,#12452,#12453,
    #12454,#12455,#12456,#12457),.UNSPECIFIED.,.F.,.F.,(8,6,6,6,6,6,6,6,
    6,6,8),(0.,9.163303887166E-02,0.21997112892,0.36102364061,
    0.449170791486,0.524224520704,0.572485518904,0.682877055146,
    0.825274754255,0.931103710629,1.),.UNSPECIFIED.);
#12396 = CARTESIAN_POINT('',(1.,-15.));
#12397 = CARTESIAN_POINT('',(0.981901544952,-15.));
#12398 = CARTESIAN_POINT('',(0.963830314448,-15.));
#12399 = CARTESIAN_POINT('',(0.94606024957,-15.));
#12400 = CARTESIAN_POINT('',(0.928743092195,-15.));
#12401 = CARTESIAN_POINT('',(0.911957625334,-15.));
#12402 = CARTESIAN_POINT('',(0.895721860185,-15.));
#12403 = CARTESIAN_POINT('',(0.857980502088,-15.));
#12404 = CARTESIAN_POINT('',(0.836986328007,-15.));
#12405 = CARTESIAN_POINT('',(0.81685948891,-15.));
#12406 = CARTESIAN_POINT('',(0.797500254131,-15.));
#12407 = CARTESIAN_POINT('',(0.778807474452,-15.));
#12408 = CARTESIAN_POINT('',(0.760679231815,-15.));
#12409 = CARTESIAN_POINT('',(0.723569291227,-15.));
#12410 = CARTESIAN_POINT('',(0.704716120317,-15.));
#12411 = CARTESIAN_POINT('',(0.686327323805,-15.));
#12412 = CARTESIAN_POINT('',(0.668323333844,-15.));
#12413 = CARTESIAN_POINT('',(0.650639528815,-15.));
#12414 = CARTESIAN_POINT('',(0.633216609384,-15.));
#12415 = CARTESIAN_POINT('',(0.605240921365,-15.));
#12416 = CARTESIAN_POINT('',(0.59456361993,-15.));
#12417 = CARTESIAN_POINT('',(0.583955642153,-15.));
#12418 = CARTESIAN_POINT('',(0.57340563691,-15.));
#12419 = CARTESIAN_POINT('',(0.562903046857,-15.));
#12420 = CARTESIAN_POINT('',(0.552437799788,-15.));
#12421 = CARTESIAN_POINT('',(0.533112636187,-15.));
#12422 = CARTESIAN_POINT('',(0.524245183404,-15.));
#12423 = CARTESIAN_POINT('',(0.515391694236,-15.));
#12424 = CARTESIAN_POINT('',(0.506546266257,-15.));
#12425 = CARTESIAN_POINT('',(0.497703042028,-15.));
#12426 = CARTESIAN_POINT('',(0.488856209097,-15.));
#12427 = CARTESIAN_POINT('',(0.474305286416,-15.));
#12428 = CARTESIAN_POINT('',(0.468606675462,-15.));
#12429 = CARTESIAN_POINT('',(0.462902618183,-15.));
#12430 = CARTESIAN_POINT('',(0.457191538575,-15.));
#12431 = CARTESIAN_POINT('',(0.451471833585,-15.));
#12432 = CARTESIAN_POINT('',(0.44574187311,-15.));
#12433 = CARTESIAN_POINT('',(0.426866119285,-15.));
#12434 = CARTESIAN_POINT('',(0.413670188965,-15.));
#12435 = CARTESIAN_POINT('',(0.400391696105,-15.));
#12436 = CARTESIAN_POINT('',(0.387009669657,-15.));
#12437 = CARTESIAN_POINT('',(0.373501451576,-15.));
#12438 = CARTESIAN_POINT('',(0.359841467925,-15.));
#12439 = CARTESIAN_POINT('',(0.328145432051,-15.));
#12440 = CARTESIAN_POINT('',(0.309996314863,-15.));
#12441 = CARTESIAN_POINT('',(0.291480591446,-15.));
#12442 = CARTESIAN_POINT('',(0.272520110988,-15.));
#12443 = CARTESIAN_POINT('',(0.253031973239,-15.));
#12444 = CARTESIAN_POINT('',(0.232911952328,-15.));
#12445 = CARTESIAN_POINT('',(0.196458385884,-15.));
#12446 = CARTESIAN_POINT('',(0.180503063828,-15.));
#12447 = CARTESIAN_POINT('',(0.164048363006,-15.));
#12448 = CARTESIAN_POINT('',(0.147023849664,-15.));
#12449 = CARTESIAN_POINT('',(0.12937250473,-15.));
#12450 = CARTESIAN_POINT('',(0.111046418153,-15.));
#12451 = CARTESIAN_POINT('',(7.960048684679E-02,-15.));
#12452 = CARTESIAN_POINT('',(6.690174272825E-02,-15.));
#12453 = CARTESIAN_POINT('',(5.391011026904E-02,-15.));
#12454 = CARTESIAN_POINT('',(4.065446393002E-02,-15.));
#12455 = CARTESIAN_POINT('',(2.718838914643E-02,-15.));
#12456 = CARTESIAN_POINT('',(1.359580065356E-02,-15.));
#12457 = CARTESIAN_POINT('',(0.,-15.));
#12458 = ( GEOMETRIC_REPRESENTATION_CONTEXT(2) 
PARAMETRIC_REPRESENTATION_CONTEXT() REPRESENTATION_CONTEXT('2D SPACE',''
  ) );
#12459 = ORIENTED_EDGE('',*,*,#12460,.T.);
#12460 = EDGE_CURVE('',#12261,#10772,#12461,.T.);
#12461 = SURFACE_CURVE('',#12462,(#12501,#12519),.PCURVE_S1.);
#12462 = B_SPLINE_CURVE_WITH_KNOTS('',13,(#12463,#12464,#12465,#12466,
    #12467,#12468,#12469,#12470,#12471,#12472,#12473,#12474,#12475,
    #12476,#12477,#12478,#12479,#12480,#12481,#12482,#12483,#12484,
    #12485,#12486,#12487,#12488,#12489,#12490,#12491,#12492,#12493,
    #12494,#12495,#12496,#12497,#12498,#12499,#12500),.UNSPECIFIED.,.F.,
  .F.,(14,12,12,14),(-0.794399493455,3.714808400532E-14,13.61845532117,
    14.083563821863),.UNSPECIFIED.);
#12463 = CARTESIAN_POINT('',(6.,80.794399493455,4.400000000001));
#12464 = CARTESIAN_POINT('',(6.,80.712055459648,4.400000000001));
#12465 = CARTESIAN_POINT('',(6.,80.633250822585,4.400000000001));
#12466 = CARTESIAN_POINT('',(6.,80.557985582266,4.400000000001));
#12467 = CARTESIAN_POINT('',(6.,80.486259738691,4.400000000001));
#12468 = CARTESIAN_POINT('',(6.,80.41807329186,4.400000000001));
#12469 = CARTESIAN_POINT('',(6.,80.353426241774,4.400000000001));
#12470 = CARTESIAN_POINT('',(6.,80.292318588431,4.400000000001));
#12471 = CARTESIAN_POINT('',(6.,80.234750331832,4.4));
#12472 = CARTESIAN_POINT('',(6.,80.180721471978,4.4));
#12473 = CARTESIAN_POINT('',(6.,80.130232008867,4.4));
#12474 = CARTESIAN_POINT('',(6.,80.083281942501,4.4));
#12475 = CARTESIAN_POINT('',(6.,80.039871272878,4.4));
#12476 = CARTESIAN_POINT('',(5.999999999998,79.31648351646,
    4.399999999998));
#12477 = CARTESIAN_POINT('',(6.000000000008,78.633277338065,
    4.578966503102));
#12478 = CARTESIAN_POINT('',(5.999999999977,77.979403858048,
    4.93708562529));
#12479 = CARTESIAN_POINT('',(6.000000000045,77.407402372667,
    5.445780630124));
#12480 = CARTESIAN_POINT('',(5.999999999933,76.825544792521,
    6.017707467359));
#12481 = CARTESIAN_POINT('',(6.000000000079,76.25599787513,
    6.809303427043));
#12482 = CARTESIAN_POINT('',(5.999999999925,75.712067543,7.649487214041)
  );
#12483 = CARTESIAN_POINT('',(6.000000000057,75.148929677033,
    8.689163249774));
#12484 = CARTESIAN_POINT('',(5.999999999965,74.607214641096,
    9.828015879755));
#12485 = CARTESIAN_POINT('',(6.000000000016,74.05819717962,
    11.121118891635));
#12486 = CARTESIAN_POINT('',(5.999999999994,73.514259595147,
    12.547129118484));
#12487 = CARTESIAN_POINT('',(6.000000000001,72.970749369348,
    14.113062602565));
#12488 = CARTESIAN_POINT('',(6.,72.40971646801,15.87630886386));
#12489 = CARTESIAN_POINT('',(6.,72.391188404029,15.934539922086));
#12490 = CARTESIAN_POINT('',(6.,72.372660340047,15.992770980312));
#12491 = CARTESIAN_POINT('',(6.,72.354132276066,16.051002038539));
#12492 = CARTESIAN_POINT('',(6.,72.335604212084,16.109233096765));
#12493 = CARTESIAN_POINT('',(6.,72.317076148102,16.167464154991));
#12494 = CARTESIAN_POINT('',(6.,72.298548084121,16.225695213217));
#12495 = CARTESIAN_POINT('',(6.,72.280020020139,16.283926271443));
#12496 = CARTESIAN_POINT('',(6.,72.261491956157,16.34215732967));
#12497 = CARTESIAN_POINT('',(6.,72.242963892176,16.400388387896));
#12498 = CARTESIAN_POINT('',(6.,72.224435828194,16.458619446122));
#12499 = CARTESIAN_POINT('',(5.999999999999,72.205907764213,
    16.516850504348));
#12500 = CARTESIAN_POINT('',(5.999999999999,72.187379700231,
    16.575081562574));
#12501 = PCURVE('',#10787,#12502);
#12502 = DEFINITIONAL_REPRESENTATION('',(#12503),#12518);
#12503 = B_SPLINE_CURVE_WITH_KNOTS('',13,(#12504,#12505,#12506,#12507,
    #12508,#12509,#12510,#12511,#12512,#12513,#12514,#12515,#12516,
    #12517),.UNSPECIFIED.,.F.,.F.,(14,14),(3.714808400532E-14,
    13.61845532117),.PIECEWISE_BEZIER_KNOTS.);
#12504 = CARTESIAN_POINT('',(-3.7127727871,-4.810076832682));
#12505 = CARTESIAN_POINT('',(-3.7127727871,-4.126560349165));
#12506 = CARTESIAN_POINT('',(-3.53380628401,-3.443354170643));
#12507 = CARTESIAN_POINT('',(-3.175687161778,-2.789480691012));
#12508 = CARTESIAN_POINT('',(-2.666992157039,-2.217479204795));
#12509 = CARTESIAN_POINT('',(-2.095065319647,-1.635621626036));
#12510 = CARTESIAN_POINT('',(-1.303469360169,-1.066074706829));
#12511 = CARTESIAN_POINT('',(-0.463285572953,-0.522144376609));
#12512 = CARTESIAN_POINT('',(0.576390462593,4.099349098495E-02));
#12513 = CARTESIAN_POINT('',(1.715243092704,0.582708525798));
#12514 = CARTESIAN_POINT('',(3.008346104511,1.131725987899));
#12515 = CARTESIAN_POINT('',(4.434356331392,1.6756635721));
#12516 = CARTESIAN_POINT('',(6.000289815463,2.219173797985));
#12517 = CARTESIAN_POINT('',(7.705305018533,2.761678635326));
#12518 = ( GEOMETRIC_REPRESENTATION_CONTEXT(2) 
PARAMETRIC_REPRESENTATION_CONTEXT() REPRESENTATION_CONTEXT('2D SPACE',''
  ) );
#12519 = PCURVE('',#10861,#12520);
#12520 = DEFINITIONAL_REPRESENTATION('',(#12521),#12525);
#12521 = LINE('',#12522,#12523);
#12522 = CARTESIAN_POINT('',(13.61845532117,0.));
#12523 = VECTOR('',#12524,1.);
#12524 = DIRECTION('',(0.,1.));
#12525 = ( GEOMETRIC_REPRESENTATION_CONTEXT(2) 
PARAMETRIC_REPRESENTATION_CONTEXT() REPRESENTATION_CONTEXT('2D SPACE',''
  ) );
#12526 = ORIENTED_EDGE('',*,*,#10771,.T.);
#12527 = ORIENTED_EDGE('',*,*,#12236,.T.);
#12528 = ADVANCED_FACE('',(#12529),#10861,.T.);
#12529 = FACE_BOUND('',#12530,.T.);
#12530 = EDGE_LOOP('',(#12531,#12532,#12640,#12641));
#12531 = ORIENTED_EDGE('',*,*,#11450,.F.);
#12532 = ORIENTED_EDGE('',*,*,#12533,.F.);
#12533 = EDGE_CURVE('',#12261,#11229,#12534,.T.);
#12534 = SURFACE_CURVE('',#12535,(#12568,#12604),.PCURVE_S1.);
#12535 = B_SPLINE_CURVE_WITH_KNOTS('',6,(#12536,#12537,#12538,#12539,
    #12540,#12541,#12542,#12543,#12544,#12545,#12546,#12547,#12548,
    #12549,#12550,#12551,#12552,#12553,#12554,#12555,#12556,#12557,
    #12558,#12559,#12560,#12561,#12562,#12563,#12564,#12565,#12566,
    #12567),.UNSPECIFIED.,.F.,.F.,(7,5,5,5,5,5,7),(0.,0.136329932215,
    0.272949135857,0.493194530302,0.807848683098,0.915269519477,1.),
  .UNSPECIFIED.);
#12536 = CARTESIAN_POINT('',(6.,79.33164452726,4.479228316426));
#12537 = CARTESIAN_POINT('',(6.,79.344300455542,4.496124206734));
#12538 = CARTESIAN_POINT('',(6.000750022758,79.357297047282,
    4.513283641359));
#12539 = CARTESIAN_POINT('',(6.002294669404,79.370626499169,
    4.530666021024));
#12540 = CARTESIAN_POINT('',(6.004674990625,79.384277810765,
    4.548223254348));
#12541 = CARTESIAN_POINT('',(6.007926002277,79.398236737849,
    4.565900603544));
#12542 = CARTESIAN_POINT('',(6.01623120155,79.426764987896,
    4.601412091762));
#12543 = CARTESIAN_POINT('',(6.021289185265,79.441335554561,
    4.619246502388));
#12544 = CARTESIAN_POINT('',(6.027274917532,79.456179856997,
    4.63708003312));
#12545 = CARTESIAN_POINT('',(6.034206352938,79.471277017415,
    4.65484619549));
#12546 = CARTESIAN_POINT('',(6.042090836395,79.486603313992,
    4.672475095582));
#12547 = CARTESIAN_POINT('',(6.065162227665,79.527167608684,
    4.71797988768));
#12548 = CARTESIAN_POINT('',(6.081865005792,79.552730357262,
    4.745523043169));
#12549 = CARTESIAN_POINT('',(6.101010848392,79.578711478615,
    4.772228430797));
#12550 = CARTESIAN_POINT('',(6.122497696783,79.604986391884,
    4.797793320796));
#12551 = CARTESIAN_POINT('',(6.146132314459,79.631424042254,
    4.821945198928));
#12552 = CARTESIAN_POINT('',(6.208131544775,79.695719271411,
    4.876644750662));
#12553 = CARTESIAN_POINT('',(6.248466962332,79.73361420718,4.90549626548
    ));
#12554 = CARTESIAN_POINT('',(6.291929943602,79.771213876791,
    4.930390976239));
#12555 = CARTESIAN_POINT('',(6.337514955798,79.808166846556,
    4.950930539885));
#12556 = CARTESIAN_POINT('',(6.384179233923,79.844198726097,
    4.967065828692));
#12557 = CARTESIAN_POINT('',(6.447025598274,79.891028637849,
    4.983023031927));
#12558 = CARTESIAN_POINT('',(6.463042244343,79.902816533196,
    4.98659006468));
#12559 = CARTESIAN_POINT('',(6.479044769505,79.914465866879,
    4.989669859858));
#12560 = CARTESIAN_POINT('',(6.494999594045,79.925969686944,
    4.992271851208));
#12561 = CARTESIAN_POINT('',(6.51087551607,79.937322028656,
    4.994407964293));
#12562 = CARTESIAN_POINT('',(6.539081212662,79.957348908727,
    4.997421421932));
#12563 = CARTESIAN_POINT('',(6.551451740974,79.966082558069,
    4.998469282196));
#12564 = CARTESIAN_POINT('',(6.563741272602,79.974716407034,
    4.99924311685));
#12565 = CARTESIAN_POINT('',(6.575936838489,79.983248371501,
    4.999750601976));
#12566 = CARTESIAN_POINT('',(6.588026638028,79.991676705453,
    5.000000000001));
#12567 = CARTESIAN_POINT('',(6.599999999082,80.,5.));
#12568 = PCURVE('',#10861,#12569);
#12569 = DEFINITIONAL_REPRESENTATION('',(#12570),#12603);
#12570 = B_SPLINE_CURVE_WITH_KNOTS('',6,(#12571,#12572,#12573,#12574,
    #12575,#12576,#12577,#12578,#12579,#12580,#12581,#12582,#12583,
    #12584,#12585,#12586,#12587,#12588,#12589,#12590,#12591,#12592,
    #12593,#12594,#12595,#12596,#12597,#12598,#12599,#12600,#12601,
    #12602),.UNSPECIFIED.,.F.,.F.,(7,5,5,5,5,5,7),(0.,0.136329932215,
    0.272949135857,0.493194530302,0.807848683098,0.915269519477,1.),
  .UNSPECIFIED.);
#12571 = CARTESIAN_POINT('',(13.61845532117,1.030264165963));
#12572 = CARTESIAN_POINT('',(13.307653551438,1.01751887602));
#12573 = CARTESIAN_POINT('',(12.996908393901,1.004163099426));
#12574 = CARTESIAN_POINT('',(12.686225430166,0.990169302451));
#12575 = CARTESIAN_POINT('',(12.375610591809,0.975510676748));
#12576 = CARTESIAN_POINT('',(12.065070096072,0.960162823737));
#12577 = CARTESIAN_POINT('',(11.443491918662,0.928013982959));
#12578 = CARTESIAN_POINT('',(11.132454312385,0.911209975819));
#12579 = CARTESIAN_POINT('',(10.821504294293,0.893673075704));
#12580 = CARTESIAN_POINT('',(10.510647911834,0.875387130449));
#12581 = CARTESIAN_POINT('',(10.199890489323,0.856342462169));
#12582 = CARTESIAN_POINT('',(9.388427851917,0.804611394579));
#12583 = CARTESIAN_POINT('',(8.887885395345,0.770710187821));
#12584 = CARTESIAN_POINT('',(8.387631858672,0.734831187423));
#12585 = CARTESIAN_POINT('',(7.887672023964,0.697028124118));
#12586 = CARTESIAN_POINT('',(7.387992444141,0.657441050168));
#12587 = CARTESIAN_POINT('',(6.175060445334,0.557501673012));
#12588 = CARTESIAN_POINT('',(5.462072990299,0.495522794595));
#12589 = CARTESIAN_POINT('',(4.749506064924,0.430991482976));
#12590 = CARTESIAN_POINT('',(4.037176379697,0.364892138195));
#12591 = CARTESIAN_POINT('',(3.324865428254,0.298429573502));
#12592 = CARTESIAN_POINT('',(2.369130910089,0.210203709055));
#12593 = CARTESIAN_POINT('',(2.125869464815,0.187830098579));
#12594 = CARTESIAN_POINT('',(1.882579531486,0.165579789616));
#12595 = CARTESIAN_POINT('',(1.639254164782,0.143492897593));
#12596 = CARTESIAN_POINT('',(1.39588718244,0.121606799037));
#12597 = CARTESIAN_POINT('',(0.960475156882,8.287870490985E-02));
#12598 = CARTESIAN_POINT('',(0.768447905821,6.594771648339E-02));
#12599 = CARTESIAN_POINT('',(0.576388842586,4.917946844945E-02));
#12600 = CARTESIAN_POINT('',(0.384295628621,3.259047932902E-02));
#12601 = CARTESIAN_POINT('',(0.192166554259,1.619270712798E-02));
#12602 = CARTESIAN_POINT('',(3.51879761578E-11,7.848706526315E-08));
#12603 = ( GEOMETRIC_REPRESENTATION_CONTEXT(2) 
PARAMETRIC_REPRESENTATION_CONTEXT() REPRESENTATION_CONTEXT('2D SPACE',''
  ) );
#12604 = PCURVE('',#11244,#12605);
#12605 = DEFINITIONAL_REPRESENTATION('',(#12606),#12639);
#12606 = B_SPLINE_CURVE_WITH_KNOTS('',6,(#12607,#12608,#12609,#12610,
    #12611,#12612,#12613,#12614,#12615,#12616,#12617,#12618,#12619,
    #12620,#12621,#12622,#12623,#12624,#12625,#12626,#12627,#12628,
    #12629,#12630,#12631,#12632,#12633,#12634,#12635,#12636,#12637,
    #12638),.UNSPECIFIED.,.F.,.F.,(7,5,5,5,5,5,7),(0.,0.136329932215,
    0.272949135857,0.493194530302,0.807848683098,0.915269519477,1.),
  .UNSPECIFIED.);
#12607 = CARTESIAN_POINT('',(0.66582226363,-15.));
#12608 = CARTESIAN_POINT('',(0.672150227771,-15.));
#12609 = CARTESIAN_POINT('',(0.678648523641,-15.00075002275));
#12610 = CARTESIAN_POINT('',(0.685313249585,-15.0022946694));
#12611 = CARTESIAN_POINT('',(0.692138905383,-15.00467499062));
#12612 = CARTESIAN_POINT('',(0.699118368925,-15.00792600227));
#12613 = CARTESIAN_POINT('',(0.713382493948,-15.01623120155));
#12614 = CARTESIAN_POINT('',(0.72066777728,-15.02128918526));
#12615 = CARTESIAN_POINT('',(0.728089928498,-15.02727491753));
#12616 = CARTESIAN_POINT('',(0.735638508708,-15.03420635293));
#12617 = CARTESIAN_POINT('',(0.743301656996,-15.04209083639));
#12618 = CARTESIAN_POINT('',(0.763583804342,-15.06516222766));
#12619 = CARTESIAN_POINT('',(0.776365178631,-15.08186500579));
#12620 = CARTESIAN_POINT('',(0.789355739307,-15.10101084839));
#12621 = CARTESIAN_POINT('',(0.802493195942,-15.12249769678));
#12622 = CARTESIAN_POINT('',(0.815712021127,-15.14613231445));
#12623 = CARTESIAN_POINT('',(0.847859635706,-15.20813154477));
#12624 = CARTESIAN_POINT('',(0.86680710359,-15.24846696233));
#12625 = CARTESIAN_POINT('',(0.885606938395,-15.2919299436));
#12626 = CARTESIAN_POINT('',(0.904083423278,-15.33751495579));
#12627 = CARTESIAN_POINT('',(0.922099363049,-15.38417923392));
#12628 = CARTESIAN_POINT('',(0.945514318925,-15.44702559827));
#12629 = CARTESIAN_POINT('',(0.951408266598,-15.46304224434));
#12630 = CARTESIAN_POINT('',(0.957232933439,-15.4790447695));
#12631 = CARTESIAN_POINT('',(0.962984843472,-15.49499959404));
#12632 = CARTESIAN_POINT('',(0.968661014328,-15.51087551607));
#12633 = CARTESIAN_POINT('',(0.978674454363,-15.53908121266));
#12634 = CARTESIAN_POINT('',(0.983041279035,-15.55145174097));
#12635 = CARTESIAN_POINT('',(0.987358203517,-15.5637412726));
#12636 = CARTESIAN_POINT('',(0.99162418575,-15.57593683848));
#12637 = CARTESIAN_POINT('',(0.995838352726,-15.58802663802));
#12638 = CARTESIAN_POINT('',(1.,-15.59999999908));
#12639 = ( GEOMETRIC_REPRESENTATION_CONTEXT(2) 
PARAMETRIC_REPRESENTATION_CONTEXT() REPRESENTATION_CONTEXT('2D SPACE',''
  ) );
#12640 = ORIENTED_EDGE('',*,*,#12460,.T.);
#12641 = ORIENTED_EDGE('',*,*,#10799,.F.);
#12642 = ADVANCED_FACE('',(#12643),#11193,.T.);
#12643 = FACE_BOUND('',#12644,.T.);
#12644 = EDGE_LOOP('',(#12645,#12646,#12647,#12648));
#12645 = ORIENTED_EDGE('',*,*,#11175,.T.);
#12646 = ORIENTED_EDGE('',*,*,#11522,.F.);
#12647 = ORIENTED_EDGE('',*,*,#11386,.F.);
#12648 = ORIENTED_EDGE('',*,*,#11337,.T.);
#12649 = ADVANCED_FACE('',(#12650),#11244,.T.);
#12650 = FACE_BOUND('',#12651,.T.);
#12651 = EDGE_LOOP('',(#12652,#12653,#12654,#12655,#12656,#12657));
#12652 = ORIENTED_EDGE('',*,*,#11912,.T.);
#12653 = ORIENTED_EDGE('',*,*,#12138,.T.);
#12654 = ORIENTED_EDGE('',*,*,#12260,.F.);
#12655 = ORIENTED_EDGE('',*,*,#12533,.T.);
#12656 = ORIENTED_EDGE('',*,*,#11228,.F.);
#12657 = ORIENTED_EDGE('',*,*,#11746,.F.);
#12658 = ADVANCED_FACE('',(#12659),#11322,.F.);
#12659 = FACE_BOUND('',#12660,.F.);
#12660 = EDGE_LOOP('',(#12661,#12662,#12683,#12684));
#12661 = ORIENTED_EDGE('',*,*,#11305,.F.);
#12662 = ORIENTED_EDGE('',*,*,#12663,.F.);
#12663 = EDGE_CURVE('',#11696,#11306,#12664,.T.);
#12664 = SEAM_CURVE('',#12665,(#12669,#12676),.PCURVE_S1.);
#12665 = LINE('',#12666,#12667);
#12666 = CARTESIAN_POINT('',(1.9,85.,3.4));
#12667 = VECTOR('',#12668,1.);
#12668 = DIRECTION('',(0.707106781187,-1.731912112471E-16,0.707106781187
    ));
#12669 = PCURVE('',#11322,#12670);
#12670 = DEFINITIONAL_REPRESENTATION('',(#12671),#12675);
#12671 = LINE('',#12672,#12673);
#12672 = CARTESIAN_POINT('',(6.28318530718,-0.));
#12673 = VECTOR('',#12674,1.);
#12674 = DIRECTION('',(0.,1.));
#12675 = ( GEOMETRIC_REPRESENTATION_CONTEXT(2) 
PARAMETRIC_REPRESENTATION_CONTEXT() REPRESENTATION_CONTEXT('2D SPACE',''
  ) );
#12676 = PCURVE('',#11322,#12677);
#12677 = DEFINITIONAL_REPRESENTATION('',(#12678),#12682);
#12678 = LINE('',#12679,#12680);
#12679 = CARTESIAN_POINT('',(0.,-0.));
#12680 = VECTOR('',#12681,1.);
#12681 = DIRECTION('',(0.,1.));
#12682 = ( GEOMETRIC_REPRESENTATION_CONTEXT(2) 
PARAMETRIC_REPRESENTATION_CONTEXT() REPRESENTATION_CONTEXT('2D SPACE',''
  ) );
#12683 = ORIENTED_EDGE('',*,*,#11695,.T.);
#12684 = ORIENTED_EDGE('',*,*,#12663,.T.);
#12685 = ADVANCED_FACE('',(#12686),#11613,.F.);
#12686 = FACE_BOUND('',#12687,.F.);
#12687 = EDGE_LOOP('',(#12688));
#12688 = ORIENTED_EDGE('',*,*,#11598,.T.);
#12689 = ADVANCED_FACE('',(#12690),#10736,.F.);
#12690 = FACE_BOUND('',#12691,.F.);
#12691 = EDGE_LOOP('',(#12692,#12693,#12716,#12737));
#12692 = ORIENTED_EDGE('',*,*,#10720,.F.);
#12693 = ORIENTED_EDGE('',*,*,#12694,.T.);
#12694 = EDGE_CURVE('',#10693,#12695,#12697,.T.);
#12695 = VERTEX_POINT('',#12696);
#12696 = CARTESIAN_POINT('',(4.5,74.,2.));
#12697 = SURFACE_CURVE('',#12698,(#12702,#12709),.PCURVE_S1.);
#12698 = LINE('',#12699,#12700);
#12699 = CARTESIAN_POINT('',(4.5,73.,2.));
#12700 = VECTOR('',#12701,1.);
#12701 = DIRECTION('',(0.,1.,0.));
#12702 = PCURVE('',#10736,#12703);
#12703 = DEFINITIONAL_REPRESENTATION('',(#12704),#12708);
#12704 = LINE('',#12705,#12706);
#12705 = CARTESIAN_POINT('',(0.,0.));
#12706 = VECTOR('',#12707,1.);
#12707 = DIRECTION('',(0.,-1.));
#12708 = ( GEOMETRIC_REPRESENTATION_CONTEXT(2) 
PARAMETRIC_REPRESENTATION_CONTEXT() REPRESENTATION_CONTEXT('2D SPACE',''
  ) );
#12709 = PCURVE('',#10708,#12710);
#12710 = DEFINITIONAL_REPRESENTATION('',(#12711),#12715);
#12711 = LINE('',#12712,#12713);
#12712 = CARTESIAN_POINT('',(9.,0.));
#12713 = VECTOR('',#12714,1.);
#12714 = DIRECTION('',(0.,1.));
#12715 = ( GEOMETRIC_REPRESENTATION_CONTEXT(2) 
PARAMETRIC_REPRESENTATION_CONTEXT() REPRESENTATION_CONTEXT('2D SPACE',''
  ) );
#12716 = ORIENTED_EDGE('',*,*,#12717,.T.);
#12717 = EDGE_CURVE('',#12695,#12187,#12718,.T.);
#12718 = SURFACE_CURVE('',#12719,(#12723,#12730),.PCURVE_S1.);
#12719 = LINE('',#12720,#12721);
#12720 = CARTESIAN_POINT('',(4.5,74.,2.));
#12721 = VECTOR('',#12722,1.);
#12722 = DIRECTION('',(0.,0.,1.));
#12723 = PCURVE('',#10736,#12724);
#12724 = DEFINITIONAL_REPRESENTATION('',(#12725),#12729);
#12725 = LINE('',#12726,#12727);
#12726 = CARTESIAN_POINT('',(0.,-1.));
#12727 = VECTOR('',#12728,1.);
#12728 = DIRECTION('',(1.,0.));
#12729 = ( GEOMETRIC_REPRESENTATION_CONTEXT(2) 
PARAMETRIC_REPRESENTATION_CONTEXT() REPRESENTATION_CONTEXT('2D SPACE',''
  ) );
#12730 = PCURVE('',#12202,#12731);
#12731 = DEFINITIONAL_REPRESENTATION('',(#12732),#12736);
#12732 = LINE('',#12733,#12734);
#12733 = CARTESIAN_POINT('',(0.,9.));
#12734 = VECTOR('',#12735,1.);
#12735 = DIRECTION('',(1.,0.));
#12736 = ( GEOMETRIC_REPRESENTATION_CONTEXT(2) 
PARAMETRIC_REPRESENTATION_CONTEXT() REPRESENTATION_CONTEXT('2D SPACE',''
  ) );
#12737 = ORIENTED_EDGE('',*,*,#12214,.F.);
#12738 = ADVANCED_FACE('',(#12739),#12202,.F.);
#12739 = FACE_BOUND('',#12740,.F.);
#12740 = EDGE_LOOP('',(#12741,#12764,#12785,#12786));
#12741 = ORIENTED_EDGE('',*,*,#12742,.F.);
#12742 = EDGE_CURVE('',#12743,#12695,#12745,.T.);
#12743 = VERTEX_POINT('',#12744);
#12744 = CARTESIAN_POINT('',(-4.5,74.,2.));
#12745 = SURFACE_CURVE('',#12746,(#12750,#12757),.PCURVE_S1.);
#12746 = LINE('',#12747,#12748);
#12747 = CARTESIAN_POINT('',(-4.5,74.,2.));
#12748 = VECTOR('',#12749,1.);
#12749 = DIRECTION('',(1.,0.,0.));
#12750 = PCURVE('',#12202,#12751);
#12751 = DEFINITIONAL_REPRESENTATION('',(#12752),#12756);
#12752 = LINE('',#12753,#12754);
#12753 = CARTESIAN_POINT('',(0.,0.));
#12754 = VECTOR('',#12755,1.);
#12755 = DIRECTION('',(0.,1.));
#12756 = ( GEOMETRIC_REPRESENTATION_CONTEXT(2) 
PARAMETRIC_REPRESENTATION_CONTEXT() REPRESENTATION_CONTEXT('2D SPACE',''
  ) );
#12757 = PCURVE('',#10708,#12758);
#12758 = DEFINITIONAL_REPRESENTATION('',(#12759),#12763);
#12759 = LINE('',#12760,#12761);
#12760 = CARTESIAN_POINT('',(0.,1.));
#12761 = VECTOR('',#12762,1.);
#12762 = DIRECTION('',(1.,0.));
#12763 = ( GEOMETRIC_REPRESENTATION_CONTEXT(2) 
PARAMETRIC_REPRESENTATION_CONTEXT() REPRESENTATION_CONTEXT('2D SPACE',''
  ) );
#12764 = ORIENTED_EDGE('',*,*,#12765,.T.);
#12765 = EDGE_CURVE('',#12743,#12164,#12766,.T.);
#12766 = SURFACE_CURVE('',#12767,(#12771,#12778),.PCURVE_S1.);
#12767 = LINE('',#12768,#12769);
#12768 = CARTESIAN_POINT('',(-4.5,74.,2.));
#12769 = VECTOR('',#12770,1.);
#12770 = DIRECTION('',(0.,0.,1.));
#12771 = PCURVE('',#12202,#12772);
#12772 = DEFINITIONAL_REPRESENTATION('',(#12773),#12777);
#12773 = LINE('',#12774,#12775);
#12774 = CARTESIAN_POINT('',(0.,0.));
#12775 = VECTOR('',#12776,1.);
#12776 = DIRECTION('',(1.,0.));
#12777 = ( GEOMETRIC_REPRESENTATION_CONTEXT(2) 
PARAMETRIC_REPRESENTATION_CONTEXT() REPRESENTATION_CONTEXT('2D SPACE',''
  ) );
#12778 = PCURVE('',#10680,#12779);
#12779 = DEFINITIONAL_REPRESENTATION('',(#12780),#12784);
#12780 = LINE('',#12781,#12782);
#12781 = CARTESIAN_POINT('',(0.,-1.));
#12782 = VECTOR('',#12783,1.);
#12783 = DIRECTION('',(1.,0.));
#12784 = ( GEOMETRIC_REPRESENTATION_CONTEXT(2) 
PARAMETRIC_REPRESENTATION_CONTEXT() REPRESENTATION_CONTEXT('2D SPACE',''
  ) );
#12785 = ORIENTED_EDGE('',*,*,#12186,.T.);
#12786 = ORIENTED_EDGE('',*,*,#12717,.F.);
#12787 = ADVANCED_FACE('',(#12788),#10680,.T.);
#12788 = FACE_BOUND('',#12789,.T.);
#12789 = EDGE_LOOP('',(#12790,#12791,#12812,#12813));
#12790 = ORIENTED_EDGE('',*,*,#10664,.F.);
#12791 = ORIENTED_EDGE('',*,*,#12792,.T.);
#12792 = EDGE_CURVE('',#10665,#12743,#12793,.T.);
#12793 = SURFACE_CURVE('',#12794,(#12798,#12805),.PCURVE_S1.);
#12794 = LINE('',#12795,#12796);
#12795 = CARTESIAN_POINT('',(-4.5,73.,2.));
#12796 = VECTOR('',#12797,1.);
#12797 = DIRECTION('',(0.,1.,0.));
#12798 = PCURVE('',#10680,#12799);
#12799 = DEFINITIONAL_REPRESENTATION('',(#12800),#12804);
#12800 = LINE('',#12801,#12802);
#12801 = CARTESIAN_POINT('',(0.,0.));
#12802 = VECTOR('',#12803,1.);
#12803 = DIRECTION('',(0.,-1.));
#12804 = ( GEOMETRIC_REPRESENTATION_CONTEXT(2) 
PARAMETRIC_REPRESENTATION_CONTEXT() REPRESENTATION_CONTEXT('2D SPACE',''
  ) );
#12805 = PCURVE('',#10708,#12806);
#12806 = DEFINITIONAL_REPRESENTATION('',(#12807),#12811);
#12807 = LINE('',#12808,#12809);
#12808 = CARTESIAN_POINT('',(0.,0.));
#12809 = VECTOR('',#12810,1.);
#12810 = DIRECTION('',(0.,1.));
#12811 = ( GEOMETRIC_REPRESENTATION_CONTEXT(2) 
PARAMETRIC_REPRESENTATION_CONTEXT() REPRESENTATION_CONTEXT('2D SPACE',''
  ) );
#12812 = ORIENTED_EDGE('',*,*,#12765,.T.);
#12813 = ORIENTED_EDGE('',*,*,#12163,.F.);
#12814 = ADVANCED_FACE('',(#12815),#10708,.T.);
#12815 = FACE_BOUND('',#12816,.T.);
#12816 = EDGE_LOOP('',(#12817,#12818,#12819,#12820));
#12817 = ORIENTED_EDGE('',*,*,#12792,.F.);
#12818 = ORIENTED_EDGE('',*,*,#10692,.T.);
#12819 = ORIENTED_EDGE('',*,*,#12694,.T.);
#12820 = ORIENTED_EDGE('',*,*,#12742,.F.);
#12821 = ( GEOMETRIC_REPRESENTATION_CONTEXT(3) 
GLOBAL_UNCERTAINTY_ASSIGNED_CONTEXT((#12825)) 
GLOBAL_UNIT_ASSIGNED_CONTEXT((#12822,#12823,#12824)) 
REPRESENTATION_CONTEXT('Context #1',
  '3D Context with UNIT and UNCERTAINTY') );
#12822 = ( LENGTH_UNIT() NAMED_UNIT(*) SI_UNIT(.MILLI.,.METRE.) );
#12823 = ( NAMED_UNIT(*) PLANE_ANGLE_UNIT() SI_UNIT($,.RADIAN.) );
#12824 = ( NAMED_UNIT(*) SI_UNIT($,.STERADIAN.) SOLID_ANGLE_UNIT() );
#12825 = UNCERTAINTY_MEASURE_WITH_UNIT(LENGTH_MEASURE(2.E-06),#12822,
  'distance_accuracy_value','confusion accuracy');
#12826 = PRODUCT_RELATED_PRODUCT_CATEGORY('part',$,(#7));
ENDSEC;
END-ISO-10303-21;
