ISO-10303-21;
HEADER;
FILE_DESCRIPTION(('Open CASCADE Model'),'2;1');
FILE_NAME('Open CASCADE Shape Model','2026-10-06T18:26:52',('Author'),(
    'Open CASCADE'),'Open CASCADE STEP processor 7.9','Open CASCADE 7.9'
  ,'Unknown');
FILE_SCHEMA(('AUTOMOTIVE_DESIGN { 1 0 10303 214 1 1 1 1 }'));
ENDSEC;
DATA;
#1 = APPLICATION_PROTOCOL_DEFINITION('international standard',
  'automotive_design',2000,#2);
#2 = APPLICATION_CONTEXT(
  'core data for automotive mechanical design processes');
#3 = SHAPE_DEFINITION_REPRESENTATION(#4,#10);
#4 = PRODUCT_DEFINITION_SHAPE('','',#5);
#5 = PRODUCT_DEFINITION('design','',#6,#9);
#6 = PRODUCT_DEFINITION_FORMATION('','',#7);
#7 = PRODUCT('Open CASCADE STEP translator 7.9 1',
  'Open CASCADE STEP translator 7.9 1','',(#8));
#8 = PRODUCT_CONTEXT('',#2,'mechanical');
#9 = PRODUCT_DEFINITION_CONTEXT('part definition',#2,'design');
#10 = ADVANCED_BREP_SHAPE_REPRESENTATION('',(#11,#15),#12044);
#11 = AXIS2_PLACEMENT_3D('',#12,#13,#14);
#12 = CARTESIAN_POINT('',(0.,0.,0.));
#13 = DIRECTION('',(0.,0.,1.));
#14 = DIRECTION('',(1.,0.,-0.));
#15 = MANIFOLD_SOLID_BREP('',#16);
#16 = CLOSED_SHELL('',(#17,#725,#813,#899,#982,#1065,#1147,#1235,#1317,
    #1393,#1469,#1552,#1628,#1707,#1755,#1782,#2275,#2603,#2695,#2801,
    #2882,#2969,#3057,#3286,#3336,#3415,#3492,#3563,#3591,#3642,#3690,
    #3717,#3744,#3772,#3779,#3832,#3839,#4533,#4588,#4638,#4715,#4808,
    #4885,#4968,#5045,#5128,#5210,#5288,#5364,#5437,#5499,#5549,#5576,
    #5603,#5630,#5657,#5665,#5692,#5700,#5990,#6195,#6222,#6248,#6275,
    #6602,#6678,#7371,#7536,#7589,#7672,#7698,#7775,#7976,#8062,#8138,
    #8216,#8292,#8370,#8446,#8532,#8603,#8697,#8753,#8803,#8831,#8858,
    #8908,#8939,#9077,#9130,#9213,#9274,#9408,#9716,#9904,#9911,#9938,
    #9965,#9972,#10177,#10333,#10360,#10386,#10413,#10522,#10571,#10704,
    #10711,#10852,#10883,#11051,#11198,#11202,#11230,#11237,#11265,
    #11293,#11325,#11353,#11381,#11414,#11421,#11428,#11454,#11511,
    #11683,#11690,#11697,#11830,#12035));
#17 = ADVANCED_FACE('',(#18),#32,.T.);
#18 = FACE_BOUND('',#19,.T.);
#19 = EDGE_LOOP('',(#20,#55,#83,#111,#139,#167,#195,#223,#251,#279,#307,
    #335,#495,#523,#677));
#20 = ORIENTED_EDGE('',*,*,#21,.T.);
#21 = EDGE_CURVE('',#22,#24,#26,.T.);
#22 = VERTEX_POINT('',#23);
#23 = CARTESIAN_POINT('',(9.,66.67349639952,2.5));
#24 = VERTEX_POINT('',#25);
#25 = CARTESIAN_POINT('',(9.,4.,2.5));
#26 = SURFACE_CURVE('',#27,(#31,#43),.PCURVE_S1.);
#27 = LINE('',#28,#29);
#28 = CARTESIAN_POINT('',(9.,66.846573322597,2.5));
#29 = VECTOR('',#30,1.);
#30 = DIRECTION('',(0.,-1.,0.));
#31 = PCURVE('',#32,#37);
#32 = PLANE('',#33);
#33 = AXIS2_PLACEMENT_3D('',#34,#35,#36);
#34 = CARTESIAN_POINT('',(9.,0.,0.));
#35 = DIRECTION('',(1.,0.,0.));
#36 = DIRECTION('',(0.,0.,1.));
#37 = DEFINITIONAL_REPRESENTATION('',(#38),#42);
#38 = LINE('',#39,#40);
#39 = CARTESIAN_POINT('',(2.5,-66.84657332259));
#40 = VECTOR('',#41,1.);
#41 = DIRECTION('',(0.,1.));
#42 = ( GEOMETRIC_REPRESENTATION_CONTEXT(2) 
PARAMETRIC_REPRESENTATION_CONTEXT() REPRESENTATION_CONTEXT('2D SPACE',''
  ) );
#43 = PCURVE('',#44,#49);
#44 = CYLINDRICAL_SURFACE('',#45,0.5);
#45 = AXIS2_PLACEMENT_3D('',#46,#47,#48);
#46 = CARTESIAN_POINT('',(8.5,66.846573322597,2.5));
#47 = DIRECTION('',(0.,-1.,0.));
#48 = DIRECTION('',(1.,0.,0.));
#49 = DEFINITIONAL_REPRESENTATION('',(#50),#54);
#50 = LINE('',#51,#52);
#51 = CARTESIAN_POINT('',(0.,0.));
#52 = VECTOR('',#53,1.);
#53 = DIRECTION('',(0.,1.));
#54 = ( GEOMETRIC_REPRESENTATION_CONTEXT(2) 
PARAMETRIC_REPRESENTATION_CONTEXT() REPRESENTATION_CONTEXT('2D SPACE',''
  ) );
#55 = ORIENTED_EDGE('',*,*,#56,.F.);
#56 = EDGE_CURVE('',#57,#24,#59,.T.);
#57 = VERTEX_POINT('',#58);
#58 = CARTESIAN_POINT('',(9.,4.,0.2));
#59 = SURFACE_CURVE('',#60,(#64,#71),.PCURVE_S1.);
#60 = LINE('',#61,#62);
#61 = CARTESIAN_POINT('',(9.,4.,0.));
#62 = VECTOR('',#63,1.);
#63 = DIRECTION('',(0.,0.,1.));
#64 = PCURVE('',#32,#65);
#65 = DEFINITIONAL_REPRESENTATION('',(#66),#70);
#66 = LINE('',#67,#68);
#67 = CARTESIAN_POINT('',(0.,-4.));
#68 = VECTOR('',#69,1.);
#69 = DIRECTION('',(1.,0.));
#70 = ( GEOMETRIC_REPRESENTATION_CONTEXT(2) 
PARAMETRIC_REPRESENTATION_CONTEXT() REPRESENTATION_CONTEXT('2D SPACE',''
  ) );
#71 = PCURVE('',#72,#77);
#72 = CYLINDRICAL_SURFACE('',#73,4.);
#73 = AXIS2_PLACEMENT_3D('',#74,#75,#76);
#74 = CARTESIAN_POINT('',(5.,4.,0.));
#75 = DIRECTION('',(0.,0.,1.));
#76 = DIRECTION('',(1.,0.,-0.));
#77 = DEFINITIONAL_REPRESENTATION('',(#78),#82);
#78 = LINE('',#79,#80);
#79 = CARTESIAN_POINT('',(-0.,0.));
#80 = VECTOR('',#81,1.);
#81 = DIRECTION('',(-0.,1.));
#82 = ( GEOMETRIC_REPRESENTATION_CONTEXT(2) 
PARAMETRIC_REPRESENTATION_CONTEXT() REPRESENTATION_CONTEXT('2D SPACE',''
  ) );
#83 = ORIENTED_EDGE('',*,*,#84,.F.);
#84 = EDGE_CURVE('',#85,#57,#87,.T.);
#85 = VERTEX_POINT('',#86);
#86 = CARTESIAN_POINT('',(9.,22.9,0.2));
#87 = SURFACE_CURVE('',#88,(#92,#99),.PCURVE_S1.);
#88 = LINE('',#89,#90);
#89 = CARTESIAN_POINT('',(9.,82.,0.2));
#90 = VECTOR('',#91,1.);
#91 = DIRECTION('',(-0.,-1.,-0.));
#92 = PCURVE('',#32,#93);
#93 = DEFINITIONAL_REPRESENTATION('',(#94),#98);
#94 = LINE('',#95,#96);
#95 = CARTESIAN_POINT('',(0.2,-82.));
#96 = VECTOR('',#97,1.);
#97 = DIRECTION('',(0.,1.));
#98 = ( GEOMETRIC_REPRESENTATION_CONTEXT(2) 
PARAMETRIC_REPRESENTATION_CONTEXT() REPRESENTATION_CONTEXT('2D SPACE',''
  ) );
#99 = PCURVE('',#100,#105);
#100 = CYLINDRICAL_SURFACE('',#101,0.2);
#101 = AXIS2_PLACEMENT_3D('',#102,#103,#104);
#102 = CARTESIAN_POINT('',(8.8,82.,0.2));
#103 = DIRECTION('',(-0.,-1.,-0.));
#104 = DIRECTION('',(1.,0.,-0.));
#105 = DEFINITIONAL_REPRESENTATION('',(#106),#110);
#106 = LINE('',#107,#108);
#107 = CARTESIAN_POINT('',(-0.,0.));
#108 = VECTOR('',#109,1.);
#109 = DIRECTION('',(-0.,1.));
#110 = ( GEOMETRIC_REPRESENTATION_CONTEXT(2) 
PARAMETRIC_REPRESENTATION_CONTEXT() REPRESENTATION_CONTEXT('2D SPACE',''
  ) );
#111 = ORIENTED_EDGE('',*,*,#112,.T.);
#112 = EDGE_CURVE('',#85,#113,#115,.T.);
#113 = VERTEX_POINT('',#114);
#114 = CARTESIAN_POINT('',(9.,22.9,1.2));
#115 = SURFACE_CURVE('',#116,(#120,#127),.PCURVE_S1.);
#116 = LINE('',#117,#118);
#117 = CARTESIAN_POINT('',(9.,22.9,0.));
#118 = VECTOR('',#119,1.);
#119 = DIRECTION('',(0.,0.,1.));
#120 = PCURVE('',#32,#121);
#121 = DEFINITIONAL_REPRESENTATION('',(#122),#126);
#122 = LINE('',#123,#124);
#123 = CARTESIAN_POINT('',(0.,-22.9));
#124 = VECTOR('',#125,1.);
#125 = DIRECTION('',(1.,0.));
#126 = ( GEOMETRIC_REPRESENTATION_CONTEXT(2) 
PARAMETRIC_REPRESENTATION_CONTEXT() REPRESENTATION_CONTEXT('2D SPACE',''
  ) );
#127 = PCURVE('',#128,#133);
#128 = PLANE('',#129);
#129 = AXIS2_PLACEMENT_3D('',#130,#131,#132);
#130 = CARTESIAN_POINT('',(0.,22.9,0.));
#131 = DIRECTION('',(0.,1.,0.));
#132 = DIRECTION('',(0.,0.,1.));
#133 = DEFINITIONAL_REPRESENTATION('',(#134),#138);
#134 = LINE('',#135,#136);
#135 = CARTESIAN_POINT('',(0.,9.));
#136 = VECTOR('',#137,1.);
#137 = DIRECTION('',(1.,0.));
#138 = ( GEOMETRIC_REPRESENTATION_CONTEXT(2) 
PARAMETRIC_REPRESENTATION_CONTEXT() REPRESENTATION_CONTEXT('2D SPACE',''
  ) );
#139 = ORIENTED_EDGE('',*,*,#140,.T.);
#140 = EDGE_CURVE('',#113,#141,#143,.T.);
#141 = VERTEX_POINT('',#142);
#142 = CARTESIAN_POINT('',(9.,25.1,1.2));
#143 = SURFACE_CURVE('',#144,(#148,#155),.PCURVE_S1.);
#144 = LINE('',#145,#146);
#145 = CARTESIAN_POINT('',(9.,22.9,1.2));
#146 = VECTOR('',#147,1.);
#147 = DIRECTION('',(0.,1.,0.));
#148 = PCURVE('',#32,#149);
#149 = DEFINITIONAL_REPRESENTATION('',(#150),#154);
#150 = LINE('',#151,#152);
#151 = CARTESIAN_POINT('',(1.2,-22.9));
#152 = VECTOR('',#153,1.);
#153 = DIRECTION('',(0.,-1.));
#154 = ( GEOMETRIC_REPRESENTATION_CONTEXT(2) 
PARAMETRIC_REPRESENTATION_CONTEXT() REPRESENTATION_CONTEXT('2D SPACE',''
  ) );
#155 = PCURVE('',#156,#161);
#156 = PLANE('',#157);
#157 = AXIS2_PLACEMENT_3D('',#158,#159,#160);
#158 = CARTESIAN_POINT('',(0.,22.9,1.2));
#159 = DIRECTION('',(0.,0.,1.));
#160 = DIRECTION('',(1.,0.,0.));
#161 = DEFINITIONAL_REPRESENTATION('',(#162),#166);
#162 = LINE('',#163,#164);
#163 = CARTESIAN_POINT('',(9.,0.));
#164 = VECTOR('',#165,1.);
#165 = DIRECTION('',(0.,1.));
#166 = ( GEOMETRIC_REPRESENTATION_CONTEXT(2) 
PARAMETRIC_REPRESENTATION_CONTEXT() REPRESENTATION_CONTEXT('2D SPACE',''
  ) );
#167 = ORIENTED_EDGE('',*,*,#168,.F.);
#168 = EDGE_CURVE('',#169,#141,#171,.T.);
#169 = VERTEX_POINT('',#170);
#170 = CARTESIAN_POINT('',(9.,25.1,0.2));
#171 = SURFACE_CURVE('',#172,(#176,#183),.PCURVE_S1.);
#172 = LINE('',#173,#174);
#173 = CARTESIAN_POINT('',(9.,25.1,0.));
#174 = VECTOR('',#175,1.);
#175 = DIRECTION('',(0.,0.,1.));
#176 = PCURVE('',#32,#177);
#177 = DEFINITIONAL_REPRESENTATION('',(#178),#182);
#178 = LINE('',#179,#180);
#179 = CARTESIAN_POINT('',(0.,-25.1));
#180 = VECTOR('',#181,1.);
#181 = DIRECTION('',(1.,0.));
#182 = ( GEOMETRIC_REPRESENTATION_CONTEXT(2) 
PARAMETRIC_REPRESENTATION_CONTEXT() REPRESENTATION_CONTEXT('2D SPACE',''
  ) );
#183 = PCURVE('',#184,#189);
#184 = PLANE('',#185);
#185 = AXIS2_PLACEMENT_3D('',#186,#187,#188);
#186 = CARTESIAN_POINT('',(0.,25.1,0.));
#187 = DIRECTION('',(0.,1.,0.));
#188 = DIRECTION('',(0.,0.,1.));
#189 = DEFINITIONAL_REPRESENTATION('',(#190),#194);
#190 = LINE('',#191,#192);
#191 = CARTESIAN_POINT('',(0.,9.));
#192 = VECTOR('',#193,1.);
#193 = DIRECTION('',(1.,0.));
#194 = ( GEOMETRIC_REPRESENTATION_CONTEXT(2) 
PARAMETRIC_REPRESENTATION_CONTEXT() REPRESENTATION_CONTEXT('2D SPACE',''
  ) );
#195 = ORIENTED_EDGE('',*,*,#196,.F.);
#196 = EDGE_CURVE('',#197,#169,#199,.T.);
#197 = VERTEX_POINT('',#198);
#198 = CARTESIAN_POINT('',(9.,82.,0.2));
#199 = SURFACE_CURVE('',#200,(#204,#211),.PCURVE_S1.);
#200 = LINE('',#201,#202);
#201 = CARTESIAN_POINT('',(9.,82.,0.2));
#202 = VECTOR('',#203,1.);
#203 = DIRECTION('',(-0.,-1.,-0.));
#204 = PCURVE('',#32,#205);
#205 = DEFINITIONAL_REPRESENTATION('',(#206),#210);
#206 = LINE('',#207,#208);
#207 = CARTESIAN_POINT('',(0.2,-82.));
#208 = VECTOR('',#209,1.);
#209 = DIRECTION('',(0.,1.));
#210 = ( GEOMETRIC_REPRESENTATION_CONTEXT(2) 
PARAMETRIC_REPRESENTATION_CONTEXT() REPRESENTATION_CONTEXT('2D SPACE',''
  ) );
#211 = PCURVE('',#212,#217);
#212 = CYLINDRICAL_SURFACE('',#213,0.2);
#213 = AXIS2_PLACEMENT_3D('',#214,#215,#216);
#214 = CARTESIAN_POINT('',(8.8,82.,0.2));
#215 = DIRECTION('',(-0.,-1.,-0.));
#216 = DIRECTION('',(1.,0.,-0.));
#217 = DEFINITIONAL_REPRESENTATION('',(#218),#222);
#218 = LINE('',#219,#220);
#219 = CARTESIAN_POINT('',(-0.,0.));
#220 = VECTOR('',#221,1.);
#221 = DIRECTION('',(-0.,1.));
#222 = ( GEOMETRIC_REPRESENTATION_CONTEXT(2) 
PARAMETRIC_REPRESENTATION_CONTEXT() REPRESENTATION_CONTEXT('2D SPACE',''
  ) );
#223 = ORIENTED_EDGE('',*,*,#224,.T.);
#224 = EDGE_CURVE('',#197,#225,#227,.T.);
#225 = VERTEX_POINT('',#226);
#226 = CARTESIAN_POINT('',(9.,82.,4.1));
#227 = SURFACE_CURVE('',#228,(#232,#239),.PCURVE_S1.);
#228 = LINE('',#229,#230);
#229 = CARTESIAN_POINT('',(9.,82.,0.2));
#230 = VECTOR('',#231,1.);
#231 = DIRECTION('',(0.,0.,1.));
#232 = PCURVE('',#32,#233);
#233 = DEFINITIONAL_REPRESENTATION('',(#234),#238);
#234 = LINE('',#235,#236);
#235 = CARTESIAN_POINT('',(0.2,-82.));
#236 = VECTOR('',#237,1.);
#237 = DIRECTION('',(1.,0.));
#238 = ( GEOMETRIC_REPRESENTATION_CONTEXT(2) 
PARAMETRIC_REPRESENTATION_CONTEXT() REPRESENTATION_CONTEXT('2D SPACE',''
  ) );
#239 = PCURVE('',#240,#245);
#240 = CYLINDRICAL_SURFACE('',#241,4.);
#241 = AXIS2_PLACEMENT_3D('',#242,#243,#244);
#242 = CARTESIAN_POINT('',(5.,82.,0.));
#243 = DIRECTION('',(0.,0.,1.));
#244 = DIRECTION('',(1.,0.,-0.));
#245 = DEFINITIONAL_REPRESENTATION('',(#246),#250);
#246 = LINE('',#247,#248);
#247 = CARTESIAN_POINT('',(0.,0.2));
#248 = VECTOR('',#249,1.);
#249 = DIRECTION('',(0.,1.));
#250 = ( GEOMETRIC_REPRESENTATION_CONTEXT(2) 
PARAMETRIC_REPRESENTATION_CONTEXT() REPRESENTATION_CONTEXT('2D SPACE',''
  ) );
#251 = ORIENTED_EDGE('',*,*,#252,.T.);
#252 = EDGE_CURVE('',#225,#253,#255,.T.);
#253 = VERTEX_POINT('',#254);
#254 = CARTESIAN_POINT('',(9.,82.,5.));
#255 = SURFACE_CURVE('',#256,(#260,#267),.PCURVE_S1.);
#256 = LINE('',#257,#258);
#257 = CARTESIAN_POINT('',(9.,82.,0.2));
#258 = VECTOR('',#259,1.);
#259 = DIRECTION('',(0.,0.,1.));
#260 = PCURVE('',#32,#261);
#261 = DEFINITIONAL_REPRESENTATION('',(#262),#266);
#262 = LINE('',#263,#264);
#263 = CARTESIAN_POINT('',(0.2,-82.));
#264 = VECTOR('',#265,1.);
#265 = DIRECTION('',(1.,0.));
#266 = ( GEOMETRIC_REPRESENTATION_CONTEXT(2) 
PARAMETRIC_REPRESENTATION_CONTEXT() REPRESENTATION_CONTEXT('2D SPACE',''
  ) );
#267 = PCURVE('',#268,#273);
#268 = PLANE('',#269);
#269 = AXIS2_PLACEMENT_3D('',#270,#271,#272);
#270 = CARTESIAN_POINT('',(5.,82.,4.1));
#271 = DIRECTION('',(0.,1.,0.));
#272 = DIRECTION('',(0.,0.,1.));
#273 = DEFINITIONAL_REPRESENTATION('',(#274),#278);
#274 = LINE('',#275,#276);
#275 = CARTESIAN_POINT('',(-3.9,4.));
#276 = VECTOR('',#277,1.);
#277 = DIRECTION('',(1.,0.));
#278 = ( GEOMETRIC_REPRESENTATION_CONTEXT(2) 
PARAMETRIC_REPRESENTATION_CONTEXT() REPRESENTATION_CONTEXT('2D SPACE',''
  ) );
#279 = ORIENTED_EDGE('',*,*,#280,.T.);
#280 = EDGE_CURVE('',#253,#281,#283,.T.);
#281 = VERTEX_POINT('',#282);
#282 = CARTESIAN_POINT('',(9.,80.621233020102,5.));
#283 = SURFACE_CURVE('',#284,(#288,#295),.PCURVE_S1.);
#284 = LINE('',#285,#286);
#285 = CARTESIAN_POINT('',(9.,82.,5.));
#286 = VECTOR('',#287,1.);
#287 = DIRECTION('',(0.,-1.,0.));
#288 = PCURVE('',#32,#289);
#289 = DEFINITIONAL_REPRESENTATION('',(#290),#294);
#290 = LINE('',#291,#292);
#291 = CARTESIAN_POINT('',(5.,-82.));
#292 = VECTOR('',#293,1.);
#293 = DIRECTION('',(0.,1.));
#294 = ( GEOMETRIC_REPRESENTATION_CONTEXT(2) 
PARAMETRIC_REPRESENTATION_CONTEXT() REPRESENTATION_CONTEXT('2D SPACE',''
  ) );
#295 = PCURVE('',#296,#301);
#296 = PLANE('',#297);
#297 = AXIS2_PLACEMENT_3D('',#298,#299,#300);
#298 = CARTESIAN_POINT('',(-9.,76.,5.));
#299 = DIRECTION('',(0.,0.,1.));
#300 = DIRECTION('',(0.,1.,0.));
#301 = DEFINITIONAL_REPRESENTATION('',(#302),#306);
#302 = LINE('',#303,#304);
#303 = CARTESIAN_POINT('',(6.,-18.));
#304 = VECTOR('',#305,1.);
#305 = DIRECTION('',(-1.,0.));
#306 = ( GEOMETRIC_REPRESENTATION_CONTEXT(2) 
PARAMETRIC_REPRESENTATION_CONTEXT() REPRESENTATION_CONTEXT('2D SPACE',''
  ) );
#307 = ORIENTED_EDGE('',*,*,#308,.T.);
#308 = EDGE_CURVE('',#281,#309,#311,.T.);
#309 = VERTEX_POINT('',#310);
#310 = CARTESIAN_POINT('',(9.,75.853480867752,15.48905473517));
#311 = SURFACE_CURVE('',#312,(#316,#323),.PCURVE_S1.);
#312 = LINE('',#313,#314);
#313 = CARTESIAN_POINT('',(9.,80.77170681803,4.668957644559));
#314 = VECTOR('',#315,1.);
#315 = DIRECTION('',(0.,-0.413802944301,0.910366477463));
#316 = PCURVE('',#32,#317);
#317 = DEFINITIONAL_REPRESENTATION('',(#318),#322);
#318 = LINE('',#319,#320);
#319 = CARTESIAN_POINT('',(4.668957644559,-80.77170681803));
#320 = VECTOR('',#321,1.);
#321 = DIRECTION('',(0.910366477463,0.413802944301));
#322 = ( GEOMETRIC_REPRESENTATION_CONTEXT(2) 
PARAMETRIC_REPRESENTATION_CONTEXT() REPRESENTATION_CONTEXT('2D SPACE',''
  ) );
#323 = PCURVE('',#324,#329);
#324 = CYLINDRICAL_SURFACE('',#325,0.8);
#325 = AXIS2_PLACEMENT_3D('',#326,#327,#328);
#326 = CARTESIAN_POINT('',(8.2,80.77170681803,4.668957644559));
#327 = DIRECTION('',(0.,-0.413802944301,0.910366477463));
#328 = DIRECTION('',(1.,0.,0.));
#329 = DEFINITIONAL_REPRESENTATION('',(#330),#334);
#330 = LINE('',#331,#332);
#331 = CARTESIAN_POINT('',(0.,0.));
#332 = VECTOR('',#333,1.);
#333 = DIRECTION('',(0.,1.));
#334 = ( GEOMETRIC_REPRESENTATION_CONTEXT(2) 
PARAMETRIC_REPRESENTATION_CONTEXT() REPRESENTATION_CONTEXT('2D SPACE',''
  ) );
#335 = ORIENTED_EDGE('',*,*,#336,.T.);
#336 = EDGE_CURVE('',#309,#337,#339,.T.);
#337 = VERTEX_POINT('',#338);
#338 = CARTESIAN_POINT('',(9.,75.3,16.));
#339 = SURFACE_CURVE('',#340,(#345,#353),.PCURVE_S1.);
#340 = B_SPLINE_CURVE_WITH_KNOTS('',3,(#341,#342,#343,#344),
  .UNSPECIFIED.,.F.,.F.,(4,4),(0.,1.),.PIECEWISE_BEZIER_KNOTS.);
#341 = CARTESIAN_POINT('',(9.,76.996563533161,14.907560227045));
#342 = CARTESIAN_POINT('',(9.,76.718231618925,15.519890438364));
#343 = CARTESIAN_POINT('',(9.,75.3,15.327380536874));
#344 = CARTESIAN_POINT('',(9.,75.3,16.));
#345 = PCURVE('',#32,#346);
#346 = DEFINITIONAL_REPRESENTATION('',(#347),#352);
#347 = B_SPLINE_CURVE_WITH_KNOTS('',3,(#348,#349,#350,#351),
  .UNSPECIFIED.,.F.,.F.,(4,4),(0.,1.),.PIECEWISE_BEZIER_KNOTS.);
#348 = CARTESIAN_POINT('',(14.907560227045,-76.99656353316));
#349 = CARTESIAN_POINT('',(15.519890438364,-76.71823161892));
#350 = CARTESIAN_POINT('',(15.327380536874,-75.3));
#351 = CARTESIAN_POINT('',(16.,-75.3));
#352 = ( GEOMETRIC_REPRESENTATION_CONTEXT(2) 
PARAMETRIC_REPRESENTATION_CONTEXT() REPRESENTATION_CONTEXT('2D SPACE',''
  ) );
#353 = PCURVE('',#354,#436);
#354 = B_SPLINE_SURFACE_WITH_KNOTS('',8,8,(
    (#355,#356,#357,#358,#359,#360,#361,#362,#363)
    ,(#364,#365,#366,#367,#368,#369,#370,#371,#372)
    ,(#373,#374,#375,#376,#377,#378,#379,#380,#381)
    ,(#382,#383,#384,#385,#386,#387,#388,#389,#390)
    ,(#391,#392,#393,#394,#395,#396,#397,#398,#399)
    ,(#400,#401,#402,#403,#404,#405,#406,#407,#408)
    ,(#409,#410,#411,#412,#413,#414,#415,#416,#417)
    ,(#418,#419,#420,#421,#422,#423,#424,#425,#426)
    ,(#427,#428,#429,#430,#431,#432,#433,#434,#435
  )),.UNSPECIFIED.,.F.,.F.,.F.,(9,9),(9,9),(-1.147834931297,
    1.032655381672),(-0.61939274722,0.900246537734),
  .PIECEWISE_BEZIER_KNOTS.);
#355 = CARTESIAN_POINT('',(8.803838620372,74.920440135754,
    15.443199308042));
#356 = CARTESIAN_POINT('',(8.953458922119,75.066539489566,
    15.739865569616));
#357 = CARTESIAN_POINT('',(9.098260053649,75.210922964503,
    16.033531254149));
#358 = CARTESIAN_POINT('',(8.933494576198,75.242938107642,16.14755288592
    ));
#359 = CARTESIAN_POINT('',(8.725091334424,75.258928422632,
    16.237038416883));
#360 = CARTESIAN_POINT('',(9.759755737912,75.726722044084,
    17.045596956862));
#361 = CARTESIAN_POINT('',(10.636835741751,76.137177142678,
    17.76319616942));
#362 = CARTESIAN_POINT('',(11.792171244664,76.648770684147,
    18.64168013513));
#363 = CARTESIAN_POINT('',(12.902639237303,77.144076183415,
    19.494054735751));
#364 = CARTESIAN_POINT('',(8.95166514416,75.232449134556,15.4358959613)
  );
#365 = CARTESIAN_POINT('',(9.043962124225,75.357723538631,
    15.699374904409));
#366 = CARTESIAN_POINT('',(9.129340488348,75.480516833822,
    15.958627154661));
#367 = CARTESIAN_POINT('',(9.030699778514,75.536589406651,
    16.110779431737));
#368 = CARTESIAN_POINT('',(8.26923228799,75.351606741111,15.880237866647
    ));
#369 = CARTESIAN_POINT('',(9.361543790156,75.840383986132,
    16.722027260748));
#370 = CARTESIAN_POINT('',(10.030182782415,76.175089937337,
    17.319032765806));
#371 = CARTESIAN_POINT('',(11.039546889718,76.633650523341,
    18.113008927532));
#372 = CARTESIAN_POINT('',(11.957467578878,77.05899950464,
    18.853913229344));
#373 = CARTESIAN_POINT('',(9.037741334511,75.522058470027,
    15.392736905464));
#374 = CARTESIAN_POINT('',(9.080807364021,75.629455747388,
    15.627685327821));
#375 = CARTESIAN_POINT('',(9.138291994258,75.742067633979,15.87096676714
    ));
#376 = CARTESIAN_POINT('',(9.030132453766,75.79495963395,16.016950178093
    ));
#377 = CARTESIAN_POINT('',(8.294892245941,75.618839319092,
    15.803420331336));
#378 = CARTESIAN_POINT('',(9.791959686724,76.255522385855,
    16.876767405113));
#379 = CARTESIAN_POINT('',(7.572965897331,75.540514257478,
    15.803784511579));
#380 = CARTESIAN_POINT('',(9.948632939688,76.495582588674,
    17.388747532165));
#381 = CARTESIAN_POINT('',(10.854866650802,76.916713789803,
    18.122750445628));
#382 = CARTESIAN_POINT('',(8.976614224809,75.758130095896,
    15.264796371543));
#383 = CARTESIAN_POINT('',(8.922733462139,75.830293775628,
    15.443790984594));
#384 = CARTESIAN_POINT('',(7.410563771978,75.373039371349,
    14.777201551146));
#385 = CARTESIAN_POINT('',(13.340321407414,77.618044313769,
    18.421833139349));
#386 = CARTESIAN_POINT('',(4.080019193853,74.347572964201,
    13.263772594465));
#387 = CARTESIAN_POINT('',(6.662404280258,75.375235611869,
    14.979499742351));
#388 = CARTESIAN_POINT('',(15.834298853695,78.801043117222,
    20.491747288235));
#389 = CARTESIAN_POINT('',(10.529090062673,76.965050765349,
    17.630738016792));
#390 = CARTESIAN_POINT('',(10.227322069167,76.947147919661,
    17.665986034335));
#391 = CARTESIAN_POINT('',(9.072776483942,76.051556827738,
    15.226447826762));
#392 = CARTESIAN_POINT('',(9.047523139017,76.134131431589,
    15.421768305419));
#393 = CARTESIAN_POINT('',(11.82740000987,77.235474270176,
    17.242396355299));
#394 = CARTESIAN_POINT('',(-1.379885204654,72.530236626553,
    9.802112521598));
#395 = CARTESIAN_POINT('',(23.384622286022,81.617535808802,
    24.359795060047));
#396 = CARTESIAN_POINT('',(3.357903348582,74.436005926603,
    12.955432421223));
#397 = CARTESIAN_POINT('',(-0.582230327757,73.093565520164,
    10.899857376556));
#398 = CARTESIAN_POINT('',(7.613331360967,76.163610667076,15.85144219829
    ));
#399 = CARTESIAN_POINT('',(8.646753373701,76.63108260851,16.658737840096
    ));
#400 = CARTESIAN_POINT('',(9.13502987037,76.332331144755,15.17078426201)
  );
#401 = CARTESIAN_POINT('',(9.064386265697,76.398419061664,
    15.340077985573));
#402 = CARTESIAN_POINT('',(6.843852719254,75.683726844818,
    14.262852376908));
#403 = CARTESIAN_POINT('',(16.604378886737,79.320986478293,
    20.127481902621));
#404 = CARTESIAN_POINT('',(-4.120770153953,71.883798393971,
    8.326616974896));
#405 = CARTESIAN_POINT('',(13.606763536219,78.415117536888,
    18.819847285217));
#406 = CARTESIAN_POINT('',(12.08260408731,77.954664481056,
    18.130175162317));
#407 = CARTESIAN_POINT('',(6.523344657158,76.026277243987,
    15.126476370502));
#408 = CARTESIAN_POINT('',(6.168672096044,75.98917767708,15.130812179233
    ));
#409 = CARTESIAN_POINT('',(9.117196209636,76.584310839997,
    15.066550278288));
#410 = CARTESIAN_POINT('',(9.055314005073,76.653530836478,15.24107077104
    ));
#411 = CARTESIAN_POINT('',(9.147632942002,76.778752511431,15.5052240579)
  );
#412 = CARTESIAN_POINT('',(7.701840495146,76.34596093934,14.873400046936
    ));
#413 = CARTESIAN_POINT('',(10.288047326513,77.376550038058,
    16.587552807668));
#414 = CARTESIAN_POINT('',(8.625486501923,76.864852347047,
    15.828106269836));
#415 = CARTESIAN_POINT('',(8.777062738568,77.011586168474,
    16.129276778108));
#416 = CARTESIAN_POINT('',(8.226688861468,76.90352351352,16.019075566799
    ));
#417 = CARTESIAN_POINT('',(7.282320713154,76.652260070654,
    15.681894989299));
#418 = CARTESIAN_POINT('',(9.053944610449,76.819665631904,
    14.937052431612));
#419 = CARTESIAN_POINT('',(9.003902525309,76.893213857947,
    15.118305593345));
#420 = CARTESIAN_POINT('',(8.877366007915,76.939031785001,
    15.255046826897));
#421 = CARTESIAN_POINT('',(9.048760184371,77.093312108537,
    15.562866215861));
#422 = CARTESIAN_POINT('',(8.49213233273,76.982593943561,15.45171932401)
  );
#423 = CARTESIAN_POINT('',(9.614108473149,77.482269615184,
    16.310303789299));
#424 = CARTESIAN_POINT('',(8.746831323159,77.259010886852,
    16.017727805811));
#425 = CARTESIAN_POINT('',(7.656669415267,76.954787460037,
    15.596177559261));
#426 = CARTESIAN_POINT('',(6.659172609149,76.684227758599,
    15.228134792066));
#427 = CARTESIAN_POINT('',(8.994913812553,77.0564738675,14.81046627369)
  );
#428 = CARTESIAN_POINT('',(8.94259128126,77.129200016511,14.990377826921
    ));
#429 = CARTESIAN_POINT('',(8.881078029115,77.198659069006,
    15.164628046223));
#430 = CARTESIAN_POINT('',(8.944755318865,77.313769315071,
    15.410406512944));
#431 = CARTESIAN_POINT('',(8.716783814214,77.32257445919,15.488955551216
    ));
#432 = CARTESIAN_POINT('',(9.257129193148,77.610888544066,
    16.010914328059));
#433 = CARTESIAN_POINT('',(8.409328818491,77.394715525972,
    15.729628337554));
#434 = CARTESIAN_POINT('',(7.320342914152,77.090933395447,
    15.308649264584));
#435 = CARTESIAN_POINT('',(6.208082310196,76.778691119982,
    14.874092875206));
#436 = DEFINITIONAL_REPRESENTATION('',(#437),#494);
#437 = B_SPLINE_CURVE_WITH_KNOTS('',10,(#438,#439,#440,#441,#442,#443,
    #444,#445,#446,#447,#448,#449,#450,#451,#452,#453,#454,#455,#456,
    #457,#458,#459,#460,#461,#462,#463,#464,#465,#466,#467,#468,#469,
    #470,#471,#472,#473,#474,#475,#476,#477,#478,#479,#480,#481,#482,
    #483,#484,#485,#486,#487,#488,#489,#490,#491,#492,#493),
  .UNSPECIFIED.,.F.,.F.,(11,9,9,9,9,9,11),(0.,0.125,0.25,0.5,0.75,0.875,
    1.),.UNSPECIFIED.);
#438 = CARTESIAN_POINT('',(0.938777619702,-0.563084315654));
#439 = CARTESIAN_POINT('',(0.919963317822,-0.547944533785));
#440 = CARTESIAN_POINT('',(0.899966916143,-0.533516348683));
#441 = CARTESIAN_POINT('',(0.87996604976,-0.52058279113));
#442 = CARTESIAN_POINT('',(0.859399018697,-0.508655102873));
#443 = CARTESIAN_POINT('',(0.837858126889,-0.497379874683));
#444 = CARTESIAN_POINT('',(0.815518144185,-0.486845030378));
#445 = CARTESIAN_POINT('',(0.792752266342,-0.477279261484));
#446 = CARTESIAN_POINT('',(0.769587947923,-0.46863951723));
#447 = CARTESIAN_POINT('',(0.745654983075,-0.460581154549));
#448 = CARTESIAN_POINT('',(0.696901435127,-0.446029551001));
#449 = CARTESIAN_POINT('',(0.672014283927,-0.439478151949));
#450 = CARTESIAN_POINT('',(0.646638788795,-0.433617798386));
#451 = CARTESIAN_POINT('',(0.620796983026,-0.428415133076));
#452 = CARTESIAN_POINT('',(0.594510899918,-0.423836798787));
#453 = CARTESIAN_POINT('',(0.567802572764,-0.419849438283));
#454 = CARTESIAN_POINT('',(0.540694034862,-0.416419694332));
#455 = CARTESIAN_POINT('',(0.513207319505,-0.413514209698));
#456 = CARTESIAN_POINT('',(0.485364459991,-0.411099627149));
#457 = CARTESIAN_POINT('',(0.400833548861,-0.405228514051));
#458 = CARTESIAN_POINT('',(0.343157233565,-0.403151799044));
#459 = CARTESIAN_POINT('',(0.284341626844,-0.402663841683));
#460 = CARTESIAN_POINT('',(0.22460868988,-0.403507734686));
#461 = CARTESIAN_POINT('',(0.16420708185,-0.405420353998));
#462 = CARTESIAN_POINT('',(0.103399979856,-0.408134446549));
#463 = CARTESIAN_POINT('',(4.245289885537E-02,-0.411380718018));
#464 = CARTESIAN_POINT('',(-1.837848841261E-02,-0.414889920595));
#465 = CARTESIAN_POINT('',(-7.886053149528E-02,-0.418394940738));
#466 = CARTESIAN_POINT('',(-0.198727033101,-0.424870833144));
#467 = CARTESIAN_POINT('',(-0.258085904233,-0.427845414087));
#468 = CARTESIAN_POINT('',(-0.316720907405,-0.430294549998));
#469 = CARTESIAN_POINT('',(-0.374464611924,-0.431955555694));
#470 = CARTESIAN_POINT('',(-0.431131644688,-0.432565140586));
#471 = CARTESIAN_POINT('',(-0.48651869019,-0.431859408673));
#472 = CARTESIAN_POINT('',(-0.540404490519,-0.429573858549));
#473 = CARTESIAN_POINT('',(-0.592549845355,-0.425443383397));
#474 = CARTESIAN_POINT('',(-0.642697611974,-0.419202270992));
#475 = CARTESIAN_POINT('',(-0.71451025188,-0.406275170055));
#476 = CARTESIAN_POINT('',(-0.737876697091,-0.401370401565));
#477 = CARTESIAN_POINT('',(-0.760648833435,-0.395844828392));
#478 = CARTESIAN_POINT('',(-0.782805803032,-0.389668710113));
#479 = CARTESIAN_POINT('',(-0.804329097565,-0.382807635719));
#480 = CARTESIAN_POINT('',(-0.825202558283,-0.375222523614));
#481 = CARTESIAN_POINT('',(-0.845412375994,-0.366869621615));
#482 = CARTESIAN_POINT('',(-0.864947091077,-0.357700506956));
#483 = CARTESIAN_POINT('',(-0.883797593467,-0.347662086282));
#484 = CARTESIAN_POINT('',(-0.920116651872,-0.325731105026));
#485 = CARTESIAN_POINT('',(-0.937552317744,-0.313960133771));
#486 = CARTESIAN_POINT('',(-0.954510119857,-0.300165392902));
#487 = CARTESIAN_POINT('',(-0.969103628217,-0.289770325382));
#488 = CARTESIAN_POINT('',(-0.988165280924,-0.266654577239));
#489 = CARTESIAN_POINT('',(-0.995297217464,-0.262784546433));
#490 = CARTESIAN_POINT('',(-1.015116840745,-0.235212140965));
#491 = CARTESIAN_POINT('',(-1.023790546055,-0.221720304206));
#492 = CARTESIAN_POINT('',(-1.034118391728,-0.204363930464));
#493 = CARTESIAN_POINT('',(-1.043486301179,-0.185992921579));
#494 = ( GEOMETRIC_REPRESENTATION_CONTEXT(2) 
PARAMETRIC_REPRESENTATION_CONTEXT() REPRESENTATION_CONTEXT('2D SPACE',''
  ) );
#495 = ORIENTED_EDGE('',*,*,#496,.T.);
#496 = EDGE_CURVE('',#337,#497,#499,.T.);
#497 = VERTEX_POINT('',#498);
#498 = CARTESIAN_POINT('',(9.,71.7,16.));
#499 = SURFACE_CURVE('',#500,(#504,#511),.PCURVE_S1.);
#500 = LINE('',#501,#502);
#501 = CARTESIAN_POINT('',(9.,76.5,16.));
#502 = VECTOR('',#503,1.);
#503 = DIRECTION('',(0.,-1.,0.));
#504 = PCURVE('',#32,#505);
#505 = DEFINITIONAL_REPRESENTATION('',(#506),#510);
#506 = LINE('',#507,#508);
#507 = CARTESIAN_POINT('',(16.,-76.5));
#508 = VECTOR('',#509,1.);
#509 = DIRECTION('',(0.,1.));
#510 = ( GEOMETRIC_REPRESENTATION_CONTEXT(2) 
PARAMETRIC_REPRESENTATION_CONTEXT() REPRESENTATION_CONTEXT('2D SPACE',''
  ) );
#511 = PCURVE('',#512,#517);
#512 = CYLINDRICAL_SURFACE('',#513,9.);
#513 = AXIS2_PLACEMENT_3D('',#514,#515,#516);
#514 = CARTESIAN_POINT('',(0.,76.5,16.));
#515 = DIRECTION('',(-0.,1.,-0.));
#516 = DIRECTION('',(1.,0.,0.));
#517 = DEFINITIONAL_REPRESENTATION('',(#518),#522);
#518 = LINE('',#519,#520);
#519 = CARTESIAN_POINT('',(-0.,0.));
#520 = VECTOR('',#521,1.);
#521 = DIRECTION('',(-0.,-1.));
#522 = ( GEOMETRIC_REPRESENTATION_CONTEXT(2) 
PARAMETRIC_REPRESENTATION_CONTEXT() REPRESENTATION_CONTEXT('2D SPACE',''
  ) );
#523 = ORIENTED_EDGE('',*,*,#524,.F.);
#524 = EDGE_CURVE('',#525,#497,#527,.T.);
#525 = VERTEX_POINT('',#526);
#526 = CARTESIAN_POINT('',(9.,71.168033439251,15.484218114779));
#527 = SURFACE_CURVE('',#528,(#533,#541),.PCURVE_S1.);
#528 = B_SPLINE_CURVE_WITH_KNOTS('',3,(#529,#530,#531,#532),
  .UNSPECIFIED.,.F.,.F.,(4,4),(0.,1.),.PIECEWISE_BEZIER_KNOTS.);
#529 = CARTESIAN_POINT('',(9.,70.10746732334,14.866016711872));
#530 = CARTESIAN_POINT('',(9.,70.320635863949,15.481836940297));
#531 = CARTESIAN_POINT('',(9.,71.7,15.348328778875));
#532 = CARTESIAN_POINT('',(9.,71.7,16.));
#533 = PCURVE('',#32,#534);
#534 = DEFINITIONAL_REPRESENTATION('',(#535),#540);
#535 = B_SPLINE_CURVE_WITH_KNOTS('',3,(#536,#537,#538,#539),
  .UNSPECIFIED.,.F.,.F.,(4,4),(0.,1.),.PIECEWISE_BEZIER_KNOTS.);
#536 = CARTESIAN_POINT('',(14.866016711872,-70.10746732334));
#537 = CARTESIAN_POINT('',(15.481836940297,-70.32063586394));
#538 = CARTESIAN_POINT('',(15.348328778875,-71.7));
#539 = CARTESIAN_POINT('',(16.,-71.7));
#540 = ( GEOMETRIC_REPRESENTATION_CONTEXT(2) 
PARAMETRIC_REPRESENTATION_CONTEXT() REPRESENTATION_CONTEXT('2D SPACE',''
  ) );
#541 = PCURVE('',#542,#624);
#542 = B_SPLINE_SURFACE_WITH_KNOTS('',8,8,(
    (#543,#544,#545,#546,#547,#548,#549,#550,#551)
    ,(#552,#553,#554,#555,#556,#557,#558,#559,#560)
    ,(#561,#562,#563,#564,#565,#566,#567,#568,#569)
    ,(#570,#571,#572,#573,#574,#575,#576,#577,#578)
    ,(#579,#580,#581,#582,#583,#584,#585,#586,#587)
    ,(#588,#589,#590,#591,#592,#593,#594,#595,#596)
    ,(#597,#598,#599,#600,#601,#602,#603,#604,#605)
    ,(#606,#607,#608,#609,#610,#611,#612,#613,#614)
    ,(#615,#616,#617,#618,#619,#620,#621,#622,#623
  )),.UNSPECIFIED.,.F.,.F.,.F.,(9,9),(9,9),(-0.970533983741,
    1.128632310543),(-0.662260264836,0.906883543441),
  .PIECEWISE_BEZIER_KNOTS.);
#543 = CARTESIAN_POINT('',(8.993061685814,70.056686718123,
    14.765936084953));
#544 = CARTESIAN_POINT('',(8.953063109071,69.974034056816,
    14.956891303672));
#545 = CARTESIAN_POINT('',(8.875472746402,69.905522168994,
    15.127105078972));
#546 = CARTESIAN_POINT('',(8.96678472718,69.773193898334,15.388263075176
    ));
#547 = CARTESIAN_POINT('',(8.72140362685,69.768045273885,15.467641589154
    ));
#548 = CARTESIAN_POINT('',(9.219201026191,69.482420931378,
    15.950549183987));
#549 = CARTESIAN_POINT('',(8.534469969445,69.642786466845,
    15.789649699063));
#550 = CARTESIAN_POINT('',(7.435720077389,69.959316043679,15.40369912086
    ));
#551 = CARTESIAN_POINT('',(6.062155418117,70.379588383333,
    14.868546716533));
#552 = CARTESIAN_POINT('',(9.054144441531,70.281669384624,
    14.891357584795));
#553 = CARTESIAN_POINT('',(9.010147805145,70.200538819091,
    15.080197383177));
#554 = CARTESIAN_POINT('',(8.866096588225,70.157113830417,
    15.214436464025));
#555 = CARTESIAN_POINT('',(9.05436323185,69.988213524222,15.528055780546
    ));
#556 = CARTESIAN_POINT('',(8.498668368349,70.100168172178,
    15.438974104558));
#557 = CARTESIAN_POINT('',(9.472421750216,69.635048469367,
    16.181107673548));
#558 = CARTESIAN_POINT('',(8.853506071856,69.770611539376,
    16.055866603293));
#559 = CARTESIAN_POINT('',(7.831507660618,70.058182019518,
    15.711663103418));
#560 = CARTESIAN_POINT('',(6.59835785445,70.42551224267,15.252982212091)
  );
#561 = CARTESIAN_POINT('',(9.116171697713,70.506333571959,
    15.017777970116));
#562 = CARTESIAN_POINT('',(9.067524150099,70.42697918287,15.204263723495
    ));
#563 = CARTESIAN_POINT('',(9.254066491494,70.258818174112,15.51901075907
    ));
#564 = CARTESIAN_POINT('',(7.286992714817,70.903181704985,
    14.657264165421));
#565 = CARTESIAN_POINT('',(11.186003748796,69.333839441849,
    16.995302894809));
#566 = CARTESIAN_POINT('',(7.043739128087,70.800052052854,
    14.952074444472));
#567 = CARTESIAN_POINT('',(10.024817424014,69.576557315003,
    16.78573155179));
#568 = CARTESIAN_POINT('',(8.397048940013,70.09304273067,16.11231868682)
  );
#569 = CARTESIAN_POINT('',(7.24702825801,70.429021914505,15.698853160521
    ));
#570 = CARTESIAN_POINT('',(9.133228627967,70.748012849808,
    15.120730799111));
#571 = CARTESIAN_POINT('',(9.089631710215,70.666708816462,
    15.309746964217));
#572 = CARTESIAN_POINT('',(6.658141862179,71.486216372293,
    14.197406070214));
#573 = CARTESIAN_POINT('',(17.578389359342,67.268276839715,
    20.356521829219));
#574 = CARTESIAN_POINT('',(-5.988476506537,76.06337086469,7.733965666668
    ));
#575 = CARTESIAN_POINT('',(16.705359960572,67.40026682463,
    20.309094276749));
#576 = CARTESIAN_POINT('',(8.054839058218,70.569887011614,15.80752777248
    ));
#577 = CARTESIAN_POINT('',(6.572567584042,71.029247779575,
    15.211860060111));
#578 = CARTESIAN_POINT('',(6.270703575393,71.045403799327,
    15.260442038186));
#579 = CARTESIAN_POINT('',(9.070156118183,71.019781457863,
    15.177945151712));
#580 = CARTESIAN_POINT('',(9.055838583218,70.927466189117,
    15.382713549148));
#581 = CARTESIAN_POINT('',(12.08216899757,69.688222531201,17.24397567465
    ));
#582 = CARTESIAN_POINT('',(-2.299150098587,75.015491783191,
    9.623883874801));
#583 = CARTESIAN_POINT('',(24.832950752953,64.680959632799,
    24.616251617925));
#584 = CARTESIAN_POINT('',(2.197536325263,73.125232774876,
    12.488313423803));
#585 = CARTESIAN_POINT('',(1.478435402494,73.295207326658,
    12.322740229389));
#586 = CARTESIAN_POINT('',(9.371321113436,70.221745689719,
    16.828674831117));
#587 = CARTESIAN_POINT('',(9.313318476332,70.146098178565,
    17.009903590457));
#588 = CARTESIAN_POINT('',(8.98708519504,71.299239176478,15.226490853773
    ));
#589 = CARTESIAN_POINT('',(8.96774991191,71.208800341916,15.42872737478)
  );
#590 = CARTESIAN_POINT('',(7.409852258946,71.698498537637,
    14.791827805065));
#591 = CARTESIAN_POINT('',(13.433430941018,69.329114243894,
    18.287041146857));
#592 = CARTESIAN_POINT('',(4.352678366979,72.656489214001,
    13.544668990248));
#593 = CARTESIAN_POINT('',(5.841571228528,71.996236067542,
    14.585180087731));
#594 = CARTESIAN_POINT('',(16.211795453053,67.988019745305,
    20.429546975091));
#595 = CARTESIAN_POINT('',(9.568165071647,70.395718467395,
    17.028751702518));
#596 = CARTESIAN_POINT('',(9.444229203859,70.344765921232,
    17.174018958721));
#597 = CARTESIAN_POINT('',(9.013786049525,71.537208012168,
    15.333390598238));
#598 = CARTESIAN_POINT('',(9.080180915385,71.414442519609,
    15.582134448508));
#599 = CARTESIAN_POINT('',(9.210081922735,71.267744764416,15.86565335091
    ));
#600 = CARTESIAN_POINT('',(8.705319094772,71.360106929732,
    15.801232354344));
#601 = CARTESIAN_POINT('',(8.713982604212,71.259525706232,
    16.022657727678));
#602 = CARTESIAN_POINT('',(9.928391310014,70.70325735579,16.889940580743
    ));
#603 = CARTESIAN_POINT('',(7.287064900253,71.601876551535,
    15.668684363619));
#604 = CARTESIAN_POINT('',(9.983350222654,70.487241048857,
    17.347837424333));
#605 = CARTESIAN_POINT('',(10.271428265074,70.281025131594,
    17.717590901445));
#606 = CARTESIAN_POINT('',(8.921528207562,71.820056717382,
    15.375959157264));
#607 = CARTESIAN_POINT('',(9.041966604621,71.676917088987,
    15.654140627427));
#608 = CARTESIAN_POINT('',(9.069858728911,71.56866687524,15.881761029296
    ));
#609 = CARTESIAN_POINT('',(9.244609456144,71.404961162755,
    16.188888603996));
#610 = CARTESIAN_POINT('',(8.196048311603,71.702618244097,
    15.830459153583));
#611 = CARTESIAN_POINT('',(9.29768603859,71.189424743184,16.642620699343
    ));
#612 = CARTESIAN_POINT('',(9.776572349821,70.911027063896,
    17.115631534249));
#613 = CARTESIAN_POINT('',(10.491479950144,70.543754544674,
    17.717500216762));
#614 = CARTESIAN_POINT('',(10.879892998394,70.299692078278,
    18.141909824519));
#615 = CARTESIAN_POINT('',(8.766339538864,72.126608237636,
    15.384166654289));
#616 = CARTESIAN_POINT('',(8.945869126509,71.961186516645,
    15.694507064757));
#617 = CARTESIAN_POINT('',(9.055368012058,71.822161725149,
    15.966562669115));
#618 = CARTESIAN_POINT('',(9.087814709533,71.712127856717,
    16.196290950753));
#619 = CARTESIAN_POINT('',(8.580811415981,71.8055810877,16.132739575387)
  );
#620 = CARTESIAN_POINT('',(9.55578956619,71.340148595534,16.875969934037
    ));
#621 = CARTESIAN_POINT('',(10.157225913805,71.015587886302,
    17.41585180604));
#622 = CARTESIAN_POINT('',(10.925942288984,70.628041951648,
    18.047105398179));
#623 = CARTESIAN_POINT('',(11.439126390615,70.336942005757,
    18.539509694262));
#624 = DEFINITIONAL_REPRESENTATION('',(#625),#676);
#625 = B_SPLINE_CURVE_WITH_KNOTS('',9,(#626,#627,#628,#629,#630,#631,
    #632,#633,#634,#635,#636,#637,#638,#639,#640,#641,#642,#643,#644,
    #645,#646,#647,#648,#649,#650,#651,#652,#653,#654,#655,#656,#657,
    #658,#659,#660,#661,#662,#663,#664,#665,#666,#667,#668,#669,#670,
    #671,#672,#673,#674,#675),.UNSPECIFIED.,.F.,.F.,(10,8,8,8,8,8,10),(
    0.,0.125,0.25,0.5,0.75,0.875,1.),.UNSPECIFIED.);
#626 = CARTESIAN_POINT('',(-0.882303621582,-0.602054786215));
#627 = CARTESIAN_POINT('',(-0.863528286827,-0.584357320842));
#628 = CARTESIAN_POINT('',(-0.843475012078,-0.567576758887));
#629 = CARTESIAN_POINT('',(-0.82243909079,-0.552297622332));
#630 = CARTESIAN_POINT('',(-0.802961856924,-0.539383114624));
#631 = CARTESIAN_POINT('',(-0.778044334956,-0.524708219832));
#632 = CARTESIAN_POINT('',(-0.75671475242,-0.513955815509));
#633 = CARTESIAN_POINT('',(-0.732123482368,-0.502502627784));
#634 = CARTESIAN_POINT('',(-0.70764431979,-0.492568084361));
#635 = CARTESIAN_POINT('',(-0.657095332223,-0.474326358315));
#636 = CARTESIAN_POINT('',(-0.631150049787,-0.466102152877));
#637 = CARTESIAN_POINT('',(-0.604565647421,-0.458728207801));
#638 = CARTESIAN_POINT('',(-0.577373793849,-0.452158125864));
#639 = CARTESIAN_POINT('',(-0.549606157792,-0.446345509843));
#640 = CARTESIAN_POINT('',(-0.521294407973,-0.441243962514));
#641 = CARTESIAN_POINT('',(-0.492470213115,-0.436807086656));
#642 = CARTESIAN_POINT('',(-0.46316524194,-0.432988485045));
#643 = CARTESIAN_POINT('',(-0.373903005633,-0.423248311284));
#644 = CARTESIAN_POINT('',(-0.31259710432,-0.419060213564));
#645 = CARTESIAN_POINT('',(-0.249829495459,-0.41682062308));
#646 = CARTESIAN_POINT('',(-0.185935792761,-0.416170176844));
#647 = CARTESIAN_POINT('',(-0.121251187422,-0.416746993101));
#648 = CARTESIAN_POINT('',(-5.611044812013E-02,-0.418186671321));
#649 = CARTESIAN_POINT('',(9.152078980293E-03,-0.42012229221));
#650 = CARTESIAN_POINT('',(7.420247023167E-02,-0.4221844177));
#651 = CARTESIAN_POINT('',(0.203211978772,-0.42581776421));
#652 = CARTESIAN_POINT('',(0.267163324655,-0.427398101063));
#653 = CARTESIAN_POINT('',(0.330326808641,-0.428376879069));
#654 = CARTESIAN_POINT('',(0.392444286183,-0.428389167794));
#655 = CARTESIAN_POINT('',(0.453233921691,-0.427070328813));
#656 = CARTESIAN_POINT('',(0.512390188539,-0.424056015711));
#657 = CARTESIAN_POINT('',(0.569583869057,-0.418982174082));
#658 = CARTESIAN_POINT('',(0.624462054537,-0.411485041533));
#659 = CARTESIAN_POINT('',(0.702741190579,-0.396059200749));
#660 = CARTESIAN_POINT('',(0.728157157812,-0.390220839027));
#661 = CARTESIAN_POINT('',(0.752866467147,-0.383646913796));
#662 = CARTESIAN_POINT('',(0.77684089479,-0.376293117704));
#663 = CARTESIAN_POINT('',(0.800053572934,-0.368109984754));
#664 = CARTESIAN_POINT('',(0.822478989765,-0.359042890309));
#665 = CARTESIAN_POINT('',(0.844092989455,-0.349032051091));
#666 = CARTESIAN_POINT('',(0.864872772167,-0.33801252518));
#667 = CARTESIAN_POINT('',(0.904721015942,-0.313815898853));
#668 = CARTESIAN_POINT('',(0.923878214602,-0.300500899336));
#669 = CARTESIAN_POINT('',(0.94140955509,-0.28699002923));
#670 = CARTESIAN_POINT('',(0.960166814422,-0.269430058188));
#671 = CARTESIAN_POINT('',(0.973808348022,-0.255682044418));
#672 = CARTESIAN_POINT('',(0.99061280816,-0.235578004447));
#673 = CARTESIAN_POINT('',(1.003461104823,-0.217115047442));
#674 = CARTESIAN_POINT('',(1.015330123049,-0.197916904845));
#675 = CARTESIAN_POINT('',(1.026029373221,-0.177624529796));
#676 = ( GEOMETRIC_REPRESENTATION_CONTEXT(2) 
PARAMETRIC_REPRESENTATION_CONTEXT() REPRESENTATION_CONTEXT('2D SPACE',''
  ) );
#677 = ORIENTED_EDGE('',*,*,#678,.T.);
#678 = EDGE_CURVE('',#525,#22,#679,.T.);
#679 = SURFACE_CURVE('',#680,(#684,#691),.PCURVE_S1.);
#680 = LINE('',#681,#682);
#681 = CARTESIAN_POINT('',(9.,71.168033439251,15.484218114779));
#682 = VECTOR('',#683,1.);
#683 = DIRECTION('',(0.,-0.327110563883,-0.94498607344));
#684 = PCURVE('',#32,#685);
#685 = DEFINITIONAL_REPRESENTATION('',(#686),#690);
#686 = LINE('',#687,#688);
#687 = CARTESIAN_POINT('',(15.484218114779,-71.16803343925));
#688 = VECTOR('',#689,1.);
#689 = DIRECTION('',(-0.94498607344,0.327110563883));
#690 = ( GEOMETRIC_REPRESENTATION_CONTEXT(2) 
PARAMETRIC_REPRESENTATION_CONTEXT() REPRESENTATION_CONTEXT('2D SPACE',''
  ) );
#691 = PCURVE('',#692,#697);
#692 = CYLINDRICAL_SURFACE('',#693,0.8);
#693 = AXIS2_PLACEMENT_3D('',#694,#695,#696);
#694 = CARTESIAN_POINT('',(8.2,66.755988858752,2.738311548893));
#695 = DIRECTION('',(0.,0.327110563883,0.94498607344));
#696 = DIRECTION('',(1.,0.,-0.));
#697 = DEFINITIONAL_REPRESENTATION('',(#698),#724);
#698 = B_SPLINE_CURVE_WITH_KNOTS('',3,(#699,#700,#701,#702,#703,#704,
    #705,#706,#707,#708,#709,#710,#711,#712,#713,#714,#715,#716,#717,
    #718,#719,#720,#721,#722,#723),.UNSPECIFIED.,.F.,.F.,(4,1,1,1,1,1,1,
    1,1,1,1,1,1,1,1,1,1,1,1,1,1,1,4),(0.,0.624550719929,1.249101439858,
    1.873652159787,2.498202879716,3.122753599645,3.747304319574,
    4.371855039503,4.996405759432,5.62095647936,6.245507199289,
    6.870057919218,7.494608639147,8.119159359076,8.743710079005,
    9.368260798934,9.992811518863,10.617362238792,11.241912958721,
    11.86646367865,12.491014398579,13.115565118508,13.740115838437),
  .QUASI_UNIFORM_KNOTS.);
#699 = CARTESIAN_POINT('',(0.,13.487930588737));
#700 = CARTESIAN_POINT('',(1.06581410364E-14,13.279747015427));
#701 = CARTESIAN_POINT('',(2.13162820728E-14,12.863379868808));
#702 = CARTESIAN_POINT('',(1.68753899743E-14,12.238829148879));
#703 = CARTESIAN_POINT('',(1.7763568394E-14,11.61427842895));
#704 = CARTESIAN_POINT('',(1.42108547152E-14,10.989727709021));
#705 = CARTESIAN_POINT('',(2.84217094304E-14,10.365176989092));
#706 = CARTESIAN_POINT('',(-1.59872115546E-14,9.740626269163));
#707 = CARTESIAN_POINT('',(3.552713678801E-14,9.116075549234));
#708 = CARTESIAN_POINT('',(-1.86517468137E-14,8.491524829305));
#709 = CARTESIAN_POINT('',(3.552713678801E-14,7.866974109376));
#710 = CARTESIAN_POINT('',(-1.68753899743E-14,7.242423389447));
#711 = CARTESIAN_POINT('',(3.28626015289E-14,6.617872669518));
#712 = CARTESIAN_POINT('',(-9.769962616701E-15,5.99332194959));
#713 = CARTESIAN_POINT('',(1.7763568394E-15,5.368771229661));
#714 = CARTESIAN_POINT('',(-1.7763568394E-15,4.744220509732));
#715 = CARTESIAN_POINT('',(8.881784197001E-16,4.119669789803));
#716 = CARTESIAN_POINT('',(-1.7763568394E-15,3.495119069874));
#717 = CARTESIAN_POINT('',(0.,2.870568349945));
#718 = CARTESIAN_POINT('',(0.,2.246017630016));
#719 = CARTESIAN_POINT('',(8.881784197001E-16,1.621466910087));
#720 = CARTESIAN_POINT('',(-6.217248937901E-15,0.996916190158));
#721 = CARTESIAN_POINT('',(2.48689957516E-14,0.372365470229));
#722 = CARTESIAN_POINT('',(1.7763568394E-14,-4.400167639027E-02));
#723 = CARTESIAN_POINT('',(0.,-0.2521852497));
#724 = ( GEOMETRIC_REPRESENTATION_CONTEXT(2) 
PARAMETRIC_REPRESENTATION_CONTEXT() REPRESENTATION_CONTEXT('2D SPACE',''
  ) );
#725 = ADVANCED_FACE('',(#726),#72,.T.);
#726 = FACE_BOUND('',#727,.F.);
#727 = EDGE_LOOP('',(#728,#729,#758,#786));
#728 = ORIENTED_EDGE('',*,*,#56,.F.);
#729 = ORIENTED_EDGE('',*,*,#730,.T.);
#730 = EDGE_CURVE('',#57,#731,#733,.T.);
#731 = VERTEX_POINT('',#732);
#732 = CARTESIAN_POINT('',(5.,0.,0.2));
#733 = SURFACE_CURVE('',#734,(#739,#746),.PCURVE_S1.);
#734 = CIRCLE('',#735,4.);
#735 = AXIS2_PLACEMENT_3D('',#736,#737,#738);
#736 = CARTESIAN_POINT('',(5.,4.,0.2));
#737 = DIRECTION('',(0.,-0.,-1.));
#738 = DIRECTION('',(1.,0.,-0.));
#739 = PCURVE('',#72,#740);
#740 = DEFINITIONAL_REPRESENTATION('',(#741),#745);
#741 = LINE('',#742,#743);
#742 = CARTESIAN_POINT('',(-0.,0.2));
#743 = VECTOR('',#744,1.);
#744 = DIRECTION('',(-1.,0.));
#745 = ( GEOMETRIC_REPRESENTATION_CONTEXT(2) 
PARAMETRIC_REPRESENTATION_CONTEXT() REPRESENTATION_CONTEXT('2D SPACE',''
  ) );
#746 = PCURVE('',#747,#752);
#747 = TOROIDAL_SURFACE('',#748,3.8,0.2);
#748 = AXIS2_PLACEMENT_3D('',#749,#750,#751);
#749 = CARTESIAN_POINT('',(5.,4.,0.2));
#750 = DIRECTION('',(-0.,-0.,-1.));
#751 = DIRECTION('',(1.,0.,-0.));
#752 = DEFINITIONAL_REPRESENTATION('',(#753),#757);
#753 = LINE('',#754,#755);
#754 = CARTESIAN_POINT('',(0.,0.));
#755 = VECTOR('',#756,1.);
#756 = DIRECTION('',(1.,0.));
#757 = ( GEOMETRIC_REPRESENTATION_CONTEXT(2) 
PARAMETRIC_REPRESENTATION_CONTEXT() REPRESENTATION_CONTEXT('2D SPACE',''
  ) );
#758 = ORIENTED_EDGE('',*,*,#759,.T.);
#759 = EDGE_CURVE('',#731,#760,#762,.T.);
#760 = VERTEX_POINT('',#761);
#761 = CARTESIAN_POINT('',(5.,0.,2.5));
#762 = SURFACE_CURVE('',#763,(#767,#774),.PCURVE_S1.);
#763 = LINE('',#764,#765);
#764 = CARTESIAN_POINT('',(5.,0.,0.));
#765 = VECTOR('',#766,1.);
#766 = DIRECTION('',(0.,0.,1.));
#767 = PCURVE('',#72,#768);
#768 = DEFINITIONAL_REPRESENTATION('',(#769),#773);
#769 = LINE('',#770,#771);
#770 = CARTESIAN_POINT('',(-1.570796326795,0.));
#771 = VECTOR('',#772,1.);
#772 = DIRECTION('',(-0.,1.));
#773 = ( GEOMETRIC_REPRESENTATION_CONTEXT(2) 
PARAMETRIC_REPRESENTATION_CONTEXT() REPRESENTATION_CONTEXT('2D SPACE',''
  ) );
#774 = PCURVE('',#775,#780);
#775 = PLANE('',#776);
#776 = AXIS2_PLACEMENT_3D('',#777,#778,#779);
#777 = CARTESIAN_POINT('',(-9.,0.,0.));
#778 = DIRECTION('',(0.,1.,0.));
#779 = DIRECTION('',(0.,0.,1.));
#780 = DEFINITIONAL_REPRESENTATION('',(#781),#785);
#781 = LINE('',#782,#783);
#782 = CARTESIAN_POINT('',(0.,14.));
#783 = VECTOR('',#784,1.);
#784 = DIRECTION('',(1.,0.));
#785 = ( GEOMETRIC_REPRESENTATION_CONTEXT(2) 
PARAMETRIC_REPRESENTATION_CONTEXT() REPRESENTATION_CONTEXT('2D SPACE',''
  ) );
#786 = ORIENTED_EDGE('',*,*,#787,.F.);
#787 = EDGE_CURVE('',#24,#760,#788,.T.);
#788 = SURFACE_CURVE('',#789,(#794,#801),.PCURVE_S1.);
#789 = CIRCLE('',#790,4.);
#790 = AXIS2_PLACEMENT_3D('',#791,#792,#793);
#791 = CARTESIAN_POINT('',(5.,4.,2.5));
#792 = DIRECTION('',(0.,-0.,-1.));
#793 = DIRECTION('',(1.,0.,-0.));
#794 = PCURVE('',#72,#795);
#795 = DEFINITIONAL_REPRESENTATION('',(#796),#800);
#796 = LINE('',#797,#798);
#797 = CARTESIAN_POINT('',(-0.,2.5));
#798 = VECTOR('',#799,1.);
#799 = DIRECTION('',(-1.,0.));
#800 = ( GEOMETRIC_REPRESENTATION_CONTEXT(2) 
PARAMETRIC_REPRESENTATION_CONTEXT() REPRESENTATION_CONTEXT('2D SPACE',''
  ) );
#801 = PCURVE('',#802,#807);
#802 = TOROIDAL_SURFACE('',#803,3.5,0.5);
#803 = AXIS2_PLACEMENT_3D('',#804,#805,#806);
#804 = CARTESIAN_POINT('',(5.,4.,2.5));
#805 = DIRECTION('',(0.,0.,1.));
#806 = DIRECTION('',(1.,0.,-0.));
#807 = DEFINITIONAL_REPRESENTATION('',(#808),#812);
#808 = LINE('',#809,#810);
#809 = CARTESIAN_POINT('',(-0.,0.));
#810 = VECTOR('',#811,1.);
#811 = DIRECTION('',(-1.,0.));
#812 = ( GEOMETRIC_REPRESENTATION_CONTEXT(2) 
PARAMETRIC_REPRESENTATION_CONTEXT() REPRESENTATION_CONTEXT('2D SPACE',''
  ) );
#813 = ADVANCED_FACE('',(#814),#775,.F.);
#814 = FACE_BOUND('',#815,.F.);
#815 = EDGE_LOOP('',(#816,#846,#872,#873));
#816 = ORIENTED_EDGE('',*,*,#817,.T.);
#817 = EDGE_CURVE('',#818,#820,#822,.T.);
#818 = VERTEX_POINT('',#819);
#819 = CARTESIAN_POINT('',(-5.,0.,0.2));
#820 = VERTEX_POINT('',#821);
#821 = CARTESIAN_POINT('',(-5.,0.,2.5));
#822 = SURFACE_CURVE('',#823,(#827,#834),.PCURVE_S1.);
#823 = LINE('',#824,#825);
#824 = CARTESIAN_POINT('',(-5.,0.,0.));
#825 = VECTOR('',#826,1.);
#826 = DIRECTION('',(0.,0.,1.));
#827 = PCURVE('',#775,#828);
#828 = DEFINITIONAL_REPRESENTATION('',(#829),#833);
#829 = LINE('',#830,#831);
#830 = CARTESIAN_POINT('',(0.,4.));
#831 = VECTOR('',#832,1.);
#832 = DIRECTION('',(1.,0.));
#833 = ( GEOMETRIC_REPRESENTATION_CONTEXT(2) 
PARAMETRIC_REPRESENTATION_CONTEXT() REPRESENTATION_CONTEXT('2D SPACE',''
  ) );
#834 = PCURVE('',#835,#840);
#835 = CYLINDRICAL_SURFACE('',#836,4.);
#836 = AXIS2_PLACEMENT_3D('',#837,#838,#839);
#837 = CARTESIAN_POINT('',(-5.,4.,0.));
#838 = DIRECTION('',(0.,0.,1.));
#839 = DIRECTION('',(-1.,-0.,0.));
#840 = DEFINITIONAL_REPRESENTATION('',(#841),#845);
#841 = LINE('',#842,#843);
#842 = CARTESIAN_POINT('',(1.570796326795,0.));
#843 = VECTOR('',#844,1.);
#844 = DIRECTION('',(0.,1.));
#845 = ( GEOMETRIC_REPRESENTATION_CONTEXT(2) 
PARAMETRIC_REPRESENTATION_CONTEXT() REPRESENTATION_CONTEXT('2D SPACE',''
  ) );
#846 = ORIENTED_EDGE('',*,*,#847,.F.);
#847 = EDGE_CURVE('',#760,#820,#848,.T.);
#848 = SURFACE_CURVE('',#849,(#853,#860),.PCURVE_S1.);
#849 = LINE('',#850,#851);
#850 = CARTESIAN_POINT('',(5.,0.,2.5));
#851 = VECTOR('',#852,1.);
#852 = DIRECTION('',(-1.,-0.,-0.));
#853 = PCURVE('',#775,#854);
#854 = DEFINITIONAL_REPRESENTATION('',(#855),#859);
#855 = LINE('',#856,#857);
#856 = CARTESIAN_POINT('',(2.5,14.));
#857 = VECTOR('',#858,1.);
#858 = DIRECTION('',(0.,-1.));
#859 = ( GEOMETRIC_REPRESENTATION_CONTEXT(2) 
PARAMETRIC_REPRESENTATION_CONTEXT() REPRESENTATION_CONTEXT('2D SPACE',''
  ) );
#860 = PCURVE('',#861,#866);
#861 = CYLINDRICAL_SURFACE('',#862,0.5);
#862 = AXIS2_PLACEMENT_3D('',#863,#864,#865);
#863 = CARTESIAN_POINT('',(5.,0.5,2.5));
#864 = DIRECTION('',(-1.,-0.,-0.));
#865 = DIRECTION('',(0.,-1.,0.));
#866 = DEFINITIONAL_REPRESENTATION('',(#867),#871);
#867 = LINE('',#868,#869);
#868 = CARTESIAN_POINT('',(0.,0.));
#869 = VECTOR('',#870,1.);
#870 = DIRECTION('',(0.,1.));
#871 = ( GEOMETRIC_REPRESENTATION_CONTEXT(2) 
PARAMETRIC_REPRESENTATION_CONTEXT() REPRESENTATION_CONTEXT('2D SPACE',''
  ) );
#872 = ORIENTED_EDGE('',*,*,#759,.F.);
#873 = ORIENTED_EDGE('',*,*,#874,.T.);
#874 = EDGE_CURVE('',#731,#818,#875,.T.);
#875 = SURFACE_CURVE('',#876,(#880,#887),.PCURVE_S1.);
#876 = LINE('',#877,#878);
#877 = CARTESIAN_POINT('',(5.,0.,0.2));
#878 = VECTOR('',#879,1.);
#879 = DIRECTION('',(-1.,-0.,-0.));
#880 = PCURVE('',#775,#881);
#881 = DEFINITIONAL_REPRESENTATION('',(#882),#886);
#882 = LINE('',#883,#884);
#883 = CARTESIAN_POINT('',(0.2,14.));
#884 = VECTOR('',#885,1.);
#885 = DIRECTION('',(0.,-1.));
#886 = ( GEOMETRIC_REPRESENTATION_CONTEXT(2) 
PARAMETRIC_REPRESENTATION_CONTEXT() REPRESENTATION_CONTEXT('2D SPACE',''
  ) );
#887 = PCURVE('',#888,#893);
#888 = CYLINDRICAL_SURFACE('',#889,0.2);
#889 = AXIS2_PLACEMENT_3D('',#890,#891,#892);
#890 = CARTESIAN_POINT('',(5.,0.2,0.2));
#891 = DIRECTION('',(-1.,-0.,-0.));
#892 = DIRECTION('',(0.,-1.,0.));
#893 = DEFINITIONAL_REPRESENTATION('',(#894),#898);
#894 = LINE('',#895,#896);
#895 = CARTESIAN_POINT('',(-0.,0.));
#896 = VECTOR('',#897,1.);
#897 = DIRECTION('',(-0.,1.));
#898 = ( GEOMETRIC_REPRESENTATION_CONTEXT(2) 
PARAMETRIC_REPRESENTATION_CONTEXT() REPRESENTATION_CONTEXT('2D SPACE',''
  ) );
#899 = ADVANCED_FACE('',(#900),#888,.T.);
#900 = FACE_BOUND('',#901,.F.);
#901 = EDGE_LOOP('',(#902,#926,#954,#981));
#902 = ORIENTED_EDGE('',*,*,#903,.T.);
#903 = EDGE_CURVE('',#731,#904,#906,.T.);
#904 = VERTEX_POINT('',#905);
#905 = CARTESIAN_POINT('',(5.,0.2,0.));
#906 = SURFACE_CURVE('',#907,(#912,#919),.PCURVE_S1.);
#907 = CIRCLE('',#908,0.2);
#908 = AXIS2_PLACEMENT_3D('',#909,#910,#911);
#909 = CARTESIAN_POINT('',(5.,0.2,0.2));
#910 = DIRECTION('',(1.,6.123233995737E-17,0.));
#911 = DIRECTION('',(6.123233995737E-17,-1.,0.));
#912 = PCURVE('',#888,#913);
#913 = DEFINITIONAL_REPRESENTATION('',(#914),#918);
#914 = LINE('',#915,#916);
#915 = CARTESIAN_POINT('',(-0.,0.));
#916 = VECTOR('',#917,1.);
#917 = DIRECTION('',(-1.,0.));
#918 = ( GEOMETRIC_REPRESENTATION_CONTEXT(2) 
PARAMETRIC_REPRESENTATION_CONTEXT() REPRESENTATION_CONTEXT('2D SPACE',''
  ) );
#919 = PCURVE('',#747,#920);
#920 = DEFINITIONAL_REPRESENTATION('',(#921),#925);
#921 = LINE('',#922,#923);
#922 = CARTESIAN_POINT('',(1.570796326795,0.));
#923 = VECTOR('',#924,1.);
#924 = DIRECTION('',(0.,1.));
#925 = ( GEOMETRIC_REPRESENTATION_CONTEXT(2) 
PARAMETRIC_REPRESENTATION_CONTEXT() REPRESENTATION_CONTEXT('2D SPACE',''
  ) );
#926 = ORIENTED_EDGE('',*,*,#927,.T.);
#927 = EDGE_CURVE('',#904,#928,#930,.T.);
#928 = VERTEX_POINT('',#929);
#929 = CARTESIAN_POINT('',(-5.,0.2,-2.775557561563E-17));
#930 = SURFACE_CURVE('',#931,(#935,#942),.PCURVE_S1.);
#931 = LINE('',#932,#933);
#932 = CARTESIAN_POINT('',(5.,0.2,-2.775557561563E-17));
#933 = VECTOR('',#934,1.);
#934 = DIRECTION('',(-1.,-0.,-0.));
#935 = PCURVE('',#888,#936);
#936 = DEFINITIONAL_REPRESENTATION('',(#937),#941);
#937 = LINE('',#938,#939);
#938 = CARTESIAN_POINT('',(-1.570796326795,0.));
#939 = VECTOR('',#940,1.);
#940 = DIRECTION('',(-0.,1.));
#941 = ( GEOMETRIC_REPRESENTATION_CONTEXT(2) 
PARAMETRIC_REPRESENTATION_CONTEXT() REPRESENTATION_CONTEXT('2D SPACE',''
  ) );
#942 = PCURVE('',#943,#948);
#943 = PLANE('',#944);
#944 = AXIS2_PLACEMENT_3D('',#945,#946,#947);
#945 = CARTESIAN_POINT('',(-9.,0.,0.));
#946 = DIRECTION('',(0.,0.,1.));
#947 = DIRECTION('',(1.,0.,0.));
#948 = DEFINITIONAL_REPRESENTATION('',(#949),#953);
#949 = LINE('',#950,#951);
#950 = CARTESIAN_POINT('',(14.,0.2));
#951 = VECTOR('',#952,1.);
#952 = DIRECTION('',(-1.,0.));
#953 = ( GEOMETRIC_REPRESENTATION_CONTEXT(2) 
PARAMETRIC_REPRESENTATION_CONTEXT() REPRESENTATION_CONTEXT('2D SPACE',''
  ) );
#954 = ORIENTED_EDGE('',*,*,#955,.F.);
#955 = EDGE_CURVE('',#818,#928,#956,.T.);
#956 = SURFACE_CURVE('',#957,(#962,#969),.PCURVE_S1.);
#957 = CIRCLE('',#958,0.2);
#958 = AXIS2_PLACEMENT_3D('',#959,#960,#961);
#959 = CARTESIAN_POINT('',(-5.,0.2,0.2));
#960 = DIRECTION('',(1.,0.,0.));
#961 = DIRECTION('',(0.,-1.,0.));
#962 = PCURVE('',#888,#963);
#963 = DEFINITIONAL_REPRESENTATION('',(#964),#968);
#964 = LINE('',#965,#966);
#965 = CARTESIAN_POINT('',(-0.,10.));
#966 = VECTOR('',#967,1.);
#967 = DIRECTION('',(-1.,0.));
#968 = ( GEOMETRIC_REPRESENTATION_CONTEXT(2) 
PARAMETRIC_REPRESENTATION_CONTEXT() REPRESENTATION_CONTEXT('2D SPACE',''
  ) );
#969 = PCURVE('',#970,#975);
#970 = TOROIDAL_SURFACE('',#971,3.8,0.2);
#971 = AXIS2_PLACEMENT_3D('',#972,#973,#974);
#972 = CARTESIAN_POINT('',(-5.,4.,0.2));
#973 = DIRECTION('',(-0.,-0.,-1.));
#974 = DIRECTION('',(-2.22044604925E-16,-1.,0.));
#975 = DEFINITIONAL_REPRESENTATION('',(#976),#980);
#976 = LINE('',#977,#978);
#977 = CARTESIAN_POINT('',(-2.22044604925E-16,0.));
#978 = VECTOR('',#979,1.);
#979 = DIRECTION('',(0.,1.));
#980 = ( GEOMETRIC_REPRESENTATION_CONTEXT(2) 
PARAMETRIC_REPRESENTATION_CONTEXT() REPRESENTATION_CONTEXT('2D SPACE',''
  ) );
#981 = ORIENTED_EDGE('',*,*,#874,.F.);
#982 = ADVANCED_FACE('',(#983),#970,.T.);
#983 = FACE_BOUND('',#984,.T.);
#984 = EDGE_LOOP('',(#985,#986,#1010,#1039));
#985 = ORIENTED_EDGE('',*,*,#955,.F.);
#986 = ORIENTED_EDGE('',*,*,#987,.T.);
#987 = EDGE_CURVE('',#818,#988,#990,.T.);
#988 = VERTEX_POINT('',#989);
#989 = CARTESIAN_POINT('',(-9.,4.,0.2));
#990 = SURFACE_CURVE('',#991,(#996,#1003),.PCURVE_S1.);
#991 = CIRCLE('',#992,4.);
#992 = AXIS2_PLACEMENT_3D('',#993,#994,#995);
#993 = CARTESIAN_POINT('',(-5.,4.,0.2));
#994 = DIRECTION('',(-0.,0.,-1.));
#995 = DIRECTION('',(-2.22044604925E-16,-1.,0.));
#996 = PCURVE('',#970,#997);
#997 = DEFINITIONAL_REPRESENTATION('',(#998),#1002);
#998 = LINE('',#999,#1000);
#999 = CARTESIAN_POINT('',(0.,0.));
#1000 = VECTOR('',#1001,1.);
#1001 = DIRECTION('',(1.,0.));
#1002 = ( GEOMETRIC_REPRESENTATION_CONTEXT(2) 
PARAMETRIC_REPRESENTATION_CONTEXT() REPRESENTATION_CONTEXT('2D SPACE',''
  ) );
#1003 = PCURVE('',#835,#1004);
#1004 = DEFINITIONAL_REPRESENTATION('',(#1005),#1009);
#1005 = LINE('',#1006,#1007);
#1006 = CARTESIAN_POINT('',(1.570796326795,0.2));
#1007 = VECTOR('',#1008,1.);
#1008 = DIRECTION('',(-1.,-0.));
#1009 = ( GEOMETRIC_REPRESENTATION_CONTEXT(2) 
PARAMETRIC_REPRESENTATION_CONTEXT() REPRESENTATION_CONTEXT('2D SPACE',''
  ) );
#1010 = ORIENTED_EDGE('',*,*,#1011,.T.);
#1011 = EDGE_CURVE('',#988,#1012,#1014,.T.);
#1012 = VERTEX_POINT('',#1013);
#1013 = CARTESIAN_POINT('',(-8.8,4.,-2.775557561563E-17));
#1014 = SURFACE_CURVE('',#1015,(#1020,#1027),.PCURVE_S1.);
#1015 = CIRCLE('',#1016,0.2);
#1016 = AXIS2_PLACEMENT_3D('',#1017,#1018,#1019);
#1017 = CARTESIAN_POINT('',(-8.8,4.,0.2));
#1018 = DIRECTION('',(-0.,-1.,-0.));
#1019 = DIRECTION('',(-1.,0.,0.));
#1020 = PCURVE('',#970,#1021);
#1021 = DEFINITIONAL_REPRESENTATION('',(#1022),#1026);
#1022 = LINE('',#1023,#1024);
#1023 = CARTESIAN_POINT('',(1.570796326795,0.));
#1024 = VECTOR('',#1025,1.);
#1025 = DIRECTION('',(0.,1.));
#1026 = ( GEOMETRIC_REPRESENTATION_CONTEXT(2) 
PARAMETRIC_REPRESENTATION_CONTEXT() REPRESENTATION_CONTEXT('2D SPACE',''
  ) );
#1027 = PCURVE('',#1028,#1033);
#1028 = CYLINDRICAL_SURFACE('',#1029,0.2);
#1029 = AXIS2_PLACEMENT_3D('',#1030,#1031,#1032);
#1030 = CARTESIAN_POINT('',(-8.8,4.,0.2));
#1031 = DIRECTION('',(0.,1.,0.));
#1032 = DIRECTION('',(-1.,0.,0.));
#1033 = DEFINITIONAL_REPRESENTATION('',(#1034),#1038);
#1034 = LINE('',#1035,#1036);
#1035 = CARTESIAN_POINT('',(-0.,0.));
#1036 = VECTOR('',#1037,1.);
#1037 = DIRECTION('',(-1.,0.));
#1038 = ( GEOMETRIC_REPRESENTATION_CONTEXT(2) 
PARAMETRIC_REPRESENTATION_CONTEXT() REPRESENTATION_CONTEXT('2D SPACE',''
  ) );
#1039 = ORIENTED_EDGE('',*,*,#1040,.F.);
#1040 = EDGE_CURVE('',#928,#1012,#1041,.T.);
#1041 = SURFACE_CURVE('',#1042,(#1047,#1054),.PCURVE_S1.);
#1042 = CIRCLE('',#1043,3.8);
#1043 = AXIS2_PLACEMENT_3D('',#1044,#1045,#1046);
#1044 = CARTESIAN_POINT('',(-5.,4.,0.));
#1045 = DIRECTION('',(-0.,0.,-1.));
#1046 = DIRECTION('',(-2.22044604925E-16,-1.,0.));
#1047 = PCURVE('',#970,#1048);
#1048 = DEFINITIONAL_REPRESENTATION('',(#1049),#1053);
#1049 = LINE('',#1050,#1051);
#1050 = CARTESIAN_POINT('',(0.,1.570796326795));
#1051 = VECTOR('',#1052,1.);
#1052 = DIRECTION('',(1.,0.));
#1053 = ( GEOMETRIC_REPRESENTATION_CONTEXT(2) 
PARAMETRIC_REPRESENTATION_CONTEXT() REPRESENTATION_CONTEXT('2D SPACE',''
  ) );
#1054 = PCURVE('',#943,#1055);
#1055 = DEFINITIONAL_REPRESENTATION('',(#1056),#1064);
#1056 = ( BOUNDED_CURVE() B_SPLINE_CURVE(2,(#1057,#1058,#1059,#1060,
#1061,#1062,#1063),.UNSPECIFIED.,.T.,.F.) B_SPLINE_CURVE_WITH_KNOTS((1,2
    ,2,2,2,1),(-2.094395102393,0.,2.094395102393,4.188790204786,
6.28318530718,8.377580409573),.UNSPECIFIED.) CURVE() 
GEOMETRIC_REPRESENTATION_ITEM() RATIONAL_B_SPLINE_CURVE((1.,0.5,1.,0.5,
1.,0.5,1.)) REPRESENTATION_ITEM('') );
#1057 = CARTESIAN_POINT('',(4.,0.2));
#1058 = CARTESIAN_POINT('',(-2.581793068762,0.2));
#1059 = CARTESIAN_POINT('',(0.709103465619,5.9));
#1060 = CARTESIAN_POINT('',(4.,11.6));
#1061 = CARTESIAN_POINT('',(7.290896534381,5.9));
#1062 = CARTESIAN_POINT('',(10.581793068762,0.2));
#1063 = CARTESIAN_POINT('',(4.,0.2));
#1064 = ( GEOMETRIC_REPRESENTATION_CONTEXT(2) 
PARAMETRIC_REPRESENTATION_CONTEXT() REPRESENTATION_CONTEXT('2D SPACE',''
  ) );
#1065 = ADVANCED_FACE('',(#1066),#1028,.T.);
#1066 = FACE_BOUND('',#1067,.F.);
#1067 = EDGE_LOOP('',(#1068,#1069,#1092,#1121));
#1068 = ORIENTED_EDGE('',*,*,#1011,.T.);
#1069 = ORIENTED_EDGE('',*,*,#1070,.T.);
#1070 = EDGE_CURVE('',#1012,#1071,#1073,.T.);
#1071 = VERTEX_POINT('',#1072);
#1072 = CARTESIAN_POINT('',(-8.8,82.,-2.775557561563E-17));
#1073 = SURFACE_CURVE('',#1074,(#1078,#1085),.PCURVE_S1.);
#1074 = LINE('',#1075,#1076);
#1075 = CARTESIAN_POINT('',(-8.8,4.,-2.775557561563E-17));
#1076 = VECTOR('',#1077,1.);
#1077 = DIRECTION('',(0.,1.,0.));
#1078 = PCURVE('',#1028,#1079);
#1079 = DEFINITIONAL_REPRESENTATION('',(#1080),#1084);
#1080 = LINE('',#1081,#1082);
#1081 = CARTESIAN_POINT('',(-1.570796326795,0.));
#1082 = VECTOR('',#1083,1.);
#1083 = DIRECTION('',(-0.,1.));
#1084 = ( GEOMETRIC_REPRESENTATION_CONTEXT(2) 
PARAMETRIC_REPRESENTATION_CONTEXT() REPRESENTATION_CONTEXT('2D SPACE',''
  ) );
#1085 = PCURVE('',#943,#1086);
#1086 = DEFINITIONAL_REPRESENTATION('',(#1087),#1091);
#1087 = LINE('',#1088,#1089);
#1088 = CARTESIAN_POINT('',(0.2,4.));
#1089 = VECTOR('',#1090,1.);
#1090 = DIRECTION('',(0.,1.));
#1091 = ( GEOMETRIC_REPRESENTATION_CONTEXT(2) 
PARAMETRIC_REPRESENTATION_CONTEXT() REPRESENTATION_CONTEXT('2D SPACE',''
  ) );
#1092 = ORIENTED_EDGE('',*,*,#1093,.F.);
#1093 = EDGE_CURVE('',#1094,#1071,#1096,.T.);
#1094 = VERTEX_POINT('',#1095);
#1095 = CARTESIAN_POINT('',(-9.,82.,0.2));
#1096 = SURFACE_CURVE('',#1097,(#1102,#1109),.PCURVE_S1.);
#1097 = CIRCLE('',#1098,0.2);
#1098 = AXIS2_PLACEMENT_3D('',#1099,#1100,#1101);
#1099 = CARTESIAN_POINT('',(-8.8,82.,0.2));
#1100 = DIRECTION('',(-0.,-1.,-0.));
#1101 = DIRECTION('',(-1.,0.,0.));
#1102 = PCURVE('',#1028,#1103);
#1103 = DEFINITIONAL_REPRESENTATION('',(#1104),#1108);
#1104 = LINE('',#1105,#1106);
#1105 = CARTESIAN_POINT('',(-0.,78.));
#1106 = VECTOR('',#1107,1.);
#1107 = DIRECTION('',(-1.,0.));
#1108 = ( GEOMETRIC_REPRESENTATION_CONTEXT(2) 
PARAMETRIC_REPRESENTATION_CONTEXT() REPRESENTATION_CONTEXT('2D SPACE',''
  ) );
#1109 = PCURVE('',#1110,#1115);
#1110 = TOROIDAL_SURFACE('',#1111,3.8,0.2);
#1111 = AXIS2_PLACEMENT_3D('',#1112,#1113,#1114);
#1112 = CARTESIAN_POINT('',(-5.,82.,0.2));
#1113 = DIRECTION('',(-0.,-0.,-1.));
#1114 = DIRECTION('',(-1.,0.,0.));
#1115 = DEFINITIONAL_REPRESENTATION('',(#1116),#1120);
#1116 = LINE('',#1117,#1118);
#1117 = CARTESIAN_POINT('',(0.,0.));
#1118 = VECTOR('',#1119,1.);
#1119 = DIRECTION('',(0.,1.));
#1120 = ( GEOMETRIC_REPRESENTATION_CONTEXT(2) 
PARAMETRIC_REPRESENTATION_CONTEXT() REPRESENTATION_CONTEXT('2D SPACE',''
  ) );
#1121 = ORIENTED_EDGE('',*,*,#1122,.F.);
#1122 = EDGE_CURVE('',#988,#1094,#1123,.T.);
#1123 = SURFACE_CURVE('',#1124,(#1128,#1135),.PCURVE_S1.);
#1124 = LINE('',#1125,#1126);
#1125 = CARTESIAN_POINT('',(-9.,4.,0.2));
#1126 = VECTOR('',#1127,1.);
#1127 = DIRECTION('',(0.,1.,0.));
#1128 = PCURVE('',#1028,#1129);
#1129 = DEFINITIONAL_REPRESENTATION('',(#1130),#1134);
#1130 = LINE('',#1131,#1132);
#1131 = CARTESIAN_POINT('',(-0.,0.));
#1132 = VECTOR('',#1133,1.);
#1133 = DIRECTION('',(-0.,1.));
#1134 = ( GEOMETRIC_REPRESENTATION_CONTEXT(2) 
PARAMETRIC_REPRESENTATION_CONTEXT() REPRESENTATION_CONTEXT('2D SPACE',''
  ) );
#1135 = PCURVE('',#1136,#1141);
#1136 = PLANE('',#1137);
#1137 = AXIS2_PLACEMENT_3D('',#1138,#1139,#1140);
#1138 = CARTESIAN_POINT('',(-9.,0.,0.));
#1139 = DIRECTION('',(1.,0.,0.));
#1140 = DIRECTION('',(0.,0.,1.));
#1141 = DEFINITIONAL_REPRESENTATION('',(#1142),#1146);
#1142 = LINE('',#1143,#1144);
#1143 = CARTESIAN_POINT('',(0.2,-4.));
#1144 = VECTOR('',#1145,1.);
#1145 = DIRECTION('',(0.,-1.));
#1146 = ( GEOMETRIC_REPRESENTATION_CONTEXT(2) 
PARAMETRIC_REPRESENTATION_CONTEXT() REPRESENTATION_CONTEXT('2D SPACE',''
  ) );
#1147 = ADVANCED_FACE('',(#1148),#1110,.T.);
#1148 = FACE_BOUND('',#1149,.T.);
#1149 = EDGE_LOOP('',(#1150,#1151,#1180,#1209));
#1150 = ORIENTED_EDGE('',*,*,#1093,.F.);
#1151 = ORIENTED_EDGE('',*,*,#1152,.T.);
#1152 = EDGE_CURVE('',#1094,#1153,#1155,.T.);
#1153 = VERTEX_POINT('',#1154);
#1154 = CARTESIAN_POINT('',(-5.,86.,0.2));
#1155 = SURFACE_CURVE('',#1156,(#1161,#1168),.PCURVE_S1.);
#1156 = CIRCLE('',#1157,4.);
#1157 = AXIS2_PLACEMENT_3D('',#1158,#1159,#1160);
#1158 = CARTESIAN_POINT('',(-5.,82.,0.2));
#1159 = DIRECTION('',(-0.,0.,-1.));
#1160 = DIRECTION('',(-1.,0.,0.));
#1161 = PCURVE('',#1110,#1162);
#1162 = DEFINITIONAL_REPRESENTATION('',(#1163),#1167);
#1163 = LINE('',#1164,#1165);
#1164 = CARTESIAN_POINT('',(0.,0.));
#1165 = VECTOR('',#1166,1.);
#1166 = DIRECTION('',(1.,0.));
#1167 = ( GEOMETRIC_REPRESENTATION_CONTEXT(2) 
PARAMETRIC_REPRESENTATION_CONTEXT() REPRESENTATION_CONTEXT('2D SPACE',''
  ) );
#1168 = PCURVE('',#1169,#1174);
#1169 = CYLINDRICAL_SURFACE('',#1170,4.);
#1170 = AXIS2_PLACEMENT_3D('',#1171,#1172,#1173);
#1171 = CARTESIAN_POINT('',(-5.,82.,0.));
#1172 = DIRECTION('',(0.,0.,1.));
#1173 = DIRECTION('',(-1.,-0.,0.));
#1174 = DEFINITIONAL_REPRESENTATION('',(#1175),#1179);
#1175 = LINE('',#1176,#1177);
#1176 = CARTESIAN_POINT('',(-0.,0.2));
#1177 = VECTOR('',#1178,1.);
#1178 = DIRECTION('',(-1.,0.));
#1179 = ( GEOMETRIC_REPRESENTATION_CONTEXT(2) 
PARAMETRIC_REPRESENTATION_CONTEXT() REPRESENTATION_CONTEXT('2D SPACE',''
  ) );
#1180 = ORIENTED_EDGE('',*,*,#1181,.T.);
#1181 = EDGE_CURVE('',#1153,#1182,#1184,.T.);
#1182 = VERTEX_POINT('',#1183);
#1183 = CARTESIAN_POINT('',(-5.,85.8,0.));
#1184 = SURFACE_CURVE('',#1185,(#1190,#1197),.PCURVE_S1.);
#1185 = CIRCLE('',#1186,0.2);
#1186 = AXIS2_PLACEMENT_3D('',#1187,#1188,#1189);
#1187 = CARTESIAN_POINT('',(-5.,85.8,0.2));
#1188 = DIRECTION('',(-1.,-6.123233995737E-17,0.));
#1189 = DIRECTION('',(-6.123233995737E-17,1.,0.));
#1190 = PCURVE('',#1110,#1191);
#1191 = DEFINITIONAL_REPRESENTATION('',(#1192),#1196);
#1192 = LINE('',#1193,#1194);
#1193 = CARTESIAN_POINT('',(1.570796326795,0.));
#1194 = VECTOR('',#1195,1.);
#1195 = DIRECTION('',(0.,1.));
#1196 = ( GEOMETRIC_REPRESENTATION_CONTEXT(2) 
PARAMETRIC_REPRESENTATION_CONTEXT() REPRESENTATION_CONTEXT('2D SPACE',''
  ) );
#1197 = PCURVE('',#1198,#1203);
#1198 = CYLINDRICAL_SURFACE('',#1199,0.2);
#1199 = AXIS2_PLACEMENT_3D('',#1200,#1201,#1202);
#1200 = CARTESIAN_POINT('',(-5.,85.8,0.2));
#1201 = DIRECTION('',(1.,0.,0.));
#1202 = DIRECTION('',(-0.,1.,0.));
#1203 = DEFINITIONAL_REPRESENTATION('',(#1204),#1208);
#1204 = LINE('',#1205,#1206);
#1205 = CARTESIAN_POINT('',(-0.,0.));
#1206 = VECTOR('',#1207,1.);
#1207 = DIRECTION('',(-1.,0.));
#1208 = ( GEOMETRIC_REPRESENTATION_CONTEXT(2) 
PARAMETRIC_REPRESENTATION_CONTEXT() REPRESENTATION_CONTEXT('2D SPACE',''
  ) );
#1209 = ORIENTED_EDGE('',*,*,#1210,.F.);
#1210 = EDGE_CURVE('',#1071,#1182,#1211,.T.);
#1211 = SURFACE_CURVE('',#1212,(#1217,#1224),.PCURVE_S1.);
#1212 = CIRCLE('',#1213,3.8);
#1213 = AXIS2_PLACEMENT_3D('',#1214,#1215,#1216);
#1214 = CARTESIAN_POINT('',(-5.,82.,0.));
#1215 = DIRECTION('',(-0.,0.,-1.));
#1216 = DIRECTION('',(-1.,0.,0.));
#1217 = PCURVE('',#1110,#1218);
#1218 = DEFINITIONAL_REPRESENTATION('',(#1219),#1223);
#1219 = LINE('',#1220,#1221);
#1220 = CARTESIAN_POINT('',(0.,1.570796326795));
#1221 = VECTOR('',#1222,1.);
#1222 = DIRECTION('',(1.,0.));
#1223 = ( GEOMETRIC_REPRESENTATION_CONTEXT(2) 
PARAMETRIC_REPRESENTATION_CONTEXT() REPRESENTATION_CONTEXT('2D SPACE',''
  ) );
#1224 = PCURVE('',#943,#1225);
#1225 = DEFINITIONAL_REPRESENTATION('',(#1226),#1234);
#1226 = ( BOUNDED_CURVE() B_SPLINE_CURVE(2,(#1227,#1228,#1229,#1230,
#1231,#1232,#1233),.UNSPECIFIED.,.T.,.F.) B_SPLINE_CURVE_WITH_KNOTS((1,2
    ,2,2,2,1),(-2.094395102393,0.,2.094395102393,4.188790204786,
6.28318530718,8.377580409573),.UNSPECIFIED.) CURVE() 
GEOMETRIC_REPRESENTATION_ITEM() RATIONAL_B_SPLINE_CURVE((1.,0.5,1.,0.5,
1.,0.5,1.)) REPRESENTATION_ITEM('') );
#1227 = CARTESIAN_POINT('',(0.2,82.));
#1228 = CARTESIAN_POINT('',(0.2,88.581793068762));
#1229 = CARTESIAN_POINT('',(5.9,85.290896534381));
#1230 = CARTESIAN_POINT('',(11.6,82.));
#1231 = CARTESIAN_POINT('',(5.9,78.709103465619));
#1232 = CARTESIAN_POINT('',(0.2,75.418206931238));
#1233 = CARTESIAN_POINT('',(0.2,82.));
#1234 = ( GEOMETRIC_REPRESENTATION_CONTEXT(2) 
PARAMETRIC_REPRESENTATION_CONTEXT() REPRESENTATION_CONTEXT('2D SPACE',''
  ) );
#1235 = ADVANCED_FACE('',(#1236),#1198,.T.);
#1236 = FACE_BOUND('',#1237,.F.);
#1237 = EDGE_LOOP('',(#1238,#1239,#1262,#1291));
#1238 = ORIENTED_EDGE('',*,*,#1181,.T.);
#1239 = ORIENTED_EDGE('',*,*,#1240,.T.);
#1240 = EDGE_CURVE('',#1182,#1241,#1243,.T.);
#1241 = VERTEX_POINT('',#1242);
#1242 = CARTESIAN_POINT('',(5.,85.8,-2.775557561563E-17));
#1243 = SURFACE_CURVE('',#1244,(#1248,#1255),.PCURVE_S1.);
#1244 = LINE('',#1245,#1246);
#1245 = CARTESIAN_POINT('',(-5.,85.8,-2.775557561563E-17));
#1246 = VECTOR('',#1247,1.);
#1247 = DIRECTION('',(1.,0.,0.));
#1248 = PCURVE('',#1198,#1249);
#1249 = DEFINITIONAL_REPRESENTATION('',(#1250),#1254);
#1250 = LINE('',#1251,#1252);
#1251 = CARTESIAN_POINT('',(-1.570796326795,0.));
#1252 = VECTOR('',#1253,1.);
#1253 = DIRECTION('',(-0.,1.));
#1254 = ( GEOMETRIC_REPRESENTATION_CONTEXT(2) 
PARAMETRIC_REPRESENTATION_CONTEXT() REPRESENTATION_CONTEXT('2D SPACE',''
  ) );
#1255 = PCURVE('',#943,#1256);
#1256 = DEFINITIONAL_REPRESENTATION('',(#1257),#1261);
#1257 = LINE('',#1258,#1259);
#1258 = CARTESIAN_POINT('',(4.,85.8));
#1259 = VECTOR('',#1260,1.);
#1260 = DIRECTION('',(1.,0.));
#1261 = ( GEOMETRIC_REPRESENTATION_CONTEXT(2) 
PARAMETRIC_REPRESENTATION_CONTEXT() REPRESENTATION_CONTEXT('2D SPACE',''
  ) );
#1262 = ORIENTED_EDGE('',*,*,#1263,.F.);
#1263 = EDGE_CURVE('',#1264,#1241,#1266,.T.);
#1264 = VERTEX_POINT('',#1265);
#1265 = CARTESIAN_POINT('',(5.,86.,0.2));
#1266 = SURFACE_CURVE('',#1267,(#1272,#1279),.PCURVE_S1.);
#1267 = CIRCLE('',#1268,0.2);
#1268 = AXIS2_PLACEMENT_3D('',#1269,#1270,#1271);
#1269 = CARTESIAN_POINT('',(5.,85.8,0.2));
#1270 = DIRECTION('',(-1.,0.,-0.));
#1271 = DIRECTION('',(-0.,1.,0.));
#1272 = PCURVE('',#1198,#1273);
#1273 = DEFINITIONAL_REPRESENTATION('',(#1274),#1278);
#1274 = LINE('',#1275,#1276);
#1275 = CARTESIAN_POINT('',(-0.,10.));
#1276 = VECTOR('',#1277,1.);
#1277 = DIRECTION('',(-1.,0.));
#1278 = ( GEOMETRIC_REPRESENTATION_CONTEXT(2) 
PARAMETRIC_REPRESENTATION_CONTEXT() REPRESENTATION_CONTEXT('2D SPACE',''
  ) );
#1279 = PCURVE('',#1280,#1285);
#1280 = TOROIDAL_SURFACE('',#1281,3.8,0.2);
#1281 = AXIS2_PLACEMENT_3D('',#1282,#1283,#1284);
#1282 = CARTESIAN_POINT('',(5.,82.,0.2));
#1283 = DIRECTION('',(-0.,-0.,-1.));
#1284 = DIRECTION('',(4.440892098501E-16,1.,-0.));
#1285 = DEFINITIONAL_REPRESENTATION('',(#1286),#1290);
#1286 = LINE('',#1287,#1288);
#1287 = CARTESIAN_POINT('',(-2.22044604925E-16,0.));
#1288 = VECTOR('',#1289,1.);
#1289 = DIRECTION('',(0.,1.));
#1290 = ( GEOMETRIC_REPRESENTATION_CONTEXT(2) 
PARAMETRIC_REPRESENTATION_CONTEXT() REPRESENTATION_CONTEXT('2D SPACE',''
  ) );
#1291 = ORIENTED_EDGE('',*,*,#1292,.F.);
#1292 = EDGE_CURVE('',#1153,#1264,#1293,.T.);
#1293 = SURFACE_CURVE('',#1294,(#1298,#1305),.PCURVE_S1.);
#1294 = LINE('',#1295,#1296);
#1295 = CARTESIAN_POINT('',(-5.,86.,0.2));
#1296 = VECTOR('',#1297,1.);
#1297 = DIRECTION('',(1.,0.,0.));
#1298 = PCURVE('',#1198,#1299);
#1299 = DEFINITIONAL_REPRESENTATION('',(#1300),#1304);
#1300 = LINE('',#1301,#1302);
#1301 = CARTESIAN_POINT('',(-0.,0.));
#1302 = VECTOR('',#1303,1.);
#1303 = DIRECTION('',(-0.,1.));
#1304 = ( GEOMETRIC_REPRESENTATION_CONTEXT(2) 
PARAMETRIC_REPRESENTATION_CONTEXT() REPRESENTATION_CONTEXT('2D SPACE',''
  ) );
#1305 = PCURVE('',#1306,#1311);
#1306 = PLANE('',#1307);
#1307 = AXIS2_PLACEMENT_3D('',#1308,#1309,#1310);
#1308 = CARTESIAN_POINT('',(-9.,86.,0.));
#1309 = DIRECTION('',(0.,1.,0.));
#1310 = DIRECTION('',(0.,0.,1.));
#1311 = DEFINITIONAL_REPRESENTATION('',(#1312),#1316);
#1312 = LINE('',#1313,#1314);
#1313 = CARTESIAN_POINT('',(0.2,4.));
#1314 = VECTOR('',#1315,1.);
#1315 = DIRECTION('',(0.,1.));
#1316 = ( GEOMETRIC_REPRESENTATION_CONTEXT(2) 
PARAMETRIC_REPRESENTATION_CONTEXT() REPRESENTATION_CONTEXT('2D SPACE',''
  ) );
#1317 = ADVANCED_FACE('',(#1318),#1280,.T.);
#1318 = FACE_BOUND('',#1319,.T.);
#1319 = EDGE_LOOP('',(#1320,#1321,#1343,#1367));
#1320 = ORIENTED_EDGE('',*,*,#1263,.F.);
#1321 = ORIENTED_EDGE('',*,*,#1322,.T.);
#1322 = EDGE_CURVE('',#1264,#197,#1323,.T.);
#1323 = SURFACE_CURVE('',#1324,(#1329,#1336),.PCURVE_S1.);
#1324 = CIRCLE('',#1325,4.);
#1325 = AXIS2_PLACEMENT_3D('',#1326,#1327,#1328);
#1326 = CARTESIAN_POINT('',(5.,82.,0.2));
#1327 = DIRECTION('',(0.,-0.,-1.));
#1328 = DIRECTION('',(4.440892098501E-16,1.,-0.));
#1329 = PCURVE('',#1280,#1330);
#1330 = DEFINITIONAL_REPRESENTATION('',(#1331),#1335);
#1331 = LINE('',#1332,#1333);
#1332 = CARTESIAN_POINT('',(0.,0.));
#1333 = VECTOR('',#1334,1.);
#1334 = DIRECTION('',(1.,0.));
#1335 = ( GEOMETRIC_REPRESENTATION_CONTEXT(2) 
PARAMETRIC_REPRESENTATION_CONTEXT() REPRESENTATION_CONTEXT('2D SPACE',''
  ) );
#1336 = PCURVE('',#240,#1337);
#1337 = DEFINITIONAL_REPRESENTATION('',(#1338),#1342);
#1338 = LINE('',#1339,#1340);
#1339 = CARTESIAN_POINT('',(1.570796326795,0.2));
#1340 = VECTOR('',#1341,1.);
#1341 = DIRECTION('',(-1.,-0.));
#1342 = ( GEOMETRIC_REPRESENTATION_CONTEXT(2) 
PARAMETRIC_REPRESENTATION_CONTEXT() REPRESENTATION_CONTEXT('2D SPACE',''
  ) );
#1343 = ORIENTED_EDGE('',*,*,#1344,.T.);
#1344 = EDGE_CURVE('',#197,#1345,#1347,.T.);
#1345 = VERTEX_POINT('',#1346);
#1346 = CARTESIAN_POINT('',(8.8,82.,0.));
#1347 = SURFACE_CURVE('',#1348,(#1353,#1360),.PCURVE_S1.);
#1348 = CIRCLE('',#1349,0.2);
#1349 = AXIS2_PLACEMENT_3D('',#1350,#1351,#1352);
#1350 = CARTESIAN_POINT('',(8.8,82.,0.2));
#1351 = DIRECTION('',(1.608122649677E-16,1.,0.));
#1352 = DIRECTION('',(1.,-1.608122649677E-16,0.));
#1353 = PCURVE('',#1280,#1354);
#1354 = DEFINITIONAL_REPRESENTATION('',(#1355),#1359);
#1355 = LINE('',#1356,#1357);
#1356 = CARTESIAN_POINT('',(1.570796326795,0.));
#1357 = VECTOR('',#1358,1.);
#1358 = DIRECTION('',(0.,1.));
#1359 = ( GEOMETRIC_REPRESENTATION_CONTEXT(2) 
PARAMETRIC_REPRESENTATION_CONTEXT() REPRESENTATION_CONTEXT('2D SPACE',''
  ) );
#1360 = PCURVE('',#212,#1361);
#1361 = DEFINITIONAL_REPRESENTATION('',(#1362),#1366);
#1362 = LINE('',#1363,#1364);
#1363 = CARTESIAN_POINT('',(-0.,0.));
#1364 = VECTOR('',#1365,1.);
#1365 = DIRECTION('',(-1.,0.));
#1366 = ( GEOMETRIC_REPRESENTATION_CONTEXT(2) 
PARAMETRIC_REPRESENTATION_CONTEXT() REPRESENTATION_CONTEXT('2D SPACE',''
  ) );
#1367 = ORIENTED_EDGE('',*,*,#1368,.F.);
#1368 = EDGE_CURVE('',#1241,#1345,#1369,.T.);
#1369 = SURFACE_CURVE('',#1370,(#1375,#1382),.PCURVE_S1.);
#1370 = CIRCLE('',#1371,3.8);
#1371 = AXIS2_PLACEMENT_3D('',#1372,#1373,#1374);
#1372 = CARTESIAN_POINT('',(5.,82.,0.));
#1373 = DIRECTION('',(0.,-0.,-1.));
#1374 = DIRECTION('',(4.440892098501E-16,1.,-0.));
#1375 = PCURVE('',#1280,#1376);
#1376 = DEFINITIONAL_REPRESENTATION('',(#1377),#1381);
#1377 = LINE('',#1378,#1379);
#1378 = CARTESIAN_POINT('',(0.,1.570796326795));
#1379 = VECTOR('',#1380,1.);
#1380 = DIRECTION('',(1.,0.));
#1381 = ( GEOMETRIC_REPRESENTATION_CONTEXT(2) 
PARAMETRIC_REPRESENTATION_CONTEXT() REPRESENTATION_CONTEXT('2D SPACE',''
  ) );
#1382 = PCURVE('',#943,#1383);
#1383 = DEFINITIONAL_REPRESENTATION('',(#1384),#1392);
#1384 = ( BOUNDED_CURVE() B_SPLINE_CURVE(2,(#1385,#1386,#1387,#1388,
#1389,#1390,#1391),.UNSPECIFIED.,.T.,.F.) B_SPLINE_CURVE_WITH_KNOTS((1,2
    ,2,2,2,1),(-2.094395102393,0.,2.094395102393,4.188790204786,
6.28318530718,8.377580409573),.UNSPECIFIED.) CURVE() 
GEOMETRIC_REPRESENTATION_ITEM() RATIONAL_B_SPLINE_CURVE((1.,0.5,1.,0.5,
1.,0.5,1.)) REPRESENTATION_ITEM('') );
#1385 = CARTESIAN_POINT('',(14.,85.8));
#1386 = CARTESIAN_POINT('',(20.581793068762,85.8));
#1387 = CARTESIAN_POINT('',(17.290896534381,80.1));
#1388 = CARTESIAN_POINT('',(14.,74.4));
#1389 = CARTESIAN_POINT('',(10.709103465619,80.1));
#1390 = CARTESIAN_POINT('',(7.418206931238,85.8));
#1391 = CARTESIAN_POINT('',(14.,85.8));
#1392 = ( GEOMETRIC_REPRESENTATION_CONTEXT(2) 
PARAMETRIC_REPRESENTATION_CONTEXT() REPRESENTATION_CONTEXT('2D SPACE',''
  ) );
#1393 = ADVANCED_FACE('',(#1394),#1306,.T.);
#1394 = FACE_BOUND('',#1395,.T.);
#1395 = EDGE_LOOP('',(#1396,#1397,#1420,#1448));
#1396 = ORIENTED_EDGE('',*,*,#1292,.F.);
#1397 = ORIENTED_EDGE('',*,*,#1398,.F.);
#1398 = EDGE_CURVE('',#1399,#1153,#1401,.T.);
#1399 = VERTEX_POINT('',#1400);
#1400 = CARTESIAN_POINT('',(-5.,86.,4.1));
#1401 = SURFACE_CURVE('',#1402,(#1406,#1413),.PCURVE_S1.);
#1402 = LINE('',#1403,#1404);
#1403 = CARTESIAN_POINT('',(-5.,86.,5.));
#1404 = VECTOR('',#1405,1.);
#1405 = DIRECTION('',(0.,0.,-1.));
#1406 = PCURVE('',#1306,#1407);
#1407 = DEFINITIONAL_REPRESENTATION('',(#1408),#1412);
#1408 = LINE('',#1409,#1410);
#1409 = CARTESIAN_POINT('',(5.,4.));
#1410 = VECTOR('',#1411,1.);
#1411 = DIRECTION('',(-1.,0.));
#1412 = ( GEOMETRIC_REPRESENTATION_CONTEXT(2) 
PARAMETRIC_REPRESENTATION_CONTEXT() REPRESENTATION_CONTEXT('2D SPACE',''
  ) );
#1413 = PCURVE('',#1169,#1414);
#1414 = DEFINITIONAL_REPRESENTATION('',(#1415),#1419);
#1415 = LINE('',#1416,#1417);
#1416 = CARTESIAN_POINT('',(-1.570796326795,5.));
#1417 = VECTOR('',#1418,1.);
#1418 = DIRECTION('',(-0.,-1.));
#1419 = ( GEOMETRIC_REPRESENTATION_CONTEXT(2) 
PARAMETRIC_REPRESENTATION_CONTEXT() REPRESENTATION_CONTEXT('2D SPACE',''
  ) );
#1420 = ORIENTED_EDGE('',*,*,#1421,.T.);
#1421 = EDGE_CURVE('',#1399,#1422,#1424,.T.);
#1422 = VERTEX_POINT('',#1423);
#1423 = CARTESIAN_POINT('',(5.,86.,4.1));
#1424 = SURFACE_CURVE('',#1425,(#1429,#1436),.PCURVE_S1.);
#1425 = LINE('',#1426,#1427);
#1426 = CARTESIAN_POINT('',(-5.,86.,4.1));
#1427 = VECTOR('',#1428,1.);
#1428 = DIRECTION('',(1.,0.,0.));
#1429 = PCURVE('',#1306,#1430);
#1430 = DEFINITIONAL_REPRESENTATION('',(#1431),#1435);
#1431 = LINE('',#1432,#1433);
#1432 = CARTESIAN_POINT('',(4.1,4.));
#1433 = VECTOR('',#1434,1.);
#1434 = DIRECTION('',(0.,1.));
#1435 = ( GEOMETRIC_REPRESENTATION_CONTEXT(2) 
PARAMETRIC_REPRESENTATION_CONTEXT() REPRESENTATION_CONTEXT('2D SPACE',''
  ) );
#1436 = PCURVE('',#1437,#1442);
#1437 = CYLINDRICAL_SURFACE('',#1438,0.9);
#1438 = AXIS2_PLACEMENT_3D('',#1439,#1440,#1441);
#1439 = CARTESIAN_POINT('',(-5.,85.1,4.1));
#1440 = DIRECTION('',(1.,0.,0.));
#1441 = DIRECTION('',(-0.,0.,1.));
#1442 = DEFINITIONAL_REPRESENTATION('',(#1443),#1447);
#1443 = LINE('',#1444,#1445);
#1444 = CARTESIAN_POINT('',(4.712388980385,0.));
#1445 = VECTOR('',#1446,1.);
#1446 = DIRECTION('',(0.,1.));
#1447 = ( GEOMETRIC_REPRESENTATION_CONTEXT(2) 
PARAMETRIC_REPRESENTATION_CONTEXT() REPRESENTATION_CONTEXT('2D SPACE',''
  ) );
#1448 = ORIENTED_EDGE('',*,*,#1449,.T.);
#1449 = EDGE_CURVE('',#1422,#1264,#1450,.T.);
#1450 = SURFACE_CURVE('',#1451,(#1455,#1462),.PCURVE_S1.);
#1451 = LINE('',#1452,#1453);
#1452 = CARTESIAN_POINT('',(5.,86.,5.));
#1453 = VECTOR('',#1454,1.);
#1454 = DIRECTION('',(-3.700743415417E-16,0.,-1.));
#1455 = PCURVE('',#1306,#1456);
#1456 = DEFINITIONAL_REPRESENTATION('',(#1457),#1461);
#1457 = LINE('',#1458,#1459);
#1458 = CARTESIAN_POINT('',(5.,14.));
#1459 = VECTOR('',#1460,1.);
#1460 = DIRECTION('',(-1.,-3.700743415417E-16));
#1461 = ( GEOMETRIC_REPRESENTATION_CONTEXT(2) 
PARAMETRIC_REPRESENTATION_CONTEXT() REPRESENTATION_CONTEXT('2D SPACE',''
  ) );
#1462 = PCURVE('',#240,#1463);
#1463 = DEFINITIONAL_REPRESENTATION('',(#1464),#1468);
#1464 = LINE('',#1465,#1466);
#1465 = CARTESIAN_POINT('',(1.570796326795,5.));
#1466 = VECTOR('',#1467,1.);
#1467 = DIRECTION('',(-0.,-1.));
#1468 = ( GEOMETRIC_REPRESENTATION_CONTEXT(2) 
PARAMETRIC_REPRESENTATION_CONTEXT() REPRESENTATION_CONTEXT('2D SPACE',''
  ) );
#1469 = ADVANCED_FACE('',(#1470),#1437,.T.);
#1470 = FACE_BOUND('',#1471,.T.);
#1471 = EDGE_LOOP('',(#1472,#1497,#1524,#1525));
#1472 = ORIENTED_EDGE('',*,*,#1473,.T.);
#1473 = EDGE_CURVE('',#1474,#1476,#1478,.T.);
#1474 = VERTEX_POINT('',#1475);
#1475 = CARTESIAN_POINT('',(-5.,85.1,5.));
#1476 = VERTEX_POINT('',#1477);
#1477 = CARTESIAN_POINT('',(5.,85.1,5.));
#1478 = SURFACE_CURVE('',#1479,(#1483,#1490),.PCURVE_S1.);
#1479 = LINE('',#1480,#1481);
#1480 = CARTESIAN_POINT('',(-5.,85.1,5.));
#1481 = VECTOR('',#1482,1.);
#1482 = DIRECTION('',(1.,0.,0.));
#1483 = PCURVE('',#1437,#1484);
#1484 = DEFINITIONAL_REPRESENTATION('',(#1485),#1489);
#1485 = LINE('',#1486,#1487);
#1486 = CARTESIAN_POINT('',(6.28318530718,-0.));
#1487 = VECTOR('',#1488,1.);
#1488 = DIRECTION('',(0.,1.));
#1489 = ( GEOMETRIC_REPRESENTATION_CONTEXT(2) 
PARAMETRIC_REPRESENTATION_CONTEXT() REPRESENTATION_CONTEXT('2D SPACE',''
  ) );
#1490 = PCURVE('',#296,#1491);
#1491 = DEFINITIONAL_REPRESENTATION('',(#1492),#1496);
#1492 = LINE('',#1493,#1494);
#1493 = CARTESIAN_POINT('',(9.1,-4.));
#1494 = VECTOR('',#1495,1.);
#1495 = DIRECTION('',(0.,-1.));
#1496 = ( GEOMETRIC_REPRESENTATION_CONTEXT(2) 
PARAMETRIC_REPRESENTATION_CONTEXT() REPRESENTATION_CONTEXT('2D SPACE',''
  ) );
#1497 = ORIENTED_EDGE('',*,*,#1498,.F.);
#1498 = EDGE_CURVE('',#1422,#1476,#1499,.T.);
#1499 = SURFACE_CURVE('',#1500,(#1505,#1512),.PCURVE_S1.);
#1500 = CIRCLE('',#1501,0.9);
#1501 = AXIS2_PLACEMENT_3D('',#1502,#1503,#1504);
#1502 = CARTESIAN_POINT('',(5.,85.1,4.1));
#1503 = DIRECTION('',(1.,0.,0.));
#1504 = DIRECTION('',(-0.,0.,1.));
#1505 = PCURVE('',#1437,#1506);
#1506 = DEFINITIONAL_REPRESENTATION('',(#1507),#1511);
#1507 = LINE('',#1508,#1509);
#1508 = CARTESIAN_POINT('',(0.,10.));
#1509 = VECTOR('',#1510,1.);
#1510 = DIRECTION('',(1.,0.));
#1511 = ( GEOMETRIC_REPRESENTATION_CONTEXT(2) 
PARAMETRIC_REPRESENTATION_CONTEXT() REPRESENTATION_CONTEXT('2D SPACE',''
  ) );
#1512 = PCURVE('',#1513,#1518);
#1513 = TOROIDAL_SURFACE('',#1514,3.1,0.9);
#1514 = AXIS2_PLACEMENT_3D('',#1515,#1516,#1517);
#1515 = CARTESIAN_POINT('',(5.,82.,4.1));
#1516 = DIRECTION('',(0.,0.,1.));
#1517 = DIRECTION('',(1.,0.,-0.));
#1518 = DEFINITIONAL_REPRESENTATION('',(#1519),#1523);
#1519 = LINE('',#1520,#1521);
#1520 = CARTESIAN_POINT('',(1.570796326795,-4.712388980385));
#1521 = VECTOR('',#1522,1.);
#1522 = DIRECTION('',(0.,1.));
#1523 = ( GEOMETRIC_REPRESENTATION_CONTEXT(2) 
PARAMETRIC_REPRESENTATION_CONTEXT() REPRESENTATION_CONTEXT('2D SPACE',''
  ) );
#1524 = ORIENTED_EDGE('',*,*,#1421,.F.);
#1525 = ORIENTED_EDGE('',*,*,#1526,.T.);
#1526 = EDGE_CURVE('',#1399,#1474,#1527,.T.);
#1527 = SURFACE_CURVE('',#1528,(#1533,#1540),.PCURVE_S1.);
#1528 = CIRCLE('',#1529,0.9);
#1529 = AXIS2_PLACEMENT_3D('',#1530,#1531,#1532);
#1530 = CARTESIAN_POINT('',(-5.,85.1,4.1));
#1531 = DIRECTION('',(1.,0.,0.));
#1532 = DIRECTION('',(-0.,0.,1.));
#1533 = PCURVE('',#1437,#1534);
#1534 = DEFINITIONAL_REPRESENTATION('',(#1535),#1539);
#1535 = LINE('',#1536,#1537);
#1536 = CARTESIAN_POINT('',(0.,0.));
#1537 = VECTOR('',#1538,1.);
#1538 = DIRECTION('',(1.,0.));
#1539 = ( GEOMETRIC_REPRESENTATION_CONTEXT(2) 
PARAMETRIC_REPRESENTATION_CONTEXT() REPRESENTATION_CONTEXT('2D SPACE',''
  ) );
#1540 = PCURVE('',#1541,#1546);
#1541 = TOROIDAL_SURFACE('',#1542,3.1,0.9);
#1542 = AXIS2_PLACEMENT_3D('',#1543,#1544,#1545);
#1543 = CARTESIAN_POINT('',(-5.,82.,4.1));
#1544 = DIRECTION('',(0.,0.,1.));
#1545 = DIRECTION('',(1.,0.,-0.));
#1546 = DEFINITIONAL_REPRESENTATION('',(#1547),#1551);
#1547 = LINE('',#1548,#1549);
#1548 = CARTESIAN_POINT('',(1.570796326795,-4.712388980385));
#1549 = VECTOR('',#1550,1.);
#1550 = DIRECTION('',(0.,1.));
#1551 = ( GEOMETRIC_REPRESENTATION_CONTEXT(2) 
PARAMETRIC_REPRESENTATION_CONTEXT() REPRESENTATION_CONTEXT('2D SPACE',''
  ) );
#1552 = ADVANCED_FACE('',(#1553),#1513,.T.);
#1553 = FACE_BOUND('',#1554,.T.);
#1554 = EDGE_LOOP('',(#1555,#1583,#1605,#1606));
#1555 = ORIENTED_EDGE('',*,*,#1556,.F.);
#1556 = EDGE_CURVE('',#225,#1557,#1559,.T.);
#1557 = VERTEX_POINT('',#1558);
#1558 = CARTESIAN_POINT('',(8.1,82.,5.));
#1559 = SURFACE_CURVE('',#1560,(#1565,#1572),.PCURVE_S1.);
#1560 = CIRCLE('',#1561,0.9);
#1561 = AXIS2_PLACEMENT_3D('',#1562,#1563,#1564);
#1562 = CARTESIAN_POINT('',(8.1,82.,4.1));
#1563 = DIRECTION('',(-2.449293598295E-16,-1.,0.));
#1564 = DIRECTION('',(1.,-2.449293598295E-16,0.));
#1565 = PCURVE('',#1513,#1566);
#1566 = DEFINITIONAL_REPRESENTATION('',(#1567),#1571);
#1567 = LINE('',#1568,#1569);
#1568 = CARTESIAN_POINT('',(0.,-0.));
#1569 = VECTOR('',#1570,1.);
#1570 = DIRECTION('',(0.,1.));
#1571 = ( GEOMETRIC_REPRESENTATION_CONTEXT(2) 
PARAMETRIC_REPRESENTATION_CONTEXT() REPRESENTATION_CONTEXT('2D SPACE',''
  ) );
#1572 = PCURVE('',#268,#1573);
#1573 = DEFINITIONAL_REPRESENTATION('',(#1574),#1582);
#1574 = ( BOUNDED_CURVE() B_SPLINE_CURVE(2,(#1575,#1576,#1577,#1578,
#1579,#1580,#1581),.UNSPECIFIED.,.T.,.F.) B_SPLINE_CURVE_WITH_KNOTS((1,2
    ,2,2,2,1),(-2.094395102393,0.,2.094395102393,4.188790204786,
6.28318530718,8.377580409573),.UNSPECIFIED.) CURVE() 
GEOMETRIC_REPRESENTATION_ITEM() RATIONAL_B_SPLINE_CURVE((1.,0.5,1.,0.5,
1.,0.5,1.)) REPRESENTATION_ITEM('') );
#1575 = CARTESIAN_POINT('',(0.,4.));
#1576 = CARTESIAN_POINT('',(1.558845726812,4.));
#1577 = CARTESIAN_POINT('',(0.779422863406,2.65));
#1578 = CARTESIAN_POINT('',(2.204364238465E-16,1.3));
#1579 = CARTESIAN_POINT('',(-0.779422863406,2.65));
#1580 = CARTESIAN_POINT('',(-1.558845726812,4.));
#1581 = CARTESIAN_POINT('',(0.,4.));
#1582 = ( GEOMETRIC_REPRESENTATION_CONTEXT(2) 
PARAMETRIC_REPRESENTATION_CONTEXT() REPRESENTATION_CONTEXT('2D SPACE',''
  ) );
#1583 = ORIENTED_EDGE('',*,*,#1584,.T.);
#1584 = EDGE_CURVE('',#225,#1422,#1585,.T.);
#1585 = SURFACE_CURVE('',#1586,(#1591,#1598),.PCURVE_S1.);
#1586 = CIRCLE('',#1587,4.);
#1587 = AXIS2_PLACEMENT_3D('',#1588,#1589,#1590);
#1588 = CARTESIAN_POINT('',(5.,82.,4.1));
#1589 = DIRECTION('',(0.,0.,1.));
#1590 = DIRECTION('',(1.,0.,-0.));
#1591 = PCURVE('',#1513,#1592);
#1592 = DEFINITIONAL_REPRESENTATION('',(#1593),#1597);
#1593 = LINE('',#1594,#1595);
#1594 = CARTESIAN_POINT('',(0.,0.));
#1595 = VECTOR('',#1596,1.);
#1596 = DIRECTION('',(1.,0.));
#1597 = ( GEOMETRIC_REPRESENTATION_CONTEXT(2) 
PARAMETRIC_REPRESENTATION_CONTEXT() REPRESENTATION_CONTEXT('2D SPACE',''
  ) );
#1598 = PCURVE('',#240,#1599);
#1599 = DEFINITIONAL_REPRESENTATION('',(#1600),#1604);
#1600 = LINE('',#1601,#1602);
#1601 = CARTESIAN_POINT('',(0.,4.1));
#1602 = VECTOR('',#1603,1.);
#1603 = DIRECTION('',(1.,0.));
#1604 = ( GEOMETRIC_REPRESENTATION_CONTEXT(2) 
PARAMETRIC_REPRESENTATION_CONTEXT() REPRESENTATION_CONTEXT('2D SPACE',''
  ) );
#1605 = ORIENTED_EDGE('',*,*,#1498,.T.);
#1606 = ORIENTED_EDGE('',*,*,#1607,.F.);
#1607 = EDGE_CURVE('',#1557,#1476,#1608,.T.);
#1608 = SURFACE_CURVE('',#1609,(#1614,#1621),.PCURVE_S1.);
#1609 = CIRCLE('',#1610,3.1);
#1610 = AXIS2_PLACEMENT_3D('',#1611,#1612,#1613);
#1611 = CARTESIAN_POINT('',(5.,82.,5.));
#1612 = DIRECTION('',(0.,0.,1.));
#1613 = DIRECTION('',(1.,0.,-0.));
#1614 = PCURVE('',#1513,#1615);
#1615 = DEFINITIONAL_REPRESENTATION('',(#1616),#1620);
#1616 = LINE('',#1617,#1618);
#1617 = CARTESIAN_POINT('',(0.,1.570796326795));
#1618 = VECTOR('',#1619,1.);
#1619 = DIRECTION('',(1.,0.));
#1620 = ( GEOMETRIC_REPRESENTATION_CONTEXT(2) 
PARAMETRIC_REPRESENTATION_CONTEXT() REPRESENTATION_CONTEXT('2D SPACE',''
  ) );
#1621 = PCURVE('',#296,#1622);
#1622 = DEFINITIONAL_REPRESENTATION('',(#1623),#1627);
#1623 = CIRCLE('',#1624,3.1);
#1624 = AXIS2_PLACEMENT_2D('',#1625,#1626);
#1625 = CARTESIAN_POINT('',(6.,-14.));
#1626 = DIRECTION('',(0.,-1.));
#1627 = ( GEOMETRIC_REPRESENTATION_CONTEXT(2) 
PARAMETRIC_REPRESENTATION_CONTEXT() REPRESENTATION_CONTEXT('2D SPACE',''
  ) );
#1628 = ADVANCED_FACE('',(#1629),#1541,.T.);
#1629 = FACE_BOUND('',#1630,.T.);
#1630 = EDGE_LOOP('',(#1631,#1632,#1656,#1685));
#1631 = ORIENTED_EDGE('',*,*,#1526,.F.);
#1632 = ORIENTED_EDGE('',*,*,#1633,.T.);
#1633 = EDGE_CURVE('',#1399,#1634,#1636,.T.);
#1634 = VERTEX_POINT('',#1635);
#1635 = CARTESIAN_POINT('',(-9.,82.,4.1));
#1636 = SURFACE_CURVE('',#1637,(#1642,#1649),.PCURVE_S1.);
#1637 = CIRCLE('',#1638,4.);
#1638 = AXIS2_PLACEMENT_3D('',#1639,#1640,#1641);
#1639 = CARTESIAN_POINT('',(-5.,82.,4.1));
#1640 = DIRECTION('',(0.,0.,1.));
#1641 = DIRECTION('',(1.,0.,-0.));
#1642 = PCURVE('',#1541,#1643);
#1643 = DEFINITIONAL_REPRESENTATION('',(#1644),#1648);
#1644 = LINE('',#1645,#1646);
#1645 = CARTESIAN_POINT('',(0.,0.));
#1646 = VECTOR('',#1647,1.);
#1647 = DIRECTION('',(1.,0.));
#1648 = ( GEOMETRIC_REPRESENTATION_CONTEXT(2) 
PARAMETRIC_REPRESENTATION_CONTEXT() REPRESENTATION_CONTEXT('2D SPACE',''
  ) );
#1649 = PCURVE('',#1169,#1650);
#1650 = DEFINITIONAL_REPRESENTATION('',(#1651),#1655);
#1651 = LINE('',#1652,#1653);
#1652 = CARTESIAN_POINT('',(-3.14159265359,4.1));
#1653 = VECTOR('',#1654,1.);
#1654 = DIRECTION('',(1.,-0.));
#1655 = ( GEOMETRIC_REPRESENTATION_CONTEXT(2) 
PARAMETRIC_REPRESENTATION_CONTEXT() REPRESENTATION_CONTEXT('2D SPACE',''
  ) );
#1656 = ORIENTED_EDGE('',*,*,#1657,.T.);
#1657 = EDGE_CURVE('',#1634,#1658,#1660,.T.);
#1658 = VERTEX_POINT('',#1659);
#1659 = CARTESIAN_POINT('',(-8.1,82.,5.));
#1660 = SURFACE_CURVE('',#1661,(#1666,#1673),.PCURVE_S1.);
#1661 = CIRCLE('',#1662,0.9);
#1662 = AXIS2_PLACEMENT_3D('',#1663,#1664,#1665);
#1663 = CARTESIAN_POINT('',(-8.1,82.,4.1));
#1664 = DIRECTION('',(0.,1.,0.));
#1665 = DIRECTION('',(0.,-0.,1.));
#1666 = PCURVE('',#1541,#1667);
#1667 = DEFINITIONAL_REPRESENTATION('',(#1668),#1672);
#1668 = LINE('',#1669,#1670);
#1669 = CARTESIAN_POINT('',(3.14159265359,-4.712388980385));
#1670 = VECTOR('',#1671,1.);
#1671 = DIRECTION('',(0.,1.));
#1672 = ( GEOMETRIC_REPRESENTATION_CONTEXT(2) 
PARAMETRIC_REPRESENTATION_CONTEXT() REPRESENTATION_CONTEXT('2D SPACE',''
  ) );
#1673 = PCURVE('',#1674,#1679);
#1674 = PLANE('',#1675);
#1675 = AXIS2_PLACEMENT_3D('',#1676,#1677,#1678);
#1676 = CARTESIAN_POINT('',(-9.,82.,4.1));
#1677 = DIRECTION('',(0.,1.,0.));
#1678 = DIRECTION('',(0.,0.,1.));
#1679 = DEFINITIONAL_REPRESENTATION('',(#1680),#1684);
#1680 = CIRCLE('',#1681,0.9);
#1681 = AXIS2_PLACEMENT_2D('',#1682,#1683);
#1682 = CARTESIAN_POINT('',(0.,0.9));
#1683 = DIRECTION('',(1.,0.));
#1684 = ( GEOMETRIC_REPRESENTATION_CONTEXT(2) 
PARAMETRIC_REPRESENTATION_CONTEXT() REPRESENTATION_CONTEXT('2D SPACE',''
  ) );
#1685 = ORIENTED_EDGE('',*,*,#1686,.F.);
#1686 = EDGE_CURVE('',#1474,#1658,#1687,.T.);
#1687 = SURFACE_CURVE('',#1688,(#1693,#1700),.PCURVE_S1.);
#1688 = CIRCLE('',#1689,3.1);
#1689 = AXIS2_PLACEMENT_3D('',#1690,#1691,#1692);
#1690 = CARTESIAN_POINT('',(-5.,82.,5.));
#1691 = DIRECTION('',(0.,0.,1.));
#1692 = DIRECTION('',(1.,0.,-0.));
#1693 = PCURVE('',#1541,#1694);
#1694 = DEFINITIONAL_REPRESENTATION('',(#1695),#1699);
#1695 = LINE('',#1696,#1697);
#1696 = CARTESIAN_POINT('',(0.,1.570796326795));
#1697 = VECTOR('',#1698,1.);
#1698 = DIRECTION('',(1.,0.));
#1699 = ( GEOMETRIC_REPRESENTATION_CONTEXT(2) 
PARAMETRIC_REPRESENTATION_CONTEXT() REPRESENTATION_CONTEXT('2D SPACE',''
  ) );
#1700 = PCURVE('',#296,#1701);
#1701 = DEFINITIONAL_REPRESENTATION('',(#1702),#1706);
#1702 = CIRCLE('',#1703,3.1);
#1703 = AXIS2_PLACEMENT_2D('',#1704,#1705);
#1704 = CARTESIAN_POINT('',(6.,-4.));
#1705 = DIRECTION('',(0.,-1.));
#1706 = ( GEOMETRIC_REPRESENTATION_CONTEXT(2) 
PARAMETRIC_REPRESENTATION_CONTEXT() REPRESENTATION_CONTEXT('2D SPACE',''
  ) );
#1707 = ADVANCED_FACE('',(#1708),#1674,.T.);
#1708 = FACE_BOUND('',#1709,.T.);
#1709 = EDGE_LOOP('',(#1710,#1711,#1734));
#1710 = ORIENTED_EDGE('',*,*,#1657,.F.);
#1711 = ORIENTED_EDGE('',*,*,#1712,.F.);
#1712 = EDGE_CURVE('',#1713,#1634,#1715,.T.);
#1713 = VERTEX_POINT('',#1714);
#1714 = CARTESIAN_POINT('',(-9.,82.,5.));
#1715 = SURFACE_CURVE('',#1716,(#1720,#1727),.PCURVE_S1.);
#1716 = LINE('',#1717,#1718);
#1717 = CARTESIAN_POINT('',(-9.,82.,5.));
#1718 = VECTOR('',#1719,1.);
#1719 = DIRECTION('',(0.,0.,-1.));
#1720 = PCURVE('',#1674,#1721);
#1721 = DEFINITIONAL_REPRESENTATION('',(#1722),#1726);
#1722 = LINE('',#1723,#1724);
#1723 = CARTESIAN_POINT('',(0.9,0.));
#1724 = VECTOR('',#1725,1.);
#1725 = DIRECTION('',(-1.,0.));
#1726 = ( GEOMETRIC_REPRESENTATION_CONTEXT(2) 
PARAMETRIC_REPRESENTATION_CONTEXT() REPRESENTATION_CONTEXT('2D SPACE',''
  ) );
#1727 = PCURVE('',#1136,#1728);
#1728 = DEFINITIONAL_REPRESENTATION('',(#1729),#1733);
#1729 = LINE('',#1730,#1731);
#1730 = CARTESIAN_POINT('',(5.,-82.));
#1731 = VECTOR('',#1732,1.);
#1732 = DIRECTION('',(-1.,0.));
#1733 = ( GEOMETRIC_REPRESENTATION_CONTEXT(2) 
PARAMETRIC_REPRESENTATION_CONTEXT() REPRESENTATION_CONTEXT('2D SPACE',''
  ) );
#1734 = ORIENTED_EDGE('',*,*,#1735,.T.);
#1735 = EDGE_CURVE('',#1713,#1658,#1736,.T.);
#1736 = SURFACE_CURVE('',#1737,(#1741,#1748),.PCURVE_S1.);
#1737 = LINE('',#1738,#1739);
#1738 = CARTESIAN_POINT('',(-9.,82.,5.));
#1739 = VECTOR('',#1740,1.);
#1740 = DIRECTION('',(1.,0.,0.));
#1741 = PCURVE('',#1674,#1742);
#1742 = DEFINITIONAL_REPRESENTATION('',(#1743),#1747);
#1743 = LINE('',#1744,#1745);
#1744 = CARTESIAN_POINT('',(0.9,0.));
#1745 = VECTOR('',#1746,1.);
#1746 = DIRECTION('',(0.,1.));
#1747 = ( GEOMETRIC_REPRESENTATION_CONTEXT(2) 
PARAMETRIC_REPRESENTATION_CONTEXT() REPRESENTATION_CONTEXT('2D SPACE',''
  ) );
#1748 = PCURVE('',#296,#1749);
#1749 = DEFINITIONAL_REPRESENTATION('',(#1750),#1754);
#1750 = LINE('',#1751,#1752);
#1751 = CARTESIAN_POINT('',(6.,0.));
#1752 = VECTOR('',#1753,1.);
#1753 = DIRECTION('',(0.,-1.));
#1754 = ( GEOMETRIC_REPRESENTATION_CONTEXT(2) 
PARAMETRIC_REPRESENTATION_CONTEXT() REPRESENTATION_CONTEXT('2D SPACE',''
  ) );
#1755 = ADVANCED_FACE('',(#1756),#1169,.T.);
#1756 = FACE_BOUND('',#1757,.F.);
#1757 = EDGE_LOOP('',(#1758,#1779,#1780,#1781));
#1758 = ORIENTED_EDGE('',*,*,#1759,.T.);
#1759 = EDGE_CURVE('',#1634,#1094,#1760,.T.);
#1760 = SURFACE_CURVE('',#1761,(#1765,#1772),.PCURVE_S1.);
#1761 = LINE('',#1762,#1763);
#1762 = CARTESIAN_POINT('',(-9.,82.,5.));
#1763 = VECTOR('',#1764,1.);
#1764 = DIRECTION('',(0.,0.,-1.));
#1765 = PCURVE('',#1169,#1766);
#1766 = DEFINITIONAL_REPRESENTATION('',(#1767),#1771);
#1767 = LINE('',#1768,#1769);
#1768 = CARTESIAN_POINT('',(-0.,5.));
#1769 = VECTOR('',#1770,1.);
#1770 = DIRECTION('',(-0.,-1.));
#1771 = ( GEOMETRIC_REPRESENTATION_CONTEXT(2) 
PARAMETRIC_REPRESENTATION_CONTEXT() REPRESENTATION_CONTEXT('2D SPACE',''
  ) );
#1772 = PCURVE('',#1136,#1773);
#1773 = DEFINITIONAL_REPRESENTATION('',(#1774),#1778);
#1774 = LINE('',#1775,#1776);
#1775 = CARTESIAN_POINT('',(5.,-82.));
#1776 = VECTOR('',#1777,1.);
#1777 = DIRECTION('',(-1.,0.));
#1778 = ( GEOMETRIC_REPRESENTATION_CONTEXT(2) 
PARAMETRIC_REPRESENTATION_CONTEXT() REPRESENTATION_CONTEXT('2D SPACE',''
  ) );
#1779 = ORIENTED_EDGE('',*,*,#1152,.T.);
#1780 = ORIENTED_EDGE('',*,*,#1398,.F.);
#1781 = ORIENTED_EDGE('',*,*,#1633,.T.);
#1782 = ADVANCED_FACE('',(#1783),#1136,.F.);
#1783 = FACE_BOUND('',#1784,.F.);
#1784 = EDGE_LOOP('',(#1785,#1808,#1809,#1810,#1811,#1834,#1862,#2022,
    #2045,#2199,#2249));
#1785 = ORIENTED_EDGE('',*,*,#1786,.F.);
#1786 = EDGE_CURVE('',#988,#1787,#1789,.T.);
#1787 = VERTEX_POINT('',#1788);
#1788 = CARTESIAN_POINT('',(-9.,4.,2.5));
#1789 = SURFACE_CURVE('',#1790,(#1794,#1801),.PCURVE_S1.);
#1790 = LINE('',#1791,#1792);
#1791 = CARTESIAN_POINT('',(-9.,4.,0.));
#1792 = VECTOR('',#1793,1.);
#1793 = DIRECTION('',(0.,0.,1.));
#1794 = PCURVE('',#1136,#1795);
#1795 = DEFINITIONAL_REPRESENTATION('',(#1796),#1800);
#1796 = LINE('',#1797,#1798);
#1797 = CARTESIAN_POINT('',(0.,-4.));
#1798 = VECTOR('',#1799,1.);
#1799 = DIRECTION('',(1.,0.));
#1800 = ( GEOMETRIC_REPRESENTATION_CONTEXT(2) 
PARAMETRIC_REPRESENTATION_CONTEXT() REPRESENTATION_CONTEXT('2D SPACE',''
  ) );
#1801 = PCURVE('',#835,#1802);
#1802 = DEFINITIONAL_REPRESENTATION('',(#1803),#1807);
#1803 = LINE('',#1804,#1805);
#1804 = CARTESIAN_POINT('',(0.,0.));
#1805 = VECTOR('',#1806,1.);
#1806 = DIRECTION('',(0.,1.));
#1807 = ( GEOMETRIC_REPRESENTATION_CONTEXT(2) 
PARAMETRIC_REPRESENTATION_CONTEXT() REPRESENTATION_CONTEXT('2D SPACE',''
  ) );
#1808 = ORIENTED_EDGE('',*,*,#1122,.T.);
#1809 = ORIENTED_EDGE('',*,*,#1759,.F.);
#1810 = ORIENTED_EDGE('',*,*,#1712,.F.);
#1811 = ORIENTED_EDGE('',*,*,#1812,.T.);
#1812 = EDGE_CURVE('',#1713,#1813,#1815,.T.);
#1813 = VERTEX_POINT('',#1814);
#1814 = CARTESIAN_POINT('',(-9.,80.621233020102,5.));
#1815 = SURFACE_CURVE('',#1816,(#1820,#1827),.PCURVE_S1.);
#1816 = LINE('',#1817,#1818);
#1817 = CARTESIAN_POINT('',(-9.,82.,5.));
#1818 = VECTOR('',#1819,1.);
#1819 = DIRECTION('',(0.,-1.,0.));
#1820 = PCURVE('',#1136,#1821);
#1821 = DEFINITIONAL_REPRESENTATION('',(#1822),#1826);
#1822 = LINE('',#1823,#1824);
#1823 = CARTESIAN_POINT('',(5.,-82.));
#1824 = VECTOR('',#1825,1.);
#1825 = DIRECTION('',(0.,1.));
#1826 = ( GEOMETRIC_REPRESENTATION_CONTEXT(2) 
PARAMETRIC_REPRESENTATION_CONTEXT() REPRESENTATION_CONTEXT('2D SPACE',''
  ) );
#1827 = PCURVE('',#296,#1828);
#1828 = DEFINITIONAL_REPRESENTATION('',(#1829),#1833);
#1829 = LINE('',#1830,#1831);
#1830 = CARTESIAN_POINT('',(6.,0.));
#1831 = VECTOR('',#1832,1.);
#1832 = DIRECTION('',(-1.,0.));
#1833 = ( GEOMETRIC_REPRESENTATION_CONTEXT(2) 
PARAMETRIC_REPRESENTATION_CONTEXT() REPRESENTATION_CONTEXT('2D SPACE',''
  ) );
#1834 = ORIENTED_EDGE('',*,*,#1835,.T.);
#1835 = EDGE_CURVE('',#1813,#1836,#1838,.T.);
#1836 = VERTEX_POINT('',#1837);
#1837 = CARTESIAN_POINT('',(-9.,75.853480867752,15.48905473517));
#1838 = SURFACE_CURVE('',#1839,(#1843,#1850),.PCURVE_S1.);
#1839 = LINE('',#1840,#1841);
#1840 = CARTESIAN_POINT('',(-9.,80.77170681803,4.668957644559));
#1841 = VECTOR('',#1842,1.);
#1842 = DIRECTION('',(0.,-0.413802944301,0.910366477463));
#1843 = PCURVE('',#1136,#1844);
#1844 = DEFINITIONAL_REPRESENTATION('',(#1845),#1849);
#1845 = LINE('',#1846,#1847);
#1846 = CARTESIAN_POINT('',(4.668957644559,-80.77170681803));
#1847 = VECTOR('',#1848,1.);
#1848 = DIRECTION('',(0.910366477463,0.413802944301));
#1849 = ( GEOMETRIC_REPRESENTATION_CONTEXT(2) 
PARAMETRIC_REPRESENTATION_CONTEXT() REPRESENTATION_CONTEXT('2D SPACE',''
  ) );
#1850 = PCURVE('',#1851,#1856);
#1851 = CYLINDRICAL_SURFACE('',#1852,0.8);
#1852 = AXIS2_PLACEMENT_3D('',#1853,#1854,#1855);
#1853 = CARTESIAN_POINT('',(-8.2,80.77170681803,4.668957644559));
#1854 = DIRECTION('',(0.,-0.413802944301,0.910366477463));
#1855 = DIRECTION('',(-0.,0.910366477463,0.413802944301));
#1856 = DEFINITIONAL_REPRESENTATION('',(#1857),#1861);
#1857 = LINE('',#1858,#1859);
#1858 = CARTESIAN_POINT('',(1.570796326795,0.));
#1859 = VECTOR('',#1860,1.);
#1860 = DIRECTION('',(0.,1.));
#1861 = ( GEOMETRIC_REPRESENTATION_CONTEXT(2) 
PARAMETRIC_REPRESENTATION_CONTEXT() REPRESENTATION_CONTEXT('2D SPACE',''
  ) );
#1862 = ORIENTED_EDGE('',*,*,#1863,.T.);
#1863 = EDGE_CURVE('',#1836,#1864,#1866,.T.);
#1864 = VERTEX_POINT('',#1865);
#1865 = CARTESIAN_POINT('',(-9.,75.3,16.));
#1866 = SURFACE_CURVE('',#1867,(#1872,#1880),.PCURVE_S1.);
#1867 = B_SPLINE_CURVE_WITH_KNOTS('',3,(#1868,#1869,#1870,#1871),
  .UNSPECIFIED.,.F.,.F.,(4,4),(0.,1.),.PIECEWISE_BEZIER_KNOTS.);
#1868 = CARTESIAN_POINT('',(-9.,76.996563533161,14.907560227045));
#1869 = CARTESIAN_POINT('',(-9.,76.718231618925,15.519890438364));
#1870 = CARTESIAN_POINT('',(-9.,75.3,15.327380536874));
#1871 = CARTESIAN_POINT('',(-9.,75.3,16.));
#1872 = PCURVE('',#1136,#1873);
#1873 = DEFINITIONAL_REPRESENTATION('',(#1874),#1879);
#1874 = B_SPLINE_CURVE_WITH_KNOTS('',3,(#1875,#1876,#1877,#1878),
  .UNSPECIFIED.,.F.,.F.,(4,4),(0.,1.),.PIECEWISE_BEZIER_KNOTS.);
#1875 = CARTESIAN_POINT('',(14.907560227045,-76.99656353316));
#1876 = CARTESIAN_POINT('',(15.519890438364,-76.71823161892));
#1877 = CARTESIAN_POINT('',(15.327380536874,-75.3));
#1878 = CARTESIAN_POINT('',(16.,-75.3));
#1879 = ( GEOMETRIC_REPRESENTATION_CONTEXT(2) 
PARAMETRIC_REPRESENTATION_CONTEXT() REPRESENTATION_CONTEXT('2D SPACE',''
  ) );
#1880 = PCURVE('',#1881,#1963);
#1881 = B_SPLINE_SURFACE_WITH_KNOTS('',8,8,(
    (#1882,#1883,#1884,#1885,#1886,#1887,#1888,#1889,#1890)
    ,(#1891,#1892,#1893,#1894,#1895,#1896,#1897,#1898,#1899)
    ,(#1900,#1901,#1902,#1903,#1904,#1905,#1906,#1907,#1908)
    ,(#1909,#1910,#1911,#1912,#1913,#1914,#1915,#1916,#1917)
    ,(#1918,#1919,#1920,#1921,#1922,#1923,#1924,#1925,#1926)
    ,(#1927,#1928,#1929,#1930,#1931,#1932,#1933,#1934,#1935)
    ,(#1936,#1937,#1938,#1939,#1940,#1941,#1942,#1943,#1944)
    ,(#1945,#1946,#1947,#1948,#1949,#1950,#1951,#1952,#1953)
    ,(#1954,#1955,#1956,#1957,#1958,#1959,#1960,#1961,#1962
  )),.UNSPECIFIED.,.F.,.F.,.F.,(9,9),(9,9),(-1.147834931297,
    1.032655381672),(-0.61939274722,0.900246537734),
  .PIECEWISE_BEZIER_KNOTS.);
#1882 = CARTESIAN_POINT('',(-8.803838617037,74.92044013456,
    15.443199306121));
#1883 = CARTESIAN_POINT('',(-8.953458923217,75.066539489973,
    15.73986557022));
#1884 = CARTESIAN_POINT('',(-9.098260054991,75.210922964915,
    16.033531254997));
#1885 = CARTESIAN_POINT('',(-8.933494573253,75.242938106627,
    16.147552884104));
#1886 = CARTESIAN_POINT('',(-8.725091336915,75.25892842359,
    16.237038418447));
#1887 = CARTESIAN_POINT('',(-9.7597557385,75.726722044176,
    17.045596957098));
#1888 = CARTESIAN_POINT('',(-10.6368357437,76.137177143436,
    17.763196170574));
#1889 = CARTESIAN_POINT('',(-11.79217124686,76.648770684919,
    18.641680136374));
#1890 = CARTESIAN_POINT('',(-12.90263923864,77.144076183873,
    19.494054736496));
#1891 = CARTESIAN_POINT('',(-8.951665140877,75.232449133383,
    15.435895959414));
#1892 = CARTESIAN_POINT('',(-9.043962125638,75.357723539147,
    15.699374905195));
#1893 = CARTESIAN_POINT('',(-9.129340490079,75.480516834391,
    15.958627155671));
#1894 = CARTESIAN_POINT('',(-9.030699773159,75.536589404776,
    16.110779428692));
#1895 = CARTESIAN_POINT('',(-8.269232292441,75.351606742777,
    15.880237869172));
#1896 = CARTESIAN_POINT('',(-9.361543788446,75.840383985372,
    16.72202725975));
#1897 = CARTESIAN_POINT('',(-10.03018278381,76.175089937944,
    17.319032766638));
#1898 = CARTESIAN_POINT('',(-11.03954689097,76.633650523761,
    18.113008928241));
#1899 = CARTESIAN_POINT('',(-11.95746757924,77.058999504755,
    18.853913229537));
#1900 = CARTESIAN_POINT('',(-9.037741330539,75.522058468538,
    15.392736903087));
#1901 = CARTESIAN_POINT('',(-9.080807365903,75.629455748095,
    15.627685328949));
#1902 = CARTESIAN_POINT('',(-9.138291996243,75.742067634506,
    15.870966768728));
#1903 = CARTESIAN_POINT('',(-9.030132443963,75.794959631239,
    16.016950171329));
#1904 = CARTESIAN_POINT('',(-8.294892258794,75.618839322223,
    15.803420339713));
#1905 = CARTESIAN_POINT('',(-9.791959680916,76.255522385297,
    16.876767401575));
#1906 = CARTESIAN_POINT('',(-7.572965898272,75.540514257046,
    15.803784511915));
#1907 = CARTESIAN_POINT('',(-9.948632941319,76.495582589431,
    17.388747533271));
#1908 = CARTESIAN_POINT('',(-10.8548666513,76.916713790058,
    18.122750446048));
#1909 = CARTESIAN_POINT('',(-8.976614225961,75.758130096344,
    15.264796372514));
#1910 = CARTESIAN_POINT('',(-8.922733466121,75.830293776914,
    15.443790986995));
#1911 = CARTESIAN_POINT('',(-7.410563778937,75.373039375161,
    14.777201553172));
#1912 = CARTESIAN_POINT('',(-13.34032141507,77.618044313003,
    18.421833147786));
#1913 = CARTESIAN_POINT('',(-4.080019172312,74.347572961269,
    13.263772578612));
#1914 = CARTESIAN_POINT('',(-6.662404290006,75.375235611369,
    14.979499749047));
#1915 = CARTESIAN_POINT('',(-15.83429885674,78.801043120055,
    20.491747290282));
#1916 = CARTESIAN_POINT('',(-10.52909006071,76.965050764313,
    17.630738015338));
#1917 = CARTESIAN_POINT('',(-10.22732206707,76.947147918734,
    17.665986032851));
#1918 = CARTESIAN_POINT('',(-9.072776472673,76.051556823723,
    15.226447819881));
#1919 = CARTESIAN_POINT('',(-9.047523141441,76.134131432786,
    15.421768306566));
#1920 = CARTESIAN_POINT('',(-11.82740001068,77.235474267648,
    17.242396358077));
#1921 = CARTESIAN_POINT('',(1.379885231115,72.530236623757,
    9.802112501896));
#1922 = CARTESIAN_POINT('',(-23.38462231978,81.617535812806,
    24.359795083485));
#1923 = CARTESIAN_POINT('',(-3.357903330191,74.436005925897,
    12.955432409168));
#1924 = CARTESIAN_POINT('',(0.582230332166,73.093565516316,
    10.899857373902));
#1925 = CARTESIAN_POINT('',(-7.613331365199,76.163610668965,
    15.85144220105));
#1926 = CARTESIAN_POINT('',(-8.646753376443,76.631082609662,
    16.658737841952));
#1927 = CARTESIAN_POINT('',(-9.135029868522,76.33233114397,
    15.17078426119));
#1928 = CARTESIAN_POINT('',(-9.064386261369,76.398419059815,
    15.340077983331));
#1929 = CARTESIAN_POINT('',(-6.843852719319,75.683726847394,
    14.262852375432));
#1930 = CARTESIAN_POINT('',(-16.60437892747,79.320986487245,
    20.127481929225));
#1931 = CARTESIAN_POINT('',(4.120770192899,71.883798386599,
    8.326616949262));
#1932 = CARTESIAN_POINT('',(-13.60676356277,78.415117541874,
    18.819847302082));
#1933 = CARTESIAN_POINT('',(-12.08260408499,77.954664481887,
    18.130175160766));
#1934 = CARTESIAN_POINT('',(-6.523344655606,76.026277243179,
    15.126476369446));
#1935 = CARTESIAN_POINT('',(-6.168672094008,75.989177676248,
    15.130812177926));
#1936 = CARTESIAN_POINT('',(-9.117196206678,76.584310838988,
    15.066550276518));
#1937 = CARTESIAN_POINT('',(-9.055314016312,76.653530840663,
    15.241070777389));
#1938 = CARTESIAN_POINT('',(-9.147632950384,76.778752513379,
    15.50522406313));
#1939 = CARTESIAN_POINT('',(-7.701840469865,76.345960932592,
    14.873400031387));
#1940 = CARTESIAN_POINT('',(-10.28804734318,77.376550041355,
    16.587552818439));
#1941 = CARTESIAN_POINT('',(-8.625486489579,76.864852344448,
    15.828106262058));
#1942 = CARTESIAN_POINT('',(-8.777062739179,77.011586167994,
    16.129276778582));
#1943 = CARTESIAN_POINT('',(-8.226688860501,76.903523513275,
    16.019075566293));
#1944 = CARTESIAN_POINT('',(-7.282320711878,76.652260070215,
    15.681894988605));
#1945 = CARTESIAN_POINT('',(-9.053944601892,76.819665628791,
    14.937052426672));
#1946 = CARTESIAN_POINT('',(-9.00390252525,76.893213857903,
    15.118305593309));
#1947 = CARTESIAN_POINT('',(-8.877365996819,76.939031781102,
    15.255046820532));
#1948 = CARTESIAN_POINT('',(-9.048760183479,77.093312108,15.562866215319
    ));
#1949 = CARTESIAN_POINT('',(-8.492132332419,76.982593943682,
    15.45171932379));
#1950 = CARTESIAN_POINT('',(-9.614108470285,77.482269613978,
    16.310303787695));
#1951 = CARTESIAN_POINT('',(-8.74683132454,77.259010887431,
    16.01772780658));
#1952 = CARTESIAN_POINT('',(-7.656669416623,76.954787460505,
    15.596177560043));
#1953 = CARTESIAN_POINT('',(-6.659172610568,76.684227759111,
    15.228134792888));
#1954 = CARTESIAN_POINT('',(-8.994913813188,77.056473867721,
    14.810466274055));
#1955 = CARTESIAN_POINT('',(-8.942591289902,77.12920001963,
    14.990377831905));
#1956 = CARTESIAN_POINT('',(-8.881078030678,77.198659069665,
    15.16462804715));
#1957 = CARTESIAN_POINT('',(-8.944755316821,77.313769314182,
    15.410406511757));
#1958 = CARTESIAN_POINT('',(-8.716783826235,77.322574463681,
    15.488955558076));
#1959 = CARTESIAN_POINT('',(-9.257129194604,77.610888544526,
    16.010914328969));
#1960 = CARTESIAN_POINT('',(-8.40932882701,77.394715529078,
    15.729628342428));
#1961 = CARTESIAN_POINT('',(-7.320342922297,77.090933398398,
    15.308649269284));
#1962 = CARTESIAN_POINT('',(-6.208082318483,76.778691122986,
    14.87409287999));
#1963 = DEFINITIONAL_REPRESENTATION('',(#1964),#2021);
#1964 = B_SPLINE_CURVE_WITH_KNOTS('',10,(#1965,#1966,#1967,#1968,#1969,
    #1970,#1971,#1972,#1973,#1974,#1975,#1976,#1977,#1978,#1979,#1980,
    #1981,#1982,#1983,#1984,#1985,#1986,#1987,#1988,#1989,#1990,#1991,
    #1992,#1993,#1994,#1995,#1996,#1997,#1998,#1999,#2000,#2001,#2002,
    #2003,#2004,#2005,#2006,#2007,#2008,#2009,#2010,#2011,#2012,#2013,
    #2014,#2015,#2016,#2017,#2018,#2019,#2020),.UNSPECIFIED.,.F.,.F.,(11
    ,9,9,9,9,9,11),(0.,0.125,0.25,0.5,0.75,0.875,1.),.UNSPECIFIED.);
#1965 = CARTESIAN_POINT('',(0.938777619702,-0.563084315654));
#1966 = CARTESIAN_POINT('',(0.919963317828,-0.54794453379));
#1967 = CARTESIAN_POINT('',(0.89996691618,-0.533516348709));
#1968 = CARTESIAN_POINT('',(0.879966049769,-0.520582791134));
#1969 = CARTESIAN_POINT('',(0.859399018669,-0.508655102853));
#1970 = CARTESIAN_POINT('',(0.837858126853,-0.497379874662));
#1971 = CARTESIAN_POINT('',(0.815518144159,-0.486845030368));
#1972 = CARTESIAN_POINT('',(0.792752266315,-0.477279261476));
#1973 = CARTESIAN_POINT('',(0.769587947885,-0.468639517214));
#1974 = CARTESIAN_POINT('',(0.745654983047,-0.46058115454));
#1975 = CARTESIAN_POINT('',(0.69690143511,-0.446029550997));
#1976 = CARTESIAN_POINT('',(0.672014283914,-0.439478151947));
#1977 = CARTESIAN_POINT('',(0.646638788786,-0.433617798384));
#1978 = CARTESIAN_POINT('',(0.620796983022,-0.428415133075));
#1979 = CARTESIAN_POINT('',(0.594510899916,-0.423836798787));
#1980 = CARTESIAN_POINT('',(0.567802572764,-0.419849438283));
#1981 = CARTESIAN_POINT('',(0.540694034863,-0.416419694332));
#1982 = CARTESIAN_POINT('',(0.513207319507,-0.413514209698));
#1983 = CARTESIAN_POINT('',(0.485364459991,-0.411099627149));
#1984 = CARTESIAN_POINT('',(0.400833548855,-0.40522851405));
#1985 = CARTESIAN_POINT('',(0.343157233553,-0.403151799044));
#1986 = CARTESIAN_POINT('',(0.284341626829,-0.402663841683));
#1987 = CARTESIAN_POINT('',(0.224608689867,-0.403507734686));
#1988 = CARTESIAN_POINT('',(0.164207081844,-0.405420353998));
#1989 = CARTESIAN_POINT('',(0.103399979859,-0.408134446549));
#1990 = CARTESIAN_POINT('',(4.245289886664E-02,-0.411380718018));
#1991 = CARTESIAN_POINT('',(-1.837848839615E-02,-0.414889920594));
#1992 = CARTESIAN_POINT('',(-7.886053147771E-02,-0.418394940737));
#1993 = CARTESIAN_POINT('',(-0.198727033086,-0.424870833143));
#1994 = CARTESIAN_POINT('',(-0.258085904224,-0.427845414087));
#1995 = CARTESIAN_POINT('',(-0.316720907403,-0.430294549998));
#1996 = CARTESIAN_POINT('',(-0.374464611927,-0.431955555694));
#1997 = CARTESIAN_POINT('',(-0.431131644696,-0.432565140586));
#1998 = CARTESIAN_POINT('',(-0.486518690199,-0.431859408673));
#1999 = CARTESIAN_POINT('',(-0.540404490527,-0.429573858549));
#2000 = CARTESIAN_POINT('',(-0.592549845361,-0.425443383396));
#2001 = CARTESIAN_POINT('',(-0.642697611976,-0.419202270991));
#2002 = CARTESIAN_POINT('',(-0.71451025188,-0.406275170055));
#2003 = CARTESIAN_POINT('',(-0.737876697092,-0.401370401565));
#2004 = CARTESIAN_POINT('',(-0.760648833436,-0.395844828392));
#2005 = CARTESIAN_POINT('',(-0.782805803033,-0.389668710113));
#2006 = CARTESIAN_POINT('',(-0.804329097568,-0.382807635719));
#2007 = CARTESIAN_POINT('',(-0.825202558286,-0.375222523612));
#2008 = CARTESIAN_POINT('',(-0.845412376,-0.366869621613));
#2009 = CARTESIAN_POINT('',(-0.864947091084,-0.357700506952));
#2010 = CARTESIAN_POINT('',(-0.883797593477,-0.347662086277));
#2011 = CARTESIAN_POINT('',(-0.920116651885,-0.325731105017));
#2012 = CARTESIAN_POINT('',(-0.937552317759,-0.313960133761));
#2013 = CARTESIAN_POINT('',(-0.954510119872,-0.300165392883));
#2014 = CARTESIAN_POINT('',(-0.969103628227,-0.28977032539));
#2015 = CARTESIAN_POINT('',(-0.988165280964,-0.266654577169));
#2016 = CARTESIAN_POINT('',(-0.995297217439,-0.262784546485));
#2017 = CARTESIAN_POINT('',(-1.015116840789,-0.2352121409));
#2018 = CARTESIAN_POINT('',(-1.023790546062,-0.22172030419));
#2019 = CARTESIAN_POINT('',(-1.03411839173,-0.204363930459));
#2020 = CARTESIAN_POINT('',(-1.043486301179,-0.185992921579));
#2021 = ( GEOMETRIC_REPRESENTATION_CONTEXT(2) 
PARAMETRIC_REPRESENTATION_CONTEXT() REPRESENTATION_CONTEXT('2D SPACE',''
  ) );
#2022 = ORIENTED_EDGE('',*,*,#2023,.T.);
#2023 = EDGE_CURVE('',#1864,#2024,#2026,.T.);
#2024 = VERTEX_POINT('',#2025);
#2025 = CARTESIAN_POINT('',(-9.,71.7,16.));
#2026 = SURFACE_CURVE('',#2027,(#2031,#2038),.PCURVE_S1.);
#2027 = LINE('',#2028,#2029);
#2028 = CARTESIAN_POINT('',(-9.,76.5,16.));
#2029 = VECTOR('',#2030,1.);
#2030 = DIRECTION('',(0.,-1.,0.));
#2031 = PCURVE('',#1136,#2032);
#2032 = DEFINITIONAL_REPRESENTATION('',(#2033),#2037);
#2033 = LINE('',#2034,#2035);
#2034 = CARTESIAN_POINT('',(16.,-76.5));
#2035 = VECTOR('',#2036,1.);
#2036 = DIRECTION('',(0.,1.));
#2037 = ( GEOMETRIC_REPRESENTATION_CONTEXT(2) 
PARAMETRIC_REPRESENTATION_CONTEXT() REPRESENTATION_CONTEXT('2D SPACE',''
  ) );
#2038 = PCURVE('',#512,#2039);
#2039 = DEFINITIONAL_REPRESENTATION('',(#2040),#2044);
#2040 = LINE('',#2041,#2042);
#2041 = CARTESIAN_POINT('',(-3.14159265359,0.));
#2042 = VECTOR('',#2043,1.);
#2043 = DIRECTION('',(-0.,-1.));
#2044 = ( GEOMETRIC_REPRESENTATION_CONTEXT(2) 
PARAMETRIC_REPRESENTATION_CONTEXT() REPRESENTATION_CONTEXT('2D SPACE',''
  ) );
#2045 = ORIENTED_EDGE('',*,*,#2046,.F.);
#2046 = EDGE_CURVE('',#2047,#2024,#2049,.T.);
#2047 = VERTEX_POINT('',#2048);
#2048 = CARTESIAN_POINT('',(-9.,71.168033439251,15.484218114779));
#2049 = SURFACE_CURVE('',#2050,(#2055,#2063),.PCURVE_S1.);
#2050 = B_SPLINE_CURVE_WITH_KNOTS('',3,(#2051,#2052,#2053,#2054),
  .UNSPECIFIED.,.F.,.F.,(4,4),(0.,1.),.PIECEWISE_BEZIER_KNOTS.);
#2051 = CARTESIAN_POINT('',(-9.,70.10746732334,14.866016711872));
#2052 = CARTESIAN_POINT('',(-9.,70.320635863949,15.481836940297));
#2053 = CARTESIAN_POINT('',(-9.,71.7,15.348328778875));
#2054 = CARTESIAN_POINT('',(-9.,71.7,16.));
#2055 = PCURVE('',#1136,#2056);
#2056 = DEFINITIONAL_REPRESENTATION('',(#2057),#2062);
#2057 = B_SPLINE_CURVE_WITH_KNOTS('',3,(#2058,#2059,#2060,#2061),
  .UNSPECIFIED.,.F.,.F.,(4,4),(0.,1.),.PIECEWISE_BEZIER_KNOTS.);
#2058 = CARTESIAN_POINT('',(14.866016711872,-70.10746732334));
#2059 = CARTESIAN_POINT('',(15.481836940297,-70.32063586394));
#2060 = CARTESIAN_POINT('',(15.348328778875,-71.7));
#2061 = CARTESIAN_POINT('',(16.,-71.7));
#2062 = ( GEOMETRIC_REPRESENTATION_CONTEXT(2) 
PARAMETRIC_REPRESENTATION_CONTEXT() REPRESENTATION_CONTEXT('2D SPACE',''
  ) );
#2063 = PCURVE('',#2064,#2146);
#2064 = B_SPLINE_SURFACE_WITH_KNOTS('',8,8,(
    (#2065,#2066,#2067,#2068,#2069,#2070,#2071,#2072,#2073)
    ,(#2074,#2075,#2076,#2077,#2078,#2079,#2080,#2081,#2082)
    ,(#2083,#2084,#2085,#2086,#2087,#2088,#2089,#2090,#2091)
    ,(#2092,#2093,#2094,#2095,#2096,#2097,#2098,#2099,#2100)
    ,(#2101,#2102,#2103,#2104,#2105,#2106,#2107,#2108,#2109)
    ,(#2110,#2111,#2112,#2113,#2114,#2115,#2116,#2117,#2118)
    ,(#2119,#2120,#2121,#2122,#2123,#2124,#2125,#2126,#2127)
    ,(#2128,#2129,#2130,#2131,#2132,#2133,#2134,#2135,#2136)
    ,(#2137,#2138,#2139,#2140,#2141,#2142,#2143,#2144,#2145
  )),.UNSPECIFIED.,.F.,.F.,.F.,(9,9),(9,9),(-0.970533983741,
    1.128632310543),(-0.662260264836,0.906883543441),
  .PIECEWISE_BEZIER_KNOTS.);
#2065 = CARTESIAN_POINT('',(-8.993061684541,70.056686718603,
    14.765936084265));
#2066 = CARTESIAN_POINT('',(-8.95306309655,69.974034061548,
    14.956891296885));
#2067 = CARTESIAN_POINT('',(-8.87547275175,69.905522166964,
    15.127105081868));
#2068 = CARTESIAN_POINT('',(-8.966784701023,69.773193908221,
    15.388263060981));
#2069 = CARTESIAN_POINT('',(-8.721403636401,69.768045270268,
    15.467641594318));
#2070 = CARTESIAN_POINT('',(-9.219200993432,69.482420943744,
    15.950549166178));
#2071 = CARTESIAN_POINT('',(-8.534469935062,69.642786479813,
    15.78964968036));
#2072 = CARTESIAN_POINT('',(-7.43571997846,69.959316080993,
    15.403699067069));
#2073 = CARTESIAN_POINT('',(-6.062155081614,70.379588510295,
    14.868546533717));
#2074 = CARTESIAN_POINT('',(-9.054144457814,70.281669378482,
    14.891357593636));
#2075 = CARTESIAN_POINT('',(-9.010147808658,70.200538817751,
    15.08019738509));
#2076 = CARTESIAN_POINT('',(-8.866096621461,70.15711381793,
    15.214436482044));
#2077 = CARTESIAN_POINT('',(-9.054363215417,69.988213530323,
    15.528055771681));
#2078 = CARTESIAN_POINT('',(-8.498668431896,70.100168148332,
    15.438974139006));
#2079 = CARTESIAN_POINT('',(-9.472421759754,69.635048465656,
    16.181107678754));
#2080 = CARTESIAN_POINT('',(-8.853506121752,69.770611520622,
    16.05586663038));
#2081 = CARTESIAN_POINT('',(-7.831507723173,70.058181995889,
    15.711663137358));
#2082 = CARTESIAN_POINT('',(-6.598357788606,70.425512267512,
    15.252982176295));
#2083 = CARTESIAN_POINT('',(-9.116171680878,70.506333578278,
    15.017777961002));
#2084 = CARTESIAN_POINT('',(-9.067524112161,70.426979197212,
    15.20426370294));
#2085 = CARTESIAN_POINT('',(-9.254066489243,70.258818174994,
    15.519010757771));
#2086 = CARTESIAN_POINT('',(-7.286992666594,70.903181723004,
    14.657264139458));
#2087 = CARTESIAN_POINT('',(-11.18600383065,69.333839411138,
    16.995302938949));
#2088 = CARTESIAN_POINT('',(-7.043739047714,70.800052083178,
    14.952074401036));
#2089 = CARTESIAN_POINT('',(-10.02481747636,69.57655729515,
    16.785731580198));
#2090 = CARTESIAN_POINT('',(-8.397049028121,70.093042697474,
    16.112318734641));
#2091 = CARTESIAN_POINT('',(-7.247028284994,70.429021904319,
    15.698853175151));
#2092 = CARTESIAN_POINT('',(-9.133228656911,70.748012838928,
    15.120730814807));
#2093 = CARTESIAN_POINT('',(-9.089631748672,70.666708801902,
    15.309746985105));
#2094 = CARTESIAN_POINT('',(-6.658141927239,71.486216347544,
    14.197406105697));
#2095 = CARTESIAN_POINT('',(-17.57838921301,67.268276895773,
    20.35652174888));
#2096 = CARTESIAN_POINT('',(5.988476518754,76.063370868273,
    7.733965661386));
#2097 = CARTESIAN_POINT('',(-16.70536003995,67.400266795136,
    20.309094318878));
#2098 = CARTESIAN_POINT('',(-8.054838811935,70.569887104612,
    15.807527638979));
#2099 = CARTESIAN_POINT('',(-6.572567595289,71.029247775247,
    15.211860066306));
#2100 = CARTESIAN_POINT('',(-6.270703625672,71.045403780367,
    15.260442065561));
#2101 = CARTESIAN_POINT('',(-9.070156097494,71.019781465646,
    15.177945140399));
#2102 = CARTESIAN_POINT('',(-9.055838529415,70.927466209505,
    15.382713519883));
#2103 = CARTESIAN_POINT('',(-12.08216886628,69.688222581251,
    17.243975602881));
#2104 = CARTESIAN_POINT('',(2.299149547015,75.015491573139,
    9.623884176602));
#2105 = CARTESIAN_POINT('',(-24.83295015909,64.680959859367,
    24.616251292161));
#2106 = CARTESIAN_POINT('',(-2.197536762304,73.125232608488,
    12.488313663428));
#2107 = CARTESIAN_POINT('',(-1.478435457737,73.29520730608,
    12.32274025875));
#2108 = CARTESIAN_POINT('',(-9.371321029531,70.22174572146,
    16.828674785417));
#2109 = CARTESIAN_POINT('',(-9.313318399051,70.146098207688,
    17.009903548378));
#2110 = CARTESIAN_POINT('',(-8.987085215542,71.299239168751,
    15.226490864962));
#2111 = CARTESIAN_POINT('',(-8.967749928503,71.208800335579,
    15.428727383868));
#2112 = CARTESIAN_POINT('',(-7.409852390645,71.698498487337,
    14.791827877404));
#2113 = CARTESIAN_POINT('',(-13.43343042595,69.32911444038,
    18.28704086409));
#2114 = CARTESIAN_POINT('',(-4.352678958495,72.656488987962,
    13.54466931559));
#2115 = CARTESIAN_POINT('',(-5.841570824161,71.996236221953,
    14.585179865353));
#2116 = CARTESIAN_POINT('',(-16.21179542057,67.988019757114,
    20.42954695831));
#2117 = CARTESIAN_POINT('',(-9.568165169666,70.395718430327,
    17.02875175575));
#2118 = CARTESIAN_POINT('',(-9.444229262414,70.344765899193,
    17.174018990581));
#2119 = CARTESIAN_POINT('',(-9.013786053863,71.537208010519,
    15.333390600535));
#2120 = CARTESIAN_POINT('',(-9.080180896036,71.41444252697,
    15.582134438013));
#2121 = CARTESIAN_POINT('',(-9.21008190348,71.26774477203,
    15.865653339808));
#2122 = CARTESIAN_POINT('',(-8.705319292863,71.360106853829,
    15.80123246391));
#2123 = CARTESIAN_POINT('',(-8.713982381443,71.259525791805,
    16.022657604224));
#2124 = CARTESIAN_POINT('',(-9.928391449271,70.70325730227,
    16.889940657988));
#2125 = CARTESIAN_POINT('',(-7.287064887146,71.601876556708,
    15.66868435596));
#2126 = CARTESIAN_POINT('',(-9.983350241777,70.487241041672,
    17.347837434704));
#2127 = CARTESIAN_POINT('',(-10.27142827168,70.281025129094,
    17.71759090511));
#2128 = CARTESIAN_POINT('',(-8.921528225037,71.820056710782,
    15.375959166688));
#2129 = CARTESIAN_POINT('',(-9.041966574037,71.676917100518,
    15.65414061084));
#2130 = CARTESIAN_POINT('',(-9.06985869786,71.568666886996,
    15.881761012614));
#2131 = CARTESIAN_POINT('',(-9.244609504536,71.404961144445,
    16.1888886299));
#2132 = CARTESIAN_POINT('',(-8.1960482616,71.702618263015,
    15.830459126765));
#2133 = CARTESIAN_POINT('',(-9.297686042717,71.189424741555,
    16.642620701372));
#2134 = CARTESIAN_POINT('',(-9.776572358791,70.911027060558,
    17.115631539177));
#2135 = CARTESIAN_POINT('',(-10.49147999859,70.543754526386,
    17.717500243139));
#2136 = CARTESIAN_POINT('',(-10.87989301031,70.299692073847,
    18.141909831206));
#2137 = CARTESIAN_POINT('',(-8.766339622667,72.126608205992,
    15.384166699668));
#2138 = CARTESIAN_POINT('',(-8.945869126979,71.96118651647,
    15.694507065004));
#2139 = CARTESIAN_POINT('',(-9.055367992301,71.822161732574,
    15.966562658546));
#2140 = CARTESIAN_POINT('',(-9.087814721042,71.712127852444,
    16.196290956699));
#2141 = CARTESIAN_POINT('',(-8.580811411564,71.805581089294,
    16.132739573282));
#2142 = CARTESIAN_POINT('',(-9.555789570413,71.340148593985,
    16.875969936223));
#2143 = CARTESIAN_POINT('',(-10.15722595007,71.015587872637,
    17.415851825874));
#2144 = CARTESIAN_POINT('',(-10.92594234893,70.628041929088,
    18.047105430954));
#2145 = CARTESIAN_POINT('',(-11.43912639037,70.336942005988,
    18.539509694565));
#2146 = DEFINITIONAL_REPRESENTATION('',(#2147),#2198);
#2147 = B_SPLINE_CURVE_WITH_KNOTS('',9,(#2148,#2149,#2150,#2151,#2152,
    #2153,#2154,#2155,#2156,#2157,#2158,#2159,#2160,#2161,#2162,#2163,
    #2164,#2165,#2166,#2167,#2168,#2169,#2170,#2171,#2172,#2173,#2174,
    #2175,#2176,#2177,#2178,#2179,#2180,#2181,#2182,#2183,#2184,#2185,
    #2186,#2187,#2188,#2189,#2190,#2191,#2192,#2193,#2194,#2195,#2196,
    #2197),.UNSPECIFIED.,.F.,.F.,(10,8,8,8,8,8,10),(0.,0.125,0.25,0.5,
    0.75,0.875,1.),.UNSPECIFIED.);
#2148 = CARTESIAN_POINT('',(-0.882303621582,-0.602054786215));
#2149 = CARTESIAN_POINT('',(-0.863528286821,-0.584357320836));
#2150 = CARTESIAN_POINT('',(-0.843475012119,-0.56757675893));
#2151 = CARTESIAN_POINT('',(-0.822439090888,-0.552297622388));
#2152 = CARTESIAN_POINT('',(-0.802961856836,-0.539383114568));
#2153 = CARTESIAN_POINT('',(-0.778044335119,-0.524708219935));
#2154 = CARTESIAN_POINT('',(-0.7567147524,-0.513955815487));
#2155 = CARTESIAN_POINT('',(-0.732123482408,-0.502502627805));
#2156 = CARTESIAN_POINT('',(-0.70764431981,-0.492568084369));
#2157 = CARTESIAN_POINT('',(-0.657095332229,-0.474326358317));
#2158 = CARTESIAN_POINT('',(-0.631150049789,-0.466102152877));
#2159 = CARTESIAN_POINT('',(-0.604565647423,-0.4587282078));
#2160 = CARTESIAN_POINT('',(-0.577373793851,-0.452158125863));
#2161 = CARTESIAN_POINT('',(-0.549606157797,-0.446345509842));
#2162 = CARTESIAN_POINT('',(-0.521294407982,-0.441243962515));
#2163 = CARTESIAN_POINT('',(-0.492470213128,-0.436807086658));
#2164 = CARTESIAN_POINT('',(-0.463165241956,-0.432988485047));
#2165 = CARTESIAN_POINT('',(-0.373903005658,-0.423248311286));
#2166 = CARTESIAN_POINT('',(-0.31259710434,-0.419060213565));
#2167 = CARTESIAN_POINT('',(-0.24982949547,-0.41682062308));
#2168 = CARTESIAN_POINT('',(-0.185935792764,-0.416170176844));
#2169 = CARTESIAN_POINT('',(-0.12125118742,-0.4167469931));
#2170 = CARTESIAN_POINT('',(-5.611044811915E-02,-0.418186671321));
#2171 = CARTESIAN_POINT('',(9.15207897697E-03,-0.42012229221));
#2172 = CARTESIAN_POINT('',(7.420247022292E-02,-0.4221844177));
#2173 = CARTESIAN_POINT('',(0.20321197876,-0.425817764209));
#2174 = CARTESIAN_POINT('',(0.267163324647,-0.427398101062));
#2175 = CARTESIAN_POINT('',(0.330326808641,-0.428376879069));
#2176 = CARTESIAN_POINT('',(0.392444286189,-0.428389167794));
#2177 = CARTESIAN_POINT('',(0.453233921702,-0.427070328813));
#2178 = CARTESIAN_POINT('',(0.512390188551,-0.42405601571));
#2179 = CARTESIAN_POINT('',(0.569583869066,-0.418982174081));
#2180 = CARTESIAN_POINT('',(0.624462054542,-0.411485041532));
#2181 = CARTESIAN_POINT('',(0.702741190577,-0.396059200749));
#2182 = CARTESIAN_POINT('',(0.728157157808,-0.390220839027));
#2183 = CARTESIAN_POINT('',(0.752866467141,-0.383646913798));
#2184 = CARTESIAN_POINT('',(0.77684089478,-0.376293117707));
#2185 = CARTESIAN_POINT('',(0.80005357292,-0.368109984759));
#2186 = CARTESIAN_POINT('',(0.822478989745,-0.359042890317));
#2187 = CARTESIAN_POINT('',(0.844092989431,-0.349032051102));
#2188 = CARTESIAN_POINT('',(0.864872772141,-0.338012525194));
#2189 = CARTESIAN_POINT('',(0.904721015918,-0.31381589887));
#2190 = CARTESIAN_POINT('',(0.92387821463,-0.300500899287));
#2191 = CARTESIAN_POINT('',(0.941409554857,-0.286990029537));
#2192 = CARTESIAN_POINT('',(0.960166814926,-0.269430057551));
#2193 = CARTESIAN_POINT('',(0.973808347467,-0.255682045103));
#2194 = CARTESIAN_POINT('',(0.990612808536,-0.23557800406));
#2195 = CARTESIAN_POINT('',(1.003461104917,-0.21711504723));
#2196 = CARTESIAN_POINT('',(1.015330123049,-0.197916904846));
#2197 = CARTESIAN_POINT('',(1.026029373221,-0.177624529796));
#2198 = ( GEOMETRIC_REPRESENTATION_CONTEXT(2) 
PARAMETRIC_REPRESENTATION_CONTEXT() REPRESENTATION_CONTEXT('2D SPACE',''
  ) );
#2199 = ORIENTED_EDGE('',*,*,#2200,.F.);
#2200 = EDGE_CURVE('',#2201,#2047,#2203,.T.);
#2201 = VERTEX_POINT('',#2202);
#2202 = CARTESIAN_POINT('',(-9.,66.67349639952,2.5));
#2203 = SURFACE_CURVE('',#2204,(#2208,#2215),.PCURVE_S1.);
#2204 = LINE('',#2205,#2206);
#2205 = CARTESIAN_POINT('',(-9.,66.67349639952,2.5));
#2206 = VECTOR('',#2207,1.);
#2207 = DIRECTION('',(0.,0.327110563883,0.94498607344));
#2208 = PCURVE('',#1136,#2209);
#2209 = DEFINITIONAL_REPRESENTATION('',(#2210),#2214);
#2210 = LINE('',#2211,#2212);
#2211 = CARTESIAN_POINT('',(2.5,-66.67349639952));
#2212 = VECTOR('',#2213,1.);
#2213 = DIRECTION('',(0.94498607344,-0.327110563883));
#2214 = ( GEOMETRIC_REPRESENTATION_CONTEXT(2) 
PARAMETRIC_REPRESENTATION_CONTEXT() REPRESENTATION_CONTEXT('2D SPACE',''
  ) );
#2215 = PCURVE('',#2216,#2221);
#2216 = CYLINDRICAL_SURFACE('',#2217,0.8);
#2217 = AXIS2_PLACEMENT_3D('',#2218,#2219,#2220);
#2218 = CARTESIAN_POINT('',(-8.2,66.755988858752,2.738311548893));
#2219 = DIRECTION('',(0.,0.327110563883,0.94498607344));
#2220 = DIRECTION('',(-1.,0.,0.));
#2221 = DEFINITIONAL_REPRESENTATION('',(#2222),#2248);
#2222 = B_SPLINE_CURVE_WITH_KNOTS('',3,(#2223,#2224,#2225,#2226,#2227,
    #2228,#2229,#2230,#2231,#2232,#2233,#2234,#2235,#2236,#2237,#2238,
    #2239,#2240,#2241,#2242,#2243,#2244,#2245,#2246,#2247),
  .UNSPECIFIED.,.F.,.F.,(4,1,1,1,1,1,1,1,1,1,1,1,1,1,1,1,1,1,1,1,1,1,4),
  (0.,0.624550719929,1.249101439858,1.873652159787,2.498202879716,
    3.122753599645,3.747304319574,4.371855039503,4.996405759432,
    5.62095647936,6.245507199289,6.870057919218,7.494608639147,
    8.119159359076,8.743710079005,9.368260798934,9.992811518863,
    10.617362238792,11.241912958721,11.86646367865,12.491014398579,
    13.115565118508,13.740115838437),.QUASI_UNIFORM_KNOTS.);
#2223 = CARTESIAN_POINT('',(0.,-0.2521852497));
#2224 = CARTESIAN_POINT('',(-1.7763568394E-14,-4.400167639027E-02));
#2225 = CARTESIAN_POINT('',(-2.48689957516E-14,0.372365470229));
#2226 = CARTESIAN_POINT('',(6.217248937901E-15,0.996916190158));
#2227 = CARTESIAN_POINT('',(-8.881784197001E-16,1.621466910087));
#2228 = CARTESIAN_POINT('',(1.7763568394E-15,2.246017630016));
#2229 = CARTESIAN_POINT('',(-2.6645352591E-15,2.870568349945));
#2230 = CARTESIAN_POINT('',(8.881784197001E-16,3.495119069874));
#2231 = CARTESIAN_POINT('',(-8.881784197001E-16,4.119669789803));
#2232 = CARTESIAN_POINT('',(8.881784197001E-16,4.744220509732));
#2233 = CARTESIAN_POINT('',(-2.6645352591E-15,5.368771229661));
#2234 = CARTESIAN_POINT('',(7.105427357601E-15,5.99332194959));
#2235 = CARTESIAN_POINT('',(-2.39808173319E-14,6.617872669518));
#2236 = CARTESIAN_POINT('',(-1.33226762955E-14,7.242423389447));
#2237 = CARTESIAN_POINT('',(-2.75335310107E-14,7.866974109376));
#2238 = CARTESIAN_POINT('',(1.59872115546E-14,8.491524829305));
#2239 = CARTESIAN_POINT('',(-3.46389583683E-14,9.116075549234));
#2240 = CARTESIAN_POINT('',(1.50990331349E-14,9.740626269163));
#2241 = CARTESIAN_POINT('',(-2.57571741713E-14,10.365176989092));
#2242 = CARTESIAN_POINT('',(-1.59872115546E-14,10.989727709021));
#2243 = CARTESIAN_POINT('',(-1.86517468137E-14,11.61427842895));
#2244 = CARTESIAN_POINT('',(-1.7763568394E-14,12.238829148879));
#2245 = CARTESIAN_POINT('',(-2.04281036531E-14,12.863379868808));
#2246 = CARTESIAN_POINT('',(-1.06581410364E-14,13.279747015427));
#2247 = CARTESIAN_POINT('',(0.,13.487930588737));
#2248 = ( GEOMETRIC_REPRESENTATION_CONTEXT(2) 
PARAMETRIC_REPRESENTATION_CONTEXT() REPRESENTATION_CONTEXT('2D SPACE',''
  ) );
#2249 = ORIENTED_EDGE('',*,*,#2250,.F.);
#2250 = EDGE_CURVE('',#1787,#2201,#2251,.T.);
#2251 = SURFACE_CURVE('',#2252,(#2256,#2263),.PCURVE_S1.);
#2252 = LINE('',#2253,#2254);
#2253 = CARTESIAN_POINT('',(-9.,4.,2.5));
#2254 = VECTOR('',#2255,1.);
#2255 = DIRECTION('',(-0.,1.,-0.));
#2256 = PCURVE('',#1136,#2257);
#2257 = DEFINITIONAL_REPRESENTATION('',(#2258),#2262);
#2258 = LINE('',#2259,#2260);
#2259 = CARTESIAN_POINT('',(2.5,-4.));
#2260 = VECTOR('',#2261,1.);
#2261 = DIRECTION('',(0.,-1.));
#2262 = ( GEOMETRIC_REPRESENTATION_CONTEXT(2) 
PARAMETRIC_REPRESENTATION_CONTEXT() REPRESENTATION_CONTEXT('2D SPACE',''
  ) );
#2263 = PCURVE('',#2264,#2269);
#2264 = CYLINDRICAL_SURFACE('',#2265,0.5);
#2265 = AXIS2_PLACEMENT_3D('',#2266,#2267,#2268);
#2266 = CARTESIAN_POINT('',(-8.5,4.,2.5));
#2267 = DIRECTION('',(-0.,1.,-0.));
#2268 = DIRECTION('',(-1.,-0.,0.));
#2269 = DEFINITIONAL_REPRESENTATION('',(#2270),#2274);
#2270 = LINE('',#2271,#2272);
#2271 = CARTESIAN_POINT('',(0.,0.));
#2272 = VECTOR('',#2273,1.);
#2273 = DIRECTION('',(0.,1.));
#2274 = ( GEOMETRIC_REPRESENTATION_CONTEXT(2) 
PARAMETRIC_REPRESENTATION_CONTEXT() REPRESENTATION_CONTEXT('2D SPACE',''
  ) );
#2275 = ADVANCED_FACE('',(#2276),#2264,.T.);
#2276 = FACE_BOUND('',#2277,.T.);
#2277 = EDGE_LOOP('',(#2278,#2307,#2335,#2363,#2386,#2602));
#2278 = ORIENTED_EDGE('',*,*,#2279,.T.);
#2279 = EDGE_CURVE('',#1787,#2280,#2282,.T.);
#2280 = VERTEX_POINT('',#2281);
#2281 = CARTESIAN_POINT('',(-8.5,4.,3.));
#2282 = SURFACE_CURVE('',#2283,(#2288,#2295),.PCURVE_S1.);
#2283 = CIRCLE('',#2284,0.5);
#2284 = AXIS2_PLACEMENT_3D('',#2285,#2286,#2287);
#2285 = CARTESIAN_POINT('',(-8.5,4.,2.5));
#2286 = DIRECTION('',(-6.123233995737E-17,1.,0.));
#2287 = DIRECTION('',(-1.,-6.123233995737E-17,0.));
#2288 = PCURVE('',#2264,#2289);
#2289 = DEFINITIONAL_REPRESENTATION('',(#2290),#2294);
#2290 = LINE('',#2291,#2292);
#2291 = CARTESIAN_POINT('',(0.,0.));
#2292 = VECTOR('',#2293,1.);
#2293 = DIRECTION('',(1.,0.));
#2294 = ( GEOMETRIC_REPRESENTATION_CONTEXT(2) 
PARAMETRIC_REPRESENTATION_CONTEXT() REPRESENTATION_CONTEXT('2D SPACE',''
  ) );
#2295 = PCURVE('',#2296,#2301);
#2296 = TOROIDAL_SURFACE('',#2297,3.5,0.5);
#2297 = AXIS2_PLACEMENT_3D('',#2298,#2299,#2300);
#2298 = CARTESIAN_POINT('',(-5.,4.,2.5));
#2299 = DIRECTION('',(0.,0.,1.));
#2300 = DIRECTION('',(-2.22044604925E-16,-1.,0.));
#2301 = DEFINITIONAL_REPRESENTATION('',(#2302),#2306);
#2302 = LINE('',#2303,#2304);
#2303 = CARTESIAN_POINT('',(-1.570796326795,0.));
#2304 = VECTOR('',#2305,1.);
#2305 = DIRECTION('',(-0.,1.));
#2306 = ( GEOMETRIC_REPRESENTATION_CONTEXT(2) 
PARAMETRIC_REPRESENTATION_CONTEXT() REPRESENTATION_CONTEXT('2D SPACE',''
  ) );
#2307 = ORIENTED_EDGE('',*,*,#2308,.T.);
#2308 = EDGE_CURVE('',#2280,#2309,#2311,.T.);
#2309 = VERTEX_POINT('',#2310);
#2310 = CARTESIAN_POINT('',(-8.5,33.38196601125,3.));
#2311 = SURFACE_CURVE('',#2312,(#2316,#2323),.PCURVE_S1.);
#2312 = LINE('',#2313,#2314);
#2313 = CARTESIAN_POINT('',(-8.5,4.,3.));
#2314 = VECTOR('',#2315,1.);
#2315 = DIRECTION('',(-0.,1.,-0.));
#2316 = PCURVE('',#2264,#2317);
#2317 = DEFINITIONAL_REPRESENTATION('',(#2318),#2322);
#2318 = LINE('',#2319,#2320);
#2319 = CARTESIAN_POINT('',(1.570796326795,0.));
#2320 = VECTOR('',#2321,1.);
#2321 = DIRECTION('',(0.,1.));
#2322 = ( GEOMETRIC_REPRESENTATION_CONTEXT(2) 
PARAMETRIC_REPRESENTATION_CONTEXT() REPRESENTATION_CONTEXT('2D SPACE',''
  ) );
#2323 = PCURVE('',#2324,#2329);
#2324 = PLANE('',#2325);
#2325 = AXIS2_PLACEMENT_3D('',#2326,#2327,#2328);
#2326 = CARTESIAN_POINT('',(-9.,0.,3.));
#2327 = DIRECTION('',(0.,0.,1.));
#2328 = DIRECTION('',(1.,0.,0.));
#2329 = DEFINITIONAL_REPRESENTATION('',(#2330),#2334);
#2330 = LINE('',#2331,#2332);
#2331 = CARTESIAN_POINT('',(0.5,4.));
#2332 = VECTOR('',#2333,1.);
#2333 = DIRECTION('',(0.,1.));
#2334 = ( GEOMETRIC_REPRESENTATION_CONTEXT(2) 
PARAMETRIC_REPRESENTATION_CONTEXT() REPRESENTATION_CONTEXT('2D SPACE',''
  ) );
#2335 = ORIENTED_EDGE('',*,*,#2336,.T.);
#2336 = EDGE_CURVE('',#2309,#2337,#2339,.T.);
#2337 = VERTEX_POINT('',#2338);
#2338 = CARTESIAN_POINT('',(-8.5,38.61803398875,3.));
#2339 = SURFACE_CURVE('',#2340,(#2344,#2351),.PCURVE_S1.);
#2340 = LINE('',#2341,#2342);
#2341 = CARTESIAN_POINT('',(-8.5,4.,3.));
#2342 = VECTOR('',#2343,1.);
#2343 = DIRECTION('',(-0.,1.,-0.));
#2344 = PCURVE('',#2264,#2345);
#2345 = DEFINITIONAL_REPRESENTATION('',(#2346),#2350);
#2346 = LINE('',#2347,#2348);
#2347 = CARTESIAN_POINT('',(1.570796326795,0.));
#2348 = VECTOR('',#2349,1.);
#2349 = DIRECTION('',(0.,1.));
#2350 = ( GEOMETRIC_REPRESENTATION_CONTEXT(2) 
PARAMETRIC_REPRESENTATION_CONTEXT() REPRESENTATION_CONTEXT('2D SPACE',''
  ) );
#2351 = PCURVE('',#2352,#2357);
#2352 = PLANE('',#2353);
#2353 = AXIS2_PLACEMENT_3D('',#2354,#2355,#2356);
#2354 = CARTESIAN_POINT('',(-9.,33.,3.));
#2355 = DIRECTION('',(0.,0.,1.));
#2356 = DIRECTION('',(1.,0.,0.));
#2357 = DEFINITIONAL_REPRESENTATION('',(#2358),#2362);
#2358 = LINE('',#2359,#2360);
#2359 = CARTESIAN_POINT('',(0.5,-29.));
#2360 = VECTOR('',#2361,1.);
#2361 = DIRECTION('',(0.,1.));
#2362 = ( GEOMETRIC_REPRESENTATION_CONTEXT(2) 
PARAMETRIC_REPRESENTATION_CONTEXT() REPRESENTATION_CONTEXT('2D SPACE',''
  ) );
#2363 = ORIENTED_EDGE('',*,*,#2364,.T.);
#2364 = EDGE_CURVE('',#2337,#2365,#2367,.T.);
#2365 = VERTEX_POINT('',#2366);
#2366 = CARTESIAN_POINT('',(-8.5,66.061778848315,3.));
#2367 = SURFACE_CURVE('',#2368,(#2372,#2379),.PCURVE_S1.);
#2368 = LINE('',#2369,#2370);
#2369 = CARTESIAN_POINT('',(-8.5,4.,3.));
#2370 = VECTOR('',#2371,1.);
#2371 = DIRECTION('',(-0.,1.,-0.));
#2372 = PCURVE('',#2264,#2373);
#2373 = DEFINITIONAL_REPRESENTATION('',(#2374),#2378);
#2374 = LINE('',#2375,#2376);
#2375 = CARTESIAN_POINT('',(1.570796326795,0.));
#2376 = VECTOR('',#2377,1.);
#2377 = DIRECTION('',(0.,1.));
#2378 = ( GEOMETRIC_REPRESENTATION_CONTEXT(2) 
PARAMETRIC_REPRESENTATION_CONTEXT() REPRESENTATION_CONTEXT('2D SPACE',''
  ) );
#2379 = PCURVE('',#2324,#2380);
#2380 = DEFINITIONAL_REPRESENTATION('',(#2381),#2385);
#2381 = LINE('',#2382,#2383);
#2382 = CARTESIAN_POINT('',(0.5,4.));
#2383 = VECTOR('',#2384,1.);
#2384 = DIRECTION('',(0.,1.));
#2385 = ( GEOMETRIC_REPRESENTATION_CONTEXT(2) 
PARAMETRIC_REPRESENTATION_CONTEXT() REPRESENTATION_CONTEXT('2D SPACE',''
  ) );
#2386 = ORIENTED_EDGE('',*,*,#2387,.F.);
#2387 = EDGE_CURVE('',#2201,#2365,#2388,.T.);
#2388 = SURFACE_CURVE('',#2389,(#2458,#2530),.PCURVE_S1.);
#2389 = B_SPLINE_CURVE_WITH_KNOTS('',7,(#2390,#2391,#2392,#2393,#2394,
    #2395,#2396,#2397,#2398,#2399,#2400,#2401,#2402,#2403,#2404,#2405,
    #2406,#2407,#2408,#2409,#2410,#2411,#2412,#2413,#2414,#2415,#2416,
    #2417,#2418,#2419,#2420,#2421,#2422,#2423,#2424,#2425,#2426,#2427,
    #2428,#2429,#2430,#2431,#2432,#2433,#2434,#2435,#2436,#2437,#2438,
    #2439,#2440,#2441,#2442,#2443,#2444,#2445,#2446,#2447,#2448,#2449,
    #2450,#2451,#2452,#2453,#2454,#2455,#2456,#2457),.UNSPECIFIED.,.F.,
  .F.,(8,6,6,6,6,6,6,6,6,6,6,8),(0.,9.700440222783E-04,
    1.906638061842E-03,2.876681498281E-03,3.846724338753E-03,
    4.816766382602E-03,5.786807428737E-03,6.72339764847E-03,
    7.69343614789E-03,8.529674961994E-03,0.615502314985,1.),
  .UNSPECIFIED.);
#2390 = CARTESIAN_POINT('',(-9.,66.67349639952,2.5));
#2391 = CARTESIAN_POINT('',(-9.,66.673394827277,2.500102350513));
#2392 = CARTESIAN_POINT('',(-8.999999975557,66.673293255028,
    2.500204701023));
#2393 = CARTESIAN_POINT('',(-8.999999926671,66.67319168278,
    2.500307051526));
#2394 = CARTESIAN_POINT('',(-8.999999853341,66.673090110539,
    2.500409402018));
#2395 = CARTESIAN_POINT('',(-8.999999755569,66.672988538309,
    2.500511752494));
#2396 = CARTESIAN_POINT('',(-8.999999633353,66.672886966092,
    2.500614102949));
#2397 = CARTESIAN_POINT('',(-8.999999345093,66.672687324195,
    2.500815274455));
#2398 = CARTESIAN_POINT('',(-8.999999180705,66.672589254515,
    2.500914095509));
#2399 = CARTESIAN_POINT('',(-8.99999899353,66.672491184851,
    2.501012916532));
#2400 = CARTESIAN_POINT('',(-8.999998783569,66.672393115207,
    2.501111737519));
#2401 = CARTESIAN_POINT('',(-8.999998550822,66.672295045584,
    2.501210558464));
#2402 = CARTESIAN_POINT('',(-8.999998295288,66.672196975986,
    2.501309379362));
#2403 = CARTESIAN_POINT('',(-8.999997728708,66.6719973344,2.50151055033)
  );
#2404 = CARTESIAN_POINT('',(-8.999997416005,66.671895762414,
    2.501612900397));
#2405 = CARTESIAN_POINT('',(-8.999997078859,66.67179419046,
    2.501715250401));
#2406 = CARTESIAN_POINT('',(-8.99999671727,66.671692618541,2.50181760034
    ));
#2407 = CARTESIAN_POINT('',(-8.999996331237,66.671591046661,
    2.501919950206));
#2408 = CARTESIAN_POINT('',(-8.999995920762,66.671489474821,
    2.502022299993));
#2409 = CARTESIAN_POINT('',(-8.999995050925,66.671286331291,
    2.502226999339));
#2410 = CARTESIAN_POINT('',(-8.999994591564,66.671184759602,
    2.502329348897));
#2411 = CARTESIAN_POINT('',(-8.99999410776,66.671083187959,
    2.502431698365));
#2412 = CARTESIAN_POINT('',(-8.999993599512,66.670981616366,
    2.502534047738));
#2413 = CARTESIAN_POINT('',(-8.999993066822,66.670880044826,
    2.502636397011));
#2414 = CARTESIAN_POINT('',(-8.999992509689,66.670778473342,
    2.502738746178));
#2415 = CARTESIAN_POINT('',(-8.999991346537,66.670575330574,
    2.502943444204));
#2416 = CARTESIAN_POINT('',(-8.999990740518,66.670473759291,
    2.503045793062));
#2417 = CARTESIAN_POINT('',(-8.999990110057,66.670372188069,
    2.503148141804));
#2418 = CARTESIAN_POINT('',(-8.999989455152,66.670270616912,
    2.503250490422));
#2419 = CARTESIAN_POINT('',(-8.999988775805,66.670169045822,
    2.503352838912));
#2420 = CARTESIAN_POINT('',(-8.999988072014,66.670067474804,
    2.503455187267));
#2421 = CARTESIAN_POINT('',(-8.999986615549,66.669864333017,
    2.503659883591));
#2422 = CARTESIAN_POINT('',(-8.999985862873,66.66976276225,
    2.503762231561));
#2423 = CARTESIAN_POINT('',(-8.999985085755,66.669661191559,
    2.503864579385));
#2424 = CARTESIAN_POINT('',(-8.999984284194,66.669559620947,
    2.503966927057));
#2425 = CARTESIAN_POINT('',(-8.99998345819,66.669458050418,
    2.504069274573));
#2426 = CARTESIAN_POINT('',(-8.999982607744,66.669356479975,
    2.504171621926));
#2427 = CARTESIAN_POINT('',(-8.999980888135,66.669156841809,
    2.504372786962));
#2428 = CARTESIAN_POINT('',(-8.999980020629,66.669058774081,
    2.504471604657));
#2429 = CARTESIAN_POINT('',(-8.999979130337,66.668960706438,
    2.50457042219));
#2430 = CARTESIAN_POINT('',(-8.999978217259,66.668862638882,
    2.504669239556));
#2431 = CARTESIAN_POINT('',(-8.999977281395,66.668764571417,
    2.504768056749));
#2432 = CARTESIAN_POINT('',(-8.999976322745,66.668666504045,
    2.504866873766));
#2433 = CARTESIAN_POINT('',(-8.999974324823,66.668466867233,
    2.505068036463));
#2434 = CARTESIAN_POINT('',(-8.999973283894,66.6683652978,2.505170382129
    ));
#2435 = CARTESIAN_POINT('',(-8.999972218523,66.668263728473,
    2.505272727595));
#2436 = CARTESIAN_POINT('',(-8.99997112871,66.668162159254,
    2.505375072854));
#2437 = CARTESIAN_POINT('',(-8.999970014454,66.668060590147,2.5054774179
    ));
#2438 = CARTESIAN_POINT('',(-8.999968875755,66.667959021154,
    2.505579762728));
#2439 = CARTESIAN_POINT('',(-8.999966709907,66.667769893037,
    2.505770335306));
#2440 = CARTESIAN_POINT('',(-8.999965689036,66.667682333882,
    2.505858563113));
#2441 = CARTESIAN_POINT('',(-8.999964650001,66.667594774816,
    2.50594679075));
#2442 = CARTESIAN_POINT('',(-8.9999635928,66.667507215841,2.506035018214
    ));
#2443 = CARTESIAN_POINT('',(-8.999962517435,66.66741965696,
    2.506123245501));
#2444 = CARTESIAN_POINT('',(-8.999961423905,66.667332098173,
    2.506211472606));
#2445 = CARTESIAN_POINT('',(-8.999153403833,66.603691247815,
    2.570338017957));
#2446 = CARTESIAN_POINT('',(-8.9887770268,66.540218909652,2.634248977131
    ));
#2447 = CARTESIAN_POINT('',(-8.968851522317,66.477493467935,
    2.696710852005));
#2448 = CARTESIAN_POINT('',(-8.939429657887,66.416256938114,
    2.756323532961));
#2449 = CARTESIAN_POINT('',(-8.900713204751,66.357334904414,
    2.811528020193));
#2450 = CARTESIAN_POINT('',(-8.853180553883,66.301626942152,
    2.86057690856));
#2451 = CARTESIAN_POINT('',(-8.762727910067,66.217209386894,
    2.927645904782));
#2452 = CARTESIAN_POINT('',(-8.724513158709,66.186097803594,
    2.950442004586));
#2453 = CARTESIAN_POINT('',(-8.683438626208,66.156840191661,
    2.969543166479));
#2454 = CARTESIAN_POINT('',(-8.639880093257,66.129652538377,
    2.984463812794));
#2455 = CARTESIAN_POINT('',(-8.594341592025,66.104707628173,
    2.994743788587));
#2456 = CARTESIAN_POINT('',(-8.547462168136,66.082095965018,3.));
#2457 = CARTESIAN_POINT('',(-8.5,66.061778848315,3.));
#2458 = PCURVE('',#2264,#2459);
#2459 = DEFINITIONAL_REPRESENTATION('',(#2460),#2529);
#2460 = B_SPLINE_CURVE_WITH_KNOTS('',7,(#2461,#2462,#2463,#2464,#2465,
    #2466,#2467,#2468,#2469,#2470,#2471,#2472,#2473,#2474,#2475,#2476,
    #2477,#2478,#2479,#2480,#2481,#2482,#2483,#2484,#2485,#2486,#2487,
    #2488,#2489,#2490,#2491,#2492,#2493,#2494,#2495,#2496,#2497,#2498,
    #2499,#2500,#2501,#2502,#2503,#2504,#2505,#2506,#2507,#2508,#2509,
    #2510,#2511,#2512,#2513,#2514,#2515,#2516,#2517,#2518,#2519,#2520,
    #2521,#2522,#2523,#2524,#2525,#2526,#2527,#2528),.UNSPECIFIED.,.F.,
  .F.,(8,6,6,6,6,6,6,6,6,6,6,8),(0.,9.700440222783E-04,
    1.906638061842E-03,2.876681498281E-03,3.846724338753E-03,
    4.816766382602E-03,5.786807428737E-03,6.72339764847E-03,
    7.69343614789E-03,8.529674961994E-03,0.615502314985,1.),
  .UNSPECIFIED.);
#2461 = CARTESIAN_POINT('',(0.,62.67349639952));
#2462 = CARTESIAN_POINT('',(2.047010266507E-04,62.673394827277));
#2463 = CARTESIAN_POINT('',(4.094020455135E-04,62.673293255028));
#2464 = CARTESIAN_POINT('',(6.141030650115E-04,62.67319168278));
#2465 = CARTESIAN_POINT('',(8.188040913199E-04,62.673090110539));
#2466 = CARTESIAN_POINT('',(1.023505128366E-03,62.672988538309));
#2467 = CARTESIAN_POINT('',(1.228206177828E-03,62.672886966092));
#2468 = CARTESIAN_POINT('',(1.6305496033E-03,62.672687324195));
#2469 = CARTESIAN_POINT('',(1.828191980195E-03,62.672589254515));
#2470 = CARTESIAN_POINT('',(2.02583437227E-03,62.672491184851));
#2471 = CARTESIAN_POINT('',(2.22347678197E-03,62.672393115206));
#2472 = CARTESIAN_POINT('',(2.421119211745E-03,62.672295045584));
#2473 = CARTESIAN_POINT('',(2.618761664048E-03,62.672196975986));
#2474 = CARTESIAN_POINT('',(3.021105196142E-03,62.6719973344));
#2475 = CARTESIAN_POINT('',(3.225806277756E-03,62.671895762414));
#2476 = CARTESIAN_POINT('',(3.430507388895E-03,62.67179419046));
#2477 = CARTESIAN_POINT('',(3.635208532282E-03,62.671692618541));
#2478 = CARTESIAN_POINT('',(3.839909710645E-03,62.671591046661));
#2479 = CARTESIAN_POINT('',(4.044610926718E-03,62.671489474821));
#2480 = CARTESIAN_POINT('',(4.454013314016E-03,62.671286331291));
#2481 = CARTESIAN_POINT('',(4.658714485238E-03,62.671184759602));
#2482 = CARTESIAN_POINT('',(4.86341569962E-03,62.671083187959));
#2483 = CARTESIAN_POINT('',(5.068116959887E-03,62.670981616366));
#2484 = CARTESIAN_POINT('',(5.272818268763E-03,62.670880044826));
#2485 = CARTESIAN_POINT('',(5.477519628979E-03,62.670778473342));
#2486 = CARTESIAN_POINT('',(5.886922289399E-03,62.670575330574));
#2487 = CARTESIAN_POINT('',(6.091623589603E-03,62.670473759291));
#2488 = CARTESIAN_POINT('',(6.296324946601E-03,62.670372188069));
#2489 = CARTESIAN_POINT('',(6.501026363117E-03,62.670270616912));
#2490 = CARTESIAN_POINT('',(6.705727841879E-03,62.670169045822));
#2491 = CARTESIAN_POINT('',(6.910429385618E-03,62.670067474804));
#2492 = CARTESIAN_POINT('',(7.319832397957E-03,62.669864333017));
#2493 = CARTESIAN_POINT('',(7.524533866558E-03,62.66976276225));
#2494 = CARTESIAN_POINT('',(7.729235405587E-03,62.669661191559));
#2495 = CARTESIAN_POINT('',(7.933937017768E-03,62.669559620947));
#2496 = CARTESIAN_POINT('',(8.138638705829E-03,62.669458050418));
#2497 = CARTESIAN_POINT('',(8.343340472498E-03,62.669356479975));
#2498 = CARTESIAN_POINT('',(8.745685244546E-03,62.669156841809));
#2499 = CARTESIAN_POINT('',(8.943328244413E-03,62.669058774081));
#2500 = CARTESIAN_POINT('',(9.140971322557E-03,62.668960706438));
#2501 = CARTESIAN_POINT('',(9.338614481429E-03,62.668862638882));
#2502 = CARTESIAN_POINT('',(9.536257723483E-03,62.668764571417));
#2503 = CARTESIAN_POINT('',(9.733901051176E-03,62.668666504045));
#2504 = CARTESIAN_POINT('',(1.013624628689E-02,62.668466867233));
#2505 = CARTESIAN_POINT('',(1.034094820131E-02,62.6683652978));
#2506 = CARTESIAN_POINT('',(1.054565021296E-02,62.668263728473));
#2507 = CARTESIAN_POINT('',(1.075035232456E-02,62.668162159254));
#2508 = CARTESIAN_POINT('',(1.095505453884E-02,62.668060590147));
#2509 = CARTESIAN_POINT('',(1.115975685852E-02,62.667959021154));
#2510 = CARTESIAN_POINT('',(1.154092662819E-02,62.667769893037));
#2511 = CARTESIAN_POINT('',(1.171739405039E-02,62.667682333882));
#2512 = CARTESIAN_POINT('',(1.189386155471E-02,62.667594774816));
#2513 = CARTESIAN_POINT('',(1.207032914288E-02,62.667507215841));
#2514 = CARTESIAN_POINT('',(1.224679681665E-02,62.66741965696));
#2515 = CARTESIAN_POINT('',(1.242326457777E-02,62.667332098173));
#2516 = CARTESIAN_POINT('',(0.14068653625,62.603691247815));
#2517 = CARTESIAN_POINT('',(0.268760111235,62.540218909652));
#2518 = CARTESIAN_POINT('',(0.397606592143,62.477493467935));
#2519 = CARTESIAN_POINT('',(0.527862630837,62.416256938114));
#2520 = CARTESIAN_POINT('',(0.660105302489,62.357334904414));
#2521 = CARTESIAN_POINT('',(0.794896583806,62.301626942152));
#2522 = CARTESIAN_POINT('',(1.020106983455,62.217209386894));
#2523 = CARTESIAN_POINT('',(1.108655593579,62.186097803594));
#2524 = CARTESIAN_POINT('',(1.198486764982,62.156840191661));
#2525 = CARTESIAN_POINT('',(1.289637911335,62.129652538377));
#2526 = CARTESIAN_POINT('',(1.382113592998,62.104707628173));
#2527 = CARTESIAN_POINT('',(1.475871990523,62.082095965018));
#2528 = CARTESIAN_POINT('',(1.570796326795,62.061778848315));
#2529 = ( GEOMETRIC_REPRESENTATION_CONTEXT(2) 
PARAMETRIC_REPRESENTATION_CONTEXT() REPRESENTATION_CONTEXT('2D SPACE',''
  ) );
#2530 = PCURVE('',#2216,#2531);
#2531 = DEFINITIONAL_REPRESENTATION('',(#2532),#2601);
#2532 = B_SPLINE_CURVE_WITH_KNOTS('',7,(#2533,#2534,#2535,#2536,#2537,
    #2538,#2539,#2540,#2541,#2542,#2543,#2544,#2545,#2546,#2547,#2548,
    #2549,#2550,#2551,#2552,#2553,#2554,#2555,#2556,#2557,#2558,#2559,
    #2560,#2561,#2562,#2563,#2564,#2565,#2566,#2567,#2568,#2569,#2570,
    #2571,#2572,#2573,#2574,#2575,#2576,#2577,#2578,#2579,#2580,#2581,
    #2582,#2583,#2584,#2585,#2586,#2587,#2588,#2589,#2590,#2591,#2592,
    #2593,#2594,#2595,#2596,#2597,#2598,#2599,#2600),.UNSPECIFIED.,.F.,
  .F.,(8,6,6,6,6,6,6,6,6,6,6,8),(0.,9.700440222783E-04,
    1.906638061842E-03,2.876681498281E-03,3.846724338753E-03,
    4.816766382602E-03,5.786807428737E-03,6.72339764847E-03,
    7.69343614789E-03,8.529674961994E-03,0.615502314985,1.),
  .UNSPECIFIED.);
#2533 = CARTESIAN_POINT('',(8.881784197001E-16,-0.2521852497));
#2534 = CARTESIAN_POINT('',(1.61830361038E-04,-0.252121755244));
#2535 = CARTESIAN_POINT('',(3.236607283368E-04,-0.252058260793));
#2536 = CARTESIAN_POINT('',(4.854910984351E-04,-0.251994766349));
#2537 = CARTESIAN_POINT('',(6.473214696765E-04,-0.251931271912));
#2538 = CARTESIAN_POINT('',(8.091518422138E-04,-0.251867777487));
#2539 = CARTESIAN_POINT('',(9.709822180097E-04,-0.251804283078));
#2540 = CARTESIAN_POINT('',(1.289062594109E-03,-0.25167948378));
#2541 = CARTESIAN_POINT('',(1.445312592579E-03,-0.251618178888));
#2542 = CARTESIAN_POINT('',(1.601562597253E-03,-0.25155687402));
#2543 = CARTESIAN_POINT('',(1.757812609141E-03,-0.251495569181));
#2544 = CARTESIAN_POINT('',(1.914062629255E-03,-0.251434264374));
#2545 = CARTESIAN_POINT('',(2.070312658598E-03,-0.251372959603));
#2546 = CARTESIAN_POINT('',(2.388393031199E-03,-0.251248160711));
#2547 = CARTESIAN_POINT('',(2.550223375191E-03,-0.251184666594));
#2548 = CARTESIAN_POINT('',(2.712053731282E-03,-0.251121172523));
#2549 = CARTESIAN_POINT('',(2.873884100597E-03,-0.251057678505));
#2550 = CARTESIAN_POINT('',(3.03571448425E-03,-0.250994184542));
#2551 = CARTESIAN_POINT('',(3.197544883354E-03,-0.25093069064));
#2552 = CARTESIAN_POINT('',(3.521205615267E-03,-0.250803703003));
#2553 = CARTESIAN_POINT('',(3.683035948083E-03,-0.250740209269));
#2554 = CARTESIAN_POINT('',(3.844866298587E-03,-0.250676715605));
#2555 = CARTESIAN_POINT('',(4.0066966679E-03,-0.250613222013));
#2556 = CARTESIAN_POINT('',(4.168527057137E-03,-0.250549728499));
#2557 = CARTESIAN_POINT('',(4.330357467414E-03,-0.250486235068));
#2558 = CARTESIAN_POINT('',(4.654018199337E-03,-0.250359248429));
#2559 = CARTESIAN_POINT('',(4.815848520979E-03,-0.250295755223));
#2560 = CARTESIAN_POINT('',(4.977678865898E-03,-0.250232262107));
#2561 = CARTESIAN_POINT('',(5.139509235209E-03,-0.250168769087));
#2562 = CARTESIAN_POINT('',(5.301339630033E-03,-0.250105276166));
#2563 = CARTESIAN_POINT('',(5.463170051484E-03,-0.250041783349));
#2564 = CARTESIAN_POINT('',(5.786830783405E-03,-0.249914797997));
#2565 = CARTESIAN_POINT('',(5.948661093877E-03,-0.249851305463));
#2566 = CARTESIAN_POINT('',(6.11049143321E-03,-0.24978781304));
#2567 = CARTESIAN_POINT('',(6.272321802521E-03,-0.249724320735));
#2568 = CARTESIAN_POINT('',(6.434152202929E-03,-0.249660828551));
#2569 = CARTESIAN_POINT('',(6.595982635552E-03,-0.249597336493));
#2570 = CARTESIAN_POINT('',(6.914063017169E-03,-0.249472542088));
#2571 = CARTESIAN_POINT('',(7.070312963903E-03,-0.249411239733));
#2572 = CARTESIAN_POINT('',(7.226562942714E-03,-0.249349937502));
#2573 = CARTESIAN_POINT('',(7.38281295461E-03,-0.249288635401));
#2574 = CARTESIAN_POINT('',(7.539063000598E-03,-0.249227333433));
#2575 = CARTESIAN_POINT('',(7.695313081679E-03,-0.249166031602));
#2576 = CARTESIAN_POINT('',(8.013393448645E-03,-0.249041238965));
#2577 = CARTESIAN_POINT('',(8.175223737161E-03,-0.24897774817));
#2578 = CARTESIAN_POINT('',(8.337054065514E-03,-0.24891425753));
#2579 = CARTESIAN_POINT('',(8.498884434826E-03,-0.248850767051));
#2580 = CARTESIAN_POINT('',(8.660714846212E-03,-0.248787276735));
#2581 = CARTESIAN_POINT('',(8.822545300794E-03,-0.248723786588));
#2582 = CARTESIAN_POINT('',(9.123884638307E-03,-0.248605563961));
#2583 = CARTESIAN_POINT('',(9.263393509859E-03,-0.248550831437));
#2584 = CARTESIAN_POINT('',(9.402902415056E-03,-0.248496099044));
#2585 = CARTESIAN_POINT('',(9.542411354614E-03,-0.248441366785));
#2586 = CARTESIAN_POINT('',(9.681920329248E-03,-0.248386634663));
#2587 = CARTESIAN_POINT('',(9.821429339674E-03,-0.248331902681));
#2588 = CARTESIAN_POINT('',(0.111221694405,-0.208550804833));
#2589 = CARTESIAN_POINT('',(0.21245413654,-0.168918310801));
#2590 = CARTESIAN_POINT('',(0.314025216696,-0.130410863534));
#2591 = CARTESIAN_POINT('',(0.41618299729,-9.410882602983E-02));
#2592 = CARTESIAN_POINT('',(0.519067581396,-6.12153740733E-02));
#2593 = CARTESIAN_POINT('',(0.622710435877,-3.308752059697E-02));
#2594 = CARTESIAN_POINT('',(0.792853258724,2.677872689789E-03));
#2595 = CARTESIAN_POINT('',(0.859024009806,1.404294197739E-02));
#2596 = CARTESIAN_POINT('',(0.925274021966,2.252280001547E-02));
#2597 = CARTESIAN_POINT('',(0.991433282622,2.772923439331E-02));
#2598 = CARTESIAN_POINT('',(1.057256568562,2.928392470979E-02));
#2599 = CARTESIAN_POINT('',(1.12240157784,2.685445740972E-02));
#2600 = CARTESIAN_POINT('',(1.186399552299,2.020851390822E-02));
#2601 = ( GEOMETRIC_REPRESENTATION_CONTEXT(2) 
PARAMETRIC_REPRESENTATION_CONTEXT() REPRESENTATION_CONTEXT('2D SPACE',''
  ) );
#2602 = ORIENTED_EDGE('',*,*,#2250,.F.);
#2603 = ADVANCED_FACE('',(#2604),#2352,.F.);
#2604 = FACE_BOUND('',#2605,.F.);
#2605 = EDGE_LOOP('',(#2606,#2636,#2663,#2664));
#2606 = ORIENTED_EDGE('',*,*,#2607,.F.);
#2607 = EDGE_CURVE('',#2608,#2610,#2612,.T.);
#2608 = VERTEX_POINT('',#2609);
#2609 = CARTESIAN_POINT('',(-9.,34.5,3.));
#2610 = VERTEX_POINT('',#2611);
#2611 = CARTESIAN_POINT('',(-9.,37.5,3.));
#2612 = SURFACE_CURVE('',#2613,(#2617,#2624),.PCURVE_S1.);
#2613 = LINE('',#2614,#2615);
#2614 = CARTESIAN_POINT('',(-9.,33.,3.));
#2615 = VECTOR('',#2616,1.);
#2616 = DIRECTION('',(0.,1.,0.));
#2617 = PCURVE('',#2352,#2618);
#2618 = DEFINITIONAL_REPRESENTATION('',(#2619),#2623);
#2619 = LINE('',#2620,#2621);
#2620 = CARTESIAN_POINT('',(0.,0.));
#2621 = VECTOR('',#2622,1.);
#2622 = DIRECTION('',(0.,1.));
#2623 = ( GEOMETRIC_REPRESENTATION_CONTEXT(2) 
PARAMETRIC_REPRESENTATION_CONTEXT() REPRESENTATION_CONTEXT('2D SPACE',''
  ) );
#2624 = PCURVE('',#2625,#2630);
#2625 = PLANE('',#2626);
#2626 = AXIS2_PLACEMENT_3D('',#2627,#2628,#2629);
#2627 = CARTESIAN_POINT('',(-9.,33.,3.));
#2628 = DIRECTION('',(1.,0.,0.));
#2629 = DIRECTION('',(0.,0.,1.));
#2630 = DEFINITIONAL_REPRESENTATION('',(#2631),#2635);
#2631 = LINE('',#2632,#2633);
#2632 = CARTESIAN_POINT('',(0.,0.));
#2633 = VECTOR('',#2634,1.);
#2634 = DIRECTION('',(0.,-1.));
#2635 = ( GEOMETRIC_REPRESENTATION_CONTEXT(2) 
PARAMETRIC_REPRESENTATION_CONTEXT() REPRESENTATION_CONTEXT('2D SPACE',''
  ) );
#2636 = ORIENTED_EDGE('',*,*,#2637,.T.);
#2637 = EDGE_CURVE('',#2608,#2309,#2638,.T.);
#2638 = SURFACE_CURVE('',#2639,(#2644,#2651),.PCURVE_S1.);
#2639 = CIRCLE('',#2640,1.5);
#2640 = AXIS2_PLACEMENT_3D('',#2641,#2642,#2643);
#2641 = CARTESIAN_POINT('',(-7.5,34.5,3.));
#2642 = DIRECTION('',(0.,0.,1.));
#2643 = DIRECTION('',(0.,-1.,0.));
#2644 = PCURVE('',#2352,#2645);
#2645 = DEFINITIONAL_REPRESENTATION('',(#2646),#2650);
#2646 = CIRCLE('',#2647,1.5);
#2647 = AXIS2_PLACEMENT_2D('',#2648,#2649);
#2648 = CARTESIAN_POINT('',(1.5,1.5));
#2649 = DIRECTION('',(0.,-1.));
#2650 = ( GEOMETRIC_REPRESENTATION_CONTEXT(2) 
PARAMETRIC_REPRESENTATION_CONTEXT() REPRESENTATION_CONTEXT('2D SPACE',''
  ) );
#2651 = PCURVE('',#2652,#2657);
#2652 = CYLINDRICAL_SURFACE('',#2653,1.5);
#2653 = AXIS2_PLACEMENT_3D('',#2654,#2655,#2656);
#2654 = CARTESIAN_POINT('',(-7.5,34.5,3.));
#2655 = DIRECTION('',(0.,0.,1.));
#2656 = DIRECTION('',(-1.,-0.,0.));
#2657 = DEFINITIONAL_REPRESENTATION('',(#2658),#2662);
#2658 = LINE('',#2659,#2660);
#2659 = CARTESIAN_POINT('',(-4.712388980385,0.));
#2660 = VECTOR('',#2661,1.);
#2661 = DIRECTION('',(1.,0.));
#2662 = ( GEOMETRIC_REPRESENTATION_CONTEXT(2) 
PARAMETRIC_REPRESENTATION_CONTEXT() REPRESENTATION_CONTEXT('2D SPACE',''
  ) );
#2663 = ORIENTED_EDGE('',*,*,#2336,.T.);
#2664 = ORIENTED_EDGE('',*,*,#2665,.F.);
#2665 = EDGE_CURVE('',#2610,#2337,#2666,.T.);
#2666 = SURFACE_CURVE('',#2667,(#2672,#2683),.PCURVE_S1.);
#2667 = CIRCLE('',#2668,1.5);
#2668 = AXIS2_PLACEMENT_3D('',#2669,#2670,#2671);
#2669 = CARTESIAN_POINT('',(-7.5,37.5,3.));
#2670 = DIRECTION('',(-0.,-0.,-1.));
#2671 = DIRECTION('',(0.,-1.,0.));
#2672 = PCURVE('',#2352,#2673);
#2673 = DEFINITIONAL_REPRESENTATION('',(#2674),#2682);
#2674 = ( BOUNDED_CURVE() B_SPLINE_CURVE(2,(#2675,#2676,#2677,#2678,
#2679,#2680,#2681),.UNSPECIFIED.,.T.,.F.) B_SPLINE_CURVE_WITH_KNOTS((1,2
    ,2,2,2,1),(-2.094395102393,0.,2.094395102393,4.188790204786,
6.28318530718,8.377580409573),.UNSPECIFIED.) CURVE() 
GEOMETRIC_REPRESENTATION_ITEM() RATIONAL_B_SPLINE_CURVE((1.,0.5,1.,0.5,
1.,0.5,1.)) REPRESENTATION_ITEM('') );
#2675 = CARTESIAN_POINT('',(1.5,3.));
#2676 = CARTESIAN_POINT('',(-1.098076211353,3.));
#2677 = CARTESIAN_POINT('',(0.200961894323,5.25));
#2678 = CARTESIAN_POINT('',(1.5,7.5));
#2679 = CARTESIAN_POINT('',(2.799038105677,5.25));
#2680 = CARTESIAN_POINT('',(4.098076211353,3.));
#2681 = CARTESIAN_POINT('',(1.5,3.));
#2682 = ( GEOMETRIC_REPRESENTATION_CONTEXT(2) 
PARAMETRIC_REPRESENTATION_CONTEXT() REPRESENTATION_CONTEXT('2D SPACE',''
  ) );
#2683 = PCURVE('',#2684,#2689);
#2684 = CYLINDRICAL_SURFACE('',#2685,1.5);
#2685 = AXIS2_PLACEMENT_3D('',#2686,#2687,#2688);
#2686 = CARTESIAN_POINT('',(-7.5,37.5,3.));
#2687 = DIRECTION('',(0.,0.,1.));
#2688 = DIRECTION('',(-1.,-0.,0.));
#2689 = DEFINITIONAL_REPRESENTATION('',(#2690),#2694);
#2690 = LINE('',#2691,#2692);
#2691 = CARTESIAN_POINT('',(1.570796326795,-0.));
#2692 = VECTOR('',#2693,1.);
#2693 = DIRECTION('',(-1.,0.));
#2694 = ( GEOMETRIC_REPRESENTATION_CONTEXT(2) 
PARAMETRIC_REPRESENTATION_CONTEXT() REPRESENTATION_CONTEXT('2D SPACE',''
  ) );
#2695 = ADVANCED_FACE('',(#2696),#2652,.T.);
#2696 = FACE_BOUND('',#2697,.T.);
#2697 = EDGE_LOOP('',(#2698,#2721,#2722,#2746,#2774));
#2698 = ORIENTED_EDGE('',*,*,#2699,.F.);
#2699 = EDGE_CURVE('',#2608,#2700,#2702,.T.);
#2700 = VERTEX_POINT('',#2701);
#2701 = CARTESIAN_POINT('',(-9.,34.5,5.6));
#2702 = SURFACE_CURVE('',#2703,(#2707,#2714),.PCURVE_S1.);
#2703 = LINE('',#2704,#2705);
#2704 = CARTESIAN_POINT('',(-9.,34.5,3.));
#2705 = VECTOR('',#2706,1.);
#2706 = DIRECTION('',(0.,0.,1.));
#2707 = PCURVE('',#2652,#2708);
#2708 = DEFINITIONAL_REPRESENTATION('',(#2709),#2713);
#2709 = LINE('',#2710,#2711);
#2710 = CARTESIAN_POINT('',(0.,0.));
#2711 = VECTOR('',#2712,1.);
#2712 = DIRECTION('',(0.,1.));
#2713 = ( GEOMETRIC_REPRESENTATION_CONTEXT(2) 
PARAMETRIC_REPRESENTATION_CONTEXT() REPRESENTATION_CONTEXT('2D SPACE',''
  ) );
#2714 = PCURVE('',#2625,#2715);
#2715 = DEFINITIONAL_REPRESENTATION('',(#2716),#2720);
#2716 = LINE('',#2717,#2718);
#2717 = CARTESIAN_POINT('',(0.,-1.5));
#2718 = VECTOR('',#2719,1.);
#2719 = DIRECTION('',(1.,0.));
#2720 = ( GEOMETRIC_REPRESENTATION_CONTEXT(2) 
PARAMETRIC_REPRESENTATION_CONTEXT() REPRESENTATION_CONTEXT('2D SPACE',''
  ) );
#2721 = ORIENTED_EDGE('',*,*,#2637,.T.);
#2722 = ORIENTED_EDGE('',*,*,#2723,.T.);
#2723 = EDGE_CURVE('',#2309,#2724,#2726,.T.);
#2724 = VERTEX_POINT('',#2725);
#2725 = CARTESIAN_POINT('',(-7.5,33.,3.));
#2726 = SURFACE_CURVE('',#2727,(#2732,#2739),.PCURVE_S1.);
#2727 = CIRCLE('',#2728,1.5);
#2728 = AXIS2_PLACEMENT_3D('',#2729,#2730,#2731);
#2729 = CARTESIAN_POINT('',(-7.5,34.5,3.));
#2730 = DIRECTION('',(0.,0.,1.));
#2731 = DIRECTION('',(0.,-1.,0.));
#2732 = PCURVE('',#2652,#2733);
#2733 = DEFINITIONAL_REPRESENTATION('',(#2734),#2738);
#2734 = LINE('',#2735,#2736);
#2735 = CARTESIAN_POINT('',(-4.712388980385,0.));
#2736 = VECTOR('',#2737,1.);
#2737 = DIRECTION('',(1.,0.));
#2738 = ( GEOMETRIC_REPRESENTATION_CONTEXT(2) 
PARAMETRIC_REPRESENTATION_CONTEXT() REPRESENTATION_CONTEXT('2D SPACE',''
  ) );
#2739 = PCURVE('',#2324,#2740);
#2740 = DEFINITIONAL_REPRESENTATION('',(#2741),#2745);
#2741 = CIRCLE('',#2742,1.5);
#2742 = AXIS2_PLACEMENT_2D('',#2743,#2744);
#2743 = CARTESIAN_POINT('',(1.5,34.5));
#2744 = DIRECTION('',(0.,-1.));
#2745 = ( GEOMETRIC_REPRESENTATION_CONTEXT(2) 
PARAMETRIC_REPRESENTATION_CONTEXT() REPRESENTATION_CONTEXT('2D SPACE',''
  ) );
#2746 = ORIENTED_EDGE('',*,*,#2747,.T.);
#2747 = EDGE_CURVE('',#2724,#2748,#2750,.T.);
#2748 = VERTEX_POINT('',#2749);
#2749 = CARTESIAN_POINT('',(-7.5,33.,5.6));
#2750 = SURFACE_CURVE('',#2751,(#2755,#2762),.PCURVE_S1.);
#2751 = LINE('',#2752,#2753);
#2752 = CARTESIAN_POINT('',(-7.5,33.,3.));
#2753 = VECTOR('',#2754,1.);
#2754 = DIRECTION('',(0.,0.,1.));
#2755 = PCURVE('',#2652,#2756);
#2756 = DEFINITIONAL_REPRESENTATION('',(#2757),#2761);
#2757 = LINE('',#2758,#2759);
#2758 = CARTESIAN_POINT('',(1.570796326795,0.));
#2759 = VECTOR('',#2760,1.);
#2760 = DIRECTION('',(0.,1.));
#2761 = ( GEOMETRIC_REPRESENTATION_CONTEXT(2) 
PARAMETRIC_REPRESENTATION_CONTEXT() REPRESENTATION_CONTEXT('2D SPACE',''
  ) );
#2762 = PCURVE('',#2763,#2768);
#2763 = PLANE('',#2764);
#2764 = AXIS2_PLACEMENT_3D('',#2765,#2766,#2767);
#2765 = CARTESIAN_POINT('',(-9.,33.,3.));
#2766 = DIRECTION('',(0.,1.,0.));
#2767 = DIRECTION('',(0.,0.,1.));
#2768 = DEFINITIONAL_REPRESENTATION('',(#2769),#2773);
#2769 = LINE('',#2770,#2771);
#2770 = CARTESIAN_POINT('',(0.,1.5));
#2771 = VECTOR('',#2772,1.);
#2772 = DIRECTION('',(1.,0.));
#2773 = ( GEOMETRIC_REPRESENTATION_CONTEXT(2) 
PARAMETRIC_REPRESENTATION_CONTEXT() REPRESENTATION_CONTEXT('2D SPACE',''
  ) );
#2774 = ORIENTED_EDGE('',*,*,#2775,.T.);
#2775 = EDGE_CURVE('',#2748,#2700,#2776,.T.);
#2776 = SURFACE_CURVE('',#2777,(#2782,#2789),.PCURVE_S1.);
#2777 = CIRCLE('',#2778,1.5);
#2778 = AXIS2_PLACEMENT_3D('',#2779,#2780,#2781);
#2779 = CARTESIAN_POINT('',(-7.5,34.5,5.6));
#2780 = DIRECTION('',(-0.,0.,-1.));
#2781 = DIRECTION('',(-2.960594732334E-16,-1.,0.));
#2782 = PCURVE('',#2652,#2783);
#2783 = DEFINITIONAL_REPRESENTATION('',(#2784),#2788);
#2784 = LINE('',#2785,#2786);
#2785 = CARTESIAN_POINT('',(1.570796326795,2.6));
#2786 = VECTOR('',#2787,1.);
#2787 = DIRECTION('',(-1.,-0.));
#2788 = ( GEOMETRIC_REPRESENTATION_CONTEXT(2) 
PARAMETRIC_REPRESENTATION_CONTEXT() REPRESENTATION_CONTEXT('2D SPACE',''
  ) );
#2789 = PCURVE('',#2790,#2795);
#2790 = TOROIDAL_SURFACE('',#2791,1.1,0.4);
#2791 = AXIS2_PLACEMENT_3D('',#2792,#2793,#2794);
#2792 = CARTESIAN_POINT('',(-7.5,34.5,5.6));
#2793 = DIRECTION('',(0.,0.,1.));
#2794 = DIRECTION('',(-2.960594732334E-16,-1.,0.));
#2795 = DEFINITIONAL_REPRESENTATION('',(#2796),#2800);
#2796 = LINE('',#2797,#2798);
#2797 = CARTESIAN_POINT('',(-0.,0.));
#2798 = VECTOR('',#2799,1.);
#2799 = DIRECTION('',(-1.,0.));
#2800 = ( GEOMETRIC_REPRESENTATION_CONTEXT(2) 
PARAMETRIC_REPRESENTATION_CONTEXT() REPRESENTATION_CONTEXT('2D SPACE',''
  ) );
#2801 = ADVANCED_FACE('',(#2802),#2763,.F.);
#2802 = FACE_BOUND('',#2803,.F.);
#2803 = EDGE_LOOP('',(#2804,#2805,#2833,#2861));
#2804 = ORIENTED_EDGE('',*,*,#2747,.T.);
#2805 = ORIENTED_EDGE('',*,*,#2806,.F.);
#2806 = EDGE_CURVE('',#2807,#2748,#2809,.T.);
#2807 = VERTEX_POINT('',#2808);
#2808 = CARTESIAN_POINT('',(-4.5,33.,5.6));
#2809 = SURFACE_CURVE('',#2810,(#2814,#2821),.PCURVE_S1.);
#2810 = LINE('',#2811,#2812);
#2811 = CARTESIAN_POINT('',(-4.5,33.,5.6));
#2812 = VECTOR('',#2813,1.);
#2813 = DIRECTION('',(-1.,-0.,-0.));
#2814 = PCURVE('',#2763,#2815);
#2815 = DEFINITIONAL_REPRESENTATION('',(#2816),#2820);
#2816 = LINE('',#2817,#2818);
#2817 = CARTESIAN_POINT('',(2.6,4.5));
#2818 = VECTOR('',#2819,1.);
#2819 = DIRECTION('',(0.,-1.));
#2820 = ( GEOMETRIC_REPRESENTATION_CONTEXT(2) 
PARAMETRIC_REPRESENTATION_CONTEXT() REPRESENTATION_CONTEXT('2D SPACE',''
  ) );
#2821 = PCURVE('',#2822,#2827);
#2822 = CYLINDRICAL_SURFACE('',#2823,0.4);
#2823 = AXIS2_PLACEMENT_3D('',#2824,#2825,#2826);
#2824 = CARTESIAN_POINT('',(-4.5,33.4,5.6));
#2825 = DIRECTION('',(-1.,-0.,-0.));
#2826 = DIRECTION('',(0.,-1.,0.));
#2827 = DEFINITIONAL_REPRESENTATION('',(#2828),#2832);
#2828 = LINE('',#2829,#2830);
#2829 = CARTESIAN_POINT('',(0.,0.));
#2830 = VECTOR('',#2831,1.);
#2831 = DIRECTION('',(0.,1.));
#2832 = ( GEOMETRIC_REPRESENTATION_CONTEXT(2) 
PARAMETRIC_REPRESENTATION_CONTEXT() REPRESENTATION_CONTEXT('2D SPACE',''
  ) );
#2833 = ORIENTED_EDGE('',*,*,#2834,.F.);
#2834 = EDGE_CURVE('',#2835,#2807,#2837,.T.);
#2835 = VERTEX_POINT('',#2836);
#2836 = CARTESIAN_POINT('',(-4.5,33.,3.));
#2837 = SURFACE_CURVE('',#2838,(#2842,#2849),.PCURVE_S1.);
#2838 = LINE('',#2839,#2840);
#2839 = CARTESIAN_POINT('',(-4.5,33.,3.));
#2840 = VECTOR('',#2841,1.);
#2841 = DIRECTION('',(0.,0.,1.));
#2842 = PCURVE('',#2763,#2843);
#2843 = DEFINITIONAL_REPRESENTATION('',(#2844),#2848);
#2844 = LINE('',#2845,#2846);
#2845 = CARTESIAN_POINT('',(0.,4.5));
#2846 = VECTOR('',#2847,1.);
#2847 = DIRECTION('',(1.,0.));
#2848 = ( GEOMETRIC_REPRESENTATION_CONTEXT(2) 
PARAMETRIC_REPRESENTATION_CONTEXT() REPRESENTATION_CONTEXT('2D SPACE',''
  ) );
#2849 = PCURVE('',#2850,#2855);
#2850 = CYLINDRICAL_SURFACE('',#2851,1.5);
#2851 = AXIS2_PLACEMENT_3D('',#2852,#2853,#2854);
#2852 = CARTESIAN_POINT('',(-4.5,34.5,3.));
#2853 = DIRECTION('',(0.,0.,1.));
#2854 = DIRECTION('',(1.,0.,-0.));
#2855 = DEFINITIONAL_REPRESENTATION('',(#2856),#2860);
#2856 = LINE('',#2857,#2858);
#2857 = CARTESIAN_POINT('',(-1.570796326795,0.));
#2858 = VECTOR('',#2859,1.);
#2859 = DIRECTION('',(-0.,1.));
#2860 = ( GEOMETRIC_REPRESENTATION_CONTEXT(2) 
PARAMETRIC_REPRESENTATION_CONTEXT() REPRESENTATION_CONTEXT('2D SPACE',''
  ) );
#2861 = ORIENTED_EDGE('',*,*,#2862,.F.);
#2862 = EDGE_CURVE('',#2724,#2835,#2863,.T.);
#2863 = SURFACE_CURVE('',#2864,(#2868,#2875),.PCURVE_S1.);
#2864 = LINE('',#2865,#2866);
#2865 = CARTESIAN_POINT('',(-9.,33.,3.));
#2866 = VECTOR('',#2867,1.);
#2867 = DIRECTION('',(1.,0.,0.));
#2868 = PCURVE('',#2763,#2869);
#2869 = DEFINITIONAL_REPRESENTATION('',(#2870),#2874);
#2870 = LINE('',#2871,#2872);
#2871 = CARTESIAN_POINT('',(0.,0.));
#2872 = VECTOR('',#2873,1.);
#2873 = DIRECTION('',(0.,1.));
#2874 = ( GEOMETRIC_REPRESENTATION_CONTEXT(2) 
PARAMETRIC_REPRESENTATION_CONTEXT() REPRESENTATION_CONTEXT('2D SPACE',''
  ) );
#2875 = PCURVE('',#2324,#2876);
#2876 = DEFINITIONAL_REPRESENTATION('',(#2877),#2881);
#2877 = LINE('',#2878,#2879);
#2878 = CARTESIAN_POINT('',(0.,33.));
#2879 = VECTOR('',#2880,1.);
#2880 = DIRECTION('',(1.,0.));
#2881 = ( GEOMETRIC_REPRESENTATION_CONTEXT(2) 
PARAMETRIC_REPRESENTATION_CONTEXT() REPRESENTATION_CONTEXT('2D SPACE',''
  ) );
#2882 = ADVANCED_FACE('',(#2883),#2850,.T.);
#2883 = FACE_BOUND('',#2884,.F.);
#2884 = EDGE_LOOP('',(#2885,#2915,#2941,#2942));
#2885 = ORIENTED_EDGE('',*,*,#2886,.F.);
#2886 = EDGE_CURVE('',#2887,#2889,#2891,.T.);
#2887 = VERTEX_POINT('',#2888);
#2888 = CARTESIAN_POINT('',(-3.,34.5,3.));
#2889 = VERTEX_POINT('',#2890);
#2890 = CARTESIAN_POINT('',(-3.,34.5,5.6));
#2891 = SURFACE_CURVE('',#2892,(#2896,#2903),.PCURVE_S1.);
#2892 = LINE('',#2893,#2894);
#2893 = CARTESIAN_POINT('',(-3.,34.5,3.));
#2894 = VECTOR('',#2895,1.);
#2895 = DIRECTION('',(0.,0.,1.));
#2896 = PCURVE('',#2850,#2897);
#2897 = DEFINITIONAL_REPRESENTATION('',(#2898),#2902);
#2898 = LINE('',#2899,#2900);
#2899 = CARTESIAN_POINT('',(-0.,0.));
#2900 = VECTOR('',#2901,1.);
#2901 = DIRECTION('',(-0.,1.));
#2902 = ( GEOMETRIC_REPRESENTATION_CONTEXT(2) 
PARAMETRIC_REPRESENTATION_CONTEXT() REPRESENTATION_CONTEXT('2D SPACE',''
  ) );
#2903 = PCURVE('',#2904,#2909);
#2904 = PLANE('',#2905);
#2905 = AXIS2_PLACEMENT_3D('',#2906,#2907,#2908);
#2906 = CARTESIAN_POINT('',(-3.,33.,3.));
#2907 = DIRECTION('',(1.,0.,0.));
#2908 = DIRECTION('',(0.,0.,1.));
#2909 = DEFINITIONAL_REPRESENTATION('',(#2910),#2914);
#2910 = LINE('',#2911,#2912);
#2911 = CARTESIAN_POINT('',(0.,-1.5));
#2912 = VECTOR('',#2913,1.);
#2913 = DIRECTION('',(1.,0.));
#2914 = ( GEOMETRIC_REPRESENTATION_CONTEXT(2) 
PARAMETRIC_REPRESENTATION_CONTEXT() REPRESENTATION_CONTEXT('2D SPACE',''
  ) );
#2915 = ORIENTED_EDGE('',*,*,#2916,.T.);
#2916 = EDGE_CURVE('',#2887,#2835,#2917,.T.);
#2917 = SURFACE_CURVE('',#2918,(#2923,#2930),.PCURVE_S1.);
#2918 = CIRCLE('',#2919,1.5);
#2919 = AXIS2_PLACEMENT_3D('',#2920,#2921,#2922);
#2920 = CARTESIAN_POINT('',(-4.5,34.5,3.));
#2921 = DIRECTION('',(-0.,-0.,-1.));
#2922 = DIRECTION('',(0.,-1.,0.));
#2923 = PCURVE('',#2850,#2924);
#2924 = DEFINITIONAL_REPRESENTATION('',(#2925),#2929);
#2925 = LINE('',#2926,#2927);
#2926 = CARTESIAN_POINT('',(4.712388980385,-0.));
#2927 = VECTOR('',#2928,1.);
#2928 = DIRECTION('',(-1.,0.));
#2929 = ( GEOMETRIC_REPRESENTATION_CONTEXT(2) 
PARAMETRIC_REPRESENTATION_CONTEXT() REPRESENTATION_CONTEXT('2D SPACE',''
  ) );
#2930 = PCURVE('',#2324,#2931);
#2931 = DEFINITIONAL_REPRESENTATION('',(#2932),#2940);
#2932 = ( BOUNDED_CURVE() B_SPLINE_CURVE(2,(#2933,#2934,#2935,#2936,
#2937,#2938,#2939),.UNSPECIFIED.,.T.,.F.) B_SPLINE_CURVE_WITH_KNOTS((1,2
    ,2,2,2,1),(-2.094395102393,0.,2.094395102393,4.188790204786,
6.28318530718,8.377580409573),.UNSPECIFIED.) CURVE() 
GEOMETRIC_REPRESENTATION_ITEM() RATIONAL_B_SPLINE_CURVE((1.,0.5,1.,0.5,
1.,0.5,1.)) REPRESENTATION_ITEM('') );
#2933 = CARTESIAN_POINT('',(4.5,33.));
#2934 = CARTESIAN_POINT('',(1.901923788647,33.));
#2935 = CARTESIAN_POINT('',(3.200961894323,35.25));
#2936 = CARTESIAN_POINT('',(4.5,37.5));
#2937 = CARTESIAN_POINT('',(5.799038105677,35.25));
#2938 = CARTESIAN_POINT('',(7.098076211353,33.));
#2939 = CARTESIAN_POINT('',(4.5,33.));
#2940 = ( GEOMETRIC_REPRESENTATION_CONTEXT(2) 
PARAMETRIC_REPRESENTATION_CONTEXT() REPRESENTATION_CONTEXT('2D SPACE',''
  ) );
#2941 = ORIENTED_EDGE('',*,*,#2834,.T.);
#2942 = ORIENTED_EDGE('',*,*,#2943,.F.);
#2943 = EDGE_CURVE('',#2889,#2807,#2944,.T.);
#2944 = SURFACE_CURVE('',#2945,(#2950,#2957),.PCURVE_S1.);
#2945 = CIRCLE('',#2946,1.5);
#2946 = AXIS2_PLACEMENT_3D('',#2947,#2948,#2949);
#2947 = CARTESIAN_POINT('',(-4.5,34.5,5.6));
#2948 = DIRECTION('',(0.,-0.,-1.));
#2949 = DIRECTION('',(1.,0.,-0.));
#2950 = PCURVE('',#2850,#2951);
#2951 = DEFINITIONAL_REPRESENTATION('',(#2952),#2956);
#2952 = LINE('',#2953,#2954);
#2953 = CARTESIAN_POINT('',(-0.,2.6));
#2954 = VECTOR('',#2955,1.);
#2955 = DIRECTION('',(-1.,0.));
#2956 = ( GEOMETRIC_REPRESENTATION_CONTEXT(2) 
PARAMETRIC_REPRESENTATION_CONTEXT() REPRESENTATION_CONTEXT('2D SPACE',''
  ) );
#2957 = PCURVE('',#2958,#2963);
#2958 = TOROIDAL_SURFACE('',#2959,1.1,0.4);
#2959 = AXIS2_PLACEMENT_3D('',#2960,#2961,#2962);
#2960 = CARTESIAN_POINT('',(-4.5,34.5,5.6));
#2961 = DIRECTION('',(0.,0.,1.));
#2962 = DIRECTION('',(1.,0.,-0.));
#2963 = DEFINITIONAL_REPRESENTATION('',(#2964),#2968);
#2964 = LINE('',#2965,#2966);
#2965 = CARTESIAN_POINT('',(-0.,0.));
#2966 = VECTOR('',#2967,1.);
#2967 = DIRECTION('',(-1.,0.));
#2968 = ( GEOMETRIC_REPRESENTATION_CONTEXT(2) 
PARAMETRIC_REPRESENTATION_CONTEXT() REPRESENTATION_CONTEXT('2D SPACE',''
  ) );
#2969 = ADVANCED_FACE('',(#2970),#2958,.T.);
#2970 = FACE_BOUND('',#2971,.F.);
#2971 = EDGE_LOOP('',(#2972,#3001,#3002,#3026));
#2972 = ORIENTED_EDGE('',*,*,#2973,.F.);
#2973 = EDGE_CURVE('',#2889,#2974,#2976,.T.);
#2974 = VERTEX_POINT('',#2975);
#2975 = CARTESIAN_POINT('',(-3.4,34.5,6.));
#2976 = SURFACE_CURVE('',#2977,(#2982,#2989),.PCURVE_S1.);
#2977 = CIRCLE('',#2978,0.4);
#2978 = AXIS2_PLACEMENT_3D('',#2979,#2980,#2981);
#2979 = CARTESIAN_POINT('',(-3.4,34.5,5.6));
#2980 = DIRECTION('',(0.,-1.,-0.));
#2981 = DIRECTION('',(1.,0.,-0.));
#2982 = PCURVE('',#2958,#2983);
#2983 = DEFINITIONAL_REPRESENTATION('',(#2984),#2988);
#2984 = LINE('',#2985,#2986);
#2985 = CARTESIAN_POINT('',(-0.,0.));
#2986 = VECTOR('',#2987,1.);
#2987 = DIRECTION('',(-0.,1.));
#2988 = ( GEOMETRIC_REPRESENTATION_CONTEXT(2) 
PARAMETRIC_REPRESENTATION_CONTEXT() REPRESENTATION_CONTEXT('2D SPACE',''
  ) );
#2989 = PCURVE('',#2990,#2995);
#2990 = CYLINDRICAL_SURFACE('',#2991,0.4);
#2991 = AXIS2_PLACEMENT_3D('',#2992,#2993,#2994);
#2992 = CARTESIAN_POINT('',(-3.4,37.5,5.6));
#2993 = DIRECTION('',(-0.,-1.,-0.));
#2994 = DIRECTION('',(1.,0.,-0.));
#2995 = DEFINITIONAL_REPRESENTATION('',(#2996),#3000);
#2996 = LINE('',#2997,#2998);
#2997 = CARTESIAN_POINT('',(0.,3.));
#2998 = VECTOR('',#2999,1.);
#2999 = DIRECTION('',(1.,0.));
#3000 = ( GEOMETRIC_REPRESENTATION_CONTEXT(2) 
PARAMETRIC_REPRESENTATION_CONTEXT() REPRESENTATION_CONTEXT('2D SPACE',''
  ) );
#3001 = ORIENTED_EDGE('',*,*,#2943,.T.);
#3002 = ORIENTED_EDGE('',*,*,#3003,.T.);
#3003 = EDGE_CURVE('',#2807,#3004,#3006,.T.);
#3004 = VERTEX_POINT('',#3005);
#3005 = CARTESIAN_POINT('',(-4.5,33.4,6.));
#3006 = SURFACE_CURVE('',#3007,(#3012,#3019),.PCURVE_S1.);
#3007 = CIRCLE('',#3008,0.4);
#3008 = AXIS2_PLACEMENT_3D('',#3009,#3010,#3011);
#3009 = CARTESIAN_POINT('',(-4.5,33.4,5.6));
#3010 = DIRECTION('',(-1.,-6.123233995737E-17,0.));
#3011 = DIRECTION('',(6.123233995737E-17,-1.,-0.));
#3012 = PCURVE('',#2958,#3013);
#3013 = DEFINITIONAL_REPRESENTATION('',(#3014),#3018);
#3014 = LINE('',#3015,#3016);
#3015 = CARTESIAN_POINT('',(-1.570796326795,0.));
#3016 = VECTOR('',#3017,1.);
#3017 = DIRECTION('',(-0.,1.));
#3018 = ( GEOMETRIC_REPRESENTATION_CONTEXT(2) 
PARAMETRIC_REPRESENTATION_CONTEXT() REPRESENTATION_CONTEXT('2D SPACE',''
  ) );
#3019 = PCURVE('',#2822,#3020);
#3020 = DEFINITIONAL_REPRESENTATION('',(#3021),#3025);
#3021 = LINE('',#3022,#3023);
#3022 = CARTESIAN_POINT('',(0.,0.));
#3023 = VECTOR('',#3024,1.);
#3024 = DIRECTION('',(1.,0.));
#3025 = ( GEOMETRIC_REPRESENTATION_CONTEXT(2) 
PARAMETRIC_REPRESENTATION_CONTEXT() REPRESENTATION_CONTEXT('2D SPACE',''
  ) );
#3026 = ORIENTED_EDGE('',*,*,#3027,.F.);
#3027 = EDGE_CURVE('',#2974,#3004,#3028,.T.);
#3028 = SURFACE_CURVE('',#3029,(#3034,#3041),.PCURVE_S1.);
#3029 = CIRCLE('',#3030,1.1);
#3030 = AXIS2_PLACEMENT_3D('',#3031,#3032,#3033);
#3031 = CARTESIAN_POINT('',(-4.5,34.5,6.));
#3032 = DIRECTION('',(0.,-0.,-1.));
#3033 = DIRECTION('',(1.,0.,-0.));
#3034 = PCURVE('',#2958,#3035);
#3035 = DEFINITIONAL_REPRESENTATION('',(#3036),#3040);
#3036 = LINE('',#3037,#3038);
#3037 = CARTESIAN_POINT('',(-0.,1.570796326795));
#3038 = VECTOR('',#3039,1.);
#3039 = DIRECTION('',(-1.,0.));
#3040 = ( GEOMETRIC_REPRESENTATION_CONTEXT(2) 
PARAMETRIC_REPRESENTATION_CONTEXT() REPRESENTATION_CONTEXT('2D SPACE',''
  ) );
#3041 = PCURVE('',#3042,#3047);
#3042 = PLANE('',#3043);
#3043 = AXIS2_PLACEMENT_3D('',#3044,#3045,#3046);
#3044 = CARTESIAN_POINT('',(-9.,33.,6.));
#3045 = DIRECTION('',(0.,0.,1.));
#3046 = DIRECTION('',(1.,0.,0.));
#3047 = DEFINITIONAL_REPRESENTATION('',(#3048),#3056);
#3048 = ( BOUNDED_CURVE() B_SPLINE_CURVE(2,(#3049,#3050,#3051,#3052,
#3053,#3054,#3055),.UNSPECIFIED.,.T.,.F.) B_SPLINE_CURVE_WITH_KNOTS((1,2
    ,2,2,2,1),(-2.094395102393,0.,2.094395102393,4.188790204786,
6.28318530718,8.377580409573),.UNSPECIFIED.) CURVE() 
GEOMETRIC_REPRESENTATION_ITEM() RATIONAL_B_SPLINE_CURVE((1.,0.5,1.,0.5,
1.,0.5,1.)) REPRESENTATION_ITEM('') );
#3049 = CARTESIAN_POINT('',(5.6,1.5));
#3050 = CARTESIAN_POINT('',(5.6,-0.405255888326));
#3051 = CARTESIAN_POINT('',(3.95,0.547372055837));
#3052 = CARTESIAN_POINT('',(2.3,1.5));
#3053 = CARTESIAN_POINT('',(3.95,2.452627944163));
#3054 = CARTESIAN_POINT('',(5.6,3.405255888326));
#3055 = CARTESIAN_POINT('',(5.6,1.5));
#3056 = ( GEOMETRIC_REPRESENTATION_CONTEXT(2) 
PARAMETRIC_REPRESENTATION_CONTEXT() REPRESENTATION_CONTEXT('2D SPACE',''
  ) );
#3057 = ADVANCED_FACE('',(#3058,#3255),#3042,.T.);
#3058 = FACE_BOUND('',#3059,.T.);
#3059 = EDGE_LOOP('',(#3060,#3090,#3118,#3139,#3140,#3163,#3196,#3224));
#3060 = ORIENTED_EDGE('',*,*,#3061,.F.);
#3061 = EDGE_CURVE('',#3062,#3064,#3066,.T.);
#3062 = VERTEX_POINT('',#3063);
#3063 = CARTESIAN_POINT('',(-8.6,34.5,6.));
#3064 = VERTEX_POINT('',#3065);
#3065 = CARTESIAN_POINT('',(-8.6,37.5,6.));
#3066 = SURFACE_CURVE('',#3067,(#3071,#3078),.PCURVE_S1.);
#3067 = LINE('',#3068,#3069);
#3068 = CARTESIAN_POINT('',(-8.6,34.5,6.));
#3069 = VECTOR('',#3070,1.);
#3070 = DIRECTION('',(0.,1.,0.));
#3071 = PCURVE('',#3042,#3072);
#3072 = DEFINITIONAL_REPRESENTATION('',(#3073),#3077);
#3073 = LINE('',#3074,#3075);
#3074 = CARTESIAN_POINT('',(0.4,1.5));
#3075 = VECTOR('',#3076,1.);
#3076 = DIRECTION('',(0.,1.));
#3077 = ( GEOMETRIC_REPRESENTATION_CONTEXT(2) 
PARAMETRIC_REPRESENTATION_CONTEXT() REPRESENTATION_CONTEXT('2D SPACE',''
  ) );
#3078 = PCURVE('',#3079,#3084);
#3079 = CYLINDRICAL_SURFACE('',#3080,0.4);
#3080 = AXIS2_PLACEMENT_3D('',#3081,#3082,#3083);
#3081 = CARTESIAN_POINT('',(-8.6,34.5,5.6));
#3082 = DIRECTION('',(0.,1.,0.));
#3083 = DIRECTION('',(-1.,0.,0.));
#3084 = DEFINITIONAL_REPRESENTATION('',(#3085),#3089);
#3085 = LINE('',#3086,#3087);
#3086 = CARTESIAN_POINT('',(1.570796326795,0.));
#3087 = VECTOR('',#3088,1.);
#3088 = DIRECTION('',(0.,1.));
#3089 = ( GEOMETRIC_REPRESENTATION_CONTEXT(2) 
PARAMETRIC_REPRESENTATION_CONTEXT() REPRESENTATION_CONTEXT('2D SPACE',''
  ) );
#3090 = ORIENTED_EDGE('',*,*,#3091,.F.);
#3091 = EDGE_CURVE('',#3092,#3062,#3094,.T.);
#3092 = VERTEX_POINT('',#3093);
#3093 = CARTESIAN_POINT('',(-7.5,33.4,6.));
#3094 = SURFACE_CURVE('',#3095,(#3100,#3111),.PCURVE_S1.);
#3095 = CIRCLE('',#3096,1.1);
#3096 = AXIS2_PLACEMENT_3D('',#3097,#3098,#3099);
#3097 = CARTESIAN_POINT('',(-7.5,34.5,6.));
#3098 = DIRECTION('',(-0.,0.,-1.));
#3099 = DIRECTION('',(-2.960594732334E-16,-1.,0.));
#3100 = PCURVE('',#3042,#3101);
#3101 = DEFINITIONAL_REPRESENTATION('',(#3102),#3110);
#3102 = ( BOUNDED_CURVE() B_SPLINE_CURVE(2,(#3103,#3104,#3105,#3106,
#3107,#3108,#3109),.UNSPECIFIED.,.T.,.F.) B_SPLINE_CURVE_WITH_KNOTS((1,2
    ,2,2,2,1),(-2.094395102393,0.,2.094395102393,4.188790204786,
6.28318530718,8.377580409573),.UNSPECIFIED.) CURVE() 
GEOMETRIC_REPRESENTATION_ITEM() RATIONAL_B_SPLINE_CURVE((1.,0.5,1.,0.5,
1.,0.5,1.)) REPRESENTATION_ITEM('') );
#3103 = CARTESIAN_POINT('',(1.5,0.4));
#3104 = CARTESIAN_POINT('',(-0.405255888326,0.4));
#3105 = CARTESIAN_POINT('',(0.547372055837,2.05));
#3106 = CARTESIAN_POINT('',(1.5,3.7));
#3107 = CARTESIAN_POINT('',(2.452627944163,2.05));
#3108 = CARTESIAN_POINT('',(3.405255888326,0.4));
#3109 = CARTESIAN_POINT('',(1.5,0.4));
#3110 = ( GEOMETRIC_REPRESENTATION_CONTEXT(2) 
PARAMETRIC_REPRESENTATION_CONTEXT() REPRESENTATION_CONTEXT('2D SPACE',''
  ) );
#3111 = PCURVE('',#2790,#3112);
#3112 = DEFINITIONAL_REPRESENTATION('',(#3113),#3117);
#3113 = LINE('',#3114,#3115);
#3114 = CARTESIAN_POINT('',(-0.,1.570796326795));
#3115 = VECTOR('',#3116,1.);
#3116 = DIRECTION('',(-1.,0.));
#3117 = ( GEOMETRIC_REPRESENTATION_CONTEXT(2) 
PARAMETRIC_REPRESENTATION_CONTEXT() REPRESENTATION_CONTEXT('2D SPACE',''
  ) );
#3118 = ORIENTED_EDGE('',*,*,#3119,.F.);
#3119 = EDGE_CURVE('',#3004,#3092,#3120,.T.);
#3120 = SURFACE_CURVE('',#3121,(#3125,#3132),.PCURVE_S1.);
#3121 = LINE('',#3122,#3123);
#3122 = CARTESIAN_POINT('',(-4.5,33.4,6.));
#3123 = VECTOR('',#3124,1.);
#3124 = DIRECTION('',(-1.,-0.,-0.));
#3125 = PCURVE('',#3042,#3126);
#3126 = DEFINITIONAL_REPRESENTATION('',(#3127),#3131);
#3127 = LINE('',#3128,#3129);
#3128 = CARTESIAN_POINT('',(4.5,0.4));
#3129 = VECTOR('',#3130,1.);
#3130 = DIRECTION('',(-1.,0.));
#3131 = ( GEOMETRIC_REPRESENTATION_CONTEXT(2) 
PARAMETRIC_REPRESENTATION_CONTEXT() REPRESENTATION_CONTEXT('2D SPACE',''
  ) );
#3132 = PCURVE('',#2822,#3133);
#3133 = DEFINITIONAL_REPRESENTATION('',(#3134),#3138);
#3134 = LINE('',#3135,#3136);
#3135 = CARTESIAN_POINT('',(1.570796326795,0.));
#3136 = VECTOR('',#3137,1.);
#3137 = DIRECTION('',(0.,1.));
#3138 = ( GEOMETRIC_REPRESENTATION_CONTEXT(2) 
PARAMETRIC_REPRESENTATION_CONTEXT() REPRESENTATION_CONTEXT('2D SPACE',''
  ) );
#3139 = ORIENTED_EDGE('',*,*,#3027,.F.);
#3140 = ORIENTED_EDGE('',*,*,#3141,.F.);
#3141 = EDGE_CURVE('',#3142,#2974,#3144,.T.);
#3142 = VERTEX_POINT('',#3143);
#3143 = CARTESIAN_POINT('',(-3.4,37.5,6.));
#3144 = SURFACE_CURVE('',#3145,(#3149,#3156),.PCURVE_S1.);
#3145 = LINE('',#3146,#3147);
#3146 = CARTESIAN_POINT('',(-3.4,37.5,6.));
#3147 = VECTOR('',#3148,1.);
#3148 = DIRECTION('',(-0.,-1.,-0.));
#3149 = PCURVE('',#3042,#3150);
#3150 = DEFINITIONAL_REPRESENTATION('',(#3151),#3155);
#3151 = LINE('',#3152,#3153);
#3152 = CARTESIAN_POINT('',(5.6,4.5));
#3153 = VECTOR('',#3154,1.);
#3154 = DIRECTION('',(0.,-1.));
#3155 = ( GEOMETRIC_REPRESENTATION_CONTEXT(2) 
PARAMETRIC_REPRESENTATION_CONTEXT() REPRESENTATION_CONTEXT('2D SPACE',''
  ) );
#3156 = PCURVE('',#2990,#3157);
#3157 = DEFINITIONAL_REPRESENTATION('',(#3158),#3162);
#3158 = LINE('',#3159,#3160);
#3159 = CARTESIAN_POINT('',(1.570796326795,0.));
#3160 = VECTOR('',#3161,1.);
#3161 = DIRECTION('',(0.,1.));
#3162 = ( GEOMETRIC_REPRESENTATION_CONTEXT(2) 
PARAMETRIC_REPRESENTATION_CONTEXT() REPRESENTATION_CONTEXT('2D SPACE',''
  ) );
#3163 = ORIENTED_EDGE('',*,*,#3164,.F.);
#3164 = EDGE_CURVE('',#3165,#3142,#3167,.T.);
#3165 = VERTEX_POINT('',#3166);
#3166 = CARTESIAN_POINT('',(-4.5,38.6,6.));
#3167 = SURFACE_CURVE('',#3168,(#3173,#3184),.PCURVE_S1.);
#3168 = CIRCLE('',#3169,1.1);
#3169 = AXIS2_PLACEMENT_3D('',#3170,#3171,#3172);
#3170 = CARTESIAN_POINT('',(-4.5,37.5,6.));
#3171 = DIRECTION('',(0.,-0.,-1.));
#3172 = DIRECTION('',(2.960594732334E-16,1.,-0.));
#3173 = PCURVE('',#3042,#3174);
#3174 = DEFINITIONAL_REPRESENTATION('',(#3175),#3183);
#3175 = ( BOUNDED_CURVE() B_SPLINE_CURVE(2,(#3176,#3177,#3178,#3179,
#3180,#3181,#3182),.UNSPECIFIED.,.T.,.F.) B_SPLINE_CURVE_WITH_KNOTS((1,2
    ,2,2,2,1),(-2.094395102393,0.,2.094395102393,4.188790204786,
6.28318530718,8.377580409573),.UNSPECIFIED.) CURVE() 
GEOMETRIC_REPRESENTATION_ITEM() RATIONAL_B_SPLINE_CURVE((1.,0.5,1.,0.5,
1.,0.5,1.)) REPRESENTATION_ITEM('') );
#3176 = CARTESIAN_POINT('',(4.5,5.6));
#3177 = CARTESIAN_POINT('',(6.405255888326,5.6));
#3178 = CARTESIAN_POINT('',(5.452627944163,3.95));
#3179 = CARTESIAN_POINT('',(4.5,2.3));
#3180 = CARTESIAN_POINT('',(3.547372055837,3.95));
#3181 = CARTESIAN_POINT('',(2.594744111674,5.6));
#3182 = CARTESIAN_POINT('',(4.5,5.6));
#3183 = ( GEOMETRIC_REPRESENTATION_CONTEXT(2) 
PARAMETRIC_REPRESENTATION_CONTEXT() REPRESENTATION_CONTEXT('2D SPACE',''
  ) );
#3184 = PCURVE('',#3185,#3190);
#3185 = TOROIDAL_SURFACE('',#3186,1.1,0.4);
#3186 = AXIS2_PLACEMENT_3D('',#3187,#3188,#3189);
#3187 = CARTESIAN_POINT('',(-4.5,37.5,5.6));
#3188 = DIRECTION('',(0.,0.,1.));
#3189 = DIRECTION('',(2.960594732334E-16,1.,-0.));
#3190 = DEFINITIONAL_REPRESENTATION('',(#3191),#3195);
#3191 = LINE('',#3192,#3193);
#3192 = CARTESIAN_POINT('',(-0.,1.570796326795));
#3193 = VECTOR('',#3194,1.);
#3194 = DIRECTION('',(-1.,0.));
#3195 = ( GEOMETRIC_REPRESENTATION_CONTEXT(2) 
PARAMETRIC_REPRESENTATION_CONTEXT() REPRESENTATION_CONTEXT('2D SPACE',''
  ) );
#3196 = ORIENTED_EDGE('',*,*,#3197,.F.);
#3197 = EDGE_CURVE('',#3198,#3165,#3200,.T.);
#3198 = VERTEX_POINT('',#3199);
#3199 = CARTESIAN_POINT('',(-7.5,38.6,6.));
#3200 = SURFACE_CURVE('',#3201,(#3205,#3212),.PCURVE_S1.);
#3201 = LINE('',#3202,#3203);
#3202 = CARTESIAN_POINT('',(-7.5,38.6,6.));
#3203 = VECTOR('',#3204,1.);
#3204 = DIRECTION('',(1.,0.,0.));
#3205 = PCURVE('',#3042,#3206);
#3206 = DEFINITIONAL_REPRESENTATION('',(#3207),#3211);
#3207 = LINE('',#3208,#3209);
#3208 = CARTESIAN_POINT('',(1.5,5.6));
#3209 = VECTOR('',#3210,1.);
#3210 = DIRECTION('',(1.,0.));
#3211 = ( GEOMETRIC_REPRESENTATION_CONTEXT(2) 
PARAMETRIC_REPRESENTATION_CONTEXT() REPRESENTATION_CONTEXT('2D SPACE',''
  ) );
#3212 = PCURVE('',#3213,#3218);
#3213 = CYLINDRICAL_SURFACE('',#3214,0.4);
#3214 = AXIS2_PLACEMENT_3D('',#3215,#3216,#3217);
#3215 = CARTESIAN_POINT('',(-7.5,38.6,5.6));
#3216 = DIRECTION('',(1.,0.,0.));
#3217 = DIRECTION('',(-0.,1.,0.));
#3218 = DEFINITIONAL_REPRESENTATION('',(#3219),#3223);
#3219 = LINE('',#3220,#3221);
#3220 = CARTESIAN_POINT('',(1.570796326795,0.));
#3221 = VECTOR('',#3222,1.);
#3222 = DIRECTION('',(0.,1.));
#3223 = ( GEOMETRIC_REPRESENTATION_CONTEXT(2) 
PARAMETRIC_REPRESENTATION_CONTEXT() REPRESENTATION_CONTEXT('2D SPACE',''
  ) );
#3224 = ORIENTED_EDGE('',*,*,#3225,.F.);
#3225 = EDGE_CURVE('',#3064,#3198,#3226,.T.);
#3226 = SURFACE_CURVE('',#3227,(#3232,#3243),.PCURVE_S1.);
#3227 = CIRCLE('',#3228,1.1);
#3228 = AXIS2_PLACEMENT_3D('',#3229,#3230,#3231);
#3229 = CARTESIAN_POINT('',(-7.5,37.5,6.));
#3230 = DIRECTION('',(-0.,0.,-1.));
#3231 = DIRECTION('',(-1.,0.,0.));
#3232 = PCURVE('',#3042,#3233);
#3233 = DEFINITIONAL_REPRESENTATION('',(#3234),#3242);
#3234 = ( BOUNDED_CURVE() B_SPLINE_CURVE(2,(#3235,#3236,#3237,#3238,
#3239,#3240,#3241),.UNSPECIFIED.,.T.,.F.) B_SPLINE_CURVE_WITH_KNOTS((1,2
    ,2,2,2,1),(-2.094395102393,0.,2.094395102393,4.188790204786,
6.28318530718,8.377580409573),.UNSPECIFIED.) CURVE() 
GEOMETRIC_REPRESENTATION_ITEM() RATIONAL_B_SPLINE_CURVE((1.,0.5,1.,0.5,
1.,0.5,1.)) REPRESENTATION_ITEM('') );
#3235 = CARTESIAN_POINT('',(0.4,4.5));
#3236 = CARTESIAN_POINT('',(0.4,6.405255888326));
#3237 = CARTESIAN_POINT('',(2.05,5.452627944163));
#3238 = CARTESIAN_POINT('',(3.7,4.5));
#3239 = CARTESIAN_POINT('',(2.05,3.547372055837));
#3240 = CARTESIAN_POINT('',(0.4,2.594744111674));
#3241 = CARTESIAN_POINT('',(0.4,4.5));
#3242 = ( GEOMETRIC_REPRESENTATION_CONTEXT(2) 
PARAMETRIC_REPRESENTATION_CONTEXT() REPRESENTATION_CONTEXT('2D SPACE',''
  ) );
#3243 = PCURVE('',#3244,#3249);
#3244 = TOROIDAL_SURFACE('',#3245,1.1,0.4);
#3245 = AXIS2_PLACEMENT_3D('',#3246,#3247,#3248);
#3246 = CARTESIAN_POINT('',(-7.5,37.5,5.6));
#3247 = DIRECTION('',(0.,0.,1.));
#3248 = DIRECTION('',(-1.,0.,0.));
#3249 = DEFINITIONAL_REPRESENTATION('',(#3250),#3254);
#3250 = LINE('',#3251,#3252);
#3251 = CARTESIAN_POINT('',(-0.,1.570796326795));
#3252 = VECTOR('',#3253,1.);
#3253 = DIRECTION('',(-1.,0.));
#3254 = ( GEOMETRIC_REPRESENTATION_CONTEXT(2) 
PARAMETRIC_REPRESENTATION_CONTEXT() REPRESENTATION_CONTEXT('2D SPACE',''
  ) );
#3255 = FACE_BOUND('',#3256,.T.);
#3256 = EDGE_LOOP('',(#3257));
#3257 = ORIENTED_EDGE('',*,*,#3258,.F.);
#3258 = EDGE_CURVE('',#3259,#3259,#3261,.T.);
#3259 = VERTEX_POINT('',#3260);
#3260 = CARTESIAN_POINT('',(-4.75,36.,6.));
#3261 = SURFACE_CURVE('',#3262,(#3267,#3274),.PCURVE_S1.);
#3262 = CIRCLE('',#3263,1.25);
#3263 = AXIS2_PLACEMENT_3D('',#3264,#3265,#3266);
#3264 = CARTESIAN_POINT('',(-6.,36.,6.));
#3265 = DIRECTION('',(0.,0.,1.));
#3266 = DIRECTION('',(1.,0.,-0.));
#3267 = PCURVE('',#3042,#3268);
#3268 = DEFINITIONAL_REPRESENTATION('',(#3269),#3273);
#3269 = CIRCLE('',#3270,1.25);
#3270 = AXIS2_PLACEMENT_2D('',#3271,#3272);
#3271 = CARTESIAN_POINT('',(3.,3.));
#3272 = DIRECTION('',(1.,0.));
#3273 = ( GEOMETRIC_REPRESENTATION_CONTEXT(2) 
PARAMETRIC_REPRESENTATION_CONTEXT() REPRESENTATION_CONTEXT('2D SPACE',''
  ) );
#3274 = PCURVE('',#3275,#3280);
#3275 = CYLINDRICAL_SURFACE('',#3276,1.25);
#3276 = AXIS2_PLACEMENT_3D('',#3277,#3278,#3279);
#3277 = CARTESIAN_POINT('',(-6.,36.,0.));
#3278 = DIRECTION('',(0.,0.,1.));
#3279 = DIRECTION('',(1.,0.,-0.));
#3280 = DEFINITIONAL_REPRESENTATION('',(#3281),#3285);
#3281 = LINE('',#3282,#3283);
#3282 = CARTESIAN_POINT('',(0.,6.));
#3283 = VECTOR('',#3284,1.);
#3284 = DIRECTION('',(1.,0.));
#3285 = ( GEOMETRIC_REPRESENTATION_CONTEXT(2) 
PARAMETRIC_REPRESENTATION_CONTEXT() REPRESENTATION_CONTEXT('2D SPACE',''
  ) );
#3286 = ADVANCED_FACE('',(#3287),#3275,.F.);
#3287 = FACE_BOUND('',#3288,.F.);
#3288 = EDGE_LOOP('',(#3289,#3290,#3313,#3335));
#3289 = ORIENTED_EDGE('',*,*,#3258,.F.);
#3290 = ORIENTED_EDGE('',*,*,#3291,.F.);
#3291 = EDGE_CURVE('',#3292,#3259,#3294,.T.);
#3292 = VERTEX_POINT('',#3293);
#3293 = CARTESIAN_POINT('',(-4.75,36.,0.));
#3294 = SEAM_CURVE('',#3295,(#3299,#3306),.PCURVE_S1.);
#3295 = LINE('',#3296,#3297);
#3296 = CARTESIAN_POINT('',(-4.75,36.,0.));
#3297 = VECTOR('',#3298,1.);
#3298 = DIRECTION('',(0.,0.,1.));
#3299 = PCURVE('',#3275,#3300);
#3300 = DEFINITIONAL_REPRESENTATION('',(#3301),#3305);
#3301 = LINE('',#3302,#3303);
#3302 = CARTESIAN_POINT('',(6.28318530718,-0.));
#3303 = VECTOR('',#3304,1.);
#3304 = DIRECTION('',(0.,1.));
#3305 = ( GEOMETRIC_REPRESENTATION_CONTEXT(2) 
PARAMETRIC_REPRESENTATION_CONTEXT() REPRESENTATION_CONTEXT('2D SPACE',''
  ) );
#3306 = PCURVE('',#3275,#3307);
#3307 = DEFINITIONAL_REPRESENTATION('',(#3308),#3312);
#3308 = LINE('',#3309,#3310);
#3309 = CARTESIAN_POINT('',(0.,-0.));
#3310 = VECTOR('',#3311,1.);
#3311 = DIRECTION('',(0.,1.));
#3312 = ( GEOMETRIC_REPRESENTATION_CONTEXT(2) 
PARAMETRIC_REPRESENTATION_CONTEXT() REPRESENTATION_CONTEXT('2D SPACE',''
  ) );
#3313 = ORIENTED_EDGE('',*,*,#3314,.T.);
#3314 = EDGE_CURVE('',#3292,#3292,#3315,.T.);
#3315 = SURFACE_CURVE('',#3316,(#3321,#3328),.PCURVE_S1.);
#3316 = CIRCLE('',#3317,1.25);
#3317 = AXIS2_PLACEMENT_3D('',#3318,#3319,#3320);
#3318 = CARTESIAN_POINT('',(-6.,36.,0.));
#3319 = DIRECTION('',(0.,0.,1.));
#3320 = DIRECTION('',(1.,0.,-0.));
#3321 = PCURVE('',#3275,#3322);
#3322 = DEFINITIONAL_REPRESENTATION('',(#3323),#3327);
#3323 = LINE('',#3324,#3325);
#3324 = CARTESIAN_POINT('',(0.,0.));
#3325 = VECTOR('',#3326,1.);
#3326 = DIRECTION('',(1.,0.));
#3327 = ( GEOMETRIC_REPRESENTATION_CONTEXT(2) 
PARAMETRIC_REPRESENTATION_CONTEXT() REPRESENTATION_CONTEXT('2D SPACE',''
  ) );
#3328 = PCURVE('',#943,#3329);
#3329 = DEFINITIONAL_REPRESENTATION('',(#3330),#3334);
#3330 = CIRCLE('',#3331,1.25);
#3331 = AXIS2_PLACEMENT_2D('',#3332,#3333);
#3332 = CARTESIAN_POINT('',(3.,36.));
#3333 = DIRECTION('',(1.,0.));
#3334 = ( GEOMETRIC_REPRESENTATION_CONTEXT(2) 
PARAMETRIC_REPRESENTATION_CONTEXT() REPRESENTATION_CONTEXT('2D SPACE',''
  ) );
#3335 = ORIENTED_EDGE('',*,*,#3291,.T.);
#3336 = ADVANCED_FACE('',(#3337),#3185,.T.);
#3337 = FACE_BOUND('',#3338,.F.);
#3338 = EDGE_LOOP('',(#3339,#3363,#3392,#3414));
#3339 = ORIENTED_EDGE('',*,*,#3340,.F.);
#3340 = EDGE_CURVE('',#3341,#3165,#3343,.T.);
#3341 = VERTEX_POINT('',#3342);
#3342 = CARTESIAN_POINT('',(-4.5,39.,5.6));
#3343 = SURFACE_CURVE('',#3344,(#3349,#3356),.PCURVE_S1.);
#3344 = CIRCLE('',#3345,0.4);
#3345 = AXIS2_PLACEMENT_3D('',#3346,#3347,#3348);
#3346 = CARTESIAN_POINT('',(-4.5,38.6,5.6));
#3347 = DIRECTION('',(1.,0.,0.));
#3348 = DIRECTION('',(-0.,1.,0.));
#3349 = PCURVE('',#3185,#3350);
#3350 = DEFINITIONAL_REPRESENTATION('',(#3351),#3355);
#3351 = LINE('',#3352,#3353);
#3352 = CARTESIAN_POINT('',(-0.,0.));
#3353 = VECTOR('',#3354,1.);
#3354 = DIRECTION('',(-0.,1.));
#3355 = ( GEOMETRIC_REPRESENTATION_CONTEXT(2) 
PARAMETRIC_REPRESENTATION_CONTEXT() REPRESENTATION_CONTEXT('2D SPACE',''
  ) );
#3356 = PCURVE('',#3213,#3357);
#3357 = DEFINITIONAL_REPRESENTATION('',(#3358),#3362);
#3358 = LINE('',#3359,#3360);
#3359 = CARTESIAN_POINT('',(0.,3.));
#3360 = VECTOR('',#3361,1.);
#3361 = DIRECTION('',(1.,0.));
#3362 = ( GEOMETRIC_REPRESENTATION_CONTEXT(2) 
PARAMETRIC_REPRESENTATION_CONTEXT() REPRESENTATION_CONTEXT('2D SPACE',''
  ) );
#3363 = ORIENTED_EDGE('',*,*,#3364,.T.);
#3364 = EDGE_CURVE('',#3341,#3365,#3367,.T.);
#3365 = VERTEX_POINT('',#3366);
#3366 = CARTESIAN_POINT('',(-3.,37.5,5.6));
#3367 = SURFACE_CURVE('',#3368,(#3373,#3380),.PCURVE_S1.);
#3368 = CIRCLE('',#3369,1.5);
#3369 = AXIS2_PLACEMENT_3D('',#3370,#3371,#3372);
#3370 = CARTESIAN_POINT('',(-4.5,37.5,5.6));
#3371 = DIRECTION('',(0.,-0.,-1.));
#3372 = DIRECTION('',(2.960594732334E-16,1.,-0.));
#3373 = PCURVE('',#3185,#3374);
#3374 = DEFINITIONAL_REPRESENTATION('',(#3375),#3379);
#3375 = LINE('',#3376,#3377);
#3376 = CARTESIAN_POINT('',(-0.,0.));
#3377 = VECTOR('',#3378,1.);
#3378 = DIRECTION('',(-1.,0.));
#3379 = ( GEOMETRIC_REPRESENTATION_CONTEXT(2) 
PARAMETRIC_REPRESENTATION_CONTEXT() REPRESENTATION_CONTEXT('2D SPACE',''
  ) );
#3380 = PCURVE('',#3381,#3386);
#3381 = CYLINDRICAL_SURFACE('',#3382,1.5);
#3382 = AXIS2_PLACEMENT_3D('',#3383,#3384,#3385);
#3383 = CARTESIAN_POINT('',(-4.5,37.5,3.));
#3384 = DIRECTION('',(0.,0.,1.));
#3385 = DIRECTION('',(1.,0.,-0.));
#3386 = DEFINITIONAL_REPRESENTATION('',(#3387),#3391);
#3387 = LINE('',#3388,#3389);
#3388 = CARTESIAN_POINT('',(1.570796326795,2.6));
#3389 = VECTOR('',#3390,1.);
#3390 = DIRECTION('',(-1.,-0.));
#3391 = ( GEOMETRIC_REPRESENTATION_CONTEXT(2) 
PARAMETRIC_REPRESENTATION_CONTEXT() REPRESENTATION_CONTEXT('2D SPACE',''
  ) );
#3392 = ORIENTED_EDGE('',*,*,#3393,.T.);
#3393 = EDGE_CURVE('',#3365,#3142,#3394,.T.);
#3394 = SURFACE_CURVE('',#3395,(#3400,#3407),.PCURVE_S1.);
#3395 = CIRCLE('',#3396,0.4);
#3396 = AXIS2_PLACEMENT_3D('',#3397,#3398,#3399);
#3397 = CARTESIAN_POINT('',(-3.4,37.5,5.6));
#3398 = DIRECTION('',(-2.34827133276E-16,-1.,0.));
#3399 = DIRECTION('',(1.,-2.34827133276E-16,-0.));
#3400 = PCURVE('',#3185,#3401);
#3401 = DEFINITIONAL_REPRESENTATION('',(#3402),#3406);
#3402 = LINE('',#3403,#3404);
#3403 = CARTESIAN_POINT('',(-1.570796326795,0.));
#3404 = VECTOR('',#3405,1.);
#3405 = DIRECTION('',(-0.,1.));
#3406 = ( GEOMETRIC_REPRESENTATION_CONTEXT(2) 
PARAMETRIC_REPRESENTATION_CONTEXT() REPRESENTATION_CONTEXT('2D SPACE',''
  ) );
#3407 = PCURVE('',#2990,#3408);
#3408 = DEFINITIONAL_REPRESENTATION('',(#3409),#3413);
#3409 = LINE('',#3410,#3411);
#3410 = CARTESIAN_POINT('',(0.,0.));
#3411 = VECTOR('',#3412,1.);
#3412 = DIRECTION('',(1.,0.));
#3413 = ( GEOMETRIC_REPRESENTATION_CONTEXT(2) 
PARAMETRIC_REPRESENTATION_CONTEXT() REPRESENTATION_CONTEXT('2D SPACE',''
  ) );
#3414 = ORIENTED_EDGE('',*,*,#3164,.F.);
#3415 = ADVANCED_FACE('',(#3416),#3381,.T.);
#3416 = FACE_BOUND('',#3417,.T.);
#3417 = EDGE_LOOP('',(#3418,#3441,#3465,#3491));
#3418 = ORIENTED_EDGE('',*,*,#3419,.F.);
#3419 = EDGE_CURVE('',#3420,#3365,#3422,.T.);
#3420 = VERTEX_POINT('',#3421);
#3421 = CARTESIAN_POINT('',(-3.,37.5,3.));
#3422 = SURFACE_CURVE('',#3423,(#3427,#3434),.PCURVE_S1.);
#3423 = LINE('',#3424,#3425);
#3424 = CARTESIAN_POINT('',(-3.,37.5,3.));
#3425 = VECTOR('',#3426,1.);
#3426 = DIRECTION('',(0.,0.,1.));
#3427 = PCURVE('',#3381,#3428);
#3428 = DEFINITIONAL_REPRESENTATION('',(#3429),#3433);
#3429 = LINE('',#3430,#3431);
#3430 = CARTESIAN_POINT('',(0.,0.));
#3431 = VECTOR('',#3432,1.);
#3432 = DIRECTION('',(0.,1.));
#3433 = ( GEOMETRIC_REPRESENTATION_CONTEXT(2) 
PARAMETRIC_REPRESENTATION_CONTEXT() REPRESENTATION_CONTEXT('2D SPACE',''
  ) );
#3434 = PCURVE('',#2904,#3435);
#3435 = DEFINITIONAL_REPRESENTATION('',(#3436),#3440);
#3436 = LINE('',#3437,#3438);
#3437 = CARTESIAN_POINT('',(0.,-4.5));
#3438 = VECTOR('',#3439,1.);
#3439 = DIRECTION('',(1.,0.));
#3440 = ( GEOMETRIC_REPRESENTATION_CONTEXT(2) 
PARAMETRIC_REPRESENTATION_CONTEXT() REPRESENTATION_CONTEXT('2D SPACE',''
  ) );
#3441 = ORIENTED_EDGE('',*,*,#3442,.T.);
#3442 = EDGE_CURVE('',#3420,#3443,#3445,.T.);
#3443 = VERTEX_POINT('',#3444);
#3444 = CARTESIAN_POINT('',(-4.5,39.,3.));
#3445 = SURFACE_CURVE('',#3446,(#3451,#3458),.PCURVE_S1.);
#3446 = CIRCLE('',#3447,1.5);
#3447 = AXIS2_PLACEMENT_3D('',#3448,#3449,#3450);
#3448 = CARTESIAN_POINT('',(-4.5,37.5,3.));
#3449 = DIRECTION('',(0.,0.,1.));
#3450 = DIRECTION('',(0.,-1.,0.));
#3451 = PCURVE('',#3381,#3452);
#3452 = DEFINITIONAL_REPRESENTATION('',(#3453),#3457);
#3453 = LINE('',#3454,#3455);
#3454 = CARTESIAN_POINT('',(-1.570796326795,0.));
#3455 = VECTOR('',#3456,1.);
#3456 = DIRECTION('',(1.,0.));
#3457 = ( GEOMETRIC_REPRESENTATION_CONTEXT(2) 
PARAMETRIC_REPRESENTATION_CONTEXT() REPRESENTATION_CONTEXT('2D SPACE',''
  ) );
#3458 = PCURVE('',#2324,#3459);
#3459 = DEFINITIONAL_REPRESENTATION('',(#3460),#3464);
#3460 = CIRCLE('',#3461,1.5);
#3461 = AXIS2_PLACEMENT_2D('',#3462,#3463);
#3462 = CARTESIAN_POINT('',(4.5,37.5));
#3463 = DIRECTION('',(0.,-1.));
#3464 = ( GEOMETRIC_REPRESENTATION_CONTEXT(2) 
PARAMETRIC_REPRESENTATION_CONTEXT() REPRESENTATION_CONTEXT('2D SPACE',''
  ) );
#3465 = ORIENTED_EDGE('',*,*,#3466,.T.);
#3466 = EDGE_CURVE('',#3443,#3341,#3467,.T.);
#3467 = SURFACE_CURVE('',#3468,(#3472,#3479),.PCURVE_S1.);
#3468 = LINE('',#3469,#3470);
#3469 = CARTESIAN_POINT('',(-4.5,39.,3.));
#3470 = VECTOR('',#3471,1.);
#3471 = DIRECTION('',(0.,0.,1.));
#3472 = PCURVE('',#3381,#3473);
#3473 = DEFINITIONAL_REPRESENTATION('',(#3474),#3478);
#3474 = LINE('',#3475,#3476);
#3475 = CARTESIAN_POINT('',(1.570796326795,0.));
#3476 = VECTOR('',#3477,1.);
#3477 = DIRECTION('',(0.,1.));
#3478 = ( GEOMETRIC_REPRESENTATION_CONTEXT(2) 
PARAMETRIC_REPRESENTATION_CONTEXT() REPRESENTATION_CONTEXT('2D SPACE',''
  ) );
#3479 = PCURVE('',#3480,#3485);
#3480 = PLANE('',#3481);
#3481 = AXIS2_PLACEMENT_3D('',#3482,#3483,#3484);
#3482 = CARTESIAN_POINT('',(-9.,39.,3.));
#3483 = DIRECTION('',(0.,1.,0.));
#3484 = DIRECTION('',(0.,0.,1.));
#3485 = DEFINITIONAL_REPRESENTATION('',(#3486),#3490);
#3486 = LINE('',#3487,#3488);
#3487 = CARTESIAN_POINT('',(0.,4.5));
#3488 = VECTOR('',#3489,1.);
#3489 = DIRECTION('',(1.,0.));
#3490 = ( GEOMETRIC_REPRESENTATION_CONTEXT(2) 
PARAMETRIC_REPRESENTATION_CONTEXT() REPRESENTATION_CONTEXT('2D SPACE',''
  ) );
#3491 = ORIENTED_EDGE('',*,*,#3364,.T.);
#3492 = ADVANCED_FACE('',(#3493),#3480,.T.);
#3493 = FACE_BOUND('',#3494,.T.);
#3494 = EDGE_LOOP('',(#3495,#3520,#3541,#3542));
#3495 = ORIENTED_EDGE('',*,*,#3496,.T.);
#3496 = EDGE_CURVE('',#3497,#3499,#3501,.T.);
#3497 = VERTEX_POINT('',#3498);
#3498 = CARTESIAN_POINT('',(-7.5,39.,3.));
#3499 = VERTEX_POINT('',#3500);
#3500 = CARTESIAN_POINT('',(-7.5,39.,5.6));
#3501 = SURFACE_CURVE('',#3502,(#3506,#3513),.PCURVE_S1.);
#3502 = LINE('',#3503,#3504);
#3503 = CARTESIAN_POINT('',(-7.5,39.,3.));
#3504 = VECTOR('',#3505,1.);
#3505 = DIRECTION('',(0.,0.,1.));
#3506 = PCURVE('',#3480,#3507);
#3507 = DEFINITIONAL_REPRESENTATION('',(#3508),#3512);
#3508 = LINE('',#3509,#3510);
#3509 = CARTESIAN_POINT('',(0.,1.5));
#3510 = VECTOR('',#3511,1.);
#3511 = DIRECTION('',(1.,0.));
#3512 = ( GEOMETRIC_REPRESENTATION_CONTEXT(2) 
PARAMETRIC_REPRESENTATION_CONTEXT() REPRESENTATION_CONTEXT('2D SPACE',''
  ) );
#3513 = PCURVE('',#2684,#3514);
#3514 = DEFINITIONAL_REPRESENTATION('',(#3515),#3519);
#3515 = LINE('',#3516,#3517);
#3516 = CARTESIAN_POINT('',(-1.570796326795,0.));
#3517 = VECTOR('',#3518,1.);
#3518 = DIRECTION('',(-0.,1.));
#3519 = ( GEOMETRIC_REPRESENTATION_CONTEXT(2) 
PARAMETRIC_REPRESENTATION_CONTEXT() REPRESENTATION_CONTEXT('2D SPACE',''
  ) );
#3520 = ORIENTED_EDGE('',*,*,#3521,.T.);
#3521 = EDGE_CURVE('',#3499,#3341,#3522,.T.);
#3522 = SURFACE_CURVE('',#3523,(#3527,#3534),.PCURVE_S1.);
#3523 = LINE('',#3524,#3525);
#3524 = CARTESIAN_POINT('',(-7.5,39.,5.6));
#3525 = VECTOR('',#3526,1.);
#3526 = DIRECTION('',(1.,0.,0.));
#3527 = PCURVE('',#3480,#3528);
#3528 = DEFINITIONAL_REPRESENTATION('',(#3529),#3533);
#3529 = LINE('',#3530,#3531);
#3530 = CARTESIAN_POINT('',(2.6,1.5));
#3531 = VECTOR('',#3532,1.);
#3532 = DIRECTION('',(0.,1.));
#3533 = ( GEOMETRIC_REPRESENTATION_CONTEXT(2) 
PARAMETRIC_REPRESENTATION_CONTEXT() REPRESENTATION_CONTEXT('2D SPACE',''
  ) );
#3534 = PCURVE('',#3213,#3535);
#3535 = DEFINITIONAL_REPRESENTATION('',(#3536),#3540);
#3536 = LINE('',#3537,#3538);
#3537 = CARTESIAN_POINT('',(0.,0.));
#3538 = VECTOR('',#3539,1.);
#3539 = DIRECTION('',(0.,1.));
#3540 = ( GEOMETRIC_REPRESENTATION_CONTEXT(2) 
PARAMETRIC_REPRESENTATION_CONTEXT() REPRESENTATION_CONTEXT('2D SPACE',''
  ) );
#3541 = ORIENTED_EDGE('',*,*,#3466,.F.);
#3542 = ORIENTED_EDGE('',*,*,#3543,.F.);
#3543 = EDGE_CURVE('',#3497,#3443,#3544,.T.);
#3544 = SURFACE_CURVE('',#3545,(#3549,#3556),.PCURVE_S1.);
#3545 = LINE('',#3546,#3547);
#3546 = CARTESIAN_POINT('',(-9.,39.,3.));
#3547 = VECTOR('',#3548,1.);
#3548 = DIRECTION('',(1.,0.,0.));
#3549 = PCURVE('',#3480,#3550);
#3550 = DEFINITIONAL_REPRESENTATION('',(#3551),#3555);
#3551 = LINE('',#3552,#3553);
#3552 = CARTESIAN_POINT('',(0.,0.));
#3553 = VECTOR('',#3554,1.);
#3554 = DIRECTION('',(0.,1.));
#3555 = ( GEOMETRIC_REPRESENTATION_CONTEXT(2) 
PARAMETRIC_REPRESENTATION_CONTEXT() REPRESENTATION_CONTEXT('2D SPACE',''
  ) );
#3556 = PCURVE('',#2324,#3557);
#3557 = DEFINITIONAL_REPRESENTATION('',(#3558),#3562);
#3558 = LINE('',#3559,#3560);
#3559 = CARTESIAN_POINT('',(0.,39.));
#3560 = VECTOR('',#3561,1.);
#3561 = DIRECTION('',(1.,0.));
#3562 = ( GEOMETRIC_REPRESENTATION_CONTEXT(2) 
PARAMETRIC_REPRESENTATION_CONTEXT() REPRESENTATION_CONTEXT('2D SPACE',''
  ) );
#3563 = ADVANCED_FACE('',(#3564),#3213,.T.);
#3564 = FACE_BOUND('',#3565,.T.);
#3565 = EDGE_LOOP('',(#3566,#3588,#3589,#3590));
#3566 = ORIENTED_EDGE('',*,*,#3567,.T.);
#3567 = EDGE_CURVE('',#3499,#3198,#3568,.T.);
#3568 = SURFACE_CURVE('',#3569,(#3574,#3581),.PCURVE_S1.);
#3569 = CIRCLE('',#3570,0.4);
#3570 = AXIS2_PLACEMENT_3D('',#3571,#3572,#3573);
#3571 = CARTESIAN_POINT('',(-7.5,38.6,5.6));
#3572 = DIRECTION('',(1.,6.123233995737E-17,-0.));
#3573 = DIRECTION('',(-6.123233995737E-17,1.,0.));
#3574 = PCURVE('',#3213,#3575);
#3575 = DEFINITIONAL_REPRESENTATION('',(#3576),#3580);
#3576 = LINE('',#3577,#3578);
#3577 = CARTESIAN_POINT('',(0.,0.));
#3578 = VECTOR('',#3579,1.);
#3579 = DIRECTION('',(1.,0.));
#3580 = ( GEOMETRIC_REPRESENTATION_CONTEXT(2) 
PARAMETRIC_REPRESENTATION_CONTEXT() REPRESENTATION_CONTEXT('2D SPACE',''
  ) );
#3581 = PCURVE('',#3244,#3582);
#3582 = DEFINITIONAL_REPRESENTATION('',(#3583),#3587);
#3583 = LINE('',#3584,#3585);
#3584 = CARTESIAN_POINT('',(-1.570796326795,0.));
#3585 = VECTOR('',#3586,1.);
#3586 = DIRECTION('',(-0.,1.));
#3587 = ( GEOMETRIC_REPRESENTATION_CONTEXT(2) 
PARAMETRIC_REPRESENTATION_CONTEXT() REPRESENTATION_CONTEXT('2D SPACE',''
  ) );
#3588 = ORIENTED_EDGE('',*,*,#3197,.T.);
#3589 = ORIENTED_EDGE('',*,*,#3340,.F.);
#3590 = ORIENTED_EDGE('',*,*,#3521,.F.);
#3591 = ADVANCED_FACE('',(#3592),#3244,.T.);
#3592 = FACE_BOUND('',#3593,.F.);
#3593 = EDGE_LOOP('',(#3594,#3618,#3640,#3641));
#3594 = ORIENTED_EDGE('',*,*,#3595,.F.);
#3595 = EDGE_CURVE('',#3596,#3064,#3598,.T.);
#3596 = VERTEX_POINT('',#3597);
#3597 = CARTESIAN_POINT('',(-9.,37.5,5.6));
#3598 = SURFACE_CURVE('',#3599,(#3604,#3611),.PCURVE_S1.);
#3599 = CIRCLE('',#3600,0.4);
#3600 = AXIS2_PLACEMENT_3D('',#3601,#3602,#3603);
#3601 = CARTESIAN_POINT('',(-8.6,37.5,5.6));
#3602 = DIRECTION('',(0.,1.,0.));
#3603 = DIRECTION('',(-1.,0.,0.));
#3604 = PCURVE('',#3244,#3605);
#3605 = DEFINITIONAL_REPRESENTATION('',(#3606),#3610);
#3606 = LINE('',#3607,#3608);
#3607 = CARTESIAN_POINT('',(-0.,0.));
#3608 = VECTOR('',#3609,1.);
#3609 = DIRECTION('',(-0.,1.));
#3610 = ( GEOMETRIC_REPRESENTATION_CONTEXT(2) 
PARAMETRIC_REPRESENTATION_CONTEXT() REPRESENTATION_CONTEXT('2D SPACE',''
  ) );
#3611 = PCURVE('',#3079,#3612);
#3612 = DEFINITIONAL_REPRESENTATION('',(#3613),#3617);
#3613 = LINE('',#3614,#3615);
#3614 = CARTESIAN_POINT('',(0.,3.));
#3615 = VECTOR('',#3616,1.);
#3616 = DIRECTION('',(1.,0.));
#3617 = ( GEOMETRIC_REPRESENTATION_CONTEXT(2) 
PARAMETRIC_REPRESENTATION_CONTEXT() REPRESENTATION_CONTEXT('2D SPACE',''
  ) );
#3618 = ORIENTED_EDGE('',*,*,#3619,.T.);
#3619 = EDGE_CURVE('',#3596,#3499,#3620,.T.);
#3620 = SURFACE_CURVE('',#3621,(#3626,#3633),.PCURVE_S1.);
#3621 = CIRCLE('',#3622,1.5);
#3622 = AXIS2_PLACEMENT_3D('',#3623,#3624,#3625);
#3623 = CARTESIAN_POINT('',(-7.5,37.5,5.6));
#3624 = DIRECTION('',(-0.,0.,-1.));
#3625 = DIRECTION('',(-1.,0.,0.));
#3626 = PCURVE('',#3244,#3627);
#3627 = DEFINITIONAL_REPRESENTATION('',(#3628),#3632);
#3628 = LINE('',#3629,#3630);
#3629 = CARTESIAN_POINT('',(-0.,0.));
#3630 = VECTOR('',#3631,1.);
#3631 = DIRECTION('',(-1.,0.));
#3632 = ( GEOMETRIC_REPRESENTATION_CONTEXT(2) 
PARAMETRIC_REPRESENTATION_CONTEXT() REPRESENTATION_CONTEXT('2D SPACE',''
  ) );
#3633 = PCURVE('',#2684,#3634);
#3634 = DEFINITIONAL_REPRESENTATION('',(#3635),#3639);
#3635 = LINE('',#3636,#3637);
#3636 = CARTESIAN_POINT('',(-0.,2.6));
#3637 = VECTOR('',#3638,1.);
#3638 = DIRECTION('',(-1.,0.));
#3639 = ( GEOMETRIC_REPRESENTATION_CONTEXT(2) 
PARAMETRIC_REPRESENTATION_CONTEXT() REPRESENTATION_CONTEXT('2D SPACE',''
  ) );
#3640 = ORIENTED_EDGE('',*,*,#3567,.T.);
#3641 = ORIENTED_EDGE('',*,*,#3225,.F.);
#3642 = ADVANCED_FACE('',(#3643),#3079,.T.);
#3643 = FACE_BOUND('',#3644,.T.);
#3644 = EDGE_LOOP('',(#3645,#3667,#3668,#3669));
#3645 = ORIENTED_EDGE('',*,*,#3646,.T.);
#3646 = EDGE_CURVE('',#2700,#3062,#3647,.T.);
#3647 = SURFACE_CURVE('',#3648,(#3653,#3660),.PCURVE_S1.);
#3648 = CIRCLE('',#3649,0.4);
#3649 = AXIS2_PLACEMENT_3D('',#3650,#3651,#3652);
#3650 = CARTESIAN_POINT('',(-8.6,34.5,5.6));
#3651 = DIRECTION('',(0.,1.,0.));
#3652 = DIRECTION('',(-1.,0.,0.));
#3653 = PCURVE('',#3079,#3654);
#3654 = DEFINITIONAL_REPRESENTATION('',(#3655),#3659);
#3655 = LINE('',#3656,#3657);
#3656 = CARTESIAN_POINT('',(0.,0.));
#3657 = VECTOR('',#3658,1.);
#3658 = DIRECTION('',(1.,0.));
#3659 = ( GEOMETRIC_REPRESENTATION_CONTEXT(2) 
PARAMETRIC_REPRESENTATION_CONTEXT() REPRESENTATION_CONTEXT('2D SPACE',''
  ) );
#3660 = PCURVE('',#2790,#3661);
#3661 = DEFINITIONAL_REPRESENTATION('',(#3662),#3666);
#3662 = LINE('',#3663,#3664);
#3663 = CARTESIAN_POINT('',(-1.570796326795,0.));
#3664 = VECTOR('',#3665,1.);
#3665 = DIRECTION('',(-0.,1.));
#3666 = ( GEOMETRIC_REPRESENTATION_CONTEXT(2) 
PARAMETRIC_REPRESENTATION_CONTEXT() REPRESENTATION_CONTEXT('2D SPACE',''
  ) );
#3667 = ORIENTED_EDGE('',*,*,#3061,.T.);
#3668 = ORIENTED_EDGE('',*,*,#3595,.F.);
#3669 = ORIENTED_EDGE('',*,*,#3670,.F.);
#3670 = EDGE_CURVE('',#2700,#3596,#3671,.T.);
#3671 = SURFACE_CURVE('',#3672,(#3676,#3683),.PCURVE_S1.);
#3672 = LINE('',#3673,#3674);
#3673 = CARTESIAN_POINT('',(-9.,34.5,5.6));
#3674 = VECTOR('',#3675,1.);
#3675 = DIRECTION('',(0.,1.,0.));
#3676 = PCURVE('',#3079,#3677);
#3677 = DEFINITIONAL_REPRESENTATION('',(#3678),#3682);
#3678 = LINE('',#3679,#3680);
#3679 = CARTESIAN_POINT('',(0.,0.));
#3680 = VECTOR('',#3681,1.);
#3681 = DIRECTION('',(0.,1.));
#3682 = ( GEOMETRIC_REPRESENTATION_CONTEXT(2) 
PARAMETRIC_REPRESENTATION_CONTEXT() REPRESENTATION_CONTEXT('2D SPACE',''
  ) );
#3683 = PCURVE('',#2625,#3684);
#3684 = DEFINITIONAL_REPRESENTATION('',(#3685),#3689);
#3685 = LINE('',#3686,#3687);
#3686 = CARTESIAN_POINT('',(2.6,-1.5));
#3687 = VECTOR('',#3688,1.);
#3688 = DIRECTION('',(0.,-1.));
#3689 = ( GEOMETRIC_REPRESENTATION_CONTEXT(2) 
PARAMETRIC_REPRESENTATION_CONTEXT() REPRESENTATION_CONTEXT('2D SPACE',''
  ) );
#3690 = ADVANCED_FACE('',(#3691),#2990,.T.);
#3691 = FACE_BOUND('',#3692,.T.);
#3692 = EDGE_LOOP('',(#3693,#3694,#3695,#3696));
#3693 = ORIENTED_EDGE('',*,*,#3393,.T.);
#3694 = ORIENTED_EDGE('',*,*,#3141,.T.);
#3695 = ORIENTED_EDGE('',*,*,#2973,.F.);
#3696 = ORIENTED_EDGE('',*,*,#3697,.F.);
#3697 = EDGE_CURVE('',#3365,#2889,#3698,.T.);
#3698 = SURFACE_CURVE('',#3699,(#3703,#3710),.PCURVE_S1.);
#3699 = LINE('',#3700,#3701);
#3700 = CARTESIAN_POINT('',(-3.,37.5,5.6));
#3701 = VECTOR('',#3702,1.);
#3702 = DIRECTION('',(-0.,-1.,-0.));
#3703 = PCURVE('',#2990,#3704);
#3704 = DEFINITIONAL_REPRESENTATION('',(#3705),#3709);
#3705 = LINE('',#3706,#3707);
#3706 = CARTESIAN_POINT('',(0.,0.));
#3707 = VECTOR('',#3708,1.);
#3708 = DIRECTION('',(0.,1.));
#3709 = ( GEOMETRIC_REPRESENTATION_CONTEXT(2) 
PARAMETRIC_REPRESENTATION_CONTEXT() REPRESENTATION_CONTEXT('2D SPACE',''
  ) );
#3710 = PCURVE('',#2904,#3711);
#3711 = DEFINITIONAL_REPRESENTATION('',(#3712),#3716);
#3712 = LINE('',#3713,#3714);
#3713 = CARTESIAN_POINT('',(2.6,-4.5));
#3714 = VECTOR('',#3715,1.);
#3715 = DIRECTION('',(0.,1.));
#3716 = ( GEOMETRIC_REPRESENTATION_CONTEXT(2) 
PARAMETRIC_REPRESENTATION_CONTEXT() REPRESENTATION_CONTEXT('2D SPACE',''
  ) );
#3717 = ADVANCED_FACE('',(#3718),#2904,.T.);
#3718 = FACE_BOUND('',#3719,.T.);
#3719 = EDGE_LOOP('',(#3720,#3721,#3742,#3743));
#3720 = ORIENTED_EDGE('',*,*,#2886,.F.);
#3721 = ORIENTED_EDGE('',*,*,#3722,.T.);
#3722 = EDGE_CURVE('',#2887,#3420,#3723,.T.);
#3723 = SURFACE_CURVE('',#3724,(#3728,#3735),.PCURVE_S1.);
#3724 = LINE('',#3725,#3726);
#3725 = CARTESIAN_POINT('',(-3.,33.,3.));
#3726 = VECTOR('',#3727,1.);
#3727 = DIRECTION('',(0.,1.,0.));
#3728 = PCURVE('',#2904,#3729);
#3729 = DEFINITIONAL_REPRESENTATION('',(#3730),#3734);
#3730 = LINE('',#3731,#3732);
#3731 = CARTESIAN_POINT('',(0.,0.));
#3732 = VECTOR('',#3733,1.);
#3733 = DIRECTION('',(0.,-1.));
#3734 = ( GEOMETRIC_REPRESENTATION_CONTEXT(2) 
PARAMETRIC_REPRESENTATION_CONTEXT() REPRESENTATION_CONTEXT('2D SPACE',''
  ) );
#3735 = PCURVE('',#2324,#3736);
#3736 = DEFINITIONAL_REPRESENTATION('',(#3737),#3741);
#3737 = LINE('',#3738,#3739);
#3738 = CARTESIAN_POINT('',(6.,33.));
#3739 = VECTOR('',#3740,1.);
#3740 = DIRECTION('',(0.,1.));
#3741 = ( GEOMETRIC_REPRESENTATION_CONTEXT(2) 
PARAMETRIC_REPRESENTATION_CONTEXT() REPRESENTATION_CONTEXT('2D SPACE',''
  ) );
#3742 = ORIENTED_EDGE('',*,*,#3419,.T.);
#3743 = ORIENTED_EDGE('',*,*,#3697,.T.);
#3744 = ADVANCED_FACE('',(#3745),#2822,.T.);
#3745 = FACE_BOUND('',#3746,.T.);
#3746 = EDGE_LOOP('',(#3747,#3748,#3749,#3771));
#3747 = ORIENTED_EDGE('',*,*,#3003,.T.);
#3748 = ORIENTED_EDGE('',*,*,#3119,.T.);
#3749 = ORIENTED_EDGE('',*,*,#3750,.F.);
#3750 = EDGE_CURVE('',#2748,#3092,#3751,.T.);
#3751 = SURFACE_CURVE('',#3752,(#3757,#3764),.PCURVE_S1.);
#3752 = CIRCLE('',#3753,0.4);
#3753 = AXIS2_PLACEMENT_3D('',#3754,#3755,#3756);
#3754 = CARTESIAN_POINT('',(-7.5,33.4,5.6));
#3755 = DIRECTION('',(-1.,-0.,0.));
#3756 = DIRECTION('',(0.,-1.,0.));
#3757 = PCURVE('',#2822,#3758);
#3758 = DEFINITIONAL_REPRESENTATION('',(#3759),#3763);
#3759 = LINE('',#3760,#3761);
#3760 = CARTESIAN_POINT('',(0.,3.));
#3761 = VECTOR('',#3762,1.);
#3762 = DIRECTION('',(1.,0.));
#3763 = ( GEOMETRIC_REPRESENTATION_CONTEXT(2) 
PARAMETRIC_REPRESENTATION_CONTEXT() REPRESENTATION_CONTEXT('2D SPACE',''
  ) );
#3764 = PCURVE('',#2790,#3765);
#3765 = DEFINITIONAL_REPRESENTATION('',(#3766),#3770);
#3766 = LINE('',#3767,#3768);
#3767 = CARTESIAN_POINT('',(2.22044604925E-16,-0.));
#3768 = VECTOR('',#3769,1.);
#3769 = DIRECTION('',(-0.,1.));
#3770 = ( GEOMETRIC_REPRESENTATION_CONTEXT(2) 
PARAMETRIC_REPRESENTATION_CONTEXT() REPRESENTATION_CONTEXT('2D SPACE',''
  ) );
#3771 = ORIENTED_EDGE('',*,*,#2806,.F.);
#3772 = ADVANCED_FACE('',(#3773),#2790,.T.);
#3773 = FACE_BOUND('',#3774,.F.);
#3774 = EDGE_LOOP('',(#3775,#3776,#3777,#3778));
#3775 = ORIENTED_EDGE('',*,*,#3750,.F.);
#3776 = ORIENTED_EDGE('',*,*,#2775,.T.);
#3777 = ORIENTED_EDGE('',*,*,#3646,.T.);
#3778 = ORIENTED_EDGE('',*,*,#3091,.F.);
#3779 = ADVANCED_FACE('',(#3780),#2684,.T.);
#3780 = FACE_BOUND('',#3781,.F.);
#3781 = EDGE_LOOP('',(#3782,#3803,#3804,#3830,#3831));
#3782 = ORIENTED_EDGE('',*,*,#3783,.F.);
#3783 = EDGE_CURVE('',#2610,#3596,#3784,.T.);
#3784 = SURFACE_CURVE('',#3785,(#3789,#3796),.PCURVE_S1.);
#3785 = LINE('',#3786,#3787);
#3786 = CARTESIAN_POINT('',(-9.,37.5,3.));
#3787 = VECTOR('',#3788,1.);
#3788 = DIRECTION('',(0.,0.,1.));
#3789 = PCURVE('',#2684,#3790);
#3790 = DEFINITIONAL_REPRESENTATION('',(#3791),#3795);
#3791 = LINE('',#3792,#3793);
#3792 = CARTESIAN_POINT('',(-0.,0.));
#3793 = VECTOR('',#3794,1.);
#3794 = DIRECTION('',(-0.,1.));
#3795 = ( GEOMETRIC_REPRESENTATION_CONTEXT(2) 
PARAMETRIC_REPRESENTATION_CONTEXT() REPRESENTATION_CONTEXT('2D SPACE',''
  ) );
#3796 = PCURVE('',#2625,#3797);
#3797 = DEFINITIONAL_REPRESENTATION('',(#3798),#3802);
#3798 = LINE('',#3799,#3800);
#3799 = CARTESIAN_POINT('',(0.,-4.5));
#3800 = VECTOR('',#3801,1.);
#3801 = DIRECTION('',(1.,0.));
#3802 = ( GEOMETRIC_REPRESENTATION_CONTEXT(2) 
PARAMETRIC_REPRESENTATION_CONTEXT() REPRESENTATION_CONTEXT('2D SPACE',''
  ) );
#3803 = ORIENTED_EDGE('',*,*,#2665,.T.);
#3804 = ORIENTED_EDGE('',*,*,#3805,.T.);
#3805 = EDGE_CURVE('',#2337,#3497,#3806,.T.);
#3806 = SURFACE_CURVE('',#3807,(#3812,#3819),.PCURVE_S1.);
#3807 = CIRCLE('',#3808,1.5);
#3808 = AXIS2_PLACEMENT_3D('',#3809,#3810,#3811);
#3809 = CARTESIAN_POINT('',(-7.5,37.5,3.));
#3810 = DIRECTION('',(-0.,-0.,-1.));
#3811 = DIRECTION('',(0.,-1.,0.));
#3812 = PCURVE('',#2684,#3813);
#3813 = DEFINITIONAL_REPRESENTATION('',(#3814),#3818);
#3814 = LINE('',#3815,#3816);
#3815 = CARTESIAN_POINT('',(1.570796326795,-0.));
#3816 = VECTOR('',#3817,1.);
#3817 = DIRECTION('',(-1.,0.));
#3818 = ( GEOMETRIC_REPRESENTATION_CONTEXT(2) 
PARAMETRIC_REPRESENTATION_CONTEXT() REPRESENTATION_CONTEXT('2D SPACE',''
  ) );
#3819 = PCURVE('',#2324,#3820);
#3820 = DEFINITIONAL_REPRESENTATION('',(#3821),#3829);
#3821 = ( BOUNDED_CURVE() B_SPLINE_CURVE(2,(#3822,#3823,#3824,#3825,
#3826,#3827,#3828),.UNSPECIFIED.,.T.,.F.) B_SPLINE_CURVE_WITH_KNOTS((1,2
    ,2,2,2,1),(-2.094395102393,0.,2.094395102393,4.188790204786,
6.28318530718,8.377580409573),.UNSPECIFIED.) CURVE() 
GEOMETRIC_REPRESENTATION_ITEM() RATIONAL_B_SPLINE_CURVE((1.,0.5,1.,0.5,
1.,0.5,1.)) REPRESENTATION_ITEM('') );
#3822 = CARTESIAN_POINT('',(1.5,36.));
#3823 = CARTESIAN_POINT('',(-1.098076211353,36.));
#3824 = CARTESIAN_POINT('',(0.200961894323,38.25));
#3825 = CARTESIAN_POINT('',(1.5,40.5));
#3826 = CARTESIAN_POINT('',(2.799038105677,38.25));
#3827 = CARTESIAN_POINT('',(4.098076211353,36.));
#3828 = CARTESIAN_POINT('',(1.5,36.));
#3829 = ( GEOMETRIC_REPRESENTATION_CONTEXT(2) 
PARAMETRIC_REPRESENTATION_CONTEXT() REPRESENTATION_CONTEXT('2D SPACE',''
  ) );
#3830 = ORIENTED_EDGE('',*,*,#3496,.T.);
#3831 = ORIENTED_EDGE('',*,*,#3619,.F.);
#3832 = ADVANCED_FACE('',(#3833),#2625,.F.);
#3833 = FACE_BOUND('',#3834,.F.);
#3834 = EDGE_LOOP('',(#3835,#3836,#3837,#3838));
#3835 = ORIENTED_EDGE('',*,*,#2699,.F.);
#3836 = ORIENTED_EDGE('',*,*,#2607,.T.);
#3837 = ORIENTED_EDGE('',*,*,#3783,.T.);
#3838 = ORIENTED_EDGE('',*,*,#3670,.F.);
#3839 = ADVANCED_FACE('',(#3840,#4502),#2324,.T.);
#3840 = FACE_BOUND('',#3841,.T.);
#3841 = EDGE_LOOP('',(#3842,#3869,#3870,#3871,#3872,#3873,#3874,#3875,
    #3876,#3877,#3878,#3906,#3929,#3957,#3980,#4013,#4041,#4070,#4098,
    #4131,#4159,#4188,#4211,#4242,#4270,#4302,#4330,#4359,#4387,#4416,
    #4444,#4476));
#3842 = ORIENTED_EDGE('',*,*,#3843,.F.);
#3843 = EDGE_CURVE('',#2365,#3844,#3846,.T.);
#3844 = VERTEX_POINT('',#3845);
#3845 = CARTESIAN_POINT('',(-8.2,66.,3.));
#3846 = SURFACE_CURVE('',#3847,(#3852,#3859),.PCURVE_S1.);
#3847 = ELLIPSE('',#3848,0.846573322597,0.8);
#3848 = AXIS2_PLACEMENT_3D('',#3849,#3850,#3851);
#3849 = CARTESIAN_POINT('',(-8.2,66.846573322597,3.));
#3850 = DIRECTION('',(0.,0.,1.));
#3851 = DIRECTION('',(0.,1.,-0.));
#3852 = PCURVE('',#2324,#3853);
#3853 = DEFINITIONAL_REPRESENTATION('',(#3854),#3858);
#3854 = ELLIPSE('',#3855,0.846573322597,0.8);
#3855 = AXIS2_PLACEMENT_2D('',#3856,#3857);
#3856 = CARTESIAN_POINT('',(0.8,66.846573322597));
#3857 = DIRECTION('',(0.,1.));
#3858 = ( GEOMETRIC_REPRESENTATION_CONTEXT(2) 
PARAMETRIC_REPRESENTATION_CONTEXT() REPRESENTATION_CONTEXT('2D SPACE',''
  ) );
#3859 = PCURVE('',#2216,#3860);
#3860 = DEFINITIONAL_REPRESENTATION('',(#3861),#3868);
#3861 = B_SPLINE_CURVE_WITH_KNOTS('',5,(#3862,#3863,#3864,#3865,#3866,
    #3867),.UNSPECIFIED.,.F.,.F.,(6,6),(1.570796326795,3.14159265359),
  .PIECEWISE_BEZIER_KNOTS.);
#3862 = CARTESIAN_POINT('',(0.,0.276923076923));
#3863 = CARTESIAN_POINT('',(0.314159265359,0.189925126516));
#3864 = CARTESIAN_POINT('',(0.628317202375,0.102849031437));
#3865 = CARTESIAN_POINT('',(0.942481207741,3.406894377901E-02));
#3866 = CARTESIAN_POINT('',(1.256637061436,-6.918886759818E-15));
#3867 = CARTESIAN_POINT('',(1.570796326795,-7.105427357601E-15));
#3868 = ( GEOMETRIC_REPRESENTATION_CONTEXT(2) 
PARAMETRIC_REPRESENTATION_CONTEXT() REPRESENTATION_CONTEXT('2D SPACE',''
  ) );
#3869 = ORIENTED_EDGE('',*,*,#2364,.F.);
#3870 = ORIENTED_EDGE('',*,*,#3805,.T.);
#3871 = ORIENTED_EDGE('',*,*,#3543,.T.);
#3872 = ORIENTED_EDGE('',*,*,#3442,.F.);
#3873 = ORIENTED_EDGE('',*,*,#3722,.F.);
#3874 = ORIENTED_EDGE('',*,*,#2916,.T.);
#3875 = ORIENTED_EDGE('',*,*,#2862,.F.);
#3876 = ORIENTED_EDGE('',*,*,#2723,.F.);
#3877 = ORIENTED_EDGE('',*,*,#2308,.F.);
#3878 = ORIENTED_EDGE('',*,*,#3879,.F.);
#3879 = EDGE_CURVE('',#3880,#2280,#3882,.T.);
#3880 = VERTEX_POINT('',#3881);
#3881 = CARTESIAN_POINT('',(-5.,0.5,3.));
#3882 = SURFACE_CURVE('',#3883,(#3888,#3899),.PCURVE_S1.);
#3883 = CIRCLE('',#3884,3.5);
#3884 = AXIS2_PLACEMENT_3D('',#3885,#3886,#3887);
#3885 = CARTESIAN_POINT('',(-5.,4.,3.));
#3886 = DIRECTION('',(-0.,0.,-1.));
#3887 = DIRECTION('',(-2.22044604925E-16,-1.,0.));
#3888 = PCURVE('',#2324,#3889);
#3889 = DEFINITIONAL_REPRESENTATION('',(#3890),#3898);
#3890 = ( BOUNDED_CURVE() B_SPLINE_CURVE(2,(#3891,#3892,#3893,#3894,
#3895,#3896,#3897),.UNSPECIFIED.,.T.,.F.) B_SPLINE_CURVE_WITH_KNOTS((1,2
    ,2,2,2,1),(-2.094395102393,0.,2.094395102393,4.188790204786,
6.28318530718,8.377580409573),.UNSPECIFIED.) CURVE() 
GEOMETRIC_REPRESENTATION_ITEM() RATIONAL_B_SPLINE_CURVE((1.,0.5,1.,0.5,
1.,0.5,1.)) REPRESENTATION_ITEM('') );
#3891 = CARTESIAN_POINT('',(4.,0.5));
#3892 = CARTESIAN_POINT('',(-2.062177826491,0.5));
#3893 = CARTESIAN_POINT('',(0.968911086754,5.75));
#3894 = CARTESIAN_POINT('',(4.,11.));
#3895 = CARTESIAN_POINT('',(7.031088913246,5.75));
#3896 = CARTESIAN_POINT('',(10.062177826491,0.5));
#3897 = CARTESIAN_POINT('',(4.,0.5));
#3898 = ( GEOMETRIC_REPRESENTATION_CONTEXT(2) 
PARAMETRIC_REPRESENTATION_CONTEXT() REPRESENTATION_CONTEXT('2D SPACE',''
  ) );
#3899 = PCURVE('',#2296,#3900);
#3900 = DEFINITIONAL_REPRESENTATION('',(#3901),#3905);
#3901 = LINE('',#3902,#3903);
#3902 = CARTESIAN_POINT('',(-0.,1.570796326795));
#3903 = VECTOR('',#3904,1.);
#3904 = DIRECTION('',(-1.,0.));
#3905 = ( GEOMETRIC_REPRESENTATION_CONTEXT(2) 
PARAMETRIC_REPRESENTATION_CONTEXT() REPRESENTATION_CONTEXT('2D SPACE',''
  ) );
#3906 = ORIENTED_EDGE('',*,*,#3907,.F.);
#3907 = EDGE_CURVE('',#3908,#3880,#3910,.T.);
#3908 = VERTEX_POINT('',#3909);
#3909 = CARTESIAN_POINT('',(5.,0.5,3.));
#3910 = SURFACE_CURVE('',#3911,(#3915,#3922),.PCURVE_S1.);
#3911 = LINE('',#3912,#3913);
#3912 = CARTESIAN_POINT('',(5.,0.5,3.));
#3913 = VECTOR('',#3914,1.);
#3914 = DIRECTION('',(-1.,-0.,-0.));
#3915 = PCURVE('',#2324,#3916);
#3916 = DEFINITIONAL_REPRESENTATION('',(#3917),#3921);
#3917 = LINE('',#3918,#3919);
#3918 = CARTESIAN_POINT('',(14.,0.5));
#3919 = VECTOR('',#3920,1.);
#3920 = DIRECTION('',(-1.,0.));
#3921 = ( GEOMETRIC_REPRESENTATION_CONTEXT(2) 
PARAMETRIC_REPRESENTATION_CONTEXT() REPRESENTATION_CONTEXT('2D SPACE',''
  ) );
#3922 = PCURVE('',#861,#3923);
#3923 = DEFINITIONAL_REPRESENTATION('',(#3924),#3928);
#3924 = LINE('',#3925,#3926);
#3925 = CARTESIAN_POINT('',(1.570796326795,0.));
#3926 = VECTOR('',#3927,1.);
#3927 = DIRECTION('',(0.,1.));
#3928 = ( GEOMETRIC_REPRESENTATION_CONTEXT(2) 
PARAMETRIC_REPRESENTATION_CONTEXT() REPRESENTATION_CONTEXT('2D SPACE',''
  ) );
#3929 = ORIENTED_EDGE('',*,*,#3930,.F.);
#3930 = EDGE_CURVE('',#3931,#3908,#3933,.T.);
#3931 = VERTEX_POINT('',#3932);
#3932 = CARTESIAN_POINT('',(8.5,4.,3.));
#3933 = SURFACE_CURVE('',#3934,(#3939,#3950),.PCURVE_S1.);
#3934 = CIRCLE('',#3935,3.5);
#3935 = AXIS2_PLACEMENT_3D('',#3936,#3937,#3938);
#3936 = CARTESIAN_POINT('',(5.,4.,3.));
#3937 = DIRECTION('',(0.,-0.,-1.));
#3938 = DIRECTION('',(1.,0.,-0.));
#3939 = PCURVE('',#2324,#3940);
#3940 = DEFINITIONAL_REPRESENTATION('',(#3941),#3949);
#3941 = ( BOUNDED_CURVE() B_SPLINE_CURVE(2,(#3942,#3943,#3944,#3945,
#3946,#3947,#3948),.UNSPECIFIED.,.T.,.F.) B_SPLINE_CURVE_WITH_KNOTS((1,2
    ,2,2,2,1),(-2.094395102393,0.,2.094395102393,4.188790204786,
6.28318530718,8.377580409573),.UNSPECIFIED.) CURVE() 
GEOMETRIC_REPRESENTATION_ITEM() RATIONAL_B_SPLINE_CURVE((1.,0.5,1.,0.5,
1.,0.5,1.)) REPRESENTATION_ITEM('') );
#3942 = CARTESIAN_POINT('',(17.5,4.));
#3943 = CARTESIAN_POINT('',(17.5,-2.062177826491));
#3944 = CARTESIAN_POINT('',(12.25,0.968911086754));
#3945 = CARTESIAN_POINT('',(7.,4.));
#3946 = CARTESIAN_POINT('',(12.25,7.031088913246));
#3947 = CARTESIAN_POINT('',(17.5,10.062177826491));
#3948 = CARTESIAN_POINT('',(17.5,4.));
#3949 = ( GEOMETRIC_REPRESENTATION_CONTEXT(2) 
PARAMETRIC_REPRESENTATION_CONTEXT() REPRESENTATION_CONTEXT('2D SPACE',''
  ) );
#3950 = PCURVE('',#802,#3951);
#3951 = DEFINITIONAL_REPRESENTATION('',(#3952),#3956);
#3952 = LINE('',#3953,#3954);
#3953 = CARTESIAN_POINT('',(-0.,1.570796326795));
#3954 = VECTOR('',#3955,1.);
#3955 = DIRECTION('',(-1.,0.));
#3956 = ( GEOMETRIC_REPRESENTATION_CONTEXT(2) 
PARAMETRIC_REPRESENTATION_CONTEXT() REPRESENTATION_CONTEXT('2D SPACE',''
  ) );
#3957 = ORIENTED_EDGE('',*,*,#3958,.F.);
#3958 = EDGE_CURVE('',#3959,#3931,#3961,.T.);
#3959 = VERTEX_POINT('',#3960);
#3960 = CARTESIAN_POINT('',(8.5,33.38196601125,3.));
#3961 = SURFACE_CURVE('',#3962,(#3966,#3973),.PCURVE_S1.);
#3962 = LINE('',#3963,#3964);
#3963 = CARTESIAN_POINT('',(8.5,66.846573322597,3.));
#3964 = VECTOR('',#3965,1.);
#3965 = DIRECTION('',(0.,-1.,0.));
#3966 = PCURVE('',#2324,#3967);
#3967 = DEFINITIONAL_REPRESENTATION('',(#3968),#3972);
#3968 = LINE('',#3969,#3970);
#3969 = CARTESIAN_POINT('',(17.5,66.846573322597));
#3970 = VECTOR('',#3971,1.);
#3971 = DIRECTION('',(0.,-1.));
#3972 = ( GEOMETRIC_REPRESENTATION_CONTEXT(2) 
PARAMETRIC_REPRESENTATION_CONTEXT() REPRESENTATION_CONTEXT('2D SPACE',''
  ) );
#3973 = PCURVE('',#44,#3974);
#3974 = DEFINITIONAL_REPRESENTATION('',(#3975),#3979);
#3975 = LINE('',#3976,#3977);
#3976 = CARTESIAN_POINT('',(1.570796326795,0.));
#3977 = VECTOR('',#3978,1.);
#3978 = DIRECTION('',(0.,1.));
#3979 = ( GEOMETRIC_REPRESENTATION_CONTEXT(2) 
PARAMETRIC_REPRESENTATION_CONTEXT() REPRESENTATION_CONTEXT('2D SPACE',''
  ) );
#3980 = ORIENTED_EDGE('',*,*,#3981,.T.);
#3981 = EDGE_CURVE('',#3959,#3982,#3984,.T.);
#3982 = VERTEX_POINT('',#3983);
#3983 = CARTESIAN_POINT('',(7.5,33.,3.));
#3984 = SURFACE_CURVE('',#3985,(#3990,#4001),.PCURVE_S1.);
#3985 = CIRCLE('',#3986,1.5);
#3986 = AXIS2_PLACEMENT_3D('',#3987,#3988,#3989);
#3987 = CARTESIAN_POINT('',(7.5,34.5,3.));
#3988 = DIRECTION('',(-0.,-0.,-1.));
#3989 = DIRECTION('',(0.,-1.,0.));
#3990 = PCURVE('',#2324,#3991);
#3991 = DEFINITIONAL_REPRESENTATION('',(#3992),#4000);
#3992 = ( BOUNDED_CURVE() B_SPLINE_CURVE(2,(#3993,#3994,#3995,#3996,
#3997,#3998,#3999),.UNSPECIFIED.,.T.,.F.) B_SPLINE_CURVE_WITH_KNOTS((1,2
    ,2,2,2,1),(-2.094395102393,0.,2.094395102393,4.188790204786,
6.28318530718,8.377580409573),.UNSPECIFIED.) CURVE() 
GEOMETRIC_REPRESENTATION_ITEM() RATIONAL_B_SPLINE_CURVE((1.,0.5,1.,0.5,
1.,0.5,1.)) REPRESENTATION_ITEM('') );
#3993 = CARTESIAN_POINT('',(16.5,33.));
#3994 = CARTESIAN_POINT('',(13.901923788647,33.));
#3995 = CARTESIAN_POINT('',(15.200961894323,35.25));
#3996 = CARTESIAN_POINT('',(16.5,37.5));
#3997 = CARTESIAN_POINT('',(17.799038105677,35.25));
#3998 = CARTESIAN_POINT('',(19.098076211353,33.));
#3999 = CARTESIAN_POINT('',(16.5,33.));
#4000 = ( GEOMETRIC_REPRESENTATION_CONTEXT(2) 
PARAMETRIC_REPRESENTATION_CONTEXT() REPRESENTATION_CONTEXT('2D SPACE',''
  ) );
#4001 = PCURVE('',#4002,#4007);
#4002 = CYLINDRICAL_SURFACE('',#4003,1.5);
#4003 = AXIS2_PLACEMENT_3D('',#4004,#4005,#4006);
#4004 = CARTESIAN_POINT('',(7.5,34.5,3.));
#4005 = DIRECTION('',(0.,0.,1.));
#4006 = DIRECTION('',(1.,0.,-0.));
#4007 = DEFINITIONAL_REPRESENTATION('',(#4008),#4012);
#4008 = LINE('',#4009,#4010);
#4009 = CARTESIAN_POINT('',(4.712388980385,-0.));
#4010 = VECTOR('',#4011,1.);
#4011 = DIRECTION('',(-1.,0.));
#4012 = ( GEOMETRIC_REPRESENTATION_CONTEXT(2) 
PARAMETRIC_REPRESENTATION_CONTEXT() REPRESENTATION_CONTEXT('2D SPACE',''
  ) );
#4013 = ORIENTED_EDGE('',*,*,#4014,.F.);
#4014 = EDGE_CURVE('',#4015,#3982,#4017,.T.);
#4015 = VERTEX_POINT('',#4016);
#4016 = CARTESIAN_POINT('',(4.5,33.,3.));
#4017 = SURFACE_CURVE('',#4018,(#4022,#4029),.PCURVE_S1.);
#4018 = LINE('',#4019,#4020);
#4019 = CARTESIAN_POINT('',(3.,33.,3.));
#4020 = VECTOR('',#4021,1.);
#4021 = DIRECTION('',(1.,0.,0.));
#4022 = PCURVE('',#2324,#4023);
#4023 = DEFINITIONAL_REPRESENTATION('',(#4024),#4028);
#4024 = LINE('',#4025,#4026);
#4025 = CARTESIAN_POINT('',(12.,33.));
#4026 = VECTOR('',#4027,1.);
#4027 = DIRECTION('',(1.,0.));
#4028 = ( GEOMETRIC_REPRESENTATION_CONTEXT(2) 
PARAMETRIC_REPRESENTATION_CONTEXT() REPRESENTATION_CONTEXT('2D SPACE',''
  ) );
#4029 = PCURVE('',#4030,#4035);
#4030 = PLANE('',#4031);
#4031 = AXIS2_PLACEMENT_3D('',#4032,#4033,#4034);
#4032 = CARTESIAN_POINT('',(3.,33.,3.));
#4033 = DIRECTION('',(0.,1.,0.));
#4034 = DIRECTION('',(0.,0.,1.));
#4035 = DEFINITIONAL_REPRESENTATION('',(#4036),#4040);
#4036 = LINE('',#4037,#4038);
#4037 = CARTESIAN_POINT('',(0.,0.));
#4038 = VECTOR('',#4039,1.);
#4039 = DIRECTION('',(0.,1.));
#4040 = ( GEOMETRIC_REPRESENTATION_CONTEXT(2) 
PARAMETRIC_REPRESENTATION_CONTEXT() REPRESENTATION_CONTEXT('2D SPACE',''
  ) );
#4041 = ORIENTED_EDGE('',*,*,#4042,.F.);
#4042 = EDGE_CURVE('',#4043,#4015,#4045,.T.);
#4043 = VERTEX_POINT('',#4044);
#4044 = CARTESIAN_POINT('',(3.,34.5,3.));
#4045 = SURFACE_CURVE('',#4046,(#4051,#4058),.PCURVE_S1.);
#4046 = CIRCLE('',#4047,1.5);
#4047 = AXIS2_PLACEMENT_3D('',#4048,#4049,#4050);
#4048 = CARTESIAN_POINT('',(4.5,34.5,3.));
#4049 = DIRECTION('',(0.,0.,1.));
#4050 = DIRECTION('',(0.,-1.,0.));
#4051 = PCURVE('',#2324,#4052);
#4052 = DEFINITIONAL_REPRESENTATION('',(#4053),#4057);
#4053 = CIRCLE('',#4054,1.5);
#4054 = AXIS2_PLACEMENT_2D('',#4055,#4056);
#4055 = CARTESIAN_POINT('',(13.5,34.5));
#4056 = DIRECTION('',(0.,-1.));
#4057 = ( GEOMETRIC_REPRESENTATION_CONTEXT(2) 
PARAMETRIC_REPRESENTATION_CONTEXT() REPRESENTATION_CONTEXT('2D SPACE',''
  ) );
#4058 = PCURVE('',#4059,#4064);
#4059 = CYLINDRICAL_SURFACE('',#4060,1.5);
#4060 = AXIS2_PLACEMENT_3D('',#4061,#4062,#4063);
#4061 = CARTESIAN_POINT('',(4.5,34.5,3.));
#4062 = DIRECTION('',(0.,0.,1.));
#4063 = DIRECTION('',(-1.,-0.,0.));
#4064 = DEFINITIONAL_REPRESENTATION('',(#4065),#4069);
#4065 = LINE('',#4066,#4067);
#4066 = CARTESIAN_POINT('',(-4.712388980385,0.));
#4067 = VECTOR('',#4068,1.);
#4068 = DIRECTION('',(1.,0.));
#4069 = ( GEOMETRIC_REPRESENTATION_CONTEXT(2) 
PARAMETRIC_REPRESENTATION_CONTEXT() REPRESENTATION_CONTEXT('2D SPACE',''
  ) );
#4070 = ORIENTED_EDGE('',*,*,#4071,.T.);
#4071 = EDGE_CURVE('',#4043,#4072,#4074,.T.);
#4072 = VERTEX_POINT('',#4073);
#4073 = CARTESIAN_POINT('',(3.,37.5,3.));
#4074 = SURFACE_CURVE('',#4075,(#4079,#4086),.PCURVE_S1.);
#4075 = LINE('',#4076,#4077);
#4076 = CARTESIAN_POINT('',(3.,33.,3.));
#4077 = VECTOR('',#4078,1.);
#4078 = DIRECTION('',(0.,1.,0.));
#4079 = PCURVE('',#2324,#4080);
#4080 = DEFINITIONAL_REPRESENTATION('',(#4081),#4085);
#4081 = LINE('',#4082,#4083);
#4082 = CARTESIAN_POINT('',(12.,33.));
#4083 = VECTOR('',#4084,1.);
#4084 = DIRECTION('',(0.,1.));
#4085 = ( GEOMETRIC_REPRESENTATION_CONTEXT(2) 
PARAMETRIC_REPRESENTATION_CONTEXT() REPRESENTATION_CONTEXT('2D SPACE',''
  ) );
#4086 = PCURVE('',#4087,#4092);
#4087 = PLANE('',#4088);
#4088 = AXIS2_PLACEMENT_3D('',#4089,#4090,#4091);
#4089 = CARTESIAN_POINT('',(3.,33.,3.));
#4090 = DIRECTION('',(1.,0.,0.));
#4091 = DIRECTION('',(0.,0.,1.));
#4092 = DEFINITIONAL_REPRESENTATION('',(#4093),#4097);
#4093 = LINE('',#4094,#4095);
#4094 = CARTESIAN_POINT('',(0.,0.));
#4095 = VECTOR('',#4096,1.);
#4096 = DIRECTION('',(0.,-1.));
#4097 = ( GEOMETRIC_REPRESENTATION_CONTEXT(2) 
PARAMETRIC_REPRESENTATION_CONTEXT() REPRESENTATION_CONTEXT('2D SPACE',''
  ) );
#4098 = ORIENTED_EDGE('',*,*,#4099,.T.);
#4099 = EDGE_CURVE('',#4072,#4100,#4102,.T.);
#4100 = VERTEX_POINT('',#4101);
#4101 = CARTESIAN_POINT('',(4.5,39.,3.));
#4102 = SURFACE_CURVE('',#4103,(#4108,#4119),.PCURVE_S1.);
#4103 = CIRCLE('',#4104,1.5);
#4104 = AXIS2_PLACEMENT_3D('',#4105,#4106,#4107);
#4105 = CARTESIAN_POINT('',(4.5,37.5,3.));
#4106 = DIRECTION('',(-0.,-0.,-1.));
#4107 = DIRECTION('',(0.,-1.,0.));
#4108 = PCURVE('',#2324,#4109);
#4109 = DEFINITIONAL_REPRESENTATION('',(#4110),#4118);
#4110 = ( BOUNDED_CURVE() B_SPLINE_CURVE(2,(#4111,#4112,#4113,#4114,
#4115,#4116,#4117),.UNSPECIFIED.,.T.,.F.) B_SPLINE_CURVE_WITH_KNOTS((1,2
    ,2,2,2,1),(-2.094395102393,0.,2.094395102393,4.188790204786,
6.28318530718,8.377580409573),.UNSPECIFIED.) CURVE() 
GEOMETRIC_REPRESENTATION_ITEM() RATIONAL_B_SPLINE_CURVE((1.,0.5,1.,0.5,
1.,0.5,1.)) REPRESENTATION_ITEM('') );
#4111 = CARTESIAN_POINT('',(13.5,36.));
#4112 = CARTESIAN_POINT('',(10.901923788647,36.));
#4113 = CARTESIAN_POINT('',(12.200961894323,38.25));
#4114 = CARTESIAN_POINT('',(13.5,40.5));
#4115 = CARTESIAN_POINT('',(14.799038105677,38.25));
#4116 = CARTESIAN_POINT('',(16.098076211353,36.));
#4117 = CARTESIAN_POINT('',(13.5,36.));
#4118 = ( GEOMETRIC_REPRESENTATION_CONTEXT(2) 
PARAMETRIC_REPRESENTATION_CONTEXT() REPRESENTATION_CONTEXT('2D SPACE',''
  ) );
#4119 = PCURVE('',#4120,#4125);
#4120 = CYLINDRICAL_SURFACE('',#4121,1.5);
#4121 = AXIS2_PLACEMENT_3D('',#4122,#4123,#4124);
#4122 = CARTESIAN_POINT('',(4.5,37.5,3.));
#4123 = DIRECTION('',(0.,0.,1.));
#4124 = DIRECTION('',(-1.,-0.,0.));
#4125 = DEFINITIONAL_REPRESENTATION('',(#4126),#4130);
#4126 = LINE('',#4127,#4128);
#4127 = CARTESIAN_POINT('',(1.570796326795,-0.));
#4128 = VECTOR('',#4129,1.);
#4129 = DIRECTION('',(-1.,0.));
#4130 = ( GEOMETRIC_REPRESENTATION_CONTEXT(2) 
PARAMETRIC_REPRESENTATION_CONTEXT() REPRESENTATION_CONTEXT('2D SPACE',''
  ) );
#4131 = ORIENTED_EDGE('',*,*,#4132,.T.);
#4132 = EDGE_CURVE('',#4100,#4133,#4135,.T.);
#4133 = VERTEX_POINT('',#4134);
#4134 = CARTESIAN_POINT('',(7.5,39.,3.));
#4135 = SURFACE_CURVE('',#4136,(#4140,#4147),.PCURVE_S1.);
#4136 = LINE('',#4137,#4138);
#4137 = CARTESIAN_POINT('',(3.,39.,3.));
#4138 = VECTOR('',#4139,1.);
#4139 = DIRECTION('',(1.,0.,0.));
#4140 = PCURVE('',#2324,#4141);
#4141 = DEFINITIONAL_REPRESENTATION('',(#4142),#4146);
#4142 = LINE('',#4143,#4144);
#4143 = CARTESIAN_POINT('',(12.,39.));
#4144 = VECTOR('',#4145,1.);
#4145 = DIRECTION('',(1.,0.));
#4146 = ( GEOMETRIC_REPRESENTATION_CONTEXT(2) 
PARAMETRIC_REPRESENTATION_CONTEXT() REPRESENTATION_CONTEXT('2D SPACE',''
  ) );
#4147 = PCURVE('',#4148,#4153);
#4148 = PLANE('',#4149);
#4149 = AXIS2_PLACEMENT_3D('',#4150,#4151,#4152);
#4150 = CARTESIAN_POINT('',(3.,39.,3.));
#4151 = DIRECTION('',(0.,1.,0.));
#4152 = DIRECTION('',(0.,0.,1.));
#4153 = DEFINITIONAL_REPRESENTATION('',(#4154),#4158);
#4154 = LINE('',#4155,#4156);
#4155 = CARTESIAN_POINT('',(0.,0.));
#4156 = VECTOR('',#4157,1.);
#4157 = DIRECTION('',(0.,1.));
#4158 = ( GEOMETRIC_REPRESENTATION_CONTEXT(2) 
PARAMETRIC_REPRESENTATION_CONTEXT() REPRESENTATION_CONTEXT('2D SPACE',''
  ) );
#4159 = ORIENTED_EDGE('',*,*,#4160,.F.);
#4160 = EDGE_CURVE('',#4161,#4133,#4163,.T.);
#4161 = VERTEX_POINT('',#4162);
#4162 = CARTESIAN_POINT('',(8.5,38.61803398875,3.));
#4163 = SURFACE_CURVE('',#4164,(#4169,#4176),.PCURVE_S1.);
#4164 = CIRCLE('',#4165,1.5);
#4165 = AXIS2_PLACEMENT_3D('',#4166,#4167,#4168);
#4166 = CARTESIAN_POINT('',(7.5,37.5,3.));
#4167 = DIRECTION('',(0.,0.,1.));
#4168 = DIRECTION('',(0.,-1.,0.));
#4169 = PCURVE('',#2324,#4170);
#4170 = DEFINITIONAL_REPRESENTATION('',(#4171),#4175);
#4171 = CIRCLE('',#4172,1.5);
#4172 = AXIS2_PLACEMENT_2D('',#4173,#4174);
#4173 = CARTESIAN_POINT('',(16.5,37.5));
#4174 = DIRECTION('',(0.,-1.));
#4175 = ( GEOMETRIC_REPRESENTATION_CONTEXT(2) 
PARAMETRIC_REPRESENTATION_CONTEXT() REPRESENTATION_CONTEXT('2D SPACE',''
  ) );
#4176 = PCURVE('',#4177,#4182);
#4177 = CYLINDRICAL_SURFACE('',#4178,1.5);
#4178 = AXIS2_PLACEMENT_3D('',#4179,#4180,#4181);
#4179 = CARTESIAN_POINT('',(7.5,37.5,3.));
#4180 = DIRECTION('',(0.,0.,1.));
#4181 = DIRECTION('',(1.,0.,-0.));
#4182 = DEFINITIONAL_REPRESENTATION('',(#4183),#4187);
#4183 = LINE('',#4184,#4185);
#4184 = CARTESIAN_POINT('',(-1.570796326795,0.));
#4185 = VECTOR('',#4186,1.);
#4186 = DIRECTION('',(1.,0.));
#4187 = ( GEOMETRIC_REPRESENTATION_CONTEXT(2) 
PARAMETRIC_REPRESENTATION_CONTEXT() REPRESENTATION_CONTEXT('2D SPACE',''
  ) );
#4188 = ORIENTED_EDGE('',*,*,#4189,.F.);
#4189 = EDGE_CURVE('',#4190,#4161,#4192,.T.);
#4190 = VERTEX_POINT('',#4191);
#4191 = CARTESIAN_POINT('',(8.5,66.061778848315,3.));
#4192 = SURFACE_CURVE('',#4193,(#4197,#4204),.PCURVE_S1.);
#4193 = LINE('',#4194,#4195);
#4194 = CARTESIAN_POINT('',(8.5,66.846573322597,3.));
#4195 = VECTOR('',#4196,1.);
#4196 = DIRECTION('',(0.,-1.,0.));
#4197 = PCURVE('',#2324,#4198);
#4198 = DEFINITIONAL_REPRESENTATION('',(#4199),#4203);
#4199 = LINE('',#4200,#4201);
#4200 = CARTESIAN_POINT('',(17.5,66.846573322597));
#4201 = VECTOR('',#4202,1.);
#4202 = DIRECTION('',(0.,-1.));
#4203 = ( GEOMETRIC_REPRESENTATION_CONTEXT(2) 
PARAMETRIC_REPRESENTATION_CONTEXT() REPRESENTATION_CONTEXT('2D SPACE',''
  ) );
#4204 = PCURVE('',#44,#4205);
#4205 = DEFINITIONAL_REPRESENTATION('',(#4206),#4210);
#4206 = LINE('',#4207,#4208);
#4207 = CARTESIAN_POINT('',(1.570796326795,0.));
#4208 = VECTOR('',#4209,1.);
#4209 = DIRECTION('',(0.,1.));
#4210 = ( GEOMETRIC_REPRESENTATION_CONTEXT(2) 
PARAMETRIC_REPRESENTATION_CONTEXT() REPRESENTATION_CONTEXT('2D SPACE',''
  ) );
#4211 = ORIENTED_EDGE('',*,*,#4212,.T.);
#4212 = EDGE_CURVE('',#4190,#4213,#4215,.T.);
#4213 = VERTEX_POINT('',#4214);
#4214 = CARTESIAN_POINT('',(8.2,66.,3.));
#4215 = SURFACE_CURVE('',#4216,(#4221,#4232),.PCURVE_S1.);
#4216 = ELLIPSE('',#4217,0.846573322597,0.8);
#4217 = AXIS2_PLACEMENT_3D('',#4218,#4219,#4220);
#4218 = CARTESIAN_POINT('',(8.2,66.846573322597,3.));
#4219 = DIRECTION('',(0.,-0.,-1.));
#4220 = DIRECTION('',(0.,1.,-0.));
#4221 = PCURVE('',#2324,#4222);
#4222 = DEFINITIONAL_REPRESENTATION('',(#4223),#4231);
#4223 = ( BOUNDED_CURVE() B_SPLINE_CURVE(2,(#4224,#4225,#4226,#4227,
#4228,#4229,#4230),.UNSPECIFIED.,.T.,.F.) B_SPLINE_CURVE_WITH_KNOTS((1,2
    ,2,2,2,1),(-2.094395102393,0.,2.094395102393,4.188790204786,
6.28318530718,8.377580409573),.UNSPECIFIED.) CURVE() 
GEOMETRIC_REPRESENTATION_ITEM() RATIONAL_B_SPLINE_CURVE((1.,0.5,1.,0.5,
1.,0.5,1.)) REPRESENTATION_ITEM('') );
#4224 = CARTESIAN_POINT('',(17.2,67.693146645194));
#4225 = CARTESIAN_POINT('',(18.585640646055,67.693146645194));
#4226 = CARTESIAN_POINT('',(17.892820323028,66.423286661298));
#4227 = CARTESIAN_POINT('',(17.2,65.153426677403));
#4228 = CARTESIAN_POINT('',(16.507179676972,66.423286661298));
#4229 = CARTESIAN_POINT('',(15.814359353945,67.693146645194));
#4230 = CARTESIAN_POINT('',(17.2,67.693146645194));
#4231 = ( GEOMETRIC_REPRESENTATION_CONTEXT(2) 
PARAMETRIC_REPRESENTATION_CONTEXT() REPRESENTATION_CONTEXT('2D SPACE',''
  ) );
#4232 = PCURVE('',#692,#4233);
#4233 = DEFINITIONAL_REPRESENTATION('',(#4234),#4241);
#4234 = B_SPLINE_CURVE_WITH_KNOTS('',5,(#4235,#4236,#4237,#4238,#4239,
    #4240),.UNSPECIFIED.,.F.,.F.,(6,6),(1.570796326795,3.14159265359),
  .PIECEWISE_BEZIER_KNOTS.);
#4235 = CARTESIAN_POINT('',(0.,0.276923076923));
#4236 = CARTESIAN_POINT('',(-0.314159265359,0.189925126516));
#4237 = CARTESIAN_POINT('',(-0.628317202375,0.102849031437));
#4238 = CARTESIAN_POINT('',(-0.942481207741,3.406894377901E-02));
#4239 = CARTESIAN_POINT('',(-1.256637061436,-6.918886759818E-15));
#4240 = CARTESIAN_POINT('',(-1.570796326795,-7.105427357601E-15));
#4241 = ( GEOMETRIC_REPRESENTATION_CONTEXT(2) 
PARAMETRIC_REPRESENTATION_CONTEXT() REPRESENTATION_CONTEXT('2D SPACE',''
  ) );
#4242 = ORIENTED_EDGE('',*,*,#4243,.F.);
#4243 = EDGE_CURVE('',#4244,#4213,#4246,.T.);
#4244 = VERTEX_POINT('',#4245);
#4245 = CARTESIAN_POINT('',(6.5,66.,3.));
#4246 = SURFACE_CURVE('',#4247,(#4251,#4258),.PCURVE_S1.);
#4247 = LINE('',#4248,#4249);
#4248 = CARTESIAN_POINT('',(6.,66.,3.));
#4249 = VECTOR('',#4250,1.);
#4250 = DIRECTION('',(1.,0.,0.));
#4251 = PCURVE('',#2324,#4252);
#4252 = DEFINITIONAL_REPRESENTATION('',(#4253),#4257);
#4253 = LINE('',#4254,#4255);
#4254 = CARTESIAN_POINT('',(15.,66.));
#4255 = VECTOR('',#4256,1.);
#4256 = DIRECTION('',(1.,0.));
#4257 = ( GEOMETRIC_REPRESENTATION_CONTEXT(2) 
PARAMETRIC_REPRESENTATION_CONTEXT() REPRESENTATION_CONTEXT('2D SPACE',''
  ) );
#4258 = PCURVE('',#4259,#4264);
#4259 = PLANE('',#4260);
#4260 = AXIS2_PLACEMENT_3D('',#4261,#4262,#4263);
#4261 = CARTESIAN_POINT('',(6.,66.,3.));
#4262 = DIRECTION('',(0.,-0.94498607344,0.327110563883));
#4263 = DIRECTION('',(0.,0.327110563883,0.94498607344));
#4264 = DEFINITIONAL_REPRESENTATION('',(#4265),#4269);
#4265 = LINE('',#4266,#4267);
#4266 = CARTESIAN_POINT('',(0.,0.));
#4267 = VECTOR('',#4268,1.);
#4268 = DIRECTION('',(0.,-1.));
#4269 = ( GEOMETRIC_REPRESENTATION_CONTEXT(2) 
PARAMETRIC_REPRESENTATION_CONTEXT() REPRESENTATION_CONTEXT('2D SPACE',''
  ) );
#4270 = ORIENTED_EDGE('',*,*,#4271,.F.);
#4271 = EDGE_CURVE('',#4272,#4244,#4274,.T.);
#4272 = VERTEX_POINT('',#4273);
#4273 = CARTESIAN_POINT('',(6.,66.529108326623,3.));
#4274 = SURFACE_CURVE('',#4275,(#4280,#4287),.PCURVE_S1.);
#4275 = ELLIPSE('',#4276,0.529108326623,0.5);
#4276 = AXIS2_PLACEMENT_3D('',#4277,#4278,#4279);
#4277 = CARTESIAN_POINT('',(6.5,66.529108326623,3.));
#4278 = DIRECTION('',(0.,0.,1.));
#4279 = DIRECTION('',(0.,1.,-0.));
#4280 = PCURVE('',#2324,#4281);
#4281 = DEFINITIONAL_REPRESENTATION('',(#4282),#4286);
#4282 = ELLIPSE('',#4283,0.529108326623,0.5);
#4283 = AXIS2_PLACEMENT_2D('',#4284,#4285);
#4284 = CARTESIAN_POINT('',(15.5,66.529108326623));
#4285 = DIRECTION('',(0.,1.));
#4286 = ( GEOMETRIC_REPRESENTATION_CONTEXT(2) 
PARAMETRIC_REPRESENTATION_CONTEXT() REPRESENTATION_CONTEXT('2D SPACE',''
  ) );
#4287 = PCURVE('',#4288,#4293);
#4288 = CYLINDRICAL_SURFACE('',#4289,0.5);
#4289 = AXIS2_PLACEMENT_3D('',#4290,#4291,#4292);
#4290 = CARTESIAN_POINT('',(6.5,66.47249303672,2.836444718058));
#4291 = DIRECTION('',(0.,0.327110563883,0.94498607344));
#4292 = DIRECTION('',(-1.,0.,0.));
#4293 = DEFINITIONAL_REPRESENTATION('',(#4294),#4301);
#4294 = B_SPLINE_CURVE_WITH_KNOTS('',5,(#4295,#4296,#4297,#4298,#4299,
    #4300),.UNSPECIFIED.,.F.,.F.,(6,6),(1.570796326795,3.14159265359),
  .PIECEWISE_BEZIER_KNOTS.);
#4295 = CARTESIAN_POINT('',(0.,0.173076923077));
#4296 = CARTESIAN_POINT('',(0.314159265359,0.118703204072));
#4297 = CARTESIAN_POINT('',(0.628317202375,6.428064464811E-02));
#4298 = CARTESIAN_POINT('',(0.942481207741,2.129308986188E-02));
#4299 = CARTESIAN_POINT('',(1.256637061436,1.928434264128E-17));
#4300 = CARTESIAN_POINT('',(1.570796326795,6.938893903907E-18));
#4301 = ( GEOMETRIC_REPRESENTATION_CONTEXT(2) 
PARAMETRIC_REPRESENTATION_CONTEXT() REPRESENTATION_CONTEXT('2D SPACE',''
  ) );
#4302 = ORIENTED_EDGE('',*,*,#4303,.F.);
#4303 = EDGE_CURVE('',#4304,#4272,#4306,.T.);
#4304 = VERTEX_POINT('',#4305);
#4305 = CARTESIAN_POINT('',(6.,68.5,3.));
#4306 = SURFACE_CURVE('',#4307,(#4311,#4318),.PCURVE_S1.);
#4307 = LINE('',#4308,#4309);
#4308 = CARTESIAN_POINT('',(6.,70.5,3.));
#4309 = VECTOR('',#4310,1.);
#4310 = DIRECTION('',(0.,-1.,0.));
#4311 = PCURVE('',#2324,#4312);
#4312 = DEFINITIONAL_REPRESENTATION('',(#4313),#4317);
#4313 = LINE('',#4314,#4315);
#4314 = CARTESIAN_POINT('',(15.,70.5));
#4315 = VECTOR('',#4316,1.);
#4316 = DIRECTION('',(0.,-1.));
#4317 = ( GEOMETRIC_REPRESENTATION_CONTEXT(2) 
PARAMETRIC_REPRESENTATION_CONTEXT() REPRESENTATION_CONTEXT('2D SPACE',''
  ) );
#4318 = PCURVE('',#4319,#4324);
#4319 = PLANE('',#4320);
#4320 = AXIS2_PLACEMENT_3D('',#4321,#4322,#4323);
#4321 = CARTESIAN_POINT('',(6.,69.185795876951,8.564204123049));
#4322 = DIRECTION('',(-1.,-0.,-0.));
#4323 = DIRECTION('',(0.,0.,-1.));
#4324 = DEFINITIONAL_REPRESENTATION('',(#4325),#4329);
#4325 = LINE('',#4326,#4327);
#4326 = CARTESIAN_POINT('',(5.564204123049,-1.314204123049));
#4327 = VECTOR('',#4328,1.);
#4328 = DIRECTION('',(0.,1.));
#4329 = ( GEOMETRIC_REPRESENTATION_CONTEXT(2) 
PARAMETRIC_REPRESENTATION_CONTEXT() REPRESENTATION_CONTEXT('2D SPACE',''
  ) );
#4330 = ORIENTED_EDGE('',*,*,#4331,.T.);
#4331 = EDGE_CURVE('',#4304,#4332,#4334,.T.);
#4332 = VERTEX_POINT('',#4333);
#4333 = CARTESIAN_POINT('',(4.,70.5,3.));
#4334 = SURFACE_CURVE('',#4335,(#4340,#4347),.PCURVE_S1.);
#4335 = CIRCLE('',#4336,2.);
#4336 = AXIS2_PLACEMENT_3D('',#4337,#4338,#4339);
#4337 = CARTESIAN_POINT('',(4.,68.5,3.));
#4338 = DIRECTION('',(0.,-0.,1.));
#4339 = DIRECTION('',(0.,1.,0.));
#4340 = PCURVE('',#2324,#4341);
#4341 = DEFINITIONAL_REPRESENTATION('',(#4342),#4346);
#4342 = CIRCLE('',#4343,2.);
#4343 = AXIS2_PLACEMENT_2D('',#4344,#4345);
#4344 = CARTESIAN_POINT('',(13.,68.5));
#4345 = DIRECTION('',(0.,1.));
#4346 = ( GEOMETRIC_REPRESENTATION_CONTEXT(2) 
PARAMETRIC_REPRESENTATION_CONTEXT() REPRESENTATION_CONTEXT('2D SPACE',''
  ) );
#4347 = PCURVE('',#4348,#4353);
#4348 = CYLINDRICAL_SURFACE('',#4349,2.);
#4349 = AXIS2_PLACEMENT_3D('',#4350,#4351,#4352);
#4350 = CARTESIAN_POINT('',(4.,68.5,16.));
#4351 = DIRECTION('',(0.,0.,-1.));
#4352 = DIRECTION('',(1.,0.,0.));
#4353 = DEFINITIONAL_REPRESENTATION('',(#4354),#4358);
#4354 = LINE('',#4355,#4356);
#4355 = CARTESIAN_POINT('',(4.712388980385,13.));
#4356 = VECTOR('',#4357,1.);
#4357 = DIRECTION('',(-1.,0.));
#4358 = ( GEOMETRIC_REPRESENTATION_CONTEXT(2) 
PARAMETRIC_REPRESENTATION_CONTEXT() REPRESENTATION_CONTEXT('2D SPACE',''
  ) );
#4359 = ORIENTED_EDGE('',*,*,#4360,.F.);
#4360 = EDGE_CURVE('',#4361,#4332,#4363,.T.);
#4361 = VERTEX_POINT('',#4362);
#4362 = CARTESIAN_POINT('',(-4.,70.5,3.));
#4363 = SURFACE_CURVE('',#4364,(#4368,#4375),.PCURVE_S1.);
#4364 = LINE('',#4365,#4366);
#4365 = CARTESIAN_POINT('',(-9.,70.5,3.));
#4366 = VECTOR('',#4367,1.);
#4367 = DIRECTION('',(1.,0.,0.));
#4368 = PCURVE('',#2324,#4369);
#4369 = DEFINITIONAL_REPRESENTATION('',(#4370),#4374);
#4370 = LINE('',#4371,#4372);
#4371 = CARTESIAN_POINT('',(0.,70.5));
#4372 = VECTOR('',#4373,1.);
#4373 = DIRECTION('',(1.,0.));
#4374 = ( GEOMETRIC_REPRESENTATION_CONTEXT(2) 
PARAMETRIC_REPRESENTATION_CONTEXT() REPRESENTATION_CONTEXT('2D SPACE',''
  ) );
#4375 = PCURVE('',#4376,#4381);
#4376 = PLANE('',#4377);
#4377 = AXIS2_PLACEMENT_3D('',#4378,#4379,#4380);
#4378 = CARTESIAN_POINT('',(0.,70.5,12.299945287508));
#4379 = DIRECTION('',(-0.,-1.,-0.));
#4380 = DIRECTION('',(0.,0.,-1.));
#4381 = DEFINITIONAL_REPRESENTATION('',(#4382),#4386);
#4382 = LINE('',#4383,#4384);
#4383 = CARTESIAN_POINT('',(9.299945287508,-9.));
#4384 = VECTOR('',#4385,1.);
#4385 = DIRECTION('',(0.,1.));
#4386 = ( GEOMETRIC_REPRESENTATION_CONTEXT(2) 
PARAMETRIC_REPRESENTATION_CONTEXT() REPRESENTATION_CONTEXT('2D SPACE',''
  ) );
#4387 = ORIENTED_EDGE('',*,*,#4388,.T.);
#4388 = EDGE_CURVE('',#4361,#4389,#4391,.T.);
#4389 = VERTEX_POINT('',#4390);
#4390 = CARTESIAN_POINT('',(-6.,68.5,3.));
#4391 = SURFACE_CURVE('',#4392,(#4397,#4404),.PCURVE_S1.);
#4392 = CIRCLE('',#4393,2.);
#4393 = AXIS2_PLACEMENT_3D('',#4394,#4395,#4396);
#4394 = CARTESIAN_POINT('',(-4.,68.5,3.));
#4395 = DIRECTION('',(0.,-0.,1.));
#4396 = DIRECTION('',(0.,1.,0.));
#4397 = PCURVE('',#2324,#4398);
#4398 = DEFINITIONAL_REPRESENTATION('',(#4399),#4403);
#4399 = CIRCLE('',#4400,2.);
#4400 = AXIS2_PLACEMENT_2D('',#4401,#4402);
#4401 = CARTESIAN_POINT('',(5.,68.5));
#4402 = DIRECTION('',(0.,1.));
#4403 = ( GEOMETRIC_REPRESENTATION_CONTEXT(2) 
PARAMETRIC_REPRESENTATION_CONTEXT() REPRESENTATION_CONTEXT('2D SPACE',''
  ) );
#4404 = PCURVE('',#4405,#4410);
#4405 = CYLINDRICAL_SURFACE('',#4406,2.);
#4406 = AXIS2_PLACEMENT_3D('',#4407,#4408,#4409);
#4407 = CARTESIAN_POINT('',(-4.,68.5,16.));
#4408 = DIRECTION('',(0.,0.,-1.));
#4409 = DIRECTION('',(0.,1.,0.));
#4410 = DEFINITIONAL_REPRESENTATION('',(#4411),#4415);
#4411 = LINE('',#4412,#4413);
#4412 = CARTESIAN_POINT('',(-0.,13.));
#4413 = VECTOR('',#4414,1.);
#4414 = DIRECTION('',(-1.,0.));
#4415 = ( GEOMETRIC_REPRESENTATION_CONTEXT(2) 
PARAMETRIC_REPRESENTATION_CONTEXT() REPRESENTATION_CONTEXT('2D SPACE',''
  ) );
#4416 = ORIENTED_EDGE('',*,*,#4417,.T.);
#4417 = EDGE_CURVE('',#4389,#4418,#4420,.T.);
#4418 = VERTEX_POINT('',#4419);
#4419 = CARTESIAN_POINT('',(-6.,66.529108326623,3.));
#4420 = SURFACE_CURVE('',#4421,(#4425,#4432),.PCURVE_S1.);
#4421 = LINE('',#4422,#4423);
#4422 = CARTESIAN_POINT('',(-6.,70.5,3.));
#4423 = VECTOR('',#4424,1.);
#4424 = DIRECTION('',(0.,-1.,0.));
#4425 = PCURVE('',#2324,#4426);
#4426 = DEFINITIONAL_REPRESENTATION('',(#4427),#4431);
#4427 = LINE('',#4428,#4429);
#4428 = CARTESIAN_POINT('',(3.,70.5));
#4429 = VECTOR('',#4430,1.);
#4430 = DIRECTION('',(0.,-1.));
#4431 = ( GEOMETRIC_REPRESENTATION_CONTEXT(2) 
PARAMETRIC_REPRESENTATION_CONTEXT() REPRESENTATION_CONTEXT('2D SPACE',''
  ) );
#4432 = PCURVE('',#4433,#4438);
#4433 = PLANE('',#4434);
#4434 = AXIS2_PLACEMENT_3D('',#4435,#4436,#4437);
#4435 = CARTESIAN_POINT('',(-6.,69.185795876951,8.564204123049));
#4436 = DIRECTION('',(-1.,-0.,-0.));
#4437 = DIRECTION('',(0.,0.,-1.));
#4438 = DEFINITIONAL_REPRESENTATION('',(#4439),#4443);
#4439 = LINE('',#4440,#4441);
#4440 = CARTESIAN_POINT('',(5.564204123049,-1.314204123049));
#4441 = VECTOR('',#4442,1.);
#4442 = DIRECTION('',(0.,1.));
#4443 = ( GEOMETRIC_REPRESENTATION_CONTEXT(2) 
PARAMETRIC_REPRESENTATION_CONTEXT() REPRESENTATION_CONTEXT('2D SPACE',''
  ) );
#4444 = ORIENTED_EDGE('',*,*,#4445,.F.);
#4445 = EDGE_CURVE('',#4446,#4418,#4448,.T.);
#4446 = VERTEX_POINT('',#4447);
#4447 = CARTESIAN_POINT('',(-6.5,66.,3.));
#4448 = SURFACE_CURVE('',#4449,(#4454,#4461),.PCURVE_S1.);
#4449 = ELLIPSE('',#4450,0.529108326623,0.5);
#4450 = AXIS2_PLACEMENT_3D('',#4451,#4452,#4453);
#4451 = CARTESIAN_POINT('',(-6.5,66.529108326623,3.));
#4452 = DIRECTION('',(0.,0.,1.));
#4453 = DIRECTION('',(0.,1.,-0.));
#4454 = PCURVE('',#2324,#4455);
#4455 = DEFINITIONAL_REPRESENTATION('',(#4456),#4460);
#4456 = ELLIPSE('',#4457,0.529108326623,0.5);
#4457 = AXIS2_PLACEMENT_2D('',#4458,#4459);
#4458 = CARTESIAN_POINT('',(2.5,66.529108326623));
#4459 = DIRECTION('',(0.,1.));
#4460 = ( GEOMETRIC_REPRESENTATION_CONTEXT(2) 
PARAMETRIC_REPRESENTATION_CONTEXT() REPRESENTATION_CONTEXT('2D SPACE',''
  ) );
#4461 = PCURVE('',#4462,#4467);
#4462 = CYLINDRICAL_SURFACE('',#4463,0.5);
#4463 = AXIS2_PLACEMENT_3D('',#4464,#4465,#4466);
#4464 = CARTESIAN_POINT('',(-6.5,66.47249303672,2.836444718058));
#4465 = DIRECTION('',(0.,0.327110563883,0.94498607344));
#4466 = DIRECTION('',(0.,-0.94498607344,0.327110563883));
#4467 = DEFINITIONAL_REPRESENTATION('',(#4468),#4475);
#4468 = B_SPLINE_CURVE_WITH_KNOTS('',5,(#4469,#4470,#4471,#4472,#4473,
    #4474),.UNSPECIFIED.,.F.,.F.,(6,6),(3.14159265359,4.712388980385),
  .PIECEWISE_BEZIER_KNOTS.);
#4469 = CARTESIAN_POINT('',(-1.110223024625E-16,6.938893903907E-18));
#4470 = CARTESIAN_POINT('',(0.314159265359,-1.058791184068E-17));
#4471 = CARTESIAN_POINT('',(0.628315119054,2.129308986187E-02));
#4472 = CARTESIAN_POINT('',(0.94247912442,6.428064464811E-02));
#4473 = CARTESIAN_POINT('',(1.256637061436,0.118703204072));
#4474 = CARTESIAN_POINT('',(1.570796326795,0.173076923077));
#4475 = ( GEOMETRIC_REPRESENTATION_CONTEXT(2) 
PARAMETRIC_REPRESENTATION_CONTEXT() REPRESENTATION_CONTEXT('2D SPACE',''
  ) );
#4476 = ORIENTED_EDGE('',*,*,#4477,.F.);
#4477 = EDGE_CURVE('',#3844,#4446,#4478,.T.);
#4478 = SURFACE_CURVE('',#4479,(#4483,#4490),.PCURVE_S1.);
#4479 = LINE('',#4480,#4481);
#4480 = CARTESIAN_POINT('',(-9.,66.,3.));
#4481 = VECTOR('',#4482,1.);
#4482 = DIRECTION('',(1.,0.,0.));
#4483 = PCURVE('',#2324,#4484);
#4484 = DEFINITIONAL_REPRESENTATION('',(#4485),#4489);
#4485 = LINE('',#4486,#4487);
#4486 = CARTESIAN_POINT('',(0.,66.));
#4487 = VECTOR('',#4488,1.);
#4488 = DIRECTION('',(1.,0.));
#4489 = ( GEOMETRIC_REPRESENTATION_CONTEXT(2) 
PARAMETRIC_REPRESENTATION_CONTEXT() REPRESENTATION_CONTEXT('2D SPACE',''
  ) );
#4490 = PCURVE('',#4491,#4496);
#4491 = PLANE('',#4492);
#4492 = AXIS2_PLACEMENT_3D('',#4493,#4494,#4495);
#4493 = CARTESIAN_POINT('',(-9.,66.,3.));
#4494 = DIRECTION('',(0.,-0.94498607344,0.327110563883));
#4495 = DIRECTION('',(0.,0.327110563883,0.94498607344));
#4496 = DEFINITIONAL_REPRESENTATION('',(#4497),#4501);
#4497 = LINE('',#4498,#4499);
#4498 = CARTESIAN_POINT('',(0.,0.));
#4499 = VECTOR('',#4500,1.);
#4500 = DIRECTION('',(0.,-1.));
#4501 = ( GEOMETRIC_REPRESENTATION_CONTEXT(2) 
PARAMETRIC_REPRESENTATION_CONTEXT() REPRESENTATION_CONTEXT('2D SPACE',''
  ) );
#4502 = FACE_BOUND('',#4503,.T.);
#4503 = EDGE_LOOP('',(#4504));
#4504 = ORIENTED_EDGE('',*,*,#4505,.F.);
#4505 = EDGE_CURVE('',#4506,#4506,#4508,.T.);
#4506 = VERTEX_POINT('',#4507);
#4507 = CARTESIAN_POINT('',(3.5,8.,3.));
#4508 = SURFACE_CURVE('',#4509,(#4514,#4521),.PCURVE_S1.);
#4509 = CIRCLE('',#4510,3.5);
#4510 = AXIS2_PLACEMENT_3D('',#4511,#4512,#4513);
#4511 = CARTESIAN_POINT('',(0.,8.,3.));
#4512 = DIRECTION('',(0.,0.,1.));
#4513 = DIRECTION('',(1.,0.,-0.));
#4514 = PCURVE('',#2324,#4515);
#4515 = DEFINITIONAL_REPRESENTATION('',(#4516),#4520);
#4516 = CIRCLE('',#4517,3.5);
#4517 = AXIS2_PLACEMENT_2D('',#4518,#4519);
#4518 = CARTESIAN_POINT('',(9.,8.));
#4519 = DIRECTION('',(1.,0.));
#4520 = ( GEOMETRIC_REPRESENTATION_CONTEXT(2) 
PARAMETRIC_REPRESENTATION_CONTEXT() REPRESENTATION_CONTEXT('2D SPACE',''
  ) );
#4521 = PCURVE('',#4522,#4527);
#4522 = CONICAL_SURFACE('',#4523,1.9,0.785398163397);
#4523 = AXIS2_PLACEMENT_3D('',#4524,#4525,#4526);
#4524 = CARTESIAN_POINT('',(0.,8.,1.4));
#4525 = DIRECTION('',(0.,0.,1.));
#4526 = DIRECTION('',(1.,0.,-0.));
#4527 = DEFINITIONAL_REPRESENTATION('',(#4528),#4532);
#4528 = LINE('',#4529,#4530);
#4529 = CARTESIAN_POINT('',(0.,1.6));
#4530 = VECTOR('',#4531,1.);
#4531 = DIRECTION('',(1.,0.));
#4532 = ( GEOMETRIC_REPRESENTATION_CONTEXT(2) 
PARAMETRIC_REPRESENTATION_CONTEXT() REPRESENTATION_CONTEXT('2D SPACE',''
  ) );
#4533 = ADVANCED_FACE('',(#4534),#4522,.F.);
#4534 = FACE_BOUND('',#4535,.F.);
#4535 = EDGE_LOOP('',(#4536,#4537,#4560,#4587));
#4536 = ORIENTED_EDGE('',*,*,#4505,.F.);
#4537 = ORIENTED_EDGE('',*,*,#4538,.F.);
#4538 = EDGE_CURVE('',#4539,#4506,#4541,.T.);
#4539 = VERTEX_POINT('',#4540);
#4540 = CARTESIAN_POINT('',(1.9,8.,1.4));
#4541 = SEAM_CURVE('',#4542,(#4546,#4553),.PCURVE_S1.);
#4542 = LINE('',#4543,#4544);
#4543 = CARTESIAN_POINT('',(1.9,8.,1.4));
#4544 = VECTOR('',#4545,1.);
#4545 = DIRECTION('',(0.707106781187,-1.731912112471E-16,0.707106781187)
  );
#4546 = PCURVE('',#4522,#4547);
#4547 = DEFINITIONAL_REPRESENTATION('',(#4548),#4552);
#4548 = LINE('',#4549,#4550);
#4549 = CARTESIAN_POINT('',(6.28318530718,-0.));
#4550 = VECTOR('',#4551,1.);
#4551 = DIRECTION('',(0.,1.));
#4552 = ( GEOMETRIC_REPRESENTATION_CONTEXT(2) 
PARAMETRIC_REPRESENTATION_CONTEXT() REPRESENTATION_CONTEXT('2D SPACE',''
  ) );
#4553 = PCURVE('',#4522,#4554);
#4554 = DEFINITIONAL_REPRESENTATION('',(#4555),#4559);
#4555 = LINE('',#4556,#4557);
#4556 = CARTESIAN_POINT('',(0.,-0.));
#4557 = VECTOR('',#4558,1.);
#4558 = DIRECTION('',(0.,1.));
#4559 = ( GEOMETRIC_REPRESENTATION_CONTEXT(2) 
PARAMETRIC_REPRESENTATION_CONTEXT() REPRESENTATION_CONTEXT('2D SPACE',''
  ) );
#4560 = ORIENTED_EDGE('',*,*,#4561,.T.);
#4561 = EDGE_CURVE('',#4539,#4539,#4562,.T.);
#4562 = SURFACE_CURVE('',#4563,(#4568,#4575),.PCURVE_S1.);
#4563 = CIRCLE('',#4564,1.9);
#4564 = AXIS2_PLACEMENT_3D('',#4565,#4566,#4567);
#4565 = CARTESIAN_POINT('',(0.,8.,1.4));
#4566 = DIRECTION('',(0.,0.,1.));
#4567 = DIRECTION('',(1.,0.,-0.));
#4568 = PCURVE('',#4522,#4569);
#4569 = DEFINITIONAL_REPRESENTATION('',(#4570),#4574);
#4570 = LINE('',#4571,#4572);
#4571 = CARTESIAN_POINT('',(0.,0.));
#4572 = VECTOR('',#4573,1.);
#4573 = DIRECTION('',(1.,0.));
#4574 = ( GEOMETRIC_REPRESENTATION_CONTEXT(2) 
PARAMETRIC_REPRESENTATION_CONTEXT() REPRESENTATION_CONTEXT('2D SPACE',''
  ) );
#4575 = PCURVE('',#4576,#4581);
#4576 = CYLINDRICAL_SURFACE('',#4577,1.9);
#4577 = AXIS2_PLACEMENT_3D('',#4578,#4579,#4580);
#4578 = CARTESIAN_POINT('',(0.,8.,0.));
#4579 = DIRECTION('',(0.,0.,1.));
#4580 = DIRECTION('',(1.,0.,-0.));
#4581 = DEFINITIONAL_REPRESENTATION('',(#4582),#4586);
#4582 = LINE('',#4583,#4584);
#4583 = CARTESIAN_POINT('',(0.,1.4));
#4584 = VECTOR('',#4585,1.);
#4585 = DIRECTION('',(1.,0.));
#4586 = ( GEOMETRIC_REPRESENTATION_CONTEXT(2) 
PARAMETRIC_REPRESENTATION_CONTEXT() REPRESENTATION_CONTEXT('2D SPACE',''
  ) );
#4587 = ORIENTED_EDGE('',*,*,#4538,.T.);
#4588 = ADVANCED_FACE('',(#4589),#4576,.F.);
#4589 = FACE_BOUND('',#4590,.F.);
#4590 = EDGE_LOOP('',(#4591,#4592,#4615,#4637));
#4591 = ORIENTED_EDGE('',*,*,#4561,.F.);
#4592 = ORIENTED_EDGE('',*,*,#4593,.F.);
#4593 = EDGE_CURVE('',#4594,#4539,#4596,.T.);
#4594 = VERTEX_POINT('',#4595);
#4595 = CARTESIAN_POINT('',(1.9,8.,0.));
#4596 = SEAM_CURVE('',#4597,(#4601,#4608),.PCURVE_S1.);
#4597 = LINE('',#4598,#4599);
#4598 = CARTESIAN_POINT('',(1.9,8.,0.));
#4599 = VECTOR('',#4600,1.);
#4600 = DIRECTION('',(0.,0.,1.));
#4601 = PCURVE('',#4576,#4602);
#4602 = DEFINITIONAL_REPRESENTATION('',(#4603),#4607);
#4603 = LINE('',#4604,#4605);
#4604 = CARTESIAN_POINT('',(6.28318530718,-0.));
#4605 = VECTOR('',#4606,1.);
#4606 = DIRECTION('',(0.,1.));
#4607 = ( GEOMETRIC_REPRESENTATION_CONTEXT(2) 
PARAMETRIC_REPRESENTATION_CONTEXT() REPRESENTATION_CONTEXT('2D SPACE',''
  ) );
#4608 = PCURVE('',#4576,#4609);
#4609 = DEFINITIONAL_REPRESENTATION('',(#4610),#4614);
#4610 = LINE('',#4611,#4612);
#4611 = CARTESIAN_POINT('',(0.,-0.));
#4612 = VECTOR('',#4613,1.);
#4613 = DIRECTION('',(0.,1.));
#4614 = ( GEOMETRIC_REPRESENTATION_CONTEXT(2) 
PARAMETRIC_REPRESENTATION_CONTEXT() REPRESENTATION_CONTEXT('2D SPACE',''
  ) );
#4615 = ORIENTED_EDGE('',*,*,#4616,.T.);
#4616 = EDGE_CURVE('',#4594,#4594,#4617,.T.);
#4617 = SURFACE_CURVE('',#4618,(#4623,#4630),.PCURVE_S1.);
#4618 = CIRCLE('',#4619,1.9);
#4619 = AXIS2_PLACEMENT_3D('',#4620,#4621,#4622);
#4620 = CARTESIAN_POINT('',(0.,8.,0.));
#4621 = DIRECTION('',(0.,0.,1.));
#4622 = DIRECTION('',(1.,0.,-0.));
#4623 = PCURVE('',#4576,#4624);
#4624 = DEFINITIONAL_REPRESENTATION('',(#4625),#4629);
#4625 = LINE('',#4626,#4627);
#4626 = CARTESIAN_POINT('',(0.,0.));
#4627 = VECTOR('',#4628,1.);
#4628 = DIRECTION('',(1.,0.));
#4629 = ( GEOMETRIC_REPRESENTATION_CONTEXT(2) 
PARAMETRIC_REPRESENTATION_CONTEXT() REPRESENTATION_CONTEXT('2D SPACE',''
  ) );
#4630 = PCURVE('',#943,#4631);
#4631 = DEFINITIONAL_REPRESENTATION('',(#4632),#4636);
#4632 = CIRCLE('',#4633,1.9);
#4633 = AXIS2_PLACEMENT_2D('',#4634,#4635);
#4634 = CARTESIAN_POINT('',(9.,8.));
#4635 = DIRECTION('',(1.,0.));
#4636 = ( GEOMETRIC_REPRESENTATION_CONTEXT(2) 
PARAMETRIC_REPRESENTATION_CONTEXT() REPRESENTATION_CONTEXT('2D SPACE',''
  ) );
#4637 = ORIENTED_EDGE('',*,*,#4593,.T.);
#4638 = ADVANCED_FACE('',(#4639),#4059,.T.);
#4639 = FACE_BOUND('',#4640,.T.);
#4640 = EDGE_LOOP('',(#4641,#4664,#4665,#4688));
#4641 = ORIENTED_EDGE('',*,*,#4642,.F.);
#4642 = EDGE_CURVE('',#4043,#4643,#4645,.T.);
#4643 = VERTEX_POINT('',#4644);
#4644 = CARTESIAN_POINT('',(3.,34.5,5.6));
#4645 = SURFACE_CURVE('',#4646,(#4650,#4657),.PCURVE_S1.);
#4646 = LINE('',#4647,#4648);
#4647 = CARTESIAN_POINT('',(3.,34.5,3.));
#4648 = VECTOR('',#4649,1.);
#4649 = DIRECTION('',(0.,0.,1.));
#4650 = PCURVE('',#4059,#4651);
#4651 = DEFINITIONAL_REPRESENTATION('',(#4652),#4656);
#4652 = LINE('',#4653,#4654);
#4653 = CARTESIAN_POINT('',(0.,0.));
#4654 = VECTOR('',#4655,1.);
#4655 = DIRECTION('',(0.,1.));
#4656 = ( GEOMETRIC_REPRESENTATION_CONTEXT(2) 
PARAMETRIC_REPRESENTATION_CONTEXT() REPRESENTATION_CONTEXT('2D SPACE',''
  ) );
#4657 = PCURVE('',#4087,#4658);
#4658 = DEFINITIONAL_REPRESENTATION('',(#4659),#4663);
#4659 = LINE('',#4660,#4661);
#4660 = CARTESIAN_POINT('',(0.,-1.5));
#4661 = VECTOR('',#4662,1.);
#4662 = DIRECTION('',(1.,0.));
#4663 = ( GEOMETRIC_REPRESENTATION_CONTEXT(2) 
PARAMETRIC_REPRESENTATION_CONTEXT() REPRESENTATION_CONTEXT('2D SPACE',''
  ) );
#4664 = ORIENTED_EDGE('',*,*,#4042,.T.);
#4665 = ORIENTED_EDGE('',*,*,#4666,.T.);
#4666 = EDGE_CURVE('',#4015,#4667,#4669,.T.);
#4667 = VERTEX_POINT('',#4668);
#4668 = CARTESIAN_POINT('',(4.5,33.,5.6));
#4669 = SURFACE_CURVE('',#4670,(#4674,#4681),.PCURVE_S1.);
#4670 = LINE('',#4671,#4672);
#4671 = CARTESIAN_POINT('',(4.5,33.,3.));
#4672 = VECTOR('',#4673,1.);
#4673 = DIRECTION('',(0.,0.,1.));
#4674 = PCURVE('',#4059,#4675);
#4675 = DEFINITIONAL_REPRESENTATION('',(#4676),#4680);
#4676 = LINE('',#4677,#4678);
#4677 = CARTESIAN_POINT('',(1.570796326795,0.));
#4678 = VECTOR('',#4679,1.);
#4679 = DIRECTION('',(0.,1.));
#4680 = ( GEOMETRIC_REPRESENTATION_CONTEXT(2) 
PARAMETRIC_REPRESENTATION_CONTEXT() REPRESENTATION_CONTEXT('2D SPACE',''
  ) );
#4681 = PCURVE('',#4030,#4682);
#4682 = DEFINITIONAL_REPRESENTATION('',(#4683),#4687);
#4683 = LINE('',#4684,#4685);
#4684 = CARTESIAN_POINT('',(0.,1.5));
#4685 = VECTOR('',#4686,1.);
#4686 = DIRECTION('',(1.,0.));
#4687 = ( GEOMETRIC_REPRESENTATION_CONTEXT(2) 
PARAMETRIC_REPRESENTATION_CONTEXT() REPRESENTATION_CONTEXT('2D SPACE',''
  ) );
#4688 = ORIENTED_EDGE('',*,*,#4689,.T.);
#4689 = EDGE_CURVE('',#4667,#4643,#4690,.T.);
#4690 = SURFACE_CURVE('',#4691,(#4696,#4703),.PCURVE_S1.);
#4691 = CIRCLE('',#4692,1.5);
#4692 = AXIS2_PLACEMENT_3D('',#4693,#4694,#4695);
#4693 = CARTESIAN_POINT('',(4.5,34.5,5.6));
#4694 = DIRECTION('',(-0.,0.,-1.));
#4695 = DIRECTION('',(-2.960594732334E-16,-1.,0.));
#4696 = PCURVE('',#4059,#4697);
#4697 = DEFINITIONAL_REPRESENTATION('',(#4698),#4702);
#4698 = LINE('',#4699,#4700);
#4699 = CARTESIAN_POINT('',(1.570796326795,2.6));
#4700 = VECTOR('',#4701,1.);
#4701 = DIRECTION('',(-1.,-0.));
#4702 = ( GEOMETRIC_REPRESENTATION_CONTEXT(2) 
PARAMETRIC_REPRESENTATION_CONTEXT() REPRESENTATION_CONTEXT('2D SPACE',''
  ) );
#4703 = PCURVE('',#4704,#4709);
#4704 = TOROIDAL_SURFACE('',#4705,1.1,0.4);
#4705 = AXIS2_PLACEMENT_3D('',#4706,#4707,#4708);
#4706 = CARTESIAN_POINT('',(4.5,34.5,5.6));
#4707 = DIRECTION('',(0.,0.,1.));
#4708 = DIRECTION('',(-2.960594732334E-16,-1.,0.));
#4709 = DEFINITIONAL_REPRESENTATION('',(#4710),#4714);
#4710 = LINE('',#4711,#4712);
#4711 = CARTESIAN_POINT('',(-0.,0.));
#4712 = VECTOR('',#4713,1.);
#4713 = DIRECTION('',(-1.,0.));
#4714 = ( GEOMETRIC_REPRESENTATION_CONTEXT(2) 
PARAMETRIC_REPRESENTATION_CONTEXT() REPRESENTATION_CONTEXT('2D SPACE',''
  ) );
#4715 = ADVANCED_FACE('',(#4716),#4704,.T.);
#4716 = FACE_BOUND('',#4717,.F.);
#4717 = EDGE_LOOP('',(#4718,#4747,#4748,#4777));
#4718 = ORIENTED_EDGE('',*,*,#4719,.F.);
#4719 = EDGE_CURVE('',#4667,#4720,#4722,.T.);
#4720 = VERTEX_POINT('',#4721);
#4721 = CARTESIAN_POINT('',(4.5,33.4,6.));
#4722 = SURFACE_CURVE('',#4723,(#4728,#4735),.PCURVE_S1.);
#4723 = CIRCLE('',#4724,0.4);
#4724 = AXIS2_PLACEMENT_3D('',#4725,#4726,#4727);
#4725 = CARTESIAN_POINT('',(4.5,33.4,5.6));
#4726 = DIRECTION('',(-1.,-0.,0.));
#4727 = DIRECTION('',(0.,-1.,0.));
#4728 = PCURVE('',#4704,#4729);
#4729 = DEFINITIONAL_REPRESENTATION('',(#4730),#4734);
#4730 = LINE('',#4731,#4732);
#4731 = CARTESIAN_POINT('',(2.22044604925E-16,-0.));
#4732 = VECTOR('',#4733,1.);
#4733 = DIRECTION('',(-0.,1.));
#4734 = ( GEOMETRIC_REPRESENTATION_CONTEXT(2) 
PARAMETRIC_REPRESENTATION_CONTEXT() REPRESENTATION_CONTEXT('2D SPACE',''
  ) );
#4735 = PCURVE('',#4736,#4741);
#4736 = CYLINDRICAL_SURFACE('',#4737,0.4);
#4737 = AXIS2_PLACEMENT_3D('',#4738,#4739,#4740);
#4738 = CARTESIAN_POINT('',(7.5,33.4,5.6));
#4739 = DIRECTION('',(-1.,-0.,-0.));
#4740 = DIRECTION('',(0.,-1.,0.));
#4741 = DEFINITIONAL_REPRESENTATION('',(#4742),#4746);
#4742 = LINE('',#4743,#4744);
#4743 = CARTESIAN_POINT('',(0.,3.));
#4744 = VECTOR('',#4745,1.);
#4745 = DIRECTION('',(1.,0.));
#4746 = ( GEOMETRIC_REPRESENTATION_CONTEXT(2) 
PARAMETRIC_REPRESENTATION_CONTEXT() REPRESENTATION_CONTEXT('2D SPACE',''
  ) );
#4747 = ORIENTED_EDGE('',*,*,#4689,.T.);
#4748 = ORIENTED_EDGE('',*,*,#4749,.T.);
#4749 = EDGE_CURVE('',#4643,#4750,#4752,.T.);
#4750 = VERTEX_POINT('',#4751);
#4751 = CARTESIAN_POINT('',(3.4,34.5,6.));
#4752 = SURFACE_CURVE('',#4753,(#4758,#4765),.PCURVE_S1.);
#4753 = CIRCLE('',#4754,0.4);
#4754 = AXIS2_PLACEMENT_3D('',#4755,#4756,#4757);
#4755 = CARTESIAN_POINT('',(3.4,34.5,5.6));
#4756 = DIRECTION('',(0.,1.,0.));
#4757 = DIRECTION('',(-1.,0.,0.));
#4758 = PCURVE('',#4704,#4759);
#4759 = DEFINITIONAL_REPRESENTATION('',(#4760),#4764);
#4760 = LINE('',#4761,#4762);
#4761 = CARTESIAN_POINT('',(-1.570796326795,0.));
#4762 = VECTOR('',#4763,1.);
#4763 = DIRECTION('',(-0.,1.));
#4764 = ( GEOMETRIC_REPRESENTATION_CONTEXT(2) 
PARAMETRIC_REPRESENTATION_CONTEXT() REPRESENTATION_CONTEXT('2D SPACE',''
  ) );
#4765 = PCURVE('',#4766,#4771);
#4766 = CYLINDRICAL_SURFACE('',#4767,0.4);
#4767 = AXIS2_PLACEMENT_3D('',#4768,#4769,#4770);
#4768 = CARTESIAN_POINT('',(3.4,34.5,5.6));
#4769 = DIRECTION('',(0.,1.,0.));
#4770 = DIRECTION('',(-1.,0.,0.));
#4771 = DEFINITIONAL_REPRESENTATION('',(#4772),#4776);
#4772 = LINE('',#4773,#4774);
#4773 = CARTESIAN_POINT('',(0.,0.));
#4774 = VECTOR('',#4775,1.);
#4775 = DIRECTION('',(1.,0.));
#4776 = ( GEOMETRIC_REPRESENTATION_CONTEXT(2) 
PARAMETRIC_REPRESENTATION_CONTEXT() REPRESENTATION_CONTEXT('2D SPACE',''
  ) );
#4777 = ORIENTED_EDGE('',*,*,#4778,.F.);
#4778 = EDGE_CURVE('',#4720,#4750,#4779,.T.);
#4779 = SURFACE_CURVE('',#4780,(#4785,#4792),.PCURVE_S1.);
#4780 = CIRCLE('',#4781,1.1);
#4781 = AXIS2_PLACEMENT_3D('',#4782,#4783,#4784);
#4782 = CARTESIAN_POINT('',(4.5,34.5,6.));
#4783 = DIRECTION('',(-0.,0.,-1.));
#4784 = DIRECTION('',(-2.960594732334E-16,-1.,0.));
#4785 = PCURVE('',#4704,#4786);
#4786 = DEFINITIONAL_REPRESENTATION('',(#4787),#4791);
#4787 = LINE('',#4788,#4789);
#4788 = CARTESIAN_POINT('',(-0.,1.570796326795));
#4789 = VECTOR('',#4790,1.);
#4790 = DIRECTION('',(-1.,0.));
#4791 = ( GEOMETRIC_REPRESENTATION_CONTEXT(2) 
PARAMETRIC_REPRESENTATION_CONTEXT() REPRESENTATION_CONTEXT('2D SPACE',''
  ) );
#4792 = PCURVE('',#4793,#4798);
#4793 = PLANE('',#4794);
#4794 = AXIS2_PLACEMENT_3D('',#4795,#4796,#4797);
#4795 = CARTESIAN_POINT('',(3.,33.,6.));
#4796 = DIRECTION('',(0.,0.,1.));
#4797 = DIRECTION('',(1.,0.,0.));
#4798 = DEFINITIONAL_REPRESENTATION('',(#4799),#4807);
#4799 = ( BOUNDED_CURVE() B_SPLINE_CURVE(2,(#4800,#4801,#4802,#4803,
#4804,#4805,#4806),.UNSPECIFIED.,.T.,.F.) B_SPLINE_CURVE_WITH_KNOTS((1,2
    ,2,2,2,1),(-2.094395102393,0.,2.094395102393,4.188790204786,
6.28318530718,8.377580409573),.UNSPECIFIED.) CURVE() 
GEOMETRIC_REPRESENTATION_ITEM() RATIONAL_B_SPLINE_CURVE((1.,0.5,1.,0.5,
1.,0.5,1.)) REPRESENTATION_ITEM('') );
#4800 = CARTESIAN_POINT('',(1.5,0.4));
#4801 = CARTESIAN_POINT('',(-0.405255888326,0.4));
#4802 = CARTESIAN_POINT('',(0.547372055837,2.05));
#4803 = CARTESIAN_POINT('',(1.5,3.7));
#4804 = CARTESIAN_POINT('',(2.452627944163,2.05));
#4805 = CARTESIAN_POINT('',(3.405255888326,0.4));
#4806 = CARTESIAN_POINT('',(1.5,0.4));
#4807 = ( GEOMETRIC_REPRESENTATION_CONTEXT(2) 
PARAMETRIC_REPRESENTATION_CONTEXT() REPRESENTATION_CONTEXT('2D SPACE',''
  ) );
#4808 = ADVANCED_FACE('',(#4809),#4766,.T.);
#4809 = FACE_BOUND('',#4810,.T.);
#4810 = EDGE_LOOP('',(#4811,#4812,#4835,#4864));
#4811 = ORIENTED_EDGE('',*,*,#4749,.T.);
#4812 = ORIENTED_EDGE('',*,*,#4813,.T.);
#4813 = EDGE_CURVE('',#4750,#4814,#4816,.T.);
#4814 = VERTEX_POINT('',#4815);
#4815 = CARTESIAN_POINT('',(3.4,37.5,6.));
#4816 = SURFACE_CURVE('',#4817,(#4821,#4828),.PCURVE_S1.);
#4817 = LINE('',#4818,#4819);
#4818 = CARTESIAN_POINT('',(3.4,34.5,6.));
#4819 = VECTOR('',#4820,1.);
#4820 = DIRECTION('',(0.,1.,0.));
#4821 = PCURVE('',#4766,#4822);
#4822 = DEFINITIONAL_REPRESENTATION('',(#4823),#4827);
#4823 = LINE('',#4824,#4825);
#4824 = CARTESIAN_POINT('',(1.570796326795,0.));
#4825 = VECTOR('',#4826,1.);
#4826 = DIRECTION('',(0.,1.));
#4827 = ( GEOMETRIC_REPRESENTATION_CONTEXT(2) 
PARAMETRIC_REPRESENTATION_CONTEXT() REPRESENTATION_CONTEXT('2D SPACE',''
  ) );
#4828 = PCURVE('',#4793,#4829);
#4829 = DEFINITIONAL_REPRESENTATION('',(#4830),#4834);
#4830 = LINE('',#4831,#4832);
#4831 = CARTESIAN_POINT('',(0.4,1.5));
#4832 = VECTOR('',#4833,1.);
#4833 = DIRECTION('',(0.,1.));
#4834 = ( GEOMETRIC_REPRESENTATION_CONTEXT(2) 
PARAMETRIC_REPRESENTATION_CONTEXT() REPRESENTATION_CONTEXT('2D SPACE',''
  ) );
#4835 = ORIENTED_EDGE('',*,*,#4836,.F.);
#4836 = EDGE_CURVE('',#4837,#4814,#4839,.T.);
#4837 = VERTEX_POINT('',#4838);
#4838 = CARTESIAN_POINT('',(3.,37.5,5.6));
#4839 = SURFACE_CURVE('',#4840,(#4845,#4852),.PCURVE_S1.);
#4840 = CIRCLE('',#4841,0.4);
#4841 = AXIS2_PLACEMENT_3D('',#4842,#4843,#4844);
#4842 = CARTESIAN_POINT('',(3.4,37.5,5.6));
#4843 = DIRECTION('',(0.,1.,0.));
#4844 = DIRECTION('',(-1.,0.,0.));
#4845 = PCURVE('',#4766,#4846);
#4846 = DEFINITIONAL_REPRESENTATION('',(#4847),#4851);
#4847 = LINE('',#4848,#4849);
#4848 = CARTESIAN_POINT('',(0.,3.));
#4849 = VECTOR('',#4850,1.);
#4850 = DIRECTION('',(1.,0.));
#4851 = ( GEOMETRIC_REPRESENTATION_CONTEXT(2) 
PARAMETRIC_REPRESENTATION_CONTEXT() REPRESENTATION_CONTEXT('2D SPACE',''
  ) );
#4852 = PCURVE('',#4853,#4858);
#4853 = TOROIDAL_SURFACE('',#4854,1.1,0.4);
#4854 = AXIS2_PLACEMENT_3D('',#4855,#4856,#4857);
#4855 = CARTESIAN_POINT('',(4.5,37.5,5.6));
#4856 = DIRECTION('',(0.,0.,1.));
#4857 = DIRECTION('',(-1.,0.,0.));
#4858 = DEFINITIONAL_REPRESENTATION('',(#4859),#4863);
#4859 = LINE('',#4860,#4861);
#4860 = CARTESIAN_POINT('',(-0.,0.));
#4861 = VECTOR('',#4862,1.);
#4862 = DIRECTION('',(-0.,1.));
#4863 = ( GEOMETRIC_REPRESENTATION_CONTEXT(2) 
PARAMETRIC_REPRESENTATION_CONTEXT() REPRESENTATION_CONTEXT('2D SPACE',''
  ) );
#4864 = ORIENTED_EDGE('',*,*,#4865,.F.);
#4865 = EDGE_CURVE('',#4643,#4837,#4866,.T.);
#4866 = SURFACE_CURVE('',#4867,(#4871,#4878),.PCURVE_S1.);
#4867 = LINE('',#4868,#4869);
#4868 = CARTESIAN_POINT('',(3.,34.5,5.6));
#4869 = VECTOR('',#4870,1.);
#4870 = DIRECTION('',(0.,1.,0.));
#4871 = PCURVE('',#4766,#4872);
#4872 = DEFINITIONAL_REPRESENTATION('',(#4873),#4877);
#4873 = LINE('',#4874,#4875);
#4874 = CARTESIAN_POINT('',(0.,0.));
#4875 = VECTOR('',#4876,1.);
#4876 = DIRECTION('',(0.,1.));
#4877 = ( GEOMETRIC_REPRESENTATION_CONTEXT(2) 
PARAMETRIC_REPRESENTATION_CONTEXT() REPRESENTATION_CONTEXT('2D SPACE',''
  ) );
#4878 = PCURVE('',#4087,#4879);
#4879 = DEFINITIONAL_REPRESENTATION('',(#4880),#4884);
#4880 = LINE('',#4881,#4882);
#4881 = CARTESIAN_POINT('',(2.6,-1.5));
#4882 = VECTOR('',#4883,1.);
#4883 = DIRECTION('',(0.,-1.));
#4884 = ( GEOMETRIC_REPRESENTATION_CONTEXT(2) 
PARAMETRIC_REPRESENTATION_CONTEXT() REPRESENTATION_CONTEXT('2D SPACE',''
  ) );
#4885 = ADVANCED_FACE('',(#4886),#4853,.T.);
#4886 = FACE_BOUND('',#4887,.F.);
#4887 = EDGE_LOOP('',(#4888,#4889,#4913,#4942));
#4888 = ORIENTED_EDGE('',*,*,#4836,.F.);
#4889 = ORIENTED_EDGE('',*,*,#4890,.T.);
#4890 = EDGE_CURVE('',#4837,#4891,#4893,.T.);
#4891 = VERTEX_POINT('',#4892);
#4892 = CARTESIAN_POINT('',(4.5,39.,5.6));
#4893 = SURFACE_CURVE('',#4894,(#4899,#4906),.PCURVE_S1.);
#4894 = CIRCLE('',#4895,1.5);
#4895 = AXIS2_PLACEMENT_3D('',#4896,#4897,#4898);
#4896 = CARTESIAN_POINT('',(4.5,37.5,5.6));
#4897 = DIRECTION('',(-0.,0.,-1.));
#4898 = DIRECTION('',(-1.,0.,0.));
#4899 = PCURVE('',#4853,#4900);
#4900 = DEFINITIONAL_REPRESENTATION('',(#4901),#4905);
#4901 = LINE('',#4902,#4903);
#4902 = CARTESIAN_POINT('',(-0.,0.));
#4903 = VECTOR('',#4904,1.);
#4904 = DIRECTION('',(-1.,0.));
#4905 = ( GEOMETRIC_REPRESENTATION_CONTEXT(2) 
PARAMETRIC_REPRESENTATION_CONTEXT() REPRESENTATION_CONTEXT('2D SPACE',''
  ) );
#4906 = PCURVE('',#4120,#4907);
#4907 = DEFINITIONAL_REPRESENTATION('',(#4908),#4912);
#4908 = LINE('',#4909,#4910);
#4909 = CARTESIAN_POINT('',(-0.,2.6));
#4910 = VECTOR('',#4911,1.);
#4911 = DIRECTION('',(-1.,0.));
#4912 = ( GEOMETRIC_REPRESENTATION_CONTEXT(2) 
PARAMETRIC_REPRESENTATION_CONTEXT() REPRESENTATION_CONTEXT('2D SPACE',''
  ) );
#4913 = ORIENTED_EDGE('',*,*,#4914,.T.);
#4914 = EDGE_CURVE('',#4891,#4915,#4917,.T.);
#4915 = VERTEX_POINT('',#4916);
#4916 = CARTESIAN_POINT('',(4.5,38.6,6.));
#4917 = SURFACE_CURVE('',#4918,(#4923,#4930),.PCURVE_S1.);
#4918 = CIRCLE('',#4919,0.4);
#4919 = AXIS2_PLACEMENT_3D('',#4920,#4921,#4922);
#4920 = CARTESIAN_POINT('',(4.5,38.6,5.6));
#4921 = DIRECTION('',(1.,6.123233995737E-17,-0.));
#4922 = DIRECTION('',(-6.123233995737E-17,1.,0.));
#4923 = PCURVE('',#4853,#4924);
#4924 = DEFINITIONAL_REPRESENTATION('',(#4925),#4929);
#4925 = LINE('',#4926,#4927);
#4926 = CARTESIAN_POINT('',(-1.570796326795,0.));
#4927 = VECTOR('',#4928,1.);
#4928 = DIRECTION('',(-0.,1.));
#4929 = ( GEOMETRIC_REPRESENTATION_CONTEXT(2) 
PARAMETRIC_REPRESENTATION_CONTEXT() REPRESENTATION_CONTEXT('2D SPACE',''
  ) );
#4930 = PCURVE('',#4931,#4936);
#4931 = CYLINDRICAL_SURFACE('',#4932,0.4);
#4932 = AXIS2_PLACEMENT_3D('',#4933,#4934,#4935);
#4933 = CARTESIAN_POINT('',(4.5,38.6,5.6));
#4934 = DIRECTION('',(1.,0.,0.));
#4935 = DIRECTION('',(-0.,1.,0.));
#4936 = DEFINITIONAL_REPRESENTATION('',(#4937),#4941);
#4937 = LINE('',#4938,#4939);
#4938 = CARTESIAN_POINT('',(0.,0.));
#4939 = VECTOR('',#4940,1.);
#4940 = DIRECTION('',(1.,0.));
#4941 = ( GEOMETRIC_REPRESENTATION_CONTEXT(2) 
PARAMETRIC_REPRESENTATION_CONTEXT() REPRESENTATION_CONTEXT('2D SPACE',''
  ) );
#4942 = ORIENTED_EDGE('',*,*,#4943,.F.);
#4943 = EDGE_CURVE('',#4814,#4915,#4944,.T.);
#4944 = SURFACE_CURVE('',#4945,(#4950,#4957),.PCURVE_S1.);
#4945 = CIRCLE('',#4946,1.1);
#4946 = AXIS2_PLACEMENT_3D('',#4947,#4948,#4949);
#4947 = CARTESIAN_POINT('',(4.5,37.5,6.));
#4948 = DIRECTION('',(-0.,0.,-1.));
#4949 = DIRECTION('',(-1.,0.,0.));
#4950 = PCURVE('',#4853,#4951);
#4951 = DEFINITIONAL_REPRESENTATION('',(#4952),#4956);
#4952 = LINE('',#4953,#4954);
#4953 = CARTESIAN_POINT('',(-0.,1.570796326795));
#4954 = VECTOR('',#4955,1.);
#4955 = DIRECTION('',(-1.,0.));
#4956 = ( GEOMETRIC_REPRESENTATION_CONTEXT(2) 
PARAMETRIC_REPRESENTATION_CONTEXT() REPRESENTATION_CONTEXT('2D SPACE',''
  ) );
#4957 = PCURVE('',#4793,#4958);
#4958 = DEFINITIONAL_REPRESENTATION('',(#4959),#4967);
#4959 = ( BOUNDED_CURVE() B_SPLINE_CURVE(2,(#4960,#4961,#4962,#4963,
#4964,#4965,#4966),.UNSPECIFIED.,.T.,.F.) B_SPLINE_CURVE_WITH_KNOTS((1,2
    ,2,2,2,1),(-2.094395102393,0.,2.094395102393,4.188790204786,
6.28318530718,8.377580409573),.UNSPECIFIED.) CURVE() 
GEOMETRIC_REPRESENTATION_ITEM() RATIONAL_B_SPLINE_CURVE((1.,0.5,1.,0.5,
1.,0.5,1.)) REPRESENTATION_ITEM('') );
#4960 = CARTESIAN_POINT('',(0.4,4.5));
#4961 = CARTESIAN_POINT('',(0.4,6.405255888326));
#4962 = CARTESIAN_POINT('',(2.05,5.452627944163));
#4963 = CARTESIAN_POINT('',(3.7,4.5));
#4964 = CARTESIAN_POINT('',(2.05,3.547372055837));
#4965 = CARTESIAN_POINT('',(0.4,2.594744111674));
#4966 = CARTESIAN_POINT('',(0.4,4.5));
#4967 = ( GEOMETRIC_REPRESENTATION_CONTEXT(2) 
PARAMETRIC_REPRESENTATION_CONTEXT() REPRESENTATION_CONTEXT('2D SPACE',''
  ) );
#4968 = ADVANCED_FACE('',(#4969),#4931,.T.);
#4969 = FACE_BOUND('',#4970,.T.);
#4970 = EDGE_LOOP('',(#4971,#4972,#4995,#5024));
#4971 = ORIENTED_EDGE('',*,*,#4914,.T.);
#4972 = ORIENTED_EDGE('',*,*,#4973,.T.);
#4973 = EDGE_CURVE('',#4915,#4974,#4976,.T.);
#4974 = VERTEX_POINT('',#4975);
#4975 = CARTESIAN_POINT('',(7.5,38.6,6.));
#4976 = SURFACE_CURVE('',#4977,(#4981,#4988),.PCURVE_S1.);
#4977 = LINE('',#4978,#4979);
#4978 = CARTESIAN_POINT('',(4.5,38.6,6.));
#4979 = VECTOR('',#4980,1.);
#4980 = DIRECTION('',(1.,0.,0.));
#4981 = PCURVE('',#4931,#4982);
#4982 = DEFINITIONAL_REPRESENTATION('',(#4983),#4987);
#4983 = LINE('',#4984,#4985);
#4984 = CARTESIAN_POINT('',(1.570796326795,0.));
#4985 = VECTOR('',#4986,1.);
#4986 = DIRECTION('',(0.,1.));
#4987 = ( GEOMETRIC_REPRESENTATION_CONTEXT(2) 
PARAMETRIC_REPRESENTATION_CONTEXT() REPRESENTATION_CONTEXT('2D SPACE',''
  ) );
#4988 = PCURVE('',#4793,#4989);
#4989 = DEFINITIONAL_REPRESENTATION('',(#4990),#4994);
#4990 = LINE('',#4991,#4992);
#4991 = CARTESIAN_POINT('',(1.5,5.6));
#4992 = VECTOR('',#4993,1.);
#4993 = DIRECTION('',(1.,0.));
#4994 = ( GEOMETRIC_REPRESENTATION_CONTEXT(2) 
PARAMETRIC_REPRESENTATION_CONTEXT() REPRESENTATION_CONTEXT('2D SPACE',''
  ) );
#4995 = ORIENTED_EDGE('',*,*,#4996,.F.);
#4996 = EDGE_CURVE('',#4997,#4974,#4999,.T.);
#4997 = VERTEX_POINT('',#4998);
#4998 = CARTESIAN_POINT('',(7.5,39.,5.6));
#4999 = SURFACE_CURVE('',#5000,(#5005,#5012),.PCURVE_S1.);
#5000 = CIRCLE('',#5001,0.4);
#5001 = AXIS2_PLACEMENT_3D('',#5002,#5003,#5004);
#5002 = CARTESIAN_POINT('',(7.5,38.6,5.6));
#5003 = DIRECTION('',(1.,0.,0.));
#5004 = DIRECTION('',(-0.,1.,0.));
#5005 = PCURVE('',#4931,#5006);
#5006 = DEFINITIONAL_REPRESENTATION('',(#5007),#5011);
#5007 = LINE('',#5008,#5009);
#5008 = CARTESIAN_POINT('',(0.,3.));
#5009 = VECTOR('',#5010,1.);
#5010 = DIRECTION('',(1.,0.));
#5011 = ( GEOMETRIC_REPRESENTATION_CONTEXT(2) 
PARAMETRIC_REPRESENTATION_CONTEXT() REPRESENTATION_CONTEXT('2D SPACE',''
  ) );
#5012 = PCURVE('',#5013,#5018);
#5013 = TOROIDAL_SURFACE('',#5014,1.1,0.4);
#5014 = AXIS2_PLACEMENT_3D('',#5015,#5016,#5017);
#5015 = CARTESIAN_POINT('',(7.5,37.5,5.6));
#5016 = DIRECTION('',(0.,0.,1.));
#5017 = DIRECTION('',(2.960594732334E-16,1.,-0.));
#5018 = DEFINITIONAL_REPRESENTATION('',(#5019),#5023);
#5019 = LINE('',#5020,#5021);
#5020 = CARTESIAN_POINT('',(-0.,0.));
#5021 = VECTOR('',#5022,1.);
#5022 = DIRECTION('',(-0.,1.));
#5023 = ( GEOMETRIC_REPRESENTATION_CONTEXT(2) 
PARAMETRIC_REPRESENTATION_CONTEXT() REPRESENTATION_CONTEXT('2D SPACE',''
  ) );
#5024 = ORIENTED_EDGE('',*,*,#5025,.F.);
#5025 = EDGE_CURVE('',#4891,#4997,#5026,.T.);
#5026 = SURFACE_CURVE('',#5027,(#5031,#5038),.PCURVE_S1.);
#5027 = LINE('',#5028,#5029);
#5028 = CARTESIAN_POINT('',(4.5,39.,5.6));
#5029 = VECTOR('',#5030,1.);
#5030 = DIRECTION('',(1.,0.,0.));
#5031 = PCURVE('',#4931,#5032);
#5032 = DEFINITIONAL_REPRESENTATION('',(#5033),#5037);
#5033 = LINE('',#5034,#5035);
#5034 = CARTESIAN_POINT('',(0.,0.));
#5035 = VECTOR('',#5036,1.);
#5036 = DIRECTION('',(0.,1.));
#5037 = ( GEOMETRIC_REPRESENTATION_CONTEXT(2) 
PARAMETRIC_REPRESENTATION_CONTEXT() REPRESENTATION_CONTEXT('2D SPACE',''
  ) );
#5038 = PCURVE('',#4148,#5039);
#5039 = DEFINITIONAL_REPRESENTATION('',(#5040),#5044);
#5040 = LINE('',#5041,#5042);
#5041 = CARTESIAN_POINT('',(2.6,1.5));
#5042 = VECTOR('',#5043,1.);
#5043 = DIRECTION('',(0.,1.));
#5044 = ( GEOMETRIC_REPRESENTATION_CONTEXT(2) 
PARAMETRIC_REPRESENTATION_CONTEXT() REPRESENTATION_CONTEXT('2D SPACE',''
  ) );
#5045 = ADVANCED_FACE('',(#5046),#5013,.T.);
#5046 = FACE_BOUND('',#5047,.F.);
#5047 = EDGE_LOOP('',(#5048,#5049,#5073,#5102));
#5048 = ORIENTED_EDGE('',*,*,#4996,.F.);
#5049 = ORIENTED_EDGE('',*,*,#5050,.T.);
#5050 = EDGE_CURVE('',#4997,#5051,#5053,.T.);
#5051 = VERTEX_POINT('',#5052);
#5052 = CARTESIAN_POINT('',(9.,37.5,5.6));
#5053 = SURFACE_CURVE('',#5054,(#5059,#5066),.PCURVE_S1.);
#5054 = CIRCLE('',#5055,1.5);
#5055 = AXIS2_PLACEMENT_3D('',#5056,#5057,#5058);
#5056 = CARTESIAN_POINT('',(7.5,37.5,5.6));
#5057 = DIRECTION('',(0.,-0.,-1.));
#5058 = DIRECTION('',(2.960594732334E-16,1.,-0.));
#5059 = PCURVE('',#5013,#5060);
#5060 = DEFINITIONAL_REPRESENTATION('',(#5061),#5065);
#5061 = LINE('',#5062,#5063);
#5062 = CARTESIAN_POINT('',(-0.,0.));
#5063 = VECTOR('',#5064,1.);
#5064 = DIRECTION('',(-1.,0.));
#5065 = ( GEOMETRIC_REPRESENTATION_CONTEXT(2) 
PARAMETRIC_REPRESENTATION_CONTEXT() REPRESENTATION_CONTEXT('2D SPACE',''
  ) );
#5066 = PCURVE('',#4177,#5067);
#5067 = DEFINITIONAL_REPRESENTATION('',(#5068),#5072);
#5068 = LINE('',#5069,#5070);
#5069 = CARTESIAN_POINT('',(1.570796326795,2.6));
#5070 = VECTOR('',#5071,1.);
#5071 = DIRECTION('',(-1.,-0.));
#5072 = ( GEOMETRIC_REPRESENTATION_CONTEXT(2) 
PARAMETRIC_REPRESENTATION_CONTEXT() REPRESENTATION_CONTEXT('2D SPACE',''
  ) );
#5073 = ORIENTED_EDGE('',*,*,#5074,.T.);
#5074 = EDGE_CURVE('',#5051,#5075,#5077,.T.);
#5075 = VERTEX_POINT('',#5076);
#5076 = CARTESIAN_POINT('',(8.6,37.5,6.));
#5077 = SURFACE_CURVE('',#5078,(#5083,#5090),.PCURVE_S1.);
#5078 = CIRCLE('',#5079,0.4);
#5079 = AXIS2_PLACEMENT_3D('',#5080,#5081,#5082);
#5080 = CARTESIAN_POINT('',(8.6,37.5,5.6));
#5081 = DIRECTION('',(-2.34827133276E-16,-1.,0.));
#5082 = DIRECTION('',(1.,-2.34827133276E-16,-0.));
#5083 = PCURVE('',#5013,#5084);
#5084 = DEFINITIONAL_REPRESENTATION('',(#5085),#5089);
#5085 = LINE('',#5086,#5087);
#5086 = CARTESIAN_POINT('',(-1.570796326795,0.));
#5087 = VECTOR('',#5088,1.);
#5088 = DIRECTION('',(-0.,1.));
#5089 = ( GEOMETRIC_REPRESENTATION_CONTEXT(2) 
PARAMETRIC_REPRESENTATION_CONTEXT() REPRESENTATION_CONTEXT('2D SPACE',''
  ) );
#5090 = PCURVE('',#5091,#5096);
#5091 = CYLINDRICAL_SURFACE('',#5092,0.4);
#5092 = AXIS2_PLACEMENT_3D('',#5093,#5094,#5095);
#5093 = CARTESIAN_POINT('',(8.6,37.5,5.6));
#5094 = DIRECTION('',(-0.,-1.,-0.));
#5095 = DIRECTION('',(1.,0.,-0.));
#5096 = DEFINITIONAL_REPRESENTATION('',(#5097),#5101);
#5097 = LINE('',#5098,#5099);
#5098 = CARTESIAN_POINT('',(0.,0.));
#5099 = VECTOR('',#5100,1.);
#5100 = DIRECTION('',(1.,0.));
#5101 = ( GEOMETRIC_REPRESENTATION_CONTEXT(2) 
PARAMETRIC_REPRESENTATION_CONTEXT() REPRESENTATION_CONTEXT('2D SPACE',''
  ) );
#5102 = ORIENTED_EDGE('',*,*,#5103,.F.);
#5103 = EDGE_CURVE('',#4974,#5075,#5104,.T.);
#5104 = SURFACE_CURVE('',#5105,(#5110,#5117),.PCURVE_S1.);
#5105 = CIRCLE('',#5106,1.1);
#5106 = AXIS2_PLACEMENT_3D('',#5107,#5108,#5109);
#5107 = CARTESIAN_POINT('',(7.5,37.5,6.));
#5108 = DIRECTION('',(0.,-0.,-1.));
#5109 = DIRECTION('',(2.960594732334E-16,1.,-0.));
#5110 = PCURVE('',#5013,#5111);
#5111 = DEFINITIONAL_REPRESENTATION('',(#5112),#5116);
#5112 = LINE('',#5113,#5114);
#5113 = CARTESIAN_POINT('',(-0.,1.570796326795));
#5114 = VECTOR('',#5115,1.);
#5115 = DIRECTION('',(-1.,0.));
#5116 = ( GEOMETRIC_REPRESENTATION_CONTEXT(2) 
PARAMETRIC_REPRESENTATION_CONTEXT() REPRESENTATION_CONTEXT('2D SPACE',''
  ) );
#5117 = PCURVE('',#4793,#5118);
#5118 = DEFINITIONAL_REPRESENTATION('',(#5119),#5127);
#5119 = ( BOUNDED_CURVE() B_SPLINE_CURVE(2,(#5120,#5121,#5122,#5123,
#5124,#5125,#5126),.UNSPECIFIED.,.T.,.F.) B_SPLINE_CURVE_WITH_KNOTS((1,2
    ,2,2,2,1),(-2.094395102393,0.,2.094395102393,4.188790204786,
6.28318530718,8.377580409573),.UNSPECIFIED.) CURVE() 
GEOMETRIC_REPRESENTATION_ITEM() RATIONAL_B_SPLINE_CURVE((1.,0.5,1.,0.5,
1.,0.5,1.)) REPRESENTATION_ITEM('') );
#5120 = CARTESIAN_POINT('',(4.5,5.6));
#5121 = CARTESIAN_POINT('',(6.405255888326,5.6));
#5122 = CARTESIAN_POINT('',(5.452627944163,3.95));
#5123 = CARTESIAN_POINT('',(4.5,2.3));
#5124 = CARTESIAN_POINT('',(3.547372055837,3.95));
#5125 = CARTESIAN_POINT('',(2.594744111674,5.6));
#5126 = CARTESIAN_POINT('',(4.5,5.6));
#5127 = ( GEOMETRIC_REPRESENTATION_CONTEXT(2) 
PARAMETRIC_REPRESENTATION_CONTEXT() REPRESENTATION_CONTEXT('2D SPACE',''
  ) );
#5128 = ADVANCED_FACE('',(#5129),#5091,.T.);
#5129 = FACE_BOUND('',#5130,.T.);
#5130 = EDGE_LOOP('',(#5131,#5132,#5155,#5184));
#5131 = ORIENTED_EDGE('',*,*,#5074,.T.);
#5132 = ORIENTED_EDGE('',*,*,#5133,.T.);
#5133 = EDGE_CURVE('',#5075,#5134,#5136,.T.);
#5134 = VERTEX_POINT('',#5135);
#5135 = CARTESIAN_POINT('',(8.6,34.5,6.));
#5136 = SURFACE_CURVE('',#5137,(#5141,#5148),.PCURVE_S1.);
#5137 = LINE('',#5138,#5139);
#5138 = CARTESIAN_POINT('',(8.6,37.5,6.));
#5139 = VECTOR('',#5140,1.);
#5140 = DIRECTION('',(-0.,-1.,-0.));
#5141 = PCURVE('',#5091,#5142);
#5142 = DEFINITIONAL_REPRESENTATION('',(#5143),#5147);
#5143 = LINE('',#5144,#5145);
#5144 = CARTESIAN_POINT('',(1.570796326795,0.));
#5145 = VECTOR('',#5146,1.);
#5146 = DIRECTION('',(0.,1.));
#5147 = ( GEOMETRIC_REPRESENTATION_CONTEXT(2) 
PARAMETRIC_REPRESENTATION_CONTEXT() REPRESENTATION_CONTEXT('2D SPACE',''
  ) );
#5148 = PCURVE('',#4793,#5149);
#5149 = DEFINITIONAL_REPRESENTATION('',(#5150),#5154);
#5150 = LINE('',#5151,#5152);
#5151 = CARTESIAN_POINT('',(5.6,4.5));
#5152 = VECTOR('',#5153,1.);
#5153 = DIRECTION('',(0.,-1.));
#5154 = ( GEOMETRIC_REPRESENTATION_CONTEXT(2) 
PARAMETRIC_REPRESENTATION_CONTEXT() REPRESENTATION_CONTEXT('2D SPACE',''
  ) );
#5155 = ORIENTED_EDGE('',*,*,#5156,.F.);
#5156 = EDGE_CURVE('',#5157,#5134,#5159,.T.);
#5157 = VERTEX_POINT('',#5158);
#5158 = CARTESIAN_POINT('',(9.,34.5,5.6));
#5159 = SURFACE_CURVE('',#5160,(#5165,#5172),.PCURVE_S1.);
#5160 = CIRCLE('',#5161,0.4);
#5161 = AXIS2_PLACEMENT_3D('',#5162,#5163,#5164);
#5162 = CARTESIAN_POINT('',(8.6,34.5,5.6));
#5163 = DIRECTION('',(0.,-1.,-0.));
#5164 = DIRECTION('',(1.,0.,-0.));
#5165 = PCURVE('',#5091,#5166);
#5166 = DEFINITIONAL_REPRESENTATION('',(#5167),#5171);
#5167 = LINE('',#5168,#5169);
#5168 = CARTESIAN_POINT('',(0.,3.));
#5169 = VECTOR('',#5170,1.);
#5170 = DIRECTION('',(1.,0.));
#5171 = ( GEOMETRIC_REPRESENTATION_CONTEXT(2) 
PARAMETRIC_REPRESENTATION_CONTEXT() REPRESENTATION_CONTEXT('2D SPACE',''
  ) );
#5172 = PCURVE('',#5173,#5178);
#5173 = TOROIDAL_SURFACE('',#5174,1.1,0.4);
#5174 = AXIS2_PLACEMENT_3D('',#5175,#5176,#5177);
#5175 = CARTESIAN_POINT('',(7.5,34.5,5.6));
#5176 = DIRECTION('',(0.,0.,1.));
#5177 = DIRECTION('',(1.,0.,-0.));
#5178 = DEFINITIONAL_REPRESENTATION('',(#5179),#5183);
#5179 = LINE('',#5180,#5181);
#5180 = CARTESIAN_POINT('',(-0.,0.));
#5181 = VECTOR('',#5182,1.);
#5182 = DIRECTION('',(-0.,1.));
#5183 = ( GEOMETRIC_REPRESENTATION_CONTEXT(2) 
PARAMETRIC_REPRESENTATION_CONTEXT() REPRESENTATION_CONTEXT('2D SPACE',''
  ) );
#5184 = ORIENTED_EDGE('',*,*,#5185,.F.);
#5185 = EDGE_CURVE('',#5051,#5157,#5186,.T.);
#5186 = SURFACE_CURVE('',#5187,(#5191,#5198),.PCURVE_S1.);
#5187 = LINE('',#5188,#5189);
#5188 = CARTESIAN_POINT('',(9.,37.5,5.6));
#5189 = VECTOR('',#5190,1.);
#5190 = DIRECTION('',(-0.,-1.,-0.));
#5191 = PCURVE('',#5091,#5192);
#5192 = DEFINITIONAL_REPRESENTATION('',(#5193),#5197);
#5193 = LINE('',#5194,#5195);
#5194 = CARTESIAN_POINT('',(0.,0.));
#5195 = VECTOR('',#5196,1.);
#5196 = DIRECTION('',(0.,1.));
#5197 = ( GEOMETRIC_REPRESENTATION_CONTEXT(2) 
PARAMETRIC_REPRESENTATION_CONTEXT() REPRESENTATION_CONTEXT('2D SPACE',''
  ) );
#5198 = PCURVE('',#5199,#5204);
#5199 = PLANE('',#5200);
#5200 = AXIS2_PLACEMENT_3D('',#5201,#5202,#5203);
#5201 = CARTESIAN_POINT('',(9.,33.,3.));
#5202 = DIRECTION('',(1.,0.,0.));
#5203 = DIRECTION('',(0.,0.,1.));
#5204 = DEFINITIONAL_REPRESENTATION('',(#5205),#5209);
#5205 = LINE('',#5206,#5207);
#5206 = CARTESIAN_POINT('',(2.6,-4.5));
#5207 = VECTOR('',#5208,1.);
#5208 = DIRECTION('',(0.,1.));
#5209 = ( GEOMETRIC_REPRESENTATION_CONTEXT(2) 
PARAMETRIC_REPRESENTATION_CONTEXT() REPRESENTATION_CONTEXT('2D SPACE',''
  ) );
#5210 = ADVANCED_FACE('',(#5211),#5173,.T.);
#5211 = FACE_BOUND('',#5212,.F.);
#5212 = EDGE_LOOP('',(#5213,#5214,#5238,#5262));
#5213 = ORIENTED_EDGE('',*,*,#5156,.F.);
#5214 = ORIENTED_EDGE('',*,*,#5215,.T.);
#5215 = EDGE_CURVE('',#5157,#5216,#5218,.T.);
#5216 = VERTEX_POINT('',#5217);
#5217 = CARTESIAN_POINT('',(7.5,33.,5.6));
#5218 = SURFACE_CURVE('',#5219,(#5224,#5231),.PCURVE_S1.);
#5219 = CIRCLE('',#5220,1.5);
#5220 = AXIS2_PLACEMENT_3D('',#5221,#5222,#5223);
#5221 = CARTESIAN_POINT('',(7.5,34.5,5.6));
#5222 = DIRECTION('',(0.,-0.,-1.));
#5223 = DIRECTION('',(1.,0.,-0.));
#5224 = PCURVE('',#5173,#5225);
#5225 = DEFINITIONAL_REPRESENTATION('',(#5226),#5230);
#5226 = LINE('',#5227,#5228);
#5227 = CARTESIAN_POINT('',(-0.,0.));
#5228 = VECTOR('',#5229,1.);
#5229 = DIRECTION('',(-1.,0.));
#5230 = ( GEOMETRIC_REPRESENTATION_CONTEXT(2) 
PARAMETRIC_REPRESENTATION_CONTEXT() REPRESENTATION_CONTEXT('2D SPACE',''
  ) );
#5231 = PCURVE('',#4002,#5232);
#5232 = DEFINITIONAL_REPRESENTATION('',(#5233),#5237);
#5233 = LINE('',#5234,#5235);
#5234 = CARTESIAN_POINT('',(-0.,2.6));
#5235 = VECTOR('',#5236,1.);
#5236 = DIRECTION('',(-1.,0.));
#5237 = ( GEOMETRIC_REPRESENTATION_CONTEXT(2) 
PARAMETRIC_REPRESENTATION_CONTEXT() REPRESENTATION_CONTEXT('2D SPACE',''
  ) );
#5238 = ORIENTED_EDGE('',*,*,#5239,.T.);
#5239 = EDGE_CURVE('',#5216,#5240,#5242,.T.);
#5240 = VERTEX_POINT('',#5241);
#5241 = CARTESIAN_POINT('',(7.5,33.4,6.));
#5242 = SURFACE_CURVE('',#5243,(#5248,#5255),.PCURVE_S1.);
#5243 = CIRCLE('',#5244,0.4);
#5244 = AXIS2_PLACEMENT_3D('',#5245,#5246,#5247);
#5245 = CARTESIAN_POINT('',(7.5,33.4,5.6));
#5246 = DIRECTION('',(-1.,-6.123233995737E-17,0.));
#5247 = DIRECTION('',(6.123233995737E-17,-1.,-0.));
#5248 = PCURVE('',#5173,#5249);
#5249 = DEFINITIONAL_REPRESENTATION('',(#5250),#5254);
#5250 = LINE('',#5251,#5252);
#5251 = CARTESIAN_POINT('',(-1.570796326795,0.));
#5252 = VECTOR('',#5253,1.);
#5253 = DIRECTION('',(-0.,1.));
#5254 = ( GEOMETRIC_REPRESENTATION_CONTEXT(2) 
PARAMETRIC_REPRESENTATION_CONTEXT() REPRESENTATION_CONTEXT('2D SPACE',''
  ) );
#5255 = PCURVE('',#4736,#5256);
#5256 = DEFINITIONAL_REPRESENTATION('',(#5257),#5261);
#5257 = LINE('',#5258,#5259);
#5258 = CARTESIAN_POINT('',(0.,0.));
#5259 = VECTOR('',#5260,1.);
#5260 = DIRECTION('',(1.,0.));
#5261 = ( GEOMETRIC_REPRESENTATION_CONTEXT(2) 
PARAMETRIC_REPRESENTATION_CONTEXT() REPRESENTATION_CONTEXT('2D SPACE',''
  ) );
#5262 = ORIENTED_EDGE('',*,*,#5263,.F.);
#5263 = EDGE_CURVE('',#5134,#5240,#5264,.T.);
#5264 = SURFACE_CURVE('',#5265,(#5270,#5277),.PCURVE_S1.);
#5265 = CIRCLE('',#5266,1.1);
#5266 = AXIS2_PLACEMENT_3D('',#5267,#5268,#5269);
#5267 = CARTESIAN_POINT('',(7.5,34.5,6.));
#5268 = DIRECTION('',(0.,-0.,-1.));
#5269 = DIRECTION('',(1.,0.,-0.));
#5270 = PCURVE('',#5173,#5271);
#5271 = DEFINITIONAL_REPRESENTATION('',(#5272),#5276);
#5272 = LINE('',#5273,#5274);
#5273 = CARTESIAN_POINT('',(-0.,1.570796326795));
#5274 = VECTOR('',#5275,1.);
#5275 = DIRECTION('',(-1.,0.));
#5276 = ( GEOMETRIC_REPRESENTATION_CONTEXT(2) 
PARAMETRIC_REPRESENTATION_CONTEXT() REPRESENTATION_CONTEXT('2D SPACE',''
  ) );
#5277 = PCURVE('',#4793,#5278);
#5278 = DEFINITIONAL_REPRESENTATION('',(#5279),#5287);
#5279 = ( BOUNDED_CURVE() B_SPLINE_CURVE(2,(#5280,#5281,#5282,#5283,
#5284,#5285,#5286),.UNSPECIFIED.,.T.,.F.) B_SPLINE_CURVE_WITH_KNOTS((1,2
    ,2,2,2,1),(-2.094395102393,0.,2.094395102393,4.188790204786,
6.28318530718,8.377580409573),.UNSPECIFIED.) CURVE() 
GEOMETRIC_REPRESENTATION_ITEM() RATIONAL_B_SPLINE_CURVE((1.,0.5,1.,0.5,
1.,0.5,1.)) REPRESENTATION_ITEM('') );
#5280 = CARTESIAN_POINT('',(5.6,1.5));
#5281 = CARTESIAN_POINT('',(5.6,-0.405255888326));
#5282 = CARTESIAN_POINT('',(3.95,0.547372055837));
#5283 = CARTESIAN_POINT('',(2.3,1.5));
#5284 = CARTESIAN_POINT('',(3.95,2.452627944163));
#5285 = CARTESIAN_POINT('',(5.6,3.405255888326));
#5286 = CARTESIAN_POINT('',(5.6,1.5));
#5287 = ( GEOMETRIC_REPRESENTATION_CONTEXT(2) 
PARAMETRIC_REPRESENTATION_CONTEXT() REPRESENTATION_CONTEXT('2D SPACE',''
  ) );
#5288 = ADVANCED_FACE('',(#5289),#5199,.T.);
#5289 = FACE_BOUND('',#5290,.T.);
#5290 = EDGE_LOOP('',(#5291,#5314,#5342,#5363));
#5291 = ORIENTED_EDGE('',*,*,#5292,.F.);
#5292 = EDGE_CURVE('',#5293,#5157,#5295,.T.);
#5293 = VERTEX_POINT('',#5294);
#5294 = CARTESIAN_POINT('',(9.,34.5,3.));
#5295 = SURFACE_CURVE('',#5296,(#5300,#5307),.PCURVE_S1.);
#5296 = LINE('',#5297,#5298);
#5297 = CARTESIAN_POINT('',(9.,34.5,3.));
#5298 = VECTOR('',#5299,1.);
#5299 = DIRECTION('',(0.,0.,1.));
#5300 = PCURVE('',#5199,#5301);
#5301 = DEFINITIONAL_REPRESENTATION('',(#5302),#5306);
#5302 = LINE('',#5303,#5304);
#5303 = CARTESIAN_POINT('',(0.,-1.5));
#5304 = VECTOR('',#5305,1.);
#5305 = DIRECTION('',(1.,0.));
#5306 = ( GEOMETRIC_REPRESENTATION_CONTEXT(2) 
PARAMETRIC_REPRESENTATION_CONTEXT() REPRESENTATION_CONTEXT('2D SPACE',''
  ) );
#5307 = PCURVE('',#4002,#5308);
#5308 = DEFINITIONAL_REPRESENTATION('',(#5309),#5313);
#5309 = LINE('',#5310,#5311);
#5310 = CARTESIAN_POINT('',(-0.,0.));
#5311 = VECTOR('',#5312,1.);
#5312 = DIRECTION('',(-0.,1.));
#5313 = ( GEOMETRIC_REPRESENTATION_CONTEXT(2) 
PARAMETRIC_REPRESENTATION_CONTEXT() REPRESENTATION_CONTEXT('2D SPACE',''
  ) );
#5314 = ORIENTED_EDGE('',*,*,#5315,.T.);
#5315 = EDGE_CURVE('',#5293,#5316,#5318,.T.);
#5316 = VERTEX_POINT('',#5317);
#5317 = CARTESIAN_POINT('',(9.,37.5,3.));
#5318 = SURFACE_CURVE('',#5319,(#5323,#5330),.PCURVE_S1.);
#5319 = LINE('',#5320,#5321);
#5320 = CARTESIAN_POINT('',(9.,33.,3.));
#5321 = VECTOR('',#5322,1.);
#5322 = DIRECTION('',(0.,1.,0.));
#5323 = PCURVE('',#5199,#5324);
#5324 = DEFINITIONAL_REPRESENTATION('',(#5325),#5329);
#5325 = LINE('',#5326,#5327);
#5326 = CARTESIAN_POINT('',(0.,0.));
#5327 = VECTOR('',#5328,1.);
#5328 = DIRECTION('',(0.,-1.));
#5329 = ( GEOMETRIC_REPRESENTATION_CONTEXT(2) 
PARAMETRIC_REPRESENTATION_CONTEXT() REPRESENTATION_CONTEXT('2D SPACE',''
  ) );
#5330 = PCURVE('',#5331,#5336);
#5331 = PLANE('',#5332);
#5332 = AXIS2_PLACEMENT_3D('',#5333,#5334,#5335);
#5333 = CARTESIAN_POINT('',(3.,33.,3.));
#5334 = DIRECTION('',(0.,0.,1.));
#5335 = DIRECTION('',(1.,0.,0.));
#5336 = DEFINITIONAL_REPRESENTATION('',(#5337),#5341);
#5337 = LINE('',#5338,#5339);
#5338 = CARTESIAN_POINT('',(6.,0.));
#5339 = VECTOR('',#5340,1.);
#5340 = DIRECTION('',(0.,1.));
#5341 = ( GEOMETRIC_REPRESENTATION_CONTEXT(2) 
PARAMETRIC_REPRESENTATION_CONTEXT() REPRESENTATION_CONTEXT('2D SPACE',''
  ) );
#5342 = ORIENTED_EDGE('',*,*,#5343,.T.);
#5343 = EDGE_CURVE('',#5316,#5051,#5344,.T.);
#5344 = SURFACE_CURVE('',#5345,(#5349,#5356),.PCURVE_S1.);
#5345 = LINE('',#5346,#5347);
#5346 = CARTESIAN_POINT('',(9.,37.5,3.));
#5347 = VECTOR('',#5348,1.);
#5348 = DIRECTION('',(0.,0.,1.));
#5349 = PCURVE('',#5199,#5350);
#5350 = DEFINITIONAL_REPRESENTATION('',(#5351),#5355);
#5351 = LINE('',#5352,#5353);
#5352 = CARTESIAN_POINT('',(0.,-4.5));
#5353 = VECTOR('',#5354,1.);
#5354 = DIRECTION('',(1.,0.));
#5355 = ( GEOMETRIC_REPRESENTATION_CONTEXT(2) 
PARAMETRIC_REPRESENTATION_CONTEXT() REPRESENTATION_CONTEXT('2D SPACE',''
  ) );
#5356 = PCURVE('',#4177,#5357);
#5357 = DEFINITIONAL_REPRESENTATION('',(#5358),#5362);
#5358 = LINE('',#5359,#5360);
#5359 = CARTESIAN_POINT('',(0.,0.));
#5360 = VECTOR('',#5361,1.);
#5361 = DIRECTION('',(0.,1.));
#5362 = ( GEOMETRIC_REPRESENTATION_CONTEXT(2) 
PARAMETRIC_REPRESENTATION_CONTEXT() REPRESENTATION_CONTEXT('2D SPACE',''
  ) );
#5363 = ORIENTED_EDGE('',*,*,#5185,.T.);
#5364 = ADVANCED_FACE('',(#5365),#5331,.F.);
#5365 = FACE_BOUND('',#5366,.F.);
#5366 = EDGE_LOOP('',(#5367,#5388,#5414,#5415));
#5367 = ORIENTED_EDGE('',*,*,#5368,.T.);
#5368 = EDGE_CURVE('',#4161,#3959,#5369,.T.);
#5369 = SURFACE_CURVE('',#5370,(#5374,#5381),.PCURVE_S1.);
#5370 = LINE('',#5371,#5372);
#5371 = CARTESIAN_POINT('',(8.5,66.846573322597,3.));
#5372 = VECTOR('',#5373,1.);
#5373 = DIRECTION('',(0.,-1.,0.));
#5374 = PCURVE('',#5331,#5375);
#5375 = DEFINITIONAL_REPRESENTATION('',(#5376),#5380);
#5376 = LINE('',#5377,#5378);
#5377 = CARTESIAN_POINT('',(5.5,33.846573322597));
#5378 = VECTOR('',#5379,1.);
#5379 = DIRECTION('',(0.,-1.));
#5380 = ( GEOMETRIC_REPRESENTATION_CONTEXT(2) 
PARAMETRIC_REPRESENTATION_CONTEXT() REPRESENTATION_CONTEXT('2D SPACE',''
  ) );
#5381 = PCURVE('',#44,#5382);
#5382 = DEFINITIONAL_REPRESENTATION('',(#5383),#5387);
#5383 = LINE('',#5384,#5385);
#5384 = CARTESIAN_POINT('',(1.570796326795,0.));
#5385 = VECTOR('',#5386,1.);
#5386 = DIRECTION('',(0.,1.));
#5387 = ( GEOMETRIC_REPRESENTATION_CONTEXT(2) 
PARAMETRIC_REPRESENTATION_CONTEXT() REPRESENTATION_CONTEXT('2D SPACE',''
  ) );
#5388 = ORIENTED_EDGE('',*,*,#5389,.F.);
#5389 = EDGE_CURVE('',#5293,#3959,#5390,.T.);
#5390 = SURFACE_CURVE('',#5391,(#5396,#5407),.PCURVE_S1.);
#5391 = CIRCLE('',#5392,1.5);
#5392 = AXIS2_PLACEMENT_3D('',#5393,#5394,#5395);
#5393 = CARTESIAN_POINT('',(7.5,34.5,3.));
#5394 = DIRECTION('',(-0.,-0.,-1.));
#5395 = DIRECTION('',(0.,-1.,0.));
#5396 = PCURVE('',#5331,#5397);
#5397 = DEFINITIONAL_REPRESENTATION('',(#5398),#5406);
#5398 = ( BOUNDED_CURVE() B_SPLINE_CURVE(2,(#5399,#5400,#5401,#5402,
#5403,#5404,#5405),.UNSPECIFIED.,.T.,.F.) B_SPLINE_CURVE_WITH_KNOTS((1,2
    ,2,2,2,1),(-2.094395102393,0.,2.094395102393,4.188790204786,
6.28318530718,8.377580409573),.UNSPECIFIED.) CURVE() 
GEOMETRIC_REPRESENTATION_ITEM() RATIONAL_B_SPLINE_CURVE((1.,0.5,1.,0.5,
1.,0.5,1.)) REPRESENTATION_ITEM('') );
#5399 = CARTESIAN_POINT('',(4.5,0.));
#5400 = CARTESIAN_POINT('',(1.901923788647,0.));
#5401 = CARTESIAN_POINT('',(3.200961894323,2.25));
#5402 = CARTESIAN_POINT('',(4.5,4.5));
#5403 = CARTESIAN_POINT('',(5.799038105677,2.25));
#5404 = CARTESIAN_POINT('',(7.098076211353,2.22044604925E-15));
#5405 = CARTESIAN_POINT('',(4.5,0.));
#5406 = ( GEOMETRIC_REPRESENTATION_CONTEXT(2) 
PARAMETRIC_REPRESENTATION_CONTEXT() REPRESENTATION_CONTEXT('2D SPACE',''
  ) );
#5407 = PCURVE('',#4002,#5408);
#5408 = DEFINITIONAL_REPRESENTATION('',(#5409),#5413);
#5409 = LINE('',#5410,#5411);
#5410 = CARTESIAN_POINT('',(4.712388980385,-0.));
#5411 = VECTOR('',#5412,1.);
#5412 = DIRECTION('',(-1.,0.));
#5413 = ( GEOMETRIC_REPRESENTATION_CONTEXT(2) 
PARAMETRIC_REPRESENTATION_CONTEXT() REPRESENTATION_CONTEXT('2D SPACE',''
  ) );
#5414 = ORIENTED_EDGE('',*,*,#5315,.T.);
#5415 = ORIENTED_EDGE('',*,*,#5416,.T.);
#5416 = EDGE_CURVE('',#5316,#4161,#5417,.T.);
#5417 = SURFACE_CURVE('',#5418,(#5423,#5430),.PCURVE_S1.);
#5418 = CIRCLE('',#5419,1.5);
#5419 = AXIS2_PLACEMENT_3D('',#5420,#5421,#5422);
#5420 = CARTESIAN_POINT('',(7.5,37.5,3.));
#5421 = DIRECTION('',(0.,0.,1.));
#5422 = DIRECTION('',(0.,-1.,0.));
#5423 = PCURVE('',#5331,#5424);
#5424 = DEFINITIONAL_REPRESENTATION('',(#5425),#5429);
#5425 = CIRCLE('',#5426,1.5);
#5426 = AXIS2_PLACEMENT_2D('',#5427,#5428);
#5427 = CARTESIAN_POINT('',(4.5,4.5));
#5428 = DIRECTION('',(0.,-1.));
#5429 = ( GEOMETRIC_REPRESENTATION_CONTEXT(2) 
PARAMETRIC_REPRESENTATION_CONTEXT() REPRESENTATION_CONTEXT('2D SPACE',''
  ) );
#5430 = PCURVE('',#4177,#5431);
#5431 = DEFINITIONAL_REPRESENTATION('',(#5432),#5436);
#5432 = LINE('',#5433,#5434);
#5433 = CARTESIAN_POINT('',(-1.570796326795,0.));
#5434 = VECTOR('',#5435,1.);
#5435 = DIRECTION('',(1.,0.));
#5436 = ( GEOMETRIC_REPRESENTATION_CONTEXT(2) 
PARAMETRIC_REPRESENTATION_CONTEXT() REPRESENTATION_CONTEXT('2D SPACE',''
  ) );
#5437 = ADVANCED_FACE('',(#5438,#5468),#4793,.T.);
#5438 = FACE_BOUND('',#5439,.T.);
#5439 = EDGE_LOOP('',(#5440,#5441,#5442,#5463,#5464,#5465,#5466,#5467));
#5440 = ORIENTED_EDGE('',*,*,#4813,.F.);
#5441 = ORIENTED_EDGE('',*,*,#4778,.F.);
#5442 = ORIENTED_EDGE('',*,*,#5443,.F.);
#5443 = EDGE_CURVE('',#5240,#4720,#5444,.T.);
#5444 = SURFACE_CURVE('',#5445,(#5449,#5456),.PCURVE_S1.);
#5445 = LINE('',#5446,#5447);
#5446 = CARTESIAN_POINT('',(7.5,33.4,6.));
#5447 = VECTOR('',#5448,1.);
#5448 = DIRECTION('',(-1.,-0.,-0.));
#5449 = PCURVE('',#4793,#5450);
#5450 = DEFINITIONAL_REPRESENTATION('',(#5451),#5455);
#5451 = LINE('',#5452,#5453);
#5452 = CARTESIAN_POINT('',(4.5,0.4));
#5453 = VECTOR('',#5454,1.);
#5454 = DIRECTION('',(-1.,0.));
#5455 = ( GEOMETRIC_REPRESENTATION_CONTEXT(2) 
PARAMETRIC_REPRESENTATION_CONTEXT() REPRESENTATION_CONTEXT('2D SPACE',''
  ) );
#5456 = PCURVE('',#4736,#5457);
#5457 = DEFINITIONAL_REPRESENTATION('',(#5458),#5462);
#5458 = LINE('',#5459,#5460);
#5459 = CARTESIAN_POINT('',(1.570796326795,0.));
#5460 = VECTOR('',#5461,1.);
#5461 = DIRECTION('',(0.,1.));
#5462 = ( GEOMETRIC_REPRESENTATION_CONTEXT(2) 
PARAMETRIC_REPRESENTATION_CONTEXT() REPRESENTATION_CONTEXT('2D SPACE',''
  ) );
#5463 = ORIENTED_EDGE('',*,*,#5263,.F.);
#5464 = ORIENTED_EDGE('',*,*,#5133,.F.);
#5465 = ORIENTED_EDGE('',*,*,#5103,.F.);
#5466 = ORIENTED_EDGE('',*,*,#4973,.F.);
#5467 = ORIENTED_EDGE('',*,*,#4943,.F.);
#5468 = FACE_BOUND('',#5469,.T.);
#5469 = EDGE_LOOP('',(#5470));
#5470 = ORIENTED_EDGE('',*,*,#5471,.F.);
#5471 = EDGE_CURVE('',#5472,#5472,#5474,.T.);
#5472 = VERTEX_POINT('',#5473);
#5473 = CARTESIAN_POINT('',(7.25,36.,6.));
#5474 = SURFACE_CURVE('',#5475,(#5480,#5487),.PCURVE_S1.);
#5475 = CIRCLE('',#5476,1.25);
#5476 = AXIS2_PLACEMENT_3D('',#5477,#5478,#5479);
#5477 = CARTESIAN_POINT('',(6.,36.,6.));
#5478 = DIRECTION('',(0.,0.,1.));
#5479 = DIRECTION('',(1.,0.,-0.));
#5480 = PCURVE('',#4793,#5481);
#5481 = DEFINITIONAL_REPRESENTATION('',(#5482),#5486);
#5482 = CIRCLE('',#5483,1.25);
#5483 = AXIS2_PLACEMENT_2D('',#5484,#5485);
#5484 = CARTESIAN_POINT('',(3.,3.));
#5485 = DIRECTION('',(1.,0.));
#5486 = ( GEOMETRIC_REPRESENTATION_CONTEXT(2) 
PARAMETRIC_REPRESENTATION_CONTEXT() REPRESENTATION_CONTEXT('2D SPACE',''
  ) );
#5487 = PCURVE('',#5488,#5493);
#5488 = CYLINDRICAL_SURFACE('',#5489,1.25);
#5489 = AXIS2_PLACEMENT_3D('',#5490,#5491,#5492);
#5490 = CARTESIAN_POINT('',(6.,36.,0.));
#5491 = DIRECTION('',(0.,0.,1.));
#5492 = DIRECTION('',(1.,0.,-0.));
#5493 = DEFINITIONAL_REPRESENTATION('',(#5494),#5498);
#5494 = LINE('',#5495,#5496);
#5495 = CARTESIAN_POINT('',(0.,6.));
#5496 = VECTOR('',#5497,1.);
#5497 = DIRECTION('',(1.,0.));
#5498 = ( GEOMETRIC_REPRESENTATION_CONTEXT(2) 
PARAMETRIC_REPRESENTATION_CONTEXT() REPRESENTATION_CONTEXT('2D SPACE',''
  ) );
#5499 = ADVANCED_FACE('',(#5500),#5488,.F.);
#5500 = FACE_BOUND('',#5501,.F.);
#5501 = EDGE_LOOP('',(#5502,#5503,#5526,#5548));
#5502 = ORIENTED_EDGE('',*,*,#5471,.F.);
#5503 = ORIENTED_EDGE('',*,*,#5504,.F.);
#5504 = EDGE_CURVE('',#5505,#5472,#5507,.T.);
#5505 = VERTEX_POINT('',#5506);
#5506 = CARTESIAN_POINT('',(7.25,36.,0.));
#5507 = SEAM_CURVE('',#5508,(#5512,#5519),.PCURVE_S1.);
#5508 = LINE('',#5509,#5510);
#5509 = CARTESIAN_POINT('',(7.25,36.,0.));
#5510 = VECTOR('',#5511,1.);
#5511 = DIRECTION('',(0.,0.,1.));
#5512 = PCURVE('',#5488,#5513);
#5513 = DEFINITIONAL_REPRESENTATION('',(#5514),#5518);
#5514 = LINE('',#5515,#5516);
#5515 = CARTESIAN_POINT('',(6.28318530718,-0.));
#5516 = VECTOR('',#5517,1.);
#5517 = DIRECTION('',(0.,1.));
#5518 = ( GEOMETRIC_REPRESENTATION_CONTEXT(2) 
PARAMETRIC_REPRESENTATION_CONTEXT() REPRESENTATION_CONTEXT('2D SPACE',''
  ) );
#5519 = PCURVE('',#5488,#5520);
#5520 = DEFINITIONAL_REPRESENTATION('',(#5521),#5525);
#5521 = LINE('',#5522,#5523);
#5522 = CARTESIAN_POINT('',(0.,-0.));
#5523 = VECTOR('',#5524,1.);
#5524 = DIRECTION('',(0.,1.));
#5525 = ( GEOMETRIC_REPRESENTATION_CONTEXT(2) 
PARAMETRIC_REPRESENTATION_CONTEXT() REPRESENTATION_CONTEXT('2D SPACE',''
  ) );
#5526 = ORIENTED_EDGE('',*,*,#5527,.T.);
#5527 = EDGE_CURVE('',#5505,#5505,#5528,.T.);
#5528 = SURFACE_CURVE('',#5529,(#5534,#5541),.PCURVE_S1.);
#5529 = CIRCLE('',#5530,1.25);
#5530 = AXIS2_PLACEMENT_3D('',#5531,#5532,#5533);
#5531 = CARTESIAN_POINT('',(6.,36.,0.));
#5532 = DIRECTION('',(0.,0.,1.));
#5533 = DIRECTION('',(1.,0.,-0.));
#5534 = PCURVE('',#5488,#5535);
#5535 = DEFINITIONAL_REPRESENTATION('',(#5536),#5540);
#5536 = LINE('',#5537,#5538);
#5537 = CARTESIAN_POINT('',(0.,0.));
#5538 = VECTOR('',#5539,1.);
#5539 = DIRECTION('',(1.,0.));
#5540 = ( GEOMETRIC_REPRESENTATION_CONTEXT(2) 
PARAMETRIC_REPRESENTATION_CONTEXT() REPRESENTATION_CONTEXT('2D SPACE',''
  ) );
#5541 = PCURVE('',#943,#5542);
#5542 = DEFINITIONAL_REPRESENTATION('',(#5543),#5547);
#5543 = CIRCLE('',#5544,1.25);
#5544 = AXIS2_PLACEMENT_2D('',#5545,#5546);
#5545 = CARTESIAN_POINT('',(15.,36.));
#5546 = DIRECTION('',(1.,0.));
#5547 = ( GEOMETRIC_REPRESENTATION_CONTEXT(2) 
PARAMETRIC_REPRESENTATION_CONTEXT() REPRESENTATION_CONTEXT('2D SPACE',''
  ) );
#5548 = ORIENTED_EDGE('',*,*,#5504,.T.);
#5549 = ADVANCED_FACE('',(#5550),#4736,.T.);
#5550 = FACE_BOUND('',#5551,.T.);
#5551 = EDGE_LOOP('',(#5552,#5553,#5554,#5555));
#5552 = ORIENTED_EDGE('',*,*,#5239,.T.);
#5553 = ORIENTED_EDGE('',*,*,#5443,.T.);
#5554 = ORIENTED_EDGE('',*,*,#4719,.F.);
#5555 = ORIENTED_EDGE('',*,*,#5556,.F.);
#5556 = EDGE_CURVE('',#5216,#4667,#5557,.T.);
#5557 = SURFACE_CURVE('',#5558,(#5562,#5569),.PCURVE_S1.);
#5558 = LINE('',#5559,#5560);
#5559 = CARTESIAN_POINT('',(7.5,33.,5.6));
#5560 = VECTOR('',#5561,1.);
#5561 = DIRECTION('',(-1.,-0.,-0.));
#5562 = PCURVE('',#4736,#5563);
#5563 = DEFINITIONAL_REPRESENTATION('',(#5564),#5568);
#5564 = LINE('',#5565,#5566);
#5565 = CARTESIAN_POINT('',(0.,0.));
#5566 = VECTOR('',#5567,1.);
#5567 = DIRECTION('',(0.,1.));
#5568 = ( GEOMETRIC_REPRESENTATION_CONTEXT(2) 
PARAMETRIC_REPRESENTATION_CONTEXT() REPRESENTATION_CONTEXT('2D SPACE',''
  ) );
#5569 = PCURVE('',#4030,#5570);
#5570 = DEFINITIONAL_REPRESENTATION('',(#5571),#5575);
#5571 = LINE('',#5572,#5573);
#5572 = CARTESIAN_POINT('',(2.6,4.5));
#5573 = VECTOR('',#5574,1.);
#5574 = DIRECTION('',(0.,-1.));
#5575 = ( GEOMETRIC_REPRESENTATION_CONTEXT(2) 
PARAMETRIC_REPRESENTATION_CONTEXT() REPRESENTATION_CONTEXT('2D SPACE',''
  ) );
#5576 = ADVANCED_FACE('',(#5577),#4087,.F.);
#5577 = FACE_BOUND('',#5578,.F.);
#5578 = EDGE_LOOP('',(#5579,#5580,#5581,#5602));
#5579 = ORIENTED_EDGE('',*,*,#4642,.F.);
#5580 = ORIENTED_EDGE('',*,*,#4071,.T.);
#5581 = ORIENTED_EDGE('',*,*,#5582,.T.);
#5582 = EDGE_CURVE('',#4072,#4837,#5583,.T.);
#5583 = SURFACE_CURVE('',#5584,(#5588,#5595),.PCURVE_S1.);
#5584 = LINE('',#5585,#5586);
#5585 = CARTESIAN_POINT('',(3.,37.5,3.));
#5586 = VECTOR('',#5587,1.);
#5587 = DIRECTION('',(0.,0.,1.));
#5588 = PCURVE('',#4087,#5589);
#5589 = DEFINITIONAL_REPRESENTATION('',(#5590),#5594);
#5590 = LINE('',#5591,#5592);
#5591 = CARTESIAN_POINT('',(0.,-4.5));
#5592 = VECTOR('',#5593,1.);
#5593 = DIRECTION('',(1.,0.));
#5594 = ( GEOMETRIC_REPRESENTATION_CONTEXT(2) 
PARAMETRIC_REPRESENTATION_CONTEXT() REPRESENTATION_CONTEXT('2D SPACE',''
  ) );
#5595 = PCURVE('',#4120,#5596);
#5596 = DEFINITIONAL_REPRESENTATION('',(#5597),#5601);
#5597 = LINE('',#5598,#5599);
#5598 = CARTESIAN_POINT('',(-0.,0.));
#5599 = VECTOR('',#5600,1.);
#5600 = DIRECTION('',(-0.,1.));
#5601 = ( GEOMETRIC_REPRESENTATION_CONTEXT(2) 
PARAMETRIC_REPRESENTATION_CONTEXT() REPRESENTATION_CONTEXT('2D SPACE',''
  ) );
#5602 = ORIENTED_EDGE('',*,*,#4865,.F.);
#5603 = ADVANCED_FACE('',(#5604),#4030,.F.);
#5604 = FACE_BOUND('',#5605,.F.);
#5605 = EDGE_LOOP('',(#5606,#5607,#5608,#5629));
#5606 = ORIENTED_EDGE('',*,*,#4666,.T.);
#5607 = ORIENTED_EDGE('',*,*,#5556,.F.);
#5608 = ORIENTED_EDGE('',*,*,#5609,.F.);
#5609 = EDGE_CURVE('',#3982,#5216,#5610,.T.);
#5610 = SURFACE_CURVE('',#5611,(#5615,#5622),.PCURVE_S1.);
#5611 = LINE('',#5612,#5613);
#5612 = CARTESIAN_POINT('',(7.5,33.,3.));
#5613 = VECTOR('',#5614,1.);
#5614 = DIRECTION('',(0.,0.,1.));
#5615 = PCURVE('',#4030,#5616);
#5616 = DEFINITIONAL_REPRESENTATION('',(#5617),#5621);
#5617 = LINE('',#5618,#5619);
#5618 = CARTESIAN_POINT('',(0.,4.5));
#5619 = VECTOR('',#5620,1.);
#5620 = DIRECTION('',(1.,0.));
#5621 = ( GEOMETRIC_REPRESENTATION_CONTEXT(2) 
PARAMETRIC_REPRESENTATION_CONTEXT() REPRESENTATION_CONTEXT('2D SPACE',''
  ) );
#5622 = PCURVE('',#4002,#5623);
#5623 = DEFINITIONAL_REPRESENTATION('',(#5624),#5628);
#5624 = LINE('',#5625,#5626);
#5625 = CARTESIAN_POINT('',(-1.570796326795,0.));
#5626 = VECTOR('',#5627,1.);
#5627 = DIRECTION('',(-0.,1.));
#5628 = ( GEOMETRIC_REPRESENTATION_CONTEXT(2) 
PARAMETRIC_REPRESENTATION_CONTEXT() REPRESENTATION_CONTEXT('2D SPACE',''
  ) );
#5629 = ORIENTED_EDGE('',*,*,#4014,.F.);
#5630 = ADVANCED_FACE('',(#5631),#4120,.T.);
#5631 = FACE_BOUND('',#5632,.F.);
#5632 = EDGE_LOOP('',(#5633,#5634,#5635,#5656));
#5633 = ORIENTED_EDGE('',*,*,#5582,.F.);
#5634 = ORIENTED_EDGE('',*,*,#4099,.T.);
#5635 = ORIENTED_EDGE('',*,*,#5636,.T.);
#5636 = EDGE_CURVE('',#4100,#4891,#5637,.T.);
#5637 = SURFACE_CURVE('',#5638,(#5642,#5649),.PCURVE_S1.);
#5638 = LINE('',#5639,#5640);
#5639 = CARTESIAN_POINT('',(4.5,39.,3.));
#5640 = VECTOR('',#5641,1.);
#5641 = DIRECTION('',(0.,0.,1.));
#5642 = PCURVE('',#4120,#5643);
#5643 = DEFINITIONAL_REPRESENTATION('',(#5644),#5648);
#5644 = LINE('',#5645,#5646);
#5645 = CARTESIAN_POINT('',(-1.570796326795,0.));
#5646 = VECTOR('',#5647,1.);
#5647 = DIRECTION('',(-0.,1.));
#5648 = ( GEOMETRIC_REPRESENTATION_CONTEXT(2) 
PARAMETRIC_REPRESENTATION_CONTEXT() REPRESENTATION_CONTEXT('2D SPACE',''
  ) );
#5649 = PCURVE('',#4148,#5650);
#5650 = DEFINITIONAL_REPRESENTATION('',(#5651),#5655);
#5651 = LINE('',#5652,#5653);
#5652 = CARTESIAN_POINT('',(0.,1.5));
#5653 = VECTOR('',#5654,1.);
#5654 = DIRECTION('',(1.,0.));
#5655 = ( GEOMETRIC_REPRESENTATION_CONTEXT(2) 
PARAMETRIC_REPRESENTATION_CONTEXT() REPRESENTATION_CONTEXT('2D SPACE',''
  ) );
#5656 = ORIENTED_EDGE('',*,*,#4890,.F.);
#5657 = ADVANCED_FACE('',(#5658),#4002,.T.);
#5658 = FACE_BOUND('',#5659,.F.);
#5659 = EDGE_LOOP('',(#5660,#5661,#5662,#5663,#5664));
#5660 = ORIENTED_EDGE('',*,*,#5292,.F.);
#5661 = ORIENTED_EDGE('',*,*,#5389,.T.);
#5662 = ORIENTED_EDGE('',*,*,#3981,.T.);
#5663 = ORIENTED_EDGE('',*,*,#5609,.T.);
#5664 = ORIENTED_EDGE('',*,*,#5215,.F.);
#5665 = ADVANCED_FACE('',(#5666),#4148,.T.);
#5666 = FACE_BOUND('',#5667,.T.);
#5667 = EDGE_LOOP('',(#5668,#5669,#5670,#5691));
#5668 = ORIENTED_EDGE('',*,*,#5636,.T.);
#5669 = ORIENTED_EDGE('',*,*,#5025,.T.);
#5670 = ORIENTED_EDGE('',*,*,#5671,.F.);
#5671 = EDGE_CURVE('',#4133,#4997,#5672,.T.);
#5672 = SURFACE_CURVE('',#5673,(#5677,#5684),.PCURVE_S1.);
#5673 = LINE('',#5674,#5675);
#5674 = CARTESIAN_POINT('',(7.5,39.,3.));
#5675 = VECTOR('',#5676,1.);
#5676 = DIRECTION('',(0.,0.,1.));
#5677 = PCURVE('',#4148,#5678);
#5678 = DEFINITIONAL_REPRESENTATION('',(#5679),#5683);
#5679 = LINE('',#5680,#5681);
#5680 = CARTESIAN_POINT('',(0.,4.5));
#5681 = VECTOR('',#5682,1.);
#5682 = DIRECTION('',(1.,0.));
#5683 = ( GEOMETRIC_REPRESENTATION_CONTEXT(2) 
PARAMETRIC_REPRESENTATION_CONTEXT() REPRESENTATION_CONTEXT('2D SPACE',''
  ) );
#5684 = PCURVE('',#4177,#5685);
#5685 = DEFINITIONAL_REPRESENTATION('',(#5686),#5690);
#5686 = LINE('',#5687,#5688);
#5687 = CARTESIAN_POINT('',(1.570796326795,0.));
#5688 = VECTOR('',#5689,1.);
#5689 = DIRECTION('',(0.,1.));
#5690 = ( GEOMETRIC_REPRESENTATION_CONTEXT(2) 
PARAMETRIC_REPRESENTATION_CONTEXT() REPRESENTATION_CONTEXT('2D SPACE',''
  ) );
#5691 = ORIENTED_EDGE('',*,*,#4132,.F.);
#5692 = ADVANCED_FACE('',(#5693),#4177,.T.);
#5693 = FACE_BOUND('',#5694,.T.);
#5694 = EDGE_LOOP('',(#5695,#5696,#5697,#5698,#5699));
#5695 = ORIENTED_EDGE('',*,*,#5343,.F.);
#5696 = ORIENTED_EDGE('',*,*,#5416,.T.);
#5697 = ORIENTED_EDGE('',*,*,#4160,.T.);
#5698 = ORIENTED_EDGE('',*,*,#5671,.T.);
#5699 = ORIENTED_EDGE('',*,*,#5050,.T.);
#5700 = ADVANCED_FACE('',(#5701),#4259,.T.);
#5701 = FACE_BOUND('',#5702,.T.);
#5702 = EDGE_LOOP('',(#5703,#5728,#5866,#5887,#5888,#5911));
#5703 = ORIENTED_EDGE('',*,*,#5704,.F.);
#5704 = EDGE_CURVE('',#5705,#5707,#5709,.T.);
#5705 = VERTEX_POINT('',#5706);
#5706 = CARTESIAN_POINT('',(4.369402382815,70.5,16.));
#5707 = VERTEX_POINT('',#5708);
#5708 = CARTESIAN_POINT('',(7.8,70.5,16.));
#5709 = SURFACE_CURVE('',#5710,(#5714,#5721),.PCURVE_S1.);
#5710 = LINE('',#5711,#5712);
#5711 = CARTESIAN_POINT('',(4.,70.5,16.));
#5712 = VECTOR('',#5713,1.);
#5713 = DIRECTION('',(1.,0.,-8.526512829121E-15));
#5714 = PCURVE('',#4259,#5715);
#5715 = DEFINITIONAL_REPRESENTATION('',(#5716),#5720);
#5716 = LINE('',#5717,#5718);
#5717 = CARTESIAN_POINT('',(13.756816492198,2.));
#5718 = VECTOR('',#5719,1.);
#5719 = DIRECTION('',(-8.057435878529E-15,-1.));
#5720 = ( GEOMETRIC_REPRESENTATION_CONTEXT(2) 
PARAMETRIC_REPRESENTATION_CONTEXT() REPRESENTATION_CONTEXT('2D SPACE',''
  ) );
#5721 = PCURVE('',#4376,#5722);
#5722 = DEFINITIONAL_REPRESENTATION('',(#5723),#5727);
#5723 = LINE('',#5724,#5725);
#5724 = CARTESIAN_POINT('',(-3.700054712492,4.));
#5725 = VECTOR('',#5726,1.);
#5726 = DIRECTION('',(8.526512829121E-15,1.));
#5727 = ( GEOMETRIC_REPRESENTATION_CONTEXT(2) 
PARAMETRIC_REPRESENTATION_CONTEXT() REPRESENTATION_CONTEXT('2D SPACE',''
  ) );
#5728 = ORIENTED_EDGE('',*,*,#5729,.F.);
#5729 = EDGE_CURVE('',#5730,#5705,#5732,.T.);
#5730 = VERTEX_POINT('',#5731);
#5731 = CARTESIAN_POINT('',(6.5,68.02750696328,8.857242338364));
#5732 = SURFACE_CURVE('',#5733,(#5758,#5786),.PCURVE_S1.);
#5733 = ( BOUNDED_CURVE() B_SPLINE_CURVE(12,(#5734,#5735,#5736,#5737,
    #5738,#5739,#5740,#5741,#5742,#5743,#5744,#5745,#5746,#5747,#5748,
    #5749,#5750,#5751,#5752,#5753,#5754,#5755,#5756,#5757),
.UNSPECIFIED.,.F.,.F.) B_SPLINE_CURVE_WITH_KNOTS((13,11,13),(
6.198231384554,7.274709179679,14.432146408198),.UNSPECIFIED.) CURVE() 
GEOMETRIC_REPRESENTATION_ITEM() RATIONAL_B_SPLINE_CURVE((1.,1.,1.,
    1.000000000001,0.999999999999,1.000000000002,0.999999999998,
    1.000000000001,0.999999999999,1.000000000001,1.,1.,1.,1.000000000001
    ,0.999999999997,1.000000000005,0.999999999993,1.000000000008,
    0.999999999993,1.000000000004,0.999999999998,1.000000000001,1.,1.)) 
REPRESENTATION_ITEM('') );
#5734 = CARTESIAN_POINT('',(6.5,68.02750696328,8.857242338364));
#5735 = CARTESIAN_POINT('',(6.5,68.066881383007,8.970990662019));
#5736 = CARTESIAN_POINT('',(6.49930997486,68.10625413729,9.084734174394)
  );
#5737 = CARTESIAN_POINT('',(6.497925837264,68.145631764238,
    9.198491763354));
#5738 = CARTESIAN_POINT('',(6.495849618823,68.185006154422,
    9.312240001665));
#5739 = CARTESIAN_POINT('',(6.493081811547,68.224377961363,
    9.425980777271));
#5740 = CARTESIAN_POINT('',(6.48961906257,68.263751844624,9.539727551135
    ));
#5741 = CARTESIAN_POINT('',(6.485455310036,68.30312126156,9.653461422284
    ));
#5742 = CARTESIAN_POINT('',(6.480584448353,68.342460523628,9.76710817937
    ));
#5743 = CARTESIAN_POINT('',(6.475002610656,68.38174183331,9.88058751845)
  );
#5744 = CARTESIAN_POINT('',(6.468708156711,68.420995017556,
    9.993985606273));
#5745 = CARTESIAN_POINT('',(6.461697454122,68.460427673795,
    10.10790216874));
#5746 = CARTESIAN_POINT('',(6.402472369423,68.767882747412,
    10.996105714745));
#5747 = CARTESIAN_POINT('',(6.318215643838,69.034685441038,
    11.766869051886));
#5748 = CARTESIAN_POINT('',(6.20045928901,69.294321209564,
    12.516927938741));
#5749 = CARTESIAN_POINT('',(6.047789066524,69.541787464929,
    13.231830454233));
#5750 = CARTESIAN_POINT('',(5.867313373212,69.770019381215,
    13.891167101297));
#5751 = CARTESIAN_POINT('',(5.649983468088,69.977640396738,
    14.490961146124));
#5752 = CARTESIAN_POINT('',(5.416654193246,70.153506995901,
    14.999020210385));
#5753 = CARTESIAN_POINT('',(5.152797576187,70.302667805019,
    15.429929214498));
#5754 = CARTESIAN_POINT('',(4.877372806807,70.412663163223,
    15.747693582642));
#5755 = CARTESIAN_POINT('',(4.591044415483,70.489324545193,
    15.969159797224));
#5756 = CARTESIAN_POINT('',(4.295448583128,70.52750696328,
    16.079464560587));
#5757 = CARTESIAN_POINT('',(4.,70.52750696328,16.079464560586));
#5758 = PCURVE('',#4259,#5759);
#5759 = DEFINITIONAL_REPRESENTATION('',(#5760),#5785);
#5760 = ( BOUNDED_CURVE() B_SPLINE_CURVE(12,(#5761,#5762,#5763,#5764,
    #5765,#5766,#5767,#5768,#5769,#5770,#5771,#5772,#5773,#5774,#5775,
    #5776,#5777,#5778,#5779,#5780,#5781,#5782,#5783,#5784),
.UNSPECIFIED.,.F.,.F.) B_SPLINE_CURVE_WITH_KNOTS((13,11,13),(
6.198231384554,7.274709179679,14.432146408198),.UNSPECIFIED.) CURVE() 
GEOMETRIC_REPRESENTATION_ITEM() RATIONAL_B_SPLINE_CURVE((1.,1.,1.,
    1.000000000001,0.999999999999,1.000000000002,0.999999999998,
    1.000000000001,0.999999999999,1.000000000001,1.,1.,1.,1.000000000001
    ,0.999999999997,1.000000000005,0.999999999993,1.000000000008,
    0.999999999993,1.000000000004,0.999999999998,1.000000000001,1.,1.)) 
REPRESENTATION_ITEM('') );
#5761 = CARTESIAN_POINT('',(6.198231384554,-0.5));
#5762 = CARTESIAN_POINT('',(6.318601754925,-0.5));
#5763 = CARTESIAN_POINT('',(6.438967033919,-0.49930997486));
#5764 = CARTESIAN_POINT('',(6.559347208989,-0.497925837264));
#5765 = CARTESIAN_POINT('',(6.679717489047,-0.495849618823));
#5766 = CARTESIAN_POINT('',(6.800079871947,-0.493081811547));
#5767 = CARTESIAN_POINT('',(6.920448602303,-0.48961906257));
#5768 = CARTESIAN_POINT('',(7.04080367879,-0.485455310036));
#5769 = CARTESIAN_POINT('',(7.161066569727,-0.480584448353));
#5770 = CARTESIAN_POINT('',(7.28115229614,-0.475002610656));
#5771 = CARTESIAN_POINT('',(7.40115204112,-0.468708156711));
#5772 = CARTESIAN_POINT('',(7.521700444604,-0.461697454122));
#5773 = CARTESIAN_POINT('',(8.461612228459,-0.402472369423));
#5774 = CARTESIAN_POINT('',(9.277246827533,-0.318215643838));
#5775 = CARTESIAN_POINT('',(10.070971632518,-0.20045928901));
#5776 = CARTESIAN_POINT('',(10.827493379859,-4.778906652362E-02));
#5777 = CARTESIAN_POINT('',(11.525214399876,0.132686626788));
#5778 = CARTESIAN_POINT('',(12.159926446631,0.350016531912));
#5779 = CARTESIAN_POINT('',(12.697563009264,0.583345806754));
#5780 = CARTESIAN_POINT('',(13.15355809345,0.847202423813));
#5781 = CARTESIAN_POINT('',(13.489821639629,1.122627193193));
#5782 = CARTESIAN_POINT('',(13.724180876031,1.408955584517));
#5783 = CARTESIAN_POINT('',(13.840907213553,1.704551416872));
#5784 = CARTESIAN_POINT('',(13.840907213553,2.));
#5785 = ( GEOMETRIC_REPRESENTATION_CONTEXT(2) 
PARAMETRIC_REPRESENTATION_CONTEXT() REPRESENTATION_CONTEXT('2D SPACE',''
  ) );
#5786 = PCURVE('',#5787,#5860);
#5787 = ( BOUNDED_SURFACE() B_SPLINE_SURFACE(2,12,(
    (#5788,#5789,#5790,#5791,#5792,#5793,#5794,#5795,#5796,#5797,#5798
      ,#5799,#5800,#5801,#5802,#5803,#5804,#5805,#5806,#5807,#5808,#5809
      ,#5810,#5811)
    ,(#5812,#5813,#5814,#5815,#5816,#5817,#5818,#5819,#5820,#5821,#5822
      ,#5823,#5824,#5825,#5826,#5827,#5828,#5829,#5830,#5831,#5832,#5833
      ,#5834,#5835)
    ,(#5836,#5837,#5838,#5839,#5840,#5841,#5842,#5843,#5844,#5845,#5846
      ,#5847,#5848,#5849,#5850,#5851,#5852,#5853,#5854,#5855,#5856,#5857
      ,#5858,#5859
)),.UNSPECIFIED.,.F.,.F.,.F.) B_SPLINE_SURFACE_WITH_KNOTS((3,3),(13,11,
    13),(0.,8.233915023643),(6.198231384554,7.274709179679,
14.432146408198),.UNSPECIFIED.) GEOMETRIC_REPRESENTATION_ITEM() 
RATIONAL_B_SPLINE_SURFACE((
    (1.,1.,1.,1.000000000001,0.999999999999,1.000000000002
      ,0.999999999998,1.000000000001,0.999999999999,1.000000000001,1.,1.
      ,1.,1.000000000001,0.999999999997,1.000000000005,0.999999999993
      ,1.000000000008,0.999999999993,1.000000000004,0.999999999998
      ,1.000000000001,1.,1.)
    ,(0.707106781187,0.712483898088,0.717816809531,0.723105745737
      ,0.728353805699,0.733563012244,0.738733869385,0.743866794123
      ,0.748963794827,0.754028768333,0.759064787904,0.764066754185
      ,0.801860378501,0.833024705811,0.862073788777,0.888455364158
      ,0.912700249659,0.932699037753,0.951383504688,0.964475150281
      ,0.976060492995,0.982756227967,0.986150615636,0.986150615636)
    ,(1.,1.,1.,1.000000000001,0.999999999999,1.000000000002
      ,0.999999999998,1.000000000001,0.999999999999,1.000000000001,1.,1.
      ,1.,1.000000000001,0.999999999997,1.000000000005,0.999999999993
      ,1.000000000008,0.999999999993,1.000000000004,0.999999999998
,1.000000000001,1.,1.))) REPRESENTATION_ITEM('') SURFACE() );
#5788 = CARTESIAN_POINT('',(6.,68.5,8.693687056422));
#5789 = CARTESIAN_POINT('',(6.,68.532188375522,8.809922856918));
#5790 = CARTESIAN_POINT('',(5.999434572993,68.564377656101,
    8.926163301585));
#5791 = CARTESIAN_POINT('',(5.998304703172,68.596564040813,
    9.042392091352));
#5792 = CARTESIAN_POINT('',(5.996608885997,68.628749762121,
    9.158625097568));
#5793 = CARTESIAN_POINT('',(5.994345402171,68.660935434589,
    9.274868648988));
#5794 = CARTESIAN_POINT('',(5.991512747559,68.693118804229,
    9.391113560089));
#5795 = CARTESIAN_POINT('',(5.988108995928,68.725297083203,
    9.507348810888));
#5796 = CARTESIAN_POINT('',(5.984130871393,68.757470054411,
    9.623578787795));
#5797 = CARTESIAN_POINT('',(5.97957330746,68.789641130731,9.739827995885
    ));
#5798 = CARTESIAN_POINT('',(5.974430269552,68.821813553419,
    9.856117152016));
#5799 = CARTESIAN_POINT('',(5.968697617902,68.853978914423,
    9.972394569132));
#5800 = CARTESIAN_POINT('',(5.92036525925,69.099634386263,
    10.859764816889));
#5801 = CARTESIAN_POINT('',(5.852312730566,69.312286900903,
    11.62781463434));
#5802 = CARTESIAN_POINT('',(5.756317160374,69.519594901869,
    12.376529149116));
#5803 = CARTESIAN_POINT('',(5.637957902069,69.715845390017,
    13.084785459148));
#5804 = CARTESIAN_POINT('',(5.483026884916,69.900996147371,
    13.754386013064));
#5805 = CARTESIAN_POINT('',(5.324386826659,70.061136430058,
    14.330827165437));
#5806 = CARTESIAN_POINT('',(5.119575891028,70.209192719306,
    14.867857222067));
#5807 = CARTESIAN_POINT('',(4.919670048847,70.319940561875,
    15.265321290512));
#5808 = CARTESIAN_POINT('',(4.695823562752,70.413937968504,
    15.606452167412));
#5809 = CARTESIAN_POINT('',(4.459537411428,70.471113757659,
    15.811993532219));
#5810 = CARTESIAN_POINT('',(4.229999035798,70.5,15.915909278645));
#5811 = CARTESIAN_POINT('',(4.,70.5,15.915909278645));
#5812 = CARTESIAN_POINT('',(6.,68.02750696328,8.857242338364));
#5813 = CARTESIAN_POINT('',(6.007547001295,68.06658422421,8.970132203273
    ));
#5814 = CARTESIAN_POINT('',(6.014301203696,68.105724967404,9.08320546139
    ));
#5815 = CARTESIAN_POINT('',(6.020264026791,68.144924246101,
    9.196447822068));
#5816 = CARTESIAN_POINT('',(6.025438377873,68.184180439223,
    9.309854602201));
#5817 = CARTESIAN_POINT('',(6.029825459895,68.223491902042,9.42342105034
    ));
#5818 = CARTESIAN_POINT('',(6.03342451201,68.262855771068,9.537138894198
    ));
#5819 = CARTESIAN_POINT('',(6.036233925489,68.302267882932,
    9.650996106248));
#5820 = CARTESIAN_POINT('',(6.038252405248,68.341723506268,
    9.764979018109));
#5821 = CARTESIAN_POINT('',(6.039478996529,68.38121928223,9.879077926442
    ));
#5822 = CARTESIAN_POINT('',(6.039910873767,68.420757427889,
    9.993299236124));
#5823 = CARTESIAN_POINT('',(6.039537798676,68.460353878995,
    10.107688983765));
#5824 = CARTESIAN_POINT('',(6.030693320128,68.751566557978,
    10.94897005638));
#5825 = CARTESIAN_POINT('',(5.99027866972,69.006748233453,
    11.686161563307));
#5826 = CARTESIAN_POINT('',(5.914296065807,69.260111184258,
    12.41809897675));
#5827 = CARTESIAN_POINT('',(5.804747482075,69.504142496762,
    13.123078323965));
#5828 = CARTESIAN_POINT('',(5.654635830241,69.735859294947,
    13.792482407649));
#5829 = CARTESIAN_POINT('',(5.481386455824,69.941597753159,
    14.386837953541));
#5830 = CARTESIAN_POINT('',(5.266852644226,70.126713741259,
    14.921617474771));
#5831 = CARTESIAN_POINT('',(5.039151907744,70.272432625036,
    15.342583138982));
#5832 = CARTESIAN_POINT('',(4.788125520103,70.388582997105,
    15.678128658306));
#5833 = CARTESIAN_POINT('',(4.525225208092,70.463028026112,
    15.893192075434));
#5834 = CARTESIAN_POINT('',(4.261798189316,70.5,16.000000000001));
#5835 = CARTESIAN_POINT('',(4.,70.5,16.));
#5836 = CARTESIAN_POINT('',(6.5,68.02750696328,8.857242338364));
#5837 = CARTESIAN_POINT('',(6.5,68.066881383007,8.970990662019));
#5838 = CARTESIAN_POINT('',(6.49930997486,68.10625413729,9.084734174394)
  );
#5839 = CARTESIAN_POINT('',(6.497925837264,68.145631764238,
    9.198491763354));
#5840 = CARTESIAN_POINT('',(6.495849618823,68.185006154422,
    9.312240001665));
#5841 = CARTESIAN_POINT('',(6.493081811547,68.224377961363,
    9.425980777271));
#5842 = CARTESIAN_POINT('',(6.48961906257,68.263751844624,9.539727551135
    ));
#5843 = CARTESIAN_POINT('',(6.485455310036,68.30312126156,9.653461422284
    ));
#5844 = CARTESIAN_POINT('',(6.480584448353,68.342460523628,9.76710817937
    ));
#5845 = CARTESIAN_POINT('',(6.475002610656,68.38174183331,9.88058751845)
  );
#5846 = CARTESIAN_POINT('',(6.468708156711,68.420995017556,
    9.993985606273));
#5847 = CARTESIAN_POINT('',(6.461697454122,68.460427673795,
    10.10790216874));
#5848 = CARTESIAN_POINT('',(6.402472369423,68.767882747412,
    10.996105714745));
#5849 = CARTESIAN_POINT('',(6.318215643838,69.034685441038,
    11.766869051886));
#5850 = CARTESIAN_POINT('',(6.20045928901,69.294321209564,
    12.516927938741));
#5851 = CARTESIAN_POINT('',(6.047789066524,69.541787464929,
    13.231830454233));
#5852 = CARTESIAN_POINT('',(5.867313373212,69.770019381215,
    13.891167101297));
#5853 = CARTESIAN_POINT('',(5.649983468088,69.977640396738,
    14.490961146124));
#5854 = CARTESIAN_POINT('',(5.416654193246,70.153506995901,
    14.999020210385));
#5855 = CARTESIAN_POINT('',(5.152797576187,70.302667805019,
    15.429929214498));
#5856 = CARTESIAN_POINT('',(4.877372806807,70.412663163223,
    15.747693582642));
#5857 = CARTESIAN_POINT('',(4.591044415483,70.489324545193,
    15.969159797224));
#5858 = CARTESIAN_POINT('',(4.295448583128,70.52750696328,
    16.079464560587));
#5859 = CARTESIAN_POINT('',(4.,70.52750696328,16.079464560586));
#5860 = DEFINITIONAL_REPRESENTATION('',(#5861),#5865);
#5861 = LINE('',#5862,#5863);
#5862 = CARTESIAN_POINT('',(8.233915023643,0.));
#5863 = VECTOR('',#5864,1.);
#5864 = DIRECTION('',(0.,1.));
#5865 = ( GEOMETRIC_REPRESENTATION_CONTEXT(2) 
PARAMETRIC_REPRESENTATION_CONTEXT() REPRESENTATION_CONTEXT('2D SPACE',''
  ) );
#5866 = ORIENTED_EDGE('',*,*,#5867,.F.);
#5867 = EDGE_CURVE('',#4244,#5730,#5868,.T.);
#5868 = SURFACE_CURVE('',#5869,(#5873,#5880),.PCURVE_S1.);
#5869 = LINE('',#5870,#5871);
#5870 = CARTESIAN_POINT('',(6.5,66.,3.));
#5871 = VECTOR('',#5872,1.);
#5872 = DIRECTION('',(0.,0.327110563883,0.94498607344));
#5873 = PCURVE('',#4259,#5874);
#5874 = DEFINITIONAL_REPRESENTATION('',(#5875),#5879);
#5875 = LINE('',#5876,#5877);
#5876 = CARTESIAN_POINT('',(-1.678632474694E-15,-0.5));
#5877 = VECTOR('',#5878,1.);
#5878 = DIRECTION('',(1.,0.));
#5879 = ( GEOMETRIC_REPRESENTATION_CONTEXT(2) 
PARAMETRIC_REPRESENTATION_CONTEXT() REPRESENTATION_CONTEXT('2D SPACE',''
  ) );
#5880 = PCURVE('',#4288,#5881);
#5881 = DEFINITIONAL_REPRESENTATION('',(#5882),#5886);
#5882 = LINE('',#5883,#5884);
#5883 = CARTESIAN_POINT('',(1.570796326795,0.));
#5884 = VECTOR('',#5885,1.);
#5885 = DIRECTION('',(0.,1.));
#5886 = ( GEOMETRIC_REPRESENTATION_CONTEXT(2) 
PARAMETRIC_REPRESENTATION_CONTEXT() REPRESENTATION_CONTEXT('2D SPACE',''
  ) );
#5887 = ORIENTED_EDGE('',*,*,#4243,.T.);
#5888 = ORIENTED_EDGE('',*,*,#5889,.T.);
#5889 = EDGE_CURVE('',#4213,#5890,#5892,.T.);
#5890 = VERTEX_POINT('',#5891);
#5891 = CARTESIAN_POINT('',(8.2,70.479303361292,15.9402097104));
#5892 = SURFACE_CURVE('',#5893,(#5897,#5904),.PCURVE_S1.);
#5893 = LINE('',#5894,#5895);
#5894 = CARTESIAN_POINT('',(8.2,66.,3.));
#5895 = VECTOR('',#5896,1.);
#5896 = DIRECTION('',(0.,0.327110563883,0.94498607344));
#5897 = PCURVE('',#4259,#5898);
#5898 = DEFINITIONAL_REPRESENTATION('',(#5899),#5903);
#5899 = LINE('',#5900,#5901);
#5900 = CARTESIAN_POINT('',(2.937606830714E-15,-2.2));
#5901 = VECTOR('',#5902,1.);
#5902 = DIRECTION('',(1.,0.));
#5903 = ( GEOMETRIC_REPRESENTATION_CONTEXT(2) 
PARAMETRIC_REPRESENTATION_CONTEXT() REPRESENTATION_CONTEXT('2D SPACE',''
  ) );
#5904 = PCURVE('',#692,#5905);
#5905 = DEFINITIONAL_REPRESENTATION('',(#5906),#5910);
#5906 = LINE('',#5907,#5908);
#5907 = CARTESIAN_POINT('',(-1.570796326795,0.));
#5908 = VECTOR('',#5909,1.);
#5909 = DIRECTION('',(-0.,1.));
#5910 = ( GEOMETRIC_REPRESENTATION_CONTEXT(2) 
PARAMETRIC_REPRESENTATION_CONTEXT() REPRESENTATION_CONTEXT('2D SPACE',''
  ) );
#5911 = ORIENTED_EDGE('',*,*,#5912,.F.);
#5912 = EDGE_CURVE('',#5707,#5890,#5913,.T.);
#5913 = SURFACE_CURVE('',#5914,(#5925,#5939),.PCURVE_S1.);
#5914 = B_SPLINE_CURVE_WITH_KNOTS('',9,(#5915,#5916,#5917,#5918,#5919,
    #5920,#5921,#5922,#5923,#5924),.UNSPECIFIED.,.F.,.F.,(10,10),(0.,1.)
  ,.PIECEWISE_BEZIER_KNOTS.);
#5915 = CARTESIAN_POINT('',(7.8,70.5,16.));
#5916 = CARTESIAN_POINT('',(8.010499134014,70.5,16.));
#5917 = CARTESIAN_POINT('',(8.221000566923,70.487973185669,
    15.96525586971));
#5918 = CARTESIAN_POINT('',(8.424148894494,70.462711922393,
    15.892278886913));
#5919 = CARTESIAN_POINT('',(8.610094900966,70.423890111134,
    15.78012698772));
#5920 = CARTESIAN_POINT('',(8.767326716806,70.372457923194,
    15.63154511145));
#5921 = CARTESIAN_POINT('',(8.886007724225,70.311633020165,
    15.455828724921));
#5922 = CARTESIAN_POINT('',(8.963233182725,70.245181056182,
    15.263856384525));
#5923 = CARTESIAN_POINT('',(9.,70.176323813764,15.064935461986));
#5924 = CARTESIAN_POINT('',(9.,70.10746732334,14.866016711872));
#5925 = PCURVE('',#4259,#5926);
#5926 = DEFINITIONAL_REPRESENTATION('',(#5927),#5938);
#5927 = B_SPLINE_CURVE_WITH_KNOTS('',9,(#5928,#5929,#5930,#5931,#5932,
    #5933,#5934,#5935,#5936,#5937),.UNSPECIFIED.,.F.,.F.,(10,10),(0.,1.)
  ,.PIECEWISE_BEZIER_KNOTS.);
#5928 = CARTESIAN_POINT('',(13.756816492198,-1.8));
#5929 = CARTESIAN_POINT('',(13.756816492198,-2.010499134014));
#5930 = CARTESIAN_POINT('',(13.720049674922,-2.221000566923));
#5931 = CARTESIAN_POINT('',(13.642824216423,-2.424148894494));
#5932 = CARTESIAN_POINT('',(13.524143209004,-2.610094900966));
#5933 = CARTESIAN_POINT('',(13.366911393164,-2.767326716806));
#5934 = CARTESIAN_POINT('',(13.180965386691,-2.886007724225));
#5935 = CARTESIAN_POINT('',(12.977817059121,-2.963233182725));
#5936 = CARTESIAN_POINT('',(12.767315626212,-3.));
#5937 = CARTESIAN_POINT('',(12.556816492198,-3.));
#5938 = ( GEOMETRIC_REPRESENTATION_CONTEXT(2) 
PARAMETRIC_REPRESENTATION_CONTEXT() REPRESENTATION_CONTEXT('2D SPACE',''
  ) );
#5939 = PCURVE('',#542,#5940);
#5940 = DEFINITIONAL_REPRESENTATION('',(#5941),#5989);
#5941 = B_SPLINE_CURVE_WITH_KNOTS('',10,(#5942,#5943,#5944,#5945,#5946,
    #5947,#5948,#5949,#5950,#5951,#5952,#5953,#5954,#5955,#5956,#5957,
    #5958,#5959,#5960,#5961,#5962,#5963,#5964,#5965,#5966,#5967,#5968,
    #5969,#5970,#5971,#5972,#5973,#5974,#5975,#5976,#5977,#5978,#5979,
    #5980,#5981,#5982,#5983,#5984,#5985,#5986,#5987,#5988),
  .UNSPECIFIED.,.F.,.F.,(11,9,9,9,9,11),(0.,0.125,0.25,0.5,0.75,1.),
  .UNSPECIFIED.);
#5942 = CARTESIAN_POINT('',(-0.193609031998,0.824439584946));
#5943 = CARTESIAN_POINT('',(-0.191617261172,0.814995546456));
#5944 = CARTESIAN_POINT('',(-0.189987839076,0.806411302311));
#5945 = CARTESIAN_POINT('',(-0.189017653467,0.79925645735));
#5946 = CARTESIAN_POINT('',(-0.186426380284,0.789095524964));
#5947 = CARTESIAN_POINT('',(-0.184147429316,0.763510675635));
#5948 = CARTESIAN_POINT('',(-0.184342766147,0.766995510489));
#5949 = CARTESIAN_POINT('',(-0.182078709016,0.742730898818));
#5950 = CARTESIAN_POINT('',(-0.181722156945,0.731286522566));
#5951 = CARTESIAN_POINT('',(-0.181228277683,0.715160164596));
#5952 = CARTESIAN_POINT('',(-0.181173578669,0.682779569897));
#5953 = CARTESIAN_POINT('',(-0.181558648385,0.665958000165));
#5954 = CARTESIAN_POINT('',(-0.182358036615,0.648694780646));
#5955 = CARTESIAN_POINT('',(-0.183569681493,0.63114685695));
#5956 = CARTESIAN_POINT('',(-0.185187559998,0.613438497699));
#5957 = CARTESIAN_POINT('',(-0.187201687953,0.595661294533));
#5958 = CARTESIAN_POINT('',(-0.189598120022,0.577874162106));
#5959 = CARTESIAN_POINT('',(-0.192358949717,0.560103338086));
#5960 = CARTESIAN_POINT('',(-0.195462309391,0.542342383156));
#5961 = CARTESIAN_POINT('',(-0.205722491937,0.488971776731));
#5962 = CARTESIAN_POINT('',(-0.213932328391,0.453224421885));
#5963 = CARTESIAN_POINT('',(-0.223338572514,0.417301806047));
#5964 = CARTESIAN_POINT('',(-0.234095170935,0.380618241687));
#5965 = CARTESIAN_POINT('',(-0.246453304041,0.342578950134));
#5966 = CARTESIAN_POINT('',(-0.260598324213,0.302935602879));
#5967 = CARTESIAN_POINT('',(-0.276553652248,0.261929118221));
#5968 = CARTESIAN_POINT('',(-0.29415163195,0.220219713248));
#5969 = CARTESIAN_POINT('',(-0.313071342918,0.178604211157));
#5970 = CARTESIAN_POINT('',(-0.352815400113,9.643699668863E-02));
#5971 = CARTESIAN_POINT('',(-0.373722443023,5.57985336658E-02));
#5972 = CARTESIAN_POINT('',(-0.395306966006,1.609658119511E-02));
#5973 = CARTESIAN_POINT('',(-0.417598182141,-2.287590695151E-02));
#5974 = CARTESIAN_POINT('',(-0.440798261902,-6.156962812945E-02));
#5975 = CARTESIAN_POINT('',(-0.465120970432,-0.100362304783));
#5976 = CARTESIAN_POINT('',(-0.490682732019,-0.139380193812));
#5977 = CARTESIAN_POINT('',(-0.517446121753,-0.178457731343));
#5978 = CARTESIAN_POINT('',(-0.545215784387,-0.217235312899));
#5979 = CARTESIAN_POINT('',(-0.60215777639,-0.293555105069));
#5980 = CARTESIAN_POINT('',(-0.631570264452,-0.331320146821));
#5981 = CARTESIAN_POINT('',(-0.660339107584,-0.367126774454));
#5982 = CARTESIAN_POINT('',(-0.692376582981,-0.404698744579));
#5983 = CARTESIAN_POINT('',(-0.721360124228,-0.438134729259));
#5984 = CARTESIAN_POINT('',(-0.75212276564,-0.47206039957));
#5985 = CARTESIAN_POINT('',(-0.786645765178,-0.508293202629));
#5986 = CARTESIAN_POINT('',(-0.815923124448,-0.538255070886));
#5987 = CARTESIAN_POINT('',(-0.849554231207,-0.571185498945));
#5988 = CARTESIAN_POINT('',(-0.882303621582,-0.602054786215));
#5989 = ( GEOMETRIC_REPRESENTATION_CONTEXT(2) 
PARAMETRIC_REPRESENTATION_CONTEXT() REPRESENTATION_CONTEXT('2D SPACE',''
  ) );
#5990 = ADVANCED_FACE('',(#5991),#5787,.T.);
#5991 = FACE_BOUND('',#5992,.T.);
#5992 = EDGE_LOOP('',(#5993,#6052,#6053,#6118));
#5993 = ORIENTED_EDGE('',*,*,#5994,.T.);
#5994 = EDGE_CURVE('',#5995,#5730,#5997,.T.);
#5995 = VERTEX_POINT('',#5996);
#5996 = CARTESIAN_POINT('',(6.,68.5,8.693687056423));
#5997 = SURFACE_CURVE('',#5998,(#6003,#6045),.PCURVE_S1.);
#5998 = CIRCLE('',#5999,0.5);
#5999 = AXIS2_PLACEMENT_3D('',#6000,#6001,#6002);
#6000 = CARTESIAN_POINT('',(6.5,68.5,8.693687056423));
#6001 = DIRECTION('',(0.,0.327110563883,0.94498607344));
#6002 = DIRECTION('',(-1.,0.,0.));
#6003 = PCURVE('',#5787,#6004);
#6004 = DEFINITIONAL_REPRESENTATION('',(#6005),#6044);
#6005 = B_SPLINE_CURVE_WITH_KNOTS('',7,(#6006,#6007,#6008,#6009,#6010,
    #6011,#6012,#6013,#6014,#6015,#6016,#6017,#6018,#6019,#6020,#6021,
    #6022,#6023,#6024,#6025,#6026,#6027,#6028,#6029,#6030,#6031,#6032,
    #6033,#6034,#6035,#6036,#6037,#6038,#6039,#6040,#6041,#6042,#6043),
  .UNSPECIFIED.,.F.,.F.,(8,6,6,6,6,6,8),(0.,0.196349540849,
    0.392699081699,0.785398163397,1.178097245096,1.374446785946,
    1.570796326795),.UNSPECIFIED.);
#6006 = CARTESIAN_POINT('',(1.110223024625E-16,6.198231384554));
#6007 = CARTESIAN_POINT('',(0.163313931129,6.198231384554));
#6008 = CARTESIAN_POINT('',(0.324414664682,6.198231384554));
#6009 = CARTESIAN_POINT('',(0.483458627095,6.198231384554));
#6010 = CARTESIAN_POINT('',(0.640599198812,6.198231384554));
#6011 = CARTESIAN_POINT('',(0.795969509079,6.198231384554));
#6012 = CARTESIAN_POINT('',(0.9497053828,6.198231384554));
#6013 = CARTESIAN_POINT('',(1.2541540692,6.198231384554));
#6014 = CARTESIAN_POINT('',(1.404867349928,6.198231384554));
#6015 = CARTESIAN_POINT('',(1.55419426474,6.198231384554));
#6016 = CARTESIAN_POINT('',(1.702253050407,6.198231384554));
#6017 = CARTESIAN_POINT('',(1.849156373702,6.198231384554));
#6018 = CARTESIAN_POINT('',(1.995012221179,6.198231384554));
#6019 = CARTESIAN_POINT('',(2.429749924528,6.198231384554));
#6020 = CARTESIAN_POINT('',(2.715801912831,6.198231384554));
#6021 = CARTESIAN_POINT('',(2.998913911077,6.198231384554));
#6022 = CARTESIAN_POINT('',(3.279858067373,6.198231384554));
#6023 = CARTESIAN_POINT('',(3.559368844949,6.198231384554));
#6024 = CARTESIAN_POINT('',(3.838163185525,6.198231384554));
#6025 = CARTESIAN_POINT('',(4.395751838118,6.198231384554));
#6026 = CARTESIAN_POINT('',(4.674546178694,6.198231384554));
#6027 = CARTESIAN_POINT('',(4.954056956271,6.198231384554));
#6028 = CARTESIAN_POINT('',(5.235001112567,6.198231384554));
#6029 = CARTESIAN_POINT('',(5.518113110812,6.198231384554));
#6030 = CARTESIAN_POINT('',(5.804165099115,6.198231384554));
#6031 = CARTESIAN_POINT('',(6.238902802465,6.198231384554));
#6032 = CARTESIAN_POINT('',(6.384758649941,6.198231384554));
#6033 = CARTESIAN_POINT('',(6.531661973236,6.198231384554));
#6034 = CARTESIAN_POINT('',(6.679720758903,6.198231384554));
#6035 = CARTESIAN_POINT('',(6.829047673716,6.198231384554));
#6036 = CARTESIAN_POINT('',(6.979760954444,6.198231384554));
#6037 = CARTESIAN_POINT('',(7.284209640843,6.198231384554));
#6038 = CARTESIAN_POINT('',(7.437945514564,6.198231384554));
#6039 = CARTESIAN_POINT('',(7.593315824831,6.198231384554));
#6040 = CARTESIAN_POINT('',(7.750456396548,6.198231384554));
#6041 = CARTESIAN_POINT('',(7.909500358961,6.198231384554));
#6042 = CARTESIAN_POINT('',(8.070601092515,6.198231384554));
#6043 = CARTESIAN_POINT('',(8.233915023643,6.198231384554));
#6044 = ( GEOMETRIC_REPRESENTATION_CONTEXT(2) 
PARAMETRIC_REPRESENTATION_CONTEXT() REPRESENTATION_CONTEXT('2D SPACE',''
  ) );
#6045 = PCURVE('',#4288,#6046);
#6046 = DEFINITIONAL_REPRESENTATION('',(#6047),#6051);
#6047 = LINE('',#6048,#6049);
#6048 = CARTESIAN_POINT('',(0.,6.198231384554));
#6049 = VECTOR('',#6050,1.);
#6050 = DIRECTION('',(1.,0.));
#6051 = ( GEOMETRIC_REPRESENTATION_CONTEXT(2) 
PARAMETRIC_REPRESENTATION_CONTEXT() REPRESENTATION_CONTEXT('2D SPACE',''
  ) );
#6052 = ORIENTED_EDGE('',*,*,#5729,.T.);
#6053 = ORIENTED_EDGE('',*,*,#6054,.F.);
#6054 = EDGE_CURVE('',#6055,#5705,#6057,.T.);
#6055 = VERTEX_POINT('',#6056);
#6056 = CARTESIAN_POINT('',(4.,70.5,15.915909278645));
#6057 = SURFACE_CURVE('',#6058,(#6076,#6097),.PCURVE_S1.);
#6058 = B_SPLINE_CURVE_WITH_KNOTS('',6,(#6059,#6060,#6061,#6062,#6063,
    #6064,#6065,#6066,#6067,#6068,#6069,#6070,#6071,#6072,#6073,#6074,
    #6075),.UNSPECIFIED.,.F.,.F.,(7,5,5,7),(0.,3.103479806368E-02,
    0.625094633327,1.),.UNSPECIFIED.);
#6059 = CARTESIAN_POINT('',(4.00000035268,70.5,15.915909412995));
#6060 = CARTESIAN_POINT('',(4.001712796415,70.5,15.916766238939));
#6061 = CARTESIAN_POINT('',(4.003426330268,70.5,15.917616900619));
#6062 = CARTESIAN_POINT('',(4.005139600878,70.5,15.918461466885));
#6063 = CARTESIAN_POINT('',(4.006854005189,70.5,15.919299986713));
#6064 = CARTESIAN_POINT('',(4.008568786085,70.5,15.920132520184));
#6065 = CARTESIAN_POINT('',(4.04312222801,70.5,15.93678163305));
#6066 = CARTESIAN_POINT('',(4.076211047469,70.5,15.950429786479));
#6067 = CARTESIAN_POINT('',(4.109977583257,70.5,15.962268934037));
#6068 = CARTESIAN_POINT('',(4.144715070345,70.5,15.972369063759));
#6069 = CARTESIAN_POINT('',(4.180672502213,70.5,15.980723663544));
#6070 = CARTESIAN_POINT('',(4.241678378474,70.5,15.991323682401));
#6071 = CARTESIAN_POINT('',(4.265857548595,70.5,15.994686034817));
#6072 = CARTESIAN_POINT('',(4.290667972413,70.5,15.997282325655));
#6073 = CARTESIAN_POINT('',(4.316162370601,70.5,15.999071712626));
#6074 = CARTESIAN_POINT('',(4.342390682974,70.5,16.));
#6075 = CARTESIAN_POINT('',(4.369400625528,70.5,16.));
#6076 = PCURVE('',#5787,#6077);
#6077 = DEFINITIONAL_REPRESENTATION('',(#6078),#6096);
#6078 = B_SPLINE_CURVE_WITH_KNOTS('',6,(#6079,#6080,#6081,#6082,#6083,
    #6084,#6085,#6086,#6087,#6088,#6089,#6090,#6091,#6092,#6093,#6094,
    #6095),.UNSPECIFIED.,.F.,.F.,(7,5,5,7),(0.,3.103479806368E-02,
    0.625094633327,1.),.UNSPECIFIED.);
#6079 = CARTESIAN_POINT('',(6.669960278594E-06,14.432145493599));
#6080 = CARTESIAN_POINT('',(4.25447688462E-02,14.427704640515));
#6081 = CARTESIAN_POINT('',(8.508421266837E-02,14.423275904361));
#6082 = CARTESIAN_POINT('',(0.127625410541,14.418862746653));
#6083 = CARTESIAN_POINT('',(0.170167913612,14.414461496378));
#6084 = CARTESIAN_POINT('',(0.212711947091,14.410074068589));
#6085 = CARTESIAN_POINT('',(1.069650851377,14.321962439158));
#6086 = CARTESIAN_POINT('',(1.884558354409,14.242980500082));
#6087 = CARTESIAN_POINT('',(2.699782345609,14.167300232464));
#6088 = CARTESIAN_POINT('',(3.515187067658,14.093865553005));
#6089 = CARTESIAN_POINT('',(4.330680060421,14.021886235825));
#6090 = CARTESIAN_POINT('',(5.6608616155,13.905747645873));
#6091 = CARTESIAN_POINT('',(6.175532664607,13.861121757183));
#6092 = CARTESIAN_POINT('',(6.690191071889,13.816636799938));
#6093 = CARTESIAN_POINT('',(7.204819045002,13.772143410707));
#6094 = CARTESIAN_POINT('',(7.719399405537,13.727505376407));
#6095 = CARTESIAN_POINT('',(8.233915023643,13.682593421957));
#6096 = ( GEOMETRIC_REPRESENTATION_CONTEXT(2) 
PARAMETRIC_REPRESENTATION_CONTEXT() REPRESENTATION_CONTEXT('2D SPACE',''
  ) );
#6097 = PCURVE('',#4376,#6098);
#6098 = DEFINITIONAL_REPRESENTATION('',(#6099),#6117);
#6099 = B_SPLINE_CURVE_WITH_KNOTS('',6,(#6100,#6101,#6102,#6103,#6104,
    #6105,#6106,#6107,#6108,#6109,#6110,#6111,#6112,#6113,#6114,#6115,
    #6116),.UNSPECIFIED.,.F.,.F.,(7,5,5,7),(0.,3.103479806368E-02,
    0.625094633327,1.),.UNSPECIFIED.);
#6100 = CARTESIAN_POINT('',(-3.615964125487,4.00000035268));
#6101 = CARTESIAN_POINT('',(-3.61682095143,4.001712796415));
#6102 = CARTESIAN_POINT('',(-3.617671613111,4.003426330268));
#6103 = CARTESIAN_POINT('',(-3.618516179377,4.005139600878));
#6104 = CARTESIAN_POINT('',(-3.619354699205,4.006854005189));
#6105 = CARTESIAN_POINT('',(-3.620187232676,4.008568786085));
#6106 = CARTESIAN_POINT('',(-3.636836345542,4.04312222801));
#6107 = CARTESIAN_POINT('',(-3.650484498971,4.076211047469));
#6108 = CARTESIAN_POINT('',(-3.662323646529,4.109977583257));
#6109 = CARTESIAN_POINT('',(-3.672423776251,4.144715070345));
#6110 = CARTESIAN_POINT('',(-3.680778376036,4.180672502213));
#6111 = CARTESIAN_POINT('',(-3.691378394893,4.241678378474));
#6112 = CARTESIAN_POINT('',(-3.694740747309,4.265857548595));
#6113 = CARTESIAN_POINT('',(-3.697337038146,4.290667972413));
#6114 = CARTESIAN_POINT('',(-3.699126425118,4.316162370601));
#6115 = CARTESIAN_POINT('',(-3.700054712492,4.342390682974));
#6116 = CARTESIAN_POINT('',(-3.700054712492,4.369400625528));
#6117 = ( GEOMETRIC_REPRESENTATION_CONTEXT(2) 
PARAMETRIC_REPRESENTATION_CONTEXT() REPRESENTATION_CONTEXT('2D SPACE',''
  ) );
#6118 = ORIENTED_EDGE('',*,*,#6119,.F.);
#6119 = EDGE_CURVE('',#5995,#6055,#6120,.T.);
#6120 = SURFACE_CURVE('',#6121,(#6146,#6153),.PCURVE_S1.);
#6121 = ( BOUNDED_CURVE() B_SPLINE_CURVE(12,(#6122,#6123,#6124,#6125,
    #6126,#6127,#6128,#6129,#6130,#6131,#6132,#6133,#6134,#6135,#6136,
    #6137,#6138,#6139,#6140,#6141,#6142,#6143,#6144,#6145),
.UNSPECIFIED.,.F.,.F.) B_SPLINE_CURVE_WITH_KNOTS((13,11,13),(
6.198231384554,7.274709179679,14.432146408198),.UNSPECIFIED.) CURVE() 
GEOMETRIC_REPRESENTATION_ITEM() RATIONAL_B_SPLINE_CURVE((1.,1.,1.,
    1.000000000001,0.999999999999,1.000000000002,0.999999999998,
    1.000000000001,0.999999999999,1.000000000001,1.,1.,1.,1.000000000001
    ,0.999999999997,1.000000000005,0.999999999993,1.000000000008,
    0.999999999993,1.000000000004,0.999999999998,1.000000000001,1.,1.)) 
REPRESENTATION_ITEM('') );
#6122 = CARTESIAN_POINT('',(6.,68.5,8.693687056422));
#6123 = CARTESIAN_POINT('',(6.,68.532188375522,8.809922856918));
#6124 = CARTESIAN_POINT('',(5.999434572993,68.564377656101,
    8.926163301585));
#6125 = CARTESIAN_POINT('',(5.998304703172,68.596564040813,
    9.042392091352));
#6126 = CARTESIAN_POINT('',(5.996608885997,68.628749762121,
    9.158625097568));
#6127 = CARTESIAN_POINT('',(5.994345402171,68.660935434589,
    9.274868648988));
#6128 = CARTESIAN_POINT('',(5.991512747559,68.693118804229,
    9.391113560089));
#6129 = CARTESIAN_POINT('',(5.988108995928,68.725297083203,
    9.507348810888));
#6130 = CARTESIAN_POINT('',(5.984130871393,68.757470054411,
    9.623578787795));
#6131 = CARTESIAN_POINT('',(5.97957330746,68.789641130731,9.739827995885
    ));
#6132 = CARTESIAN_POINT('',(5.974430269552,68.821813553419,
    9.856117152016));
#6133 = CARTESIAN_POINT('',(5.968697617902,68.853978914423,
    9.972394569132));
#6134 = CARTESIAN_POINT('',(5.92036525925,69.099634386263,
    10.859764816889));
#6135 = CARTESIAN_POINT('',(5.852312730566,69.312286900903,
    11.62781463434));
#6136 = CARTESIAN_POINT('',(5.756317160374,69.519594901869,
    12.376529149116));
#6137 = CARTESIAN_POINT('',(5.637957902069,69.715845390017,
    13.084785459148));
#6138 = CARTESIAN_POINT('',(5.483026884916,69.900996147371,
    13.754386013064));
#6139 = CARTESIAN_POINT('',(5.324386826659,70.061136430058,
    14.330827165437));
#6140 = CARTESIAN_POINT('',(5.119575891028,70.209192719306,
    14.867857222067));
#6141 = CARTESIAN_POINT('',(4.919670048847,70.319940561875,
    15.265321290512));
#6142 = CARTESIAN_POINT('',(4.695823562752,70.413937968504,
    15.606452167412));
#6143 = CARTESIAN_POINT('',(4.459537411428,70.471113757659,
    15.811993532219));
#6144 = CARTESIAN_POINT('',(4.229999035798,70.5,15.915909278645));
#6145 = CARTESIAN_POINT('',(4.,70.5,15.915909278645));
#6146 = PCURVE('',#5787,#6147);
#6147 = DEFINITIONAL_REPRESENTATION('',(#6148),#6152);
#6148 = LINE('',#6149,#6150);
#6149 = CARTESIAN_POINT('',(0.,0.));
#6150 = VECTOR('',#6151,1.);
#6151 = DIRECTION('',(0.,1.));
#6152 = ( GEOMETRIC_REPRESENTATION_CONTEXT(2) 
PARAMETRIC_REPRESENTATION_CONTEXT() REPRESENTATION_CONTEXT('2D SPACE',''
  ) );
#6153 = PCURVE('',#4348,#6154);
#6154 = DEFINITIONAL_REPRESENTATION('',(#6155),#6194);
#6155 = B_SPLINE_CURVE_WITH_KNOTS('',10,(#6156,#6157,#6158,#6159,#6160,
    #6161,#6162,#6163,#6164,#6165,#6166,#6167,#6168,#6169,#6170,#6171,
    #6172,#6173,#6174,#6175,#6176,#6177,#6178,#6179,#6180,#6181,#6182,
    #6183,#6184,#6185,#6186,#6187,#6188,#6189,#6190,#6191,#6192,#6193),
  .UNSPECIFIED.,.F.,.F.,(11,9,9,9,11),(6.198231384554,7.22747076251,
    8.256710140465,10.315188896376,14.432146408197),.UNSPECIFIED.);
#6156 = CARTESIAN_POINT('',(7.910339050454E-16,7.306312943578));
#6157 = CARTESIAN_POINT('',(-1.846552362692E-02,7.172950828495));
#6158 = CARTESIAN_POINT('',(-3.693167780875E-02,7.039582505655));
#6159 = CARTESIAN_POINT('',(-5.540406461429E-02,6.906234020532));
#6160 = CARTESIAN_POINT('',(-7.389445089615E-02,6.772868201741));
#6161 = CARTESIAN_POINT('',(-9.241087467907E-02,6.63948918991));
#6162 = CARTESIAN_POINT('',(-0.110958878362,6.50612703999));
#6163 = CARTESIAN_POINT('',(-0.129546865017,6.37277984905));
#6164 = CARTESIAN_POINT('',(-0.148188574075,6.239390862158));
#6165 = CARTESIAN_POINT('',(-0.166895672678,6.105938008355));
#6166 = CARTESIAN_POINT('',(-0.2044112453,5.839488630157));
#6167 = CARTESIAN_POINT('',(-0.223210735622,5.706616244223));
#6168 = CARTESIAN_POINT('',(-0.242111714798,5.573352249881));
#6169 = CARTESIAN_POINT('',(-0.26101736651,5.441122887319));
#6170 = CARTESIAN_POINT('',(-0.280040235121,5.308373782896));
#6171 = CARTESIAN_POINT('',(-0.299068283224,5.176756750627));
#6172 = CARTESIAN_POINT('',(-0.318177213283,5.045237914071));
#6173 = CARTESIAN_POINT('',(-0.337323453671,4.914504367016));
#6174 = CARTESIAN_POINT('',(-0.356520721111,4.784418657077));
#6175 = CARTESIAN_POINT('',(-0.414249689364,4.396525100514));
#6176 = CARTESIAN_POINT('',(-0.452919858085,4.141057133906));
#6177 = CARTESIAN_POINT('',(-0.491762668509,3.889405879663));
#6178 = CARTESIAN_POINT('',(-0.530766548336,3.642254034422));
#6179 = CARTESIAN_POINT('',(-0.569920153901,3.400274469112));
#6180 = CARTESIAN_POINT('',(-0.609212622926,3.164126681226));
#6181 = CARTESIAN_POINT('',(-0.648633827262,2.93445324706));
#6182 = CARTESIAN_POINT('',(-0.688174625646,2.711876273986));
#6183 = CARTESIAN_POINT('',(-0.727827116443,2.496993852702));
#6184 = CARTESIAN_POINT('',(-0.847100438318,1.877141823072));
#6185 = CARTESIAN_POINT('',(-0.927034434654,1.496979469284));
#6186 = CARTESIAN_POINT('',(-1.00733942828,1.154382449725));
#6187 = CARTESIAN_POINT('',(-1.087902746376,0.853902344462));
#6188 = CARTESIAN_POINT('',(-1.168814469531,0.598116432821));
#6189 = CARTESIAN_POINT('',(-1.249589835229,0.392561353655));
#6190 = CARTESIAN_POINT('',(-1.331043292691,0.234643025371));
#6191 = CARTESIAN_POINT('',(-1.412153939332,0.134503800715));
#6192 = CARTESIAN_POINT('',(-1.491419066926,8.409072135505E-02));
#6193 = CARTESIAN_POINT('',(-1.570796326795,8.409072135527E-02));
#6194 = ( GEOMETRIC_REPRESENTATION_CONTEXT(2) 
PARAMETRIC_REPRESENTATION_CONTEXT() REPRESENTATION_CONTEXT('2D SPACE',''
  ) );
#6195 = ADVANCED_FACE('',(#6196),#4288,.T.);
#6196 = FACE_BOUND('',#6197,.T.);
#6197 = EDGE_LOOP('',(#6198,#6199,#6200,#6201));
#6198 = ORIENTED_EDGE('',*,*,#4271,.T.);
#6199 = ORIENTED_EDGE('',*,*,#5867,.T.);
#6200 = ORIENTED_EDGE('',*,*,#5994,.F.);
#6201 = ORIENTED_EDGE('',*,*,#6202,.F.);
#6202 = EDGE_CURVE('',#4272,#5995,#6203,.T.);
#6203 = SURFACE_CURVE('',#6204,(#6208,#6215),.PCURVE_S1.);
#6204 = LINE('',#6205,#6206);
#6205 = CARTESIAN_POINT('',(6.,66.47249303672,2.836444718058));
#6206 = VECTOR('',#6207,1.);
#6207 = DIRECTION('',(0.,0.327110563883,0.94498607344));
#6208 = PCURVE('',#4288,#6209);
#6209 = DEFINITIONAL_REPRESENTATION('',(#6210),#6214);
#6210 = LINE('',#6211,#6212);
#6211 = CARTESIAN_POINT('',(0.,0.));
#6212 = VECTOR('',#6213,1.);
#6213 = DIRECTION('',(0.,1.));
#6214 = ( GEOMETRIC_REPRESENTATION_CONTEXT(2) 
PARAMETRIC_REPRESENTATION_CONTEXT() REPRESENTATION_CONTEXT('2D SPACE',''
  ) );
#6215 = PCURVE('',#4319,#6216);
#6216 = DEFINITIONAL_REPRESENTATION('',(#6217),#6221);
#6217 = LINE('',#6218,#6219);
#6218 = CARTESIAN_POINT('',(5.727759404991,2.71330284023));
#6219 = VECTOR('',#6220,1.);
#6220 = DIRECTION('',(-0.94498607344,-0.327110563883));
#6221 = ( GEOMETRIC_REPRESENTATION_CONTEXT(2) 
PARAMETRIC_REPRESENTATION_CONTEXT() REPRESENTATION_CONTEXT('2D SPACE',''
  ) );
#6222 = ADVANCED_FACE('',(#6223),#4319,.T.);
#6223 = FACE_BOUND('',#6224,.T.);
#6224 = EDGE_LOOP('',(#6225,#6246,#6247));
#6225 = ORIENTED_EDGE('',*,*,#6226,.T.);
#6226 = EDGE_CURVE('',#5995,#4304,#6227,.T.);
#6227 = SURFACE_CURVE('',#6228,(#6232,#6239),.PCURVE_S1.);
#6228 = LINE('',#6229,#6230);
#6229 = CARTESIAN_POINT('',(6.,68.5,16.));
#6230 = VECTOR('',#6231,1.);
#6231 = DIRECTION('',(0.,0.,-1.));
#6232 = PCURVE('',#4319,#6233);
#6233 = DEFINITIONAL_REPRESENTATION('',(#6234),#6238);
#6234 = LINE('',#6235,#6236);
#6235 = CARTESIAN_POINT('',(-7.435795876951,0.685795876951));
#6236 = VECTOR('',#6237,1.);
#6237 = DIRECTION('',(1.,0.));
#6238 = ( GEOMETRIC_REPRESENTATION_CONTEXT(2) 
PARAMETRIC_REPRESENTATION_CONTEXT() REPRESENTATION_CONTEXT('2D SPACE',''
  ) );
#6239 = PCURVE('',#4348,#6240);
#6240 = DEFINITIONAL_REPRESENTATION('',(#6241),#6245);
#6241 = LINE('',#6242,#6243);
#6242 = CARTESIAN_POINT('',(-0.,0.));
#6243 = VECTOR('',#6244,1.);
#6244 = DIRECTION('',(-0.,1.));
#6245 = ( GEOMETRIC_REPRESENTATION_CONTEXT(2) 
PARAMETRIC_REPRESENTATION_CONTEXT() REPRESENTATION_CONTEXT('2D SPACE',''
  ) );
#6246 = ORIENTED_EDGE('',*,*,#4303,.T.);
#6247 = ORIENTED_EDGE('',*,*,#6202,.T.);
#6248 = ADVANCED_FACE('',(#6249),#4348,.F.);
#6249 = FACE_BOUND('',#6250,.T.);
#6250 = EDGE_LOOP('',(#6251,#6252,#6253,#6274));
#6251 = ORIENTED_EDGE('',*,*,#6226,.F.);
#6252 = ORIENTED_EDGE('',*,*,#6119,.T.);
#6253 = ORIENTED_EDGE('',*,*,#6254,.T.);
#6254 = EDGE_CURVE('',#6055,#4332,#6255,.T.);
#6255 = SURFACE_CURVE('',#6256,(#6260,#6267),.PCURVE_S1.);
#6256 = LINE('',#6257,#6258);
#6257 = CARTESIAN_POINT('',(4.,70.5,16.));
#6258 = VECTOR('',#6259,1.);
#6259 = DIRECTION('',(0.,0.,-1.));
#6260 = PCURVE('',#4348,#6261);
#6261 = DEFINITIONAL_REPRESENTATION('',(#6262),#6266);
#6262 = LINE('',#6263,#6264);
#6263 = CARTESIAN_POINT('',(-1.570796326795,0.));
#6264 = VECTOR('',#6265,1.);
#6265 = DIRECTION('',(-0.,1.));
#6266 = ( GEOMETRIC_REPRESENTATION_CONTEXT(2) 
PARAMETRIC_REPRESENTATION_CONTEXT() REPRESENTATION_CONTEXT('2D SPACE',''
  ) );
#6267 = PCURVE('',#4376,#6268);
#6268 = DEFINITIONAL_REPRESENTATION('',(#6269),#6273);
#6269 = LINE('',#6270,#6271);
#6270 = CARTESIAN_POINT('',(-3.700054712492,4.));
#6271 = VECTOR('',#6272,1.);
#6272 = DIRECTION('',(1.,0.));
#6273 = ( GEOMETRIC_REPRESENTATION_CONTEXT(2) 
PARAMETRIC_REPRESENTATION_CONTEXT() REPRESENTATION_CONTEXT('2D SPACE',''
  ) );
#6274 = ORIENTED_EDGE('',*,*,#4331,.F.);
#6275 = ADVANCED_FACE('',(#6276,#6478),#4376,.T.);
#6276 = FACE_BOUND('',#6277,.T.);
#6277 = EDGE_LOOP('',(#6278,#6279,#6308,#6331,#6454,#6475,#6476,#6477));
#6278 = ORIENTED_EDGE('',*,*,#5704,.T.);
#6279 = ORIENTED_EDGE('',*,*,#6280,.T.);
#6280 = EDGE_CURVE('',#5707,#6281,#6283,.T.);
#6281 = VERTEX_POINT('',#6282);
#6282 = CARTESIAN_POINT('',(-7.8,70.5,16.));
#6283 = SURFACE_CURVE('',#6284,(#6289,#6296),.PCURVE_S1.);
#6284 = CIRCLE('',#6285,7.8);
#6285 = AXIS2_PLACEMENT_3D('',#6286,#6287,#6288);
#6286 = CARTESIAN_POINT('',(0.,70.5,16.));
#6287 = DIRECTION('',(0.,-1.,-0.));
#6288 = DIRECTION('',(1.,0.,0.));
#6289 = PCURVE('',#4376,#6290);
#6290 = DEFINITIONAL_REPRESENTATION('',(#6291),#6295);
#6291 = CIRCLE('',#6292,7.8);
#6292 = AXIS2_PLACEMENT_2D('',#6293,#6294);
#6293 = CARTESIAN_POINT('',(-3.700054712492,0.));
#6294 = DIRECTION('',(0.,1.));
#6295 = ( GEOMETRIC_REPRESENTATION_CONTEXT(2) 
PARAMETRIC_REPRESENTATION_CONTEXT() REPRESENTATION_CONTEXT('2D SPACE',''
  ) );
#6296 = PCURVE('',#6297,#6302);
#6297 = TOROIDAL_SURFACE('',#6298,7.8,1.2);
#6298 = AXIS2_PLACEMENT_3D('',#6299,#6300,#6301);
#6299 = CARTESIAN_POINT('',(0.,71.7,16.));
#6300 = DIRECTION('',(0.,-1.,-0.));
#6301 = DIRECTION('',(1.,0.,0.));
#6302 = DEFINITIONAL_REPRESENTATION('',(#6303),#6307);
#6303 = LINE('',#6304,#6305);
#6304 = CARTESIAN_POINT('',(0.,1.570796326795));
#6305 = VECTOR('',#6306,1.);
#6306 = DIRECTION('',(1.,0.));
#6307 = ( GEOMETRIC_REPRESENTATION_CONTEXT(2) 
PARAMETRIC_REPRESENTATION_CONTEXT() REPRESENTATION_CONTEXT('2D SPACE',''
  ) );
#6308 = ORIENTED_EDGE('',*,*,#6309,.F.);
#6309 = EDGE_CURVE('',#6310,#6281,#6312,.T.);
#6310 = VERTEX_POINT('',#6311);
#6311 = CARTESIAN_POINT('',(-4.369402382815,70.5,16.));
#6312 = SURFACE_CURVE('',#6313,(#6317,#6324),.PCURVE_S1.);
#6313 = LINE('',#6314,#6315);
#6314 = CARTESIAN_POINT('',(-4.,70.5,16.));
#6315 = VECTOR('',#6316,1.);
#6316 = DIRECTION('',(-1.,0.,-8.526512829121E-15));
#6317 = PCURVE('',#4376,#6318);
#6318 = DEFINITIONAL_REPRESENTATION('',(#6319),#6323);
#6319 = LINE('',#6320,#6321);
#6320 = CARTESIAN_POINT('',(-3.700054712492,-4.));
#6321 = VECTOR('',#6322,1.);
#6322 = DIRECTION('',(8.526512829121E-15,-1.));
#6323 = ( GEOMETRIC_REPRESENTATION_CONTEXT(2) 
PARAMETRIC_REPRESENTATION_CONTEXT() REPRESENTATION_CONTEXT('2D SPACE',''
  ) );
#6324 = PCURVE('',#4491,#6325);
#6325 = DEFINITIONAL_REPRESENTATION('',(#6326),#6330);
#6326 = LINE('',#6327,#6328);
#6327 = CARTESIAN_POINT('',(13.756816492198,-5.));
#6328 = VECTOR('',#6329,1.);
#6329 = DIRECTION('',(-8.057435878529E-15,1.));
#6330 = ( GEOMETRIC_REPRESENTATION_CONTEXT(2) 
PARAMETRIC_REPRESENTATION_CONTEXT() REPRESENTATION_CONTEXT('2D SPACE',''
  ) );
#6331 = ORIENTED_EDGE('',*,*,#6332,.T.);
#6332 = EDGE_CURVE('',#6310,#6333,#6335,.T.);
#6333 = VERTEX_POINT('',#6334);
#6334 = CARTESIAN_POINT('',(-4.,70.5,15.915909278645));
#6335 = SURFACE_CURVE('',#6336,(#6349,#6365),.PCURVE_S1.);
#6336 = B_SPLINE_CURVE_WITH_KNOTS('',6,(#6337,#6338,#6339,#6340,#6341,
    #6342,#6343,#6344,#6345,#6346,#6347,#6348),.UNSPECIFIED.,.F.,.F.,(7,
    5,7),(0.,0.374904994665,1.),.UNSPECIFIED.);
#6337 = CARTESIAN_POINT('',(-4.369400625527,70.5,16.));
#6338 = CARTESIAN_POINT('',(-4.342390682974,70.5,16.));
#6339 = CARTESIAN_POINT('',(-4.3161623706,70.5,15.999071712627));
#6340 = CARTESIAN_POINT('',(-4.290667972412,70.5,15.997282325655));
#6341 = CARTESIAN_POINT('',(-4.265857548594,70.5,15.994686034818));
#6342 = CARTESIAN_POINT('',(-4.241678378472,70.5,15.991323682402));
#6343 = CARTESIAN_POINT('',(-4.178718494387,70.5,15.980384146747));
#6344 = CARTESIAN_POINT('',(-4.140961943691,70.5,15.971491082137));
#6345 = CARTESIAN_POINT('',(-4.104543147375,70.5,15.960671589491));
#6346 = CARTESIAN_POINT('',(-4.069170499473,70.5,15.947927331844));
#6347 = CARTESIAN_POINT('',(-4.034496915854,70.5,15.933166988121));
#6348 = CARTESIAN_POINT('',(-4.,70.5,15.915909278645));
#6349 = PCURVE('',#4376,#6350);
#6350 = DEFINITIONAL_REPRESENTATION('',(#6351),#6364);
#6351 = B_SPLINE_CURVE_WITH_KNOTS('',6,(#6352,#6353,#6354,#6355,#6356,
    #6357,#6358,#6359,#6360,#6361,#6362,#6363),.UNSPECIFIED.,.F.,.F.,(7,
    5,7),(0.,0.374904994665,1.),.UNSPECIFIED.);
#6352 = CARTESIAN_POINT('',(-3.700054712492,-4.369400625527));
#6353 = CARTESIAN_POINT('',(-3.700054712492,-4.342390682974));
#6354 = CARTESIAN_POINT('',(-3.699126425119,-4.3161623706));
#6355 = CARTESIAN_POINT('',(-3.697337038147,-4.290667972412));
#6356 = CARTESIAN_POINT('',(-3.69474074731,-4.265857548594));
#6357 = CARTESIAN_POINT('',(-3.691378394894,-4.241678378472));
#6358 = CARTESIAN_POINT('',(-3.680438859239,-4.178718494387));
#6359 = CARTESIAN_POINT('',(-3.671545794629,-4.140961943691));
#6360 = CARTESIAN_POINT('',(-3.660726301982,-4.104543147375));
#6361 = CARTESIAN_POINT('',(-3.647982044336,-4.069170499473));
#6362 = CARTESIAN_POINT('',(-3.633221700613,-4.034496915854));
#6363 = CARTESIAN_POINT('',(-3.615963991136,-4.));
#6364 = ( GEOMETRIC_REPRESENTATION_CONTEXT(2) 
PARAMETRIC_REPRESENTATION_CONTEXT() REPRESENTATION_CONTEXT('2D SPACE',''
  ) );
#6365 = PCURVE('',#6366,#6439);
#6366 = ( BOUNDED_SURFACE() B_SPLINE_SURFACE(2,12,(
    (#6367,#6368,#6369,#6370,#6371,#6372,#6373,#6374,#6375,#6376,#6377
      ,#6378,#6379,#6380,#6381,#6382,#6383,#6384,#6385,#6386,#6387,#6388
      ,#6389,#6390)
    ,(#6391,#6392,#6393,#6394,#6395,#6396,#6397,#6398,#6399,#6400,#6401
      ,#6402,#6403,#6404,#6405,#6406,#6407,#6408,#6409,#6410,#6411,#6412
      ,#6413,#6414)
    ,(#6415,#6416,#6417,#6418,#6419,#6420,#6421,#6422,#6423,#6424,#6425
      ,#6426,#6427,#6428,#6429,#6430,#6431,#6432,#6433,#6434,#6435,#6436
      ,#6437,#6438
)),.UNSPECIFIED.,.F.,.F.,.F.) B_SPLINE_SURFACE_WITH_KNOTS((3,3),(13,11,
    13),(0.,8.23391502365),(6.198231384554,7.274709179679,
14.432146408204),.UNSPECIFIED.) GEOMETRIC_REPRESENTATION_ITEM() 
RATIONAL_B_SPLINE_SURFACE((
    (1.,1.,1.,1.,1.,1.000000000001,0.999999999999,1.000000000001
      ,0.999999999999,1.,1.,1.,1.,1.,0.999999999999,1.000000000002
      ,0.999999999997,1.000000000003,0.999999999997,1.000000000002
      ,0.999999999999,1.,1.,1.)
    ,(0.707106781187,0.712483898088,0.717816809531,0.723105745738
      ,0.728353805698,0.733563012246,0.738733869383,0.743866794125
      ,0.748963794826,0.754028768334,0.759064787904,0.764066754185
      ,0.801860378501,0.83302470581,0.862073788779,0.888455364154
      ,0.912700249664,0.932699037747,0.951383504694,0.964475150277
      ,0.976060492996,0.982756227966,0.986150615636,0.986150615636)
    ,(1.,1.,1.,1.,1.,1.000000000001,0.999999999999,1.000000000001
      ,0.999999999999,1.,1.,1.,1.,1.,0.999999999999,1.000000000002
      ,0.999999999997,1.000000000003,0.999999999997,1.000000000002
,0.999999999999,1.,1.,1.))) REPRESENTATION_ITEM('') SURFACE() );
#6367 = CARTESIAN_POINT('',(-6.5,68.02750696328,8.857242338364));
#6368 = CARTESIAN_POINT('',(-6.5,68.066881383007,8.970990662019));
#6369 = CARTESIAN_POINT('',(-6.49930997486,68.10625413729,9.084734174394
    ));
#6370 = CARTESIAN_POINT('',(-6.497925837264,68.145631764238,
    9.198491763354));
#6371 = CARTESIAN_POINT('',(-6.495849618822,68.185006154422,
    9.312240001664));
#6372 = CARTESIAN_POINT('',(-6.493081811547,68.224377961363,
    9.425980777273));
#6373 = CARTESIAN_POINT('',(-6.48961906257,68.263751844624,
    9.539727551134));
#6374 = CARTESIAN_POINT('',(-6.485455310037,68.30312126156,
    9.653461422286));
#6375 = CARTESIAN_POINT('',(-6.480584448353,68.342460523628,
    9.767108179369));
#6376 = CARTESIAN_POINT('',(-6.475002610656,68.38174183331,9.88058751845
    ));
#6377 = CARTESIAN_POINT('',(-6.468708156711,68.420995017556,
    9.993985606272));
#6378 = CARTESIAN_POINT('',(-6.461697454122,68.460427673795,
    10.10790216874));
#6379 = CARTESIAN_POINT('',(-6.402472369423,68.767882747412,
    10.996105714746));
#6380 = CARTESIAN_POINT('',(-6.318215643839,69.034685441036,
    11.766869051883));
#6381 = CARTESIAN_POINT('',(-6.200459289008,69.294321209566,
    12.516927938745));
#6382 = CARTESIAN_POINT('',(-6.047789066528,69.541787464925,
    13.231830454232));
#6383 = CARTESIAN_POINT('',(-5.867313373205,69.770019381221,
    13.891167101295));
#6384 = CARTESIAN_POINT('',(-5.649983468097,69.977640396732,
    14.490961146127));
#6385 = CARTESIAN_POINT('',(-5.416654193238,70.153506995905,
    14.999020210382));
#6386 = CARTESIAN_POINT('',(-5.152797576192,70.302667805018,
    15.4299292145));
#6387 = CARTESIAN_POINT('',(-4.877372806805,70.412663163222,
    15.747693582641));
#6388 = CARTESIAN_POINT('',(-4.591044415484,70.489324545193,
    15.969159797225));
#6389 = CARTESIAN_POINT('',(-4.295448583128,70.52750696328,
    16.079464560587));
#6390 = CARTESIAN_POINT('',(-4.,70.52750696328,16.079464560586));
#6391 = CARTESIAN_POINT('',(-6.,68.02750696328,8.857242338364));
#6392 = CARTESIAN_POINT('',(-6.007547001295,68.06658422421,
    8.970132203273));
#6393 = CARTESIAN_POINT('',(-6.014301203696,68.105724967404,
    9.083205461388));
#6394 = CARTESIAN_POINT('',(-6.02026402679,68.144924246102,
    9.196447822073));
#6395 = CARTESIAN_POINT('',(-6.025438377874,68.184180439222,
    9.309854602192));
#6396 = CARTESIAN_POINT('',(-6.029825459894,68.223491902043,
    9.423421050353));
#6397 = CARTESIAN_POINT('',(-6.033424512012,68.262855771066,
    9.537138894184));
#6398 = CARTESIAN_POINT('',(-6.036233925488,68.302267882934,
    9.65099610626));
#6399 = CARTESIAN_POINT('',(-6.038252405249,68.341723506267,
    9.764979018101));
#6400 = CARTESIAN_POINT('',(-6.039478996528,68.381219282231,
    9.879077926446));
#6401 = CARTESIAN_POINT('',(-6.039910873767,68.420757427889,
    9.993299236123));
#6402 = CARTESIAN_POINT('',(-6.039537798676,68.460353878996,
    10.107688983765));
#6403 = CARTESIAN_POINT('',(-6.030693320128,68.751566557978,
    10.948970056381));
#6404 = CARTESIAN_POINT('',(-5.990278669721,69.006748233452,
    11.686161563306));
#6405 = CARTESIAN_POINT('',(-5.914296065805,69.26011118426,
    12.41809897675));
#6406 = CARTESIAN_POINT('',(-5.804747482082,69.504142496757,
    13.123078323969));
#6407 = CARTESIAN_POINT('',(-5.65463583023,69.735859294954,
    13.79248240764));
#6408 = CARTESIAN_POINT('',(-5.481386455839,69.94159775315,
    14.386837953552));
#6409 = CARTESIAN_POINT('',(-5.266852644213,70.126713741266,
    14.921617474761));
#6410 = CARTESIAN_POINT('',(-5.039151907752,70.272432625033,
    15.342583138989));
#6411 = CARTESIAN_POINT('',(-4.7881255201,70.388582997105,
    15.678128658302));
#6412 = CARTESIAN_POINT('',(-4.525225208092,70.463028026112,
    15.893192075435));
#6413 = CARTESIAN_POINT('',(-4.261798189317,70.5,16.));
#6414 = CARTESIAN_POINT('',(-4.,70.5,16.));
#6415 = CARTESIAN_POINT('',(-6.,68.5,8.693687056422));
#6416 = CARTESIAN_POINT('',(-6.,68.532188375522,8.809922856918));
#6417 = CARTESIAN_POINT('',(-5.999434572993,68.564377656101,
    8.926163301586));
#6418 = CARTESIAN_POINT('',(-5.998304703172,68.596564040813,
    9.042392091352));
#6419 = CARTESIAN_POINT('',(-5.996608885997,68.628749762122,
    9.15862509757));
#6420 = CARTESIAN_POINT('',(-5.994345402171,68.660935434588,
    9.274868648986));
#6421 = CARTESIAN_POINT('',(-5.991512747559,68.69311880423,
    9.391113560092));
#6422 = CARTESIAN_POINT('',(-5.988108995928,68.725297083202,
    9.507348810885));
#6423 = CARTESIAN_POINT('',(-5.984130871393,68.757470054412,
    9.623578787798));
#6424 = CARTESIAN_POINT('',(-5.97957330746,68.789641130731,
    9.739827995884));
#6425 = CARTESIAN_POINT('',(-5.974430269552,68.821813553419,
    9.856117152017));
#6426 = CARTESIAN_POINT('',(-5.968697617902,68.853978914423,
    9.972394569132));
#6427 = CARTESIAN_POINT('',(-5.92036525925,69.099634386263,
    10.859764816891));
#6428 = CARTESIAN_POINT('',(-5.852312730567,69.312286900901,
    11.627814634334));
#6429 = CARTESIAN_POINT('',(-5.756317160372,69.519594901872,
    12.376529149121));
#6430 = CARTESIAN_POINT('',(-5.637957902075,69.715845390015,
    13.084785459145));
#6431 = CARTESIAN_POINT('',(-5.483026884905,69.900996147374,
    13.754386013066));
#6432 = CARTESIAN_POINT('',(-5.324386826674,70.061136430055,
    14.330827165435));
#6433 = CARTESIAN_POINT('',(-5.119575891014,70.209192719308,
    14.867857222071));
#6434 = CARTESIAN_POINT('',(-4.919670048856,70.319940561874,
    15.265321290508));
#6435 = CARTESIAN_POINT('',(-4.695823562749,70.413937968504,
    15.606452167414));
#6436 = CARTESIAN_POINT('',(-4.459537411428,70.471113757659,
    15.811993532218));
#6437 = CARTESIAN_POINT('',(-4.229999035799,70.5,15.915909278645));
#6438 = CARTESIAN_POINT('',(-4.,70.5,15.915909278645));
#6439 = DEFINITIONAL_REPRESENTATION('',(#6440),#6453);
#6440 = B_SPLINE_CURVE_WITH_KNOTS('',6,(#6441,#6442,#6443,#6444,#6445,
    #6446,#6447,#6448,#6449,#6450,#6451,#6452),.UNSPECIFIED.,.F.,.F.,(7,
    5,7),(0.,0.374904994665,1.),.UNSPECIFIED.);
#6441 = CARTESIAN_POINT('',(0.,13.682593421963));
#6442 = CARTESIAN_POINT('',(0.514515618107,13.727505376413));
#6443 = CARTESIAN_POINT('',(1.029095978642,13.772143410715));
#6444 = CARTESIAN_POINT('',(1.543723951756,13.816636799946));
#6445 = CARTESIAN_POINT('',(2.058382359038,13.861121757192));
#6446 = CARTESIAN_POINT('',(2.573053408146,13.905747645882));
#6447 = CARTESIAN_POINT('',(3.945840451812,14.025606135088));
#6448 = CARTESIAN_POINT('',(4.803935973696,14.101388590496));
#6449 = CARTESIAN_POINT('',(5.661930024593,14.178821516474));
#6450 = CARTESIAN_POINT('',(6.519713732987,14.258832997043));
#6451 = CARTESIAN_POINT('',(7.377123645317,14.342685546345));
#6452 = CARTESIAN_POINT('',(8.23391502365,14.432146408204));
#6453 = ( GEOMETRIC_REPRESENTATION_CONTEXT(2) 
PARAMETRIC_REPRESENTATION_CONTEXT() REPRESENTATION_CONTEXT('2D SPACE',''
  ) );
#6454 = ORIENTED_EDGE('',*,*,#6455,.T.);
#6455 = EDGE_CURVE('',#6333,#4361,#6456,.T.);
#6456 = SURFACE_CURVE('',#6457,(#6461,#6468),.PCURVE_S1.);
#6457 = LINE('',#6458,#6459);
#6458 = CARTESIAN_POINT('',(-4.,70.5,16.));
#6459 = VECTOR('',#6460,1.);
#6460 = DIRECTION('',(0.,0.,-1.));
#6461 = PCURVE('',#4376,#6462);
#6462 = DEFINITIONAL_REPRESENTATION('',(#6463),#6467);
#6463 = LINE('',#6464,#6465);
#6464 = CARTESIAN_POINT('',(-3.700054712492,-4.));
#6465 = VECTOR('',#6466,1.);
#6466 = DIRECTION('',(1.,0.));
#6467 = ( GEOMETRIC_REPRESENTATION_CONTEXT(2) 
PARAMETRIC_REPRESENTATION_CONTEXT() REPRESENTATION_CONTEXT('2D SPACE',''
  ) );
#6468 = PCURVE('',#4405,#6469);
#6469 = DEFINITIONAL_REPRESENTATION('',(#6470),#6474);
#6470 = LINE('',#6471,#6472);
#6471 = CARTESIAN_POINT('',(-0.,0.));
#6472 = VECTOR('',#6473,1.);
#6473 = DIRECTION('',(-0.,1.));
#6474 = ( GEOMETRIC_REPRESENTATION_CONTEXT(2) 
PARAMETRIC_REPRESENTATION_CONTEXT() REPRESENTATION_CONTEXT('2D SPACE',''
  ) );
#6475 = ORIENTED_EDGE('',*,*,#4360,.T.);
#6476 = ORIENTED_EDGE('',*,*,#6254,.F.);
#6477 = ORIENTED_EDGE('',*,*,#6054,.T.);
#6478 = FACE_BOUND('',#6479,.T.);
#6479 = EDGE_LOOP('',(#6480,#6515,#6543,#6576));
#6480 = ORIENTED_EDGE('',*,*,#6481,.T.);
#6481 = EDGE_CURVE('',#6482,#6484,#6486,.T.);
#6482 = VERTEX_POINT('',#6483);
#6483 = CARTESIAN_POINT('',(2.25,70.5,7.));
#6484 = VERTEX_POINT('',#6485);
#6485 = CARTESIAN_POINT('',(-2.25,70.5,7.));
#6486 = SURFACE_CURVE('',#6487,(#6492,#6503),.PCURVE_S1.);
#6487 = CIRCLE('',#6488,2.25);
#6488 = AXIS2_PLACEMENT_3D('',#6489,#6490,#6491);
#6489 = CARTESIAN_POINT('',(-6.661338147751E-16,70.5,7.));
#6490 = DIRECTION('',(0.,1.,0.));
#6491 = DIRECTION('',(1.,0.,-1.110223024625E-16));
#6492 = PCURVE('',#4376,#6493);
#6493 = DEFINITIONAL_REPRESENTATION('',(#6494),#6502);
#6494 = ( BOUNDED_CURVE() B_SPLINE_CURVE(2,(#6495,#6496,#6497,#6498,
#6499,#6500,#6501),.UNSPECIFIED.,.T.,.F.) B_SPLINE_CURVE_WITH_KNOTS((1,2
    ,2,2,2,1),(-2.094395102393,0.,2.094395102393,4.188790204786,
6.28318530718,8.377580409573),.UNSPECIFIED.) CURVE() 
GEOMETRIC_REPRESENTATION_ITEM() RATIONAL_B_SPLINE_CURVE((1.,0.5,1.,0.5,
1.,0.5,1.)) REPRESENTATION_ITEM('') );
#6495 = CARTESIAN_POINT('',(5.299945287508,2.25));
#6496 = CARTESIAN_POINT('',(9.197059604538,2.25));
#6497 = CARTESIAN_POINT('',(7.248502446023,-1.125));
#6498 = CARTESIAN_POINT('',(5.299945287508,-4.5));
#6499 = CARTESIAN_POINT('',(3.351388128993,-1.125));
#6500 = CARTESIAN_POINT('',(1.402830970478,2.25));
#6501 = CARTESIAN_POINT('',(5.299945287508,2.25));
#6502 = ( GEOMETRIC_REPRESENTATION_CONTEXT(2) 
PARAMETRIC_REPRESENTATION_CONTEXT() REPRESENTATION_CONTEXT('2D SPACE',''
  ) );
#6503 = PCURVE('',#6504,#6509);
#6504 = CYLINDRICAL_SURFACE('',#6505,2.25);
#6505 = AXIS2_PLACEMENT_3D('',#6506,#6507,#6508);
#6506 = CARTESIAN_POINT('',(-6.661338147751E-16,76.5,7.));
#6507 = DIRECTION('',(0.,1.,0.));
#6508 = DIRECTION('',(1.,0.,-1.110223024625E-16));
#6509 = DEFINITIONAL_REPRESENTATION('',(#6510),#6514);
#6510 = LINE('',#6511,#6512);
#6511 = CARTESIAN_POINT('',(0.,-6.));
#6512 = VECTOR('',#6513,1.);
#6513 = DIRECTION('',(1.,0.));
#6514 = ( GEOMETRIC_REPRESENTATION_CONTEXT(2) 
PARAMETRIC_REPRESENTATION_CONTEXT() REPRESENTATION_CONTEXT('2D SPACE',''
  ) );
#6515 = ORIENTED_EDGE('',*,*,#6516,.T.);
#6516 = EDGE_CURVE('',#6484,#6517,#6519,.T.);
#6517 = VERTEX_POINT('',#6518);
#6518 = CARTESIAN_POINT('',(-2.25,70.5,19.));
#6519 = SURFACE_CURVE('',#6520,(#6524,#6531),.PCURVE_S1.);
#6520 = LINE('',#6521,#6522);
#6521 = CARTESIAN_POINT('',(-2.25,70.5,7.));
#6522 = VECTOR('',#6523,1.);
#6523 = DIRECTION('',(1.110223024625E-16,0.,1.));
#6524 = PCURVE('',#4376,#6525);
#6525 = DEFINITIONAL_REPRESENTATION('',(#6526),#6530);
#6526 = LINE('',#6527,#6528);
#6527 = CARTESIAN_POINT('',(5.299945287508,-2.25));
#6528 = VECTOR('',#6529,1.);
#6529 = DIRECTION('',(-1.,1.110223024625E-16));
#6530 = ( GEOMETRIC_REPRESENTATION_CONTEXT(2) 
PARAMETRIC_REPRESENTATION_CONTEXT() REPRESENTATION_CONTEXT('2D SPACE',''
  ) );
#6531 = PCURVE('',#6532,#6537);
#6532 = PLANE('',#6533);
#6533 = AXIS2_PLACEMENT_3D('',#6534,#6535,#6536);
#6534 = CARTESIAN_POINT('',(-2.25,76.5,7.));
#6535 = DIRECTION('',(-1.,0.,1.110223024625E-16));
#6536 = DIRECTION('',(1.110223024625E-16,0.,1.));
#6537 = DEFINITIONAL_REPRESENTATION('',(#6538),#6542);
#6538 = LINE('',#6539,#6540);
#6539 = CARTESIAN_POINT('',(0.,-6.));
#6540 = VECTOR('',#6541,1.);
#6541 = DIRECTION('',(1.,0.));
#6542 = ( GEOMETRIC_REPRESENTATION_CONTEXT(2) 
PARAMETRIC_REPRESENTATION_CONTEXT() REPRESENTATION_CONTEXT('2D SPACE',''
  ) );
#6543 = ORIENTED_EDGE('',*,*,#6544,.T.);
#6544 = EDGE_CURVE('',#6517,#6545,#6547,.T.);
#6545 = VERTEX_POINT('',#6546);
#6546 = CARTESIAN_POINT('',(2.25,70.5,19.));
#6547 = SURFACE_CURVE('',#6548,(#6553,#6564),.PCURVE_S1.);
#6548 = CIRCLE('',#6549,2.25);
#6549 = AXIS2_PLACEMENT_3D('',#6550,#6551,#6552);
#6550 = CARTESIAN_POINT('',(6.661338147751E-16,70.5,19.));
#6551 = DIRECTION('',(0.,1.,-0.));
#6552 = DIRECTION('',(-1.,0.,1.110223024625E-16));
#6553 = PCURVE('',#4376,#6554);
#6554 = DEFINITIONAL_REPRESENTATION('',(#6555),#6563);
#6555 = ( BOUNDED_CURVE() B_SPLINE_CURVE(2,(#6556,#6557,#6558,#6559,
#6560,#6561,#6562),.UNSPECIFIED.,.T.,.F.) B_SPLINE_CURVE_WITH_KNOTS((1,2
    ,2,2,2,1),(-2.094395102393,0.,2.094395102393,4.188790204786,
6.28318530718,8.377580409573),.UNSPECIFIED.) CURVE() 
GEOMETRIC_REPRESENTATION_ITEM() RATIONAL_B_SPLINE_CURVE((1.,0.5,1.,0.5,
1.,0.5,1.)) REPRESENTATION_ITEM('') );
#6556 = CARTESIAN_POINT('',(-6.700054712492,-2.25));
#6557 = CARTESIAN_POINT('',(-10.59716902952,-2.25));
#6558 = CARTESIAN_POINT('',(-8.648611871007,1.125));
#6559 = CARTESIAN_POINT('',(-6.700054712492,4.5));
#6560 = CARTESIAN_POINT('',(-4.751497553977,1.125));
#6561 = CARTESIAN_POINT('',(-2.802940395462,-2.25));
#6562 = CARTESIAN_POINT('',(-6.700054712492,-2.25));
#6563 = ( GEOMETRIC_REPRESENTATION_CONTEXT(2) 
PARAMETRIC_REPRESENTATION_CONTEXT() REPRESENTATION_CONTEXT('2D SPACE',''
  ) );
#6564 = PCURVE('',#6565,#6570);
#6565 = CYLINDRICAL_SURFACE('',#6566,2.25);
#6566 = AXIS2_PLACEMENT_3D('',#6567,#6568,#6569);
#6567 = CARTESIAN_POINT('',(6.661338147751E-16,76.5,19.));
#6568 = DIRECTION('',(0.,1.,-0.));
#6569 = DIRECTION('',(-1.,0.,1.110223024625E-16));
#6570 = DEFINITIONAL_REPRESENTATION('',(#6571),#6575);
#6571 = LINE('',#6572,#6573);
#6572 = CARTESIAN_POINT('',(0.,-6.));
#6573 = VECTOR('',#6574,1.);
#6574 = DIRECTION('',(1.,0.));
#6575 = ( GEOMETRIC_REPRESENTATION_CONTEXT(2) 
PARAMETRIC_REPRESENTATION_CONTEXT() REPRESENTATION_CONTEXT('2D SPACE',''
  ) );
#6576 = ORIENTED_EDGE('',*,*,#6577,.T.);
#6577 = EDGE_CURVE('',#6545,#6482,#6578,.T.);
#6578 = SURFACE_CURVE('',#6579,(#6583,#6590),.PCURVE_S1.);
#6579 = LINE('',#6580,#6581);
#6580 = CARTESIAN_POINT('',(2.25,70.5,19.));
#6581 = VECTOR('',#6582,1.);
#6582 = DIRECTION('',(-1.110223024625E-16,-0.,-1.));
#6583 = PCURVE('',#4376,#6584);
#6584 = DEFINITIONAL_REPRESENTATION('',(#6585),#6589);
#6585 = LINE('',#6586,#6587);
#6586 = CARTESIAN_POINT('',(-6.700054712492,2.25));
#6587 = VECTOR('',#6588,1.);
#6588 = DIRECTION('',(1.,-1.110223024625E-16));
#6589 = ( GEOMETRIC_REPRESENTATION_CONTEXT(2) 
PARAMETRIC_REPRESENTATION_CONTEXT() REPRESENTATION_CONTEXT('2D SPACE',''
  ) );
#6590 = PCURVE('',#6591,#6596);
#6591 = PLANE('',#6592);
#6592 = AXIS2_PLACEMENT_3D('',#6593,#6594,#6595);
#6593 = CARTESIAN_POINT('',(2.25,76.5,19.));
#6594 = DIRECTION('',(1.,0.,-1.110223024625E-16));
#6595 = DIRECTION('',(-1.110223024625E-16,-0.,-1.));
#6596 = DEFINITIONAL_REPRESENTATION('',(#6597),#6601);
#6597 = LINE('',#6598,#6599);
#6598 = CARTESIAN_POINT('',(0.,-6.));
#6599 = VECTOR('',#6600,1.);
#6600 = DIRECTION('',(1.,0.));
#6601 = ( GEOMETRIC_REPRESENTATION_CONTEXT(2) 
PARAMETRIC_REPRESENTATION_CONTEXT() REPRESENTATION_CONTEXT('2D SPACE',''
  ) );
#6602 = ADVANCED_FACE('',(#6603),#6532,.F.);
#6603 = FACE_BOUND('',#6604,.F.);
#6604 = EDGE_LOOP('',(#6605,#6628,#6629,#6652));
#6605 = ORIENTED_EDGE('',*,*,#6606,.T.);
#6606 = EDGE_CURVE('',#6607,#6484,#6609,.T.);
#6607 = VERTEX_POINT('',#6608);
#6608 = CARTESIAN_POINT('',(-2.25,76.5,7.));
#6609 = SURFACE_CURVE('',#6610,(#6614,#6621),.PCURVE_S1.);
#6610 = LINE('',#6611,#6612);
#6611 = CARTESIAN_POINT('',(-2.25,76.5,7.));
#6612 = VECTOR('',#6613,1.);
#6613 = DIRECTION('',(0.,-1.,0.));
#6614 = PCURVE('',#6532,#6615);
#6615 = DEFINITIONAL_REPRESENTATION('',(#6616),#6620);
#6616 = LINE('',#6617,#6618);
#6617 = CARTESIAN_POINT('',(0.,0.));
#6618 = VECTOR('',#6619,1.);
#6619 = DIRECTION('',(0.,-1.));
#6620 = ( GEOMETRIC_REPRESENTATION_CONTEXT(2) 
PARAMETRIC_REPRESENTATION_CONTEXT() REPRESENTATION_CONTEXT('2D SPACE',''
  ) );
#6621 = PCURVE('',#6504,#6622);
#6622 = DEFINITIONAL_REPRESENTATION('',(#6623),#6627);
#6623 = LINE('',#6624,#6625);
#6624 = CARTESIAN_POINT('',(3.14159265359,0.));
#6625 = VECTOR('',#6626,1.);
#6626 = DIRECTION('',(0.,-1.));
#6627 = ( GEOMETRIC_REPRESENTATION_CONTEXT(2) 
PARAMETRIC_REPRESENTATION_CONTEXT() REPRESENTATION_CONTEXT('2D SPACE',''
  ) );
#6628 = ORIENTED_EDGE('',*,*,#6516,.T.);
#6629 = ORIENTED_EDGE('',*,*,#6630,.F.);
#6630 = EDGE_CURVE('',#6631,#6517,#6633,.T.);
#6631 = VERTEX_POINT('',#6632);
#6632 = CARTESIAN_POINT('',(-2.25,76.5,19.));
#6633 = SURFACE_CURVE('',#6634,(#6638,#6645),.PCURVE_S1.);
#6634 = LINE('',#6635,#6636);
#6635 = CARTESIAN_POINT('',(-2.25,76.5,19.));
#6636 = VECTOR('',#6637,1.);
#6637 = DIRECTION('',(0.,-1.,0.));
#6638 = PCURVE('',#6532,#6639);
#6639 = DEFINITIONAL_REPRESENTATION('',(#6640),#6644);
#6640 = LINE('',#6641,#6642);
#6641 = CARTESIAN_POINT('',(12.,0.));
#6642 = VECTOR('',#6643,1.);
#6643 = DIRECTION('',(0.,-1.));
#6644 = ( GEOMETRIC_REPRESENTATION_CONTEXT(2) 
PARAMETRIC_REPRESENTATION_CONTEXT() REPRESENTATION_CONTEXT('2D SPACE',''
  ) );
#6645 = PCURVE('',#6565,#6646);
#6646 = DEFINITIONAL_REPRESENTATION('',(#6647),#6651);
#6647 = LINE('',#6648,#6649);
#6648 = CARTESIAN_POINT('',(0.,0.));
#6649 = VECTOR('',#6650,1.);
#6650 = DIRECTION('',(0.,-1.));
#6651 = ( GEOMETRIC_REPRESENTATION_CONTEXT(2) 
PARAMETRIC_REPRESENTATION_CONTEXT() REPRESENTATION_CONTEXT('2D SPACE',''
  ) );
#6652 = ORIENTED_EDGE('',*,*,#6653,.F.);
#6653 = EDGE_CURVE('',#6607,#6631,#6654,.T.);
#6654 = SURFACE_CURVE('',#6655,(#6659,#6666),.PCURVE_S1.);
#6655 = LINE('',#6656,#6657);
#6656 = CARTESIAN_POINT('',(-2.25,76.5,7.));
#6657 = VECTOR('',#6658,1.);
#6658 = DIRECTION('',(1.110223024625E-16,0.,1.));
#6659 = PCURVE('',#6532,#6660);
#6660 = DEFINITIONAL_REPRESENTATION('',(#6661),#6665);
#6661 = LINE('',#6662,#6663);
#6662 = CARTESIAN_POINT('',(0.,0.));
#6663 = VECTOR('',#6664,1.);
#6664 = DIRECTION('',(1.,0.));
#6665 = ( GEOMETRIC_REPRESENTATION_CONTEXT(2) 
PARAMETRIC_REPRESENTATION_CONTEXT() REPRESENTATION_CONTEXT('2D SPACE',''
  ) );
#6666 = PCURVE('',#6667,#6672);
#6667 = PLANE('',#6668);
#6668 = AXIS2_PLACEMENT_3D('',#6669,#6670,#6671);
#6669 = CARTESIAN_POINT('',(0.,76.5,12.299945287508));
#6670 = DIRECTION('',(-0.,-1.,-0.));
#6671 = DIRECTION('',(0.,0.,-1.));
#6672 = DEFINITIONAL_REPRESENTATION('',(#6673),#6677);
#6673 = LINE('',#6674,#6675);
#6674 = CARTESIAN_POINT('',(5.299945287508,-2.25));
#6675 = VECTOR('',#6676,1.);
#6676 = DIRECTION('',(-1.,1.110223024625E-16));
#6677 = ( GEOMETRIC_REPRESENTATION_CONTEXT(2) 
PARAMETRIC_REPRESENTATION_CONTEXT() REPRESENTATION_CONTEXT('2D SPACE',''
  ) );
#6678 = ADVANCED_FACE('',(#6679,#7295),#6667,.F.);
#6679 = FACE_BOUND('',#6680,.F.);
#6680 = EDGE_LOOP('',(#6681,#6839,#6867,#6896,#6924,#7101,#7129,#7157,
    #7185,#7213,#7241,#7269));
#6681 = ORIENTED_EDGE('',*,*,#6682,.F.);
#6682 = EDGE_CURVE('',#6683,#6685,#6687,.T.);
#6683 = VERTEX_POINT('',#6684);
#6684 = CARTESIAN_POINT('',(4.470709880312,76.5,16.));
#6685 = VERTEX_POINT('',#6686);
#6686 = CARTESIAN_POINT('',(4.,76.5,15.891695402641));
#6687 = SURFACE_CURVE('',#6688,(#6716,#6747),.PCURVE_S1.);
#6688 = B_SPLINE_CURVE_WITH_KNOTS('',6,(#6689,#6690,#6691,#6692,#6693,
    #6694,#6695,#6696,#6697,#6698,#6699,#6700,#6701,#6702,#6703,#6704,
    #6705,#6706,#6707,#6708,#6709,#6710,#6711,#6712,#6713,#6714,#6715),
  .UNSPECIFIED.,.F.,.F.,(7,5,5,5,5,7),(0.,0.400838109779,0.970947483392,
    0.985973320815,0.992985844308,1.),.UNSPECIFIED.);
#6689 = CARTESIAN_POINT('',(4.470709066884,76.5,16.));
#6690 = CARTESIAN_POINT('',(4.434375981116,76.5,16.));
#6691 = CARTESIAN_POINT('',(4.398995806038,76.5,15.998640505169));
#6692 = CARTESIAN_POINT('',(4.364546423542,76.5,15.996012893154));
#6693 = CARTESIAN_POINT('',(4.330988804911,76.5,15.992196369415));
#6694 = CARTESIAN_POINT('',(4.298269235113,76.5,15.98725366568));
#6695 = CARTESIAN_POINT('',(4.220882539039,76.5,15.972654679881));
#6696 = CARTESIAN_POINT('',(4.177005235184,76.5,15.961889055355));
#6697 = CARTESIAN_POINT('',(4.134497483549,76.5,15.949052569428));
#6698 = CARTESIAN_POINT('',(4.09310862058,76.5,15.934171758582));
#6699 = CARTESIAN_POINT('',(4.052530886444,76.5,15.917179733148));
#6700 = CARTESIAN_POINT('',(4.011231207859,76.5,15.897224338643));
#6701 = CARTESIAN_POINT('',(4.01017089826,76.5,15.896710196333));
#6702 = CARTESIAN_POINT('',(4.009110815477,76.5,15.896194345163));
#6703 = CARTESIAN_POINT('',(4.008050950791,76.5,15.895676778742));
#6704 = CARTESIAN_POINT('',(4.006991295401,76.5,15.895157490541));
#6705 = CARTESIAN_POINT('',(4.005437395246,76.5,15.894393316623));
#6706 = CARTESIAN_POINT('',(4.004942987502,76.5,15.894149779832));
#6707 = CARTESIAN_POINT('',(4.004448616256,76.5,15.893905862802));
#6708 = CARTESIAN_POINT('',(4.003954280573,76.5,15.893661564816));
#6709 = CARTESIAN_POINT('',(4.003459979513,76.5,15.893416885149));
#6710 = CARTESIAN_POINT('',(4.002471329718,76.5,15.892926703947));
#6711 = CARTESIAN_POINT('',(4.001976987265,76.5,15.892681205409));
#6712 = CARTESIAN_POINT('',(4.001482684063,76.5,15.892435326707));
#6713 = CARTESIAN_POINT('',(4.000988419208,76.5,15.892189067128));
#6714 = CARTESIAN_POINT('',(4.000494191613,76.5,15.89194242599));
#6715 = CARTESIAN_POINT('',(4.,76.5,15.891695402641));
#6716 = PCURVE('',#6667,#6717);
#6717 = DEFINITIONAL_REPRESENTATION('',(#6718),#6746);
#6718 = B_SPLINE_CURVE_WITH_KNOTS('',6,(#6719,#6720,#6721,#6722,#6723,
    #6724,#6725,#6726,#6727,#6728,#6729,#6730,#6731,#6732,#6733,#6734,
    #6735,#6736,#6737,#6738,#6739,#6740,#6741,#6742,#6743,#6744,#6745),
  .UNSPECIFIED.,.F.,.F.,(7,5,5,5,5,7),(0.,0.400838109779,0.970947483392,
    0.985973320815,0.992985844308,1.),.UNSPECIFIED.);
#6719 = CARTESIAN_POINT('',(-3.700054712492,4.470709066884));
#6720 = CARTESIAN_POINT('',(-3.700054712492,4.434375981116));
#6721 = CARTESIAN_POINT('',(-3.698695217661,4.398995806038));
#6722 = CARTESIAN_POINT('',(-3.696067605646,4.364546423542));
#6723 = CARTESIAN_POINT('',(-3.692251081907,4.330988804911));
#6724 = CARTESIAN_POINT('',(-3.687308378172,4.298269235113));
#6725 = CARTESIAN_POINT('',(-3.672709392373,4.220882539039));
#6726 = CARTESIAN_POINT('',(-3.661943767847,4.177005235184));
#6727 = CARTESIAN_POINT('',(-3.64910728192,4.134497483549));
#6728 = CARTESIAN_POINT('',(-3.634226471074,4.09310862058));
#6729 = CARTESIAN_POINT('',(-3.61723444564,4.052530886444));
#6730 = CARTESIAN_POINT('',(-3.597279051135,4.011231207859));
#6731 = CARTESIAN_POINT('',(-3.596764908825,4.01017089826));
#6732 = CARTESIAN_POINT('',(-3.596249057655,4.009110815477));
#6733 = CARTESIAN_POINT('',(-3.595731491234,4.008050950791));
#6734 = CARTESIAN_POINT('',(-3.595212203032,4.006991295401));
#6735 = CARTESIAN_POINT('',(-3.594448029115,4.005437395246));
#6736 = CARTESIAN_POINT('',(-3.594204492323,4.004942987502));
#6737 = CARTESIAN_POINT('',(-3.593960575294,4.004448616256));
#6738 = CARTESIAN_POINT('',(-3.593716277308,4.003954280573));
#6739 = CARTESIAN_POINT('',(-3.593471597641,4.003459979513));
#6740 = CARTESIAN_POINT('',(-3.592981416439,4.002471329718));
#6741 = CARTESIAN_POINT('',(-3.592735917901,4.001976987265));
#6742 = CARTESIAN_POINT('',(-3.592490039199,4.001482684063));
#6743 = CARTESIAN_POINT('',(-3.59224377962,4.000988419208));
#6744 = CARTESIAN_POINT('',(-3.591997138481,4.000494191613));
#6745 = CARTESIAN_POINT('',(-3.591750115132,4.));
#6746 = ( GEOMETRIC_REPRESENTATION_CONTEXT(2) 
PARAMETRIC_REPRESENTATION_CONTEXT() REPRESENTATION_CONTEXT('2D SPACE',''
  ) );
#6747 = PCURVE('',#6748,#6809);
#6748 = ( BOUNDED_SURFACE() B_SPLINE_SURFACE(2,10,(
    (#6749,#6750,#6751,#6752,#6753,#6754,#6755,#6756,#6757,#6758,#6759
      ,#6760,#6761,#6762,#6763,#6764,#6765,#6766,#6767,#6768)
    ,(#6769,#6770,#6771,#6772,#6773,#6774,#6775,#6776,#6777,#6778,#6779
      ,#6780,#6781,#6782,#6783,#6784,#6785,#6786,#6787,#6788)
    ,(#6789,#6790,#6791,#6792,#6793,#6794,#6795,#6796,#6797,#6798,#6799
      ,#6800,#6801,#6802,#6803,#6804,#6805,#6806,#6807,#6808
)),.UNSPECIFIED.,.F.,.F.,.F.) B_SPLINE_SURFACE_WITH_KNOTS((3,3),(11,9,11
    ),(0.,6.700045772681),(6.149827584157,6.997742722686,12.849873356838
),.UNSPECIFIED.) GEOMETRIC_REPRESENTATION_ITEM() 
RATIONAL_B_SPLINE_SURFACE((
    (1.,1.,1.,1.,1.,1.,1.,1.,1.,1.,1.,1.,1.,1.,1.,1.,1.,1.,1.,1.)
    ,(0.707106781187,0.713174860656,0.719185945431,0.725139219483
      ,0.731043882491,0.736900986722,0.742707808085,0.748469060763
      ,0.75419926486,0.759900576444,0.80414911209,0.840273198441
      ,0.873120077091,0.901949497262,0.927295973398,0.946740895652
      ,0.9627692358,0.972478512868,0.977334762879,0.977334762879)
    ,(1.,1.,1.,1.,1.,1.,1.,1.,1.,1.,1.,1.,1.,1.,1.,1.,1.,1.,1.,1.
))) REPRESENTATION_ITEM('') SURFACE() );
#6749 = CARTESIAN_POINT('',(6.5,78.955183238731,10.598596874791));
#6750 = CARTESIAN_POINT('',(6.5,78.909664914858,10.698737187312));
#6751 = CARTESIAN_POINT('',(6.499049370979,78.864150631071,
    10.798868611643));
#6752 = CARTESIAN_POINT('',(6.497136637814,78.818620682635,
    10.899034498202));
#6753 = CARTESIAN_POINT('',(6.494273742933,78.773111687755,
    10.999154286938));
#6754 = CARTESIAN_POINT('',(6.49045901027,78.727597716219,
    11.099285024318));
#6755 = CARTESIAN_POINT('',(6.485676519175,78.682069268509,
    11.19944760928));
#6756 = CARTESIAN_POINT('',(6.479912291391,78.636625024339,
    11.299424946454));
#6757 = CARTESIAN_POINT('',(6.473167694195,78.591391279534,
    11.398939185024));
#6758 = CARTESIAN_POINT('',(6.465450462808,78.546083990202,
    11.498615221555));
#6759 = CARTESIAN_POINT('',(6.396493789016,78.174260236926,
    12.316627478763));
#6760 = CARTESIAN_POINT('',(6.287329647679,77.850555554624,
    13.028777779827));
#6761 = CARTESIAN_POINT('',(6.127673184649,77.541020475026,
    13.709754954943));
#6762 = CARTESIAN_POINT('',(5.918552783299,77.253541360396,
    14.34220900713));
#6763 = CARTESIAN_POINT('',(5.666381344599,77.000887332613,
    14.898047868249));
#6764 = CARTESIAN_POINT('',(5.373563875832,76.786443344521,
    15.369824642056));
#6765 = CARTESIAN_POINT('',(5.051647320569,76.624090392212,
    15.727001137132));
#6766 = CARTESIAN_POINT('',(4.71076243163,76.51143891314,15.974834391092
    ));
#6767 = CARTESIAN_POINT('',(4.355270073297,76.455183238731,
    16.098596874791));
#6768 = CARTESIAN_POINT('',(4.,76.455183238731,16.098596874791));
#6769 = CARTESIAN_POINT('',(6.,78.955183238731,10.598596874791));
#6770 = CARTESIAN_POINT('',(6.008508543703,78.910052209506,
    10.697885139087));
#6771 = CARTESIAN_POINT('',(6.015938083718,78.864820943227,10.7973939249
    ));
#6772 = CARTESIAN_POINT('',(6.022288407327,78.81949965068,
    10.897100768504));
#6773 = CARTESIAN_POINT('',(6.027565669869,78.774088534902,
    10.997005223216));
#6774 = CARTESIAN_POINT('',(6.031767943577,78.728590582774,
    11.097100717898));
#6775 = CARTESIAN_POINT('',(6.034889043215,78.683014712511,
    11.197367632476));
#6776 = CARTESIAN_POINT('',(6.036926814334,78.637374170085,
    11.297776825814));
#6777 = CARTESIAN_POINT('',(6.037884002181,78.591677208274,
    11.398310141798));
#6778 = CARTESIAN_POINT('',(6.037750789012,78.545899705129,
    11.499020648717));
#6779 = CARTESIAN_POINT('',(6.028027666762,78.200057993554,
    12.25987241418));
#6780 = CARTESIAN_POINT('',(5.971750582037,77.893951903863,
    12.933305811501));
#6781 = CARTESIAN_POINT('',(5.862727635232,77.591710702562,
    13.598236454363));
#6782 = CARTESIAN_POINT('',(5.702517262411,77.307334081535,
    14.223865020626));
#6783 = CARTESIAN_POINT('',(5.488507930195,77.047940315799,
    14.79453130524));
#6784 = CARTESIAN_POINT('',(5.234142245732,76.834038605572,
    15.265115067743));
#6785 = CARTESIAN_POINT('',(4.944300142898,76.664532301786,
    15.638028936071));
#6786 = CARTESIAN_POINT('',(4.631226635388,76.554304951413,
    15.880529106892));
#6787 = CARTESIAN_POINT('',(4.31415782718,76.5,16.));
#6788 = CARTESIAN_POINT('',(4.,76.5,16.));
#6789 = CARTESIAN_POINT('',(6.,78.5,10.391695402641));
#6790 = CARTESIAN_POINT('',(6.,78.462294040934,10.495386790073));
#6791 = CARTESIAN_POINT('',(5.9992095127,78.424586046074,10.599086082244
    ));
#6792 = CARTESIAN_POINT('',(5.997631257849,78.38688655917,
    10.702758861512));
#6793 = CARTESIAN_POINT('',(5.995260080507,78.34918424228,
    10.806458788731));
#6794 = CARTESIAN_POINT('',(5.992093746557,78.311482947856,
    10.910175259321));
#6795 = CARTESIAN_POINT('',(5.988131486192,78.273795282017,11.0138638904
    ));
#6796 = CARTESIAN_POINT('',(5.983368051061,78.236121425196,
    11.117536330054));
#6797 = CARTESIAN_POINT('',(5.977791050729,78.198441976319,
    11.221285879942));
#6798 = CARTESIAN_POINT('',(5.971389334127,78.160753586712,
    11.325125422292));
#6799 = CARTESIAN_POINT('',(5.914424138684,77.863824642599,
    12.142081183726));
#6800 = CARTESIAN_POINT('',(5.825716787264,77.606574903066,
    12.849692383291));
#6801 = CARTESIAN_POINT('',(5.696163224404,77.359558242028,
    13.529024891632));
#6802 = CARTESIAN_POINT('',(5.530308420707,77.132546507884,
    14.152861315665));
#6803 = CARTESIAN_POINT('',(5.323789748013,76.92707006796,
    14.718765196429));
#6804 = CARTESIAN_POINT('',(5.091139661404,76.762256006605,
    15.170714198949));
#6805 = CARTESIAN_POINT('',(4.833445625494,76.627412772033,
    15.542591821878));
#6806 = CARTESIAN_POINT('',(4.552881386198,76.54251946188,
    15.775212788329));
#6807 = CARTESIAN_POINT('',(4.276730616502,76.5,15.89169540264));
#6808 = CARTESIAN_POINT('',(4.,76.5,15.891695402641));
#6809 = DEFINITIONAL_REPRESENTATION('',(#6810),#6838);
#6810 = B_SPLINE_CURVE_WITH_KNOTS('',6,(#6811,#6812,#6813,#6814,#6815,
    #6816,#6817,#6818,#6819,#6820,#6821,#6822,#6823,#6824,#6825,#6826,
    #6827,#6828,#6829,#6830,#6831,#6832,#6833,#6834,#6835,#6836,#6837),
  .UNSPECIFIED.,.F.,.F.,(7,5,5,5,5,7),(0.,0.400838109779,0.970947483392,
    0.985973320815,0.992985844308,1.),.UNSPECIFIED.);
#6811 = CARTESIAN_POINT('',(0.,12.068729373668));
#6812 = CARTESIAN_POINT('',(0.44764654573,12.118116946931));
#6813 = CARTESIAN_POINT('',(0.895380492192,12.167410853668));
#6814 = CARTESIAN_POINT('',(1.343180207682,12.216725601505));
#6815 = CARTESIAN_POINT('',(1.791021561786,12.266195498266));
#6816 = CARTESIAN_POINT('',(2.238877502423,12.315979782314));
#6817 = CARTESIAN_POINT('',(3.323677667454,12.437791998485));
#6818 = CARTESIAN_POINT('',(3.960597579482,12.510334122983));
#6819 = CARTESIAN_POINT('',(4.597401280601,12.584445175755));
#6820 = CARTESIAN_POINT('',(5.233976857577,12.660795635135));
#6821 = CARTESIAN_POINT('',(5.870164915088,12.740271984285));
#6822 = CARTESIAN_POINT('',(6.52248698723,12.826285784694));
#6823 = CARTESIAN_POINT('',(6.539237699805,12.828497560975));
#6824 = CARTESIAN_POINT('',(6.555987974331,12.830712364943));
#6825 = CARTESIAN_POINT('',(6.572737806226,12.832930218616));
#6826 = CARTESIAN_POINT('',(6.589487190856,12.835151144149));
#6827 = CARTESIAN_POINT('',(6.614052811592,12.838413108659));
#6828 = CARTESIAN_POINT('',(6.621869499542,12.839451740462));
#6829 = CARTESIAN_POINT('',(6.629686187383,12.840491061612));
#6830 = CARTESIAN_POINT('',(6.637502875112,12.841531074483));
#6831 = CARTESIAN_POINT('',(6.64531956273,12.842571781447));
#6832 = CARTESIAN_POINT('',(6.660954757124,12.844654830702));
#6833 = CARTESIAN_POINT('',(6.668773162668,12.845697160115));
#6834 = CARTESIAN_POINT('',(6.676591467852,12.846740174982));
#6835 = CARTESIAN_POINT('',(6.68440967243,12.847783877558));
#6836 = CARTESIAN_POINT('',(6.692227774936,12.848828270496));
#6837 = CARTESIAN_POINT('',(6.700045772681,12.849873356838));
#6838 = ( GEOMETRIC_REPRESENTATION_CONTEXT(2) 
PARAMETRIC_REPRESENTATION_CONTEXT() REPRESENTATION_CONTEXT('2D SPACE',''
  ) );
#6839 = ORIENTED_EDGE('',*,*,#6840,.T.);
#6840 = EDGE_CURVE('',#6683,#6841,#6843,.T.);
#6841 = VERTEX_POINT('',#6842);
#6842 = CARTESIAN_POINT('',(7.8,76.5,16.));
#6843 = SURFACE_CURVE('',#6844,(#6848,#6855),.PCURVE_S1.);
#6844 = LINE('',#6845,#6846);
#6845 = CARTESIAN_POINT('',(4.,76.5,16.));
#6846 = VECTOR('',#6847,1.);
#6847 = DIRECTION('',(1.,0.,0.));
#6848 = PCURVE('',#6667,#6849);
#6849 = DEFINITIONAL_REPRESENTATION('',(#6850),#6854);
#6850 = LINE('',#6851,#6852);
#6851 = CARTESIAN_POINT('',(-3.700054712492,4.));
#6852 = VECTOR('',#6853,1.);
#6853 = DIRECTION('',(0.,1.));
#6854 = ( GEOMETRIC_REPRESENTATION_CONTEXT(2) 
PARAMETRIC_REPRESENTATION_CONTEXT() REPRESENTATION_CONTEXT('2D SPACE',''
  ) );
#6855 = PCURVE('',#6856,#6861);
#6856 = PLANE('',#6857);
#6857 = AXIS2_PLACEMENT_3D('',#6858,#6859,#6860);
#6858 = CARTESIAN_POINT('',(6.,81.5,5.));
#6859 = DIRECTION('',(0.,-0.910366477463,-0.413802944301));
#6860 = DIRECTION('',(0.,-0.413802944301,0.910366477463));
#6861 = DEFINITIONAL_REPRESENTATION('',(#6862),#6866);
#6862 = LINE('',#6863,#6864);
#6863 = CARTESIAN_POINT('',(12.083045973595,2.));
#6864 = VECTOR('',#6865,1.);
#6865 = DIRECTION('',(0.,-1.));
#6866 = ( GEOMETRIC_REPRESENTATION_CONTEXT(2) 
PARAMETRIC_REPRESENTATION_CONTEXT() REPRESENTATION_CONTEXT('2D SPACE',''
  ) );
#6867 = ORIENTED_EDGE('',*,*,#6868,.T.);
#6868 = EDGE_CURVE('',#6841,#6869,#6871,.T.);
#6869 = VERTEX_POINT('',#6870);
#6870 = CARTESIAN_POINT('',(-7.8,76.5,16.));
#6871 = SURFACE_CURVE('',#6872,(#6877,#6884),.PCURVE_S1.);
#6872 = CIRCLE('',#6873,7.8);
#6873 = AXIS2_PLACEMENT_3D('',#6874,#6875,#6876);
#6874 = CARTESIAN_POINT('',(0.,76.5,16.));
#6875 = DIRECTION('',(0.,-1.,-0.));
#6876 = DIRECTION('',(1.,0.,0.));
#6877 = PCURVE('',#6667,#6878);
#6878 = DEFINITIONAL_REPRESENTATION('',(#6879),#6883);
#6879 = CIRCLE('',#6880,7.8);
#6880 = AXIS2_PLACEMENT_2D('',#6881,#6882);
#6881 = CARTESIAN_POINT('',(-3.700054712492,0.));
#6882 = DIRECTION('',(0.,1.));
#6883 = ( GEOMETRIC_REPRESENTATION_CONTEXT(2) 
PARAMETRIC_REPRESENTATION_CONTEXT() REPRESENTATION_CONTEXT('2D SPACE',''
  ) );
#6884 = PCURVE('',#6885,#6890);
#6885 = TOROIDAL_SURFACE('',#6886,7.8,1.2);
#6886 = AXIS2_PLACEMENT_3D('',#6887,#6888,#6889);
#6887 = CARTESIAN_POINT('',(0.,75.3,16.));
#6888 = DIRECTION('',(-0.,1.,0.));
#6889 = DIRECTION('',(1.,0.,0.));
#6890 = DEFINITIONAL_REPRESENTATION('',(#6891),#6895);
#6891 = LINE('',#6892,#6893);
#6892 = CARTESIAN_POINT('',(-0.,1.570796326795));
#6893 = VECTOR('',#6894,1.);
#6894 = DIRECTION('',(-1.,0.));
#6895 = ( GEOMETRIC_REPRESENTATION_CONTEXT(2) 
PARAMETRIC_REPRESENTATION_CONTEXT() REPRESENTATION_CONTEXT('2D SPACE',''
  ) );
#6896 = ORIENTED_EDGE('',*,*,#6897,.T.);
#6897 = EDGE_CURVE('',#6869,#6898,#6900,.T.);
#6898 = VERTEX_POINT('',#6899);
#6899 = CARTESIAN_POINT('',(-4.470709880312,76.5,16.));
#6900 = SURFACE_CURVE('',#6901,(#6905,#6912),.PCURVE_S1.);
#6901 = LINE('',#6902,#6903);
#6902 = CARTESIAN_POINT('',(-9.,76.5,16.));
#6903 = VECTOR('',#6904,1.);
#6904 = DIRECTION('',(1.,0.,0.));
#6905 = PCURVE('',#6667,#6906);
#6906 = DEFINITIONAL_REPRESENTATION('',(#6907),#6911);
#6907 = LINE('',#6908,#6909);
#6908 = CARTESIAN_POINT('',(-3.700054712492,-9.));
#6909 = VECTOR('',#6910,1.);
#6910 = DIRECTION('',(0.,1.));
#6911 = ( GEOMETRIC_REPRESENTATION_CONTEXT(2) 
PARAMETRIC_REPRESENTATION_CONTEXT() REPRESENTATION_CONTEXT('2D SPACE',''
  ) );
#6912 = PCURVE('',#6913,#6918);
#6913 = PLANE('',#6914);
#6914 = AXIS2_PLACEMENT_3D('',#6915,#6916,#6917);
#6915 = CARTESIAN_POINT('',(-9.,81.5,5.));
#6916 = DIRECTION('',(0.,-0.910366477463,-0.413802944301));
#6917 = DIRECTION('',(0.,-0.413802944301,0.910366477463));
#6918 = DEFINITIONAL_REPRESENTATION('',(#6919),#6923);
#6919 = LINE('',#6920,#6921);
#6920 = CARTESIAN_POINT('',(12.083045973595,0.));
#6921 = VECTOR('',#6922,1.);
#6922 = DIRECTION('',(0.,-1.));
#6923 = ( GEOMETRIC_REPRESENTATION_CONTEXT(2) 
PARAMETRIC_REPRESENTATION_CONTEXT() REPRESENTATION_CONTEXT('2D SPACE',''
  ) );
#6924 = ORIENTED_EDGE('',*,*,#6925,.F.);
#6925 = EDGE_CURVE('',#6926,#6898,#6928,.T.);
#6926 = VERTEX_POINT('',#6927);
#6927 = CARTESIAN_POINT('',(-4.,76.5,15.891695402641));
#6928 = SURFACE_CURVE('',#6929,(#6964,#7002),.PCURVE_S1.);
#6929 = B_SPLINE_CURVE_WITH_KNOTS('',5,(#6930,#6931,#6932,#6933,#6934,
    #6935,#6936,#6937,#6938,#6939,#6940,#6941,#6942,#6943,#6944,#6945,
    #6946,#6947,#6948,#6949,#6950,#6951,#6952,#6953,#6954,#6955,#6956,
    #6957,#6958,#6959,#6960,#6961,#6962,#6963),.UNSPECIFIED.,.F.,.F.,(6,
    4,4,4,4,4,4,4,6),(0.,6.011647383944E-03,1.302424417504E-02,
    2.604688462888E-02,5.308926730598E-02,0.106155772207,0.21223330096,
    0.599160824764,1.),.UNSPECIFIED.);
#6930 = CARTESIAN_POINT('',(-4.000000255987,76.5,15.891695555802));
#6931 = CARTESIAN_POINT('',(-4.000508611309,76.5,15.891949614954));
#6932 = CARTESIAN_POINT('',(-4.001016890496,76.5,15.892203254244));
#6933 = CARTESIAN_POINT('',(-4.001525217962,76.5,15.892456473118));
#6934 = CARTESIAN_POINT('',(-4.002033627969,76.5,15.892709272091));
#6935 = CARTESIAN_POINT('',(-4.003135156841,76.5,15.893256055207));
#6936 = CARTESIAN_POINT('',(-4.003728298774,76.5,15.893549883418));
#6937 = CARTESIAN_POINT('',(-4.004321492303,76.5,15.893843138849));
#6938 = CARTESIAN_POINT('',(-4.004914739307,76.5,15.894135822951));
#6939 = CARTESIAN_POINT('',(-4.006609825154,76.5,15.894970403562));
#6940 = CARTESIAN_POINT('',(-4.00771183178,76.5,15.895510920505));
#6941 = CARTESIAN_POINT('',(-4.008814073123,76.5,15.896049496705));
#6942 = CARTESIAN_POINT('',(-4.009916560631,76.5,15.896586140645));
#6943 = CARTESIAN_POINT('',(-4.013309229264,76.5,15.898231242217));
#6944 = CARTESIAN_POINT('',(-4.015600263208,76.5,15.899333327289));
#6945 = CARTESIAN_POINT('',(-4.017892508715,76.5,15.90042718959));
#6946 = CARTESIAN_POINT('',(-4.020186064605,76.5,15.901512898742));
#6947 = CARTESIAN_POINT('',(-4.026984537474,76.5,15.904705186073));
#6948 = CARTESIAN_POINT('',(-4.031493465082,76.5,15.906788708289));
#6949 = CARTESIAN_POINT('',(-4.036008537733,76.5,15.908841580223));
#6950 = CARTESIAN_POINT('',(-4.040530450187,76.5,15.910864239787));
#6951 = CARTESIAN_POINT('',(-4.054113957045,76.5,15.91684064518));
#6952 = CARTESIAN_POINT('',(-4.063198031508,76.5,15.920705037453));
#6953 = CARTESIAN_POINT('',(-4.072317358067,76.5,15.924453272879));
#6954 = CARTESIAN_POINT('',(-4.081476773792,76.5,15.928087659211));
#6955 = CARTESIAN_POINT('',(-4.124252784155,76.5,15.944457063598));
#6956 = CARTESIAN_POINT('',(-4.158417073826,76.5,15.955811126145));
#6957 = CARTESIAN_POINT('',(-4.193387139923,76.5,15.965748972963));
#6958 = CARTESIAN_POINT('',(-4.229314843822,76.5,15.974245432608));
#6959 = CARTESIAN_POINT('',(-4.304658774713,76.5,15.988459051136));
#6960 = CARTESIAN_POINT('',(-4.344153820009,76.5,15.994065028554));
#6961 = CARTESIAN_POINT('',(-4.384939027075,76.5,15.997960757754));
#6962 = CARTESIAN_POINT('',(-4.427109363962,76.5,16.));
#6963 = CARTESIAN_POINT('',(-4.470709066884,76.5,16.));
#6964 = PCURVE('',#6667,#6965);
#6965 = DEFINITIONAL_REPRESENTATION('',(#6966),#7001);
#6966 = B_SPLINE_CURVE_WITH_KNOTS('',5,(#6967,#6968,#6969,#6970,#6971,
    #6972,#6973,#6974,#6975,#6976,#6977,#6978,#6979,#6980,#6981,#6982,
    #6983,#6984,#6985,#6986,#6987,#6988,#6989,#6990,#6991,#6992,#6993,
    #6994,#6995,#6996,#6997,#6998,#6999,#7000),.UNSPECIFIED.,.F.,.F.,(6,
    4,4,4,4,4,4,4,6),(0.,6.011647383944E-03,1.302424417504E-02,
    2.604688462888E-02,5.308926730598E-02,0.106155772207,0.21223330096,
    0.599160824764,1.),.UNSPECIFIED.);
#6967 = CARTESIAN_POINT('',(-3.591750268294,-4.000000255987));
#6968 = CARTESIAN_POINT('',(-3.592004327445,-4.000508611309));
#6969 = CARTESIAN_POINT('',(-3.592257966735,-4.001016890496));
#6970 = CARTESIAN_POINT('',(-3.59251118561,-4.001525217962));
#6971 = CARTESIAN_POINT('',(-3.592763984583,-4.002033627969));
#6972 = CARTESIAN_POINT('',(-3.593310767699,-4.003135156841));
#6973 = CARTESIAN_POINT('',(-3.593604595909,-4.003728298774));
#6974 = CARTESIAN_POINT('',(-3.593897851341,-4.004321492303));
#6975 = CARTESIAN_POINT('',(-3.594190535443,-4.004914739307));
#6976 = CARTESIAN_POINT('',(-3.595025116054,-4.006609825154));
#6977 = CARTESIAN_POINT('',(-3.595565632997,-4.00771183178));
#6978 = CARTESIAN_POINT('',(-3.596104209196,-4.008814073123));
#6979 = CARTESIAN_POINT('',(-3.596640853137,-4.009916560631));
#6980 = CARTESIAN_POINT('',(-3.598285954709,-4.013309229264));
#6981 = CARTESIAN_POINT('',(-3.599388039781,-4.015600263208));
#6982 = CARTESIAN_POINT('',(-3.600481902081,-4.017892508715));
#6983 = CARTESIAN_POINT('',(-3.601567611234,-4.020186064605));
#6984 = CARTESIAN_POINT('',(-3.604759898565,-4.026984537474));
#6985 = CARTESIAN_POINT('',(-3.606843420781,-4.031493465082));
#6986 = CARTESIAN_POINT('',(-3.608896292715,-4.036008537733));
#6987 = CARTESIAN_POINT('',(-3.610918952279,-4.040530450187));
#6988 = CARTESIAN_POINT('',(-3.616895357672,-4.054113957045));
#6989 = CARTESIAN_POINT('',(-3.620759749945,-4.063198031508));
#6990 = CARTESIAN_POINT('',(-3.624507985371,-4.072317358067));
#6991 = CARTESIAN_POINT('',(-3.628142371703,-4.081476773792));
#6992 = CARTESIAN_POINT('',(-3.644511776089,-4.124252784155));
#6993 = CARTESIAN_POINT('',(-3.655865838637,-4.158417073826));
#6994 = CARTESIAN_POINT('',(-3.665803685455,-4.193387139923));
#6995 = CARTESIAN_POINT('',(-3.6743001451,-4.229314843822));
#6996 = CARTESIAN_POINT('',(-3.688513763628,-4.304658774713));
#6997 = CARTESIAN_POINT('',(-3.694119741046,-4.344153820009));
#6998 = CARTESIAN_POINT('',(-3.698015470246,-4.384939027075));
#6999 = CARTESIAN_POINT('',(-3.700054712492,-4.427109363962));
#7000 = CARTESIAN_POINT('',(-3.700054712492,-4.470709066884));
#7001 = ( GEOMETRIC_REPRESENTATION_CONTEXT(2) 
PARAMETRIC_REPRESENTATION_CONTEXT() REPRESENTATION_CONTEXT('2D SPACE',''
  ) );
#7002 = PCURVE('',#7003,#7064);
#7003 = ( BOUNDED_SURFACE() B_SPLINE_SURFACE(2,10,(
    (#7004,#7005,#7006,#7007,#7008,#7009,#7010,#7011,#7012,#7013,#7014
      ,#7015,#7016,#7017,#7018,#7019,#7020,#7021,#7022,#7023)
    ,(#7024,#7025,#7026,#7027,#7028,#7029,#7030,#7031,#7032,#7033,#7034
      ,#7035,#7036,#7037,#7038,#7039,#7040,#7041,#7042,#7043)
    ,(#7044,#7045,#7046,#7047,#7048,#7049,#7050,#7051,#7052,#7053,#7054
      ,#7055,#7056,#7057,#7058,#7059,#7060,#7061,#7062,#7063
)),.UNSPECIFIED.,.F.,.F.,.F.) B_SPLINE_SURFACE_WITH_KNOTS((3,3),(11,9,11
    ),(0.,6.700045772681),(6.149827584157,6.997742722686,12.849873356838
),.UNSPECIFIED.) GEOMETRIC_REPRESENTATION_ITEM() 
RATIONAL_B_SPLINE_SURFACE((
    (1.,1.,1.,1.,1.,1.,1.,1.,1.,1.,1.,1.,1.,1.,1.,1.,1.,1.,1.,1.)
    ,(0.707106781187,0.713174860656,0.719185945431,0.725139219483
      ,0.731043882491,0.736900986722,0.742707808085,0.748469060763
      ,0.75419926486,0.759900576444,0.80414911209,0.840273198441
      ,0.873120077091,0.901949497262,0.927295973398,0.946740895653
      ,0.9627692358,0.972478512868,0.977334762879,0.977334762879)
    ,(1.,1.,1.,1.,1.,1.,1.,1.,1.,1.,1.,1.,1.,1.,1.,1.,1.,1.,1.,1.
))) REPRESENTATION_ITEM('') SURFACE() );
#7004 = CARTESIAN_POINT('',(-6.,78.5,10.391695402641));
#7005 = CARTESIAN_POINT('',(-6.,78.462294040934,10.495386790073));
#7006 = CARTESIAN_POINT('',(-5.9992095127,78.424586046074,
    10.599086082244));
#7007 = CARTESIAN_POINT('',(-5.997631257849,78.38688655917,
    10.702758861512));
#7008 = CARTESIAN_POINT('',(-5.995260080507,78.34918424228,
    10.806458788731));
#7009 = CARTESIAN_POINT('',(-5.992093746557,78.311482947856,
    10.910175259321));
#7010 = CARTESIAN_POINT('',(-5.988131486192,78.273795282017,
    11.0138638904));
#7011 = CARTESIAN_POINT('',(-5.983368051061,78.236121425196,
    11.117536330054));
#7012 = CARTESIAN_POINT('',(-5.977791050729,78.198441976319,
    11.221285879942));
#7013 = CARTESIAN_POINT('',(-5.971389334127,78.160753586712,
    11.325125422293));
#7014 = CARTESIAN_POINT('',(-5.914424138684,77.863824642599,
    12.142081183726));
#7015 = CARTESIAN_POINT('',(-5.825716787264,77.606574903066,
    12.849692383291));
#7016 = CARTESIAN_POINT('',(-5.696163224404,77.359558242029,
    13.529024891632));
#7017 = CARTESIAN_POINT('',(-5.530308420706,77.132546507883,
    14.152861315664));
#7018 = CARTESIAN_POINT('',(-5.323789748014,76.927070067962,
    14.71876519643));
#7019 = CARTESIAN_POINT('',(-5.091139661403,76.762256006604,
    15.170714198949));
#7020 = CARTESIAN_POINT('',(-4.833445625494,76.627412772033,
    15.542591821879));
#7021 = CARTESIAN_POINT('',(-4.552881386198,76.54251946188,
    15.775212788329));
#7022 = CARTESIAN_POINT('',(-4.276730616502,76.5,15.89169540264));
#7023 = CARTESIAN_POINT('',(-4.,76.5,15.891695402641));
#7024 = CARTESIAN_POINT('',(-6.,78.955183238731,10.598596874791));
#7025 = CARTESIAN_POINT('',(-6.008508543703,78.910052209506,
    10.697885139087));
#7026 = CARTESIAN_POINT('',(-6.015938083718,78.864820943227,
    10.7973939249));
#7027 = CARTESIAN_POINT('',(-6.022288407327,78.81949965068,
    10.897100768504));
#7028 = CARTESIAN_POINT('',(-6.027565669869,78.774088534902,
    10.997005223216));
#7029 = CARTESIAN_POINT('',(-6.031767943577,78.728590582774,
    11.097100717898));
#7030 = CARTESIAN_POINT('',(-6.034889043215,78.683014712511,
    11.197367632476));
#7031 = CARTESIAN_POINT('',(-6.036926814333,78.637374170085,
    11.297776825814));
#7032 = CARTESIAN_POINT('',(-6.037884002181,78.591677208274,
    11.398310141798));
#7033 = CARTESIAN_POINT('',(-6.037750789012,78.545899705129,
    11.499020648717));
#7034 = CARTESIAN_POINT('',(-6.028027666762,78.200057993554,
    12.25987241418));
#7035 = CARTESIAN_POINT('',(-5.971750582036,77.893951903863,
    12.933305811501));
#7036 = CARTESIAN_POINT('',(-5.862727635232,77.591710702562,
    13.598236454363));
#7037 = CARTESIAN_POINT('',(-5.702517262411,77.307334081535,
    14.223865020625));
#7038 = CARTESIAN_POINT('',(-5.488507930196,77.047940315799,
    14.794531305241));
#7039 = CARTESIAN_POINT('',(-5.234142245732,76.834038605572,
    15.265115067742));
#7040 = CARTESIAN_POINT('',(-4.944300142898,76.664532301786,
    15.638028936071));
#7041 = CARTESIAN_POINT('',(-4.631226635388,76.554304951413,
    15.880529106891));
#7042 = CARTESIAN_POINT('',(-4.31415782718,76.5,16.));
#7043 = CARTESIAN_POINT('',(-4.,76.5,16.));
#7044 = CARTESIAN_POINT('',(-6.5,78.955183238731,10.598596874791));
#7045 = CARTESIAN_POINT('',(-6.5,78.909664914858,10.698737187312));
#7046 = CARTESIAN_POINT('',(-6.499049370979,78.864150631071,
    10.798868611643));
#7047 = CARTESIAN_POINT('',(-6.497136637814,78.818620682635,
    10.899034498202));
#7048 = CARTESIAN_POINT('',(-6.494273742933,78.773111687755,
    10.999154286938));
#7049 = CARTESIAN_POINT('',(-6.49045901027,78.727597716219,
    11.099285024318));
#7050 = CARTESIAN_POINT('',(-6.485676519175,78.682069268509,
    11.199447609281));
#7051 = CARTESIAN_POINT('',(-6.479912291391,78.636625024339,
    11.299424946454));
#7052 = CARTESIAN_POINT('',(-6.473167694195,78.591391279534,
    11.398939185024));
#7053 = CARTESIAN_POINT('',(-6.465450462808,78.546083990202,
    11.498615221555));
#7054 = CARTESIAN_POINT('',(-6.396493789016,78.174260236926,
    12.316627478763));
#7055 = CARTESIAN_POINT('',(-6.287329647679,77.850555554624,
    13.028777779827));
#7056 = CARTESIAN_POINT('',(-6.127673184649,77.541020475026,
    13.709754954943));
#7057 = CARTESIAN_POINT('',(-5.918552783298,77.253541360397,
    14.342209007129));
#7058 = CARTESIAN_POINT('',(-5.6663813446,77.000887332613,14.89804786825
    ));
#7059 = CARTESIAN_POINT('',(-5.373563875832,76.786443344521,
    15.369824642054));
#7060 = CARTESIAN_POINT('',(-5.051647320569,76.624090392212,
    15.727001137133));
#7061 = CARTESIAN_POINT('',(-4.71076243163,76.51143891314,
    15.974834391091));
#7062 = CARTESIAN_POINT('',(-4.355270073297,76.455183238731,
    16.098596874791));
#7063 = CARTESIAN_POINT('',(-4.,76.455183238731,16.098596874791));
#7064 = DEFINITIONAL_REPRESENTATION('',(#7065),#7100);
#7065 = B_SPLINE_CURVE_WITH_KNOTS('',5,(#7066,#7067,#7068,#7069,#7070,
    #7071,#7072,#7073,#7074,#7075,#7076,#7077,#7078,#7079,#7080,#7081,
    #7082,#7083,#7084,#7085,#7086,#7087,#7088,#7089,#7090,#7091,#7092,
    #7093,#7094,#7095,#7096,#7097,#7098,#7099),.UNSPECIFIED.,.F.,.F.,(6,
    4,4,4,4,4,4,4,6),(0.,6.011647383944E-03,1.302424417504E-02,
    2.604688462888E-02,5.308926730598E-02,0.106155772207,0.21223330096,
    0.599160824764,1.),.UNSPECIFIED.);
#7066 = CARTESIAN_POINT('',(4.847393296674E-06,12.849872815492));
#7067 = CARTESIAN_POINT('',(8.045526440292E-03,12.848797777009));
#7068 = CARTESIAN_POINT('',(1.608636145461E-02,12.847723747408));
#7069 = CARTESIAN_POINT('',(2.412730556971E-02,12.846650463155));
#7070 = CARTESIAN_POINT('',(3.216834611341E-02,12.84557785136));
#7071 = CARTESIAN_POINT('',(4.958952952511E-02,12.843255748087));
#7072 = CARTESIAN_POINT('',(5.896955460782E-02,12.842006513144));
#7073 = CARTESIAN_POINT('',(6.83495798561E-02,12.840758320199));
#7074 = CARTESIAN_POINT('',(7.772960526885E-02,12.8395111645));
#7075 = CARTESIAN_POINT('',(0.104528670345,12.835950946357));
#7076 = CARTESIAN_POINT('',(0.121948220469,12.833640344326));
#7077 = CARTESIAN_POINT('',(0.139368275105,12.831333206148));
#7078 = CARTESIAN_POINT('',(0.156788828227,12.829029502994));
#7079 = CARTESIAN_POINT('',(0.210385838756,12.821952486412));
#7080 = CARTESIAN_POINT('',(0.246563927529,12.817190455485));
#7081 = CARTESIAN_POINT('',(0.282744087038,12.812442857388));
#7082 = CARTESIAN_POINT('',(0.318926265651,12.80770944037));
#7083 = CARTESIAN_POINT('',(0.426116221824,12.793728698865));
#7084 = CARTESIAN_POINT('',(0.497129612422,12.784521096451));
#7085 = CARTESIAN_POINT('',(0.568150206955,12.775365280327));
#7086 = CARTESIAN_POINT('',(0.639177648025,12.766259445362));
#7087 = CARTESIAN_POINT('',(0.852205234773,12.739096131212));
#7088 = CARTESIAN_POINT('',(0.994224876902,12.721183166215));
#7089 = CARTESIAN_POINT('',(1.13626784808,12.703449068668));
#7090 = CARTESIAN_POINT('',(1.278331739499,12.685880921549));
#7091 = CARTESIAN_POINT('',(1.938673997244,12.60494709037));
#7092 = CARTESIAN_POINT('',(2.45718224439,12.543476316915));
#7093 = CARTESIAN_POINT('',(2.975838321486,12.483474007037));
#7094 = CARTESIAN_POINT('',(3.494571441003,12.424518945296));
#7095 = CARTESIAN_POINT('',(4.550736296352,12.305922188198));
#7096 = CARTESIAN_POINT('',(5.088168168167,12.2463321533));
#7097 = CARTESIAN_POINT('',(5.625562961831,12.18711904971));
#7098 = CARTESIAN_POINT('',(6.162869917805,12.127994461583));
#7099 = CARTESIAN_POINT('',(6.700045772681,12.068729373668));
#7100 = ( GEOMETRIC_REPRESENTATION_CONTEXT(2) 
PARAMETRIC_REPRESENTATION_CONTEXT() REPRESENTATION_CONTEXT('2D SPACE',''
  ) );
#7101 = ORIENTED_EDGE('',*,*,#7102,.T.);
#7102 = EDGE_CURVE('',#6926,#7103,#7105,.T.);
#7103 = VERTEX_POINT('',#7104);
#7104 = CARTESIAN_POINT('',(-4.,76.5,5.));
#7105 = SURFACE_CURVE('',#7106,(#7110,#7117),.PCURVE_S1.);
#7106 = LINE('',#7107,#7108);
#7107 = CARTESIAN_POINT('',(-4.,76.5,16.));
#7108 = VECTOR('',#7109,1.);
#7109 = DIRECTION('',(0.,0.,-1.));
#7110 = PCURVE('',#6667,#7111);
#7111 = DEFINITIONAL_REPRESENTATION('',(#7112),#7116);
#7112 = LINE('',#7113,#7114);
#7113 = CARTESIAN_POINT('',(-3.700054712492,-4.));
#7114 = VECTOR('',#7115,1.);
#7115 = DIRECTION('',(1.,0.));
#7116 = ( GEOMETRIC_REPRESENTATION_CONTEXT(2) 
PARAMETRIC_REPRESENTATION_CONTEXT() REPRESENTATION_CONTEXT('2D SPACE',''
  ) );
#7117 = PCURVE('',#7118,#7123);
#7118 = CYLINDRICAL_SURFACE('',#7119,2.);
#7119 = AXIS2_PLACEMENT_3D('',#7120,#7121,#7122);
#7120 = CARTESIAN_POINT('',(-4.,78.5,16.));
#7121 = DIRECTION('',(0.,0.,-1.));
#7122 = DIRECTION('',(0.,-1.,0.));
#7123 = DEFINITIONAL_REPRESENTATION('',(#7124),#7128);
#7124 = LINE('',#7125,#7126);
#7125 = CARTESIAN_POINT('',(0.,0.));
#7126 = VECTOR('',#7127,1.);
#7127 = DIRECTION('',(0.,1.));
#7128 = ( GEOMETRIC_REPRESENTATION_CONTEXT(2) 
PARAMETRIC_REPRESENTATION_CONTEXT() REPRESENTATION_CONTEXT('2D SPACE',''
  ) );
#7129 = ORIENTED_EDGE('',*,*,#7130,.F.);
#7130 = EDGE_CURVE('',#7131,#7103,#7133,.T.);
#7131 = VERTEX_POINT('',#7132);
#7132 = CARTESIAN_POINT('',(-4.5,76.5,5.));
#7133 = SURFACE_CURVE('',#7134,(#7138,#7145),.PCURVE_S1.);
#7134 = LINE('',#7135,#7136);
#7135 = CARTESIAN_POINT('',(-4.5,76.5,5.));
#7136 = VECTOR('',#7137,1.);
#7137 = DIRECTION('',(1.,0.,0.));
#7138 = PCURVE('',#6667,#7139);
#7139 = DEFINITIONAL_REPRESENTATION('',(#7140),#7144);
#7140 = LINE('',#7141,#7142);
#7141 = CARTESIAN_POINT('',(7.299945287508,-4.5));
#7142 = VECTOR('',#7143,1.);
#7143 = DIRECTION('',(0.,1.));
#7144 = ( GEOMETRIC_REPRESENTATION_CONTEXT(2) 
PARAMETRIC_REPRESENTATION_CONTEXT() REPRESENTATION_CONTEXT('2D SPACE',''
  ) );
#7145 = PCURVE('',#7146,#7151);
#7146 = PLANE('',#7147);
#7147 = AXIS2_PLACEMENT_3D('',#7148,#7149,#7150);
#7148 = CARTESIAN_POINT('',(-4.5,76.5,5.));
#7149 = DIRECTION('',(0.,0.,1.));
#7150 = DIRECTION('',(1.,0.,0.));
#7151 = DEFINITIONAL_REPRESENTATION('',(#7152),#7156);
#7152 = LINE('',#7153,#7154);
#7153 = CARTESIAN_POINT('',(0.,0.));
#7154 = VECTOR('',#7155,1.);
#7155 = DIRECTION('',(1.,0.));
#7156 = ( GEOMETRIC_REPRESENTATION_CONTEXT(2) 
PARAMETRIC_REPRESENTATION_CONTEXT() REPRESENTATION_CONTEXT('2D SPACE',''
  ) );
#7157 = ORIENTED_EDGE('',*,*,#7158,.F.);
#7158 = EDGE_CURVE('',#7159,#7131,#7161,.T.);
#7159 = VERTEX_POINT('',#7160);
#7160 = CARTESIAN_POINT('',(-4.5,76.5,2.));
#7161 = SURFACE_CURVE('',#7162,(#7166,#7173),.PCURVE_S1.);
#7162 = LINE('',#7163,#7164);
#7163 = CARTESIAN_POINT('',(-4.5,76.5,2.));
#7164 = VECTOR('',#7165,1.);
#7165 = DIRECTION('',(0.,0.,1.));
#7166 = PCURVE('',#6667,#7167);
#7167 = DEFINITIONAL_REPRESENTATION('',(#7168),#7172);
#7168 = LINE('',#7169,#7170);
#7169 = CARTESIAN_POINT('',(10.299945287508,-4.5));
#7170 = VECTOR('',#7171,1.);
#7171 = DIRECTION('',(-1.,0.));
#7172 = ( GEOMETRIC_REPRESENTATION_CONTEXT(2) 
PARAMETRIC_REPRESENTATION_CONTEXT() REPRESENTATION_CONTEXT('2D SPACE',''
  ) );
#7173 = PCURVE('',#7174,#7179);
#7174 = PLANE('',#7175);
#7175 = AXIS2_PLACEMENT_3D('',#7176,#7177,#7178);
#7176 = CARTESIAN_POINT('',(-4.5,76.5,2.));
#7177 = DIRECTION('',(1.,0.,0.));
#7178 = DIRECTION('',(0.,0.,1.));
#7179 = DEFINITIONAL_REPRESENTATION('',(#7180),#7184);
#7180 = LINE('',#7181,#7182);
#7181 = CARTESIAN_POINT('',(0.,0.));
#7182 = VECTOR('',#7183,1.);
#7183 = DIRECTION('',(1.,0.));
#7184 = ( GEOMETRIC_REPRESENTATION_CONTEXT(2) 
PARAMETRIC_REPRESENTATION_CONTEXT() REPRESENTATION_CONTEXT('2D SPACE',''
  ) );
#7185 = ORIENTED_EDGE('',*,*,#7186,.T.);
#7186 = EDGE_CURVE('',#7159,#7187,#7189,.T.);
#7187 = VERTEX_POINT('',#7188);
#7188 = CARTESIAN_POINT('',(4.5,76.5,2.));
#7189 = SURFACE_CURVE('',#7190,(#7194,#7201),.PCURVE_S1.);
#7190 = LINE('',#7191,#7192);
#7191 = CARTESIAN_POINT('',(-4.5,76.5,2.));
#7192 = VECTOR('',#7193,1.);
#7193 = DIRECTION('',(1.,0.,0.));
#7194 = PCURVE('',#6667,#7195);
#7195 = DEFINITIONAL_REPRESENTATION('',(#7196),#7200);
#7196 = LINE('',#7197,#7198);
#7197 = CARTESIAN_POINT('',(10.299945287508,-4.5));
#7198 = VECTOR('',#7199,1.);
#7199 = DIRECTION('',(0.,1.));
#7200 = ( GEOMETRIC_REPRESENTATION_CONTEXT(2) 
PARAMETRIC_REPRESENTATION_CONTEXT() REPRESENTATION_CONTEXT('2D SPACE',''
  ) );
#7201 = PCURVE('',#7202,#7207);
#7202 = PLANE('',#7203);
#7203 = AXIS2_PLACEMENT_3D('',#7204,#7205,#7206);
#7204 = CARTESIAN_POINT('',(-4.5,76.5,2.));
#7205 = DIRECTION('',(0.,0.,1.));
#7206 = DIRECTION('',(1.,0.,0.));
#7207 = DEFINITIONAL_REPRESENTATION('',(#7208),#7212);
#7208 = LINE('',#7209,#7210);
#7209 = CARTESIAN_POINT('',(0.,0.));
#7210 = VECTOR('',#7211,1.);
#7211 = DIRECTION('',(1.,0.));
#7212 = ( GEOMETRIC_REPRESENTATION_CONTEXT(2) 
PARAMETRIC_REPRESENTATION_CONTEXT() REPRESENTATION_CONTEXT('2D SPACE',''
  ) );
#7213 = ORIENTED_EDGE('',*,*,#7214,.T.);
#7214 = EDGE_CURVE('',#7187,#7215,#7217,.T.);
#7215 = VERTEX_POINT('',#7216);
#7216 = CARTESIAN_POINT('',(4.5,76.5,5.));
#7217 = SURFACE_CURVE('',#7218,(#7222,#7229),.PCURVE_S1.);
#7218 = LINE('',#7219,#7220);
#7219 = CARTESIAN_POINT('',(4.5,76.5,2.));
#7220 = VECTOR('',#7221,1.);
#7221 = DIRECTION('',(0.,0.,1.));
#7222 = PCURVE('',#6667,#7223);
#7223 = DEFINITIONAL_REPRESENTATION('',(#7224),#7228);
#7224 = LINE('',#7225,#7226);
#7225 = CARTESIAN_POINT('',(10.299945287508,4.5));
#7226 = VECTOR('',#7227,1.);
#7227 = DIRECTION('',(-1.,0.));
#7228 = ( GEOMETRIC_REPRESENTATION_CONTEXT(2) 
PARAMETRIC_REPRESENTATION_CONTEXT() REPRESENTATION_CONTEXT('2D SPACE',''
  ) );
#7229 = PCURVE('',#7230,#7235);
#7230 = PLANE('',#7231);
#7231 = AXIS2_PLACEMENT_3D('',#7232,#7233,#7234);
#7232 = CARTESIAN_POINT('',(4.5,76.5,2.));
#7233 = DIRECTION('',(1.,0.,0.));
#7234 = DIRECTION('',(0.,0.,1.));
#7235 = DEFINITIONAL_REPRESENTATION('',(#7236),#7240);
#7236 = LINE('',#7237,#7238);
#7237 = CARTESIAN_POINT('',(0.,0.));
#7238 = VECTOR('',#7239,1.);
#7239 = DIRECTION('',(1.,0.));
#7240 = ( GEOMETRIC_REPRESENTATION_CONTEXT(2) 
PARAMETRIC_REPRESENTATION_CONTEXT() REPRESENTATION_CONTEXT('2D SPACE',''
  ) );
#7241 = ORIENTED_EDGE('',*,*,#7242,.F.);
#7242 = EDGE_CURVE('',#7243,#7215,#7245,.T.);
#7243 = VERTEX_POINT('',#7244);
#7244 = CARTESIAN_POINT('',(4.,76.5,5.));
#7245 = SURFACE_CURVE('',#7246,(#7250,#7257),.PCURVE_S1.);
#7246 = LINE('',#7247,#7248);
#7247 = CARTESIAN_POINT('',(-4.5,76.5,5.));
#7248 = VECTOR('',#7249,1.);
#7249 = DIRECTION('',(1.,0.,0.));
#7250 = PCURVE('',#6667,#7251);
#7251 = DEFINITIONAL_REPRESENTATION('',(#7252),#7256);
#7252 = LINE('',#7253,#7254);
#7253 = CARTESIAN_POINT('',(7.299945287508,-4.5));
#7254 = VECTOR('',#7255,1.);
#7255 = DIRECTION('',(0.,1.));
#7256 = ( GEOMETRIC_REPRESENTATION_CONTEXT(2) 
PARAMETRIC_REPRESENTATION_CONTEXT() REPRESENTATION_CONTEXT('2D SPACE',''
  ) );
#7257 = PCURVE('',#7258,#7263);
#7258 = PLANE('',#7259);
#7259 = AXIS2_PLACEMENT_3D('',#7260,#7261,#7262);
#7260 = CARTESIAN_POINT('',(-4.5,76.5,5.));
#7261 = DIRECTION('',(0.,0.,1.));
#7262 = DIRECTION('',(1.,0.,0.));
#7263 = DEFINITIONAL_REPRESENTATION('',(#7264),#7268);
#7264 = LINE('',#7265,#7266);
#7265 = CARTESIAN_POINT('',(0.,0.));
#7266 = VECTOR('',#7267,1.);
#7267 = DIRECTION('',(1.,0.));
#7268 = ( GEOMETRIC_REPRESENTATION_CONTEXT(2) 
PARAMETRIC_REPRESENTATION_CONTEXT() REPRESENTATION_CONTEXT('2D SPACE',''
  ) );
#7269 = ORIENTED_EDGE('',*,*,#7270,.F.);
#7270 = EDGE_CURVE('',#6685,#7243,#7271,.T.);
#7271 = SURFACE_CURVE('',#7272,(#7276,#7283),.PCURVE_S1.);
#7272 = LINE('',#7273,#7274);
#7273 = CARTESIAN_POINT('',(4.,76.5,16.));
#7274 = VECTOR('',#7275,1.);
#7275 = DIRECTION('',(0.,0.,-1.));
#7276 = PCURVE('',#6667,#7277);
#7277 = DEFINITIONAL_REPRESENTATION('',(#7278),#7282);
#7278 = LINE('',#7279,#7280);
#7279 = CARTESIAN_POINT('',(-3.700054712492,4.));
#7280 = VECTOR('',#7281,1.);
#7281 = DIRECTION('',(1.,0.));
#7282 = ( GEOMETRIC_REPRESENTATION_CONTEXT(2) 
PARAMETRIC_REPRESENTATION_CONTEXT() REPRESENTATION_CONTEXT('2D SPACE',''
  ) );
#7283 = PCURVE('',#7284,#7289);
#7284 = CYLINDRICAL_SURFACE('',#7285,2.);
#7285 = AXIS2_PLACEMENT_3D('',#7286,#7287,#7288);
#7286 = CARTESIAN_POINT('',(4.,78.5,16.));
#7287 = DIRECTION('',(0.,0.,-1.));
#7288 = DIRECTION('',(1.,0.,0.));
#7289 = DEFINITIONAL_REPRESENTATION('',(#7290),#7294);
#7290 = LINE('',#7291,#7292);
#7291 = CARTESIAN_POINT('',(1.570796326795,0.));
#7292 = VECTOR('',#7293,1.);
#7293 = DIRECTION('',(0.,1.));
#7294 = ( GEOMETRIC_REPRESENTATION_CONTEXT(2) 
PARAMETRIC_REPRESENTATION_CONTEXT() REPRESENTATION_CONTEXT('2D SPACE',''
  ) );
#7295 = FACE_BOUND('',#7296,.F.);
#7296 = EDGE_LOOP('',(#7297,#7321,#7322,#7350));
#7297 = ORIENTED_EDGE('',*,*,#7298,.F.);
#7298 = EDGE_CURVE('',#6607,#7299,#7301,.T.);
#7299 = VERTEX_POINT('',#7300);
#7300 = CARTESIAN_POINT('',(2.25,76.5,7.));
#7301 = SURFACE_CURVE('',#7302,(#7307,#7314),.PCURVE_S1.);
#7302 = CIRCLE('',#7303,2.25);
#7303 = AXIS2_PLACEMENT_3D('',#7304,#7305,#7306);
#7304 = CARTESIAN_POINT('',(-6.661338147751E-16,76.5,7.));
#7305 = DIRECTION('',(-0.,-1.,0.));
#7306 = DIRECTION('',(-1.,0.,0.));
#7307 = PCURVE('',#6667,#7308);
#7308 = DEFINITIONAL_REPRESENTATION('',(#7309),#7313);
#7309 = CIRCLE('',#7310,2.25);
#7310 = AXIS2_PLACEMENT_2D('',#7311,#7312);
#7311 = CARTESIAN_POINT('',(5.299945287508,-6.661338147751E-16));
#7312 = DIRECTION('',(0.,-1.));
#7313 = ( GEOMETRIC_REPRESENTATION_CONTEXT(2) 
PARAMETRIC_REPRESENTATION_CONTEXT() REPRESENTATION_CONTEXT('2D SPACE',''
  ) );
#7314 = PCURVE('',#6504,#7315);
#7315 = DEFINITIONAL_REPRESENTATION('',(#7316),#7320);
#7316 = LINE('',#7317,#7318);
#7317 = CARTESIAN_POINT('',(3.14159265359,0.));
#7318 = VECTOR('',#7319,1.);
#7319 = DIRECTION('',(-1.,-0.));
#7320 = ( GEOMETRIC_REPRESENTATION_CONTEXT(2) 
PARAMETRIC_REPRESENTATION_CONTEXT() REPRESENTATION_CONTEXT('2D SPACE',''
  ) );
#7321 = ORIENTED_EDGE('',*,*,#6653,.T.);
#7322 = ORIENTED_EDGE('',*,*,#7323,.T.);
#7323 = EDGE_CURVE('',#6631,#7324,#7326,.T.);
#7324 = VERTEX_POINT('',#7325);
#7325 = CARTESIAN_POINT('',(2.25,76.5,19.));
#7326 = SURFACE_CURVE('',#7327,(#7332,#7343),.PCURVE_S1.);
#7327 = CIRCLE('',#7328,2.25);
#7328 = AXIS2_PLACEMENT_3D('',#7329,#7330,#7331);
#7329 = CARTESIAN_POINT('',(6.661338147751E-16,76.5,19.));
#7330 = DIRECTION('',(0.,1.,-0.));
#7331 = DIRECTION('',(-1.,0.,1.110223024625E-16));
#7332 = PCURVE('',#6667,#7333);
#7333 = DEFINITIONAL_REPRESENTATION('',(#7334),#7342);
#7334 = ( BOUNDED_CURVE() B_SPLINE_CURVE(2,(#7335,#7336,#7337,#7338,
#7339,#7340,#7341),.UNSPECIFIED.,.T.,.F.) B_SPLINE_CURVE_WITH_KNOTS((1,2
    ,2,2,2,1),(-2.094395102393,0.,2.094395102393,4.188790204786,
6.28318530718,8.377580409573),.UNSPECIFIED.) CURVE() 
GEOMETRIC_REPRESENTATION_ITEM() RATIONAL_B_SPLINE_CURVE((1.,0.5,1.,0.5,
1.,0.5,1.)) REPRESENTATION_ITEM('') );
#7335 = CARTESIAN_POINT('',(-6.700054712492,-2.25));
#7336 = CARTESIAN_POINT('',(-10.59716902952,-2.25));
#7337 = CARTESIAN_POINT('',(-8.648611871007,1.125));
#7338 = CARTESIAN_POINT('',(-6.700054712492,4.5));
#7339 = CARTESIAN_POINT('',(-4.751497553977,1.125));
#7340 = CARTESIAN_POINT('',(-2.802940395462,-2.25));
#7341 = CARTESIAN_POINT('',(-6.700054712492,-2.25));
#7342 = ( GEOMETRIC_REPRESENTATION_CONTEXT(2) 
PARAMETRIC_REPRESENTATION_CONTEXT() REPRESENTATION_CONTEXT('2D SPACE',''
  ) );
#7343 = PCURVE('',#6565,#7344);
#7344 = DEFINITIONAL_REPRESENTATION('',(#7345),#7349);
#7345 = LINE('',#7346,#7347);
#7346 = CARTESIAN_POINT('',(0.,0.));
#7347 = VECTOR('',#7348,1.);
#7348 = DIRECTION('',(1.,0.));
#7349 = ( GEOMETRIC_REPRESENTATION_CONTEXT(2) 
PARAMETRIC_REPRESENTATION_CONTEXT() REPRESENTATION_CONTEXT('2D SPACE',''
  ) );
#7350 = ORIENTED_EDGE('',*,*,#7351,.T.);
#7351 = EDGE_CURVE('',#7324,#7299,#7352,.T.);
#7352 = SURFACE_CURVE('',#7353,(#7357,#7364),.PCURVE_S1.);
#7353 = LINE('',#7354,#7355);
#7354 = CARTESIAN_POINT('',(2.25,76.5,19.));
#7355 = VECTOR('',#7356,1.);
#7356 = DIRECTION('',(-1.110223024625E-16,-0.,-1.));
#7357 = PCURVE('',#6667,#7358);
#7358 = DEFINITIONAL_REPRESENTATION('',(#7359),#7363);
#7359 = LINE('',#7360,#7361);
#7360 = CARTESIAN_POINT('',(-6.700054712492,2.25));
#7361 = VECTOR('',#7362,1.);
#7362 = DIRECTION('',(1.,-1.110223024625E-16));
#7363 = ( GEOMETRIC_REPRESENTATION_CONTEXT(2) 
PARAMETRIC_REPRESENTATION_CONTEXT() REPRESENTATION_CONTEXT('2D SPACE',''
  ) );
#7364 = PCURVE('',#6591,#7365);
#7365 = DEFINITIONAL_REPRESENTATION('',(#7366),#7370);
#7366 = LINE('',#7367,#7368);
#7367 = CARTESIAN_POINT('',(-0.,0.));
#7368 = VECTOR('',#7369,1.);
#7369 = DIRECTION('',(1.,0.));
#7370 = ( GEOMETRIC_REPRESENTATION_CONTEXT(2) 
PARAMETRIC_REPRESENTATION_CONTEXT() REPRESENTATION_CONTEXT('2D SPACE',''
  ) );
#7371 = ADVANCED_FACE('',(#7372),#7284,.F.);
#7372 = FACE_BOUND('',#7373,.F.);
#7373 = EDGE_LOOP('',(#7374,#7404,#7481,#7482,#7510));
#7374 = ORIENTED_EDGE('',*,*,#7375,.F.);
#7375 = EDGE_CURVE('',#7376,#7378,#7380,.T.);
#7376 = VERTEX_POINT('',#7377);
#7377 = CARTESIAN_POINT('',(6.,78.5,10.391695402641));
#7378 = VERTEX_POINT('',#7379);
#7379 = CARTESIAN_POINT('',(6.,78.5,5.));
#7380 = SURFACE_CURVE('',#7381,(#7385,#7392),.PCURVE_S1.);
#7381 = LINE('',#7382,#7383);
#7382 = CARTESIAN_POINT('',(6.,78.5,16.));
#7383 = VECTOR('',#7384,1.);
#7384 = DIRECTION('',(0.,0.,-1.));
#7385 = PCURVE('',#7284,#7386);
#7386 = DEFINITIONAL_REPRESENTATION('',(#7387),#7391);
#7387 = LINE('',#7388,#7389);
#7388 = CARTESIAN_POINT('',(0.,0.));
#7389 = VECTOR('',#7390,1.);
#7390 = DIRECTION('',(0.,1.));
#7391 = ( GEOMETRIC_REPRESENTATION_CONTEXT(2) 
PARAMETRIC_REPRESENTATION_CONTEXT() REPRESENTATION_CONTEXT('2D SPACE',''
  ) );
#7392 = PCURVE('',#7393,#7398);
#7393 = PLANE('',#7394);
#7394 = AXIS2_PLACEMENT_3D('',#7395,#7396,#7397);
#7395 = CARTESIAN_POINT('',(6.,78.142849465645,8.520761493399));
#7396 = DIRECTION('',(1.,0.,0.));
#7397 = DIRECTION('',(-0.,0.,1.));
#7398 = DEFINITIONAL_REPRESENTATION('',(#7399),#7403);
#7399 = LINE('',#7400,#7401);
#7400 = CARTESIAN_POINT('',(7.479238506601,-0.357150534355));
#7401 = VECTOR('',#7402,1.);
#7402 = DIRECTION('',(-1.,0.));
#7403 = ( GEOMETRIC_REPRESENTATION_CONTEXT(2) 
PARAMETRIC_REPRESENTATION_CONTEXT() REPRESENTATION_CONTEXT('2D SPACE',''
  ) );
#7404 = ORIENTED_EDGE('',*,*,#7405,.T.);
#7405 = EDGE_CURVE('',#7376,#6685,#7406,.T.);
#7406 = SURFACE_CURVE('',#7407,(#7428,#7474),.PCURVE_S1.);
#7407 = ( BOUNDED_CURVE() B_SPLINE_CURVE(10,(#7408,#7409,#7410,#7411,
    #7412,#7413,#7414,#7415,#7416,#7417,#7418,#7419,#7420,#7421,#7422,
    #7423,#7424,#7425,#7426,#7427),.UNSPECIFIED.,.F.,.F.) 
B_SPLINE_CURVE_WITH_KNOTS((11,9,11),(6.149827584157,6.997742722686,
12.849873356838),.UNSPECIFIED.) CURVE() GEOMETRIC_REPRESENTATION_ITEM() 
RATIONAL_B_SPLINE_CURVE((1.,1.,1.,1.,1.,1.,1.,1.,1.,1.,1.,1.,1.,1.,1.,1.
,1.,1.,1.,1.)) REPRESENTATION_ITEM('') );
#7408 = CARTESIAN_POINT('',(6.,78.5,10.391695402641));
#7409 = CARTESIAN_POINT('',(6.,78.462294040934,10.495386790073));
#7410 = CARTESIAN_POINT('',(5.9992095127,78.424586046074,10.599086082244
    ));
#7411 = CARTESIAN_POINT('',(5.997631257849,78.38688655917,
    10.702758861512));
#7412 = CARTESIAN_POINT('',(5.995260080507,78.34918424228,
    10.806458788731));
#7413 = CARTESIAN_POINT('',(5.992093746557,78.311482947856,
    10.910175259321));
#7414 = CARTESIAN_POINT('',(5.988131486192,78.273795282017,11.0138638904
    ));
#7415 = CARTESIAN_POINT('',(5.983368051061,78.236121425196,
    11.117536330054));
#7416 = CARTESIAN_POINT('',(5.977791050729,78.198441976319,
    11.221285879942));
#7417 = CARTESIAN_POINT('',(5.971389334127,78.160753586712,
    11.325125422292));
#7418 = CARTESIAN_POINT('',(5.914424138684,77.863824642599,
    12.142081183726));
#7419 = CARTESIAN_POINT('',(5.825716787264,77.606574903066,
    12.849692383291));
#7420 = CARTESIAN_POINT('',(5.696163224404,77.359558242028,
    13.529024891632));
#7421 = CARTESIAN_POINT('',(5.530308420707,77.132546507884,
    14.152861315665));
#7422 = CARTESIAN_POINT('',(5.323789748013,76.92707006796,
    14.718765196429));
#7423 = CARTESIAN_POINT('',(5.091139661404,76.762256006605,
    15.170714198949));
#7424 = CARTESIAN_POINT('',(4.833445625494,76.627412772033,
    15.542591821878));
#7425 = CARTESIAN_POINT('',(4.552881386198,76.54251946188,
    15.775212788329));
#7426 = CARTESIAN_POINT('',(4.276730616502,76.5,15.89169540264));
#7427 = CARTESIAN_POINT('',(4.,76.5,15.891695402641));
#7428 = PCURVE('',#7284,#7429);
#7429 = DEFINITIONAL_REPRESENTATION('',(#7430),#7473);
#7430 = B_SPLINE_CURVE_WITH_KNOTS('',11,(#7431,#7432,#7433,#7434,#7435,
    #7436,#7437,#7438,#7439,#7440,#7441,#7442,#7443,#7444,#7445,#7446,
    #7447,#7448,#7449,#7450,#7451,#7452,#7453,#7454,#7455,#7456,#7457,
    #7458,#7459,#7460,#7461,#7462,#7463,#7464,#7465,#7466,#7467,#7468,
    #7469,#7470,#7471,#7472),.UNSPECIFIED.,.F.,.F.,(12,10,10,10,12),(
    6.149827584157,6.987333305742,7.824839027327,9.499850470497,
    12.849873356838),.UNSPECIFIED.);
#7431 = CARTESIAN_POINT('',(3.449182943733E-15,5.608304597359));
#7432 = CARTESIAN_POINT('',(1.692866474973E-02,5.515196941237));
#7433 = CARTESIAN_POINT('',(3.385817526391E-02,5.422082980073));
#7434 = CARTESIAN_POINT('',(5.07912346342E-02,5.328986820028));
#7435 = CARTESIAN_POINT('',(6.773742922953E-02,5.235879244477));
#7436 = CARTESIAN_POINT('',(8.470340395618E-02,5.142755803861));
#7437 = CARTESIAN_POINT('',(0.101692541541,5.049637760623));
#7438 = CARTESIAN_POINT('',(0.118709191937,4.956537072343));
#7439 = CARTESIAN_POINT('',(0.135762497898,4.863426592815));
#7440 = CARTESIAN_POINT('',(0.152864862841,4.770256674702));
#7441 = CARTESIAN_POINT('',(0.17002010704,4.677059353646));
#7442 = CARTESIAN_POINT('',(0.204372609448,4.49130323983));
#7443 = CARTESIAN_POINT('',(0.221575063687,4.398694188568));
#7444 = CARTESIAN_POINT('',(0.238876744681,4.305682483318));
#7445 = CARTESIAN_POINT('',(0.256101870039,4.214005186948));
#7446 = CARTESIAN_POINT('',(0.27354474075,4.120845353519));
#7447 = CARTESIAN_POINT('',(0.290828966047,4.029883533685));
#7448 = CARTESIAN_POINT('',(0.308311375469,3.937697034795));
#7449 = CARTESIAN_POINT('',(0.325733388271,3.84682601524));
#7450 = CARTESIAN_POINT('',(0.343229566245,3.756002226662));
#7451 = CARTESIAN_POINT('',(0.360748525659,3.665759465527));
#7452 = CARTESIAN_POINT('',(0.413406009151,3.396570973408));
#7453 = CARTESIAN_POINT('',(0.448639437177,3.21921856359));
#7454 = CARTESIAN_POINT('',(0.48399398518,3.044338133857));
#7455 = CARTESIAN_POINT('',(0.519463158535,2.872292046407));
#7456 = CARTESIAN_POINT('',(0.555041088028,2.703438615913));
#7457 = CARTESIAN_POINT('',(0.590722330858,2.538131094971));
#7458 = CARTESIAN_POINT('',(0.626501671621,2.37671665952));
#7459 = CARTESIAN_POINT('',(0.662373923308,2.219535394294));
#7460 = CARTESIAN_POINT('',(0.698333728291,2.066919278249));
#7461 = CARTESIAN_POINT('',(0.734375359318,1.919191170004));
#7462 = CARTESIAN_POINT('',(0.842726842881,1.491609039817));
#7463 = CARTESIAN_POINT('',(0.915266276907,1.227369984179));
#7464 = CARTESIAN_POINT('',(0.988059165586,0.986325677717));
#7465 = CARTESIAN_POINT('',(1.061076618405,0.770953570752));
#7466 = CARTESIAN_POINT('',(1.134272251413,0.583131544557));
#7467 = CARTESIAN_POINT('',(1.207598797519,0.424574266476));
#7468 = CARTESIAN_POINT('',(1.280970838333,0.297070011374));
#7469 = CARTESIAN_POINT('',(1.354177022124,0.202007979059));
#7470 = CARTESIAN_POINT('',(1.426859245817,0.139510023656));
#7471 = CARTESIAN_POINT('',(1.49879039219,0.108304597359));
#7472 = CARTESIAN_POINT('',(1.570796326795,0.108304597359));
#7473 = ( GEOMETRIC_REPRESENTATION_CONTEXT(2) 
PARAMETRIC_REPRESENTATION_CONTEXT() REPRESENTATION_CONTEXT('2D SPACE',''
  ) );
#7474 = PCURVE('',#6748,#7475);
#7475 = DEFINITIONAL_REPRESENTATION('',(#7476),#7480);
#7476 = LINE('',#7477,#7478);
#7477 = CARTESIAN_POINT('',(6.700045772681,0.));
#7478 = VECTOR('',#7479,1.);
#7479 = DIRECTION('',(0.,1.));
#7480 = ( GEOMETRIC_REPRESENTATION_CONTEXT(2) 
PARAMETRIC_REPRESENTATION_CONTEXT() REPRESENTATION_CONTEXT('2D SPACE',''
  ) );
#7481 = ORIENTED_EDGE('',*,*,#7270,.T.);
#7482 = ORIENTED_EDGE('',*,*,#7483,.F.);
#7483 = EDGE_CURVE('',#7484,#7243,#7486,.T.);
#7484 = VERTEX_POINT('',#7485);
#7485 = CARTESIAN_POINT('',(4.5,76.563508326896,5.));
#7486 = SURFACE_CURVE('',#7487,(#7492,#7499),.PCURVE_S1.);
#7487 = CIRCLE('',#7488,2.);
#7488 = AXIS2_PLACEMENT_3D('',#7489,#7490,#7491);
#7489 = CARTESIAN_POINT('',(4.,78.5,5.));
#7490 = DIRECTION('',(0.,0.,-1.));
#7491 = DIRECTION('',(0.,1.,0.));
#7492 = PCURVE('',#7284,#7493);
#7493 = DEFINITIONAL_REPRESENTATION('',(#7494),#7498);
#7494 = LINE('',#7495,#7496);
#7495 = CARTESIAN_POINT('',(-1.570796326795,11.));
#7496 = VECTOR('',#7497,1.);
#7497 = DIRECTION('',(1.,0.));
#7498 = ( GEOMETRIC_REPRESENTATION_CONTEXT(2) 
PARAMETRIC_REPRESENTATION_CONTEXT() REPRESENTATION_CONTEXT('2D SPACE',''
  ) );
#7499 = PCURVE('',#7258,#7500);
#7500 = DEFINITIONAL_REPRESENTATION('',(#7501),#7509);
#7501 = ( BOUNDED_CURVE() B_SPLINE_CURVE(2,(#7502,#7503,#7504,#7505,
#7506,#7507,#7508),.UNSPECIFIED.,.T.,.F.) B_SPLINE_CURVE_WITH_KNOTS((1,2
    ,2,2,2,1),(-2.094395102393,0.,2.094395102393,4.188790204786,
6.28318530718,8.377580409573),.UNSPECIFIED.) CURVE() 
GEOMETRIC_REPRESENTATION_ITEM() RATIONAL_B_SPLINE_CURVE((1.,0.5,1.,0.5,
1.,0.5,1.)) REPRESENTATION_ITEM('') );
#7502 = CARTESIAN_POINT('',(8.5,4.));
#7503 = CARTESIAN_POINT('',(11.964101615138,4.));
#7504 = CARTESIAN_POINT('',(10.232050807569,1.));
#7505 = CARTESIAN_POINT('',(8.5,-2.));
#7506 = CARTESIAN_POINT('',(6.767949192431,1.));
#7507 = CARTESIAN_POINT('',(5.035898384862,4.));
#7508 = CARTESIAN_POINT('',(8.5,4.));
#7509 = ( GEOMETRIC_REPRESENTATION_CONTEXT(2) 
PARAMETRIC_REPRESENTATION_CONTEXT() REPRESENTATION_CONTEXT('2D SPACE',''
  ) );
#7510 = ORIENTED_EDGE('',*,*,#7511,.F.);
#7511 = EDGE_CURVE('',#7378,#7484,#7512,.T.);
#7512 = SURFACE_CURVE('',#7513,(#7518,#7525),.PCURVE_S1.);
#7513 = CIRCLE('',#7514,2.);
#7514 = AXIS2_PLACEMENT_3D('',#7515,#7516,#7517);
#7515 = CARTESIAN_POINT('',(4.,78.5,5.));
#7516 = DIRECTION('',(0.,0.,-1.));
#7517 = DIRECTION('',(0.,1.,0.));
#7518 = PCURVE('',#7284,#7519);
#7519 = DEFINITIONAL_REPRESENTATION('',(#7520),#7524);
#7520 = LINE('',#7521,#7522);
#7521 = CARTESIAN_POINT('',(-1.570796326795,11.));
#7522 = VECTOR('',#7523,1.);
#7523 = DIRECTION('',(1.,0.));
#7524 = ( GEOMETRIC_REPRESENTATION_CONTEXT(2) 
PARAMETRIC_REPRESENTATION_CONTEXT() REPRESENTATION_CONTEXT('2D SPACE',''
  ) );
#7525 = PCURVE('',#296,#7526);
#7526 = DEFINITIONAL_REPRESENTATION('',(#7527),#7535);
#7527 = ( BOUNDED_CURVE() B_SPLINE_CURVE(2,(#7528,#7529,#7530,#7531,
#7532,#7533,#7534),.UNSPECIFIED.,.T.,.F.) B_SPLINE_CURVE_WITH_KNOTS((1,2
    ,2,2,2,1),(-2.094395102393,0.,2.094395102393,4.188790204786,
6.28318530718,8.377580409573),.UNSPECIFIED.) CURVE() 
GEOMETRIC_REPRESENTATION_ITEM() RATIONAL_B_SPLINE_CURVE((1.,0.5,1.,0.5,
1.,0.5,1.)) REPRESENTATION_ITEM('') );
#7528 = CARTESIAN_POINT('',(4.5,-13.));
#7529 = CARTESIAN_POINT('',(4.5,-16.46410161513));
#7530 = CARTESIAN_POINT('',(1.5,-14.73205080756));
#7531 = CARTESIAN_POINT('',(-1.5,-13.));
#7532 = CARTESIAN_POINT('',(1.5,-11.26794919243));
#7533 = CARTESIAN_POINT('',(4.5,-9.535898384862));
#7534 = CARTESIAN_POINT('',(4.5,-13.));
#7535 = ( GEOMETRIC_REPRESENTATION_CONTEXT(2) 
PARAMETRIC_REPRESENTATION_CONTEXT() REPRESENTATION_CONTEXT('2D SPACE',''
  ) );
#7536 = ADVANCED_FACE('',(#7537),#7393,.F.);
#7537 = FACE_BOUND('',#7538,.F.);
#7538 = EDGE_LOOP('',(#7539,#7540,#7563));
#7539 = ORIENTED_EDGE('',*,*,#7375,.T.);
#7540 = ORIENTED_EDGE('',*,*,#7541,.F.);
#7541 = EDGE_CURVE('',#7542,#7378,#7544,.T.);
#7542 = VERTEX_POINT('',#7543);
#7543 = CARTESIAN_POINT('',(6.,80.950770637564,5.));
#7544 = SURFACE_CURVE('',#7545,(#7549,#7556),.PCURVE_S1.);
#7545 = LINE('',#7546,#7547);
#7546 = CARTESIAN_POINT('',(6.,77.071424732823,5.));
#7547 = VECTOR('',#7548,1.);
#7548 = DIRECTION('',(0.,-1.,0.));
#7549 = PCURVE('',#7393,#7550);
#7550 = DEFINITIONAL_REPRESENTATION('',(#7551),#7555);
#7551 = LINE('',#7552,#7553);
#7552 = CARTESIAN_POINT('',(-3.520761493399,1.071424732823));
#7553 = VECTOR('',#7554,1.);
#7554 = DIRECTION('',(0.,1.));
#7555 = ( GEOMETRIC_REPRESENTATION_CONTEXT(2) 
PARAMETRIC_REPRESENTATION_CONTEXT() REPRESENTATION_CONTEXT('2D SPACE',''
  ) );
#7556 = PCURVE('',#296,#7557);
#7557 = DEFINITIONAL_REPRESENTATION('',(#7558),#7562);
#7558 = LINE('',#7559,#7560);
#7559 = CARTESIAN_POINT('',(1.071424732823,-15.));
#7560 = VECTOR('',#7561,1.);
#7561 = DIRECTION('',(-1.,0.));
#7562 = ( GEOMETRIC_REPRESENTATION_CONTEXT(2) 
PARAMETRIC_REPRESENTATION_CONTEXT() REPRESENTATION_CONTEXT('2D SPACE',''
  ) );
#7563 = ORIENTED_EDGE('',*,*,#7564,.T.);
#7564 = EDGE_CURVE('',#7542,#7376,#7565,.T.);
#7565 = SURFACE_CURVE('',#7566,(#7570,#7577),.PCURVE_S1.);
#7566 = LINE('',#7567,#7568);
#7567 = CARTESIAN_POINT('',(6.,81.044816761269,4.793098527849));
#7568 = VECTOR('',#7569,1.);
#7569 = DIRECTION('',(0.,-0.413802944301,0.910366477463));
#7570 = PCURVE('',#7393,#7571);
#7571 = DEFINITIONAL_REPRESENTATION('',(#7572),#7576);
#7572 = LINE('',#7573,#7574);
#7573 = CARTESIAN_POINT('',(-3.727662965549,-2.901967295624));
#7574 = VECTOR('',#7575,1.);
#7575 = DIRECTION('',(0.910366477463,0.413802944301));
#7576 = ( GEOMETRIC_REPRESENTATION_CONTEXT(2) 
PARAMETRIC_REPRESENTATION_CONTEXT() REPRESENTATION_CONTEXT('2D SPACE',''
  ) );
#7577 = PCURVE('',#7578,#7583);
#7578 = CYLINDRICAL_SURFACE('',#7579,0.5);
#7579 = AXIS2_PLACEMENT_3D('',#7580,#7581,#7582);
#7580 = CARTESIAN_POINT('',(6.5,81.044816761269,4.793098527849));
#7581 = DIRECTION('',(0.,-0.413802944301,0.910366477463));
#7582 = DIRECTION('',(-0.,0.910366477463,0.413802944301));
#7583 = DEFINITIONAL_REPRESENTATION('',(#7584),#7588);
#7584 = LINE('',#7585,#7586);
#7585 = CARTESIAN_POINT('',(1.570796326795,0.));
#7586 = VECTOR('',#7587,1.);
#7587 = DIRECTION('',(0.,1.));
#7588 = ( GEOMETRIC_REPRESENTATION_CONTEXT(2) 
PARAMETRIC_REPRESENTATION_CONTEXT() REPRESENTATION_CONTEXT('2D SPACE',''
  ) );
#7589 = ADVANCED_FACE('',(#7590),#7578,.T.);
#7590 = FACE_BOUND('',#7591,.T.);
#7591 = EDGE_LOOP('',(#7592,#7619,#7620,#7651));
#7592 = ORIENTED_EDGE('',*,*,#7593,.T.);
#7593 = EDGE_CURVE('',#7594,#7542,#7596,.T.);
#7594 = VERTEX_POINT('',#7595);
#7595 = CARTESIAN_POINT('',(6.5,81.5,5.));
#7596 = SURFACE_CURVE('',#7597,(#7602,#7612),.PCURVE_S1.);
#7597 = ELLIPSE('',#7598,0.549229362436,0.5);
#7598 = AXIS2_PLACEMENT_3D('',#7599,#7600,#7601);
#7599 = CARTESIAN_POINT('',(6.5,80.950770637564,5.));
#7600 = DIRECTION('',(0.,0.,1.));
#7601 = DIRECTION('',(0.,-1.,0.));
#7602 = PCURVE('',#7578,#7603);
#7603 = DEFINITIONAL_REPRESENTATION('',(#7604),#7611);
#7604 = B_SPLINE_CURVE_WITH_KNOTS('',5,(#7605,#7606,#7607,#7608,#7609,
    #7610),.UNSPECIFIED.,.F.,.F.,(6,6),(3.14159265359,4.712388980385),
  .PIECEWISE_BEZIER_KNOTS.);
#7605 = CARTESIAN_POINT('',(0.,0.));
#7606 = CARTESIAN_POINT('',(0.314159265359,-1.291725244563E-16));
#7607 = CARTESIAN_POINT('',(0.6283130599,2.796013125289E-02));
#7608 = CARTESIAN_POINT('',(0.942479785047,8.440921012159E-02));
#7609 = CARTESIAN_POINT('',(1.256637061436,0.155872894237));
#7610 = CARTESIAN_POINT('',(1.570796326795,0.227272727273));
#7611 = ( GEOMETRIC_REPRESENTATION_CONTEXT(2) 
PARAMETRIC_REPRESENTATION_CONTEXT() REPRESENTATION_CONTEXT('2D SPACE',''
  ) );
#7612 = PCURVE('',#296,#7613);
#7613 = DEFINITIONAL_REPRESENTATION('',(#7614),#7618);
#7614 = ELLIPSE('',#7615,0.549229362436,0.5);
#7615 = AXIS2_PLACEMENT_2D('',#7616,#7617);
#7616 = CARTESIAN_POINT('',(4.950770637564,-15.5));
#7617 = DIRECTION('',(-1.,0.));
#7618 = ( GEOMETRIC_REPRESENTATION_CONTEXT(2) 
PARAMETRIC_REPRESENTATION_CONTEXT() REPRESENTATION_CONTEXT('2D SPACE',''
  ) );
#7619 = ORIENTED_EDGE('',*,*,#7564,.T.);
#7620 = ORIENTED_EDGE('',*,*,#7621,.F.);
#7621 = EDGE_CURVE('',#7622,#7376,#7624,.T.);
#7622 = VERTEX_POINT('',#7623);
#7623 = CARTESIAN_POINT('',(6.5,78.955183238731,10.598596874791));
#7624 = SURFACE_CURVE('',#7625,(#7630,#7637),.PCURVE_S1.);
#7625 = CIRCLE('',#7626,0.5);
#7626 = AXIS2_PLACEMENT_3D('',#7627,#7628,#7629);
#7627 = CARTESIAN_POINT('',(6.5,78.5,10.391695402641));
#7628 = DIRECTION('',(0.,-0.413802944301,0.910366477463));
#7629 = DIRECTION('',(-0.,0.910366477463,0.413802944301));
#7630 = PCURVE('',#7578,#7631);
#7631 = DEFINITIONAL_REPRESENTATION('',(#7632),#7636);
#7632 = LINE('',#7633,#7634);
#7633 = CARTESIAN_POINT('',(0.,6.149827584157));
#7634 = VECTOR('',#7635,1.);
#7635 = DIRECTION('',(1.,0.));
#7636 = ( GEOMETRIC_REPRESENTATION_CONTEXT(2) 
PARAMETRIC_REPRESENTATION_CONTEXT() REPRESENTATION_CONTEXT('2D SPACE',''
  ) );
#7637 = PCURVE('',#6748,#7638);
#7638 = DEFINITIONAL_REPRESENTATION('',(#7639),#7650);
#7639 = B_SPLINE_CURVE_WITH_KNOTS('',9,(#7640,#7641,#7642,#7643,#7644,
    #7645,#7646,#7647,#7648,#7649),.UNSPECIFIED.,.F.,.F.,(10,10),(0.,
    1.570796326795),.PIECEWISE_BEZIER_KNOTS.);
#7640 = CARTESIAN_POINT('',(-8.881784197001E-16,6.149827584157));
#7641 = CARTESIAN_POINT('',(0.82687552912,6.149827584157));
#7642 = CARTESIAN_POINT('',(1.586501389153,6.149827584157));
#7643 = CARTESIAN_POINT('',(2.306464732185,6.149827584156));
#7644 = CARTESIAN_POINT('',(3.004448829452,6.149827584158));
#7645 = CARTESIAN_POINT('',(3.695596943226,6.149827584156));
#7646 = CARTESIAN_POINT('',(4.393581040501,6.149827584157));
#7647 = CARTESIAN_POINT('',(5.113544383526,6.149827584157));
#7648 = CARTESIAN_POINT('',(5.873170243561,6.149827584157));
#7649 = CARTESIAN_POINT('',(6.700045772681,6.149827584157));
#7650 = ( GEOMETRIC_REPRESENTATION_CONTEXT(2) 
PARAMETRIC_REPRESENTATION_CONTEXT() REPRESENTATION_CONTEXT('2D SPACE',''
  ) );
#7651 = ORIENTED_EDGE('',*,*,#7652,.F.);
#7652 = EDGE_CURVE('',#7594,#7622,#7653,.T.);
#7653 = SURFACE_CURVE('',#7654,(#7658,#7665),.PCURVE_S1.);
#7654 = LINE('',#7655,#7656);
#7655 = CARTESIAN_POINT('',(6.5,81.5,5.));
#7656 = VECTOR('',#7657,1.);
#7657 = DIRECTION('',(0.,-0.413802944301,0.910366477463));
#7658 = PCURVE('',#7578,#7659);
#7659 = DEFINITIONAL_REPRESENTATION('',(#7660),#7664);
#7660 = LINE('',#7661,#7662);
#7661 = CARTESIAN_POINT('',(0.,0.));
#7662 = VECTOR('',#7663,1.);
#7663 = DIRECTION('',(0.,1.));
#7664 = ( GEOMETRIC_REPRESENTATION_CONTEXT(2) 
PARAMETRIC_REPRESENTATION_CONTEXT() REPRESENTATION_CONTEXT('2D SPACE',''
  ) );
#7665 = PCURVE('',#6856,#7666);
#7666 = DEFINITIONAL_REPRESENTATION('',(#7667),#7671);
#7667 = LINE('',#7668,#7669);
#7668 = CARTESIAN_POINT('',(0.,-0.5));
#7669 = VECTOR('',#7670,1.);
#7670 = DIRECTION('',(1.,0.));
#7671 = ( GEOMETRIC_REPRESENTATION_CONTEXT(2) 
PARAMETRIC_REPRESENTATION_CONTEXT() REPRESENTATION_CONTEXT('2D SPACE',''
  ) );
#7672 = ADVANCED_FACE('',(#7673),#7258,.F.);
#7673 = FACE_BOUND('',#7674,.F.);
#7674 = EDGE_LOOP('',(#7675,#7696,#7697));
#7675 = ORIENTED_EDGE('',*,*,#7676,.T.);
#7676 = EDGE_CURVE('',#7215,#7484,#7677,.T.);
#7677 = SURFACE_CURVE('',#7678,(#7682,#7689),.PCURVE_S1.);
#7678 = LINE('',#7679,#7680);
#7679 = CARTESIAN_POINT('',(4.5,76.5,5.));
#7680 = VECTOR('',#7681,1.);
#7681 = DIRECTION('',(0.,1.,0.));
#7682 = PCURVE('',#7258,#7683);
#7683 = DEFINITIONAL_REPRESENTATION('',(#7684),#7688);
#7684 = LINE('',#7685,#7686);
#7685 = CARTESIAN_POINT('',(9.,0.));
#7686 = VECTOR('',#7687,1.);
#7687 = DIRECTION('',(0.,1.));
#7688 = ( GEOMETRIC_REPRESENTATION_CONTEXT(2) 
PARAMETRIC_REPRESENTATION_CONTEXT() REPRESENTATION_CONTEXT('2D SPACE',''
  ) );
#7689 = PCURVE('',#7230,#7690);
#7690 = DEFINITIONAL_REPRESENTATION('',(#7691),#7695);
#7691 = LINE('',#7692,#7693);
#7692 = CARTESIAN_POINT('',(3.,0.));
#7693 = VECTOR('',#7694,1.);
#7694 = DIRECTION('',(0.,-1.));
#7695 = ( GEOMETRIC_REPRESENTATION_CONTEXT(2) 
PARAMETRIC_REPRESENTATION_CONTEXT() REPRESENTATION_CONTEXT('2D SPACE',''
  ) );
#7696 = ORIENTED_EDGE('',*,*,#7483,.T.);
#7697 = ORIENTED_EDGE('',*,*,#7242,.T.);
#7698 = ADVANCED_FACE('',(#7699),#7230,.F.);
#7699 = FACE_BOUND('',#7700,.F.);
#7700 = EDGE_LOOP('',(#7701,#7702,#7725,#7753,#7774));
#7701 = ORIENTED_EDGE('',*,*,#7214,.F.);
#7702 = ORIENTED_EDGE('',*,*,#7703,.T.);
#7703 = EDGE_CURVE('',#7187,#7704,#7706,.T.);
#7704 = VERTEX_POINT('',#7705);
#7705 = CARTESIAN_POINT('',(4.5,77.5,2.));
#7706 = SURFACE_CURVE('',#7707,(#7711,#7718),.PCURVE_S1.);
#7707 = LINE('',#7708,#7709);
#7708 = CARTESIAN_POINT('',(4.5,76.5,2.));
#7709 = VECTOR('',#7710,1.);
#7710 = DIRECTION('',(0.,1.,0.));
#7711 = PCURVE('',#7230,#7712);
#7712 = DEFINITIONAL_REPRESENTATION('',(#7713),#7717);
#7713 = LINE('',#7714,#7715);
#7714 = CARTESIAN_POINT('',(0.,0.));
#7715 = VECTOR('',#7716,1.);
#7716 = DIRECTION('',(0.,-1.));
#7717 = ( GEOMETRIC_REPRESENTATION_CONTEXT(2) 
PARAMETRIC_REPRESENTATION_CONTEXT() REPRESENTATION_CONTEXT('2D SPACE',''
  ) );
#7718 = PCURVE('',#7202,#7719);
#7719 = DEFINITIONAL_REPRESENTATION('',(#7720),#7724);
#7720 = LINE('',#7721,#7722);
#7721 = CARTESIAN_POINT('',(9.,0.));
#7722 = VECTOR('',#7723,1.);
#7723 = DIRECTION('',(0.,1.));
#7724 = ( GEOMETRIC_REPRESENTATION_CONTEXT(2) 
PARAMETRIC_REPRESENTATION_CONTEXT() REPRESENTATION_CONTEXT('2D SPACE',''
  ) );
#7725 = ORIENTED_EDGE('',*,*,#7726,.T.);
#7726 = EDGE_CURVE('',#7704,#7727,#7729,.T.);
#7727 = VERTEX_POINT('',#7728);
#7728 = CARTESIAN_POINT('',(4.5,77.5,5.));
#7729 = SURFACE_CURVE('',#7730,(#7734,#7741),.PCURVE_S1.);
#7730 = LINE('',#7731,#7732);
#7731 = CARTESIAN_POINT('',(4.5,77.5,2.));
#7732 = VECTOR('',#7733,1.);
#7733 = DIRECTION('',(0.,0.,1.));
#7734 = PCURVE('',#7230,#7735);
#7735 = DEFINITIONAL_REPRESENTATION('',(#7736),#7740);
#7736 = LINE('',#7737,#7738);
#7737 = CARTESIAN_POINT('',(0.,-1.));
#7738 = VECTOR('',#7739,1.);
#7739 = DIRECTION('',(1.,0.));
#7740 = ( GEOMETRIC_REPRESENTATION_CONTEXT(2) 
PARAMETRIC_REPRESENTATION_CONTEXT() REPRESENTATION_CONTEXT('2D SPACE',''
  ) );
#7741 = PCURVE('',#7742,#7747);
#7742 = PLANE('',#7743);
#7743 = AXIS2_PLACEMENT_3D('',#7744,#7745,#7746);
#7744 = CARTESIAN_POINT('',(-4.5,77.5,2.));
#7745 = DIRECTION('',(0.,1.,0.));
#7746 = DIRECTION('',(0.,0.,1.));
#7747 = DEFINITIONAL_REPRESENTATION('',(#7748),#7752);
#7748 = LINE('',#7749,#7750);
#7749 = CARTESIAN_POINT('',(0.,9.));
#7750 = VECTOR('',#7751,1.);
#7751 = DIRECTION('',(1.,0.));
#7752 = ( GEOMETRIC_REPRESENTATION_CONTEXT(2) 
PARAMETRIC_REPRESENTATION_CONTEXT() REPRESENTATION_CONTEXT('2D SPACE',''
  ) );
#7753 = ORIENTED_EDGE('',*,*,#7754,.F.);
#7754 = EDGE_CURVE('',#7484,#7727,#7755,.T.);
#7755 = SURFACE_CURVE('',#7756,(#7760,#7767),.PCURVE_S1.);
#7756 = LINE('',#7757,#7758);
#7757 = CARTESIAN_POINT('',(4.5,76.5,5.));
#7758 = VECTOR('',#7759,1.);
#7759 = DIRECTION('',(0.,1.,0.));
#7760 = PCURVE('',#7230,#7761);
#7761 = DEFINITIONAL_REPRESENTATION('',(#7762),#7766);
#7762 = LINE('',#7763,#7764);
#7763 = CARTESIAN_POINT('',(3.,0.));
#7764 = VECTOR('',#7765,1.);
#7765 = DIRECTION('',(0.,-1.));
#7766 = ( GEOMETRIC_REPRESENTATION_CONTEXT(2) 
PARAMETRIC_REPRESENTATION_CONTEXT() REPRESENTATION_CONTEXT('2D SPACE',''
  ) );
#7767 = PCURVE('',#296,#7768);
#7768 = DEFINITIONAL_REPRESENTATION('',(#7769),#7773);
#7769 = LINE('',#7770,#7771);
#7770 = CARTESIAN_POINT('',(0.5,-13.5));
#7771 = VECTOR('',#7772,1.);
#7772 = DIRECTION('',(1.,0.));
#7773 = ( GEOMETRIC_REPRESENTATION_CONTEXT(2) 
PARAMETRIC_REPRESENTATION_CONTEXT() REPRESENTATION_CONTEXT('2D SPACE',''
  ) );
#7774 = ORIENTED_EDGE('',*,*,#7676,.F.);
#7775 = ADVANCED_FACE('',(#7776),#7742,.F.);
#7776 = FACE_BOUND('',#7777,.F.);
#7777 = EDGE_LOOP('',(#7778,#7779,#7802,#7825,#7848,#7876,#7904,#7927,
    #7955));
#7778 = ORIENTED_EDGE('',*,*,#7726,.F.);
#7779 = ORIENTED_EDGE('',*,*,#7780,.F.);
#7780 = EDGE_CURVE('',#7781,#7704,#7783,.T.);
#7781 = VERTEX_POINT('',#7782);
#7782 = CARTESIAN_POINT('',(-4.5,77.5,2.));
#7783 = SURFACE_CURVE('',#7784,(#7788,#7795),.PCURVE_S1.);
#7784 = LINE('',#7785,#7786);
#7785 = CARTESIAN_POINT('',(-4.5,77.5,2.));
#7786 = VECTOR('',#7787,1.);
#7787 = DIRECTION('',(1.,0.,0.));
#7788 = PCURVE('',#7742,#7789);
#7789 = DEFINITIONAL_REPRESENTATION('',(#7790),#7794);
#7790 = LINE('',#7791,#7792);
#7791 = CARTESIAN_POINT('',(0.,0.));
#7792 = VECTOR('',#7793,1.);
#7793 = DIRECTION('',(0.,1.));
#7794 = ( GEOMETRIC_REPRESENTATION_CONTEXT(2) 
PARAMETRIC_REPRESENTATION_CONTEXT() REPRESENTATION_CONTEXT('2D SPACE',''
  ) );
#7795 = PCURVE('',#7202,#7796);
#7796 = DEFINITIONAL_REPRESENTATION('',(#7797),#7801);
#7797 = LINE('',#7798,#7799);
#7798 = CARTESIAN_POINT('',(0.,1.));
#7799 = VECTOR('',#7800,1.);
#7800 = DIRECTION('',(1.,0.));
#7801 = ( GEOMETRIC_REPRESENTATION_CONTEXT(2) 
PARAMETRIC_REPRESENTATION_CONTEXT() REPRESENTATION_CONTEXT('2D SPACE',''
  ) );
#7802 = ORIENTED_EDGE('',*,*,#7803,.T.);
#7803 = EDGE_CURVE('',#7781,#7804,#7806,.T.);
#7804 = VERTEX_POINT('',#7805);
#7805 = CARTESIAN_POINT('',(-4.5,77.5,5.));
#7806 = SURFACE_CURVE('',#7807,(#7811,#7818),.PCURVE_S1.);
#7807 = LINE('',#7808,#7809);
#7808 = CARTESIAN_POINT('',(-4.5,77.5,2.));
#7809 = VECTOR('',#7810,1.);
#7810 = DIRECTION('',(0.,0.,1.));
#7811 = PCURVE('',#7742,#7812);
#7812 = DEFINITIONAL_REPRESENTATION('',(#7813),#7817);
#7813 = LINE('',#7814,#7815);
#7814 = CARTESIAN_POINT('',(0.,0.));
#7815 = VECTOR('',#7816,1.);
#7816 = DIRECTION('',(1.,0.));
#7817 = ( GEOMETRIC_REPRESENTATION_CONTEXT(2) 
PARAMETRIC_REPRESENTATION_CONTEXT() REPRESENTATION_CONTEXT('2D SPACE',''
  ) );
#7818 = PCURVE('',#7174,#7819);
#7819 = DEFINITIONAL_REPRESENTATION('',(#7820),#7824);
#7820 = LINE('',#7821,#7822);
#7821 = CARTESIAN_POINT('',(0.,-1.));
#7822 = VECTOR('',#7823,1.);
#7823 = DIRECTION('',(1.,0.));
#7824 = ( GEOMETRIC_REPRESENTATION_CONTEXT(2) 
PARAMETRIC_REPRESENTATION_CONTEXT() REPRESENTATION_CONTEXT('2D SPACE',''
  ) );
#7825 = ORIENTED_EDGE('',*,*,#7826,.T.);
#7826 = EDGE_CURVE('',#7804,#7827,#7829,.T.);
#7827 = VERTEX_POINT('',#7828);
#7828 = CARTESIAN_POINT('',(-3.914213562373,77.5,5.));
#7829 = SURFACE_CURVE('',#7830,(#7834,#7841),.PCURVE_S1.);
#7830 = LINE('',#7831,#7832);
#7831 = CARTESIAN_POINT('',(-4.5,77.5,5.));
#7832 = VECTOR('',#7833,1.);
#7833 = DIRECTION('',(1.,0.,0.));
#7834 = PCURVE('',#7742,#7835);
#7835 = DEFINITIONAL_REPRESENTATION('',(#7836),#7840);
#7836 = LINE('',#7837,#7838);
#7837 = CARTESIAN_POINT('',(3.,0.));
#7838 = VECTOR('',#7839,1.);
#7839 = DIRECTION('',(0.,1.));
#7840 = ( GEOMETRIC_REPRESENTATION_CONTEXT(2) 
PARAMETRIC_REPRESENTATION_CONTEXT() REPRESENTATION_CONTEXT('2D SPACE',''
  ) );
#7841 = PCURVE('',#296,#7842);
#7842 = DEFINITIONAL_REPRESENTATION('',(#7843),#7847);
#7843 = LINE('',#7844,#7845);
#7844 = CARTESIAN_POINT('',(1.5,-4.5));
#7845 = VECTOR('',#7846,1.);
#7846 = DIRECTION('',(0.,-1.));
#7847 = ( GEOMETRIC_REPRESENTATION_CONTEXT(2) 
PARAMETRIC_REPRESENTATION_CONTEXT() REPRESENTATION_CONTEXT('2D SPACE',''
  ) );
#7848 = ORIENTED_EDGE('',*,*,#7849,.F.);
#7849 = EDGE_CURVE('',#7850,#7827,#7852,.T.);
#7850 = VERTEX_POINT('',#7851);
#7851 = CARTESIAN_POINT('',(-3.914213562373,77.5,3.));
#7852 = SURFACE_CURVE('',#7853,(#7857,#7864),.PCURVE_S1.);
#7853 = LINE('',#7854,#7855);
#7854 = CARTESIAN_POINT('',(-3.914213562373,77.5,3.));
#7855 = VECTOR('',#7856,1.);
#7856 = DIRECTION('',(0.,0.,1.));
#7857 = PCURVE('',#7742,#7858);
#7858 = DEFINITIONAL_REPRESENTATION('',(#7859),#7863);
#7859 = LINE('',#7860,#7861);
#7860 = CARTESIAN_POINT('',(1.,0.585786437627));
#7861 = VECTOR('',#7862,1.);
#7862 = DIRECTION('',(1.,0.));
#7863 = ( GEOMETRIC_REPRESENTATION_CONTEXT(2) 
PARAMETRIC_REPRESENTATION_CONTEXT() REPRESENTATION_CONTEXT('2D SPACE',''
  ) );
#7864 = PCURVE('',#7865,#7870);
#7865 = CYLINDRICAL_SURFACE('',#7866,1.5);
#7866 = AXIS2_PLACEMENT_3D('',#7867,#7868,#7869);
#7867 = CARTESIAN_POINT('',(-2.5,78.,3.));
#7868 = DIRECTION('',(0.,0.,1.));
#7869 = DIRECTION('',(-1.,-0.,0.));
#7870 = DEFINITIONAL_REPRESENTATION('',(#7871),#7875);
#7871 = LINE('',#7872,#7873);
#7872 = CARTESIAN_POINT('',(0.339836909454,0.));
#7873 = VECTOR('',#7874,1.);
#7874 = DIRECTION('',(0.,1.));
#7875 = ( GEOMETRIC_REPRESENTATION_CONTEXT(2) 
PARAMETRIC_REPRESENTATION_CONTEXT() REPRESENTATION_CONTEXT('2D SPACE',''
  ) );
#7876 = ORIENTED_EDGE('',*,*,#7877,.F.);
#7877 = EDGE_CURVE('',#7878,#7850,#7880,.T.);
#7878 = VERTEX_POINT('',#7879);
#7879 = CARTESIAN_POINT('',(-6.429395695524E-16,77.5,3.));
#7880 = SURFACE_CURVE('',#7881,(#7885,#7892),.PCURVE_S1.);
#7881 = LINE('',#7882,#7883);
#7882 = CARTESIAN_POINT('',(-6.429395695524E-16,77.5,3.));
#7883 = VECTOR('',#7884,1.);
#7884 = DIRECTION('',(-1.,0.,0.));
#7885 = PCURVE('',#7742,#7886);
#7886 = DEFINITIONAL_REPRESENTATION('',(#7887),#7891);
#7887 = LINE('',#7888,#7889);
#7888 = CARTESIAN_POINT('',(1.,4.5));
#7889 = VECTOR('',#7890,1.);
#7890 = DIRECTION('',(0.,-1.));
#7891 = ( GEOMETRIC_REPRESENTATION_CONTEXT(2) 
PARAMETRIC_REPRESENTATION_CONTEXT() REPRESENTATION_CONTEXT('2D SPACE',''
  ) );
#7892 = PCURVE('',#7893,#7898);
#7893 = PLANE('',#7894);
#7894 = AXIS2_PLACEMENT_3D('',#7895,#7896,#7897);
#7895 = CARTESIAN_POINT('',(-4.,76.5,3.));
#7896 = DIRECTION('',(0.,0.,1.));
#7897 = DIRECTION('',(1.,0.,0.));
#7898 = DEFINITIONAL_REPRESENTATION('',(#7899),#7903);
#7899 = LINE('',#7900,#7901);
#7900 = CARTESIAN_POINT('',(4.,1.));
#7901 = VECTOR('',#7902,1.);
#7902 = DIRECTION('',(-1.,0.));
#7903 = ( GEOMETRIC_REPRESENTATION_CONTEXT(2) 
PARAMETRIC_REPRESENTATION_CONTEXT() REPRESENTATION_CONTEXT('2D SPACE',''
  ) );
#7904 = ORIENTED_EDGE('',*,*,#7905,.F.);
#7905 = EDGE_CURVE('',#7906,#7878,#7908,.T.);
#7906 = VERTEX_POINT('',#7907);
#7907 = CARTESIAN_POINT('',(3.914213562373,77.5,3.));
#7908 = SURFACE_CURVE('',#7909,(#7913,#7920),.PCURVE_S1.);
#7909 = LINE('',#7910,#7911);
#7910 = CARTESIAN_POINT('',(3.914213562373,77.5,3.));
#7911 = VECTOR('',#7912,1.);
#7912 = DIRECTION('',(-1.,0.,0.));
#7913 = PCURVE('',#7742,#7914);
#7914 = DEFINITIONAL_REPRESENTATION('',(#7915),#7919);
#7915 = LINE('',#7916,#7917);
#7916 = CARTESIAN_POINT('',(1.,8.414213562373));
#7917 = VECTOR('',#7918,1.);
#7918 = DIRECTION('',(0.,-1.));
#7919 = ( GEOMETRIC_REPRESENTATION_CONTEXT(2) 
PARAMETRIC_REPRESENTATION_CONTEXT() REPRESENTATION_CONTEXT('2D SPACE',''
  ) );
#7920 = PCURVE('',#7893,#7921);
#7921 = DEFINITIONAL_REPRESENTATION('',(#7922),#7926);
#7922 = LINE('',#7923,#7924);
#7923 = CARTESIAN_POINT('',(7.914213562373,1.));
#7924 = VECTOR('',#7925,1.);
#7925 = DIRECTION('',(-1.,0.));
#7926 = ( GEOMETRIC_REPRESENTATION_CONTEXT(2) 
PARAMETRIC_REPRESENTATION_CONTEXT() REPRESENTATION_CONTEXT('2D SPACE',''
  ) );
#7927 = ORIENTED_EDGE('',*,*,#7928,.T.);
#7928 = EDGE_CURVE('',#7906,#7929,#7931,.T.);
#7929 = VERTEX_POINT('',#7930);
#7930 = CARTESIAN_POINT('',(3.914213562373,77.5,5.));
#7931 = SURFACE_CURVE('',#7932,(#7936,#7943),.PCURVE_S1.);
#7932 = LINE('',#7933,#7934);
#7933 = CARTESIAN_POINT('',(3.914213562373,77.5,3.));
#7934 = VECTOR('',#7935,1.);
#7935 = DIRECTION('',(0.,0.,1.));
#7936 = PCURVE('',#7742,#7937);
#7937 = DEFINITIONAL_REPRESENTATION('',(#7938),#7942);
#7938 = LINE('',#7939,#7940);
#7939 = CARTESIAN_POINT('',(1.,8.414213562373));
#7940 = VECTOR('',#7941,1.);
#7941 = DIRECTION('',(1.,0.));
#7942 = ( GEOMETRIC_REPRESENTATION_CONTEXT(2) 
PARAMETRIC_REPRESENTATION_CONTEXT() REPRESENTATION_CONTEXT('2D SPACE',''
  ) );
#7943 = PCURVE('',#7944,#7949);
#7944 = CYLINDRICAL_SURFACE('',#7945,1.5);
#7945 = AXIS2_PLACEMENT_3D('',#7946,#7947,#7948);
#7946 = CARTESIAN_POINT('',(2.5,78.,3.));
#7947 = DIRECTION('',(0.,0.,1.));
#7948 = DIRECTION('',(1.,0.,-0.));
#7949 = DEFINITIONAL_REPRESENTATION('',(#7950),#7954);
#7950 = LINE('',#7951,#7952);
#7951 = CARTESIAN_POINT('',(-0.339836909454,0.));
#7952 = VECTOR('',#7953,1.);
#7953 = DIRECTION('',(-0.,1.));
#7954 = ( GEOMETRIC_REPRESENTATION_CONTEXT(2) 
PARAMETRIC_REPRESENTATION_CONTEXT() REPRESENTATION_CONTEXT('2D SPACE',''
  ) );
#7955 = ORIENTED_EDGE('',*,*,#7956,.T.);
#7956 = EDGE_CURVE('',#7929,#7727,#7957,.T.);
#7957 = SURFACE_CURVE('',#7958,(#7962,#7969),.PCURVE_S1.);
#7958 = LINE('',#7959,#7960);
#7959 = CARTESIAN_POINT('',(-4.5,77.5,5.));
#7960 = VECTOR('',#7961,1.);
#7961 = DIRECTION('',(1.,0.,0.));
#7962 = PCURVE('',#7742,#7963);
#7963 = DEFINITIONAL_REPRESENTATION('',(#7964),#7968);
#7964 = LINE('',#7965,#7966);
#7965 = CARTESIAN_POINT('',(3.,0.));
#7966 = VECTOR('',#7967,1.);
#7967 = DIRECTION('',(0.,1.));
#7968 = ( GEOMETRIC_REPRESENTATION_CONTEXT(2) 
PARAMETRIC_REPRESENTATION_CONTEXT() REPRESENTATION_CONTEXT('2D SPACE',''
  ) );
#7969 = PCURVE('',#296,#7970);
#7970 = DEFINITIONAL_REPRESENTATION('',(#7971),#7975);
#7971 = LINE('',#7972,#7973);
#7972 = CARTESIAN_POINT('',(1.5,-4.5));
#7973 = VECTOR('',#7974,1.);
#7974 = DIRECTION('',(0.,-1.));
#7975 = ( GEOMETRIC_REPRESENTATION_CONTEXT(2) 
PARAMETRIC_REPRESENTATION_CONTEXT() REPRESENTATION_CONTEXT('2D SPACE',''
  ) );
#7976 = ADVANCED_FACE('',(#7977),#7944,.F.);
#7977 = FACE_BOUND('',#7978,.T.);
#7978 = EDGE_LOOP('',(#7979,#8009,#8035,#8036));
#7979 = ORIENTED_EDGE('',*,*,#7980,.F.);
#7980 = EDGE_CURVE('',#7981,#7983,#7985,.T.);
#7981 = VERTEX_POINT('',#7982);
#7982 = CARTESIAN_POINT('',(4.,78.,3.));
#7983 = VERTEX_POINT('',#7984);
#7984 = CARTESIAN_POINT('',(4.,78.,5.));
#7985 = SURFACE_CURVE('',#7986,(#7990,#7997),.PCURVE_S1.);
#7986 = LINE('',#7987,#7988);
#7987 = CARTESIAN_POINT('',(4.,78.,3.));
#7988 = VECTOR('',#7989,1.);
#7989 = DIRECTION('',(0.,0.,1.));
#7990 = PCURVE('',#7944,#7991);
#7991 = DEFINITIONAL_REPRESENTATION('',(#7992),#7996);
#7992 = LINE('',#7993,#7994);
#7993 = CARTESIAN_POINT('',(-0.,0.));
#7994 = VECTOR('',#7995,1.);
#7995 = DIRECTION('',(-0.,1.));
#7996 = ( GEOMETRIC_REPRESENTATION_CONTEXT(2) 
PARAMETRIC_REPRESENTATION_CONTEXT() REPRESENTATION_CONTEXT('2D SPACE',''
  ) );
#7997 = PCURVE('',#7998,#8003);
#7998 = PLANE('',#7999);
#7999 = AXIS2_PLACEMENT_3D('',#8000,#8001,#8002);
#8000 = CARTESIAN_POINT('',(4.,76.5,3.));
#8001 = DIRECTION('',(1.,0.,0.));
#8002 = DIRECTION('',(0.,0.,1.));
#8003 = DEFINITIONAL_REPRESENTATION('',(#8004),#8008);
#8004 = LINE('',#8005,#8006);
#8005 = CARTESIAN_POINT('',(0.,-1.5));
#8006 = VECTOR('',#8007,1.);
#8007 = DIRECTION('',(1.,0.));
#8008 = ( GEOMETRIC_REPRESENTATION_CONTEXT(2) 
PARAMETRIC_REPRESENTATION_CONTEXT() REPRESENTATION_CONTEXT('2D SPACE',''
  ) );
#8009 = ORIENTED_EDGE('',*,*,#8010,.T.);
#8010 = EDGE_CURVE('',#7981,#7906,#8011,.T.);
#8011 = SURFACE_CURVE('',#8012,(#8017,#8024),.PCURVE_S1.);
#8012 = CIRCLE('',#8013,1.5);
#8013 = AXIS2_PLACEMENT_3D('',#8014,#8015,#8016);
#8014 = CARTESIAN_POINT('',(2.5,78.,3.));
#8015 = DIRECTION('',(-0.,-0.,-1.));
#8016 = DIRECTION('',(0.,-1.,0.));
#8017 = PCURVE('',#7944,#8018);
#8018 = DEFINITIONAL_REPRESENTATION('',(#8019),#8023);
#8019 = LINE('',#8020,#8021);
#8020 = CARTESIAN_POINT('',(4.712388980385,-0.));
#8021 = VECTOR('',#8022,1.);
#8022 = DIRECTION('',(-1.,0.));
#8023 = ( GEOMETRIC_REPRESENTATION_CONTEXT(2) 
PARAMETRIC_REPRESENTATION_CONTEXT() REPRESENTATION_CONTEXT('2D SPACE',''
  ) );
#8024 = PCURVE('',#7893,#8025);
#8025 = DEFINITIONAL_REPRESENTATION('',(#8026),#8034);
#8026 = ( BOUNDED_CURVE() B_SPLINE_CURVE(2,(#8027,#8028,#8029,#8030,
#8031,#8032,#8033),.UNSPECIFIED.,.T.,.F.) B_SPLINE_CURVE_WITH_KNOTS((1,2
    ,2,2,2,1),(-2.094395102393,0.,2.094395102393,4.188790204786,
6.28318530718,8.377580409573),.UNSPECIFIED.) CURVE() 
GEOMETRIC_REPRESENTATION_ITEM() RATIONAL_B_SPLINE_CURVE((1.,0.5,1.,0.5,
1.,0.5,1.)) REPRESENTATION_ITEM('') );
#8027 = CARTESIAN_POINT('',(6.5,0.));
#8028 = CARTESIAN_POINT('',(3.901923788647,0.));
#8029 = CARTESIAN_POINT('',(5.200961894323,2.25));
#8030 = CARTESIAN_POINT('',(6.5,4.5));
#8031 = CARTESIAN_POINT('',(7.799038105677,2.25));
#8032 = CARTESIAN_POINT('',(9.098076211353,2.22044604925E-15));
#8033 = CARTESIAN_POINT('',(6.5,0.));
#8034 = ( GEOMETRIC_REPRESENTATION_CONTEXT(2) 
PARAMETRIC_REPRESENTATION_CONTEXT() REPRESENTATION_CONTEXT('2D SPACE',''
  ) );
#8035 = ORIENTED_EDGE('',*,*,#7928,.T.);
#8036 = ORIENTED_EDGE('',*,*,#8037,.F.);
#8037 = EDGE_CURVE('',#7983,#7929,#8038,.T.);
#8038 = SURFACE_CURVE('',#8039,(#8044,#8051),.PCURVE_S1.);
#8039 = CIRCLE('',#8040,1.5);
#8040 = AXIS2_PLACEMENT_3D('',#8041,#8042,#8043);
#8041 = CARTESIAN_POINT('',(2.5,78.,5.));
#8042 = DIRECTION('',(-0.,-0.,-1.));
#8043 = DIRECTION('',(0.,-1.,0.));
#8044 = PCURVE('',#7944,#8045);
#8045 = DEFINITIONAL_REPRESENTATION('',(#8046),#8050);
#8046 = LINE('',#8047,#8048);
#8047 = CARTESIAN_POINT('',(4.712388980385,2.));
#8048 = VECTOR('',#8049,1.);
#8049 = DIRECTION('',(-1.,0.));
#8050 = ( GEOMETRIC_REPRESENTATION_CONTEXT(2) 
PARAMETRIC_REPRESENTATION_CONTEXT() REPRESENTATION_CONTEXT('2D SPACE',''
  ) );
#8051 = PCURVE('',#296,#8052);
#8052 = DEFINITIONAL_REPRESENTATION('',(#8053),#8061);
#8053 = ( BOUNDED_CURVE() B_SPLINE_CURVE(2,(#8054,#8055,#8056,#8057,
#8058,#8059,#8060),.UNSPECIFIED.,.T.,.F.) B_SPLINE_CURVE_WITH_KNOTS((1,2
    ,2,2,2,1),(-2.094395102393,0.,2.094395102393,4.188790204786,
6.28318530718,8.377580409573),.UNSPECIFIED.) CURVE() 
GEOMETRIC_REPRESENTATION_ITEM() RATIONAL_B_SPLINE_CURVE((1.,0.5,1.,0.5,
1.,0.5,1.)) REPRESENTATION_ITEM('') );
#8054 = CARTESIAN_POINT('',(0.5,-11.5));
#8055 = CARTESIAN_POINT('',(0.5,-8.901923788647));
#8056 = CARTESIAN_POINT('',(2.75,-10.20096189432));
#8057 = CARTESIAN_POINT('',(5.,-11.5));
#8058 = CARTESIAN_POINT('',(2.75,-12.79903810567));
#8059 = CARTESIAN_POINT('',(0.5,-14.09807621135));
#8060 = CARTESIAN_POINT('',(0.5,-11.5));
#8061 = ( GEOMETRIC_REPRESENTATION_CONTEXT(2) 
PARAMETRIC_REPRESENTATION_CONTEXT() REPRESENTATION_CONTEXT('2D SPACE',''
  ) );
#8062 = ADVANCED_FACE('',(#8063),#7998,.F.);
#8063 = FACE_BOUND('',#8064,.F.);
#8064 = EDGE_LOOP('',(#8065,#8088,#8089,#8112));
#8065 = ORIENTED_EDGE('',*,*,#8066,.F.);
#8066 = EDGE_CURVE('',#7983,#8067,#8069,.T.);
#8067 = VERTEX_POINT('',#8068);
#8068 = CARTESIAN_POINT('',(4.,83.,5.));
#8069 = SURFACE_CURVE('',#8070,(#8074,#8081),.PCURVE_S1.);
#8070 = LINE('',#8071,#8072);
#8071 = CARTESIAN_POINT('',(4.,76.5,5.));
#8072 = VECTOR('',#8073,1.);
#8073 = DIRECTION('',(0.,1.,0.));
#8074 = PCURVE('',#7998,#8075);
#8075 = DEFINITIONAL_REPRESENTATION('',(#8076),#8080);
#8076 = LINE('',#8077,#8078);
#8077 = CARTESIAN_POINT('',(2.,0.));
#8078 = VECTOR('',#8079,1.);
#8079 = DIRECTION('',(0.,-1.));
#8080 = ( GEOMETRIC_REPRESENTATION_CONTEXT(2) 
PARAMETRIC_REPRESENTATION_CONTEXT() REPRESENTATION_CONTEXT('2D SPACE',''
  ) );
#8081 = PCURVE('',#296,#8082);
#8082 = DEFINITIONAL_REPRESENTATION('',(#8083),#8087);
#8083 = LINE('',#8084,#8085);
#8084 = CARTESIAN_POINT('',(0.5,-13.));
#8085 = VECTOR('',#8086,1.);
#8086 = DIRECTION('',(1.,0.));
#8087 = ( GEOMETRIC_REPRESENTATION_CONTEXT(2) 
PARAMETRIC_REPRESENTATION_CONTEXT() REPRESENTATION_CONTEXT('2D SPACE',''
  ) );
#8088 = ORIENTED_EDGE('',*,*,#7980,.F.);
#8089 = ORIENTED_EDGE('',*,*,#8090,.T.);
#8090 = EDGE_CURVE('',#7981,#8091,#8093,.T.);
#8091 = VERTEX_POINT('',#8092);
#8092 = CARTESIAN_POINT('',(4.,83.,3.));
#8093 = SURFACE_CURVE('',#8094,(#8098,#8105),.PCURVE_S1.);
#8094 = LINE('',#8095,#8096);
#8095 = CARTESIAN_POINT('',(4.,76.5,3.));
#8096 = VECTOR('',#8097,1.);
#8097 = DIRECTION('',(0.,1.,0.));
#8098 = PCURVE('',#7998,#8099);
#8099 = DEFINITIONAL_REPRESENTATION('',(#8100),#8104);
#8100 = LINE('',#8101,#8102);
#8101 = CARTESIAN_POINT('',(0.,0.));
#8102 = VECTOR('',#8103,1.);
#8103 = DIRECTION('',(0.,-1.));
#8104 = ( GEOMETRIC_REPRESENTATION_CONTEXT(2) 
PARAMETRIC_REPRESENTATION_CONTEXT() REPRESENTATION_CONTEXT('2D SPACE',''
  ) );
#8105 = PCURVE('',#7893,#8106);
#8106 = DEFINITIONAL_REPRESENTATION('',(#8107),#8111);
#8107 = LINE('',#8108,#8109);
#8108 = CARTESIAN_POINT('',(8.,0.));
#8109 = VECTOR('',#8110,1.);
#8110 = DIRECTION('',(0.,1.));
#8111 = ( GEOMETRIC_REPRESENTATION_CONTEXT(2) 
PARAMETRIC_REPRESENTATION_CONTEXT() REPRESENTATION_CONTEXT('2D SPACE',''
  ) );
#8112 = ORIENTED_EDGE('',*,*,#8113,.T.);
#8113 = EDGE_CURVE('',#8091,#8067,#8114,.T.);
#8114 = SURFACE_CURVE('',#8115,(#8119,#8126),.PCURVE_S1.);
#8115 = LINE('',#8116,#8117);
#8116 = CARTESIAN_POINT('',(4.,83.,3.));
#8117 = VECTOR('',#8118,1.);
#8118 = DIRECTION('',(0.,0.,1.));
#8119 = PCURVE('',#7998,#8120);
#8120 = DEFINITIONAL_REPRESENTATION('',(#8121),#8125);
#8121 = LINE('',#8122,#8123);
#8122 = CARTESIAN_POINT('',(0.,-6.5));
#8123 = VECTOR('',#8124,1.);
#8124 = DIRECTION('',(1.,0.));
#8125 = ( GEOMETRIC_REPRESENTATION_CONTEXT(2) 
PARAMETRIC_REPRESENTATION_CONTEXT() REPRESENTATION_CONTEXT('2D SPACE',''
  ) );
#8126 = PCURVE('',#8127,#8132);
#8127 = CYLINDRICAL_SURFACE('',#8128,1.5);
#8128 = AXIS2_PLACEMENT_3D('',#8129,#8130,#8131);
#8129 = CARTESIAN_POINT('',(2.5,83.,3.));
#8130 = DIRECTION('',(0.,0.,1.));
#8131 = DIRECTION('',(1.,0.,-0.));
#8132 = DEFINITIONAL_REPRESENTATION('',(#8133),#8137);
#8133 = LINE('',#8134,#8135);
#8134 = CARTESIAN_POINT('',(0.,0.));
#8135 = VECTOR('',#8136,1.);
#8136 = DIRECTION('',(0.,1.));
#8137 = ( GEOMETRIC_REPRESENTATION_CONTEXT(2) 
PARAMETRIC_REPRESENTATION_CONTEXT() REPRESENTATION_CONTEXT('2D SPACE',''
  ) );
#8138 = ADVANCED_FACE('',(#8139),#8127,.F.);
#8139 = FACE_BOUND('',#8140,.F.);
#8140 = EDGE_LOOP('',(#8141,#8165,#8193,#8215));
#8141 = ORIENTED_EDGE('',*,*,#8142,.T.);
#8142 = EDGE_CURVE('',#8091,#8143,#8145,.T.);
#8143 = VERTEX_POINT('',#8144);
#8144 = CARTESIAN_POINT('',(2.5,84.5,3.));
#8145 = SURFACE_CURVE('',#8146,(#8151,#8158),.PCURVE_S1.);
#8146 = CIRCLE('',#8147,1.5);
#8147 = AXIS2_PLACEMENT_3D('',#8148,#8149,#8150);
#8148 = CARTESIAN_POINT('',(2.5,83.,3.));
#8149 = DIRECTION('',(0.,0.,1.));
#8150 = DIRECTION('',(0.,-1.,0.));
#8151 = PCURVE('',#8127,#8152);
#8152 = DEFINITIONAL_REPRESENTATION('',(#8153),#8157);
#8153 = LINE('',#8154,#8155);
#8154 = CARTESIAN_POINT('',(-1.570796326795,0.));
#8155 = VECTOR('',#8156,1.);
#8156 = DIRECTION('',(1.,0.));
#8157 = ( GEOMETRIC_REPRESENTATION_CONTEXT(2) 
PARAMETRIC_REPRESENTATION_CONTEXT() REPRESENTATION_CONTEXT('2D SPACE',''
  ) );
#8158 = PCURVE('',#7893,#8159);
#8159 = DEFINITIONAL_REPRESENTATION('',(#8160),#8164);
#8160 = CIRCLE('',#8161,1.5);
#8161 = AXIS2_PLACEMENT_2D('',#8162,#8163);
#8162 = CARTESIAN_POINT('',(6.5,6.5));
#8163 = DIRECTION('',(0.,-1.));
#8164 = ( GEOMETRIC_REPRESENTATION_CONTEXT(2) 
PARAMETRIC_REPRESENTATION_CONTEXT() REPRESENTATION_CONTEXT('2D SPACE',''
  ) );
#8165 = ORIENTED_EDGE('',*,*,#8166,.T.);
#8166 = EDGE_CURVE('',#8143,#8167,#8169,.T.);
#8167 = VERTEX_POINT('',#8168);
#8168 = CARTESIAN_POINT('',(2.5,84.5,5.));
#8169 = SURFACE_CURVE('',#8170,(#8174,#8181),.PCURVE_S1.);
#8170 = LINE('',#8171,#8172);
#8171 = CARTESIAN_POINT('',(2.5,84.5,3.));
#8172 = VECTOR('',#8173,1.);
#8173 = DIRECTION('',(0.,0.,1.));
#8174 = PCURVE('',#8127,#8175);
#8175 = DEFINITIONAL_REPRESENTATION('',(#8176),#8180);
#8176 = LINE('',#8177,#8178);
#8177 = CARTESIAN_POINT('',(1.570796326795,0.));
#8178 = VECTOR('',#8179,1.);
#8179 = DIRECTION('',(0.,1.));
#8180 = ( GEOMETRIC_REPRESENTATION_CONTEXT(2) 
PARAMETRIC_REPRESENTATION_CONTEXT() REPRESENTATION_CONTEXT('2D SPACE',''
  ) );
#8181 = PCURVE('',#8182,#8187);
#8182 = PLANE('',#8183);
#8183 = AXIS2_PLACEMENT_3D('',#8184,#8185,#8186);
#8184 = CARTESIAN_POINT('',(-4.,84.5,3.));
#8185 = DIRECTION('',(0.,1.,0.));
#8186 = DIRECTION('',(0.,0.,1.));
#8187 = DEFINITIONAL_REPRESENTATION('',(#8188),#8192);
#8188 = LINE('',#8189,#8190);
#8189 = CARTESIAN_POINT('',(0.,6.5));
#8190 = VECTOR('',#8191,1.);
#8191 = DIRECTION('',(1.,0.));
#8192 = ( GEOMETRIC_REPRESENTATION_CONTEXT(2) 
PARAMETRIC_REPRESENTATION_CONTEXT() REPRESENTATION_CONTEXT('2D SPACE',''
  ) );
#8193 = ORIENTED_EDGE('',*,*,#8194,.F.);
#8194 = EDGE_CURVE('',#8067,#8167,#8195,.T.);
#8195 = SURFACE_CURVE('',#8196,(#8201,#8208),.PCURVE_S1.);
#8196 = CIRCLE('',#8197,1.5);
#8197 = AXIS2_PLACEMENT_3D('',#8198,#8199,#8200);
#8198 = CARTESIAN_POINT('',(2.5,83.,5.));
#8199 = DIRECTION('',(0.,0.,1.));
#8200 = DIRECTION('',(0.,-1.,0.));
#8201 = PCURVE('',#8127,#8202);
#8202 = DEFINITIONAL_REPRESENTATION('',(#8203),#8207);
#8203 = LINE('',#8204,#8205);
#8204 = CARTESIAN_POINT('',(-1.570796326795,2.));
#8205 = VECTOR('',#8206,1.);
#8206 = DIRECTION('',(1.,0.));
#8207 = ( GEOMETRIC_REPRESENTATION_CONTEXT(2) 
PARAMETRIC_REPRESENTATION_CONTEXT() REPRESENTATION_CONTEXT('2D SPACE',''
  ) );
#8208 = PCURVE('',#296,#8209);
#8209 = DEFINITIONAL_REPRESENTATION('',(#8210),#8214);
#8210 = CIRCLE('',#8211,1.5);
#8211 = AXIS2_PLACEMENT_2D('',#8212,#8213);
#8212 = CARTESIAN_POINT('',(7.,-11.5));
#8213 = DIRECTION('',(-1.,0.));
#8214 = ( GEOMETRIC_REPRESENTATION_CONTEXT(2) 
PARAMETRIC_REPRESENTATION_CONTEXT() REPRESENTATION_CONTEXT('2D SPACE',''
  ) );
#8215 = ORIENTED_EDGE('',*,*,#8113,.F.);
#8216 = ADVANCED_FACE('',(#8217),#8182,.F.);
#8217 = FACE_BOUND('',#8218,.F.);
#8218 = EDGE_LOOP('',(#8219,#8242,#8270,#8291));
#8219 = ORIENTED_EDGE('',*,*,#8220,.F.);
#8220 = EDGE_CURVE('',#8221,#8143,#8223,.T.);
#8221 = VERTEX_POINT('',#8222);
#8222 = CARTESIAN_POINT('',(1.2,84.5,3.));
#8223 = SURFACE_CURVE('',#8224,(#8228,#8235),.PCURVE_S1.);
#8224 = LINE('',#8225,#8226);
#8225 = CARTESIAN_POINT('',(-4.,84.5,3.));
#8226 = VECTOR('',#8227,1.);
#8227 = DIRECTION('',(1.,0.,0.));
#8228 = PCURVE('',#8182,#8229);
#8229 = DEFINITIONAL_REPRESENTATION('',(#8230),#8234);
#8230 = LINE('',#8231,#8232);
#8231 = CARTESIAN_POINT('',(0.,0.));
#8232 = VECTOR('',#8233,1.);
#8233 = DIRECTION('',(0.,1.));
#8234 = ( GEOMETRIC_REPRESENTATION_CONTEXT(2) 
PARAMETRIC_REPRESENTATION_CONTEXT() REPRESENTATION_CONTEXT('2D SPACE',''
  ) );
#8235 = PCURVE('',#7893,#8236);
#8236 = DEFINITIONAL_REPRESENTATION('',(#8237),#8241);
#8237 = LINE('',#8238,#8239);
#8238 = CARTESIAN_POINT('',(0.,8.));
#8239 = VECTOR('',#8240,1.);
#8240 = DIRECTION('',(1.,0.));
#8241 = ( GEOMETRIC_REPRESENTATION_CONTEXT(2) 
PARAMETRIC_REPRESENTATION_CONTEXT() REPRESENTATION_CONTEXT('2D SPACE',''
  ) );
#8242 = ORIENTED_EDGE('',*,*,#8243,.T.);
#8243 = EDGE_CURVE('',#8221,#8244,#8246,.T.);
#8244 = VERTEX_POINT('',#8245);
#8245 = CARTESIAN_POINT('',(1.2,84.5,5.));
#8246 = SURFACE_CURVE('',#8247,(#8251,#8258),.PCURVE_S1.);
#8247 = LINE('',#8248,#8249);
#8248 = CARTESIAN_POINT('',(1.2,84.5,3.));
#8249 = VECTOR('',#8250,1.);
#8250 = DIRECTION('',(0.,0.,1.));
#8251 = PCURVE('',#8182,#8252);
#8252 = DEFINITIONAL_REPRESENTATION('',(#8253),#8257);
#8253 = LINE('',#8254,#8255);
#8254 = CARTESIAN_POINT('',(0.,5.2));
#8255 = VECTOR('',#8256,1.);
#8256 = DIRECTION('',(1.,0.));
#8257 = ( GEOMETRIC_REPRESENTATION_CONTEXT(2) 
PARAMETRIC_REPRESENTATION_CONTEXT() REPRESENTATION_CONTEXT('2D SPACE',''
  ) );
#8258 = PCURVE('',#8259,#8264);
#8259 = CYLINDRICAL_SURFACE('',#8260,3.7);
#8260 = AXIS2_PLACEMENT_3D('',#8261,#8262,#8263);
#8261 = CARTESIAN_POINT('',(0.,81.,3.));
#8262 = DIRECTION('',(0.,0.,1.));
#8263 = DIRECTION('',(1.,0.,-0.));
#8264 = DEFINITIONAL_REPRESENTATION('',(#8265),#8269);
#8265 = LINE('',#8266,#8267);
#8266 = CARTESIAN_POINT('',(1.240498971966,0.));
#8267 = VECTOR('',#8268,1.);
#8268 = DIRECTION('',(0.,1.));
#8269 = ( GEOMETRIC_REPRESENTATION_CONTEXT(2) 
PARAMETRIC_REPRESENTATION_CONTEXT() REPRESENTATION_CONTEXT('2D SPACE',''
  ) );
#8270 = ORIENTED_EDGE('',*,*,#8271,.T.);
#8271 = EDGE_CURVE('',#8244,#8167,#8272,.T.);
#8272 = SURFACE_CURVE('',#8273,(#8277,#8284),.PCURVE_S1.);
#8273 = LINE('',#8274,#8275);
#8274 = CARTESIAN_POINT('',(-4.,84.5,5.));
#8275 = VECTOR('',#8276,1.);
#8276 = DIRECTION('',(1.,0.,0.));
#8277 = PCURVE('',#8182,#8278);
#8278 = DEFINITIONAL_REPRESENTATION('',(#8279),#8283);
#8279 = LINE('',#8280,#8281);
#8280 = CARTESIAN_POINT('',(2.,0.));
#8281 = VECTOR('',#8282,1.);
#8282 = DIRECTION('',(0.,1.));
#8283 = ( GEOMETRIC_REPRESENTATION_CONTEXT(2) 
PARAMETRIC_REPRESENTATION_CONTEXT() REPRESENTATION_CONTEXT('2D SPACE',''
  ) );
#8284 = PCURVE('',#296,#8285);
#8285 = DEFINITIONAL_REPRESENTATION('',(#8286),#8290);
#8286 = LINE('',#8287,#8288);
#8287 = CARTESIAN_POINT('',(8.5,-5.));
#8288 = VECTOR('',#8289,1.);
#8289 = DIRECTION('',(0.,-1.));
#8290 = ( GEOMETRIC_REPRESENTATION_CONTEXT(2) 
PARAMETRIC_REPRESENTATION_CONTEXT() REPRESENTATION_CONTEXT('2D SPACE',''
  ) );
#8291 = ORIENTED_EDGE('',*,*,#8166,.F.);
#8292 = ADVANCED_FACE('',(#8293),#8259,.F.);
#8293 = FACE_BOUND('',#8294,.F.);
#8294 = EDGE_LOOP('',(#8295,#8319,#8320,#8344));
#8295 = ORIENTED_EDGE('',*,*,#8296,.F.);
#8296 = EDGE_CURVE('',#8244,#8297,#8299,.T.);
#8297 = VERTEX_POINT('',#8298);
#8298 = CARTESIAN_POINT('',(-1.2,84.5,5.));
#8299 = SURFACE_CURVE('',#8300,(#8305,#8312),.PCURVE_S1.);
#8300 = CIRCLE('',#8301,3.7);
#8301 = AXIS2_PLACEMENT_3D('',#8302,#8303,#8304);
#8302 = CARTESIAN_POINT('',(0.,81.,5.));
#8303 = DIRECTION('',(0.,0.,1.));
#8304 = DIRECTION('',(1.,0.,-0.));
#8305 = PCURVE('',#8259,#8306);
#8306 = DEFINITIONAL_REPRESENTATION('',(#8307),#8311);
#8307 = LINE('',#8308,#8309);
#8308 = CARTESIAN_POINT('',(0.,2.));
#8309 = VECTOR('',#8310,1.);
#8310 = DIRECTION('',(1.,0.));
#8311 = ( GEOMETRIC_REPRESENTATION_CONTEXT(2) 
PARAMETRIC_REPRESENTATION_CONTEXT() REPRESENTATION_CONTEXT('2D SPACE',''
  ) );
#8312 = PCURVE('',#296,#8313);
#8313 = DEFINITIONAL_REPRESENTATION('',(#8314),#8318);
#8314 = CIRCLE('',#8315,3.7);
#8315 = AXIS2_PLACEMENT_2D('',#8316,#8317);
#8316 = CARTESIAN_POINT('',(5.,-9.));
#8317 = DIRECTION('',(0.,-1.));
#8318 = ( GEOMETRIC_REPRESENTATION_CONTEXT(2) 
PARAMETRIC_REPRESENTATION_CONTEXT() REPRESENTATION_CONTEXT('2D SPACE',''
  ) );
#8319 = ORIENTED_EDGE('',*,*,#8243,.F.);
#8320 = ORIENTED_EDGE('',*,*,#8321,.T.);
#8321 = EDGE_CURVE('',#8221,#8322,#8324,.T.);
#8322 = VERTEX_POINT('',#8323);
#8323 = CARTESIAN_POINT('',(-1.2,84.5,3.));
#8324 = SURFACE_CURVE('',#8325,(#8330,#8337),.PCURVE_S1.);
#8325 = CIRCLE('',#8326,3.7);
#8326 = AXIS2_PLACEMENT_3D('',#8327,#8328,#8329);
#8327 = CARTESIAN_POINT('',(0.,81.,3.));
#8328 = DIRECTION('',(0.,0.,1.));
#8329 = DIRECTION('',(1.,0.,-0.));
#8330 = PCURVE('',#8259,#8331);
#8331 = DEFINITIONAL_REPRESENTATION('',(#8332),#8336);
#8332 = LINE('',#8333,#8334);
#8333 = CARTESIAN_POINT('',(0.,0.));
#8334 = VECTOR('',#8335,1.);
#8335 = DIRECTION('',(1.,0.));
#8336 = ( GEOMETRIC_REPRESENTATION_CONTEXT(2) 
PARAMETRIC_REPRESENTATION_CONTEXT() REPRESENTATION_CONTEXT('2D SPACE',''
  ) );
#8337 = PCURVE('',#7893,#8338);
#8338 = DEFINITIONAL_REPRESENTATION('',(#8339),#8343);
#8339 = CIRCLE('',#8340,3.7);
#8340 = AXIS2_PLACEMENT_2D('',#8341,#8342);
#8341 = CARTESIAN_POINT('',(4.,4.5));
#8342 = DIRECTION('',(1.,0.));
#8343 = ( GEOMETRIC_REPRESENTATION_CONTEXT(2) 
PARAMETRIC_REPRESENTATION_CONTEXT() REPRESENTATION_CONTEXT('2D SPACE',''
  ) );
#8344 = ORIENTED_EDGE('',*,*,#8345,.T.);
#8345 = EDGE_CURVE('',#8322,#8297,#8346,.T.);
#8346 = SURFACE_CURVE('',#8347,(#8351,#8358),.PCURVE_S1.);
#8347 = LINE('',#8348,#8349);
#8348 = CARTESIAN_POINT('',(-1.2,84.5,3.));
#8349 = VECTOR('',#8350,1.);
#8350 = DIRECTION('',(0.,0.,1.));
#8351 = PCURVE('',#8259,#8352);
#8352 = DEFINITIONAL_REPRESENTATION('',(#8353),#8357);
#8353 = LINE('',#8354,#8355);
#8354 = CARTESIAN_POINT('',(1.901093681624,0.));
#8355 = VECTOR('',#8356,1.);
#8356 = DIRECTION('',(0.,1.));
#8357 = ( GEOMETRIC_REPRESENTATION_CONTEXT(2) 
PARAMETRIC_REPRESENTATION_CONTEXT() REPRESENTATION_CONTEXT('2D SPACE',''
  ) );
#8358 = PCURVE('',#8359,#8364);
#8359 = PLANE('',#8360);
#8360 = AXIS2_PLACEMENT_3D('',#8361,#8362,#8363);
#8361 = CARTESIAN_POINT('',(-4.,84.5,3.));
#8362 = DIRECTION('',(0.,1.,0.));
#8363 = DIRECTION('',(0.,0.,1.));
#8364 = DEFINITIONAL_REPRESENTATION('',(#8365),#8369);
#8365 = LINE('',#8366,#8367);
#8366 = CARTESIAN_POINT('',(0.,2.8));
#8367 = VECTOR('',#8368,1.);
#8368 = DIRECTION('',(1.,0.));
#8369 = ( GEOMETRIC_REPRESENTATION_CONTEXT(2) 
PARAMETRIC_REPRESENTATION_CONTEXT() REPRESENTATION_CONTEXT('2D SPACE',''
  ) );
#8370 = ADVANCED_FACE('',(#8371),#8359,.F.);
#8371 = FACE_BOUND('',#8372,.F.);
#8372 = EDGE_LOOP('',(#8373,#8396,#8424,#8445));
#8373 = ORIENTED_EDGE('',*,*,#8374,.F.);
#8374 = EDGE_CURVE('',#8375,#8322,#8377,.T.);
#8375 = VERTEX_POINT('',#8376);
#8376 = CARTESIAN_POINT('',(-2.5,84.5,3.));
#8377 = SURFACE_CURVE('',#8378,(#8382,#8389),.PCURVE_S1.);
#8378 = LINE('',#8379,#8380);
#8379 = CARTESIAN_POINT('',(-4.,84.5,3.));
#8380 = VECTOR('',#8381,1.);
#8381 = DIRECTION('',(1.,0.,0.));
#8382 = PCURVE('',#8359,#8383);
#8383 = DEFINITIONAL_REPRESENTATION('',(#8384),#8388);
#8384 = LINE('',#8385,#8386);
#8385 = CARTESIAN_POINT('',(0.,0.));
#8386 = VECTOR('',#8387,1.);
#8387 = DIRECTION('',(0.,1.));
#8388 = ( GEOMETRIC_REPRESENTATION_CONTEXT(2) 
PARAMETRIC_REPRESENTATION_CONTEXT() REPRESENTATION_CONTEXT('2D SPACE',''
  ) );
#8389 = PCURVE('',#7893,#8390);
#8390 = DEFINITIONAL_REPRESENTATION('',(#8391),#8395);
#8391 = LINE('',#8392,#8393);
#8392 = CARTESIAN_POINT('',(0.,8.));
#8393 = VECTOR('',#8394,1.);
#8394 = DIRECTION('',(1.,0.));
#8395 = ( GEOMETRIC_REPRESENTATION_CONTEXT(2) 
PARAMETRIC_REPRESENTATION_CONTEXT() REPRESENTATION_CONTEXT('2D SPACE',''
  ) );
#8396 = ORIENTED_EDGE('',*,*,#8397,.T.);
#8397 = EDGE_CURVE('',#8375,#8398,#8400,.T.);
#8398 = VERTEX_POINT('',#8399);
#8399 = CARTESIAN_POINT('',(-2.5,84.5,5.));
#8400 = SURFACE_CURVE('',#8401,(#8405,#8412),.PCURVE_S1.);
#8401 = LINE('',#8402,#8403);
#8402 = CARTESIAN_POINT('',(-2.5,84.5,3.));
#8403 = VECTOR('',#8404,1.);
#8404 = DIRECTION('',(0.,0.,1.));
#8405 = PCURVE('',#8359,#8406);
#8406 = DEFINITIONAL_REPRESENTATION('',(#8407),#8411);
#8407 = LINE('',#8408,#8409);
#8408 = CARTESIAN_POINT('',(0.,1.5));
#8409 = VECTOR('',#8410,1.);
#8410 = DIRECTION('',(1.,0.));
#8411 = ( GEOMETRIC_REPRESENTATION_CONTEXT(2) 
PARAMETRIC_REPRESENTATION_CONTEXT() REPRESENTATION_CONTEXT('2D SPACE',''
  ) );
#8412 = PCURVE('',#8413,#8418);
#8413 = CYLINDRICAL_SURFACE('',#8414,1.5);
#8414 = AXIS2_PLACEMENT_3D('',#8415,#8416,#8417);
#8415 = CARTESIAN_POINT('',(-2.5,83.,3.));
#8416 = DIRECTION('',(0.,0.,1.));
#8417 = DIRECTION('',(-1.,-0.,0.));
#8418 = DEFINITIONAL_REPRESENTATION('',(#8419),#8423);
#8419 = LINE('',#8420,#8421);
#8420 = CARTESIAN_POINT('',(-1.570796326795,0.));
#8421 = VECTOR('',#8422,1.);
#8422 = DIRECTION('',(-0.,1.));
#8423 = ( GEOMETRIC_REPRESENTATION_CONTEXT(2) 
PARAMETRIC_REPRESENTATION_CONTEXT() REPRESENTATION_CONTEXT('2D SPACE',''
  ) );
#8424 = ORIENTED_EDGE('',*,*,#8425,.T.);
#8425 = EDGE_CURVE('',#8398,#8297,#8426,.T.);
#8426 = SURFACE_CURVE('',#8427,(#8431,#8438),.PCURVE_S1.);
#8427 = LINE('',#8428,#8429);
#8428 = CARTESIAN_POINT('',(-4.,84.5,5.));
#8429 = VECTOR('',#8430,1.);
#8430 = DIRECTION('',(1.,0.,0.));
#8431 = PCURVE('',#8359,#8432);
#8432 = DEFINITIONAL_REPRESENTATION('',(#8433),#8437);
#8433 = LINE('',#8434,#8435);
#8434 = CARTESIAN_POINT('',(2.,0.));
#8435 = VECTOR('',#8436,1.);
#8436 = DIRECTION('',(0.,1.));
#8437 = ( GEOMETRIC_REPRESENTATION_CONTEXT(2) 
PARAMETRIC_REPRESENTATION_CONTEXT() REPRESENTATION_CONTEXT('2D SPACE',''
  ) );
#8438 = PCURVE('',#296,#8439);
#8439 = DEFINITIONAL_REPRESENTATION('',(#8440),#8444);
#8440 = LINE('',#8441,#8442);
#8441 = CARTESIAN_POINT('',(8.5,-5.));
#8442 = VECTOR('',#8443,1.);
#8443 = DIRECTION('',(0.,-1.));
#8444 = ( GEOMETRIC_REPRESENTATION_CONTEXT(2) 
PARAMETRIC_REPRESENTATION_CONTEXT() REPRESENTATION_CONTEXT('2D SPACE',''
  ) );
#8445 = ORIENTED_EDGE('',*,*,#8345,.F.);
#8446 = ADVANCED_FACE('',(#8447),#8413,.F.);
#8447 = FACE_BOUND('',#8448,.T.);
#8448 = EDGE_LOOP('',(#8449,#8477,#8478,#8506));
#8449 = ORIENTED_EDGE('',*,*,#8450,.T.);
#8450 = EDGE_CURVE('',#8451,#8375,#8453,.T.);
#8451 = VERTEX_POINT('',#8452);
#8452 = CARTESIAN_POINT('',(-4.,83.,3.));
#8453 = SURFACE_CURVE('',#8454,(#8459,#8466),.PCURVE_S1.);
#8454 = CIRCLE('',#8455,1.5);
#8455 = AXIS2_PLACEMENT_3D('',#8456,#8457,#8458);
#8456 = CARTESIAN_POINT('',(-2.5,83.,3.));
#8457 = DIRECTION('',(-0.,-0.,-1.));
#8458 = DIRECTION('',(0.,-1.,0.));
#8459 = PCURVE('',#8413,#8460);
#8460 = DEFINITIONAL_REPRESENTATION('',(#8461),#8465);
#8461 = LINE('',#8462,#8463);
#8462 = CARTESIAN_POINT('',(1.570796326795,-0.));
#8463 = VECTOR('',#8464,1.);
#8464 = DIRECTION('',(-1.,0.));
#8465 = ( GEOMETRIC_REPRESENTATION_CONTEXT(2) 
PARAMETRIC_REPRESENTATION_CONTEXT() REPRESENTATION_CONTEXT('2D SPACE',''
  ) );
#8466 = PCURVE('',#7893,#8467);
#8467 = DEFINITIONAL_REPRESENTATION('',(#8468),#8476);
#8468 = ( BOUNDED_CURVE() B_SPLINE_CURVE(2,(#8469,#8470,#8471,#8472,
#8473,#8474,#8475),.UNSPECIFIED.,.T.,.F.) B_SPLINE_CURVE_WITH_KNOTS((1,2
    ,2,2,2,1),(-2.094395102393,0.,2.094395102393,4.188790204786,
6.28318530718,8.377580409573),.UNSPECIFIED.) CURVE() 
GEOMETRIC_REPRESENTATION_ITEM() RATIONAL_B_SPLINE_CURVE((1.,0.5,1.,0.5,
1.,0.5,1.)) REPRESENTATION_ITEM('') );
#8469 = CARTESIAN_POINT('',(1.5,5.));
#8470 = CARTESIAN_POINT('',(-1.098076211353,5.));
#8471 = CARTESIAN_POINT('',(0.200961894323,7.25));
#8472 = CARTESIAN_POINT('',(1.5,9.5));
#8473 = CARTESIAN_POINT('',(2.799038105677,7.25));
#8474 = CARTESIAN_POINT('',(4.098076211353,5.));
#8475 = CARTESIAN_POINT('',(1.5,5.));
#8476 = ( GEOMETRIC_REPRESENTATION_CONTEXT(2) 
PARAMETRIC_REPRESENTATION_CONTEXT() REPRESENTATION_CONTEXT('2D SPACE',''
  ) );
#8477 = ORIENTED_EDGE('',*,*,#8397,.T.);
#8478 = ORIENTED_EDGE('',*,*,#8479,.F.);
#8479 = EDGE_CURVE('',#8480,#8398,#8482,.T.);
#8480 = VERTEX_POINT('',#8481);
#8481 = CARTESIAN_POINT('',(-4.,83.,5.));
#8482 = SURFACE_CURVE('',#8483,(#8488,#8495),.PCURVE_S1.);
#8483 = CIRCLE('',#8484,1.5);
#8484 = AXIS2_PLACEMENT_3D('',#8485,#8486,#8487);
#8485 = CARTESIAN_POINT('',(-2.5,83.,5.));
#8486 = DIRECTION('',(-0.,-0.,-1.));
#8487 = DIRECTION('',(0.,-1.,0.));
#8488 = PCURVE('',#8413,#8489);
#8489 = DEFINITIONAL_REPRESENTATION('',(#8490),#8494);
#8490 = LINE('',#8491,#8492);
#8491 = CARTESIAN_POINT('',(1.570796326795,2.));
#8492 = VECTOR('',#8493,1.);
#8493 = DIRECTION('',(-1.,0.));
#8494 = ( GEOMETRIC_REPRESENTATION_CONTEXT(2) 
PARAMETRIC_REPRESENTATION_CONTEXT() REPRESENTATION_CONTEXT('2D SPACE',''
  ) );
#8495 = PCURVE('',#296,#8496);
#8496 = DEFINITIONAL_REPRESENTATION('',(#8497),#8505);
#8497 = ( BOUNDED_CURVE() B_SPLINE_CURVE(2,(#8498,#8499,#8500,#8501,
#8502,#8503,#8504),.UNSPECIFIED.,.T.,.F.) B_SPLINE_CURVE_WITH_KNOTS((1,2
    ,2,2,2,1),(-2.094395102393,0.,2.094395102393,4.188790204786,
6.28318530718,8.377580409573),.UNSPECIFIED.) CURVE() 
GEOMETRIC_REPRESENTATION_ITEM() RATIONAL_B_SPLINE_CURVE((1.,0.5,1.,0.5,
1.,0.5,1.)) REPRESENTATION_ITEM('') );
#8498 = CARTESIAN_POINT('',(5.5,-6.5));
#8499 = CARTESIAN_POINT('',(5.5,-3.901923788647));
#8500 = CARTESIAN_POINT('',(7.75,-5.200961894323));
#8501 = CARTESIAN_POINT('',(10.,-6.5));
#8502 = CARTESIAN_POINT('',(7.75,-7.799038105677));
#8503 = CARTESIAN_POINT('',(5.5,-9.098076211353));
#8504 = CARTESIAN_POINT('',(5.5,-6.5));
#8505 = ( GEOMETRIC_REPRESENTATION_CONTEXT(2) 
PARAMETRIC_REPRESENTATION_CONTEXT() REPRESENTATION_CONTEXT('2D SPACE',''
  ) );
#8506 = ORIENTED_EDGE('',*,*,#8507,.F.);
#8507 = EDGE_CURVE('',#8451,#8480,#8508,.T.);
#8508 = SURFACE_CURVE('',#8509,(#8513,#8520),.PCURVE_S1.);
#8509 = LINE('',#8510,#8511);
#8510 = CARTESIAN_POINT('',(-4.,83.,3.));
#8511 = VECTOR('',#8512,1.);
#8512 = DIRECTION('',(0.,0.,1.));
#8513 = PCURVE('',#8413,#8514);
#8514 = DEFINITIONAL_REPRESENTATION('',(#8515),#8519);
#8515 = LINE('',#8516,#8517);
#8516 = CARTESIAN_POINT('',(-0.,0.));
#8517 = VECTOR('',#8518,1.);
#8518 = DIRECTION('',(-0.,1.));
#8519 = ( GEOMETRIC_REPRESENTATION_CONTEXT(2) 
PARAMETRIC_REPRESENTATION_CONTEXT() REPRESENTATION_CONTEXT('2D SPACE',''
  ) );
#8520 = PCURVE('',#8521,#8526);
#8521 = PLANE('',#8522);
#8522 = AXIS2_PLACEMENT_3D('',#8523,#8524,#8525);
#8523 = CARTESIAN_POINT('',(-4.,76.5,3.));
#8524 = DIRECTION('',(1.,0.,0.));
#8525 = DIRECTION('',(0.,0.,1.));
#8526 = DEFINITIONAL_REPRESENTATION('',(#8527),#8531);
#8527 = LINE('',#8528,#8529);
#8528 = CARTESIAN_POINT('',(0.,-6.5));
#8529 = VECTOR('',#8530,1.);
#8530 = DIRECTION('',(1.,0.));
#8531 = ( GEOMETRIC_REPRESENTATION_CONTEXT(2) 
PARAMETRIC_REPRESENTATION_CONTEXT() REPRESENTATION_CONTEXT('2D SPACE',''
  ) );
#8532 = ADVANCED_FACE('',(#8533),#8521,.T.);
#8533 = FACE_BOUND('',#8534,.T.);
#8534 = EDGE_LOOP('',(#8535,#8558,#8581,#8602));
#8535 = ORIENTED_EDGE('',*,*,#8536,.F.);
#8536 = EDGE_CURVE('',#8537,#8480,#8539,.T.);
#8537 = VERTEX_POINT('',#8538);
#8538 = CARTESIAN_POINT('',(-4.,78.,5.));
#8539 = SURFACE_CURVE('',#8540,(#8544,#8551),.PCURVE_S1.);
#8540 = LINE('',#8541,#8542);
#8541 = CARTESIAN_POINT('',(-4.,76.5,5.));
#8542 = VECTOR('',#8543,1.);
#8543 = DIRECTION('',(0.,1.,0.));
#8544 = PCURVE('',#8521,#8545);
#8545 = DEFINITIONAL_REPRESENTATION('',(#8546),#8550);
#8546 = LINE('',#8547,#8548);
#8547 = CARTESIAN_POINT('',(2.,0.));
#8548 = VECTOR('',#8549,1.);
#8549 = DIRECTION('',(0.,-1.));
#8550 = ( GEOMETRIC_REPRESENTATION_CONTEXT(2) 
PARAMETRIC_REPRESENTATION_CONTEXT() REPRESENTATION_CONTEXT('2D SPACE',''
  ) );
#8551 = PCURVE('',#296,#8552);
#8552 = DEFINITIONAL_REPRESENTATION('',(#8553),#8557);
#8553 = LINE('',#8554,#8555);
#8554 = CARTESIAN_POINT('',(0.5,-5.));
#8555 = VECTOR('',#8556,1.);
#8556 = DIRECTION('',(1.,0.));
#8557 = ( GEOMETRIC_REPRESENTATION_CONTEXT(2) 
PARAMETRIC_REPRESENTATION_CONTEXT() REPRESENTATION_CONTEXT('2D SPACE',''
  ) );
#8558 = ORIENTED_EDGE('',*,*,#8559,.F.);
#8559 = EDGE_CURVE('',#8560,#8537,#8562,.T.);
#8560 = VERTEX_POINT('',#8561);
#8561 = CARTESIAN_POINT('',(-4.,78.,3.));
#8562 = SURFACE_CURVE('',#8563,(#8567,#8574),.PCURVE_S1.);
#8563 = LINE('',#8564,#8565);
#8564 = CARTESIAN_POINT('',(-4.,78.,3.));
#8565 = VECTOR('',#8566,1.);
#8566 = DIRECTION('',(0.,0.,1.));
#8567 = PCURVE('',#8521,#8568);
#8568 = DEFINITIONAL_REPRESENTATION('',(#8569),#8573);
#8569 = LINE('',#8570,#8571);
#8570 = CARTESIAN_POINT('',(0.,-1.5));
#8571 = VECTOR('',#8572,1.);
#8572 = DIRECTION('',(1.,0.));
#8573 = ( GEOMETRIC_REPRESENTATION_CONTEXT(2) 
PARAMETRIC_REPRESENTATION_CONTEXT() REPRESENTATION_CONTEXT('2D SPACE',''
  ) );
#8574 = PCURVE('',#7865,#8575);
#8575 = DEFINITIONAL_REPRESENTATION('',(#8576),#8580);
#8576 = LINE('',#8577,#8578);
#8577 = CARTESIAN_POINT('',(0.,0.));
#8578 = VECTOR('',#8579,1.);
#8579 = DIRECTION('',(0.,1.));
#8580 = ( GEOMETRIC_REPRESENTATION_CONTEXT(2) 
PARAMETRIC_REPRESENTATION_CONTEXT() REPRESENTATION_CONTEXT('2D SPACE',''
  ) );
#8581 = ORIENTED_EDGE('',*,*,#8582,.T.);
#8582 = EDGE_CURVE('',#8560,#8451,#8583,.T.);
#8583 = SURFACE_CURVE('',#8584,(#8588,#8595),.PCURVE_S1.);
#8584 = LINE('',#8585,#8586);
#8585 = CARTESIAN_POINT('',(-4.,76.5,3.));
#8586 = VECTOR('',#8587,1.);
#8587 = DIRECTION('',(0.,1.,0.));
#8588 = PCURVE('',#8521,#8589);
#8589 = DEFINITIONAL_REPRESENTATION('',(#8590),#8594);
#8590 = LINE('',#8591,#8592);
#8591 = CARTESIAN_POINT('',(0.,0.));
#8592 = VECTOR('',#8593,1.);
#8593 = DIRECTION('',(0.,-1.));
#8594 = ( GEOMETRIC_REPRESENTATION_CONTEXT(2) 
PARAMETRIC_REPRESENTATION_CONTEXT() REPRESENTATION_CONTEXT('2D SPACE',''
  ) );
#8595 = PCURVE('',#7893,#8596);
#8596 = DEFINITIONAL_REPRESENTATION('',(#8597),#8601);
#8597 = LINE('',#8598,#8599);
#8598 = CARTESIAN_POINT('',(0.,0.));
#8599 = VECTOR('',#8600,1.);
#8600 = DIRECTION('',(0.,1.));
#8601 = ( GEOMETRIC_REPRESENTATION_CONTEXT(2) 
PARAMETRIC_REPRESENTATION_CONTEXT() REPRESENTATION_CONTEXT('2D SPACE',''
  ) );
#8602 = ORIENTED_EDGE('',*,*,#8507,.T.);
#8603 = ADVANCED_FACE('',(#8604,#8663),#7893,.T.);
#8604 = FACE_BOUND('',#8605,.T.);
#8605 = EDGE_LOOP('',(#8606,#8641));
#8606 = ORIENTED_EDGE('',*,*,#8607,.T.);
#8607 = EDGE_CURVE('',#8608,#8610,#8612,.T.);
#8608 = VERTEX_POINT('',#8609);
#8609 = CARTESIAN_POINT('',(-6.429395695524E-16,77.5,3.));
#8610 = VERTEX_POINT('',#8611);
#8611 = CARTESIAN_POINT('',(3.5,81.,3.));
#8612 = SURFACE_CURVE('',#8613,(#8618,#8629),.PCURVE_S1.);
#8613 = CIRCLE('',#8614,3.5);
#8614 = AXIS2_PLACEMENT_3D('',#8615,#8616,#8617);
#8615 = CARTESIAN_POINT('',(0.,81.,3.));
#8616 = DIRECTION('',(0.,0.,-1.));
#8617 = DIRECTION('',(-1.836970198721E-16,-1.,-0.));
#8618 = PCURVE('',#7893,#8619);
#8619 = DEFINITIONAL_REPRESENTATION('',(#8620),#8628);
#8620 = ( BOUNDED_CURVE() B_SPLINE_CURVE(2,(#8621,#8622,#8623,#8624,
#8625,#8626,#8627),.UNSPECIFIED.,.T.,.F.) B_SPLINE_CURVE_WITH_KNOTS((1,2
    ,2,2,2,1),(-2.094395102393,0.,2.094395102393,4.188790204786,
6.28318530718,8.377580409573),.UNSPECIFIED.) CURVE() 
GEOMETRIC_REPRESENTATION_ITEM() RATIONAL_B_SPLINE_CURVE((1.,0.5,1.,0.5,
1.,0.5,1.)) REPRESENTATION_ITEM('') );
#8621 = CARTESIAN_POINT('',(4.,1.));
#8622 = CARTESIAN_POINT('',(-2.062177826491,1.));
#8623 = CARTESIAN_POINT('',(0.968911086754,6.25));
#8624 = CARTESIAN_POINT('',(4.,11.5));
#8625 = CARTESIAN_POINT('',(7.031088913246,6.25));
#8626 = CARTESIAN_POINT('',(10.062177826491,1.));
#8627 = CARTESIAN_POINT('',(4.,1.));
#8628 = ( GEOMETRIC_REPRESENTATION_CONTEXT(2) 
PARAMETRIC_REPRESENTATION_CONTEXT() REPRESENTATION_CONTEXT('2D SPACE',''
  ) );
#8629 = PCURVE('',#8630,#8635);
#8630 = CONICAL_SURFACE('',#8631,1.9,0.785398163397);
#8631 = AXIS2_PLACEMENT_3D('',#8632,#8633,#8634);
#8632 = CARTESIAN_POINT('',(0.,81.,1.4));
#8633 = DIRECTION('',(0.,0.,1.));
#8634 = DIRECTION('',(1.,0.,-0.));
#8635 = DEFINITIONAL_REPRESENTATION('',(#8636),#8640);
#8636 = LINE('',#8637,#8638);
#8637 = CARTESIAN_POINT('',(4.712388980385,1.6));
#8638 = VECTOR('',#8639,1.);
#8639 = DIRECTION('',(-1.,-0.));
#8640 = ( GEOMETRIC_REPRESENTATION_CONTEXT(2) 
PARAMETRIC_REPRESENTATION_CONTEXT() REPRESENTATION_CONTEXT('2D SPACE',''
  ) );
#8641 = ORIENTED_EDGE('',*,*,#8642,.F.);
#8642 = EDGE_CURVE('',#8608,#8610,#8643,.T.);
#8643 = SURFACE_CURVE('',#8644,(#8649,#8656),.PCURVE_S1.);
#8644 = CIRCLE('',#8645,3.5);
#8645 = AXIS2_PLACEMENT_3D('',#8646,#8647,#8648);
#8646 = CARTESIAN_POINT('',(0.,81.,3.));
#8647 = DIRECTION('',(0.,0.,1.));
#8648 = DIRECTION('',(1.,0.,-0.));
#8649 = PCURVE('',#7893,#8650);
#8650 = DEFINITIONAL_REPRESENTATION('',(#8651),#8655);
#8651 = CIRCLE('',#8652,3.5);
#8652 = AXIS2_PLACEMENT_2D('',#8653,#8654);
#8653 = CARTESIAN_POINT('',(4.,4.5));
#8654 = DIRECTION('',(1.,0.));
#8655 = ( GEOMETRIC_REPRESENTATION_CONTEXT(2) 
PARAMETRIC_REPRESENTATION_CONTEXT() REPRESENTATION_CONTEXT('2D SPACE',''
  ) );
#8656 = PCURVE('',#8630,#8657);
#8657 = DEFINITIONAL_REPRESENTATION('',(#8658),#8662);
#8658 = LINE('',#8659,#8660);
#8659 = CARTESIAN_POINT('',(0.,1.6));
#8660 = VECTOR('',#8661,1.);
#8661 = DIRECTION('',(1.,0.));
#8662 = ( GEOMETRIC_REPRESENTATION_CONTEXT(2) 
PARAMETRIC_REPRESENTATION_CONTEXT() REPRESENTATION_CONTEXT('2D SPACE',''
  ) );
#8663 = FACE_BOUND('',#8664,.T.);
#8664 = EDGE_LOOP('',(#8665,#8666,#8667,#8668,#8669,#8670,#8671,#8672,
    #8673,#8674,#8696));
#8665 = ORIENTED_EDGE('',*,*,#7905,.F.);
#8666 = ORIENTED_EDGE('',*,*,#8010,.F.);
#8667 = ORIENTED_EDGE('',*,*,#8090,.T.);
#8668 = ORIENTED_EDGE('',*,*,#8142,.T.);
#8669 = ORIENTED_EDGE('',*,*,#8220,.F.);
#8670 = ORIENTED_EDGE('',*,*,#8321,.T.);
#8671 = ORIENTED_EDGE('',*,*,#8374,.F.);
#8672 = ORIENTED_EDGE('',*,*,#8450,.F.);
#8673 = ORIENTED_EDGE('',*,*,#8582,.F.);
#8674 = ORIENTED_EDGE('',*,*,#8675,.T.);
#8675 = EDGE_CURVE('',#8560,#7850,#8676,.T.);
#8676 = SURFACE_CURVE('',#8677,(#8682,#8689),.PCURVE_S1.);
#8677 = CIRCLE('',#8678,1.5);
#8678 = AXIS2_PLACEMENT_3D('',#8679,#8680,#8681);
#8679 = CARTESIAN_POINT('',(-2.5,78.,3.));
#8680 = DIRECTION('',(0.,0.,1.));
#8681 = DIRECTION('',(0.,-1.,0.));
#8682 = PCURVE('',#7893,#8683);
#8683 = DEFINITIONAL_REPRESENTATION('',(#8684),#8688);
#8684 = CIRCLE('',#8685,1.5);
#8685 = AXIS2_PLACEMENT_2D('',#8686,#8687);
#8686 = CARTESIAN_POINT('',(1.5,1.5));
#8687 = DIRECTION('',(0.,-1.));
#8688 = ( GEOMETRIC_REPRESENTATION_CONTEXT(2) 
PARAMETRIC_REPRESENTATION_CONTEXT() REPRESENTATION_CONTEXT('2D SPACE',''
  ) );
#8689 = PCURVE('',#7865,#8690);
#8690 = DEFINITIONAL_REPRESENTATION('',(#8691),#8695);
#8691 = LINE('',#8692,#8693);
#8692 = CARTESIAN_POINT('',(-4.712388980385,0.));
#8693 = VECTOR('',#8694,1.);
#8694 = DIRECTION('',(1.,0.));
#8695 = ( GEOMETRIC_REPRESENTATION_CONTEXT(2) 
PARAMETRIC_REPRESENTATION_CONTEXT() REPRESENTATION_CONTEXT('2D SPACE',''
  ) );
#8696 = ORIENTED_EDGE('',*,*,#7877,.F.);
#8697 = ADVANCED_FACE('',(#8698),#8630,.F.);
#8698 = FACE_BOUND('',#8699,.F.);
#8699 = EDGE_LOOP('',(#8700,#8701,#8724,#8751,#8752));
#8700 = ORIENTED_EDGE('',*,*,#8607,.T.);
#8701 = ORIENTED_EDGE('',*,*,#8702,.F.);
#8702 = EDGE_CURVE('',#8703,#8610,#8705,.T.);
#8703 = VERTEX_POINT('',#8704);
#8704 = CARTESIAN_POINT('',(1.9,81.,1.4));
#8705 = SEAM_CURVE('',#8706,(#8710,#8717),.PCURVE_S1.);
#8706 = LINE('',#8707,#8708);
#8707 = CARTESIAN_POINT('',(1.9,81.,1.4));
#8708 = VECTOR('',#8709,1.);
#8709 = DIRECTION('',(0.707106781187,-1.731912112471E-16,0.707106781187)
  );
#8710 = PCURVE('',#8630,#8711);
#8711 = DEFINITIONAL_REPRESENTATION('',(#8712),#8716);
#8712 = LINE('',#8713,#8714);
#8713 = CARTESIAN_POINT('',(0.,-0.));
#8714 = VECTOR('',#8715,1.);
#8715 = DIRECTION('',(0.,1.));
#8716 = ( GEOMETRIC_REPRESENTATION_CONTEXT(2) 
PARAMETRIC_REPRESENTATION_CONTEXT() REPRESENTATION_CONTEXT('2D SPACE',''
  ) );
#8717 = PCURVE('',#8630,#8718);
#8718 = DEFINITIONAL_REPRESENTATION('',(#8719),#8723);
#8719 = LINE('',#8720,#8721);
#8720 = CARTESIAN_POINT('',(6.28318530718,-0.));
#8721 = VECTOR('',#8722,1.);
#8722 = DIRECTION('',(0.,1.));
#8723 = ( GEOMETRIC_REPRESENTATION_CONTEXT(2) 
PARAMETRIC_REPRESENTATION_CONTEXT() REPRESENTATION_CONTEXT('2D SPACE',''
  ) );
#8724 = ORIENTED_EDGE('',*,*,#8725,.T.);
#8725 = EDGE_CURVE('',#8703,#8703,#8726,.T.);
#8726 = SURFACE_CURVE('',#8727,(#8732,#8739),.PCURVE_S1.);
#8727 = CIRCLE('',#8728,1.9);
#8728 = AXIS2_PLACEMENT_3D('',#8729,#8730,#8731);
#8729 = CARTESIAN_POINT('',(0.,81.,1.4));
#8730 = DIRECTION('',(0.,0.,1.));
#8731 = DIRECTION('',(1.,0.,-0.));
#8732 = PCURVE('',#8630,#8733);
#8733 = DEFINITIONAL_REPRESENTATION('',(#8734),#8738);
#8734 = LINE('',#8735,#8736);
#8735 = CARTESIAN_POINT('',(0.,0.));
#8736 = VECTOR('',#8737,1.);
#8737 = DIRECTION('',(1.,0.));
#8738 = ( GEOMETRIC_REPRESENTATION_CONTEXT(2) 
PARAMETRIC_REPRESENTATION_CONTEXT() REPRESENTATION_CONTEXT('2D SPACE',''
  ) );
#8739 = PCURVE('',#8740,#8745);
#8740 = CYLINDRICAL_SURFACE('',#8741,1.9);
#8741 = AXIS2_PLACEMENT_3D('',#8742,#8743,#8744);
#8742 = CARTESIAN_POINT('',(0.,81.,0.));
#8743 = DIRECTION('',(0.,0.,1.));
#8744 = DIRECTION('',(1.,0.,-0.));
#8745 = DEFINITIONAL_REPRESENTATION('',(#8746),#8750);
#8746 = LINE('',#8747,#8748);
#8747 = CARTESIAN_POINT('',(0.,1.4));
#8748 = VECTOR('',#8749,1.);
#8749 = DIRECTION('',(1.,0.));
#8750 = ( GEOMETRIC_REPRESENTATION_CONTEXT(2) 
PARAMETRIC_REPRESENTATION_CONTEXT() REPRESENTATION_CONTEXT('2D SPACE',''
  ) );
#8751 = ORIENTED_EDGE('',*,*,#8702,.T.);
#8752 = ORIENTED_EDGE('',*,*,#8642,.F.);
#8753 = ADVANCED_FACE('',(#8754),#8740,.F.);
#8754 = FACE_BOUND('',#8755,.F.);
#8755 = EDGE_LOOP('',(#8756,#8757,#8780,#8802));
#8756 = ORIENTED_EDGE('',*,*,#8725,.F.);
#8757 = ORIENTED_EDGE('',*,*,#8758,.F.);
#8758 = EDGE_CURVE('',#8759,#8703,#8761,.T.);
#8759 = VERTEX_POINT('',#8760);
#8760 = CARTESIAN_POINT('',(1.9,81.,0.));
#8761 = SEAM_CURVE('',#8762,(#8766,#8773),.PCURVE_S1.);
#8762 = LINE('',#8763,#8764);
#8763 = CARTESIAN_POINT('',(1.9,81.,0.));
#8764 = VECTOR('',#8765,1.);
#8765 = DIRECTION('',(0.,0.,1.));
#8766 = PCURVE('',#8740,#8767);
#8767 = DEFINITIONAL_REPRESENTATION('',(#8768),#8772);
#8768 = LINE('',#8769,#8770);
#8769 = CARTESIAN_POINT('',(6.28318530718,-0.));
#8770 = VECTOR('',#8771,1.);
#8771 = DIRECTION('',(0.,1.));
#8772 = ( GEOMETRIC_REPRESENTATION_CONTEXT(2) 
PARAMETRIC_REPRESENTATION_CONTEXT() REPRESENTATION_CONTEXT('2D SPACE',''
  ) );
#8773 = PCURVE('',#8740,#8774);
#8774 = DEFINITIONAL_REPRESENTATION('',(#8775),#8779);
#8775 = LINE('',#8776,#8777);
#8776 = CARTESIAN_POINT('',(0.,-0.));
#8777 = VECTOR('',#8778,1.);
#8778 = DIRECTION('',(0.,1.));
#8779 = ( GEOMETRIC_REPRESENTATION_CONTEXT(2) 
PARAMETRIC_REPRESENTATION_CONTEXT() REPRESENTATION_CONTEXT('2D SPACE',''
  ) );
#8780 = ORIENTED_EDGE('',*,*,#8781,.T.);
#8781 = EDGE_CURVE('',#8759,#8759,#8782,.T.);
#8782 = SURFACE_CURVE('',#8783,(#8788,#8795),.PCURVE_S1.);
#8783 = CIRCLE('',#8784,1.9);
#8784 = AXIS2_PLACEMENT_3D('',#8785,#8786,#8787);
#8785 = CARTESIAN_POINT('',(0.,81.,0.));
#8786 = DIRECTION('',(0.,0.,1.));
#8787 = DIRECTION('',(1.,0.,-0.));
#8788 = PCURVE('',#8740,#8789);
#8789 = DEFINITIONAL_REPRESENTATION('',(#8790),#8794);
#8790 = LINE('',#8791,#8792);
#8791 = CARTESIAN_POINT('',(0.,0.));
#8792 = VECTOR('',#8793,1.);
#8793 = DIRECTION('',(1.,0.));
#8794 = ( GEOMETRIC_REPRESENTATION_CONTEXT(2) 
PARAMETRIC_REPRESENTATION_CONTEXT() REPRESENTATION_CONTEXT('2D SPACE',''
  ) );
#8795 = PCURVE('',#943,#8796);
#8796 = DEFINITIONAL_REPRESENTATION('',(#8797),#8801);
#8797 = CIRCLE('',#8798,1.9);
#8798 = AXIS2_PLACEMENT_2D('',#8799,#8800);
#8799 = CARTESIAN_POINT('',(9.,81.));
#8800 = DIRECTION('',(1.,0.));
#8801 = ( GEOMETRIC_REPRESENTATION_CONTEXT(2) 
PARAMETRIC_REPRESENTATION_CONTEXT() REPRESENTATION_CONTEXT('2D SPACE',''
  ) );
#8802 = ORIENTED_EDGE('',*,*,#8758,.T.);
#8803 = ADVANCED_FACE('',(#8804),#7865,.F.);
#8804 = FACE_BOUND('',#8805,.F.);
#8805 = EDGE_LOOP('',(#8806,#8807,#8808,#8809));
#8806 = ORIENTED_EDGE('',*,*,#8559,.F.);
#8807 = ORIENTED_EDGE('',*,*,#8675,.T.);
#8808 = ORIENTED_EDGE('',*,*,#7849,.T.);
#8809 = ORIENTED_EDGE('',*,*,#8810,.F.);
#8810 = EDGE_CURVE('',#8537,#7827,#8811,.T.);
#8811 = SURFACE_CURVE('',#8812,(#8817,#8824),.PCURVE_S1.);
#8812 = CIRCLE('',#8813,1.5);
#8813 = AXIS2_PLACEMENT_3D('',#8814,#8815,#8816);
#8814 = CARTESIAN_POINT('',(-2.5,78.,5.));
#8815 = DIRECTION('',(0.,0.,1.));
#8816 = DIRECTION('',(0.,-1.,0.));
#8817 = PCURVE('',#7865,#8818);
#8818 = DEFINITIONAL_REPRESENTATION('',(#8819),#8823);
#8819 = LINE('',#8820,#8821);
#8820 = CARTESIAN_POINT('',(-4.712388980385,2.));
#8821 = VECTOR('',#8822,1.);
#8822 = DIRECTION('',(1.,0.));
#8823 = ( GEOMETRIC_REPRESENTATION_CONTEXT(2) 
PARAMETRIC_REPRESENTATION_CONTEXT() REPRESENTATION_CONTEXT('2D SPACE',''
  ) );
#8824 = PCURVE('',#296,#8825);
#8825 = DEFINITIONAL_REPRESENTATION('',(#8826),#8830);
#8826 = CIRCLE('',#8827,1.5);
#8827 = AXIS2_PLACEMENT_2D('',#8828,#8829);
#8828 = CARTESIAN_POINT('',(2.,-6.5));
#8829 = DIRECTION('',(-1.,0.));
#8830 = ( GEOMETRIC_REPRESENTATION_CONTEXT(2) 
PARAMETRIC_REPRESENTATION_CONTEXT() REPRESENTATION_CONTEXT('2D SPACE',''
  ) );
#8831 = ADVANCED_FACE('',(#8832),#7202,.T.);
#8832 = FACE_BOUND('',#8833,.T.);
#8833 = EDGE_LOOP('',(#8834,#8855,#8856,#8857));
#8834 = ORIENTED_EDGE('',*,*,#8835,.F.);
#8835 = EDGE_CURVE('',#7159,#7781,#8836,.T.);
#8836 = SURFACE_CURVE('',#8837,(#8841,#8848),.PCURVE_S1.);
#8837 = LINE('',#8838,#8839);
#8838 = CARTESIAN_POINT('',(-4.5,76.5,2.));
#8839 = VECTOR('',#8840,1.);
#8840 = DIRECTION('',(0.,1.,0.));
#8841 = PCURVE('',#7202,#8842);
#8842 = DEFINITIONAL_REPRESENTATION('',(#8843),#8847);
#8843 = LINE('',#8844,#8845);
#8844 = CARTESIAN_POINT('',(0.,0.));
#8845 = VECTOR('',#8846,1.);
#8846 = DIRECTION('',(0.,1.));
#8847 = ( GEOMETRIC_REPRESENTATION_CONTEXT(2) 
PARAMETRIC_REPRESENTATION_CONTEXT() REPRESENTATION_CONTEXT('2D SPACE',''
  ) );
#8848 = PCURVE('',#7174,#8849);
#8849 = DEFINITIONAL_REPRESENTATION('',(#8850),#8854);
#8850 = LINE('',#8851,#8852);
#8851 = CARTESIAN_POINT('',(0.,0.));
#8852 = VECTOR('',#8853,1.);
#8853 = DIRECTION('',(0.,-1.));
#8854 = ( GEOMETRIC_REPRESENTATION_CONTEXT(2) 
PARAMETRIC_REPRESENTATION_CONTEXT() REPRESENTATION_CONTEXT('2D SPACE',''
  ) );
#8855 = ORIENTED_EDGE('',*,*,#7186,.T.);
#8856 = ORIENTED_EDGE('',*,*,#7703,.T.);
#8857 = ORIENTED_EDGE('',*,*,#7780,.F.);
#8858 = ADVANCED_FACE('',(#8859),#7174,.T.);
#8859 = FACE_BOUND('',#8860,.T.);
#8860 = EDGE_LOOP('',(#8861,#8862,#8863,#8864,#8887));
#8861 = ORIENTED_EDGE('',*,*,#7158,.F.);
#8862 = ORIENTED_EDGE('',*,*,#8835,.T.);
#8863 = ORIENTED_EDGE('',*,*,#7803,.T.);
#8864 = ORIENTED_EDGE('',*,*,#8865,.F.);
#8865 = EDGE_CURVE('',#8866,#7804,#8868,.T.);
#8866 = VERTEX_POINT('',#8867);
#8867 = CARTESIAN_POINT('',(-4.5,76.563508326896,5.));
#8868 = SURFACE_CURVE('',#8869,(#8873,#8880),.PCURVE_S1.);
#8869 = LINE('',#8870,#8871);
#8870 = CARTESIAN_POINT('',(-4.5,76.5,5.));
#8871 = VECTOR('',#8872,1.);
#8872 = DIRECTION('',(0.,1.,0.));
#8873 = PCURVE('',#7174,#8874);
#8874 = DEFINITIONAL_REPRESENTATION('',(#8875),#8879);
#8875 = LINE('',#8876,#8877);
#8876 = CARTESIAN_POINT('',(3.,0.));
#8877 = VECTOR('',#8878,1.);
#8878 = DIRECTION('',(0.,-1.));
#8879 = ( GEOMETRIC_REPRESENTATION_CONTEXT(2) 
PARAMETRIC_REPRESENTATION_CONTEXT() REPRESENTATION_CONTEXT('2D SPACE',''
  ) );
#8880 = PCURVE('',#296,#8881);
#8881 = DEFINITIONAL_REPRESENTATION('',(#8882),#8886);
#8882 = LINE('',#8883,#8884);
#8883 = CARTESIAN_POINT('',(0.5,-4.5));
#8884 = VECTOR('',#8885,1.);
#8885 = DIRECTION('',(1.,0.));
#8886 = ( GEOMETRIC_REPRESENTATION_CONTEXT(2) 
PARAMETRIC_REPRESENTATION_CONTEXT() REPRESENTATION_CONTEXT('2D SPACE',''
  ) );
#8887 = ORIENTED_EDGE('',*,*,#8888,.F.);
#8888 = EDGE_CURVE('',#7131,#8866,#8889,.T.);
#8889 = SURFACE_CURVE('',#8890,(#8894,#8901),.PCURVE_S1.);
#8890 = LINE('',#8891,#8892);
#8891 = CARTESIAN_POINT('',(-4.5,76.5,5.));
#8892 = VECTOR('',#8893,1.);
#8893 = DIRECTION('',(0.,1.,0.));
#8894 = PCURVE('',#7174,#8895);
#8895 = DEFINITIONAL_REPRESENTATION('',(#8896),#8900);
#8896 = LINE('',#8897,#8898);
#8897 = CARTESIAN_POINT('',(3.,0.));
#8898 = VECTOR('',#8899,1.);
#8899 = DIRECTION('',(0.,-1.));
#8900 = ( GEOMETRIC_REPRESENTATION_CONTEXT(2) 
PARAMETRIC_REPRESENTATION_CONTEXT() REPRESENTATION_CONTEXT('2D SPACE',''
  ) );
#8901 = PCURVE('',#7146,#8902);
#8902 = DEFINITIONAL_REPRESENTATION('',(#8903),#8907);
#8903 = LINE('',#8904,#8905);
#8904 = CARTESIAN_POINT('',(0.,0.));
#8905 = VECTOR('',#8906,1.);
#8906 = DIRECTION('',(0.,1.));
#8907 = ( GEOMETRIC_REPRESENTATION_CONTEXT(2) 
PARAMETRIC_REPRESENTATION_CONTEXT() REPRESENTATION_CONTEXT('2D SPACE',''
  ) );
#8908 = ADVANCED_FACE('',(#8909),#7146,.F.);
#8909 = FACE_BOUND('',#8910,.F.);
#8910 = EDGE_LOOP('',(#8911,#8912,#8913));
#8911 = ORIENTED_EDGE('',*,*,#8888,.F.);
#8912 = ORIENTED_EDGE('',*,*,#7130,.T.);
#8913 = ORIENTED_EDGE('',*,*,#8914,.T.);
#8914 = EDGE_CURVE('',#7103,#8866,#8915,.T.);
#8915 = SURFACE_CURVE('',#8916,(#8921,#8932),.PCURVE_S1.);
#8916 = CIRCLE('',#8917,2.);
#8917 = AXIS2_PLACEMENT_3D('',#8918,#8919,#8920);
#8918 = CARTESIAN_POINT('',(-4.,78.5,5.));
#8919 = DIRECTION('',(0.,0.,-1.));
#8920 = DIRECTION('',(0.,1.,0.));
#8921 = PCURVE('',#7146,#8922);
#8922 = DEFINITIONAL_REPRESENTATION('',(#8923),#8931);
#8923 = ( BOUNDED_CURVE() B_SPLINE_CURVE(2,(#8924,#8925,#8926,#8927,
#8928,#8929,#8930),.UNSPECIFIED.,.T.,.F.) B_SPLINE_CURVE_WITH_KNOTS((1,2
    ,2,2,2,1),(-2.094395102393,0.,2.094395102393,4.188790204786,
6.28318530718,8.377580409573),.UNSPECIFIED.) CURVE() 
GEOMETRIC_REPRESENTATION_ITEM() RATIONAL_B_SPLINE_CURVE((1.,0.5,1.,0.5,
1.,0.5,1.)) REPRESENTATION_ITEM('') );
#8924 = CARTESIAN_POINT('',(0.5,4.));
#8925 = CARTESIAN_POINT('',(3.964101615138,4.));
#8926 = CARTESIAN_POINT('',(2.232050807569,1.));
#8927 = CARTESIAN_POINT('',(0.5,-2.));
#8928 = CARTESIAN_POINT('',(-1.232050807569,1.));
#8929 = CARTESIAN_POINT('',(-2.964101615138,4.));
#8930 = CARTESIAN_POINT('',(0.5,4.));
#8931 = ( GEOMETRIC_REPRESENTATION_CONTEXT(2) 
PARAMETRIC_REPRESENTATION_CONTEXT() REPRESENTATION_CONTEXT('2D SPACE',''
  ) );
#8932 = PCURVE('',#7118,#8933);
#8933 = DEFINITIONAL_REPRESENTATION('',(#8934),#8938);
#8934 = LINE('',#8935,#8936);
#8935 = CARTESIAN_POINT('',(-3.14159265359,11.));
#8936 = VECTOR('',#8937,1.);
#8937 = DIRECTION('',(1.,0.));
#8938 = ( GEOMETRIC_REPRESENTATION_CONTEXT(2) 
PARAMETRIC_REPRESENTATION_CONTEXT() REPRESENTATION_CONTEXT('2D SPACE',''
  ) );
#8939 = ADVANCED_FACE('',(#8940),#7118,.F.);
#8940 = FACE_BOUND('',#8941,.F.);
#8941 = EDGE_LOOP('',(#8942,#8943,#9022,#9050,#9076));
#8942 = ORIENTED_EDGE('',*,*,#7102,.F.);
#8943 = ORIENTED_EDGE('',*,*,#8944,.F.);
#8944 = EDGE_CURVE('',#8945,#6926,#8947,.T.);
#8945 = VERTEX_POINT('',#8946);
#8946 = CARTESIAN_POINT('',(-6.,78.5,10.391695402641));
#8947 = SURFACE_CURVE('',#8948,(#8969,#9015),.PCURVE_S1.);
#8948 = ( BOUNDED_CURVE() B_SPLINE_CURVE(10,(#8949,#8950,#8951,#8952,
    #8953,#8954,#8955,#8956,#8957,#8958,#8959,#8960,#8961,#8962,#8963,
    #8964,#8965,#8966,#8967,#8968),.UNSPECIFIED.,.F.,.F.) 
B_SPLINE_CURVE_WITH_KNOTS((11,9,11),(6.149827584157,6.997742722686,
12.849873356838),.UNSPECIFIED.) CURVE() GEOMETRIC_REPRESENTATION_ITEM() 
RATIONAL_B_SPLINE_CURVE((1.,1.,1.,1.,1.,1.,1.,1.,1.,1.,1.,1.,1.,1.,1.,1.
,1.,1.,1.,1.)) REPRESENTATION_ITEM('') );
#8949 = CARTESIAN_POINT('',(-6.,78.5,10.391695402641));
#8950 = CARTESIAN_POINT('',(-6.,78.462294040934,10.495386790073));
#8951 = CARTESIAN_POINT('',(-5.9992095127,78.424586046074,
    10.599086082244));
#8952 = CARTESIAN_POINT('',(-5.997631257849,78.38688655917,
    10.702758861512));
#8953 = CARTESIAN_POINT('',(-5.995260080507,78.34918424228,
    10.806458788731));
#8954 = CARTESIAN_POINT('',(-5.992093746557,78.311482947856,
    10.910175259321));
#8955 = CARTESIAN_POINT('',(-5.988131486192,78.273795282017,
    11.0138638904));
#8956 = CARTESIAN_POINT('',(-5.983368051061,78.236121425196,
    11.117536330054));
#8957 = CARTESIAN_POINT('',(-5.977791050729,78.198441976319,
    11.221285879942));
#8958 = CARTESIAN_POINT('',(-5.971389334127,78.160753586712,
    11.325125422293));
#8959 = CARTESIAN_POINT('',(-5.914424138684,77.863824642599,
    12.142081183726));
#8960 = CARTESIAN_POINT('',(-5.825716787264,77.606574903066,
    12.849692383291));
#8961 = CARTESIAN_POINT('',(-5.696163224404,77.359558242029,
    13.529024891632));
#8962 = CARTESIAN_POINT('',(-5.530308420706,77.132546507883,
    14.152861315664));
#8963 = CARTESIAN_POINT('',(-5.323789748014,76.927070067962,
    14.71876519643));
#8964 = CARTESIAN_POINT('',(-5.091139661403,76.762256006604,
    15.170714198949));
#8965 = CARTESIAN_POINT('',(-4.833445625494,76.627412772033,
    15.542591821879));
#8966 = CARTESIAN_POINT('',(-4.552881386198,76.54251946188,
    15.775212788329));
#8967 = CARTESIAN_POINT('',(-4.276730616502,76.5,15.89169540264));
#8968 = CARTESIAN_POINT('',(-4.,76.5,15.891695402641));
#8969 = PCURVE('',#7118,#8970);
#8970 = DEFINITIONAL_REPRESENTATION('',(#8971),#9014);
#8971 = B_SPLINE_CURVE_WITH_KNOTS('',11,(#8972,#8973,#8974,#8975,#8976,
    #8977,#8978,#8979,#8980,#8981,#8982,#8983,#8984,#8985,#8986,#8987,
    #8988,#8989,#8990,#8991,#8992,#8993,#8994,#8995,#8996,#8997,#8998,
    #8999,#9000,#9001,#9002,#9003,#9004,#9005,#9006,#9007,#9008,#9009,
    #9010,#9011,#9012,#9013),.UNSPECIFIED.,.F.,.F.,(12,10,10,10,12),(
    6.149827584157,6.987333305742,7.824839027327,9.499850470497,
    12.849873356838),.UNSPECIFIED.);
#8972 = CARTESIAN_POINT('',(1.570796326795,5.608304597359));
#8973 = CARTESIAN_POINT('',(1.553867662045,5.515196941237));
#8974 = CARTESIAN_POINT('',(1.53693815153,5.422082980073));
#8975 = CARTESIAN_POINT('',(1.520005092163,5.328986820027));
#8976 = CARTESIAN_POINT('',(1.503058897562,5.235879244478));
#8977 = CARTESIAN_POINT('',(1.486092922843,5.142755803859));
#8978 = CARTESIAN_POINT('',(1.46910378525,5.049637760625));
#8979 = CARTESIAN_POINT('',(1.452087134861,4.956537072342));
#8980 = CARTESIAN_POINT('',(1.435033828896,4.863426592815));
#8981 = CARTESIAN_POINT('',(1.417931463954,4.770256674702));
#8982 = CARTESIAN_POINT('',(1.400776219755,4.677059353646));
#8983 = CARTESIAN_POINT('',(1.366423717347,4.49130323983));
#8984 = CARTESIAN_POINT('',(1.349221263108,4.398694188568));
#8985 = CARTESIAN_POINT('',(1.331919582114,4.305682483319));
#8986 = CARTESIAN_POINT('',(1.314694456756,4.214005186948));
#8987 = CARTESIAN_POINT('',(1.297251586044,4.12084535352));
#8988 = CARTESIAN_POINT('',(1.279967360748,4.029883533684));
#8989 = CARTESIAN_POINT('',(1.262484951325,3.937697034796));
#8990 = CARTESIAN_POINT('',(1.245062938524,3.846826015239));
#8991 = CARTESIAN_POINT('',(1.22756676055,3.756002226662));
#8992 = CARTESIAN_POINT('',(1.210047801136,3.665759465527));
#8993 = CARTESIAN_POINT('',(1.157390317643,3.396570973408));
#8994 = CARTESIAN_POINT('',(1.122156889618,3.21921856359));
#8995 = CARTESIAN_POINT('',(1.086802341615,3.044338133858));
#8996 = CARTESIAN_POINT('',(1.05133316826,2.872292046406));
#8997 = CARTESIAN_POINT('',(1.015755238767,2.703438615914));
#8998 = CARTESIAN_POINT('',(0.980073995936,2.53813109497));
#8999 = CARTESIAN_POINT('',(0.944294655174,2.376716659521));
#9000 = CARTESIAN_POINT('',(0.908422403486,2.219535394294));
#9001 = CARTESIAN_POINT('',(0.872462598504,2.06691927825));
#9002 = CARTESIAN_POINT('',(0.836420967477,1.919191170004));
#9003 = CARTESIAN_POINT('',(0.728069483914,1.491609039817));
#9004 = CARTESIAN_POINT('',(0.655530049887,1.227369984179));
#9005 = CARTESIAN_POINT('',(0.582737161209,0.986325677717));
#9006 = CARTESIAN_POINT('',(0.50971970839,0.770953570752));
#9007 = CARTESIAN_POINT('',(0.436524075382,0.583131544557));
#9008 = CARTESIAN_POINT('',(0.363197529276,0.424574266476));
#9009 = CARTESIAN_POINT('',(0.289825488463,0.297070011374));
#9010 = CARTESIAN_POINT('',(0.21661930467,0.202007979059));
#9011 = CARTESIAN_POINT('',(0.143937080978,0.139510023656));
#9012 = CARTESIAN_POINT('',(7.200593460489E-02,0.108304597359));
#9013 = CARTESIAN_POINT('',(0.,0.108304597359));
#9014 = ( GEOMETRIC_REPRESENTATION_CONTEXT(2) 
PARAMETRIC_REPRESENTATION_CONTEXT() REPRESENTATION_CONTEXT('2D SPACE',''
  ) );
#9015 = PCURVE('',#7003,#9016);
#9016 = DEFINITIONAL_REPRESENTATION('',(#9017),#9021);
#9017 = LINE('',#9018,#9019);
#9018 = CARTESIAN_POINT('',(0.,0.));
#9019 = VECTOR('',#9020,1.);
#9020 = DIRECTION('',(0.,1.));
#9021 = ( GEOMETRIC_REPRESENTATION_CONTEXT(2) 
PARAMETRIC_REPRESENTATION_CONTEXT() REPRESENTATION_CONTEXT('2D SPACE',''
  ) );
#9022 = ORIENTED_EDGE('',*,*,#9023,.T.);
#9023 = EDGE_CURVE('',#8945,#9024,#9026,.T.);
#9024 = VERTEX_POINT('',#9025);
#9025 = CARTESIAN_POINT('',(-6.,78.5,5.));
#9026 = SURFACE_CURVE('',#9027,(#9031,#9038),.PCURVE_S1.);
#9027 = LINE('',#9028,#9029);
#9028 = CARTESIAN_POINT('',(-6.,78.5,16.));
#9029 = VECTOR('',#9030,1.);
#9030 = DIRECTION('',(0.,0.,-1.));
#9031 = PCURVE('',#7118,#9032);
#9032 = DEFINITIONAL_REPRESENTATION('',(#9033),#9037);
#9033 = LINE('',#9034,#9035);
#9034 = CARTESIAN_POINT('',(1.570796326795,0.));
#9035 = VECTOR('',#9036,1.);
#9036 = DIRECTION('',(0.,1.));
#9037 = ( GEOMETRIC_REPRESENTATION_CONTEXT(2) 
PARAMETRIC_REPRESENTATION_CONTEXT() REPRESENTATION_CONTEXT('2D SPACE',''
  ) );
#9038 = PCURVE('',#9039,#9044);
#9039 = PLANE('',#9040);
#9040 = AXIS2_PLACEMENT_3D('',#9041,#9042,#9043);
#9041 = CARTESIAN_POINT('',(-6.,78.142849465645,8.520761493399));
#9042 = DIRECTION('',(1.,0.,0.));
#9043 = DIRECTION('',(-0.,0.,1.));
#9044 = DEFINITIONAL_REPRESENTATION('',(#9045),#9049);
#9045 = LINE('',#9046,#9047);
#9046 = CARTESIAN_POINT('',(7.479238506601,-0.357150534355));
#9047 = VECTOR('',#9048,1.);
#9048 = DIRECTION('',(-1.,0.));
#9049 = ( GEOMETRIC_REPRESENTATION_CONTEXT(2) 
PARAMETRIC_REPRESENTATION_CONTEXT() REPRESENTATION_CONTEXT('2D SPACE',''
  ) );
#9050 = ORIENTED_EDGE('',*,*,#9051,.F.);
#9051 = EDGE_CURVE('',#8866,#9024,#9052,.T.);
#9052 = SURFACE_CURVE('',#9053,(#9058,#9065),.PCURVE_S1.);
#9053 = CIRCLE('',#9054,2.);
#9054 = AXIS2_PLACEMENT_3D('',#9055,#9056,#9057);
#9055 = CARTESIAN_POINT('',(-4.,78.5,5.));
#9056 = DIRECTION('',(0.,0.,-1.));
#9057 = DIRECTION('',(0.,1.,0.));
#9058 = PCURVE('',#7118,#9059);
#9059 = DEFINITIONAL_REPRESENTATION('',(#9060),#9064);
#9060 = LINE('',#9061,#9062);
#9061 = CARTESIAN_POINT('',(-3.14159265359,11.));
#9062 = VECTOR('',#9063,1.);
#9063 = DIRECTION('',(1.,0.));
#9064 = ( GEOMETRIC_REPRESENTATION_CONTEXT(2) 
PARAMETRIC_REPRESENTATION_CONTEXT() REPRESENTATION_CONTEXT('2D SPACE',''
  ) );
#9065 = PCURVE('',#296,#9066);
#9066 = DEFINITIONAL_REPRESENTATION('',(#9067),#9075);
#9067 = ( BOUNDED_CURVE() B_SPLINE_CURVE(2,(#9068,#9069,#9070,#9071,
#9072,#9073,#9074),.UNSPECIFIED.,.T.,.F.) B_SPLINE_CURVE_WITH_KNOTS((1,2
    ,2,2,2,1),(-2.094395102393,0.,2.094395102393,4.188790204786,
6.28318530718,8.377580409573),.UNSPECIFIED.) CURVE() 
GEOMETRIC_REPRESENTATION_ITEM() RATIONAL_B_SPLINE_CURVE((1.,0.5,1.,0.5,
1.,0.5,1.)) REPRESENTATION_ITEM('') );
#9068 = CARTESIAN_POINT('',(4.5,-5.));
#9069 = CARTESIAN_POINT('',(4.5,-8.464101615138));
#9070 = CARTESIAN_POINT('',(1.5,-6.732050807569));
#9071 = CARTESIAN_POINT('',(-1.5,-5.));
#9072 = CARTESIAN_POINT('',(1.5,-3.267949192431));
#9073 = CARTESIAN_POINT('',(4.5,-1.535898384862));
#9074 = CARTESIAN_POINT('',(4.5,-5.));
#9075 = ( GEOMETRIC_REPRESENTATION_CONTEXT(2) 
PARAMETRIC_REPRESENTATION_CONTEXT() REPRESENTATION_CONTEXT('2D SPACE',''
  ) );
#9076 = ORIENTED_EDGE('',*,*,#8914,.F.);
#9077 = ADVANCED_FACE('',(#9078),#9039,.T.);
#9078 = FACE_BOUND('',#9079,.T.);
#9079 = EDGE_LOOP('',(#9080,#9081,#9104));
#9080 = ORIENTED_EDGE('',*,*,#9023,.T.);
#9081 = ORIENTED_EDGE('',*,*,#9082,.F.);
#9082 = EDGE_CURVE('',#9083,#9024,#9085,.T.);
#9083 = VERTEX_POINT('',#9084);
#9084 = CARTESIAN_POINT('',(-6.,80.950770637564,5.));
#9085 = SURFACE_CURVE('',#9086,(#9090,#9097),.PCURVE_S1.);
#9086 = LINE('',#9087,#9088);
#9087 = CARTESIAN_POINT('',(-6.,77.071424732823,5.));
#9088 = VECTOR('',#9089,1.);
#9089 = DIRECTION('',(0.,-1.,0.));
#9090 = PCURVE('',#9039,#9091);
#9091 = DEFINITIONAL_REPRESENTATION('',(#9092),#9096);
#9092 = LINE('',#9093,#9094);
#9093 = CARTESIAN_POINT('',(-3.520761493399,1.071424732823));
#9094 = VECTOR('',#9095,1.);
#9095 = DIRECTION('',(0.,1.));
#9096 = ( GEOMETRIC_REPRESENTATION_CONTEXT(2) 
PARAMETRIC_REPRESENTATION_CONTEXT() REPRESENTATION_CONTEXT('2D SPACE',''
  ) );
#9097 = PCURVE('',#296,#9098);
#9098 = DEFINITIONAL_REPRESENTATION('',(#9099),#9103);
#9099 = LINE('',#9100,#9101);
#9100 = CARTESIAN_POINT('',(1.071424732823,-3.));
#9101 = VECTOR('',#9102,1.);
#9102 = DIRECTION('',(-1.,0.));
#9103 = ( GEOMETRIC_REPRESENTATION_CONTEXT(2) 
PARAMETRIC_REPRESENTATION_CONTEXT() REPRESENTATION_CONTEXT('2D SPACE',''
  ) );
#9104 = ORIENTED_EDGE('',*,*,#9105,.T.);
#9105 = EDGE_CURVE('',#9083,#8945,#9106,.T.);
#9106 = SURFACE_CURVE('',#9107,(#9111,#9118),.PCURVE_S1.);
#9107 = LINE('',#9108,#9109);
#9108 = CARTESIAN_POINT('',(-6.,81.044816761269,4.793098527849));
#9109 = VECTOR('',#9110,1.);
#9110 = DIRECTION('',(0.,-0.413802944301,0.910366477463));
#9111 = PCURVE('',#9039,#9112);
#9112 = DEFINITIONAL_REPRESENTATION('',(#9113),#9117);
#9113 = LINE('',#9114,#9115);
#9114 = CARTESIAN_POINT('',(-3.727662965549,-2.901967295624));
#9115 = VECTOR('',#9116,1.);
#9116 = DIRECTION('',(0.910366477463,0.413802944301));
#9117 = ( GEOMETRIC_REPRESENTATION_CONTEXT(2) 
PARAMETRIC_REPRESENTATION_CONTEXT() REPRESENTATION_CONTEXT('2D SPACE',''
  ) );
#9118 = PCURVE('',#9119,#9124);
#9119 = CYLINDRICAL_SURFACE('',#9120,0.5);
#9120 = AXIS2_PLACEMENT_3D('',#9121,#9122,#9123);
#9121 = CARTESIAN_POINT('',(-6.5,81.044816761269,4.793098527849));
#9122 = DIRECTION('',(0.,-0.413802944301,0.910366477463));
#9123 = DIRECTION('',(1.,0.,0.));
#9124 = DEFINITIONAL_REPRESENTATION('',(#9125),#9129);
#9125 = LINE('',#9126,#9127);
#9126 = CARTESIAN_POINT('',(0.,0.));
#9127 = VECTOR('',#9128,1.);
#9128 = DIRECTION('',(0.,1.));
#9129 = ( GEOMETRIC_REPRESENTATION_CONTEXT(2) 
PARAMETRIC_REPRESENTATION_CONTEXT() REPRESENTATION_CONTEXT('2D SPACE',''
  ) );
#9130 = ADVANCED_FACE('',(#9131),#9119,.T.);
#9131 = FACE_BOUND('',#9132,.T.);
#9132 = EDGE_LOOP('',(#9133,#9160,#9183,#9212));
#9133 = ORIENTED_EDGE('',*,*,#9134,.T.);
#9134 = EDGE_CURVE('',#9083,#9135,#9137,.T.);
#9135 = VERTEX_POINT('',#9136);
#9136 = CARTESIAN_POINT('',(-6.5,81.5,5.));
#9137 = SURFACE_CURVE('',#9138,(#9143,#9153),.PCURVE_S1.);
#9138 = ELLIPSE('',#9139,0.549229362436,0.5);
#9139 = AXIS2_PLACEMENT_3D('',#9140,#9141,#9142);
#9140 = CARTESIAN_POINT('',(-6.5,80.950770637564,5.));
#9141 = DIRECTION('',(0.,0.,1.));
#9142 = DIRECTION('',(0.,-1.,0.));
#9143 = PCURVE('',#9119,#9144);
#9144 = DEFINITIONAL_REPRESENTATION('',(#9145),#9152);
#9145 = B_SPLINE_CURVE_WITH_KNOTS('',5,(#9146,#9147,#9148,#9149,#9150,
    #9151),.UNSPECIFIED.,.F.,.F.,(6,6),(1.570796326795,3.14159265359),
  .PIECEWISE_BEZIER_KNOTS.);
#9146 = CARTESIAN_POINT('',(2.84217094304E-14,0.227272727273));
#9147 = CARTESIAN_POINT('',(0.314159265359,0.155872894237));
#9148 = CARTESIAN_POINT('',(0.628316541748,8.44092101216E-02));
#9149 = CARTESIAN_POINT('',(0.942483266895,2.796013125288E-02));
#9150 = CARTESIAN_POINT('',(1.256637061436,1.214306433184E-16));
#9151 = CARTESIAN_POINT('',(1.570796326795,0.));
#9152 = ( GEOMETRIC_REPRESENTATION_CONTEXT(2) 
PARAMETRIC_REPRESENTATION_CONTEXT() REPRESENTATION_CONTEXT('2D SPACE',''
  ) );
#9153 = PCURVE('',#296,#9154);
#9154 = DEFINITIONAL_REPRESENTATION('',(#9155),#9159);
#9155 = ELLIPSE('',#9156,0.549229362436,0.5);
#9156 = AXIS2_PLACEMENT_2D('',#9157,#9158);
#9157 = CARTESIAN_POINT('',(4.950770637564,-2.5));
#9158 = DIRECTION('',(-1.,0.));
#9159 = ( GEOMETRIC_REPRESENTATION_CONTEXT(2) 
PARAMETRIC_REPRESENTATION_CONTEXT() REPRESENTATION_CONTEXT('2D SPACE',''
  ) );
#9160 = ORIENTED_EDGE('',*,*,#9161,.T.);
#9161 = EDGE_CURVE('',#9135,#9162,#9164,.T.);
#9162 = VERTEX_POINT('',#9163);
#9163 = CARTESIAN_POINT('',(-6.5,78.955183238731,10.598596874791));
#9164 = SURFACE_CURVE('',#9165,(#9169,#9176),.PCURVE_S1.);
#9165 = LINE('',#9166,#9167);
#9166 = CARTESIAN_POINT('',(-6.5,81.5,5.));
#9167 = VECTOR('',#9168,1.);
#9168 = DIRECTION('',(0.,-0.413802944301,0.910366477463));
#9169 = PCURVE('',#9119,#9170);
#9170 = DEFINITIONAL_REPRESENTATION('',(#9171),#9175);
#9171 = LINE('',#9172,#9173);
#9172 = CARTESIAN_POINT('',(1.570796326795,0.));
#9173 = VECTOR('',#9174,1.);
#9174 = DIRECTION('',(0.,1.));
#9175 = ( GEOMETRIC_REPRESENTATION_CONTEXT(2) 
PARAMETRIC_REPRESENTATION_CONTEXT() REPRESENTATION_CONTEXT('2D SPACE',''
  ) );
#9176 = PCURVE('',#6913,#9177);
#9177 = DEFINITIONAL_REPRESENTATION('',(#9178),#9182);
#9178 = LINE('',#9179,#9180);
#9179 = CARTESIAN_POINT('',(0.,-2.5));
#9180 = VECTOR('',#9181,1.);
#9181 = DIRECTION('',(1.,0.));
#9182 = ( GEOMETRIC_REPRESENTATION_CONTEXT(2) 
PARAMETRIC_REPRESENTATION_CONTEXT() REPRESENTATION_CONTEXT('2D SPACE',''
  ) );
#9183 = ORIENTED_EDGE('',*,*,#9184,.F.);
#9184 = EDGE_CURVE('',#8945,#9162,#9185,.T.);
#9185 = SURFACE_CURVE('',#9186,(#9191,#9198),.PCURVE_S1.);
#9186 = CIRCLE('',#9187,0.5);
#9187 = AXIS2_PLACEMENT_3D('',#9188,#9189,#9190);
#9188 = CARTESIAN_POINT('',(-6.5,78.5,10.391695402641));
#9189 = DIRECTION('',(0.,-0.413802944301,0.910366477463));
#9190 = DIRECTION('',(1.,0.,0.));
#9191 = PCURVE('',#9119,#9192);
#9192 = DEFINITIONAL_REPRESENTATION('',(#9193),#9197);
#9193 = LINE('',#9194,#9195);
#9194 = CARTESIAN_POINT('',(0.,6.149827584157));
#9195 = VECTOR('',#9196,1.);
#9196 = DIRECTION('',(1.,0.));
#9197 = ( GEOMETRIC_REPRESENTATION_CONTEXT(2) 
PARAMETRIC_REPRESENTATION_CONTEXT() REPRESENTATION_CONTEXT('2D SPACE',''
  ) );
#9198 = PCURVE('',#7003,#9199);
#9199 = DEFINITIONAL_REPRESENTATION('',(#9200),#9211);
#9200 = B_SPLINE_CURVE_WITH_KNOTS('',9,(#9201,#9202,#9203,#9204,#9205,
    #9206,#9207,#9208,#9209,#9210),.UNSPECIFIED.,.F.,.F.,(10,10),(0.,
    1.570796326795),.PIECEWISE_BEZIER_KNOTS.);
#9201 = CARTESIAN_POINT('',(0.,6.149827584157));
#9202 = CARTESIAN_POINT('',(0.82687552912,6.149827584157));
#9203 = CARTESIAN_POINT('',(1.586501389152,6.149827584157));
#9204 = CARTESIAN_POINT('',(2.306464732188,6.149827584156));
#9205 = CARTESIAN_POINT('',(3.004448829447,6.149827584158));
#9206 = CARTESIAN_POINT('',(3.695596943234,6.149827584156));
#9207 = CARTESIAN_POINT('',(4.393581040495,6.149827584157));
#9208 = CARTESIAN_POINT('',(5.113544383529,6.149827584157));
#9209 = CARTESIAN_POINT('',(5.873170243561,6.149827584157));
#9210 = CARTESIAN_POINT('',(6.700045772681,6.149827584157));
#9211 = ( GEOMETRIC_REPRESENTATION_CONTEXT(2) 
PARAMETRIC_REPRESENTATION_CONTEXT() REPRESENTATION_CONTEXT('2D SPACE',''
  ) );
#9212 = ORIENTED_EDGE('',*,*,#9105,.F.);
#9213 = ADVANCED_FACE('',(#9214),#7003,.T.);
#9214 = FACE_BOUND('',#9215,.T.);
#9215 = EDGE_LOOP('',(#9216,#9217,#9272,#9273));
#9216 = ORIENTED_EDGE('',*,*,#9184,.T.);
#9217 = ORIENTED_EDGE('',*,*,#9218,.T.);
#9218 = EDGE_CURVE('',#9162,#6898,#9219,.T.);
#9219 = SURFACE_CURVE('',#9220,(#9241,#9248),.PCURVE_S1.);
#9220 = ( BOUNDED_CURVE() B_SPLINE_CURVE(10,(#9221,#9222,#9223,#9224,
    #9225,#9226,#9227,#9228,#9229,#9230,#9231,#9232,#9233,#9234,#9235,
    #9236,#9237,#9238,#9239,#9240),.UNSPECIFIED.,.F.,.F.) 
B_SPLINE_CURVE_WITH_KNOTS((11,9,11),(6.149827584157,6.997742722686,
12.849873356838),.UNSPECIFIED.) CURVE() GEOMETRIC_REPRESENTATION_ITEM() 
RATIONAL_B_SPLINE_CURVE((1.,1.,1.,1.,1.,1.,1.,1.,1.,1.,1.,1.,1.,1.,1.,1.
,1.,1.,1.,1.)) REPRESENTATION_ITEM('') );
#9221 = CARTESIAN_POINT('',(-6.5,78.955183238731,10.598596874791));
#9222 = CARTESIAN_POINT('',(-6.5,78.909664914858,10.698737187312));
#9223 = CARTESIAN_POINT('',(-6.499049370979,78.864150631071,
    10.798868611643));
#9224 = CARTESIAN_POINT('',(-6.497136637814,78.818620682635,
    10.899034498202));
#9225 = CARTESIAN_POINT('',(-6.494273742933,78.773111687755,
    10.999154286938));
#9226 = CARTESIAN_POINT('',(-6.49045901027,78.727597716219,
    11.099285024318));
#9227 = CARTESIAN_POINT('',(-6.485676519175,78.682069268509,
    11.199447609281));
#9228 = CARTESIAN_POINT('',(-6.479912291391,78.636625024339,
    11.299424946454));
#9229 = CARTESIAN_POINT('',(-6.473167694195,78.591391279534,
    11.398939185024));
#9230 = CARTESIAN_POINT('',(-6.465450462808,78.546083990202,
    11.498615221555));
#9231 = CARTESIAN_POINT('',(-6.396493789016,78.174260236926,
    12.316627478763));
#9232 = CARTESIAN_POINT('',(-6.287329647679,77.850555554624,
    13.028777779827));
#9233 = CARTESIAN_POINT('',(-6.127673184649,77.541020475026,
    13.709754954943));
#9234 = CARTESIAN_POINT('',(-5.918552783298,77.253541360397,
    14.342209007129));
#9235 = CARTESIAN_POINT('',(-5.6663813446,77.000887332613,14.89804786825
    ));
#9236 = CARTESIAN_POINT('',(-5.373563875832,76.786443344521,
    15.369824642054));
#9237 = CARTESIAN_POINT('',(-5.051647320569,76.624090392212,
    15.727001137133));
#9238 = CARTESIAN_POINT('',(-4.71076243163,76.51143891314,
    15.974834391091));
#9239 = CARTESIAN_POINT('',(-4.355270073297,76.455183238731,
    16.098596874791));
#9240 = CARTESIAN_POINT('',(-4.,76.455183238731,16.098596874791));
#9241 = PCURVE('',#7003,#9242);
#9242 = DEFINITIONAL_REPRESENTATION('',(#9243),#9247);
#9243 = LINE('',#9244,#9245);
#9244 = CARTESIAN_POINT('',(6.700045772681,0.));
#9245 = VECTOR('',#9246,1.);
#9246 = DIRECTION('',(0.,1.));
#9247 = ( GEOMETRIC_REPRESENTATION_CONTEXT(2) 
PARAMETRIC_REPRESENTATION_CONTEXT() REPRESENTATION_CONTEXT('2D SPACE',''
  ) );
#9248 = PCURVE('',#6913,#9249);
#9249 = DEFINITIONAL_REPRESENTATION('',(#9250),#9271);
#9250 = ( BOUNDED_CURVE() B_SPLINE_CURVE(10,(#9251,#9252,#9253,#9254,
    #9255,#9256,#9257,#9258,#9259,#9260,#9261,#9262,#9263,#9264,#9265,
    #9266,#9267,#9268,#9269,#9270),.UNSPECIFIED.,.F.,.F.) 
B_SPLINE_CURVE_WITH_KNOTS((11,9,11),(6.149827584157,6.997742722686,
12.849873356838),.UNSPECIFIED.) CURVE() GEOMETRIC_REPRESENTATION_ITEM() 
RATIONAL_B_SPLINE_CURVE((1.,1.,1.,1.,1.,1.,1.,1.,1.,1.,1.,1.,1.,1.,1.,1.
,1.,1.,1.,1.)) REPRESENTATION_ITEM('') );
#9251 = CARTESIAN_POINT('',(6.149827584157,-2.5));
#9252 = CARTESIAN_POINT('',(6.259827584157,-2.5));
#9253 = CARTESIAN_POINT('',(6.369817820847,-2.500950629021));
#9254 = CARTESIAN_POINT('',(6.479845912873,-2.502863362186));
#9255 = CARTESIAN_POINT('',(6.589823368342,-2.505726257067));
#9256 = CARTESIAN_POINT('',(6.699812850445,-2.50954098973));
#9257 = CARTESIAN_POINT('',(6.809837315802,-2.514323480825));
#9258 = CARTESIAN_POINT('',(6.91965829411,-2.520087708609));
#9259 = CARTESIAN_POINT('',(7.028970577717,-2.526832305805));
#9260 = CARTESIAN_POINT('',(7.138460589704,-2.534549537192));
#9261 = CARTESIAN_POINT('',(8.037013290687,-2.603506210984));
#9262 = CARTESIAN_POINT('',(8.819281002311,-2.712670352321));
#9263 = CARTESIAN_POINT('',(9.567306321756,-2.872326815351));
#9264 = CARTESIAN_POINT('',(10.26203099346,-3.081447216702));
#9265 = CARTESIAN_POINT('',(10.872597040083,-3.3336186554));
#9266 = CARTESIAN_POINT('',(11.390824353459,-3.626436124168));
#9267 = CARTESIAN_POINT('',(11.783167990798,-3.948352679431));
#9268 = CARTESIAN_POINT('',(12.055402590922,-4.28923756837));
#9269 = CARTESIAN_POINT('',(12.191350570954,-4.644729926703));
#9270 = CARTESIAN_POINT('',(12.191350570954,-5.));
#9271 = ( GEOMETRIC_REPRESENTATION_CONTEXT(2) 
PARAMETRIC_REPRESENTATION_CONTEXT() REPRESENTATION_CONTEXT('2D SPACE',''
  ) );
#9272 = ORIENTED_EDGE('',*,*,#6925,.F.);
#9273 = ORIENTED_EDGE('',*,*,#8944,.F.);
#9274 = ADVANCED_FACE('',(#9275),#6913,.F.);
#9275 = FACE_BOUND('',#9276,.F.);
#9276 = EDGE_LOOP('',(#9277,#9278,#9362,#9385,#9406,#9407));
#9277 = ORIENTED_EDGE('',*,*,#6897,.F.);
#9278 = ORIENTED_EDGE('',*,*,#9279,.T.);
#9279 = EDGE_CURVE('',#6869,#9280,#9282,.T.);
#9280 = VERTEX_POINT('',#9281);
#9281 = CARTESIAN_POINT('',(-8.2,76.526181759258,15.942400129632));
#9282 = SURFACE_CURVE('',#9283,(#9294,#9308),.PCURVE_S1.);
#9283 = B_SPLINE_CURVE_WITH_KNOTS('',9,(#9284,#9285,#9286,#9287,#9288,
    #9289,#9290,#9291,#9292,#9293),.UNSPECIFIED.,.F.,.F.,(10,10),(0.,1.)
  ,.PIECEWISE_BEZIER_KNOTS.);
#9284 = CARTESIAN_POINT('',(-7.8,76.5,16.));
#9285 = CARTESIAN_POINT('',(-8.010499134014,76.5,16.));
#9286 = CARTESIAN_POINT('',(-8.221000566923,76.515214217241,
    15.96652872207));
#9287 = CARTESIAN_POINT('',(-8.424148894494,76.547170339343,
    15.896225253445));
#9288 = CARTESIAN_POINT('',(-8.610094900966,76.596280889646,
    15.788182042779));
#9289 = CARTESIAN_POINT('',(-8.767326716806,76.661343877978,
    15.645043468448));
#9290 = CARTESIAN_POINT('',(-8.886007724225,76.738288882938,
    15.475764457537));
#9291 = CARTESIAN_POINT('',(-8.963233182725,76.822352259016,
    15.290825030165));
#9292 = CARTESIAN_POINT('',(-9.,76.909458371734,15.099191582186));
#9293 = CARTESIAN_POINT('',(-9.,76.996563533161,14.907560227045));
#9294 = PCURVE('',#6913,#9295);
#9295 = DEFINITIONAL_REPRESENTATION('',(#9296),#9307);
#9296 = B_SPLINE_CURVE_WITH_KNOTS('',9,(#9297,#9298,#9299,#9300,#9301,
    #9302,#9303,#9304,#9305,#9306),.UNSPECIFIED.,.F.,.F.,(10,10),(0.,1.)
  ,.PIECEWISE_BEZIER_KNOTS.);
#9297 = CARTESIAN_POINT('',(12.083045973595,-1.2));
#9298 = CARTESIAN_POINT('',(12.083045973595,-0.989500865986));
#9299 = CARTESIAN_POINT('',(12.046279156319,-0.778999433077));
#9300 = CARTESIAN_POINT('',(11.96905369782,-0.575851105506));
#9301 = CARTESIAN_POINT('',(11.850372690401,-0.389905099034));
#9302 = CARTESIAN_POINT('',(11.693140874561,-0.232673283194));
#9303 = CARTESIAN_POINT('',(11.507194868088,-0.113992275775));
#9304 = CARTESIAN_POINT('',(11.304046540518,-3.676681727517E-02));
#9305 = CARTESIAN_POINT('',(11.093545107609,0.));
#9306 = CARTESIAN_POINT('',(10.883045973595,0.));
#9307 = ( GEOMETRIC_REPRESENTATION_CONTEXT(2) 
PARAMETRIC_REPRESENTATION_CONTEXT() REPRESENTATION_CONTEXT('2D SPACE',''
  ) );
#9308 = PCURVE('',#1881,#9309);
#9309 = DEFINITIONAL_REPRESENTATION('',(#9310),#9361);
#9310 = B_SPLINE_CURVE_WITH_KNOTS('',9,(#9311,#9312,#9313,#9314,#9315,
    #9316,#9317,#9318,#9319,#9320,#9321,#9322,#9323,#9324,#9325,#9326,
    #9327,#9328,#9329,#9330,#9331,#9332,#9333,#9334,#9335,#9336,#9337,
    #9338,#9339,#9340,#9341,#9342,#9343,#9344,#9345,#9346,#9347,#9348,
    #9349,#9350,#9351,#9352,#9353,#9354,#9355,#9356,#9357,#9358,#9359,
    #9360),.UNSPECIFIED.,.F.,.F.,(10,8,8,8,8,8,10),(0.,6.25E-02,0.125,
    0.25,0.5,0.75,1.),.UNSPECIFIED.);
#9311 = CARTESIAN_POINT('',(0.170309150164,0.818405943395));
#9312 = CARTESIAN_POINT('',(0.168985949861,0.811057031486));
#9313 = CARTESIAN_POINT('',(0.168273010634,0.806328296439));
#9314 = CARTESIAN_POINT('',(0.168083358134,0.805363890135));
#9315 = CARTESIAN_POINT('',(0.167033205155,0.79787032416));
#9316 = CARTESIAN_POINT('',(0.167873370215,0.80370596725));
#9317 = CARTESIAN_POINT('',(0.165704041562,0.789989453915));
#9318 = CARTESIAN_POINT('',(0.164954501976,0.782209329342));
#9319 = CARTESIAN_POINT('',(0.164037881196,0.772881413819));
#9320 = CARTESIAN_POINT('',(0.162662615439,0.755698397048));
#9321 = CARTESIAN_POINT('',(0.162136888376,0.747541594069));
#9322 = CARTESIAN_POINT('',(0.161733866238,0.739202325479));
#9323 = CARTESIAN_POINT('',(0.161442350338,0.730476516432));
#9324 = CARTESIAN_POINT('',(0.161269118582,0.721430922097));
#9325 = CARTESIAN_POINT('',(0.16122889985,0.7122608615));
#9326 = CARTESIAN_POINT('',(0.161334348382,0.703147951375));
#9327 = CARTESIAN_POINT('',(0.161586018165,0.694117840005));
#9328 = CARTESIAN_POINT('',(0.16271497561,0.666458143197));
#9329 = CARTESIAN_POINT('',(0.164015365664,0.647739205594));
#9330 = CARTESIAN_POINT('',(0.165836227757,0.628857288199));
#9331 = CARTESIAN_POINT('',(0.168153681229,0.609897933122));
#9332 = CARTESIAN_POINT('',(0.17094724447,0.590916064645));
#9333 = CARTESIAN_POINT('',(0.174199834928,0.57193598922));
#9334 = CARTESIAN_POINT('',(0.177897769104,0.552951395471));
#9335 = CARTESIAN_POINT('',(0.182030762553,0.533925354193));
#9336 = CARTESIAN_POINT('',(0.195714264552,0.476520246665));
#9337 = CARTESIAN_POINT('',(0.206639966226,0.437779397159));
#9338 = CARTESIAN_POINT('',(0.219168946455,0.398537470553));
#9339 = CARTESIAN_POINT('',(0.233700422124,0.357897588343));
#9340 = CARTESIAN_POINT('',(0.250661470514,0.315220815446));
#9341 = CARTESIAN_POINT('',(0.270169319989,0.270689736499));
#9342 = CARTESIAN_POINT('',(0.291927376294,0.225311085825));
#9343 = CARTESIAN_POINT('',(0.315354984489,0.180357431066));
#9344 = CARTESIAN_POINT('',(0.36454686851,9.2138389869E-02));
#9345 = CARTESIAN_POINT('',(0.390411699038,4.879849521083E-02));
#9346 = CARTESIAN_POINT('',(0.417038944088,6.779584762187E-03));
#9347 = CARTESIAN_POINT('',(0.444627383581,-3.442916816967E-02));
#9348 = CARTESIAN_POINT('',(0.473586531498,-7.552777848739E-02));
#9349 = CARTESIAN_POINT('',(0.504203907125,-0.116875967093));
#9350 = CARTESIAN_POINT('',(0.536474097391,-0.158307193219));
#9351 = CARTESIAN_POINT('',(0.570089610303,-0.199286201301));
#9352 = CARTESIAN_POINT('',(0.639097428654,-0.279533963486));
#9353 = CARTESIAN_POINT('',(0.674855009263,-0.319091122095));
#9354 = CARTESIAN_POINT('',(0.709073371574,-0.355731573679));
#9355 = CARTESIAN_POINT('',(0.750440856679,-0.396546131487));
#9356 = CARTESIAN_POINT('',(0.779625144854,-0.426008537291));
#9357 = CARTESIAN_POINT('',(0.82607554119,-0.467996985381));
#9358 = CARTESIAN_POINT('',(0.858872239984,-0.497262858374));
#9359 = CARTESIAN_POINT('',(0.899524178803,-0.53149725297));
#9360 = CARTESIAN_POINT('',(0.938777619702,-0.563084315654));
#9361 = ( GEOMETRIC_REPRESENTATION_CONTEXT(2) 
PARAMETRIC_REPRESENTATION_CONTEXT() REPRESENTATION_CONTEXT('2D SPACE',''
  ) );
#9362 = ORIENTED_EDGE('',*,*,#9363,.F.);
#9363 = EDGE_CURVE('',#9364,#9280,#9366,.T.);
#9364 = VERTEX_POINT('',#9365);
#9365 = CARTESIAN_POINT('',(-8.2,81.5,5.));
#9366 = SURFACE_CURVE('',#9367,(#9371,#9378),.PCURVE_S1.);
#9367 = LINE('',#9368,#9369);
#9368 = CARTESIAN_POINT('',(-8.2,81.5,5.));
#9369 = VECTOR('',#9370,1.);
#9370 = DIRECTION('',(0.,-0.413802944301,0.910366477463));
#9371 = PCURVE('',#6913,#9372);
#9372 = DEFINITIONAL_REPRESENTATION('',(#9373),#9377);
#9373 = LINE('',#9374,#9375);
#9374 = CARTESIAN_POINT('',(-3.234271437203E-15,-0.8));
#9375 = VECTOR('',#9376,1.);
#9376 = DIRECTION('',(1.,0.));
#9377 = ( GEOMETRIC_REPRESENTATION_CONTEXT(2) 
PARAMETRIC_REPRESENTATION_CONTEXT() REPRESENTATION_CONTEXT('2D SPACE',''
  ) );
#9378 = PCURVE('',#1851,#9379);
#9379 = DEFINITIONAL_REPRESENTATION('',(#9380),#9384);
#9380 = LINE('',#9381,#9382);
#9381 = CARTESIAN_POINT('',(0.,0.));
#9382 = VECTOR('',#9383,1.);
#9383 = DIRECTION('',(0.,1.));
#9384 = ( GEOMETRIC_REPRESENTATION_CONTEXT(2) 
PARAMETRIC_REPRESENTATION_CONTEXT() REPRESENTATION_CONTEXT('2D SPACE',''
  ) );
#9385 = ORIENTED_EDGE('',*,*,#9386,.T.);
#9386 = EDGE_CURVE('',#9364,#9135,#9387,.T.);
#9387 = SURFACE_CURVE('',#9388,(#9392,#9399),.PCURVE_S1.);
#9388 = LINE('',#9389,#9390);
#9389 = CARTESIAN_POINT('',(-9.,81.5,5.));
#9390 = VECTOR('',#9391,1.);
#9391 = DIRECTION('',(1.,0.,0.));
#9392 = PCURVE('',#6913,#9393);
#9393 = DEFINITIONAL_REPRESENTATION('',(#9394),#9398);
#9394 = LINE('',#9395,#9396);
#9395 = CARTESIAN_POINT('',(0.,0.));
#9396 = VECTOR('',#9397,1.);
#9397 = DIRECTION('',(0.,-1.));
#9398 = ( GEOMETRIC_REPRESENTATION_CONTEXT(2) 
PARAMETRIC_REPRESENTATION_CONTEXT() REPRESENTATION_CONTEXT('2D SPACE',''
  ) );
#9399 = PCURVE('',#296,#9400);
#9400 = DEFINITIONAL_REPRESENTATION('',(#9401),#9405);
#9401 = LINE('',#9402,#9403);
#9402 = CARTESIAN_POINT('',(5.5,0.));
#9403 = VECTOR('',#9404,1.);
#9404 = DIRECTION('',(0.,-1.));
#9405 = ( GEOMETRIC_REPRESENTATION_CONTEXT(2) 
PARAMETRIC_REPRESENTATION_CONTEXT() REPRESENTATION_CONTEXT('2D SPACE',''
  ) );
#9406 = ORIENTED_EDGE('',*,*,#9161,.T.);
#9407 = ORIENTED_EDGE('',*,*,#9218,.T.);
#9408 = ADVANCED_FACE('',(#9409),#6885,.T.);
#9409 = FACE_BOUND('',#9410,.F.);
#9410 = EDGE_LOOP('',(#9411,#9552,#9574,#9715));
#9411 = ORIENTED_EDGE('',*,*,#9412,.F.);
#9412 = EDGE_CURVE('',#337,#6841,#9413,.T.);
#9413 = SURFACE_CURVE('',#9414,(#9422,#9434),.PCURVE_S1.);
#9414 = ( BOUNDED_CURVE() B_SPLINE_CURVE(6,(#9415,#9416,#9417,#9418,
#9419,#9420,#9421),.UNSPECIFIED.,.F.,.F.) B_SPLINE_CURVE_WITH_KNOTS((7,7
),(0.,1.570796326795),.PIECEWISE_BEZIER_KNOTS.) CURVE() 
GEOMETRIC_REPRESENTATION_ITEM() RATIONAL_B_SPLINE_CURVE((1.031393471788,
    1.010025407661,0.997924642725,0.993958444137,0.997924642725,
1.010025407661,1.031393471788)) REPRESENTATION_ITEM('') );
#9415 = CARTESIAN_POINT('',(9.,75.3,16.));
#9416 = CARTESIAN_POINT('',(9.,75.620804139784,16.));
#9417 = CARTESIAN_POINT('',(8.89799477924,75.933250287099,16.));
#9418 = CARTESIAN_POINT('',(8.702303415843,76.202303415843,16.));
#9419 = CARTESIAN_POINT('',(8.433250287099,76.39799477924,16.));
#9420 = CARTESIAN_POINT('',(8.120804139784,76.5,16.));
#9421 = CARTESIAN_POINT('',(7.8,76.5,16.));
#9422 = PCURVE('',#6885,#9423);
#9423 = DEFINITIONAL_REPRESENTATION('',(#9424),#9433);
#9424 = B_SPLINE_CURVE_WITH_KNOTS('',7,(#9425,#9426,#9427,#9428,#9429,
    #9430,#9431,#9432),.UNSPECIFIED.,.F.,.F.,(8,8),(0.,1.570796326795),
  .PIECEWISE_BEZIER_KNOTS.);
#9425 = CARTESIAN_POINT('',(0.,0.));
#9426 = CARTESIAN_POINT('',(0.,0.224398447986));
#9427 = CARTESIAN_POINT('',(0.,0.448800730466));
#9428 = CARTESIAN_POINT('',(0.,0.67319635718));
#9429 = CARTESIAN_POINT('',(0.,0.897599969614));
#9430 = CARTESIAN_POINT('',(0.,1.121995596329));
#9431 = CARTESIAN_POINT('',(0.,1.346397878809));
#9432 = CARTESIAN_POINT('',(0.,1.570796326795));
#9433 = ( GEOMETRIC_REPRESENTATION_CONTEXT(2) 
PARAMETRIC_REPRESENTATION_CONTEXT() REPRESENTATION_CONTEXT('2D SPACE',''
  ) );
#9434 = PCURVE('',#354,#9435);
#9435 = DEFINITIONAL_REPRESENTATION('',(#9436),#9551);
#9436 = B_SPLINE_CURVE_WITH_KNOTS('',9,(#9437,#9438,#9439,#9440,#9441,
    #9442,#9443,#9444,#9445,#9446,#9447,#9448,#9449,#9450,#9451,#9452,
    #9453,#9454,#9455,#9456,#9457,#9458,#9459,#9460,#9461,#9462,#9463,
    #9464,#9465,#9466,#9467,#9468,#9469,#9470,#9471,#9472,#9473,#9474,
    #9475,#9476,#9477,#9478,#9479,#9480,#9481,#9482,#9483,#9484,#9485,
    #9486,#9487,#9488,#9489,#9490,#9491,#9492,#9493,#9494,#9495,#9496,
    #9497,#9498,#9499,#9500,#9501,#9502,#9503,#9504,#9505,#9506,#9507,
    #9508,#9509,#9510,#9511,#9512,#9513,#9514,#9515,#9516,#9517,#9518,
    #9519,#9520,#9521,#9522,#9523,#9524,#9525,#9526,#9527,#9528,#9529,
    #9530,#9531,#9532,#9533,#9534,#9535,#9536,#9537,#9538,#9539,#9540,
    #9541,#9542,#9543,#9544,#9545,#9546,#9547,#9548,#9549,#9550),
  .UNSPECIFIED.,.F.,.F.,(10,8,8,8,8,8,8,8,8,8,8,8,8,8,10),(0.,
    6.135923151543E-03,1.227184630309E-02,2.454369260617E-02,
    4.908738521234E-02,9.817477042468E-02,0.196349540849,0.392699081699,
    0.785398163397,1.178097245096,1.374446785946,1.47262155637,
    1.521708941583,1.546252634189,1.570796326795),.UNSPECIFIED.);
#9437 = CARTESIAN_POINT('',(-1.043486301179,-0.185992921579));
#9438 = CARTESIAN_POINT('',(-1.042742667524,-0.185763216473));
#9439 = CARTESIAN_POINT('',(-1.032187575239,-0.182496315015));
#9440 = CARTESIAN_POINT('',(-1.059244017454,-0.190867694332));
#9441 = CARTESIAN_POINT('',(-1.019256745374,-0.178497736845));
#9442 = CARTESIAN_POINT('',(-1.052591757281,-0.188802437962));
#9443 = CARTESIAN_POINT('',(-1.032899989618,-0.182716053986));
#9444 = CARTESIAN_POINT('',(-1.038554963147,-0.184459739902));
#9445 = CARTESIAN_POINT('',(-1.036780840277,-0.183909353274));
#9446 = CARTESIAN_POINT('',(-1.035298721955,-0.183445513805));
#9447 = CARTESIAN_POINT('',(-1.034556843305,-0.183213009937));
#9448 = CARTESIAN_POINT('',(-1.033814311921,-0.182979975432));
#9449 = CARTESIAN_POINT('',(-1.03307129456,-0.182746463787));
#9450 = CARTESIAN_POINT('',(-1.032327957975,-0.182512528496));
#9451 = CARTESIAN_POINT('',(-1.031584468924,-0.182278223057));
#9452 = CARTESIAN_POINT('',(-1.03084099416,-0.182043600966));
#9453 = CARTESIAN_POINT('',(-1.030097700441,-0.18180871572));
#9454 = CARTESIAN_POINT('',(-1.027868862678,-0.181103431));
#9455 = CARTESIAN_POINT('',(-1.026382773764,-0.180631908282));
#9456 = CARTESIAN_POINT('',(-1.024896487589,-0.180159053948));
#9457 = CARTESIAN_POINT('',(-1.023410003965,-0.179684869287));
#9458 = CARTESIAN_POINT('',(-1.021923322701,-0.179209355586));
#9459 = CARTESIAN_POINT('',(-1.020436443611,-0.178732514133));
#9460 = CARTESIAN_POINT('',(-1.018949366504,-0.178254346217));
#9461 = CARTESIAN_POINT('',(-1.017462091192,-0.177774853127));
#9462 = CARTESIAN_POINT('',(-1.012999670073,-0.176332402194));
#9463 = CARTESIAN_POINT('',(-1.010023930635,-0.17536546358));
#9464 = CARTESIAN_POINT('',(-1.007047420739,-0.174393199232));
#9465 = CARTESIAN_POINT('',(-1.004070161954,-0.173415588076));
#9466 = CARTESIAN_POINT('',(-1.001092175849,-0.172432609039));
#9467 = CARTESIAN_POINT('',(-0.998113483991,-0.171444241046));
#9468 = CARTESIAN_POINT('',(-0.99513410795,-0.170450463023));
#9469 = CARTESIAN_POINT('',(-0.992154069294,-0.169451253896));
#9470 = CARTESIAN_POINT('',(-0.983212030186,-0.166437269979));
#9471 = CARTESIAN_POINT('',(-0.977248152653,-0.164405948541));
#9472 = CARTESIAN_POINT('',(-0.971281885681,-0.162352714223));
#9473 = CARTESIAN_POINT('',(-0.965313357956,-0.160277652973));
#9474 = CARTESIAN_POINT('',(-0.959342698168,-0.158180850739));
#9475 = CARTESIAN_POINT('',(-0.953370035004,-0.156062393468));
#9476 = CARTESIAN_POINT('',(-0.947395497153,-0.153922367109));
#9477 = CARTESIAN_POINT('',(-0.941419213302,-0.151760857609));
#9478 = CARTESIAN_POINT('',(-0.923485509815,-0.145212137529));
#9479 = CARTESIAN_POINT('',(-0.911522108666,-0.140761823784));
#9480 = CARTESIAN_POINT('',(-0.899553545627,-0.136227448065));
#9481 = CARTESIAN_POINT('',(-0.887582257636,-0.131609448751));
#9482 = CARTESIAN_POINT('',(-0.875610681628,-0.126908264226));
#9483 = CARTESIAN_POINT('',(-0.863641254539,-0.12212433287));
#9484 = CARTESIAN_POINT('',(-0.851676413306,-0.117258093067));
#9485 = CARTESIAN_POINT('',(-0.839718594864,-0.112309983197));
#9486 = CARTESIAN_POINT('',(-0.803873518721,-9.722135853421E-02));
#9487 = CARTESIAN_POINT('',(-0.780020092461,-8.684351041536E-02));
#9488 = CARTESIAN_POINT('',(-0.756227747639,-7.615512482718E-02));
#9489 = CARTESIAN_POINT('',(-0.732514274524,-6.516442931064E-02));
#9490 = CARTESIAN_POINT('',(-0.708897463386,-5.387965140672E-02));
#9491 = CARTESIAN_POINT('',(-0.685395104494,-4.230901865639E-02));
#9492 = CARTESIAN_POINT('',(-0.662024988116,-3.046075860062E-02));
#9493 = CARTESIAN_POINT('',(-0.638804904522,-1.834309878038E-02));
#9494 = CARTESIAN_POINT('',(-0.569648122898,1.879339735082E-02));
#9495 = CARTESIAN_POINT('',(-0.524027609032,4.471318099726E-02));
#9496 = CARTESIAN_POINT('',(-0.479193801697,7.161441222602E-02));
#9497 = CARTESIAN_POINT('',(-0.435397963662,9.933841499657E-02));
#9498 = CARTESIAN_POINT('',(-0.392839921146,0.127748509204));
#9499 = CARTESIAN_POINT('',(-0.351668063819,0.156730010681));
#9500 = CARTESIAN_POINT('',(-0.311979344804,0.186190231194));
#9501 = CARTESIAN_POINT('',(-0.273819280677,0.216058478446));
#9502 = CARTESIAN_POINT('',(-0.20054462225,0.276513633711));
#9503 = CARTESIAN_POINT('',(-0.165089925195,0.3076736197));
#9504 = CARTESIAN_POINT('',(-0.131149045247,0.338732781721));
#9505 = CARTESIAN_POINT('',(-9.768059015696E-02,0.370971772107));
#9506 = CARTESIAN_POINT('',(-6.381050129369E-02,0.405934306361));
#9507 = CARTESIAN_POINT('',(-2.968706814661E-02,0.444146338682));
#9508 = CARTESIAN_POINT('',(3.348953490525E-03,0.484605234507));
#9509 = CARTESIAN_POINT('',(3.327911965011E-02,0.525038940051));
#9510 = CARTESIAN_POINT('',(7.127089913212E-02,0.581883253284));
#9511 = CARTESIAN_POINT('',(8.282215354929E-02,0.600206691502));
#9512 = CARTESIAN_POINT('',(9.330670008932E-02,0.617827677358));
#9513 = CARTESIAN_POINT('',(0.102782534792,0.634708736098));
#9514 = CARTESIAN_POINT('',(0.111319685539,0.650852704374));
#9515 = CARTESIAN_POINT('',(0.119000212052,0.666302730258));
#9516 = CARTESIAN_POINT('',(0.125918205891,0.681142273227));
#9517 = CARTESIAN_POINT('',(0.132179790459,0.695495104174));
#9518 = CARTESIAN_POINT('',(0.140764786269,0.716540406018));
#9519 = CARTESIAN_POINT('',(0.143490146814,0.723467838628));
#9520 = CARTESIAN_POINT('',(0.146084585042,0.730323253632));
#9521 = CARTESIAN_POINT('',(0.14855348336,0.737122301427));
#9522 = CARTESIAN_POINT('',(0.150902224177,0.743880632414));
#9523 = CARTESIAN_POINT('',(0.1531361899,0.750613896989));
#9524 = CARTESIAN_POINT('',(0.155260762938,0.757337745553));
#9525 = CARTESIAN_POINT('',(0.157281325698,0.764067828502));
#9526 = CARTESIAN_POINT('',(0.160164228033,0.774195780104));
#9527 = CARTESIAN_POINT('',(0.161101300019,0.777575990694));
#9528 = CARTESIAN_POINT('',(0.16201431304,0.780964392994));
#9529 = CARTESIAN_POINT('',(0.162903103588,0.784364951987));
#9530 = CARTESIAN_POINT('',(0.163767508157,0.787781632661));
#9531 = CARTESIAN_POINT('',(0.16460736324,0.791218399999));
#9532 = CARTESIAN_POINT('',(0.165422505329,0.794679218987));
#9533 = CARTESIAN_POINT('',(0.166212770919,0.798168054611));
#9534 = CARTESIAN_POINT('',(0.167360609294,0.803449280478));
#9535 = CARTESIAN_POINT('',(0.167763556638,0.805355536034));
#9536 = CARTESIAN_POINT('',(0.168131254993,0.807101200517));
#9537 = CARTESIAN_POINT('',(0.168465882733,0.808703615229));
#9538 = CARTESIAN_POINT('',(0.168798932601,0.810343922532));
#9539 = CARTESIAN_POINT('',(0.169162764175,0.812207087603));
#9540 = CARTESIAN_POINT('',(0.169562156318,0.814321920191));
#9541 = CARTESIAN_POINT('',(0.169945859645,0.816401096372));
#9542 = CARTESIAN_POINT('',(0.170410438306,0.81896126423));
#9543 = CARTESIAN_POINT('',(0.17046224029,0.819252322132));
#9544 = CARTESIAN_POINT('',(0.170384567802,0.818829293518));
#9545 = CARTESIAN_POINT('',(0.170230440545,0.817980721278));
#9546 = CARTESIAN_POINT('',(0.170054885046,0.817008751682));
#9547 = CARTESIAN_POINT('',(0.169914934662,0.816229134379));
#9548 = CARTESIAN_POINT('',(0.169869629575,0.815971222395));
#9549 = CARTESIAN_POINT('',(0.169980016797,0.816577972139));
#9550 = CARTESIAN_POINT('',(0.170309150164,0.818405943395));
#9551 = ( GEOMETRIC_REPRESENTATION_CONTEXT(2) 
PARAMETRIC_REPRESENTATION_CONTEXT() REPRESENTATION_CONTEXT('2D SPACE',''
  ) );
#9552 = ORIENTED_EDGE('',*,*,#9553,.T.);
#9553 = EDGE_CURVE('',#337,#1864,#9554,.T.);
#9554 = SURFACE_CURVE('',#9555,(#9560,#9567),.PCURVE_S1.);
#9555 = CIRCLE('',#9556,9.);
#9556 = AXIS2_PLACEMENT_3D('',#9557,#9558,#9559);
#9557 = CARTESIAN_POINT('',(0.,75.3,16.));
#9558 = DIRECTION('',(0.,-1.,-0.));
#9559 = DIRECTION('',(1.,0.,0.));
#9560 = PCURVE('',#6885,#9561);
#9561 = DEFINITIONAL_REPRESENTATION('',(#9562),#9566);
#9562 = LINE('',#9563,#9564);
#9563 = CARTESIAN_POINT('',(-0.,0.));
#9564 = VECTOR('',#9565,1.);
#9565 = DIRECTION('',(-1.,0.));
#9566 = ( GEOMETRIC_REPRESENTATION_CONTEXT(2) 
PARAMETRIC_REPRESENTATION_CONTEXT() REPRESENTATION_CONTEXT('2D SPACE',''
  ) );
#9567 = PCURVE('',#512,#9568);
#9568 = DEFINITIONAL_REPRESENTATION('',(#9569),#9573);
#9569 = LINE('',#9570,#9571);
#9570 = CARTESIAN_POINT('',(-0.,-1.2));
#9571 = VECTOR('',#9572,1.);
#9572 = DIRECTION('',(-1.,0.));
#9573 = ( GEOMETRIC_REPRESENTATION_CONTEXT(2) 
PARAMETRIC_REPRESENTATION_CONTEXT() REPRESENTATION_CONTEXT('2D SPACE',''
  ) );
#9574 = ORIENTED_EDGE('',*,*,#9575,.T.);
#9575 = EDGE_CURVE('',#1864,#6869,#9576,.T.);
#9576 = SURFACE_CURVE('',#9577,(#9585,#9597),.PCURVE_S1.);
#9577 = ( BOUNDED_CURVE() B_SPLINE_CURVE(6,(#9578,#9579,#9580,#9581,
#9582,#9583,#9584),.UNSPECIFIED.,.F.,.F.) B_SPLINE_CURVE_WITH_KNOTS((7,7
),(0.,1.570796326795),.PIECEWISE_BEZIER_KNOTS.) CURVE() 
GEOMETRIC_REPRESENTATION_ITEM() RATIONAL_B_SPLINE_CURVE((1.031393471788,
    1.010025407661,0.997924642725,0.993958444137,0.997924642725,
1.010025407661,1.031393471788)) REPRESENTATION_ITEM('') );
#9578 = CARTESIAN_POINT('',(-9.,75.3,16.));
#9579 = CARTESIAN_POINT('',(-9.,75.620804139784,16.));
#9580 = CARTESIAN_POINT('',(-8.89799477924,75.933250287099,16.));
#9581 = CARTESIAN_POINT('',(-8.702303415843,76.202303415843,16.));
#9582 = CARTESIAN_POINT('',(-8.433250287099,76.39799477924,16.));
#9583 = CARTESIAN_POINT('',(-8.120804139784,76.5,16.));
#9584 = CARTESIAN_POINT('',(-7.8,76.5,16.));
#9585 = PCURVE('',#6885,#9586);
#9586 = DEFINITIONAL_REPRESENTATION('',(#9587),#9596);
#9587 = B_SPLINE_CURVE_WITH_KNOTS('',7,(#9588,#9589,#9590,#9591,#9592,
    #9593,#9594,#9595),.UNSPECIFIED.,.F.,.F.,(8,8),(0.,1.570796326795),
  .PIECEWISE_BEZIER_KNOTS.);
#9588 = CARTESIAN_POINT('',(-3.14159265359,0.));
#9589 = CARTESIAN_POINT('',(-3.14159265359,0.224398447986));
#9590 = CARTESIAN_POINT('',(-3.14159265359,0.448800730466));
#9591 = CARTESIAN_POINT('',(-3.14159265359,0.67319635718));
#9592 = CARTESIAN_POINT('',(-3.14159265359,0.897599969614));
#9593 = CARTESIAN_POINT('',(-3.14159265359,1.121995596329));
#9594 = CARTESIAN_POINT('',(-3.14159265359,1.346397878809));
#9595 = CARTESIAN_POINT('',(-3.14159265359,1.570796326795));
#9596 = ( GEOMETRIC_REPRESENTATION_CONTEXT(2) 
PARAMETRIC_REPRESENTATION_CONTEXT() REPRESENTATION_CONTEXT('2D SPACE',''
  ) );
#9597 = PCURVE('',#1881,#9598);
#9598 = DEFINITIONAL_REPRESENTATION('',(#9599),#9714);
#9599 = B_SPLINE_CURVE_WITH_KNOTS('',9,(#9600,#9601,#9602,#9603,#9604,
    #9605,#9606,#9607,#9608,#9609,#9610,#9611,#9612,#9613,#9614,#9615,
    #9616,#9617,#9618,#9619,#9620,#9621,#9622,#9623,#9624,#9625,#9626,
    #9627,#9628,#9629,#9630,#9631,#9632,#9633,#9634,#9635,#9636,#9637,
    #9638,#9639,#9640,#9641,#9642,#9643,#9644,#9645,#9646,#9647,#9648,
    #9649,#9650,#9651,#9652,#9653,#9654,#9655,#9656,#9657,#9658,#9659,
    #9660,#9661,#9662,#9663,#9664,#9665,#9666,#9667,#9668,#9669,#9670,
    #9671,#9672,#9673,#9674,#9675,#9676,#9677,#9678,#9679,#9680,#9681,
    #9682,#9683,#9684,#9685,#9686,#9687,#9688,#9689,#9690,#9691,#9692,
    #9693,#9694,#9695,#9696,#9697,#9698,#9699,#9700,#9701,#9702,#9703,
    #9704,#9705,#9706,#9707,#9708,#9709,#9710,#9711,#9712,#9713),
  .UNSPECIFIED.,.F.,.F.,(10,8,8,8,8,8,8,8,8,8,8,8,8,8,10),(0.,
    6.135923151543E-03,1.227184630309E-02,2.454369260617E-02,
    4.908738521234E-02,9.817477042468E-02,0.196349540849,0.392699081699,
    0.785398163397,1.178097245096,1.374446785946,1.47262155637,
    1.521708941583,1.546252634189,1.570796326795),.UNSPECIFIED.);
#9600 = CARTESIAN_POINT('',(-1.043486301179,-0.185992921579));
#9601 = CARTESIAN_POINT('',(-1.042742667524,-0.185763216473));
#9602 = CARTESIAN_POINT('',(-1.032187574878,-0.182496314903));
#9603 = CARTESIAN_POINT('',(-1.059244018349,-0.190867694609));
#9604 = CARTESIAN_POINT('',(-1.019256744212,-0.178497736485));
#9605 = CARTESIAN_POINT('',(-1.052591758132,-0.188802438225));
#9606 = CARTESIAN_POINT('',(-1.032899989231,-0.182716053866));
#9607 = CARTESIAN_POINT('',(-1.038554963215,-0.184459739923));
#9608 = CARTESIAN_POINT('',(-1.036780840266,-0.18390935327));
#9609 = CARTESIAN_POINT('',(-1.035298721944,-0.183445513801));
#9610 = CARTESIAN_POINT('',(-1.034556843294,-0.183213009934));
#9611 = CARTESIAN_POINT('',(-1.033814311911,-0.182979975429));
#9612 = CARTESIAN_POINT('',(-1.033071294549,-0.182746463783));
#9613 = CARTESIAN_POINT('',(-1.032327957965,-0.182512528493));
#9614 = CARTESIAN_POINT('',(-1.031584468913,-0.182278223054));
#9615 = CARTESIAN_POINT('',(-1.03084099415,-0.182043600963));
#9616 = CARTESIAN_POINT('',(-1.03009770043,-0.181808715716));
#9617 = CARTESIAN_POINT('',(-1.027868862667,-0.181103430996));
#9618 = CARTESIAN_POINT('',(-1.026382773753,-0.180631908279));
#9619 = CARTESIAN_POINT('',(-1.024896487578,-0.180159053945));
#9620 = CARTESIAN_POINT('',(-1.023410003954,-0.179684869283));
#9621 = CARTESIAN_POINT('',(-1.02192332269,-0.179209355582));
#9622 = CARTESIAN_POINT('',(-1.0204364436,-0.17873251413));
#9623 = CARTESIAN_POINT('',(-1.018949366493,-0.178254346214));
#9624 = CARTESIAN_POINT('',(-1.017462091181,-0.177774853123));
#9625 = CARTESIAN_POINT('',(-1.012999670062,-0.17633240219));
#9626 = CARTESIAN_POINT('',(-1.010023930624,-0.175365463576));
#9627 = CARTESIAN_POINT('',(-1.007047420728,-0.174393199228));
#9628 = CARTESIAN_POINT('',(-1.004070161943,-0.173415588073));
#9629 = CARTESIAN_POINT('',(-1.001092175838,-0.172432609036));
#9630 = CARTESIAN_POINT('',(-0.99811348398,-0.171444241043));
#9631 = CARTESIAN_POINT('',(-0.99513410794,-0.17045046302));
#9632 = CARTESIAN_POINT('',(-0.992154069284,-0.169451253893));
#9633 = CARTESIAN_POINT('',(-0.983212030177,-0.166437269976));
#9634 = CARTESIAN_POINT('',(-0.977248152644,-0.164405948538));
#9635 = CARTESIAN_POINT('',(-0.971281885672,-0.16235271422));
#9636 = CARTESIAN_POINT('',(-0.965313357948,-0.16027765297));
#9637 = CARTESIAN_POINT('',(-0.95934269816,-0.158180850736));
#9638 = CARTESIAN_POINT('',(-0.953370034996,-0.156062393466));
#9639 = CARTESIAN_POINT('',(-0.947395497145,-0.153922367107));
#9640 = CARTESIAN_POINT('',(-0.941419213295,-0.151760857606));
#9641 = CARTESIAN_POINT('',(-0.92348550981,-0.145212137527));
#9642 = CARTESIAN_POINT('',(-0.911522108662,-0.140761823783));
#9643 = CARTESIAN_POINT('',(-0.899553545624,-0.136227448063));
#9644 = CARTESIAN_POINT('',(-0.887582257634,-0.13160944875));
#9645 = CARTESIAN_POINT('',(-0.875610681627,-0.126908264225));
#9646 = CARTESIAN_POINT('',(-0.863641254539,-0.12212433287));
#9647 = CARTESIAN_POINT('',(-0.851676413306,-0.117258093067));
#9648 = CARTESIAN_POINT('',(-0.839718594865,-0.112309983198));
#9649 = CARTESIAN_POINT('',(-0.803873518723,-9.722135853514E-02));
#9650 = CARTESIAN_POINT('',(-0.780020092463,-8.684351041636E-02));
#9651 = CARTESIAN_POINT('',(-0.756227747641,-7.61551248281E-02));
#9652 = CARTESIAN_POINT('',(-0.732514274526,-6.516442931138E-02));
#9653 = CARTESIAN_POINT('',(-0.708897463387,-5.387965140721E-02));
#9654 = CARTESIAN_POINT('',(-0.685395104494,-4.23090186566E-02));
#9655 = CARTESIAN_POINT('',(-0.662024988116,-3.04607586006E-02));
#9656 = CARTESIAN_POINT('',(-0.638804904521,-1.834309878021E-02));
#9657 = CARTESIAN_POINT('',(-0.569648122898,1.879339735107E-02));
#9658 = CARTESIAN_POINT('',(-0.524027609032,4.471318099699E-02));
#9659 = CARTESIAN_POINT('',(-0.479193801699,7.161441222512E-02));
#9660 = CARTESIAN_POINT('',(-0.435397963664,9.933841499517E-02));
#9661 = CARTESIAN_POINT('',(-0.392839921148,0.127748509203));
#9662 = CARTESIAN_POINT('',(-0.35166806382,0.15673001068));
#9663 = CARTESIAN_POINT('',(-0.311979344805,0.186190231193));
#9664 = CARTESIAN_POINT('',(-0.273819280676,0.216058478447));
#9665 = CARTESIAN_POINT('',(-0.200544622247,0.276513633714));
#9666 = CARTESIAN_POINT('',(-0.165089925192,0.307673619703));
#9667 = CARTESIAN_POINT('',(-0.131149045244,0.338732781725));
#9668 = CARTESIAN_POINT('',(-9.768059015438E-02,0.37097177211));
#9669 = CARTESIAN_POINT('',(-6.381050129319E-02,0.405934306361));
#9670 = CARTESIAN_POINT('',(-2.968706814866E-02,0.44414633868));
#9671 = CARTESIAN_POINT('',(3.348953486633E-03,0.484605234502));
#9672 = CARTESIAN_POINT('',(3.327911964613E-02,0.525038940046));
#9673 = CARTESIAN_POINT('',(7.127089912917E-02,0.581883253279));
#9674 = CARTESIAN_POINT('',(8.282215354689E-02,0.600206691498));
#9675 = CARTESIAN_POINT('',(9.330670008756E-02,0.617827677355));
#9676 = CARTESIAN_POINT('',(0.102782534791,0.634708736095));
#9677 = CARTESIAN_POINT('',(0.111319685539,0.650852704373));
#9678 = CARTESIAN_POINT('',(0.119000212052,0.666302730258));
#9679 = CARTESIAN_POINT('',(0.125918205891,0.681142273228));
#9680 = CARTESIAN_POINT('',(0.13217979046,0.695495104176));
#9681 = CARTESIAN_POINT('',(0.14076478627,0.716540406021));
#9682 = CARTESIAN_POINT('',(0.143490146816,0.723467838631));
#9683 = CARTESIAN_POINT('',(0.146084585043,0.730323253635));
#9684 = CARTESIAN_POINT('',(0.148553483361,0.737122301431));
#9685 = CARTESIAN_POINT('',(0.150902224178,0.743880632417));
#9686 = CARTESIAN_POINT('',(0.153136189901,0.750613896992));
#9687 = CARTESIAN_POINT('',(0.155260762939,0.757337745555));
#9688 = CARTESIAN_POINT('',(0.157281325698,0.764067828505));
#9689 = CARTESIAN_POINT('',(0.160164228033,0.774195780105));
#9690 = CARTESIAN_POINT('',(0.161101300019,0.777575990696));
#9691 = CARTESIAN_POINT('',(0.16201431304,0.780964392995));
#9692 = CARTESIAN_POINT('',(0.162903103588,0.784364951988));
#9693 = CARTESIAN_POINT('',(0.163767508157,0.787781632661));
#9694 = CARTESIAN_POINT('',(0.164607363239,0.791218399998));
#9695 = CARTESIAN_POINT('',(0.165422505329,0.794679218986));
#9696 = CARTESIAN_POINT('',(0.166212770919,0.798168054609));
#9697 = CARTESIAN_POINT('',(0.167360609294,0.803449280474));
#9698 = CARTESIAN_POINT('',(0.167763556637,0.805355536029));
#9699 = CARTESIAN_POINT('',(0.168131254992,0.807101200512));
#9700 = CARTESIAN_POINT('',(0.168465882732,0.808703615224));
#9701 = CARTESIAN_POINT('',(0.1687989326,0.810343922526));
#9702 = CARTESIAN_POINT('',(0.169162764174,0.812207087596));
#9703 = CARTESIAN_POINT('',(0.169562156317,0.814321920183));
#9704 = CARTESIAN_POINT('',(0.169945859643,0.816401096363));
#9705 = CARTESIAN_POINT('',(0.170410438305,0.818961264227));
#9706 = CARTESIAN_POINT('',(0.17046224029,0.819252322132));
#9707 = CARTESIAN_POINT('',(0.170384567802,0.818829293519));
#9708 = CARTESIAN_POINT('',(0.170230440545,0.817980721281));
#9709 = CARTESIAN_POINT('',(0.170054885046,0.817008751685));
#9710 = CARTESIAN_POINT('',(0.169914934662,0.816229134381));
#9711 = CARTESIAN_POINT('',(0.169869629576,0.815971222397));
#9712 = CARTESIAN_POINT('',(0.169980016797,0.81657797214));
#9713 = CARTESIAN_POINT('',(0.170309150164,0.818405943395));
#9714 = ( GEOMETRIC_REPRESENTATION_CONTEXT(2) 
PARAMETRIC_REPRESENTATION_CONTEXT() REPRESENTATION_CONTEXT('2D SPACE',''
  ) );
#9715 = ORIENTED_EDGE('',*,*,#6868,.F.);
#9716 = ADVANCED_FACE('',(#9717),#6856,.F.);
#9717 = FACE_BOUND('',#9718,.F.);
#9718 = EDGE_LOOP('',(#9719,#9720,#9775,#9776,#9799,#9822));
#9719 = ORIENTED_EDGE('',*,*,#6840,.F.);
#9720 = ORIENTED_EDGE('',*,*,#9721,.F.);
#9721 = EDGE_CURVE('',#7622,#6683,#9722,.T.);
#9722 = SURFACE_CURVE('',#9723,(#9744,#9768),.PCURVE_S1.);
#9723 = ( BOUNDED_CURVE() B_SPLINE_CURVE(10,(#9724,#9725,#9726,#9727,
    #9728,#9729,#9730,#9731,#9732,#9733,#9734,#9735,#9736,#9737,#9738,
    #9739,#9740,#9741,#9742,#9743),.UNSPECIFIED.,.F.,.F.) 
B_SPLINE_CURVE_WITH_KNOTS((11,9,11),(6.149827584157,6.997742722686,
12.849873356838),.UNSPECIFIED.) CURVE() GEOMETRIC_REPRESENTATION_ITEM() 
RATIONAL_B_SPLINE_CURVE((1.,1.,1.,1.,1.,1.,1.,1.,1.,1.,1.,1.,1.,1.,1.,1.
,1.,1.,1.,1.)) REPRESENTATION_ITEM('') );
#9724 = CARTESIAN_POINT('',(6.5,78.955183238731,10.598596874791));
#9725 = CARTESIAN_POINT('',(6.5,78.909664914858,10.698737187312));
#9726 = CARTESIAN_POINT('',(6.499049370979,78.864150631071,
    10.798868611643));
#9727 = CARTESIAN_POINT('',(6.497136637814,78.818620682635,
    10.899034498202));
#9728 = CARTESIAN_POINT('',(6.494273742933,78.773111687755,
    10.999154286938));
#9729 = CARTESIAN_POINT('',(6.49045901027,78.727597716219,
    11.099285024318));
#9730 = CARTESIAN_POINT('',(6.485676519175,78.682069268509,
    11.19944760928));
#9731 = CARTESIAN_POINT('',(6.479912291391,78.636625024339,
    11.299424946454));
#9732 = CARTESIAN_POINT('',(6.473167694195,78.591391279534,
    11.398939185024));
#9733 = CARTESIAN_POINT('',(6.465450462808,78.546083990202,
    11.498615221555));
#9734 = CARTESIAN_POINT('',(6.396493789016,78.174260236926,
    12.316627478763));
#9735 = CARTESIAN_POINT('',(6.287329647679,77.850555554624,
    13.028777779827));
#9736 = CARTESIAN_POINT('',(6.127673184649,77.541020475026,
    13.709754954943));
#9737 = CARTESIAN_POINT('',(5.918552783299,77.253541360396,
    14.34220900713));
#9738 = CARTESIAN_POINT('',(5.666381344599,77.000887332613,
    14.898047868249));
#9739 = CARTESIAN_POINT('',(5.373563875832,76.786443344521,
    15.369824642056));
#9740 = CARTESIAN_POINT('',(5.051647320569,76.624090392212,
    15.727001137132));
#9741 = CARTESIAN_POINT('',(4.71076243163,76.51143891314,15.974834391092
    ));
#9742 = CARTESIAN_POINT('',(4.355270073297,76.455183238731,
    16.098596874791));
#9743 = CARTESIAN_POINT('',(4.,76.455183238731,16.098596874791));
#9744 = PCURVE('',#6856,#9745);
#9745 = DEFINITIONAL_REPRESENTATION('',(#9746),#9767);
#9746 = ( BOUNDED_CURVE() B_SPLINE_CURVE(10,(#9747,#9748,#9749,#9750,
    #9751,#9752,#9753,#9754,#9755,#9756,#9757,#9758,#9759,#9760,#9761,
    #9762,#9763,#9764,#9765,#9766),.UNSPECIFIED.,.F.,.F.) 
B_SPLINE_CURVE_WITH_KNOTS((11,9,11),(6.149827584157,6.997742722686,
12.849873356838),.UNSPECIFIED.) CURVE() GEOMETRIC_REPRESENTATION_ITEM() 
RATIONAL_B_SPLINE_CURVE((1.,1.,1.,1.,1.,1.,1.,1.,1.,1.,1.,1.,1.,1.,1.,1.
,1.,1.,1.,1.)) REPRESENTATION_ITEM('') );
#9747 = CARTESIAN_POINT('',(6.149827584157,-0.5));
#9748 = CARTESIAN_POINT('',(6.259827584157,-0.5));
#9749 = CARTESIAN_POINT('',(6.369817820847,-0.499049370979));
#9750 = CARTESIAN_POINT('',(6.479845912873,-0.497136637814));
#9751 = CARTESIAN_POINT('',(6.589823368342,-0.494273742933));
#9752 = CARTESIAN_POINT('',(6.699812850445,-0.49045901027));
#9753 = CARTESIAN_POINT('',(6.809837315802,-0.485676519175));
#9754 = CARTESIAN_POINT('',(6.91965829411,-0.479912291391));
#9755 = CARTESIAN_POINT('',(7.028970577717,-0.473167694195));
#9756 = CARTESIAN_POINT('',(7.138460589704,-0.465450462808));
#9757 = CARTESIAN_POINT('',(8.037013290687,-0.396493789016));
#9758 = CARTESIAN_POINT('',(8.819281002311,-0.287329647679));
#9759 = CARTESIAN_POINT('',(9.567306321756,-0.127673184649));
#9760 = CARTESIAN_POINT('',(10.262030993461,8.144721670137E-02));
#9761 = CARTESIAN_POINT('',(10.872597040081,0.333618655401));
#9762 = CARTESIAN_POINT('',(11.390824353461,0.626436124168));
#9763 = CARTESIAN_POINT('',(11.783167990797,0.948352679431));
#9764 = CARTESIAN_POINT('',(12.055402590922,1.28923756837));
#9765 = CARTESIAN_POINT('',(12.191350570954,1.644729926703));
#9766 = CARTESIAN_POINT('',(12.191350570954,2.));
#9767 = ( GEOMETRIC_REPRESENTATION_CONTEXT(2) 
PARAMETRIC_REPRESENTATION_CONTEXT() REPRESENTATION_CONTEXT('2D SPACE',''
  ) );
#9768 = PCURVE('',#6748,#9769);
#9769 = DEFINITIONAL_REPRESENTATION('',(#9770),#9774);
#9770 = LINE('',#9771,#9772);
#9771 = CARTESIAN_POINT('',(0.,0.));
#9772 = VECTOR('',#9773,1.);
#9773 = DIRECTION('',(0.,1.));
#9774 = ( GEOMETRIC_REPRESENTATION_CONTEXT(2) 
PARAMETRIC_REPRESENTATION_CONTEXT() REPRESENTATION_CONTEXT('2D SPACE',''
  ) );
#9775 = ORIENTED_EDGE('',*,*,#7652,.F.);
#9776 = ORIENTED_EDGE('',*,*,#9777,.T.);
#9777 = EDGE_CURVE('',#7594,#9778,#9780,.T.);
#9778 = VERTEX_POINT('',#9779);
#9779 = CARTESIAN_POINT('',(8.2,81.5,5.));
#9780 = SURFACE_CURVE('',#9781,(#9785,#9792),.PCURVE_S1.);
#9781 = LINE('',#9782,#9783);
#9782 = CARTESIAN_POINT('',(6.,81.5,5.));
#9783 = VECTOR('',#9784,1.);
#9784 = DIRECTION('',(1.,0.,0.));
#9785 = PCURVE('',#6856,#9786);
#9786 = DEFINITIONAL_REPRESENTATION('',(#9787),#9791);
#9787 = LINE('',#9788,#9789);
#9788 = CARTESIAN_POINT('',(0.,0.));
#9789 = VECTOR('',#9790,1.);
#9790 = DIRECTION('',(0.,-1.));
#9791 = ( GEOMETRIC_REPRESENTATION_CONTEXT(2) 
PARAMETRIC_REPRESENTATION_CONTEXT() REPRESENTATION_CONTEXT('2D SPACE',''
  ) );
#9792 = PCURVE('',#296,#9793);
#9793 = DEFINITIONAL_REPRESENTATION('',(#9794),#9798);
#9794 = LINE('',#9795,#9796);
#9795 = CARTESIAN_POINT('',(5.5,-15.));
#9796 = VECTOR('',#9797,1.);
#9797 = DIRECTION('',(0.,-1.));
#9798 = ( GEOMETRIC_REPRESENTATION_CONTEXT(2) 
PARAMETRIC_REPRESENTATION_CONTEXT() REPRESENTATION_CONTEXT('2D SPACE',''
  ) );
#9799 = ORIENTED_EDGE('',*,*,#9800,.T.);
#9800 = EDGE_CURVE('',#9778,#9801,#9803,.T.);
#9801 = VERTEX_POINT('',#9802);
#9802 = CARTESIAN_POINT('',(8.2,76.526181759258,15.942400129632));
#9803 = SURFACE_CURVE('',#9804,(#9808,#9815),.PCURVE_S1.);
#9804 = LINE('',#9805,#9806);
#9805 = CARTESIAN_POINT('',(8.2,81.5,5.));
#9806 = VECTOR('',#9807,1.);
#9807 = DIRECTION('',(0.,-0.413802944301,0.910366477463));
#9808 = PCURVE('',#6856,#9809);
#9809 = DEFINITIONAL_REPRESENTATION('',(#9810),#9814);
#9810 = LINE('',#9811,#9812);
#9811 = CARTESIAN_POINT('',(-3.234271437203E-15,-2.2));
#9812 = VECTOR('',#9813,1.);
#9813 = DIRECTION('',(1.,0.));
#9814 = ( GEOMETRIC_REPRESENTATION_CONTEXT(2) 
PARAMETRIC_REPRESENTATION_CONTEXT() REPRESENTATION_CONTEXT('2D SPACE',''
  ) );
#9815 = PCURVE('',#324,#9816);
#9816 = DEFINITIONAL_REPRESENTATION('',(#9817),#9821);
#9817 = LINE('',#9818,#9819);
#9818 = CARTESIAN_POINT('',(1.570796326795,0.));
#9819 = VECTOR('',#9820,1.);
#9820 = DIRECTION('',(0.,1.));
#9821 = ( GEOMETRIC_REPRESENTATION_CONTEXT(2) 
PARAMETRIC_REPRESENTATION_CONTEXT() REPRESENTATION_CONTEXT('2D SPACE',''
  ) );
#9822 = ORIENTED_EDGE('',*,*,#9823,.F.);
#9823 = EDGE_CURVE('',#6841,#9801,#9824,.T.);
#9824 = SURFACE_CURVE('',#9825,(#9836,#9850),.PCURVE_S1.);
#9825 = B_SPLINE_CURVE_WITH_KNOTS('',9,(#9826,#9827,#9828,#9829,#9830,
    #9831,#9832,#9833,#9834,#9835),.UNSPECIFIED.,.F.,.F.,(10,10),(0.,1.)
  ,.PIECEWISE_BEZIER_KNOTS.);
#9826 = CARTESIAN_POINT('',(7.8,76.5,16.));
#9827 = CARTESIAN_POINT('',(8.010499134014,76.5,16.));
#9828 = CARTESIAN_POINT('',(8.221000566923,76.515214217241,
    15.96652872207));
#9829 = CARTESIAN_POINT('',(8.424148894494,76.547170339343,
    15.896225253445));
#9830 = CARTESIAN_POINT('',(8.610094900966,76.596280889646,
    15.788182042779));
#9831 = CARTESIAN_POINT('',(8.767326716806,76.661343877978,
    15.645043468448));
#9832 = CARTESIAN_POINT('',(8.886007724225,76.738288882938,
    15.475764457537));
#9833 = CARTESIAN_POINT('',(8.963233182725,76.822352259016,
    15.290825030165));
#9834 = CARTESIAN_POINT('',(9.,76.909458371734,15.099191582186));
#9835 = CARTESIAN_POINT('',(9.,76.996563533161,14.907560227045));
#9836 = PCURVE('',#6856,#9837);
#9837 = DEFINITIONAL_REPRESENTATION('',(#9838),#9849);
#9838 = B_SPLINE_CURVE_WITH_KNOTS('',9,(#9839,#9840,#9841,#9842,#9843,
    #9844,#9845,#9846,#9847,#9848),.UNSPECIFIED.,.F.,.F.,(10,10),(0.,1.)
  ,.PIECEWISE_BEZIER_KNOTS.);
#9839 = CARTESIAN_POINT('',(12.083045973595,-1.8));
#9840 = CARTESIAN_POINT('',(12.083045973595,-2.010499134014));
#9841 = CARTESIAN_POINT('',(12.046279156319,-2.221000566923));
#9842 = CARTESIAN_POINT('',(11.96905369782,-2.424148894494));
#9843 = CARTESIAN_POINT('',(11.850372690401,-2.610094900966));
#9844 = CARTESIAN_POINT('',(11.693140874561,-2.767326716806));
#9845 = CARTESIAN_POINT('',(11.507194868088,-2.886007724225));
#9846 = CARTESIAN_POINT('',(11.304046540518,-2.963233182725));
#9847 = CARTESIAN_POINT('',(11.093545107609,-3.));
#9848 = CARTESIAN_POINT('',(10.883045973595,-3.));
#9849 = ( GEOMETRIC_REPRESENTATION_CONTEXT(2) 
PARAMETRIC_REPRESENTATION_CONTEXT() REPRESENTATION_CONTEXT('2D SPACE',''
  ) );
#9850 = PCURVE('',#354,#9851);
#9851 = DEFINITIONAL_REPRESENTATION('',(#9852),#9903);
#9852 = B_SPLINE_CURVE_WITH_KNOTS('',9,(#9853,#9854,#9855,#9856,#9857,
    #9858,#9859,#9860,#9861,#9862,#9863,#9864,#9865,#9866,#9867,#9868,
    #9869,#9870,#9871,#9872,#9873,#9874,#9875,#9876,#9877,#9878,#9879,
    #9880,#9881,#9882,#9883,#9884,#9885,#9886,#9887,#9888,#9889,#9890,
    #9891,#9892,#9893,#9894,#9895,#9896,#9897,#9898,#9899,#9900,#9901,
    #9902),.UNSPECIFIED.,.F.,.F.,(10,8,8,8,8,8,10),(0.,6.25E-02,0.125,
    0.25,0.5,0.75,1.),.UNSPECIFIED.);
#9853 = CARTESIAN_POINT('',(0.170309150164,0.818405943395));
#9854 = CARTESIAN_POINT('',(0.16898594986,0.811057031483));
#9855 = CARTESIAN_POINT('',(0.168273010633,0.806328296435));
#9856 = CARTESIAN_POINT('',(0.168083358134,0.805363890135));
#9857 = CARTESIAN_POINT('',(0.167033205154,0.797870324157));
#9858 = CARTESIAN_POINT('',(0.167873370216,0.803705967257));
#9859 = CARTESIAN_POINT('',(0.165704041562,0.789989453916));
#9860 = CARTESIAN_POINT('',(0.164954501975,0.782209329341));
#9861 = CARTESIAN_POINT('',(0.164037881196,0.772881413816));
#9862 = CARTESIAN_POINT('',(0.162662615439,0.755698397043));
#9863 = CARTESIAN_POINT('',(0.162136888376,0.747541594064));
#9864 = CARTESIAN_POINT('',(0.161733866237,0.739202325474));
#9865 = CARTESIAN_POINT('',(0.161442350338,0.730476516427));
#9866 = CARTESIAN_POINT('',(0.161269118582,0.721430922091));
#9867 = CARTESIAN_POINT('',(0.16122889985,0.712260861494));
#9868 = CARTESIAN_POINT('',(0.161334348382,0.70314795137));
#9869 = CARTESIAN_POINT('',(0.161586018165,0.694117840001));
#9870 = CARTESIAN_POINT('',(0.162714975611,0.666458143194));
#9871 = CARTESIAN_POINT('',(0.164015365664,0.647739205592));
#9872 = CARTESIAN_POINT('',(0.165836227758,0.628857288198));
#9873 = CARTESIAN_POINT('',(0.168153681229,0.609897933122));
#9874 = CARTESIAN_POINT('',(0.17094724447,0.590916064646));
#9875 = CARTESIAN_POINT('',(0.174199834928,0.571935989222));
#9876 = CARTESIAN_POINT('',(0.177897769104,0.552951395473));
#9877 = CARTESIAN_POINT('',(0.182030762553,0.533925354194));
#9878 = CARTESIAN_POINT('',(0.195714264551,0.476520246666));
#9879 = CARTESIAN_POINT('',(0.206639966226,0.437779397161));
#9880 = CARTESIAN_POINT('',(0.219168946455,0.398537470555));
#9881 = CARTESIAN_POINT('',(0.233700422123,0.357897588346));
#9882 = CARTESIAN_POINT('',(0.250661470513,0.315220815449));
#9883 = CARTESIAN_POINT('',(0.270169319987,0.270689736501));
#9884 = CARTESIAN_POINT('',(0.291927376293,0.225311085827));
#9885 = CARTESIAN_POINT('',(0.315354984489,0.180357431066));
#9886 = CARTESIAN_POINT('',(0.364546868511,9.213838986731E-02));
#9887 = CARTESIAN_POINT('',(0.390411699039,4.87984952092E-02));
#9888 = CARTESIAN_POINT('',(0.417038944088,6.779584762196E-03));
#9889 = CARTESIAN_POINT('',(0.444627383579,-3.442916816676E-02));
#9890 = CARTESIAN_POINT('',(0.473586531494,-7.552777848167E-02));
#9891 = CARTESIAN_POINT('',(0.50420390712,-0.116875967086));
#9892 = CARTESIAN_POINT('',(0.536474097387,-0.158307193214));
#9893 = CARTESIAN_POINT('',(0.570089610303,-0.199286201301));
#9894 = CARTESIAN_POINT('',(0.639097428659,-0.279533963492));
#9895 = CARTESIAN_POINT('',(0.674855009297,-0.319091122125));
#9896 = CARTESIAN_POINT('',(0.709073371459,-0.355731573587));
#9897 = CARTESIAN_POINT('',(0.750440856953,-0.396546131711));
#9898 = CARTESIAN_POINT('',(0.779625144481,-0.426008536983));
#9899 = CARTESIAN_POINT('',(0.826075541464,-0.467996985603));
#9900 = CARTESIAN_POINT('',(0.858872239813,-0.497262858232));
#9901 = CARTESIAN_POINT('',(0.899524178791,-0.53149725296));
#9902 = CARTESIAN_POINT('',(0.938777619702,-0.563084315654));
#9903 = ( GEOMETRIC_REPRESENTATION_CONTEXT(2) 
PARAMETRIC_REPRESENTATION_CONTEXT() REPRESENTATION_CONTEXT('2D SPACE',''
  ) );
#9904 = ADVANCED_FACE('',(#9905),#6748,.T.);
#9905 = FACE_BOUND('',#9906,.T.);
#9906 = EDGE_LOOP('',(#9907,#9908,#9909,#9910));
#9907 = ORIENTED_EDGE('',*,*,#7621,.T.);
#9908 = ORIENTED_EDGE('',*,*,#7405,.T.);
#9909 = ORIENTED_EDGE('',*,*,#6682,.F.);
#9910 = ORIENTED_EDGE('',*,*,#9721,.F.);
#9911 = ADVANCED_FACE('',(#9912),#6565,.F.);
#9912 = FACE_BOUND('',#9913,.F.);
#9913 = EDGE_LOOP('',(#9914,#9915,#9916,#9937));
#9914 = ORIENTED_EDGE('',*,*,#6630,.T.);
#9915 = ORIENTED_EDGE('',*,*,#6544,.T.);
#9916 = ORIENTED_EDGE('',*,*,#9917,.F.);
#9917 = EDGE_CURVE('',#7324,#6545,#9918,.T.);
#9918 = SURFACE_CURVE('',#9919,(#9923,#9930),.PCURVE_S1.);
#9919 = LINE('',#9920,#9921);
#9920 = CARTESIAN_POINT('',(2.25,76.5,19.));
#9921 = VECTOR('',#9922,1.);
#9922 = DIRECTION('',(0.,-1.,0.));
#9923 = PCURVE('',#6565,#9924);
#9924 = DEFINITIONAL_REPRESENTATION('',(#9925),#9929);
#9925 = LINE('',#9926,#9927);
#9926 = CARTESIAN_POINT('',(3.14159265359,0.));
#9927 = VECTOR('',#9928,1.);
#9928 = DIRECTION('',(0.,-1.));
#9929 = ( GEOMETRIC_REPRESENTATION_CONTEXT(2) 
PARAMETRIC_REPRESENTATION_CONTEXT() REPRESENTATION_CONTEXT('2D SPACE',''
  ) );
#9930 = PCURVE('',#6591,#9931);
#9931 = DEFINITIONAL_REPRESENTATION('',(#9932),#9936);
#9932 = LINE('',#9933,#9934);
#9933 = CARTESIAN_POINT('',(-0.,0.));
#9934 = VECTOR('',#9935,1.);
#9935 = DIRECTION('',(0.,-1.));
#9936 = ( GEOMETRIC_REPRESENTATION_CONTEXT(2) 
PARAMETRIC_REPRESENTATION_CONTEXT() REPRESENTATION_CONTEXT('2D SPACE',''
  ) );
#9937 = ORIENTED_EDGE('',*,*,#7323,.F.);
#9938 = ADVANCED_FACE('',(#9939),#6591,.F.);
#9939 = FACE_BOUND('',#9940,.F.);
#9940 = EDGE_LOOP('',(#9941,#9942,#9943,#9964));
#9941 = ORIENTED_EDGE('',*,*,#9917,.T.);
#9942 = ORIENTED_EDGE('',*,*,#6577,.T.);
#9943 = ORIENTED_EDGE('',*,*,#9944,.F.);
#9944 = EDGE_CURVE('',#7299,#6482,#9945,.T.);
#9945 = SURFACE_CURVE('',#9946,(#9950,#9957),.PCURVE_S1.);
#9946 = LINE('',#9947,#9948);
#9947 = CARTESIAN_POINT('',(2.25,76.5,7.));
#9948 = VECTOR('',#9949,1.);
#9949 = DIRECTION('',(0.,-1.,0.));
#9950 = PCURVE('',#6591,#9951);
#9951 = DEFINITIONAL_REPRESENTATION('',(#9952),#9956);
#9952 = LINE('',#9953,#9954);
#9953 = CARTESIAN_POINT('',(12.,0.));
#9954 = VECTOR('',#9955,1.);
#9955 = DIRECTION('',(0.,-1.));
#9956 = ( GEOMETRIC_REPRESENTATION_CONTEXT(2) 
PARAMETRIC_REPRESENTATION_CONTEXT() REPRESENTATION_CONTEXT('2D SPACE',''
  ) );
#9957 = PCURVE('',#6504,#9958);
#9958 = DEFINITIONAL_REPRESENTATION('',(#9959),#9963);
#9959 = LINE('',#9960,#9961);
#9960 = CARTESIAN_POINT('',(0.,0.));
#9961 = VECTOR('',#9962,1.);
#9962 = DIRECTION('',(0.,-1.));
#9963 = ( GEOMETRIC_REPRESENTATION_CONTEXT(2) 
PARAMETRIC_REPRESENTATION_CONTEXT() REPRESENTATION_CONTEXT('2D SPACE',''
  ) );
#9964 = ORIENTED_EDGE('',*,*,#7351,.F.);
#9965 = ADVANCED_FACE('',(#9966),#6504,.F.);
#9966 = FACE_BOUND('',#9967,.F.);
#9967 = EDGE_LOOP('',(#9968,#9969,#9970,#9971));
#9968 = ORIENTED_EDGE('',*,*,#9944,.T.);
#9969 = ORIENTED_EDGE('',*,*,#6481,.T.);
#9970 = ORIENTED_EDGE('',*,*,#6606,.F.);
#9971 = ORIENTED_EDGE('',*,*,#7298,.T.);
#9972 = ADVANCED_FACE('',(#9973),#6366,.T.);
#9973 = FACE_BOUND('',#9974,.T.);
#9974 = EDGE_LOOP('',(#9975,#10036,#10113,#10114));
#9975 = ORIENTED_EDGE('',*,*,#9976,.T.);
#9976 = EDGE_CURVE('',#9977,#9979,#9981,.T.);
#9977 = VERTEX_POINT('',#9978);
#9978 = CARTESIAN_POINT('',(-6.5,68.02750696328,8.857242338364));
#9979 = VERTEX_POINT('',#9980);
#9980 = CARTESIAN_POINT('',(-6.,68.5,8.693687056423));
#9981 = SURFACE_CURVE('',#9982,(#9987,#10029),.PCURVE_S1.);
#9982 = CIRCLE('',#9983,0.5);
#9983 = AXIS2_PLACEMENT_3D('',#9984,#9985,#9986);
#9984 = CARTESIAN_POINT('',(-6.5,68.5,8.693687056423));
#9985 = DIRECTION('',(0.,0.327110563883,0.94498607344));
#9986 = DIRECTION('',(0.,-0.94498607344,0.327110563883));
#9987 = PCURVE('',#6366,#9988);
#9988 = DEFINITIONAL_REPRESENTATION('',(#9989),#10028);
#9989 = B_SPLINE_CURVE_WITH_KNOTS('',7,(#9990,#9991,#9992,#9993,#9994,
    #9995,#9996,#9997,#9998,#9999,#10000,#10001,#10002,#10003,#10004,
    #10005,#10006,#10007,#10008,#10009,#10010,#10011,#10012,#10013,
    #10014,#10015,#10016,#10017,#10018,#10019,#10020,#10021,#10022,
    #10023,#10024,#10025,#10026,#10027),.UNSPECIFIED.,.F.,.F.,(8,6,6,6,6
    ,6,8),(0.,0.196349540849,0.392699081699,0.785398163397,
    1.178097245096,1.374446785946,1.570796326795),.UNSPECIFIED.);
#9990 = CARTESIAN_POINT('',(0.,6.198231384554));
#9991 = CARTESIAN_POINT('',(0.163313931129,6.198231384554));
#9992 = CARTESIAN_POINT('',(0.324414664683,6.198231384554));
#9993 = CARTESIAN_POINT('',(0.483458627096,6.198231384554));
#9994 = CARTESIAN_POINT('',(0.640599198813,6.198231384554));
#9995 = CARTESIAN_POINT('',(0.79596950908,6.198231384554));
#9996 = CARTESIAN_POINT('',(0.949705382801,6.198231384554));
#9997 = CARTESIAN_POINT('',(1.2541540692,6.198231384554));
#9998 = CARTESIAN_POINT('',(1.404867349929,6.198231384554));
#9999 = CARTESIAN_POINT('',(1.554194264741,6.198231384554));
#10000 = CARTESIAN_POINT('',(1.702253050409,6.198231384554));
#10001 = CARTESIAN_POINT('',(1.849156373703,6.198231384554));
#10002 = CARTESIAN_POINT('',(1.99501222118,6.198231384554));
#10003 = CARTESIAN_POINT('',(2.42974992453,6.198231384554));
#10004 = CARTESIAN_POINT('',(2.715801912834,6.198231384554));
#10005 = CARTESIAN_POINT('',(2.998913911078,6.198231384554));
#10006 = CARTESIAN_POINT('',(3.279858067374,6.198231384554));
#10007 = CARTESIAN_POINT('',(3.559368844952,6.198231384554));
#10008 = CARTESIAN_POINT('',(3.838163185528,6.198231384554));
#10009 = CARTESIAN_POINT('',(4.395751838121,6.198231384554));
#10010 = CARTESIAN_POINT('',(4.674546178698,6.198231384554));
#10011 = CARTESIAN_POINT('',(4.954056956274,6.198231384554));
#10012 = CARTESIAN_POINT('',(5.235001112571,6.198231384554));
#10013 = CARTESIAN_POINT('',(5.518113110816,6.198231384554));
#10014 = CARTESIAN_POINT('',(5.80416509912,6.198231384554));
#10015 = CARTESIAN_POINT('',(6.238902802469,6.198231384554));
#10016 = CARTESIAN_POINT('',(6.384758649946,6.198231384554));
#10017 = CARTESIAN_POINT('',(6.531661973241,6.198231384554));
#10018 = CARTESIAN_POINT('',(6.679720758908,6.198231384554));
#10019 = CARTESIAN_POINT('',(6.829047673721,6.198231384554));
#10020 = CARTESIAN_POINT('',(6.979760954449,6.198231384554));
#10021 = CARTESIAN_POINT('',(7.284209640848,6.198231384554));
#10022 = CARTESIAN_POINT('',(7.43794551457,6.198231384554));
#10023 = CARTESIAN_POINT('',(7.593315824837,6.198231384554));
#10024 = CARTESIAN_POINT('',(7.750456396554,6.198231384554));
#10025 = CARTESIAN_POINT('',(7.909500358967,6.198231384554));
#10026 = CARTESIAN_POINT('',(8.070601092521,6.198231384554));
#10027 = CARTESIAN_POINT('',(8.23391502365,6.198231384554));
#10028 = ( GEOMETRIC_REPRESENTATION_CONTEXT(2) 
PARAMETRIC_REPRESENTATION_CONTEXT() REPRESENTATION_CONTEXT('2D SPACE',''
  ) );
#10029 = PCURVE('',#4462,#10030);
#10030 = DEFINITIONAL_REPRESENTATION('',(#10031),#10035);
#10031 = LINE('',#10032,#10033);
#10032 = CARTESIAN_POINT('',(0.,6.198231384554));
#10033 = VECTOR('',#10034,1.);
#10034 = DIRECTION('',(1.,0.));
#10035 = ( GEOMETRIC_REPRESENTATION_CONTEXT(2) 
PARAMETRIC_REPRESENTATION_CONTEXT() REPRESENTATION_CONTEXT('2D SPACE',''
  ) );
#10036 = ORIENTED_EDGE('',*,*,#10037,.T.);
#10037 = EDGE_CURVE('',#9979,#6333,#10038,.T.);
#10038 = SURFACE_CURVE('',#10039,(#10064,#10071),.PCURVE_S1.);
#10039 = ( BOUNDED_CURVE() B_SPLINE_CURVE(12,(#10040,#10041,#10042,
    #10043,#10044,#10045,#10046,#10047,#10048,#10049,#10050,#10051,
    #10052,#10053,#10054,#10055,#10056,#10057,#10058,#10059,#10060,
    #10061,#10062,#10063),.UNSPECIFIED.,.F.,.F.) 
B_SPLINE_CURVE_WITH_KNOTS((13,11,13),(6.198231384554,7.274709179679,
14.432146408204),.UNSPECIFIED.) CURVE() GEOMETRIC_REPRESENTATION_ITEM() 
RATIONAL_B_SPLINE_CURVE((1.,1.,1.,1.,1.,1.000000000001,0.999999999999,
    1.000000000001,0.999999999999,1.,1.,1.,1.,1.,0.999999999999,
    1.000000000002,0.999999999997,1.000000000003,0.999999999997,
1.000000000002,0.999999999999,1.,1.,1.)) REPRESENTATION_ITEM('') );
#10040 = CARTESIAN_POINT('',(-6.,68.5,8.693687056422));
#10041 = CARTESIAN_POINT('',(-6.,68.532188375522,8.809922856918));
#10042 = CARTESIAN_POINT('',(-5.999434572993,68.564377656101,
    8.926163301586));
#10043 = CARTESIAN_POINT('',(-5.998304703172,68.596564040813,
    9.042392091352));
#10044 = CARTESIAN_POINT('',(-5.996608885997,68.628749762122,
    9.15862509757));
#10045 = CARTESIAN_POINT('',(-5.994345402171,68.660935434588,
    9.274868648986));
#10046 = CARTESIAN_POINT('',(-5.991512747559,68.69311880423,
    9.391113560092));
#10047 = CARTESIAN_POINT('',(-5.988108995928,68.725297083202,
    9.507348810885));
#10048 = CARTESIAN_POINT('',(-5.984130871393,68.757470054412,
    9.623578787798));
#10049 = CARTESIAN_POINT('',(-5.97957330746,68.789641130731,
    9.739827995884));
#10050 = CARTESIAN_POINT('',(-5.974430269552,68.821813553419,
    9.856117152017));
#10051 = CARTESIAN_POINT('',(-5.968697617902,68.853978914423,
    9.972394569132));
#10052 = CARTESIAN_POINT('',(-5.92036525925,69.099634386263,
    10.859764816891));
#10053 = CARTESIAN_POINT('',(-5.852312730567,69.312286900901,
    11.627814634334));
#10054 = CARTESIAN_POINT('',(-5.756317160372,69.519594901872,
    12.376529149121));
#10055 = CARTESIAN_POINT('',(-5.637957902075,69.715845390015,
    13.084785459145));
#10056 = CARTESIAN_POINT('',(-5.483026884905,69.900996147374,
    13.754386013066));
#10057 = CARTESIAN_POINT('',(-5.324386826674,70.061136430055,
    14.330827165435));
#10058 = CARTESIAN_POINT('',(-5.119575891014,70.209192719308,
    14.867857222071));
#10059 = CARTESIAN_POINT('',(-4.919670048856,70.319940561874,
    15.265321290508));
#10060 = CARTESIAN_POINT('',(-4.695823562749,70.413937968504,
    15.606452167414));
#10061 = CARTESIAN_POINT('',(-4.459537411428,70.471113757659,
    15.811993532218));
#10062 = CARTESIAN_POINT('',(-4.229999035799,70.5,15.915909278645));
#10063 = CARTESIAN_POINT('',(-4.,70.5,15.915909278645));
#10064 = PCURVE('',#6366,#10065);
#10065 = DEFINITIONAL_REPRESENTATION('',(#10066),#10070);
#10066 = LINE('',#10067,#10068);
#10067 = CARTESIAN_POINT('',(8.23391502365,0.));
#10068 = VECTOR('',#10069,1.);
#10069 = DIRECTION('',(0.,1.));
#10070 = ( GEOMETRIC_REPRESENTATION_CONTEXT(2) 
PARAMETRIC_REPRESENTATION_CONTEXT() REPRESENTATION_CONTEXT('2D SPACE',''
  ) );
#10071 = PCURVE('',#4405,#10072);
#10072 = DEFINITIONAL_REPRESENTATION('',(#10073),#10112);
#10073 = B_SPLINE_CURVE_WITH_KNOTS('',10,(#10074,#10075,#10076,#10077,
    #10078,#10079,#10080,#10081,#10082,#10083,#10084,#10085,#10086,
    #10087,#10088,#10089,#10090,#10091,#10092,#10093,#10094,#10095,
    #10096,#10097,#10098,#10099,#10100,#10101,#10102,#10103,#10104,
    #10105,#10106,#10107,#10108,#10109,#10110,#10111),.UNSPECIFIED.,.F.,
  .F.,(11,9,9,9,11),(6.198231384554,7.22747076251,8.256710140467,
    10.315188896379,14.432146408204),.UNSPECIFIED.);
#10074 = CARTESIAN_POINT('',(-1.570796326795,7.306312943578));
#10075 = CARTESIAN_POINT('',(-1.552330803168,7.172950828495));
#10076 = CARTESIAN_POINT('',(-1.533864648986,7.039582505655));
#10077 = CARTESIAN_POINT('',(-1.51539226218,6.906234020531));
#10078 = CARTESIAN_POINT('',(-1.496901875899,6.772868201741));
#10079 = CARTESIAN_POINT('',(-1.478385452115,6.639489189909));
#10080 = CARTESIAN_POINT('',(-1.459837448433,6.50612703999));
#10081 = CARTESIAN_POINT('',(-1.441249461777,6.372779849049));
#10082 = CARTESIAN_POINT('',(-1.42260775272,6.239390862157));
#10083 = CARTESIAN_POINT('',(-1.403900654117,6.105938008354));
#10084 = CARTESIAN_POINT('',(-1.366385081495,5.839488630156));
#10085 = CARTESIAN_POINT('',(-1.347585591173,5.706616244221));
#10086 = CARTESIAN_POINT('',(-1.328684611997,5.57335224988));
#10087 = CARTESIAN_POINT('',(-1.309778960285,5.441122887316));
#10088 = CARTESIAN_POINT('',(-1.290756091674,5.308373782898));
#10089 = CARTESIAN_POINT('',(-1.271728043571,5.176756750624));
#10090 = CARTESIAN_POINT('',(-1.252619113511,5.045237914071));
#10091 = CARTESIAN_POINT('',(-1.233472873124,4.914504367015));
#10092 = CARTESIAN_POINT('',(-1.214275605684,4.784418657076));
#10093 = CARTESIAN_POINT('',(-1.156546637431,4.396525100513));
#10094 = CARTESIAN_POINT('',(-1.117876468709,4.141057133905));
#10095 = CARTESIAN_POINT('',(-1.079033658286,3.889405879664));
#10096 = CARTESIAN_POINT('',(-1.040029778459,3.642254034418));
#10097 = CARTESIAN_POINT('',(-1.000876172894,3.400274469114));
#10098 = CARTESIAN_POINT('',(-0.961583703868,3.164126681223));
#10099 = CARTESIAN_POINT('',(-0.922162499533,2.93445324706));
#10100 = CARTESIAN_POINT('',(-0.882621701149,2.711876273985));
#10101 = CARTESIAN_POINT('',(-0.842969210351,2.496993852702));
#10102 = CARTESIAN_POINT('',(-0.723695888477,1.877141823071));
#10103 = CARTESIAN_POINT('',(-0.643761892141,1.496979469284));
#10104 = CARTESIAN_POINT('',(-0.563456898515,1.154382449723));
#10105 = CARTESIAN_POINT('',(-0.482893580418,0.853902344466));
#10106 = CARTESIAN_POINT('',(-0.401981857264,0.598116432812));
#10107 = CARTESIAN_POINT('',(-0.321206491566,0.392561353664));
#10108 = CARTESIAN_POINT('',(-0.239753034103,0.234643025365));
#10109 = CARTESIAN_POINT('',(-0.158642387463,0.134503800717));
#10110 = CARTESIAN_POINT('',(-7.937725986933E-02,8.409072135517E-02));
#10111 = CARTESIAN_POINT('',(8.160339947712E-16,8.409072135528E-02));
#10112 = ( GEOMETRIC_REPRESENTATION_CONTEXT(2) 
PARAMETRIC_REPRESENTATION_CONTEXT() REPRESENTATION_CONTEXT('2D SPACE',''
  ) );
#10113 = ORIENTED_EDGE('',*,*,#6332,.F.);
#10114 = ORIENTED_EDGE('',*,*,#10115,.F.);
#10115 = EDGE_CURVE('',#9977,#6310,#10116,.T.);
#10116 = SURFACE_CURVE('',#10117,(#10142,#10149),.PCURVE_S1.);
#10117 = ( BOUNDED_CURVE() B_SPLINE_CURVE(12,(#10118,#10119,#10120,
    #10121,#10122,#10123,#10124,#10125,#10126,#10127,#10128,#10129,
    #10130,#10131,#10132,#10133,#10134,#10135,#10136,#10137,#10138,
    #10139,#10140,#10141),.UNSPECIFIED.,.F.,.F.) 
B_SPLINE_CURVE_WITH_KNOTS((13,11,13),(6.198231384554,7.274709179679,
14.432146408204),.UNSPECIFIED.) CURVE() GEOMETRIC_REPRESENTATION_ITEM() 
RATIONAL_B_SPLINE_CURVE((1.,1.,1.,1.,1.,1.000000000001,0.999999999999,
    1.000000000001,0.999999999999,1.,1.,1.,1.,1.,0.999999999999,
    1.000000000002,0.999999999997,1.000000000003,0.999999999997,
1.000000000002,0.999999999999,1.,1.,1.)) REPRESENTATION_ITEM('') );
#10118 = CARTESIAN_POINT('',(-6.5,68.02750696328,8.857242338364));
#10119 = CARTESIAN_POINT('',(-6.5,68.066881383007,8.970990662019));
#10120 = CARTESIAN_POINT('',(-6.49930997486,68.10625413729,
    9.084734174394));
#10121 = CARTESIAN_POINT('',(-6.497925837264,68.145631764238,
    9.198491763354));
#10122 = CARTESIAN_POINT('',(-6.495849618822,68.185006154422,
    9.312240001664));
#10123 = CARTESIAN_POINT('',(-6.493081811547,68.224377961363,
    9.425980777273));
#10124 = CARTESIAN_POINT('',(-6.48961906257,68.263751844624,
    9.539727551134));
#10125 = CARTESIAN_POINT('',(-6.485455310037,68.30312126156,
    9.653461422286));
#10126 = CARTESIAN_POINT('',(-6.480584448353,68.342460523628,
    9.767108179369));
#10127 = CARTESIAN_POINT('',(-6.475002610656,68.38174183331,
    9.88058751845));
#10128 = CARTESIAN_POINT('',(-6.468708156711,68.420995017556,
    9.993985606272));
#10129 = CARTESIAN_POINT('',(-6.461697454122,68.460427673795,
    10.10790216874));
#10130 = CARTESIAN_POINT('',(-6.402472369423,68.767882747412,
    10.996105714746));
#10131 = CARTESIAN_POINT('',(-6.318215643839,69.034685441036,
    11.766869051883));
#10132 = CARTESIAN_POINT('',(-6.200459289008,69.294321209566,
    12.516927938745));
#10133 = CARTESIAN_POINT('',(-6.047789066528,69.541787464925,
    13.231830454232));
#10134 = CARTESIAN_POINT('',(-5.867313373205,69.770019381221,
    13.891167101295));
#10135 = CARTESIAN_POINT('',(-5.649983468097,69.977640396732,
    14.490961146127));
#10136 = CARTESIAN_POINT('',(-5.416654193238,70.153506995905,
    14.999020210382));
#10137 = CARTESIAN_POINT('',(-5.152797576192,70.302667805018,
    15.4299292145));
#10138 = CARTESIAN_POINT('',(-4.877372806805,70.412663163222,
    15.747693582641));
#10139 = CARTESIAN_POINT('',(-4.591044415484,70.489324545193,
    15.969159797225));
#10140 = CARTESIAN_POINT('',(-4.295448583128,70.52750696328,
    16.079464560587));
#10141 = CARTESIAN_POINT('',(-4.,70.52750696328,16.079464560586));
#10142 = PCURVE('',#6366,#10143);
#10143 = DEFINITIONAL_REPRESENTATION('',(#10144),#10148);
#10144 = LINE('',#10145,#10146);
#10145 = CARTESIAN_POINT('',(0.,0.));
#10146 = VECTOR('',#10147,1.);
#10147 = DIRECTION('',(0.,1.));
#10148 = ( GEOMETRIC_REPRESENTATION_CONTEXT(2) 
PARAMETRIC_REPRESENTATION_CONTEXT() REPRESENTATION_CONTEXT('2D SPACE',''
  ) );
#10149 = PCURVE('',#4491,#10150);
#10150 = DEFINITIONAL_REPRESENTATION('',(#10151),#10176);
#10151 = ( BOUNDED_CURVE() B_SPLINE_CURVE(12,(#10152,#10153,#10154,
    #10155,#10156,#10157,#10158,#10159,#10160,#10161,#10162,#10163,
    #10164,#10165,#10166,#10167,#10168,#10169,#10170,#10171,#10172,
    #10173,#10174,#10175),.UNSPECIFIED.,.F.,.F.) 
B_SPLINE_CURVE_WITH_KNOTS((13,11,13),(6.198231384554,7.274709179679,
14.432146408204),.UNSPECIFIED.) CURVE() GEOMETRIC_REPRESENTATION_ITEM() 
RATIONAL_B_SPLINE_CURVE((1.,1.,1.,1.,1.,1.000000000001,0.999999999999,
    1.000000000001,0.999999999999,1.,1.,1.,1.,1.,0.999999999999,
    1.000000000002,0.999999999997,1.000000000003,0.999999999997,
1.000000000002,0.999999999999,1.,1.,1.)) REPRESENTATION_ITEM('') );
#10152 = CARTESIAN_POINT('',(6.198231384554,-2.5));
#10153 = CARTESIAN_POINT('',(6.318601754925,-2.5));
#10154 = CARTESIAN_POINT('',(6.438967033919,-2.50069002514));
#10155 = CARTESIAN_POINT('',(6.559347208989,-2.502074162736));
#10156 = CARTESIAN_POINT('',(6.679717489046,-2.504150381178));
#10157 = CARTESIAN_POINT('',(6.800079871948,-2.506918188453));
#10158 = CARTESIAN_POINT('',(6.920448602301,-2.51038093743));
#10159 = CARTESIAN_POINT('',(7.040803678792,-2.514544689963));
#10160 = CARTESIAN_POINT('',(7.161066569725,-2.519415551647));
#10161 = CARTESIAN_POINT('',(7.281152296141,-2.524997389344));
#10162 = CARTESIAN_POINT('',(7.40115204112,-2.531291843289));
#10163 = CARTESIAN_POINT('',(7.521700444604,-2.538302545878));
#10164 = CARTESIAN_POINT('',(8.46161222846,-2.597527630577));
#10165 = CARTESIAN_POINT('',(9.277246827529,-2.681784356161));
#10166 = CARTESIAN_POINT('',(10.070971632522,-2.799540710992));
#10167 = CARTESIAN_POINT('',(10.827493379857,-2.952210933472));
#10168 = CARTESIAN_POINT('',(11.525214399876,-3.132686626795));
#10169 = CARTESIAN_POINT('',(12.159926446632,-3.350016531903));
#10170 = CARTESIAN_POINT('',(12.697563009263,-3.583345806762));
#10171 = CARTESIAN_POINT('',(13.153558093452,-3.847202423808));
#10172 = CARTESIAN_POINT('',(13.489821639628,-4.122627193195));
#10173 = CARTESIAN_POINT('',(13.724180876031,-4.408955584516));
#10174 = CARTESIAN_POINT('',(13.840907213553,-4.704551416872));
#10175 = CARTESIAN_POINT('',(13.840907213553,-5.));
#10176 = ( GEOMETRIC_REPRESENTATION_CONTEXT(2) 
PARAMETRIC_REPRESENTATION_CONTEXT() REPRESENTATION_CONTEXT('2D SPACE',''
  ) );
#10177 = ADVANCED_FACE('',(#10178),#6297,.T.);
#10178 = FACE_BOUND('',#10179,.T.);
#10179 = EDGE_LOOP('',(#10180,#10245,#10267,#10332));
#10180 = ORIENTED_EDGE('',*,*,#10181,.F.);
#10181 = EDGE_CURVE('',#497,#5707,#10182,.T.);
#10182 = SURFACE_CURVE('',#10183,(#10191,#10203),.PCURVE_S1.);
#10183 = ( BOUNDED_CURVE() B_SPLINE_CURVE(6,(#10184,#10185,#10186,#10187
    ,#10188,#10189,#10190),.UNSPECIFIED.,.F.,.F.) 
B_SPLINE_CURVE_WITH_KNOTS((7,7),(0.,1.570796326795),
.PIECEWISE_BEZIER_KNOTS.) CURVE() GEOMETRIC_REPRESENTATION_ITEM() 
RATIONAL_B_SPLINE_CURVE((1.031393471788,1.010025407661,0.997924642725,
    0.993958444137,0.997924642725,1.010025407661,1.031393471788)) 
REPRESENTATION_ITEM('') );
#10184 = CARTESIAN_POINT('',(9.,71.7,16.));
#10185 = CARTESIAN_POINT('',(9.,71.379195860216,16.));
#10186 = CARTESIAN_POINT('',(8.89799477924,71.066749712901,16.));
#10187 = CARTESIAN_POINT('',(8.702303415843,70.797696584157,16.));
#10188 = CARTESIAN_POINT('',(8.433250287099,70.60200522076,16.));
#10189 = CARTESIAN_POINT('',(8.120804139784,70.5,16.));
#10190 = CARTESIAN_POINT('',(7.8,70.5,16.));
#10191 = PCURVE('',#6297,#10192);
#10192 = DEFINITIONAL_REPRESENTATION('',(#10193),#10202);
#10193 = B_SPLINE_CURVE_WITH_KNOTS('',7,(#10194,#10195,#10196,#10197,
    #10198,#10199,#10200,#10201),.UNSPECIFIED.,.F.,.F.,(8,8),(0.,
    1.570796326795),.PIECEWISE_BEZIER_KNOTS.);
#10194 = CARTESIAN_POINT('',(0.,0.));
#10195 = CARTESIAN_POINT('',(0.,0.224398447986));
#10196 = CARTESIAN_POINT('',(0.,0.448800730466));
#10197 = CARTESIAN_POINT('',(0.,0.67319635718));
#10198 = CARTESIAN_POINT('',(0.,0.897599969614));
#10199 = CARTESIAN_POINT('',(0.,1.121995596329));
#10200 = CARTESIAN_POINT('',(0.,1.346397878809));
#10201 = CARTESIAN_POINT('',(0.,1.570796326795));
#10202 = ( GEOMETRIC_REPRESENTATION_CONTEXT(2) 
PARAMETRIC_REPRESENTATION_CONTEXT() REPRESENTATION_CONTEXT('2D SPACE',''
  ) );
#10203 = PCURVE('',#542,#10204);
#10204 = DEFINITIONAL_REPRESENTATION('',(#10205),#10244);
#10205 = B_SPLINE_CURVE_WITH_KNOTS('',10,(#10206,#10207,#10208,#10209,
    #10210,#10211,#10212,#10213,#10214,#10215,#10216,#10217,#10218,
    #10219,#10220,#10221,#10222,#10223,#10224,#10225,#10226,#10227,
    #10228,#10229,#10230,#10231,#10232,#10233,#10234,#10235,#10236,
    #10237,#10238,#10239,#10240,#10241,#10242,#10243),.UNSPECIFIED.,.F.,
  .F.,(11,9,9,9,11),(0.,0.785398163397,1.178097245096,1.374446785946,
    1.570796326795),.UNSPECIFIED.);
#10206 = CARTESIAN_POINT('',(1.026029373221,-0.177624529796));
#10207 = CARTESIAN_POINT('',(0.941115691049,-0.149894647409));
#10208 = CARTESIAN_POINT('',(0.852113190488,-0.116711810662));
#10209 = CARTESIAN_POINT('',(0.777072223511,-8.374470111932E-02));
#10210 = CARTESIAN_POINT('',(0.669485648196,-3.703715007716E-02));
#10211 = CARTESIAN_POINT('',(0.61145993832,2.001312866076E-04));
#10212 = CARTESIAN_POINT('',(0.510190628915,5.061250760417E-02));
#10213 = CARTESIAN_POINT('',(0.438026911777,0.100435370032));
#10214 = CARTESIAN_POINT('',(0.358510053851,0.153716627556));
#10215 = CARTESIAN_POINT('',(0.289069903006,0.206023738915));
#10216 = CARTESIAN_POINT('',(0.189904082641,0.287229618528));
#10217 = CARTESIAN_POINT('',(0.158026159096,0.314685170077));
#10218 = CARTESIAN_POINT('',(0.126886540754,0.34259434079));
#10219 = CARTESIAN_POINT('',(9.60872545526E-02,0.371391275437));
#10220 = CARTESIAN_POINT('',(6.535976688209E-02,0.401641204223));
#10221 = CARTESIAN_POINT('',(3.465335137887E-02,0.433804077588));
#10222 = CARTESIAN_POINT('',(4.223456731664E-03,0.467998201028));
#10223 = CARTESIAN_POINT('',(-2.527992552116E-02,0.503763869897));
#10224 = CARTESIAN_POINT('',(-5.272389318819E-02,0.539827004223));
#10225 = CARTESIAN_POINT('',(-8.824445184429E-02,0.590880673159));
#10226 = CARTESIAN_POINT('',(-9.924578124935E-02,0.607489623971));
#10227 = CARTESIAN_POINT('',(-0.109403985188,0.623594126576));
#10228 = CARTESIAN_POINT('',(-0.118728951504,0.639126693274));
#10229 = CARTESIAN_POINT('',(-0.127244724535,0.654047858038));
#10230 = CARTESIAN_POINT('',(-0.134989505117,0.668346176514));
#10231 = CARTESIAN_POINT('',(-0.14201565058,0.682038226026));
#10232 = CARTESIAN_POINT('',(-0.14838967475,0.695168605567));
#10233 = CARTESIAN_POINT('',(-0.154192247948,0.707809935807));
#10234 = CARTESIAN_POINT('',(-0.164844146039,0.732315782371));
#10235 = CARTESIAN_POINT('',(-0.169629256103,0.743649971255));
#10236 = CARTESIAN_POINT('',(-0.174072706939,0.757679725747));
#10237 = CARTESIAN_POINT('',(-0.176628228299,0.758536460753));
#10238 = CARTESIAN_POINT('',(-0.185343646014,0.794960375255));
#10239 = CARTESIAN_POINT('',(-0.178639444066,0.764268712348));
#10240 = CARTESIAN_POINT('',(-0.191630813722,0.813050685585));
#10241 = CARTESIAN_POINT('',(-0.189317736905,0.806243302905));
#10242 = CARTESIAN_POINT('',(-0.191627296545,0.815043129466));
#10243 = CARTESIAN_POINT('',(-0.193609031998,0.824439584946));
#10244 = ( GEOMETRIC_REPRESENTATION_CONTEXT(2) 
PARAMETRIC_REPRESENTATION_CONTEXT() REPRESENTATION_CONTEXT('2D SPACE',''
  ) );
#10245 = ORIENTED_EDGE('',*,*,#10246,.T.);
#10246 = EDGE_CURVE('',#497,#2024,#10247,.T.);
#10247 = SURFACE_CURVE('',#10248,(#10253,#10260),.PCURVE_S1.);
#10248 = CIRCLE('',#10249,9.);
#10249 = AXIS2_PLACEMENT_3D('',#10250,#10251,#10252);
#10250 = CARTESIAN_POINT('',(0.,71.7,16.));
#10251 = DIRECTION('',(0.,-1.,-0.));
#10252 = DIRECTION('',(1.,0.,0.));
#10253 = PCURVE('',#6297,#10254);
#10254 = DEFINITIONAL_REPRESENTATION('',(#10255),#10259);
#10255 = LINE('',#10256,#10257);
#10256 = CARTESIAN_POINT('',(0.,0.));
#10257 = VECTOR('',#10258,1.);
#10258 = DIRECTION('',(1.,0.));
#10259 = ( GEOMETRIC_REPRESENTATION_CONTEXT(2) 
PARAMETRIC_REPRESENTATION_CONTEXT() REPRESENTATION_CONTEXT('2D SPACE',''
  ) );
#10260 = PCURVE('',#512,#10261);
#10261 = DEFINITIONAL_REPRESENTATION('',(#10262),#10266);
#10262 = LINE('',#10263,#10264);
#10263 = CARTESIAN_POINT('',(-0.,-4.8));
#10264 = VECTOR('',#10265,1.);
#10265 = DIRECTION('',(-1.,0.));
#10266 = ( GEOMETRIC_REPRESENTATION_CONTEXT(2) 
PARAMETRIC_REPRESENTATION_CONTEXT() REPRESENTATION_CONTEXT('2D SPACE',''
  ) );
#10267 = ORIENTED_EDGE('',*,*,#10268,.T.);
#10268 = EDGE_CURVE('',#2024,#6281,#10269,.T.);
#10269 = SURFACE_CURVE('',#10270,(#10278,#10290),.PCURVE_S1.);
#10270 = ( BOUNDED_CURVE() B_SPLINE_CURVE(6,(#10271,#10272,#10273,#10274
    ,#10275,#10276,#10277),.UNSPECIFIED.,.F.,.F.) 
B_SPLINE_CURVE_WITH_KNOTS((7,7),(0.,1.570796326795),
.PIECEWISE_BEZIER_KNOTS.) CURVE() GEOMETRIC_REPRESENTATION_ITEM() 
RATIONAL_B_SPLINE_CURVE((1.031393471788,1.010025407661,0.997924642725,
    0.993958444137,0.997924642725,1.010025407661,1.031393471788)) 
REPRESENTATION_ITEM('') );
#10271 = CARTESIAN_POINT('',(-9.,71.7,16.));
#10272 = CARTESIAN_POINT('',(-9.,71.379195860216,16.));
#10273 = CARTESIAN_POINT('',(-8.89799477924,71.066749712901,16.));
#10274 = CARTESIAN_POINT('',(-8.702303415843,70.797696584157,16.));
#10275 = CARTESIAN_POINT('',(-8.433250287099,70.60200522076,16.));
#10276 = CARTESIAN_POINT('',(-8.120804139784,70.5,16.));
#10277 = CARTESIAN_POINT('',(-7.8,70.5,16.));
#10278 = PCURVE('',#6297,#10279);
#10279 = DEFINITIONAL_REPRESENTATION('',(#10280),#10289);
#10280 = B_SPLINE_CURVE_WITH_KNOTS('',7,(#10281,#10282,#10283,#10284,
    #10285,#10286,#10287,#10288),.UNSPECIFIED.,.F.,.F.,(8,8),(0.,
    1.570796326795),.PIECEWISE_BEZIER_KNOTS.);
#10281 = CARTESIAN_POINT('',(3.14159265359,0.));
#10282 = CARTESIAN_POINT('',(3.14159265359,0.224398447986));
#10283 = CARTESIAN_POINT('',(3.14159265359,0.448800730466));
#10284 = CARTESIAN_POINT('',(3.14159265359,0.67319635718));
#10285 = CARTESIAN_POINT('',(3.14159265359,0.897599969614));
#10286 = CARTESIAN_POINT('',(3.14159265359,1.121995596329));
#10287 = CARTESIAN_POINT('',(3.14159265359,1.346397878809));
#10288 = CARTESIAN_POINT('',(3.14159265359,1.570796326795));
#10289 = ( GEOMETRIC_REPRESENTATION_CONTEXT(2) 
PARAMETRIC_REPRESENTATION_CONTEXT() REPRESENTATION_CONTEXT('2D SPACE',''
  ) );
#10290 = PCURVE('',#2064,#10291);
#10291 = DEFINITIONAL_REPRESENTATION('',(#10292),#10331);
#10292 = B_SPLINE_CURVE_WITH_KNOTS('',10,(#10293,#10294,#10295,#10296,
    #10297,#10298,#10299,#10300,#10301,#10302,#10303,#10304,#10305,
    #10306,#10307,#10308,#10309,#10310,#10311,#10312,#10313,#10314,
    #10315,#10316,#10317,#10318,#10319,#10320,#10321,#10322,#10323,
    #10324,#10325,#10326,#10327,#10328,#10329,#10330),.UNSPECIFIED.,.F.,
  .F.,(11,9,9,9,11),(0.,0.785398163397,1.178097245096,1.374446785946,
    1.570796326795),.UNSPECIFIED.);
#10293 = CARTESIAN_POINT('',(1.026029373221,-0.177624529796));
#10294 = CARTESIAN_POINT('',(0.941115690778,-0.149894647321));
#10295 = CARTESIAN_POINT('',(0.852113189586,-0.116711810341));
#10296 = CARTESIAN_POINT('',(0.777072226668,-8.374470212523E-02));
#10297 = CARTESIAN_POINT('',(0.669485643396,-3.703714869815E-02));
#10298 = CARTESIAN_POINT('',(0.611459943016,2.001300358381E-04));
#10299 = CARTESIAN_POINT('',(0.510190625839,5.061250838786E-02));
#10300 = CARTESIAN_POINT('',(0.438026912991,0.100435369742));
#10301 = CARTESIAN_POINT('',(0.358510053591,0.153716627626));
#10302 = CARTESIAN_POINT('',(0.289069902991,0.206023738926));
#10303 = CARTESIAN_POINT('',(0.189904082619,0.287229618547));
#10304 = CARTESIAN_POINT('',(0.158026159068,0.314685170099));
#10305 = CARTESIAN_POINT('',(0.126886540733,0.342594340809));
#10306 = CARTESIAN_POINT('',(9.608725456222E-02,0.371391275435));
#10307 = CARTESIAN_POINT('',(6.535976694636E-02,0.401641204172));
#10308 = CARTESIAN_POINT('',(3.46533515166E-02,0.433804077456));
#10309 = CARTESIAN_POINT('',(4.223456947769E-03,0.467998200791));
#10310 = CARTESIAN_POINT('',(-2.527992524359E-02,0.503763869556));
#10311 = CARTESIAN_POINT('',(-5.27238928965E-02,0.53982700383));
#10312 = CARTESIAN_POINT('',(-8.824445166095E-02,0.590880672882));
#10313 = CARTESIAN_POINT('',(-9.92457811154E-02,0.607489623757));
#10314 = CARTESIAN_POINT('',(-0.109403985111,0.623594126442));
#10315 = CARTESIAN_POINT('',(-0.118728951486,0.639126693232));
#10316 = CARTESIAN_POINT('',(-0.127244724575,0.654047858095));
#10317 = CARTESIAN_POINT('',(-0.134989505209,0.668346176673));
#10318 = CARTESIAN_POINT('',(-0.142015650716,0.682038226283));
#10319 = CARTESIAN_POINT('',(-0.148389674922,0.695168605915));
#10320 = CARTESIAN_POINT('',(-0.154192248146,0.707809936235));
#10321 = CARTESIAN_POINT('',(-0.164844146269,0.732315782927));
#10322 = CARTESIAN_POINT('',(-0.16962925636,0.743649971881));
#10323 = CARTESIAN_POINT('',(-0.174072707132,0.757679726455));
#10324 = CARTESIAN_POINT('',(-0.176628228496,0.758536460851));
#10325 = CARTESIAN_POINT('',(-0.185343646518,0.794960377555));
#10326 = CARTESIAN_POINT('',(-0.178639443694,0.764268710532));
#10327 = CARTESIAN_POINT('',(-0.191630814318,0.813050687925));
#10328 = CARTESIAN_POINT('',(-0.18931773694,0.806243303133));
#10329 = CARTESIAN_POINT('',(-0.191627296574,0.815043129601));
#10330 = CARTESIAN_POINT('',(-0.193609031998,0.824439584946));
#10331 = ( GEOMETRIC_REPRESENTATION_CONTEXT(2) 
PARAMETRIC_REPRESENTATION_CONTEXT() REPRESENTATION_CONTEXT('2D SPACE',''
  ) );
#10332 = ORIENTED_EDGE('',*,*,#6280,.F.);
#10333 = ADVANCED_FACE('',(#10334),#4405,.F.);
#10334 = FACE_BOUND('',#10335,.T.);
#10335 = EDGE_LOOP('',(#10336,#10337,#10338,#10359));
#10336 = ORIENTED_EDGE('',*,*,#6455,.F.);
#10337 = ORIENTED_EDGE('',*,*,#10037,.F.);
#10338 = ORIENTED_EDGE('',*,*,#10339,.T.);
#10339 = EDGE_CURVE('',#9979,#4389,#10340,.T.);
#10340 = SURFACE_CURVE('',#10341,(#10345,#10352),.PCURVE_S1.);
#10341 = LINE('',#10342,#10343);
#10342 = CARTESIAN_POINT('',(-6.,68.5,16.));
#10343 = VECTOR('',#10344,1.);
#10344 = DIRECTION('',(0.,0.,-1.));
#10345 = PCURVE('',#4405,#10346);
#10346 = DEFINITIONAL_REPRESENTATION('',(#10347),#10351);
#10347 = LINE('',#10348,#10349);
#10348 = CARTESIAN_POINT('',(-1.570796326795,0.));
#10349 = VECTOR('',#10350,1.);
#10350 = DIRECTION('',(-0.,1.));
#10351 = ( GEOMETRIC_REPRESENTATION_CONTEXT(2) 
PARAMETRIC_REPRESENTATION_CONTEXT() REPRESENTATION_CONTEXT('2D SPACE',''
  ) );
#10352 = PCURVE('',#4433,#10353);
#10353 = DEFINITIONAL_REPRESENTATION('',(#10354),#10358);
#10354 = LINE('',#10355,#10356);
#10355 = CARTESIAN_POINT('',(-7.435795876951,0.685795876951));
#10356 = VECTOR('',#10357,1.);
#10357 = DIRECTION('',(1.,0.));
#10358 = ( GEOMETRIC_REPRESENTATION_CONTEXT(2) 
PARAMETRIC_REPRESENTATION_CONTEXT() REPRESENTATION_CONTEXT('2D SPACE',''
  ) );
#10359 = ORIENTED_EDGE('',*,*,#4388,.F.);
#10360 = ADVANCED_FACE('',(#10361),#4433,.F.);
#10361 = FACE_BOUND('',#10362,.F.);
#10362 = EDGE_LOOP('',(#10363,#10364,#10365));
#10363 = ORIENTED_EDGE('',*,*,#10339,.T.);
#10364 = ORIENTED_EDGE('',*,*,#4417,.T.);
#10365 = ORIENTED_EDGE('',*,*,#10366,.T.);
#10366 = EDGE_CURVE('',#4418,#9979,#10367,.T.);
#10367 = SURFACE_CURVE('',#10368,(#10372,#10379),.PCURVE_S1.);
#10368 = LINE('',#10369,#10370);
#10369 = CARTESIAN_POINT('',(-6.,66.47249303672,2.836444718058));
#10370 = VECTOR('',#10371,1.);
#10371 = DIRECTION('',(0.,0.327110563883,0.94498607344));
#10372 = PCURVE('',#4433,#10373);
#10373 = DEFINITIONAL_REPRESENTATION('',(#10374),#10378);
#10374 = LINE('',#10375,#10376);
#10375 = CARTESIAN_POINT('',(5.727759404991,2.71330284023));
#10376 = VECTOR('',#10377,1.);
#10377 = DIRECTION('',(-0.94498607344,-0.327110563883));
#10378 = ( GEOMETRIC_REPRESENTATION_CONTEXT(2) 
PARAMETRIC_REPRESENTATION_CONTEXT() REPRESENTATION_CONTEXT('2D SPACE',''
  ) );
#10379 = PCURVE('',#4462,#10380);
#10380 = DEFINITIONAL_REPRESENTATION('',(#10381),#10385);
#10381 = LINE('',#10382,#10383);
#10382 = CARTESIAN_POINT('',(1.570796326795,0.));
#10383 = VECTOR('',#10384,1.);
#10384 = DIRECTION('',(0.,1.));
#10385 = ( GEOMETRIC_REPRESENTATION_CONTEXT(2) 
PARAMETRIC_REPRESENTATION_CONTEXT() REPRESENTATION_CONTEXT('2D SPACE',''
  ) );
#10386 = ADVANCED_FACE('',(#10387),#4462,.T.);
#10387 = FACE_BOUND('',#10388,.T.);
#10388 = EDGE_LOOP('',(#10389,#10390,#10391,#10392));
#10389 = ORIENTED_EDGE('',*,*,#4445,.T.);
#10390 = ORIENTED_EDGE('',*,*,#10366,.T.);
#10391 = ORIENTED_EDGE('',*,*,#9976,.F.);
#10392 = ORIENTED_EDGE('',*,*,#10393,.F.);
#10393 = EDGE_CURVE('',#4446,#9977,#10394,.T.);
#10394 = SURFACE_CURVE('',#10395,(#10399,#10406),.PCURVE_S1.);
#10395 = LINE('',#10396,#10397);
#10396 = CARTESIAN_POINT('',(-6.5,66.,3.));
#10397 = VECTOR('',#10398,1.);
#10398 = DIRECTION('',(0.,0.327110563883,0.94498607344));
#10399 = PCURVE('',#4462,#10400);
#10400 = DEFINITIONAL_REPRESENTATION('',(#10401),#10405);
#10401 = LINE('',#10402,#10403);
#10402 = CARTESIAN_POINT('',(0.,0.));
#10403 = VECTOR('',#10404,1.);
#10404 = DIRECTION('',(0.,1.));
#10405 = ( GEOMETRIC_REPRESENTATION_CONTEXT(2) 
PARAMETRIC_REPRESENTATION_CONTEXT() REPRESENTATION_CONTEXT('2D SPACE',''
  ) );
#10406 = PCURVE('',#4491,#10407);
#10407 = DEFINITIONAL_REPRESENTATION('',(#10408),#10412);
#10408 = LINE('',#10409,#10410);
#10409 = CARTESIAN_POINT('',(-1.678632474694E-15,-2.5));
#10410 = VECTOR('',#10411,1.);
#10411 = DIRECTION('',(1.,0.));
#10412 = ( GEOMETRIC_REPRESENTATION_CONTEXT(2) 
PARAMETRIC_REPRESENTATION_CONTEXT() REPRESENTATION_CONTEXT('2D SPACE',''
  ) );
#10413 = ADVANCED_FACE('',(#10414),#4491,.T.);
#10414 = FACE_BOUND('',#10415,.T.);
#10415 = EDGE_LOOP('',(#10416,#10417,#10498,#10519,#10520,#10521));
#10416 = ORIENTED_EDGE('',*,*,#6309,.T.);
#10417 = ORIENTED_EDGE('',*,*,#10418,.T.);
#10418 = EDGE_CURVE('',#6281,#10419,#10421,.T.);
#10419 = VERTEX_POINT('',#10420);
#10420 = CARTESIAN_POINT('',(-8.2,70.479303361292,15.9402097104));
#10421 = SURFACE_CURVE('',#10422,(#10433,#10447),.PCURVE_S1.);
#10422 = B_SPLINE_CURVE_WITH_KNOTS('',9,(#10423,#10424,#10425,#10426,
    #10427,#10428,#10429,#10430,#10431,#10432),.UNSPECIFIED.,.F.,.F.,(10
    ,10),(0.,1.),.PIECEWISE_BEZIER_KNOTS.);
#10423 = CARTESIAN_POINT('',(-7.8,70.5,16.));
#10424 = CARTESIAN_POINT('',(-8.010499134014,70.5,16.));
#10425 = CARTESIAN_POINT('',(-8.221000566923,70.487973185669,
    15.96525586971));
#10426 = CARTESIAN_POINT('',(-8.424148894494,70.462711922393,
    15.892278886913));
#10427 = CARTESIAN_POINT('',(-8.610094900966,70.423890111134,
    15.78012698772));
#10428 = CARTESIAN_POINT('',(-8.767326716806,70.372457923194,
    15.63154511145));
#10429 = CARTESIAN_POINT('',(-8.886007724225,70.311633020165,
    15.455828724921));
#10430 = CARTESIAN_POINT('',(-8.963233182725,70.245181056182,
    15.263856384525));
#10431 = CARTESIAN_POINT('',(-9.,70.176323813764,15.064935461986));
#10432 = CARTESIAN_POINT('',(-9.,70.10746732334,14.866016711872));
#10433 = PCURVE('',#4491,#10434);
#10434 = DEFINITIONAL_REPRESENTATION('',(#10435),#10446);
#10435 = B_SPLINE_CURVE_WITH_KNOTS('',9,(#10436,#10437,#10438,#10439,
    #10440,#10441,#10442,#10443,#10444,#10445),.UNSPECIFIED.,.F.,.F.,(10
    ,10),(0.,1.),.PIECEWISE_BEZIER_KNOTS.);
#10436 = CARTESIAN_POINT('',(13.756816492198,-1.2));
#10437 = CARTESIAN_POINT('',(13.756816492198,-0.989500865986));
#10438 = CARTESIAN_POINT('',(13.720049674922,-0.778999433077));
#10439 = CARTESIAN_POINT('',(13.642824216423,-0.575851105506));
#10440 = CARTESIAN_POINT('',(13.524143209004,-0.389905099034));
#10441 = CARTESIAN_POINT('',(13.366911393164,-0.232673283194));
#10442 = CARTESIAN_POINT('',(13.180965386691,-0.113992275775));
#10443 = CARTESIAN_POINT('',(12.977817059121,-3.676681727517E-02));
#10444 = CARTESIAN_POINT('',(12.767315626212,0.));
#10445 = CARTESIAN_POINT('',(12.556816492198,0.));
#10446 = ( GEOMETRIC_REPRESENTATION_CONTEXT(2) 
PARAMETRIC_REPRESENTATION_CONTEXT() REPRESENTATION_CONTEXT('2D SPACE',''
  ) );
#10447 = PCURVE('',#2064,#10448);
#10448 = DEFINITIONAL_REPRESENTATION('',(#10449),#10497);
#10449 = B_SPLINE_CURVE_WITH_KNOTS('',10,(#10450,#10451,#10452,#10453,
    #10454,#10455,#10456,#10457,#10458,#10459,#10460,#10461,#10462,
    #10463,#10464,#10465,#10466,#10467,#10468,#10469,#10470,#10471,
    #10472,#10473,#10474,#10475,#10476,#10477,#10478,#10479,#10480,
    #10481,#10482,#10483,#10484,#10485,#10486,#10487,#10488,#10489,
    #10490,#10491,#10492,#10493,#10494,#10495,#10496),.UNSPECIFIED.,.F.,
  .F.,(11,9,9,9,9,11),(0.,0.125,0.25,0.5,0.75,1.),.UNSPECIFIED.);
#10450 = CARTESIAN_POINT('',(-0.193609031998,0.824439584946));
#10451 = CARTESIAN_POINT('',(-0.1916172612,0.814995546591));
#10452 = CARTESIAN_POINT('',(-0.189987839155,0.806411302756));
#10453 = CARTESIAN_POINT('',(-0.189017653552,0.799256457654));
#10454 = CARTESIAN_POINT('',(-0.186426380582,0.789095527165));
#10455 = CARTESIAN_POINT('',(-0.184147429137,0.763510674667));
#10456 = CARTESIAN_POINT('',(-0.184342766399,0.766995512329));
#10457 = CARTESIAN_POINT('',(-0.182078708998,0.742730899244));
#10458 = CARTESIAN_POINT('',(-0.181722156987,0.731286523335));
#10459 = CARTESIAN_POINT('',(-0.181228277695,0.715160165223));
#10460 = CARTESIAN_POINT('',(-0.181173578658,0.682779570334));
#10461 = CARTESIAN_POINT('',(-0.181558648369,0.665958000497));
#10462 = CARTESIAN_POINT('',(-0.182358036598,0.648694780877));
#10463 = CARTESIAN_POINT('',(-0.183569681478,0.631146857091));
#10464 = CARTESIAN_POINT('',(-0.185187559987,0.613438497772));
#10465 = CARTESIAN_POINT('',(-0.187201687946,0.595661294562));
#10466 = CARTESIAN_POINT('',(-0.189598120019,0.577874162114));
#10467 = CARTESIAN_POINT('',(-0.192358949715,0.560103338094));
#10468 = CARTESIAN_POINT('',(-0.195462309387,0.542342383177));
#10469 = CARTESIAN_POINT('',(-0.205722491922,0.488971776804));
#10470 = CARTESIAN_POINT('',(-0.21393232836,0.453224422019));
#10471 = CARTESIAN_POINT('',(-0.223338572461,0.417301806249));
#10472 = CARTESIAN_POINT('',(-0.234095170859,0.380618241935));
#10473 = CARTESIAN_POINT('',(-0.246453303952,0.342578950389));
#10474 = CARTESIAN_POINT('',(-0.260598324127,0.302935603101));
#10475 = CARTESIAN_POINT('',(-0.276553652179,0.261929118384));
#10476 = CARTESIAN_POINT('',(-0.294151631905,0.220219713345));
#10477 = CARTESIAN_POINT('',(-0.313071342895,0.178604211206));
#10478 = CARTESIAN_POINT('',(-0.35281540012,9.643699667298E-02));
#10479 = CARTESIAN_POINT('',(-0.373722443038,5.579853363578E-02));
#10480 = CARTESIAN_POINT('',(-0.395306966023,1.609658116667E-02));
#10481 = CARTESIAN_POINT('',(-0.417598182153,-2.287590696972E-02));
#10482 = CARTESIAN_POINT('',(-0.440798261907,-6.156962813638E-02));
#10483 = CARTESIAN_POINT('',(-0.465120970433,-0.100362304783));
#10484 = CARTESIAN_POINT('',(-0.490682732018,-0.139380193809));
#10485 = CARTESIAN_POINT('',(-0.517446121751,-0.17845773134));
#10486 = CARTESIAN_POINT('',(-0.545215784385,-0.217235312897));
#10487 = CARTESIAN_POINT('',(-0.602157776392,-0.293555105072));
#10488 = CARTESIAN_POINT('',(-0.631570264438,-0.33132014681));
#10489 = CARTESIAN_POINT('',(-0.66033910767,-0.36712677454));
#10490 = CARTESIAN_POINT('',(-0.692376582886,-0.404698744492));
#10491 = CARTESIAN_POINT('',(-0.721360124291,-0.438134729323));
#10492 = CARTESIAN_POINT('',(-0.752122765749,-0.472060399675));
#10493 = CARTESIAN_POINT('',(-0.786645765018,-0.508293202475));
#10494 = CARTESIAN_POINT('',(-0.815923124547,-0.538255070982));
#10495 = CARTESIAN_POINT('',(-0.849554231197,-0.571185498936));
#10496 = CARTESIAN_POINT('',(-0.882303621582,-0.602054786215));
#10497 = ( GEOMETRIC_REPRESENTATION_CONTEXT(2) 
PARAMETRIC_REPRESENTATION_CONTEXT() REPRESENTATION_CONTEXT('2D SPACE',''
  ) );
#10498 = ORIENTED_EDGE('',*,*,#10499,.F.);
#10499 = EDGE_CURVE('',#3844,#10419,#10500,.T.);
#10500 = SURFACE_CURVE('',#10501,(#10505,#10512),.PCURVE_S1.);
#10501 = LINE('',#10502,#10503);
#10502 = CARTESIAN_POINT('',(-8.2,66.,3.));
#10503 = VECTOR('',#10504,1.);
#10504 = DIRECTION('',(0.,0.327110563883,0.94498607344));
#10505 = PCURVE('',#4491,#10506);
#10506 = DEFINITIONAL_REPRESENTATION('',(#10507),#10511);
#10507 = LINE('',#10508,#10509);
#10508 = CARTESIAN_POINT('',(2.937606830714E-15,-0.8));
#10509 = VECTOR('',#10510,1.);
#10510 = DIRECTION('',(1.,0.));
#10511 = ( GEOMETRIC_REPRESENTATION_CONTEXT(2) 
PARAMETRIC_REPRESENTATION_CONTEXT() REPRESENTATION_CONTEXT('2D SPACE',''
  ) );
#10512 = PCURVE('',#2216,#10513);
#10513 = DEFINITIONAL_REPRESENTATION('',(#10514),#10518);
#10514 = LINE('',#10515,#10516);
#10515 = CARTESIAN_POINT('',(1.570796326795,0.));
#10516 = VECTOR('',#10517,1.);
#10517 = DIRECTION('',(0.,1.));
#10518 = ( GEOMETRIC_REPRESENTATION_CONTEXT(2) 
PARAMETRIC_REPRESENTATION_CONTEXT() REPRESENTATION_CONTEXT('2D SPACE',''
  ) );
#10519 = ORIENTED_EDGE('',*,*,#4477,.T.);
#10520 = ORIENTED_EDGE('',*,*,#10393,.T.);
#10521 = ORIENTED_EDGE('',*,*,#10115,.T.);
#10522 = ADVANCED_FACE('',(#10523),#2296,.T.);
#10523 = FACE_BOUND('',#10524,.F.);
#10524 = EDGE_LOOP('',(#10525,#10547,#10569,#10570));
#10525 = ORIENTED_EDGE('',*,*,#10526,.F.);
#10526 = EDGE_CURVE('',#820,#3880,#10527,.T.);
#10527 = SURFACE_CURVE('',#10528,(#10533,#10540),.PCURVE_S1.);
#10528 = CIRCLE('',#10529,0.5);
#10529 = AXIS2_PLACEMENT_3D('',#10530,#10531,#10532);
#10530 = CARTESIAN_POINT('',(-5.,0.5,2.5));
#10531 = DIRECTION('',(-1.,-0.,0.));
#10532 = DIRECTION('',(0.,-1.,0.));
#10533 = PCURVE('',#2296,#10534);
#10534 = DEFINITIONAL_REPRESENTATION('',(#10535),#10539);
#10535 = LINE('',#10536,#10537);
#10536 = CARTESIAN_POINT('',(2.22044604925E-16,-0.));
#10537 = VECTOR('',#10538,1.);
#10538 = DIRECTION('',(-0.,1.));
#10539 = ( GEOMETRIC_REPRESENTATION_CONTEXT(2) 
PARAMETRIC_REPRESENTATION_CONTEXT() REPRESENTATION_CONTEXT('2D SPACE',''
  ) );
#10540 = PCURVE('',#861,#10541);
#10541 = DEFINITIONAL_REPRESENTATION('',(#10542),#10546);
#10542 = LINE('',#10543,#10544);
#10543 = CARTESIAN_POINT('',(0.,10.));
#10544 = VECTOR('',#10545,1.);
#10545 = DIRECTION('',(1.,0.));
#10546 = ( GEOMETRIC_REPRESENTATION_CONTEXT(2) 
PARAMETRIC_REPRESENTATION_CONTEXT() REPRESENTATION_CONTEXT('2D SPACE',''
  ) );
#10547 = ORIENTED_EDGE('',*,*,#10548,.T.);
#10548 = EDGE_CURVE('',#820,#1787,#10549,.T.);
#10549 = SURFACE_CURVE('',#10550,(#10555,#10562),.PCURVE_S1.);
#10550 = CIRCLE('',#10551,4.);
#10551 = AXIS2_PLACEMENT_3D('',#10552,#10553,#10554);
#10552 = CARTESIAN_POINT('',(-5.,4.,2.5));
#10553 = DIRECTION('',(-0.,0.,-1.));
#10554 = DIRECTION('',(-2.22044604925E-16,-1.,0.));
#10555 = PCURVE('',#2296,#10556);
#10556 = DEFINITIONAL_REPRESENTATION('',(#10557),#10561);
#10557 = LINE('',#10558,#10559);
#10558 = CARTESIAN_POINT('',(-0.,0.));
#10559 = VECTOR('',#10560,1.);
#10560 = DIRECTION('',(-1.,0.));
#10561 = ( GEOMETRIC_REPRESENTATION_CONTEXT(2) 
PARAMETRIC_REPRESENTATION_CONTEXT() REPRESENTATION_CONTEXT('2D SPACE',''
  ) );
#10562 = PCURVE('',#835,#10563);
#10563 = DEFINITIONAL_REPRESENTATION('',(#10564),#10568);
#10564 = LINE('',#10565,#10566);
#10565 = CARTESIAN_POINT('',(1.570796326795,2.5));
#10566 = VECTOR('',#10567,1.);
#10567 = DIRECTION('',(-1.,-0.));
#10568 = ( GEOMETRIC_REPRESENTATION_CONTEXT(2) 
PARAMETRIC_REPRESENTATION_CONTEXT() REPRESENTATION_CONTEXT('2D SPACE',''
  ) );
#10569 = ORIENTED_EDGE('',*,*,#2279,.T.);
#10570 = ORIENTED_EDGE('',*,*,#3879,.F.);
#10571 = ADVANCED_FACE('',(#10572),#2216,.T.);
#10572 = FACE_BOUND('',#10573,.T.);
#10573 = EDGE_LOOP('',(#10574,#10575,#10576,#10702,#10703));
#10574 = ORIENTED_EDGE('',*,*,#3843,.T.);
#10575 = ORIENTED_EDGE('',*,*,#10499,.T.);
#10576 = ORIENTED_EDGE('',*,*,#10577,.F.);
#10577 = EDGE_CURVE('',#2047,#10419,#10578,.T.);
#10578 = SURFACE_CURVE('',#10579,(#10610,#10626),.PCURVE_S1.);
#10579 = B_SPLINE_CURVE_WITH_KNOTS('',8,(#10580,#10581,#10582,#10583,
    #10584,#10585,#10586,#10587,#10588,#10589,#10590,#10591,#10592,
    #10593,#10594,#10595,#10596,#10597,#10598,#10599,#10600,#10601,
    #10602,#10603,#10604,#10605,#10606,#10607,#10608,#10609),
  .UNSPECIFIED.,.F.,.F.,(9,7,7,7,9),(0.,0.226859334745,0.390781180701,
    0.643633417125,1.),.UNSPECIFIED.);
#10580 = CARTESIAN_POINT('',(-9.000132859855,71.168104861737,
    15.484419552741));
#10581 = CARTESIAN_POINT('',(-9.000247165063,71.141398120758,
    15.475609575497));
#10582 = CARTESIAN_POINT('',(-8.999285650214,71.103928033067,
    15.468141993819));
#10583 = CARTESIAN_POINT('',(-8.996585613397,71.065977968728,
    15.464590957165));
#10584 = CARTESIAN_POINT('',(-8.991973442927,71.028181663839,
    15.463574949822));
#10585 = CARTESIAN_POINT('',(-8.985451532189,70.99098721633,
    15.464377307413));
#10586 = CARTESIAN_POINT('',(-8.977071048287,70.954623505773,
    15.466875166021));
#10587 = CARTESIAN_POINT('',(-8.966821925731,70.919109998394,
    15.471217829731));
#10588 = CARTESIAN_POINT('',(-8.945665590422,70.859164442307,
    15.481616516875));
#10589 = CARTESIAN_POINT('',(-8.93583873793,70.834705437509,
    15.48687030902));
#10590 = CARTESIAN_POINT('',(-8.925068047472,70.810908838069,
    15.492859608253));
#10591 = CARTESIAN_POINT('',(-8.913366945704,70.787764321511,
    15.499454031015));
#10592 = CARTESIAN_POINT('',(-8.900753766162,70.765275327697,
    15.506549134955));
#10593 = CARTESIAN_POINT('',(-8.887251749268,70.743459058817,
    15.514066418931));
#10594 = CARTESIAN_POINT('',(-8.872889042323,70.722346479399,
    15.521953323009));
#10595 = CARTESIAN_POINT('',(-8.834267337272,70.67057024824,
    15.542877997649));
#10596 = CARTESIAN_POINT('',(-8.808445237937,70.640413618893,
    15.556742581312));
#10597 = CARTESIAN_POINT('',(-8.780548474733,70.612287585754,
    15.571951696139));
#10598 = CARTESIAN_POINT('',(-8.751078269417,70.587201836897,
    15.589206613499));
#10599 = CARTESIAN_POINT('',(-8.720880118437,70.566217577771,
    15.61009196282));
#10600 = CARTESIAN_POINT('',(-8.69058171583,70.549571087234,
    15.635171885995));
#10601 = CARTESIAN_POINT('',(-8.660213619859,70.536312206102,
    15.662721052939));
#10602 = CARTESIAN_POINT('',(-8.58721640781,70.51066167134,
    15.730822357556));
#10603 = CARTESIAN_POINT('',(-8.543701242954,70.500513566011,
    15.773155766278));
#10604 = CARTESIAN_POINT('',(-8.497754682964,70.492587899409,
    15.813621464907));
#10605 = CARTESIAN_POINT('',(-8.448816672239,70.485363628154,
    15.850904867575));
#10606 = CARTESIAN_POINT('',(-8.394007054124,70.479161683499,
    15.879511062281));
#10607 = CARTESIAN_POINT('',(-8.338297747243,70.476211860259,
    15.90744434816));
#10608 = CARTESIAN_POINT('',(-8.276439810344,70.475911631848,
    15.925514396542));
#10609 = CARTESIAN_POINT('',(-8.200107414517,70.47905381588,
    15.949941392254));
#10610 = PCURVE('',#2216,#10611);
#10611 = DEFINITIONAL_REPRESENTATION('',(#10612),#10625);
#10612 = B_SPLINE_CURVE_WITH_KNOTS('',11,(#10613,#10614,#10615,#10616,
    #10617,#10618,#10619,#10620,#10621,#10622,#10623,#10624),
  .UNSPECIFIED.,.F.,.F.,(12,12),(0.,1.),.PIECEWISE_BEZIER_KNOTS.);
#10613 = CARTESIAN_POINT('',(-2.22044604925E-16,13.488144307855));
#10614 = CARTESIAN_POINT('',(8.958578213727E-02,13.433447426045));
#10615 = CARTESIAN_POINT('',(0.322130818568,13.356043822691));
#10616 = CARTESIAN_POINT('',(0.266424264583,13.4441334832));
#10617 = CARTESIAN_POINT('',(0.875195163259,13.132426348182));
#10618 = CARTESIAN_POINT('',(0.221557032882,13.84511297156));
#10619 = CARTESIAN_POINT('',(1.349721028043,12.773806549477));
#10620 = CARTESIAN_POINT('',(0.762274324586,13.81504721575));
#10621 = CARTESIAN_POINT('',(1.166929136763,13.430798930752));
#10622 = CARTESIAN_POINT('',(1.247510829715,13.647987591124));
#10623 = CARTESIAN_POINT('',(1.375660688717,13.653431356801));
#10624 = CARTESIAN_POINT('',(1.570796326795,13.702660086923));
#10625 = ( GEOMETRIC_REPRESENTATION_CONTEXT(2) 
PARAMETRIC_REPRESENTATION_CONTEXT() REPRESENTATION_CONTEXT('2D SPACE',''
  ) );
#10626 = PCURVE('',#2064,#10627);
#10627 = DEFINITIONAL_REPRESENTATION('',(#10628),#10701);
#10628 = B_SPLINE_CURVE_WITH_KNOTS('',11,(#10629,#10630,#10631,#10632,
    #10633,#10634,#10635,#10636,#10637,#10638,#10639,#10640,#10641,
    #10642,#10643,#10644,#10645,#10646,#10647,#10648,#10649,#10650,
    #10651,#10652,#10653,#10654,#10655,#10656,#10657,#10658,#10659,
    #10660,#10661,#10662,#10663,#10664,#10665,#10666,#10667,#10668,
    #10669,#10670,#10671,#10672,#10673,#10674,#10675,#10676,#10677,
    #10678,#10679,#10680,#10681,#10682,#10683,#10684,#10685,#10686,
    #10687,#10688,#10689,#10690,#10691,#10692,#10693,#10694,#10695,
    #10696,#10697,#10698,#10699,#10700),.UNSPECIFIED.,.F.,.F.,(12,10,10,
    10,10,10,10,12),(0.,0.25,0.375,0.5,0.625,0.75,0.875,1.),
  .UNSPECIFIED.);
#10629 = CARTESIAN_POINT('',(0.33182920124,-0.427371245151));
#10630 = CARTESIAN_POINT('',(0.309584739269,-0.426619955257));
#10631 = CARTESIAN_POINT('',(0.28163431603,-0.422969844551));
#10632 = CARTESIAN_POINT('',(0.252254521285,-0.416412839912));
#10633 = CARTESIAN_POINT('',(0.224794727907,-0.408533174592));
#10634 = CARTESIAN_POINT('',(0.194173513344,-0.396740429609));
#10635 = CARTESIAN_POINT('',(0.170611290118,-0.386918114982));
#10636 = CARTESIAN_POINT('',(0.140190113395,-0.371724593035));
#10637 = CARTESIAN_POINT('',(0.116965703993,-0.358545129469));
#10638 = CARTESIAN_POINT('',(9.092453412811E-02,-0.342229560705));
#10639 = CARTESIAN_POINT('',(6.662904677486E-02,-0.324899036183));
#10640 = CARTESIAN_POINT('',(3.160047014034E-02,-0.297286331637));
#10641 = CARTESIAN_POINT('',(2.016626543384E-02,-0.287810586022));
#10642 = CARTESIAN_POINT('',(8.963534757135E-03,-0.27807988661));
#10643 = CARTESIAN_POINT('',(-2.016499271548E-03,-0.268109847931));
#10644 = CARTESIAN_POINT('',(-1.278087794049E-02,-0.257915142078));
#10645 = CARTESIAN_POINT('',(-2.333490644454E-02,-0.247509498703));
#10646 = CARTESIAN_POINT('',(-3.368215388504E-02,-0.236905705018));
#10647 = CARTESIAN_POINT('',(-4.382445326994E-02,-0.226115605799));
#10648 = CARTESIAN_POINT('',(-5.376190151366E-02,-0.21515010338));
#10649 = CARTESIAN_POINT('',(-6.349285943719E-02,-0.204019157657));
#10650 = CARTESIAN_POINT('',(-8.253504409894E-02,-0.181444414519));
#10651 = CARTESIAN_POINT('',(-9.182148400854E-02,-0.170040346096));
#10652 = CARTESIAN_POINT('',(-0.100956661487,-0.158407479395));
#10653 = CARTESIAN_POINT('',(-0.109917788688,-0.146534341192));
#10654 = CARTESIAN_POINT('',(-0.118648752039,-0.13444144983));
#10655 = CARTESIAN_POINT('',(-0.12709453481,-0.122145794332));
#10656 = CARTESIAN_POINT('',(-0.135209309908,-0.10964952522));
#10657 = CARTESIAN_POINT('',(-0.14295030273,-9.694395296577E-02));
#10658 = CARTESIAN_POINT('',(-0.150269523846,-8.401995000764E-02));
#10659 = CARTESIAN_POINT('',(-0.157115471326,-7.087585227553E-02));
#10660 = CARTESIAN_POINT('',(-0.169798333682,-4.415206003996E-02));
#10661 = CARTESIAN_POINT('',(-0.175636747661,-3.057422833817E-02));
#10662 = CARTESIAN_POINT('',(-0.180931364292,-1.677398011285E-02));
#10663 = CARTESIAN_POINT('',(-0.185654307248,-2.751458732278E-03));
#10664 = CARTESIAN_POINT('',(-0.189790604024,1.14865681276E-02));
#10665 = CARTESIAN_POINT('',(-0.193338185938,2.592670848287E-02));
#10666 = CARTESIAN_POINT('',(-0.196307888132,4.054894604212E-02));
#10667 = CARTESIAN_POINT('',(-0.198723449569,5.532664020587E-02));
#10668 = CARTESIAN_POINT('',(-0.200621513034,7.022652606712E-02));
#10669 = CARTESIAN_POINT('',(-0.202051625138,8.520871441092E-02));
#10670 = CARTESIAN_POINT('',(-0.204100847483,0.115244669018));
#10671 = CARTESIAN_POINT('',(-0.204718333463,0.130290084243));
#10672 = CARTESIAN_POINT('',(-0.204978162716,0.145277769653));
#10673 = CARTESIAN_POINT('',(-0.204948244766,0.160374199336));
#10674 = CARTESIAN_POINT('',(-0.204689946131,0.175557674308));
#10675 = CARTESIAN_POINT('',(-0.204254252078,0.190709428116));
#10676 = CARTESIAN_POINT('',(-0.203685489457,0.205787634614));
#10677 = CARTESIAN_POINT('',(-0.20302423367,0.22085191543));
#10678 = CARTESIAN_POINT('',(-0.202306230701,0.235921560463));
#10679 = CARTESIAN_POINT('',(-0.201559372906,0.25086629058));
#10680 = CARTESIAN_POINT('',(-0.200052577363,0.280621724464));
#10681 = CARTESIAN_POINT('',(-0.199296506667,0.29542035965));
#10682 = CARTESIAN_POINT('',(-0.198555471753,0.310121744677));
#10683 = CARTESIAN_POINT('',(-0.197843538465,0.324711806102));
#10684 = CARTESIAN_POINT('',(-0.197171129781,0.33918056544));
#10685 = CARTESIAN_POINT('',(-0.196545025816,0.353522139165));
#10686 = CARTESIAN_POINT('',(-0.19596836382,0.367734738711));
#10687 = CARTESIAN_POINT('',(-0.195440638178,0.38182067047));
#10688 = CARTESIAN_POINT('',(-0.194957700411,0.395786335795));
#10689 = CARTESIAN_POINT('',(-0.194511759176,0.409642230997));
#10690 = CARTESIAN_POINT('',(-0.193671001356,0.437163663696));
#10691 = CARTESIAN_POINT('',(-0.19328135792,0.450799917254));
#10692 = CARTESIAN_POINT('',(-0.192912735335,0.464537718999));
#10693 = CARTESIAN_POINT('',(-0.192569906773,0.477918457184));
#10694 = CARTESIAN_POINT('',(-0.192238298728,0.491478144845));
#10695 = CARTESIAN_POINT('',(-0.191912929764,0.50530324266));
#10696 = CARTESIAN_POINT('',(-0.191599864568,0.518991017959));
#10697 = CARTESIAN_POINT('',(-0.191293301379,0.532661492995));
#10698 = CARTESIAN_POINT('',(-0.190966819575,0.546983462159));
#10699 = CARTESIAN_POINT('',(-0.190594755807,0.561688818649));
#10700 = CARTESIAN_POINT('',(-0.190139151332,0.576757526131));
#10701 = ( GEOMETRIC_REPRESENTATION_CONTEXT(2) 
PARAMETRIC_REPRESENTATION_CONTEXT() REPRESENTATION_CONTEXT('2D SPACE',''
  ) );
#10702 = ORIENTED_EDGE('',*,*,#2200,.F.);
#10703 = ORIENTED_EDGE('',*,*,#2387,.T.);
#10704 = ADVANCED_FACE('',(#10705),#2064,.F.);
#10705 = FACE_BOUND('',#10706,.F.);
#10706 = EDGE_LOOP('',(#10707,#10708,#10709,#10710));
#10707 = ORIENTED_EDGE('',*,*,#2046,.T.);
#10708 = ORIENTED_EDGE('',*,*,#10268,.T.);
#10709 = ORIENTED_EDGE('',*,*,#10418,.T.);
#10710 = ORIENTED_EDGE('',*,*,#10577,.F.);
#10711 = ADVANCED_FACE('',(#10712),#1881,.F.);
#10712 = FACE_BOUND('',#10713,.F.);
#10713 = EDGE_LOOP('',(#10714,#10715,#10850,#10851));
#10714 = ORIENTED_EDGE('',*,*,#1863,.F.);
#10715 = ORIENTED_EDGE('',*,*,#10716,.F.);
#10716 = EDGE_CURVE('',#9280,#1836,#10717,.T.);
#10717 = SURFACE_CURVE('',#10718,(#10745,#10832),.PCURVE_S1.);
#10718 = B_SPLINE_CURVE_WITH_KNOTS('',7,(#10719,#10720,#10721,#10722,
    #10723,#10724,#10725,#10726,#10727,#10728,#10729,#10730,#10731,
    #10732,#10733,#10734,#10735,#10736,#10737,#10738,#10739,#10740,
    #10741,#10742,#10743,#10744),.UNSPECIFIED.,.F.,.F.,(8,6,6,6,8),(0.,
    0.224267074113,0.427110499605,0.672456432277,1.),.UNSPECIFIED.);
#10719 = CARTESIAN_POINT('',(-8.200015746169,76.525929205728,
    15.948429154798));
#10720 = CARTESIAN_POINT('',(-8.241044758749,76.527999243537,
    15.938601177652));
#10721 = CARTESIAN_POINT('',(-8.286156563668,76.530549159509,
    15.926599732316));
#10722 = CARTESIAN_POINT('',(-8.33023430831,76.530954901798,
    15.912146385599));
#10723 = CARTESIAN_POINT('',(-8.372095166591,76.530432651791,
    15.893256589307));
#10724 = CARTESIAN_POINT('',(-8.411848068173,76.529108001103,
    15.870917784362));
#10725 = CARTESIAN_POINT('',(-8.449845962053,76.526831890453,
    15.846601800954));
#10726 = CARTESIAN_POINT('',(-8.518011070567,76.521432059408,
    15.795515194982));
#10727 = CARTESIAN_POINT('',(-8.548606336739,76.518447993689,
    15.769342257381));
#10728 = CARTESIAN_POINT('',(-8.578140243919,76.514599609357,
    15.742017206247));
#10729 = CARTESIAN_POINT('',(-8.607170296645,76.509269043381,
    15.7144089274));
#10730 = CARTESIAN_POINT('',(-8.636095138746,76.501665311703,
    15.687496432122));
#10731 = CARTESIAN_POINT('',(-8.665154553338,76.490824309245,
    15.662368857158));
#10732 = CARTESIAN_POINT('',(-8.729838448617,76.457205152653,
    15.61344228819));
#10733 = CARTESIAN_POINT('',(-8.764484206961,76.433237463404,
    15.591253562932));
#10734 = CARTESIAN_POINT('',(-8.797563044481,76.403616076206,
    15.574413459579));
#10735 = CARTESIAN_POINT('',(-8.828317843041,76.370108698348,
    15.56010935736));
#10736 = CARTESIAN_POINT('',(-8.85624200334,76.334417793847,
    15.546301726367));
#10737 = CARTESIAN_POINT('',(-8.881265607689,76.296832105279,
    15.533361910125));
#10738 = CARTESIAN_POINT('',(-8.932978767831,76.204468515778,
    15.505877778835));
#10739 = CARTESIAN_POINT('',(-8.955343761356,76.151937868693,
    15.493568434377));
#10740 = CARTESIAN_POINT('',(-8.974288246085,76.095465545048,
    15.482217468452));
#10741 = CARTESIAN_POINT('',(-8.990088562349,76.031568476717,
    15.478304480545));
#10742 = CARTESIAN_POINT('',(-8.997927097914,75.964379680569,
    15.469235904029));
#10743 = CARTESIAN_POINT('',(-8.999996389288,75.901313249183,
    15.476567531047));
#10744 = CARTESIAN_POINT('',(-8.999996392096,75.853488422821,
    15.489038255501));
#10745 = PCURVE('',#1881,#10746);
#10746 = DEFINITIONAL_REPRESENTATION('',(#10747),#10831);
#10747 = B_SPLINE_CURVE_WITH_KNOTS('',10,(#10748,#10749,#10750,#10751,
    #10752,#10753,#10754,#10755,#10756,#10757,#10758,#10759,#10760,
    #10761,#10762,#10763,#10764,#10765,#10766,#10767,#10768,#10769,
    #10770,#10771,#10772,#10773,#10774,#10775,#10776,#10777,#10778,
    #10779,#10780,#10781,#10782,#10783,#10784,#10785,#10786,#10787,
    #10788,#10789,#10790,#10791,#10792,#10793,#10794,#10795,#10796,
    #10797,#10798,#10799,#10800,#10801,#10802,#10803,#10804,#10805,
    #10806,#10807,#10808,#10809,#10810,#10811,#10812,#10813,#10814,
    #10815,#10816,#10817,#10818,#10819,#10820,#10821,#10822,#10823,
    #10824,#10825,#10826,#10827,#10828,#10829,#10830),.UNSPECIFIED.,.F.,
  .F.,(11,9,9,9,9,9,9,9,9,11),(0.,0.125,0.25,0.375,0.4375,0.5,0.625,
    0.6875,0.75,1.),.UNSPECIFIED.);
#10748 = CARTESIAN_POINT('',(0.176004464745,0.564494009125));
#10749 = CARTESIAN_POINT('',(0.176080483023,0.552806060479));
#10750 = CARTESIAN_POINT('',(0.176476982501,0.54033268016));
#10751 = CARTESIAN_POINT('',(0.17712374578,0.526840356743));
#10752 = CARTESIAN_POINT('',(0.17777692339,0.514844534937));
#10753 = CARTESIAN_POINT('',(0.178634355974,0.499630848791));
#10754 = CARTESIAN_POINT('',(0.179460821856,0.486740246153));
#10755 = CARTESIAN_POINT('',(0.180413704029,0.472038320297));
#10756 = CARTESIAN_POINT('',(0.181433659504,0.457683101112));
#10757 = CARTESIAN_POINT('',(0.182542812443,0.442931713367));
#10758 = CARTESIAN_POINT('',(0.184933345998,0.412990211233));
#10759 = CARTESIAN_POINT('',(0.186205500753,0.39778043887));
#10760 = CARTESIAN_POINT('',(0.187584965449,0.382346195976));
#10761 = CARTESIAN_POINT('',(0.189047445405,0.366696888741));
#10762 = CARTESIAN_POINT('',(0.190565995556,0.350848604584));
#10763 = CARTESIAN_POINT('',(0.19213865615,0.334828802462));
#10764 = CARTESIAN_POINT('',(0.193791657861,0.31867386768));
#10765 = CARTESIAN_POINT('',(0.195558196343,0.302419531204));
#10766 = CARTESIAN_POINT('',(0.197432776206,0.286084153476));
#10767 = CARTESIAN_POINT('',(0.201169472629,0.253205591993));
#10768 = CARTESIAN_POINT('',(0.203044650633,0.236661554501));
#10769 = CARTESIAN_POINT('',(0.204866633931,0.220021610211));
#10770 = CARTESIAN_POINT('',(0.206570984026,0.203298197934));
#10771 = CARTESIAN_POINT('',(0.20808884842,0.186507345335));
#10772 = CARTESIAN_POINT('',(0.209346960616,0.169668668938));
#10773 = CARTESIAN_POINT('',(0.210267640115,0.152805374119));
#10774 = CARTESIAN_POINT('',(0.210768792419,0.135944255115));
#10775 = CARTESIAN_POINT('',(0.210763909028,0.119115695014));
#10776 = CARTESIAN_POINT('',(0.20986114665,9.397265113982E-02));
#10777 = CARTESIAN_POINT('',(0.209412116643,8.560675515274E-02));
#10778 = CARTESIAN_POINT('',(0.208799784823,7.726132234135E-02));
#10779 = CARTESIAN_POINT('',(0.208016520168,6.894123364267E-02));
#10780 = CARTESIAN_POINT('',(0.207052991306,6.064899293131E-02));
#10781 = CARTESIAN_POINT('',(0.205894344026,5.238503902479E-02));
#10782 = CARTESIAN_POINT('',(0.204521818253,4.415028315559E-02));
#10783 = CARTESIAN_POINT('',(0.202919804462,3.595087190989E-02));
#10784 = CARTESIAN_POINT('',(0.201088339537,2.780517563302E-02));
#10785 = CARTESIAN_POINT('',(0.197033744646,1.170082897013E-02));
#10786 = CARTESIAN_POINT('',(0.194798556683,3.728376208615E-03));
#10787 = CARTESIAN_POINT('',(0.192357559038,-4.161889300558E-03));
#10788 = CARTESIAN_POINT('',(0.189713867287,-1.196829547204E-02));
#10789 = CARTESIAN_POINT('',(0.186871631743,-1.968996481747E-02));
#10790 = CARTESIAN_POINT('',(0.183836037459,-2.732681444561E-02));
#10791 = CARTESIAN_POINT('',(0.180613304229,-3.487955606219E-02));
#10792 = CARTESIAN_POINT('',(0.177210686583,-4.234969597005E-02));
#10793 = CARTESIAN_POINT('',(0.173636473791,-4.973953506901E-02));
#10794 = CARTESIAN_POINT('',(0.162427022004,-7.167743642992E-02));
#10795 = CARTESIAN_POINT('',(0.154300590041,-8.599008884164E-02));
#10796 = CARTESIAN_POINT('',(0.145591277247,-0.10001136223));
#10797 = CARTESIAN_POINT('',(0.136369893281,-0.113762689092));
#10798 = CARTESIAN_POINT('',(0.126704535404,-0.127264283992));
#10799 = CARTESIAN_POINT('',(0.116657649702,-0.140533729279));
#10800 = CARTESIAN_POINT('',(0.106283092301,-0.153584560796));
#10801 = CARTESIAN_POINT('',(9.562319059231E-02,-0.166424853595));
#10802 = CARTESIAN_POINT('',(8.470580444643E-02,-0.179055807648));
#10803 = CARTESIAN_POINT('',(6.795917893029E-02,-0.197677596516));
#10804 = CARTESIAN_POINT('',(6.231306098624E-02,-0.203833127962));
#10805 = CARTESIAN_POINT('',(5.662322467939E-02,-0.209920910249));
#10806 = CARTESIAN_POINT('',(5.083955463735E-02,-0.215986168568));
#10807 = CARTESIAN_POINT('',(4.502297638482E-02,-0.221970482975));
#10808 = CARTESIAN_POINT('',(3.91813570573E-02,-0.227867672519));
#10809 = CARTESIAN_POINT('',(3.322819224931E-02,-0.233759113054));
#10810 = CARTESIAN_POINT('',(2.71619324976E-02,-0.239640355034));
#10811 = CARTESIAN_POINT('',(2.119342362781E-02,-0.245304112225));
#10812 = CARTESIAN_POINT('',(9.163688226553E-03,-0.256491681714));
#10813 = CARTESIAN_POINT('',(3.129407138258E-03,-0.261988615302));
#10814 = CARTESIAN_POINT('',(-2.932182079311E-03,-0.267395539255));
#10815 = CARTESIAN_POINT('',(-9.028428879936E-03,-0.272718416054));
#10816 = CARTESIAN_POINT('',(-1.516613742951E-02,-0.277962329147));
#10817 = CARTESIAN_POINT('',(-2.135156660614E-02,-0.283131482941));
#10818 = CARTESIAN_POINT('',(-2.759043000002E-02,-0.288229202808));
#10819 = CARTESIAN_POINT('',(-3.388789591353E-02,-0.293257935082));
#10820 = CARTESIAN_POINT('',(-4.024858736121E-02,-0.298219247059));
#10821 = CARTESIAN_POINT('',(-7.23885609038E-02,-0.322692146766));
#10822 = CARTESIAN_POINT('',(-9.91716331761E-02,-0.341208409134));
#10823 = CARTESIAN_POINT('',(-0.127251112772,-0.358738710672));
#10824 = CARTESIAN_POINT('',(-0.156641689131,-0.375211447868));
#10825 = CARTESIAN_POINT('',(-0.187086338441,-0.390440963756));
#10826 = CARTESIAN_POINT('',(-0.218144052923,-0.404027137724));
#10827 = CARTESIAN_POINT('',(-0.24929691457,-0.415290919092));
#10828 = CARTESIAN_POINT('',(-0.279947039666,-0.423415805091));
#10829 = CARTESIAN_POINT('',(-0.309173920488,-0.427965263836));
#10830 = CARTESIAN_POINT('',(-0.335122690506,-0.429946102911));
#10831 = ( GEOMETRIC_REPRESENTATION_CONTEXT(2) 
PARAMETRIC_REPRESENTATION_CONTEXT() REPRESENTATION_CONTEXT('2D SPACE',''
  ) );
#10832 = PCURVE('',#1851,#10833);
#10833 = DEFINITIONAL_REPRESENTATION('',(#10834),#10849);
#10834 = B_SPLINE_CURVE_WITH_KNOTS('',7,(#10835,#10836,#10837,#10838,
    #10839,#10840,#10841,#10842,#10843,#10844,#10845,#10846,#10847,
    #10848),.UNSPECIFIED.,.F.,.F.,(8,6,8),(0.,0.5,1.),.UNSPECIFIED.);
#10835 = CARTESIAN_POINT('',(-5.551115123126E-17,12.025368023235));
#10836 = CARTESIAN_POINT('',(0.114497237904,12.003489693588));
#10837 = CARTESIAN_POINT('',(0.249060036412,11.969659516028));
#10838 = CARTESIAN_POINT('',(0.363305063358,11.931765398529));
#10839 = CARTESIAN_POINT('',(0.454080234987,11.865226473153));
#10840 = CARTESIAN_POINT('',(0.547027875182,11.789215632582));
#10841 = CARTESIAN_POINT('',(0.666788153691,11.754450089507));
#10842 = CARTESIAN_POINT('',(0.904897452951,11.730649828272));
#10843 = CARTESIAN_POINT('',(1.021163574611,11.742313505899));
#10844 = CARTESIAN_POINT('',(1.167709064151,11.746523092717));
#10845 = CARTESIAN_POINT('',(1.228903144069,11.769270789174));
#10846 = CARTESIAN_POINT('',(1.3790511013,11.789985203132));
#10847 = CARTESIAN_POINT('',(1.497566190417,11.83787170901));
#10848 = CARTESIAN_POINT('',(1.570796326795,11.885411924299));
#10849 = ( GEOMETRIC_REPRESENTATION_CONTEXT(2) 
PARAMETRIC_REPRESENTATION_CONTEXT() REPRESENTATION_CONTEXT('2D SPACE',''
  ) );
#10850 = ORIENTED_EDGE('',*,*,#9279,.F.);
#10851 = ORIENTED_EDGE('',*,*,#9575,.F.);
#10852 = ADVANCED_FACE('',(#10853),#1851,.T.);
#10853 = FACE_BOUND('',#10854,.T.);
#10854 = EDGE_LOOP('',(#10855,#10880,#10881,#10882));
#10855 = ORIENTED_EDGE('',*,*,#10856,.T.);
#10856 = EDGE_CURVE('',#9364,#1813,#10857,.T.);
#10857 = SURFACE_CURVE('',#10858,(#10863,#10873),.PCURVE_S1.);
#10858 = ELLIPSE('',#10859,0.878766979898,0.8);
#10859 = AXIS2_PLACEMENT_3D('',#10860,#10861,#10862);
#10860 = CARTESIAN_POINT('',(-8.2,80.621233020102,5.));
#10861 = DIRECTION('',(0.,0.,1.));
#10862 = DIRECTION('',(0.,-1.,0.));
#10863 = PCURVE('',#1851,#10864);
#10864 = DEFINITIONAL_REPRESENTATION('',(#10865),#10872);
#10865 = B_SPLINE_CURVE_WITH_KNOTS('',5,(#10866,#10867,#10868,#10869,
    #10870,#10871),.UNSPECIFIED.,.F.,.F.,(6,6),(3.14159265359,
    4.712388980385),.PIECEWISE_BEZIER_KNOTS.);
#10866 = CARTESIAN_POINT('',(1.110223024625E-16,-1.42108547152E-14));
#10867 = CARTESIAN_POINT('',(0.314159265359,-1.438685460911E-14));
#10868 = CARTESIAN_POINT('',(0.6283130599,4.473621000466E-02));
#10869 = CARTESIAN_POINT('',(0.942479785047,0.135054736194));
#10870 = CARTESIAN_POINT('',(1.256637061436,0.249396630779));
#10871 = CARTESIAN_POINT('',(1.570796326795,0.363636363636));
#10872 = ( GEOMETRIC_REPRESENTATION_CONTEXT(2) 
PARAMETRIC_REPRESENTATION_CONTEXT() REPRESENTATION_CONTEXT('2D SPACE',''
  ) );
#10873 = PCURVE('',#296,#10874);
#10874 = DEFINITIONAL_REPRESENTATION('',(#10875),#10879);
#10875 = ELLIPSE('',#10876,0.878766979898,0.8);
#10876 = AXIS2_PLACEMENT_2D('',#10877,#10878);
#10877 = CARTESIAN_POINT('',(4.621233020102,-0.8));
#10878 = DIRECTION('',(-1.,0.));
#10879 = ( GEOMETRIC_REPRESENTATION_CONTEXT(2) 
PARAMETRIC_REPRESENTATION_CONTEXT() REPRESENTATION_CONTEXT('2D SPACE',''
  ) );
#10880 = ORIENTED_EDGE('',*,*,#1835,.T.);
#10881 = ORIENTED_EDGE('',*,*,#10716,.F.);
#10882 = ORIENTED_EDGE('',*,*,#9363,.F.);
#10883 = ADVANCED_FACE('',(#10884,#11039,#11042,#11045,#11048),#943,.F.
  );
#10884 = FACE_BOUND('',#10885,.F.);
#10885 = EDGE_LOOP('',(#10886,#10887,#10888,#10889,#10917,#10940,#10963,
    #10992,#11015,#11036,#11037,#11038));
#10886 = ORIENTED_EDGE('',*,*,#1070,.F.);
#10887 = ORIENTED_EDGE('',*,*,#1040,.F.);
#10888 = ORIENTED_EDGE('',*,*,#927,.F.);
#10889 = ORIENTED_EDGE('',*,*,#10890,.F.);
#10890 = EDGE_CURVE('',#10891,#904,#10893,.T.);
#10891 = VERTEX_POINT('',#10892);
#10892 = CARTESIAN_POINT('',(8.8,4.,-2.775557561563E-17));
#10893 = SURFACE_CURVE('',#10894,(#10899,#10910),.PCURVE_S1.);
#10894 = CIRCLE('',#10895,3.8);
#10895 = AXIS2_PLACEMENT_3D('',#10896,#10897,#10898);
#10896 = CARTESIAN_POINT('',(5.,4.,0.));
#10897 = DIRECTION('',(0.,-0.,-1.));
#10898 = DIRECTION('',(1.,0.,-0.));
#10899 = PCURVE('',#943,#10900);
#10900 = DEFINITIONAL_REPRESENTATION('',(#10901),#10909);
#10901 = ( BOUNDED_CURVE() B_SPLINE_CURVE(2,(#10902,#10903,#10904,#10905
    ,#10906,#10907,#10908),.UNSPECIFIED.,.T.,.F.) 
B_SPLINE_CURVE_WITH_KNOTS((1,2,2,2,2,1),(-2.094395102393,0.,
    2.094395102393,4.188790204786,6.28318530718,8.377580409573),
.UNSPECIFIED.) CURVE() GEOMETRIC_REPRESENTATION_ITEM() 
RATIONAL_B_SPLINE_CURVE((1.,0.5,1.,0.5,1.,0.5,1.)) REPRESENTATION_ITEM(
  '') );
#10902 = CARTESIAN_POINT('',(17.8,4.));
#10903 = CARTESIAN_POINT('',(17.8,-2.581793068762));
#10904 = CARTESIAN_POINT('',(12.1,0.709103465619));
#10905 = CARTESIAN_POINT('',(6.4,4.));
#10906 = CARTESIAN_POINT('',(12.1,7.290896534381));
#10907 = CARTESIAN_POINT('',(17.8,10.581793068762));
#10908 = CARTESIAN_POINT('',(17.8,4.));
#10909 = ( GEOMETRIC_REPRESENTATION_CONTEXT(2) 
PARAMETRIC_REPRESENTATION_CONTEXT() REPRESENTATION_CONTEXT('2D SPACE',''
  ) );
#10910 = PCURVE('',#747,#10911);
#10911 = DEFINITIONAL_REPRESENTATION('',(#10912),#10916);
#10912 = LINE('',#10913,#10914);
#10913 = CARTESIAN_POINT('',(0.,1.570796326795));
#10914 = VECTOR('',#10915,1.);
#10915 = DIRECTION('',(1.,0.));
#10916 = ( GEOMETRIC_REPRESENTATION_CONTEXT(2) 
PARAMETRIC_REPRESENTATION_CONTEXT() REPRESENTATION_CONTEXT('2D SPACE',''
  ) );
#10917 = ORIENTED_EDGE('',*,*,#10918,.F.);
#10918 = EDGE_CURVE('',#10919,#10891,#10921,.T.);
#10919 = VERTEX_POINT('',#10920);
#10920 = CARTESIAN_POINT('',(8.8,22.9,-1.387778780781E-17));
#10921 = SURFACE_CURVE('',#10922,(#10926,#10933),.PCURVE_S1.);
#10922 = LINE('',#10923,#10924);
#10923 = CARTESIAN_POINT('',(8.8,82.,-2.775557561563E-17));
#10924 = VECTOR('',#10925,1.);
#10925 = DIRECTION('',(-0.,-1.,-0.));
#10926 = PCURVE('',#943,#10927);
#10927 = DEFINITIONAL_REPRESENTATION('',(#10928),#10932);
#10928 = LINE('',#10929,#10930);
#10929 = CARTESIAN_POINT('',(17.8,82.));
#10930 = VECTOR('',#10931,1.);
#10931 = DIRECTION('',(0.,-1.));
#10932 = ( GEOMETRIC_REPRESENTATION_CONTEXT(2) 
PARAMETRIC_REPRESENTATION_CONTEXT() REPRESENTATION_CONTEXT('2D SPACE',''
  ) );
#10933 = PCURVE('',#100,#10934);
#10934 = DEFINITIONAL_REPRESENTATION('',(#10935),#10939);
#10935 = LINE('',#10936,#10937);
#10936 = CARTESIAN_POINT('',(-1.570796326795,0.));
#10937 = VECTOR('',#10938,1.);
#10938 = DIRECTION('',(-0.,1.));
#10939 = ( GEOMETRIC_REPRESENTATION_CONTEXT(2) 
PARAMETRIC_REPRESENTATION_CONTEXT() REPRESENTATION_CONTEXT('2D SPACE',''
  ) );
#10940 = ORIENTED_EDGE('',*,*,#10941,.F.);
#10941 = EDGE_CURVE('',#10942,#10919,#10944,.T.);
#10942 = VERTEX_POINT('',#10943);
#10943 = CARTESIAN_POINT('',(6.152438540936,22.9,0.));
#10944 = SURFACE_CURVE('',#10945,(#10949,#10956),.PCURVE_S1.);
#10945 = LINE('',#10946,#10947);
#10946 = CARTESIAN_POINT('',(0.,22.9,0.));
#10947 = VECTOR('',#10948,1.);
#10948 = DIRECTION('',(1.,0.,0.));
#10949 = PCURVE('',#943,#10950);
#10950 = DEFINITIONAL_REPRESENTATION('',(#10951),#10955);
#10951 = LINE('',#10952,#10953);
#10952 = CARTESIAN_POINT('',(9.,22.9));
#10953 = VECTOR('',#10954,1.);
#10954 = DIRECTION('',(1.,0.));
#10955 = ( GEOMETRIC_REPRESENTATION_CONTEXT(2) 
PARAMETRIC_REPRESENTATION_CONTEXT() REPRESENTATION_CONTEXT('2D SPACE',''
  ) );
#10956 = PCURVE('',#128,#10957);
#10957 = DEFINITIONAL_REPRESENTATION('',(#10958),#10962);
#10958 = LINE('',#10959,#10960);
#10959 = CARTESIAN_POINT('',(0.,0.));
#10960 = VECTOR('',#10961,1.);
#10961 = DIRECTION('',(0.,1.));
#10962 = ( GEOMETRIC_REPRESENTATION_CONTEXT(2) 
PARAMETRIC_REPRESENTATION_CONTEXT() REPRESENTATION_CONTEXT('2D SPACE',''
  ) );
#10963 = ORIENTED_EDGE('',*,*,#10964,.F.);
#10964 = EDGE_CURVE('',#10965,#10942,#10967,.T.);
#10965 = VERTEX_POINT('',#10966);
#10966 = CARTESIAN_POINT('',(6.152438540936,25.1,0.));
#10967 = SURFACE_CURVE('',#10968,(#10973,#10980),.PCURVE_S1.);
#10968 = CIRCLE('',#10969,6.25);
#10969 = AXIS2_PLACEMENT_3D('',#10970,#10971,#10972);
#10970 = CARTESIAN_POINT('',(0.,24.,0.));
#10971 = DIRECTION('',(0.,0.,1.));
#10972 = DIRECTION('',(1.,0.,-0.));
#10973 = PCURVE('',#943,#10974);
#10974 = DEFINITIONAL_REPRESENTATION('',(#10975),#10979);
#10975 = CIRCLE('',#10976,6.25);
#10976 = AXIS2_PLACEMENT_2D('',#10977,#10978);
#10977 = CARTESIAN_POINT('',(9.,24.));
#10978 = DIRECTION('',(1.,0.));
#10979 = ( GEOMETRIC_REPRESENTATION_CONTEXT(2) 
PARAMETRIC_REPRESENTATION_CONTEXT() REPRESENTATION_CONTEXT('2D SPACE',''
  ) );
#10980 = PCURVE('',#10981,#10986);
#10981 = CYLINDRICAL_SURFACE('',#10982,6.25);
#10982 = AXIS2_PLACEMENT_3D('',#10983,#10984,#10985);
#10983 = CARTESIAN_POINT('',(0.,24.,0.));
#10984 = DIRECTION('',(0.,0.,1.));
#10985 = DIRECTION('',(1.,0.,-0.));
#10986 = DEFINITIONAL_REPRESENTATION('',(#10987),#10991);
#10987 = LINE('',#10988,#10989);
#10988 = CARTESIAN_POINT('',(0.,0.));
#10989 = VECTOR('',#10990,1.);
#10990 = DIRECTION('',(1.,0.));
#10991 = ( GEOMETRIC_REPRESENTATION_CONTEXT(2) 
PARAMETRIC_REPRESENTATION_CONTEXT() REPRESENTATION_CONTEXT('2D SPACE',''
  ) );
#10992 = ORIENTED_EDGE('',*,*,#10993,.T.);
#10993 = EDGE_CURVE('',#10965,#10994,#10996,.T.);
#10994 = VERTEX_POINT('',#10995);
#10995 = CARTESIAN_POINT('',(8.8,25.1,-1.387778780781E-17));
#10996 = SURFACE_CURVE('',#10997,(#11001,#11008),.PCURVE_S1.);
#10997 = LINE('',#10998,#10999);
#10998 = CARTESIAN_POINT('',(0.,25.1,0.));
#10999 = VECTOR('',#11000,1.);
#11000 = DIRECTION('',(1.,0.,0.));
#11001 = PCURVE('',#943,#11002);
#11002 = DEFINITIONAL_REPRESENTATION('',(#11003),#11007);
#11003 = LINE('',#11004,#11005);
#11004 = CARTESIAN_POINT('',(9.,25.1));
#11005 = VECTOR('',#11006,1.);
#11006 = DIRECTION('',(1.,0.));
#11007 = ( GEOMETRIC_REPRESENTATION_CONTEXT(2) 
PARAMETRIC_REPRESENTATION_CONTEXT() REPRESENTATION_CONTEXT('2D SPACE',''
  ) );
#11008 = PCURVE('',#184,#11009);
#11009 = DEFINITIONAL_REPRESENTATION('',(#11010),#11014);
#11010 = LINE('',#11011,#11012);
#11011 = CARTESIAN_POINT('',(0.,0.));
#11012 = VECTOR('',#11013,1.);
#11013 = DIRECTION('',(0.,1.));
#11014 = ( GEOMETRIC_REPRESENTATION_CONTEXT(2) 
PARAMETRIC_REPRESENTATION_CONTEXT() REPRESENTATION_CONTEXT('2D SPACE',''
  ) );
#11015 = ORIENTED_EDGE('',*,*,#11016,.F.);
#11016 = EDGE_CURVE('',#1345,#10994,#11017,.T.);
#11017 = SURFACE_CURVE('',#11018,(#11022,#11029),.PCURVE_S1.);
#11018 = LINE('',#11019,#11020);
#11019 = CARTESIAN_POINT('',(8.8,82.,-2.775557561563E-17));
#11020 = VECTOR('',#11021,1.);
#11021 = DIRECTION('',(-0.,-1.,-0.));
#11022 = PCURVE('',#943,#11023);
#11023 = DEFINITIONAL_REPRESENTATION('',(#11024),#11028);
#11024 = LINE('',#11025,#11026);
#11025 = CARTESIAN_POINT('',(17.8,82.));
#11026 = VECTOR('',#11027,1.);
#11027 = DIRECTION('',(0.,-1.));
#11028 = ( GEOMETRIC_REPRESENTATION_CONTEXT(2) 
PARAMETRIC_REPRESENTATION_CONTEXT() REPRESENTATION_CONTEXT('2D SPACE',''
  ) );
#11029 = PCURVE('',#212,#11030);
#11030 = DEFINITIONAL_REPRESENTATION('',(#11031),#11035);
#11031 = LINE('',#11032,#11033);
#11032 = CARTESIAN_POINT('',(-1.570796326795,0.));
#11033 = VECTOR('',#11034,1.);
#11034 = DIRECTION('',(-0.,1.));
#11035 = ( GEOMETRIC_REPRESENTATION_CONTEXT(2) 
PARAMETRIC_REPRESENTATION_CONTEXT() REPRESENTATION_CONTEXT('2D SPACE',''
  ) );
#11036 = ORIENTED_EDGE('',*,*,#1368,.F.);
#11037 = ORIENTED_EDGE('',*,*,#1240,.F.);
#11038 = ORIENTED_EDGE('',*,*,#1210,.F.);
#11039 = FACE_BOUND('',#11040,.F.);
#11040 = EDGE_LOOP('',(#11041));
#11041 = ORIENTED_EDGE('',*,*,#3314,.F.);
#11042 = FACE_BOUND('',#11043,.F.);
#11043 = EDGE_LOOP('',(#11044));
#11044 = ORIENTED_EDGE('',*,*,#4616,.F.);
#11045 = FACE_BOUND('',#11046,.F.);
#11046 = EDGE_LOOP('',(#11047));
#11047 = ORIENTED_EDGE('',*,*,#5527,.F.);
#11048 = FACE_BOUND('',#11049,.F.);
#11049 = EDGE_LOOP('',(#11050));
#11050 = ORIENTED_EDGE('',*,*,#8781,.F.);
#11051 = ADVANCED_FACE('',(#11052),#10981,.F.);
#11052 = FACE_BOUND('',#11053,.F.);
#11053 = EDGE_LOOP('',(#11054,#11079,#11106,#11107,#11131,#11152,#11153,
    #11176));
#11054 = ORIENTED_EDGE('',*,*,#11055,.T.);
#11055 = EDGE_CURVE('',#11056,#11058,#11060,.T.);
#11056 = VERTEX_POINT('',#11057);
#11057 = CARTESIAN_POINT('',(6.25,24.,1.2));
#11058 = VERTEX_POINT('',#11059);
#11059 = CARTESIAN_POINT('',(6.25,24.,1.5));
#11060 = SEAM_CURVE('',#11061,(#11065,#11072),.PCURVE_S1.);
#11061 = LINE('',#11062,#11063);
#11062 = CARTESIAN_POINT('',(6.25,24.,0.));
#11063 = VECTOR('',#11064,1.);
#11064 = DIRECTION('',(0.,0.,1.));
#11065 = PCURVE('',#10981,#11066);
#11066 = DEFINITIONAL_REPRESENTATION('',(#11067),#11071);
#11067 = LINE('',#11068,#11069);
#11068 = CARTESIAN_POINT('',(6.28318530718,-0.));
#11069 = VECTOR('',#11070,1.);
#11070 = DIRECTION('',(0.,1.));
#11071 = ( GEOMETRIC_REPRESENTATION_CONTEXT(2) 
PARAMETRIC_REPRESENTATION_CONTEXT() REPRESENTATION_CONTEXT('2D SPACE',''
  ) );
#11072 = PCURVE('',#10981,#11073);
#11073 = DEFINITIONAL_REPRESENTATION('',(#11074),#11078);
#11074 = LINE('',#11075,#11076);
#11075 = CARTESIAN_POINT('',(0.,-0.));
#11076 = VECTOR('',#11077,1.);
#11077 = DIRECTION('',(0.,1.));
#11078 = ( GEOMETRIC_REPRESENTATION_CONTEXT(2) 
PARAMETRIC_REPRESENTATION_CONTEXT() REPRESENTATION_CONTEXT('2D SPACE',''
  ) );
#11079 = ORIENTED_EDGE('',*,*,#11080,.F.);
#11080 = EDGE_CURVE('',#11058,#11058,#11081,.T.);
#11081 = SURFACE_CURVE('',#11082,(#11087,#11094),.PCURVE_S1.);
#11082 = CIRCLE('',#11083,6.25);
#11083 = AXIS2_PLACEMENT_3D('',#11084,#11085,#11086);
#11084 = CARTESIAN_POINT('',(0.,24.,1.5));
#11085 = DIRECTION('',(0.,0.,1.));
#11086 = DIRECTION('',(1.,0.,-0.));
#11087 = PCURVE('',#10981,#11088);
#11088 = DEFINITIONAL_REPRESENTATION('',(#11089),#11093);
#11089 = LINE('',#11090,#11091);
#11090 = CARTESIAN_POINT('',(0.,1.5));
#11091 = VECTOR('',#11092,1.);
#11092 = DIRECTION('',(1.,0.));
#11093 = ( GEOMETRIC_REPRESENTATION_CONTEXT(2) 
PARAMETRIC_REPRESENTATION_CONTEXT() REPRESENTATION_CONTEXT('2D SPACE',''
  ) );
#11094 = PCURVE('',#11095,#11100);
#11095 = PLANE('',#11096);
#11096 = AXIS2_PLACEMENT_3D('',#11097,#11098,#11099);
#11097 = CARTESIAN_POINT('',(0.,24.,1.5));
#11098 = DIRECTION('',(0.,0.,1.));
#11099 = DIRECTION('',(1.,0.,-0.));
#11100 = DEFINITIONAL_REPRESENTATION('',(#11101),#11105);
#11101 = CIRCLE('',#11102,6.25);
#11102 = AXIS2_PLACEMENT_2D('',#11103,#11104);
#11103 = CARTESIAN_POINT('',(0.,0.));
#11104 = DIRECTION('',(1.,0.));
#11105 = ( GEOMETRIC_REPRESENTATION_CONTEXT(2) 
PARAMETRIC_REPRESENTATION_CONTEXT() REPRESENTATION_CONTEXT('2D SPACE',''
  ) );
#11106 = ORIENTED_EDGE('',*,*,#11055,.F.);
#11107 = ORIENTED_EDGE('',*,*,#11108,.T.);
#11108 = EDGE_CURVE('',#11056,#11109,#11111,.T.);
#11109 = VERTEX_POINT('',#11110);
#11110 = CARTESIAN_POINT('',(6.152438540936,25.1,1.2));
#11111 = SURFACE_CURVE('',#11112,(#11117,#11124),.PCURVE_S1.);
#11112 = CIRCLE('',#11113,6.25);
#11113 = AXIS2_PLACEMENT_3D('',#11114,#11115,#11116);
#11114 = CARTESIAN_POINT('',(0.,24.,1.2));
#11115 = DIRECTION('',(0.,0.,1.));
#11116 = DIRECTION('',(1.,0.,-0.));
#11117 = PCURVE('',#10981,#11118);
#11118 = DEFINITIONAL_REPRESENTATION('',(#11119),#11123);
#11119 = LINE('',#11120,#11121);
#11120 = CARTESIAN_POINT('',(0.,1.2));
#11121 = VECTOR('',#11122,1.);
#11122 = DIRECTION('',(1.,0.));
#11123 = ( GEOMETRIC_REPRESENTATION_CONTEXT(2) 
PARAMETRIC_REPRESENTATION_CONTEXT() REPRESENTATION_CONTEXT('2D SPACE',''
  ) );
#11124 = PCURVE('',#156,#11125);
#11125 = DEFINITIONAL_REPRESENTATION('',(#11126),#11130);
#11126 = CIRCLE('',#11127,6.25);
#11127 = AXIS2_PLACEMENT_2D('',#11128,#11129);
#11128 = CARTESIAN_POINT('',(0.,1.1));
#11129 = DIRECTION('',(1.,0.));
#11130 = ( GEOMETRIC_REPRESENTATION_CONTEXT(2) 
PARAMETRIC_REPRESENTATION_CONTEXT() REPRESENTATION_CONTEXT('2D SPACE',''
  ) );
#11131 = ORIENTED_EDGE('',*,*,#11132,.F.);
#11132 = EDGE_CURVE('',#10965,#11109,#11133,.T.);
#11133 = SURFACE_CURVE('',#11134,(#11138,#11145),.PCURVE_S1.);
#11134 = LINE('',#11135,#11136);
#11135 = CARTESIAN_POINT('',(6.152438540936,25.1,0.));
#11136 = VECTOR('',#11137,1.);
#11137 = DIRECTION('',(0.,0.,1.));
#11138 = PCURVE('',#10981,#11139);
#11139 = DEFINITIONAL_REPRESENTATION('',(#11140),#11144);
#11140 = LINE('',#11141,#11142);
#11141 = CARTESIAN_POINT('',(0.176921533466,0.));
#11142 = VECTOR('',#11143,1.);
#11143 = DIRECTION('',(0.,1.));
#11144 = ( GEOMETRIC_REPRESENTATION_CONTEXT(2) 
PARAMETRIC_REPRESENTATION_CONTEXT() REPRESENTATION_CONTEXT('2D SPACE',''
  ) );
#11145 = PCURVE('',#184,#11146);
#11146 = DEFINITIONAL_REPRESENTATION('',(#11147),#11151);
#11147 = LINE('',#11148,#11149);
#11148 = CARTESIAN_POINT('',(0.,6.152438540936));
#11149 = VECTOR('',#11150,1.);
#11150 = DIRECTION('',(1.,0.));
#11151 = ( GEOMETRIC_REPRESENTATION_CONTEXT(2) 
PARAMETRIC_REPRESENTATION_CONTEXT() REPRESENTATION_CONTEXT('2D SPACE',''
  ) );
#11152 = ORIENTED_EDGE('',*,*,#10964,.T.);
#11153 = ORIENTED_EDGE('',*,*,#11154,.T.);
#11154 = EDGE_CURVE('',#10942,#11155,#11157,.T.);
#11155 = VERTEX_POINT('',#11156);
#11156 = CARTESIAN_POINT('',(6.152438540936,22.9,1.2));
#11157 = SURFACE_CURVE('',#11158,(#11162,#11169),.PCURVE_S1.);
#11158 = LINE('',#11159,#11160);
#11159 = CARTESIAN_POINT('',(6.152438540936,22.9,0.));
#11160 = VECTOR('',#11161,1.);
#11161 = DIRECTION('',(0.,0.,1.));
#11162 = PCURVE('',#10981,#11163);
#11163 = DEFINITIONAL_REPRESENTATION('',(#11164),#11168);
#11164 = LINE('',#11165,#11166);
#11165 = CARTESIAN_POINT('',(6.106263773713,0.));
#11166 = VECTOR('',#11167,1.);
#11167 = DIRECTION('',(0.,1.));
#11168 = ( GEOMETRIC_REPRESENTATION_CONTEXT(2) 
PARAMETRIC_REPRESENTATION_CONTEXT() REPRESENTATION_CONTEXT('2D SPACE',''
  ) );
#11169 = PCURVE('',#128,#11170);
#11170 = DEFINITIONAL_REPRESENTATION('',(#11171),#11175);
#11171 = LINE('',#11172,#11173);
#11172 = CARTESIAN_POINT('',(0.,6.152438540936));
#11173 = VECTOR('',#11174,1.);
#11174 = DIRECTION('',(1.,0.));
#11175 = ( GEOMETRIC_REPRESENTATION_CONTEXT(2) 
PARAMETRIC_REPRESENTATION_CONTEXT() REPRESENTATION_CONTEXT('2D SPACE',''
  ) );
#11176 = ORIENTED_EDGE('',*,*,#11177,.T.);
#11177 = EDGE_CURVE('',#11155,#11056,#11178,.T.);
#11178 = SURFACE_CURVE('',#11179,(#11184,#11191),.PCURVE_S1.);
#11179 = CIRCLE('',#11180,6.25);
#11180 = AXIS2_PLACEMENT_3D('',#11181,#11182,#11183);
#11181 = CARTESIAN_POINT('',(0.,24.,1.2));
#11182 = DIRECTION('',(0.,0.,1.));
#11183 = DIRECTION('',(1.,0.,-0.));
#11184 = PCURVE('',#10981,#11185);
#11185 = DEFINITIONAL_REPRESENTATION('',(#11186),#11190);
#11186 = LINE('',#11187,#11188);
#11187 = CARTESIAN_POINT('',(0.,1.2));
#11188 = VECTOR('',#11189,1.);
#11189 = DIRECTION('',(1.,0.));
#11190 = ( GEOMETRIC_REPRESENTATION_CONTEXT(2) 
PARAMETRIC_REPRESENTATION_CONTEXT() REPRESENTATION_CONTEXT('2D SPACE',''
  ) );
#11191 = PCURVE('',#156,#11192);
#11192 = DEFINITIONAL_REPRESENTATION('',(#11193),#11197);
#11193 = CIRCLE('',#11194,6.25);
#11194 = AXIS2_PLACEMENT_2D('',#11195,#11196);
#11195 = CARTESIAN_POINT('',(0.,1.1));
#11196 = DIRECTION('',(1.,0.));
#11197 = ( GEOMETRIC_REPRESENTATION_CONTEXT(2) 
PARAMETRIC_REPRESENTATION_CONTEXT() REPRESENTATION_CONTEXT('2D SPACE',''
  ) );
#11198 = ADVANCED_FACE('',(#11199),#11095,.F.);
#11199 = FACE_BOUND('',#11200,.F.);
#11200 = EDGE_LOOP('',(#11201));
#11201 = ORIENTED_EDGE('',*,*,#11080,.T.);
#11202 = ADVANCED_FACE('',(#11203),#861,.T.);
#11203 = FACE_BOUND('',#11204,.T.);
#11204 = EDGE_LOOP('',(#11205,#11227,#11228,#11229));
#11205 = ORIENTED_EDGE('',*,*,#11206,.T.);
#11206 = EDGE_CURVE('',#760,#3908,#11207,.T.);
#11207 = SURFACE_CURVE('',#11208,(#11213,#11220),.PCURVE_S1.);
#11208 = CIRCLE('',#11209,0.5);
#11209 = AXIS2_PLACEMENT_3D('',#11210,#11211,#11212);
#11210 = CARTESIAN_POINT('',(5.,0.5,2.5));
#11211 = DIRECTION('',(-1.,-6.123233995737E-17,0.));
#11212 = DIRECTION('',(6.123233995737E-17,-1.,-0.));
#11213 = PCURVE('',#861,#11214);
#11214 = DEFINITIONAL_REPRESENTATION('',(#11215),#11219);
#11215 = LINE('',#11216,#11217);
#11216 = CARTESIAN_POINT('',(0.,0.));
#11217 = VECTOR('',#11218,1.);
#11218 = DIRECTION('',(1.,0.));
#11219 = ( GEOMETRIC_REPRESENTATION_CONTEXT(2) 
PARAMETRIC_REPRESENTATION_CONTEXT() REPRESENTATION_CONTEXT('2D SPACE',''
  ) );
#11220 = PCURVE('',#802,#11221);
#11221 = DEFINITIONAL_REPRESENTATION('',(#11222),#11226);
#11222 = LINE('',#11223,#11224);
#11223 = CARTESIAN_POINT('',(-1.570796326795,0.));
#11224 = VECTOR('',#11225,1.);
#11225 = DIRECTION('',(-0.,1.));
#11226 = ( GEOMETRIC_REPRESENTATION_CONTEXT(2) 
PARAMETRIC_REPRESENTATION_CONTEXT() REPRESENTATION_CONTEXT('2D SPACE',''
  ) );
#11227 = ORIENTED_EDGE('',*,*,#3907,.T.);
#11228 = ORIENTED_EDGE('',*,*,#10526,.F.);
#11229 = ORIENTED_EDGE('',*,*,#847,.F.);
#11230 = ADVANCED_FACE('',(#11231),#835,.T.);
#11231 = FACE_BOUND('',#11232,.T.);
#11232 = EDGE_LOOP('',(#11233,#11234,#11235,#11236));
#11233 = ORIENTED_EDGE('',*,*,#1786,.F.);
#11234 = ORIENTED_EDGE('',*,*,#987,.F.);
#11235 = ORIENTED_EDGE('',*,*,#817,.T.);
#11236 = ORIENTED_EDGE('',*,*,#10548,.T.);
#11237 = ADVANCED_FACE('',(#11238),#747,.T.);
#11238 = FACE_BOUND('',#11239,.T.);
#11239 = EDGE_LOOP('',(#11240,#11262,#11263,#11264));
#11240 = ORIENTED_EDGE('',*,*,#11241,.F.);
#11241 = EDGE_CURVE('',#57,#10891,#11242,.T.);
#11242 = SURFACE_CURVE('',#11243,(#11248,#11255),.PCURVE_S1.);
#11243 = CIRCLE('',#11244,0.2);
#11244 = AXIS2_PLACEMENT_3D('',#11245,#11246,#11247);
#11245 = CARTESIAN_POINT('',(8.8,4.,0.2));
#11246 = DIRECTION('',(0.,1.,0.));
#11247 = DIRECTION('',(1.,0.,-0.));
#11248 = PCURVE('',#747,#11249);
#11249 = DEFINITIONAL_REPRESENTATION('',(#11250),#11254);
#11250 = LINE('',#11251,#11252);
#11251 = CARTESIAN_POINT('',(0.,0.));
#11252 = VECTOR('',#11253,1.);
#11253 = DIRECTION('',(0.,1.));
#11254 = ( GEOMETRIC_REPRESENTATION_CONTEXT(2) 
PARAMETRIC_REPRESENTATION_CONTEXT() REPRESENTATION_CONTEXT('2D SPACE',''
  ) );
#11255 = PCURVE('',#100,#11256);
#11256 = DEFINITIONAL_REPRESENTATION('',(#11257),#11261);
#11257 = LINE('',#11258,#11259);
#11258 = CARTESIAN_POINT('',(-0.,78.));
#11259 = VECTOR('',#11260,1.);
#11260 = DIRECTION('',(-1.,0.));
#11261 = ( GEOMETRIC_REPRESENTATION_CONTEXT(2) 
PARAMETRIC_REPRESENTATION_CONTEXT() REPRESENTATION_CONTEXT('2D SPACE',''
  ) );
#11262 = ORIENTED_EDGE('',*,*,#730,.T.);
#11263 = ORIENTED_EDGE('',*,*,#903,.T.);
#11264 = ORIENTED_EDGE('',*,*,#10890,.F.);
#11265 = ADVANCED_FACE('',(#11266),#802,.T.);
#11266 = FACE_BOUND('',#11267,.F.);
#11267 = EDGE_LOOP('',(#11268,#11290,#11291,#11292));
#11268 = ORIENTED_EDGE('',*,*,#11269,.F.);
#11269 = EDGE_CURVE('',#24,#3931,#11270,.T.);
#11270 = SURFACE_CURVE('',#11271,(#11276,#11283),.PCURVE_S1.);
#11271 = CIRCLE('',#11272,0.5);
#11272 = AXIS2_PLACEMENT_3D('',#11273,#11274,#11275);
#11273 = CARTESIAN_POINT('',(8.5,4.,2.5));
#11274 = DIRECTION('',(0.,-1.,0.));
#11275 = DIRECTION('',(1.,0.,0.));
#11276 = PCURVE('',#802,#11277);
#11277 = DEFINITIONAL_REPRESENTATION('',(#11278),#11282);
#11278 = LINE('',#11279,#11280);
#11279 = CARTESIAN_POINT('',(-0.,0.));
#11280 = VECTOR('',#11281,1.);
#11281 = DIRECTION('',(-0.,1.));
#11282 = ( GEOMETRIC_REPRESENTATION_CONTEXT(2) 
PARAMETRIC_REPRESENTATION_CONTEXT() REPRESENTATION_CONTEXT('2D SPACE',''
  ) );
#11283 = PCURVE('',#44,#11284);
#11284 = DEFINITIONAL_REPRESENTATION('',(#11285),#11289);
#11285 = LINE('',#11286,#11287);
#11286 = CARTESIAN_POINT('',(0.,62.846573322597));
#11287 = VECTOR('',#11288,1.);
#11288 = DIRECTION('',(1.,0.));
#11289 = ( GEOMETRIC_REPRESENTATION_CONTEXT(2) 
PARAMETRIC_REPRESENTATION_CONTEXT() REPRESENTATION_CONTEXT('2D SPACE',''
  ) );
#11290 = ORIENTED_EDGE('',*,*,#787,.T.);
#11291 = ORIENTED_EDGE('',*,*,#11206,.T.);
#11292 = ORIENTED_EDGE('',*,*,#3930,.F.);
#11293 = ADVANCED_FACE('',(#11294),#100,.T.);
#11294 = FACE_BOUND('',#11295,.F.);
#11295 = EDGE_LOOP('',(#11296,#11297,#11323,#11324));
#11296 = ORIENTED_EDGE('',*,*,#84,.F.);
#11297 = ORIENTED_EDGE('',*,*,#11298,.F.);
#11298 = EDGE_CURVE('',#10919,#85,#11299,.T.);
#11299 = SURFACE_CURVE('',#11300,(#11305,#11312),.PCURVE_S1.);
#11300 = CIRCLE('',#11301,0.2);
#11301 = AXIS2_PLACEMENT_3D('',#11302,#11303,#11304);
#11302 = CARTESIAN_POINT('',(8.8,22.9,0.2));
#11303 = DIRECTION('',(0.,-1.,-0.));
#11304 = DIRECTION('',(1.,0.,-0.));
#11305 = PCURVE('',#100,#11306);
#11306 = DEFINITIONAL_REPRESENTATION('',(#11307),#11311);
#11307 = LINE('',#11308,#11309);
#11308 = CARTESIAN_POINT('',(-6.28318530718,59.1));
#11309 = VECTOR('',#11310,1.);
#11310 = DIRECTION('',(1.,-0.));
#11311 = ( GEOMETRIC_REPRESENTATION_CONTEXT(2) 
PARAMETRIC_REPRESENTATION_CONTEXT() REPRESENTATION_CONTEXT('2D SPACE',''
  ) );
#11312 = PCURVE('',#128,#11313);
#11313 = DEFINITIONAL_REPRESENTATION('',(#11314),#11322);
#11314 = ( BOUNDED_CURVE() B_SPLINE_CURVE(2,(#11315,#11316,#11317,#11318
    ,#11319,#11320,#11321),.UNSPECIFIED.,.T.,.F.) 
B_SPLINE_CURVE_WITH_KNOTS((1,2,2,2,2,1),(-2.094395102393,0.,
    2.094395102393,4.188790204786,6.28318530718,8.377580409573),
.UNSPECIFIED.) CURVE() GEOMETRIC_REPRESENTATION_ITEM() 
RATIONAL_B_SPLINE_CURVE((1.,0.5,1.,0.5,1.,0.5,1.)) REPRESENTATION_ITEM(
  '') );
#11315 = CARTESIAN_POINT('',(0.2,9.));
#11316 = CARTESIAN_POINT('',(0.546410161514,9.));
#11317 = CARTESIAN_POINT('',(0.373205080757,8.7));
#11318 = CARTESIAN_POINT('',(0.2,8.4));
#11319 = CARTESIAN_POINT('',(2.679491924311E-02,8.7));
#11320 = CARTESIAN_POINT('',(-0.146410161514,9.));
#11321 = CARTESIAN_POINT('',(0.2,9.));
#11322 = ( GEOMETRIC_REPRESENTATION_CONTEXT(2) 
PARAMETRIC_REPRESENTATION_CONTEXT() REPRESENTATION_CONTEXT('2D SPACE',''
  ) );
#11323 = ORIENTED_EDGE('',*,*,#10918,.T.);
#11324 = ORIENTED_EDGE('',*,*,#11241,.F.);
#11325 = ADVANCED_FACE('',(#11326),#128,.T.);
#11326 = FACE_BOUND('',#11327,.T.);
#11327 = EDGE_LOOP('',(#11328,#11329,#11330,#11351,#11352));
#11328 = ORIENTED_EDGE('',*,*,#10941,.F.);
#11329 = ORIENTED_EDGE('',*,*,#11154,.T.);
#11330 = ORIENTED_EDGE('',*,*,#11331,.T.);
#11331 = EDGE_CURVE('',#11155,#113,#11332,.T.);
#11332 = SURFACE_CURVE('',#11333,(#11337,#11344),.PCURVE_S1.);
#11333 = LINE('',#11334,#11335);
#11334 = CARTESIAN_POINT('',(0.,22.9,1.2));
#11335 = VECTOR('',#11336,1.);
#11336 = DIRECTION('',(1.,0.,0.));
#11337 = PCURVE('',#128,#11338);
#11338 = DEFINITIONAL_REPRESENTATION('',(#11339),#11343);
#11339 = LINE('',#11340,#11341);
#11340 = CARTESIAN_POINT('',(1.2,0.));
#11341 = VECTOR('',#11342,1.);
#11342 = DIRECTION('',(0.,1.));
#11343 = ( GEOMETRIC_REPRESENTATION_CONTEXT(2) 
PARAMETRIC_REPRESENTATION_CONTEXT() REPRESENTATION_CONTEXT('2D SPACE',''
  ) );
#11344 = PCURVE('',#156,#11345);
#11345 = DEFINITIONAL_REPRESENTATION('',(#11346),#11350);
#11346 = LINE('',#11347,#11348);
#11347 = CARTESIAN_POINT('',(0.,0.));
#11348 = VECTOR('',#11349,1.);
#11349 = DIRECTION('',(1.,0.));
#11350 = ( GEOMETRIC_REPRESENTATION_CONTEXT(2) 
PARAMETRIC_REPRESENTATION_CONTEXT() REPRESENTATION_CONTEXT('2D SPACE',''
  ) );
#11351 = ORIENTED_EDGE('',*,*,#112,.F.);
#11352 = ORIENTED_EDGE('',*,*,#11298,.F.);
#11353 = ADVANCED_FACE('',(#11354),#156,.F.);
#11354 = FACE_BOUND('',#11355,.F.);
#11355 = EDGE_LOOP('',(#11356,#11377,#11378,#11379,#11380));
#11356 = ORIENTED_EDGE('',*,*,#11357,.F.);
#11357 = EDGE_CURVE('',#11109,#141,#11358,.T.);
#11358 = SURFACE_CURVE('',#11359,(#11363,#11370),.PCURVE_S1.);
#11359 = LINE('',#11360,#11361);
#11360 = CARTESIAN_POINT('',(0.,25.1,1.2));
#11361 = VECTOR('',#11362,1.);
#11362 = DIRECTION('',(1.,0.,0.));
#11363 = PCURVE('',#156,#11364);
#11364 = DEFINITIONAL_REPRESENTATION('',(#11365),#11369);
#11365 = LINE('',#11366,#11367);
#11366 = CARTESIAN_POINT('',(0.,2.2));
#11367 = VECTOR('',#11368,1.);
#11368 = DIRECTION('',(1.,0.));
#11369 = ( GEOMETRIC_REPRESENTATION_CONTEXT(2) 
PARAMETRIC_REPRESENTATION_CONTEXT() REPRESENTATION_CONTEXT('2D SPACE',''
  ) );
#11370 = PCURVE('',#184,#11371);
#11371 = DEFINITIONAL_REPRESENTATION('',(#11372),#11376);
#11372 = LINE('',#11373,#11374);
#11373 = CARTESIAN_POINT('',(1.2,0.));
#11374 = VECTOR('',#11375,1.);
#11375 = DIRECTION('',(0.,1.));
#11376 = ( GEOMETRIC_REPRESENTATION_CONTEXT(2) 
PARAMETRIC_REPRESENTATION_CONTEXT() REPRESENTATION_CONTEXT('2D SPACE',''
  ) );
#11377 = ORIENTED_EDGE('',*,*,#11108,.F.);
#11378 = ORIENTED_EDGE('',*,*,#11177,.F.);
#11379 = ORIENTED_EDGE('',*,*,#11331,.T.);
#11380 = ORIENTED_EDGE('',*,*,#140,.T.);
#11381 = ADVANCED_FACE('',(#11382),#184,.F.);
#11382 = FACE_BOUND('',#11383,.F.);
#11383 = EDGE_LOOP('',(#11384,#11385,#11386,#11387,#11388));
#11384 = ORIENTED_EDGE('',*,*,#10993,.F.);
#11385 = ORIENTED_EDGE('',*,*,#11132,.T.);
#11386 = ORIENTED_EDGE('',*,*,#11357,.T.);
#11387 = ORIENTED_EDGE('',*,*,#168,.F.);
#11388 = ORIENTED_EDGE('',*,*,#11389,.F.);
#11389 = EDGE_CURVE('',#10994,#169,#11390,.T.);
#11390 = SURFACE_CURVE('',#11391,(#11396,#11407),.PCURVE_S1.);
#11391 = CIRCLE('',#11392,0.2);
#11392 = AXIS2_PLACEMENT_3D('',#11393,#11394,#11395);
#11393 = CARTESIAN_POINT('',(8.8,25.1,0.2));
#11394 = DIRECTION('',(0.,-1.,-0.));
#11395 = DIRECTION('',(1.,0.,-0.));
#11396 = PCURVE('',#184,#11397);
#11397 = DEFINITIONAL_REPRESENTATION('',(#11398),#11406);
#11398 = ( BOUNDED_CURVE() B_SPLINE_CURVE(2,(#11399,#11400,#11401,#11402
    ,#11403,#11404,#11405),.UNSPECIFIED.,.T.,.F.) 
B_SPLINE_CURVE_WITH_KNOTS((1,2,2,2,2,1),(-2.094395102393,0.,
    2.094395102393,4.188790204786,6.28318530718,8.377580409573),
.UNSPECIFIED.) CURVE() GEOMETRIC_REPRESENTATION_ITEM() 
RATIONAL_B_SPLINE_CURVE((1.,0.5,1.,0.5,1.,0.5,1.)) REPRESENTATION_ITEM(
  '') );
#11399 = CARTESIAN_POINT('',(0.2,9.));
#11400 = CARTESIAN_POINT('',(0.546410161514,9.));
#11401 = CARTESIAN_POINT('',(0.373205080757,8.7));
#11402 = CARTESIAN_POINT('',(0.2,8.4));
#11403 = CARTESIAN_POINT('',(2.679491924311E-02,8.7));
#11404 = CARTESIAN_POINT('',(-0.146410161514,9.));
#11405 = CARTESIAN_POINT('',(0.2,9.));
#11406 = ( GEOMETRIC_REPRESENTATION_CONTEXT(2) 
PARAMETRIC_REPRESENTATION_CONTEXT() REPRESENTATION_CONTEXT('2D SPACE',''
  ) );
#11407 = PCURVE('',#212,#11408);
#11408 = DEFINITIONAL_REPRESENTATION('',(#11409),#11413);
#11409 = LINE('',#11410,#11411);
#11410 = CARTESIAN_POINT('',(-6.28318530718,56.9));
#11411 = VECTOR('',#11412,1.);
#11412 = DIRECTION('',(1.,-0.));
#11413 = ( GEOMETRIC_REPRESENTATION_CONTEXT(2) 
PARAMETRIC_REPRESENTATION_CONTEXT() REPRESENTATION_CONTEXT('2D SPACE',''
  ) );
#11414 = ADVANCED_FACE('',(#11415),#212,.T.);
#11415 = FACE_BOUND('',#11416,.F.);
#11416 = EDGE_LOOP('',(#11417,#11418,#11419,#11420));
#11417 = ORIENTED_EDGE('',*,*,#196,.F.);
#11418 = ORIENTED_EDGE('',*,*,#1344,.T.);
#11419 = ORIENTED_EDGE('',*,*,#11016,.T.);
#11420 = ORIENTED_EDGE('',*,*,#11389,.T.);
#11421 = ADVANCED_FACE('',(#11422),#240,.T.);
#11422 = FACE_BOUND('',#11423,.T.);
#11423 = EDGE_LOOP('',(#11424,#11425,#11426,#11427));
#11424 = ORIENTED_EDGE('',*,*,#224,.F.);
#11425 = ORIENTED_EDGE('',*,*,#1322,.F.);
#11426 = ORIENTED_EDGE('',*,*,#1449,.F.);
#11427 = ORIENTED_EDGE('',*,*,#1584,.F.);
#11428 = ADVANCED_FACE('',(#11429),#268,.T.);
#11429 = FACE_BOUND('',#11430,.T.);
#11430 = EDGE_LOOP('',(#11431,#11432,#11433));
#11431 = ORIENTED_EDGE('',*,*,#252,.F.);
#11432 = ORIENTED_EDGE('',*,*,#1556,.T.);
#11433 = ORIENTED_EDGE('',*,*,#11434,.T.);
#11434 = EDGE_CURVE('',#1557,#253,#11435,.T.);
#11435 = SURFACE_CURVE('',#11436,(#11440,#11447),.PCURVE_S1.);
#11436 = LINE('',#11437,#11438);
#11437 = CARTESIAN_POINT('',(5.,82.,5.));
#11438 = VECTOR('',#11439,1.);
#11439 = DIRECTION('',(1.,0.,0.));
#11440 = PCURVE('',#268,#11441);
#11441 = DEFINITIONAL_REPRESENTATION('',(#11442),#11446);
#11442 = LINE('',#11443,#11444);
#11443 = CARTESIAN_POINT('',(0.9,0.));
#11444 = VECTOR('',#11445,1.);
#11445 = DIRECTION('',(0.,1.));
#11446 = ( GEOMETRIC_REPRESENTATION_CONTEXT(2) 
PARAMETRIC_REPRESENTATION_CONTEXT() REPRESENTATION_CONTEXT('2D SPACE',''
  ) );
#11447 = PCURVE('',#296,#11448);
#11448 = DEFINITIONAL_REPRESENTATION('',(#11449),#11453);
#11449 = LINE('',#11450,#11451);
#11450 = CARTESIAN_POINT('',(6.,-14.));
#11451 = VECTOR('',#11452,1.);
#11452 = DIRECTION('',(0.,-1.));
#11453 = ( GEOMETRIC_REPRESENTATION_CONTEXT(2) 
PARAMETRIC_REPRESENTATION_CONTEXT() REPRESENTATION_CONTEXT('2D SPACE',''
  ) );
#11454 = ADVANCED_FACE('',(#11455),#296,.T.);
#11455 = FACE_BOUND('',#11456,.T.);
#11456 = EDGE_LOOP('',(#11457,#11458,#11459,#11484,#11485,#11486,#11487,
    #11488,#11489,#11490,#11491,#11492,#11493,#11494,#11495,#11496,
    #11497,#11498,#11499,#11500,#11501,#11502,#11503,#11504,#11505,
    #11506,#11507,#11508,#11509,#11510));
#11457 = ORIENTED_EDGE('',*,*,#7593,.F.);
#11458 = ORIENTED_EDGE('',*,*,#9777,.T.);
#11459 = ORIENTED_EDGE('',*,*,#11460,.F.);
#11460 = EDGE_CURVE('',#281,#9778,#11461,.T.);
#11461 = SURFACE_CURVE('',#11462,(#11467,#11474),.PCURVE_S1.);
#11462 = ELLIPSE('',#11463,0.878766979898,0.8);
#11463 = AXIS2_PLACEMENT_3D('',#11464,#11465,#11466);
#11464 = CARTESIAN_POINT('',(8.2,80.621233020102,5.));
#11465 = DIRECTION('',(0.,0.,1.));
#11466 = DIRECTION('',(0.,-1.,0.));
#11467 = PCURVE('',#296,#11468);
#11468 = DEFINITIONAL_REPRESENTATION('',(#11469),#11473);
#11469 = ELLIPSE('',#11470,0.878766979898,0.8);
#11470 = AXIS2_PLACEMENT_2D('',#11471,#11472);
#11471 = CARTESIAN_POINT('',(4.621233020102,-17.2));
#11472 = DIRECTION('',(-1.,0.));
#11473 = ( GEOMETRIC_REPRESENTATION_CONTEXT(2) 
PARAMETRIC_REPRESENTATION_CONTEXT() REPRESENTATION_CONTEXT('2D SPACE',''
  ) );
#11474 = PCURVE('',#324,#11475);
#11475 = DEFINITIONAL_REPRESENTATION('',(#11476),#11483);
#11476 = B_SPLINE_CURVE_WITH_KNOTS('',5,(#11477,#11478,#11479,#11480,
    #11481,#11482),.UNSPECIFIED.,.F.,.F.,(6,6),(1.570796326795,
    3.14159265359),.PIECEWISE_BEZIER_KNOTS.);
#11477 = CARTESIAN_POINT('',(0.,0.363636363636));
#11478 = CARTESIAN_POINT('',(0.314159265359,0.249396630779));
#11479 = CARTESIAN_POINT('',(0.628316541748,0.135054736194));
#11480 = CARTESIAN_POINT('',(0.942483266895,4.473621000466E-02));
#11481 = CARTESIAN_POINT('',(1.256637061436,-1.395532994719E-14));
#11482 = CARTESIAN_POINT('',(1.570796326795,-1.419697692739E-14));
#11483 = ( GEOMETRIC_REPRESENTATION_CONTEXT(2) 
PARAMETRIC_REPRESENTATION_CONTEXT() REPRESENTATION_CONTEXT('2D SPACE',''
  ) );
#11484 = ORIENTED_EDGE('',*,*,#280,.F.);
#11485 = ORIENTED_EDGE('',*,*,#11434,.F.);
#11486 = ORIENTED_EDGE('',*,*,#1607,.T.);
#11487 = ORIENTED_EDGE('',*,*,#1473,.F.);
#11488 = ORIENTED_EDGE('',*,*,#1686,.T.);
#11489 = ORIENTED_EDGE('',*,*,#1735,.F.);
#11490 = ORIENTED_EDGE('',*,*,#1812,.T.);
#11491 = ORIENTED_EDGE('',*,*,#10856,.F.);
#11492 = ORIENTED_EDGE('',*,*,#9386,.T.);
#11493 = ORIENTED_EDGE('',*,*,#9134,.F.);
#11494 = ORIENTED_EDGE('',*,*,#9082,.T.);
#11495 = ORIENTED_EDGE('',*,*,#9051,.F.);
#11496 = ORIENTED_EDGE('',*,*,#8865,.T.);
#11497 = ORIENTED_EDGE('',*,*,#7826,.T.);
#11498 = ORIENTED_EDGE('',*,*,#8810,.F.);
#11499 = ORIENTED_EDGE('',*,*,#8536,.T.);
#11500 = ORIENTED_EDGE('',*,*,#8479,.T.);
#11501 = ORIENTED_EDGE('',*,*,#8425,.T.);
#11502 = ORIENTED_EDGE('',*,*,#8296,.F.);
#11503 = ORIENTED_EDGE('',*,*,#8271,.T.);
#11504 = ORIENTED_EDGE('',*,*,#8194,.F.);
#11505 = ORIENTED_EDGE('',*,*,#8066,.F.);
#11506 = ORIENTED_EDGE('',*,*,#8037,.T.);
#11507 = ORIENTED_EDGE('',*,*,#7956,.T.);
#11508 = ORIENTED_EDGE('',*,*,#7754,.F.);
#11509 = ORIENTED_EDGE('',*,*,#7511,.F.);
#11510 = ORIENTED_EDGE('',*,*,#7541,.F.);
#11511 = ADVANCED_FACE('',(#11512),#324,.T.);
#11512 = FACE_BOUND('',#11513,.T.);
#11513 = EDGE_LOOP('',(#11514,#11515,#11516,#11682));
#11514 = ORIENTED_EDGE('',*,*,#11460,.T.);
#11515 = ORIENTED_EDGE('',*,*,#9800,.T.);
#11516 = ORIENTED_EDGE('',*,*,#11517,.F.);
#11517 = EDGE_CURVE('',#309,#9801,#11518,.T.);
#11518 = SURFACE_CURVE('',#11519,(#11550,#11566),.PCURVE_S1.);
#11519 = B_SPLINE_CURVE_WITH_KNOTS('',8,(#11520,#11521,#11522,#11523,
    #11524,#11525,#11526,#11527,#11528,#11529,#11530,#11531,#11532,
    #11533,#11534,#11535,#11536,#11537,#11538,#11539,#11540,#11541,
    #11542,#11543,#11544,#11545,#11546,#11547,#11548,#11549),
  .UNSPECIFIED.,.F.,.F.,(9,7,7,7,9),(0.,0.224675214055,0.413490639526,
    0.655872021654,1.),.UNSPECIFIED.);
#11520 = CARTESIAN_POINT('',(8.999996392099,75.853488422815,
    15.489038255513));
#11521 = CARTESIAN_POINT('',(8.99999638983,75.89213526358,
    15.478960767749));
#11522 = CARTESIAN_POINT('',(8.998628954962,75.929760947578,
    15.475020398695));
#11523 = CARTESIAN_POINT('',(8.995633401236,75.968030850159,
    15.474533112723));
#11524 = CARTESIAN_POINT('',(8.990626257167,76.00759328254,
    15.476156348768));
#11525 = CARTESIAN_POINT('',(8.983203317674,76.048117003458,
    15.479444477719));
#11526 = CARTESIAN_POINT('',(8.973184490193,76.088414375211,
    15.484351920273));
#11527 = CARTESIAN_POINT('',(8.961001435266,76.126650164119,
    15.490683925213));
#11528 = CARTESIAN_POINT('',(8.937493300331,76.189197423823,
    15.503218993007));
#11529 = CARTESIAN_POINT('',(8.925545789276,76.216829901219,
    15.509783333311));
#11530 = CARTESIAN_POINT('',(8.912397187365,76.243592678927,
    15.51696743585));
#11531 = CARTESIAN_POINT('',(8.898067537268,76.269505737124,
    15.524619190442));
#11532 = CARTESIAN_POINT('',(8.882585205419,76.294549774789,
    15.532654969938));
#11533 = CARTESIAN_POINT('',(8.865986882007,76.318666209703,
    15.541059630219));
#11534 = CARTESIAN_POINT('',(8.848317580985,76.341757178452,
    15.549886510197));
#11535 = CARTESIAN_POINT('',(8.805642310948,76.391834855792,
    15.571286835284));
#11536 = CARTESIAN_POINT('',(8.77938379697,76.41871728458,
    15.584637403672));
#11537 = CARTESIAN_POINT('',(8.751318064382,76.443187278705,
    15.59972659081));
#11538 = CARTESIAN_POINT('',(8.722051418811,76.464139829504,
    15.617337064007));
#11539 = CARTESIAN_POINT('',(8.692466570346,76.480467539606,
    15.638783285711));
#11540 = CARTESIAN_POINT('',(8.662962786865,76.492504104519,
    15.663821214252));
#11541 = CARTESIAN_POINT('',(8.633526524229,76.501360595203,
    15.690589131893));
#11542 = CARTESIAN_POINT('',(8.562772231203,76.517280279995,
    15.755702502738));
#11543 = CARTESIAN_POINT('',(8.520120553065,76.522323040543,
    15.795798444391));
#11544 = CARTESIAN_POINT('',(8.475223360441,76.525841802955,
    15.833024197429));
#11545 = CARTESIAN_POINT('',(8.427176607338,76.528539566958,
    15.868190485829));
#11546 = CARTESIAN_POINT('',(8.374158031554,76.531797697052,
    15.892981015336));
#11547 = CARTESIAN_POINT('',(8.320000631621,76.531409638438,
    15.918563760075));
#11548 = CARTESIAN_POINT('',(8.260169546848,76.530506498034,
    15.93210328541));
#11549 = CARTESIAN_POINT('',(8.200015746169,76.525929205729,
    15.948429154797));
#11550 = PCURVE('',#324,#11551);
#11551 = DEFINITIONAL_REPRESENTATION('',(#11552),#11565);
#11552 = B_SPLINE_CURVE_WITH_KNOTS('',11,(#11553,#11554,#11555,#11556,
    #11557,#11558,#11559,#11560,#11561,#11562,#11563,#11564),
  .UNSPECIFIED.,.F.,.F.,(12,12),(0.,1.),.PIECEWISE_BEZIER_KNOTS.);
#11553 = CARTESIAN_POINT('',(-2.22044604925E-16,11.885411924312));
#11554 = CARTESIAN_POINT('',(0.125484951545,11.803948446173));
#11555 = CARTESIAN_POINT('',(0.26008280269,11.787140505818));
#11556 = CARTESIAN_POINT('',(0.50717046231,11.717492609103));
#11557 = CARTESIAN_POINT('',(0.634957147323,11.644321171237));
#11558 = CARTESIAN_POINT('',(0.444665541563,12.063349599358));
#11559 = CARTESIAN_POINT('',(1.257585929056,11.179267476705));
#11560 = CARTESIAN_POINT('',(0.826753047338,12.133947370241));
#11561 = CARTESIAN_POINT('',(1.183416762566,11.772256003749));
#11562 = CARTESIAN_POINT('',(1.251075576292,11.984812352495));
#11563 = CARTESIAN_POINT('',(1.411746969163,11.989933615926));
#11564 = CARTESIAN_POINT('',(1.570796326795,12.025368023233));
#11565 = ( GEOMETRIC_REPRESENTATION_CONTEXT(2) 
PARAMETRIC_REPRESENTATION_CONTEXT() REPRESENTATION_CONTEXT('2D SPACE',''
  ) );
#11566 = PCURVE('',#354,#11567);
#11567 = DEFINITIONAL_REPRESENTATION('',(#11568),#11681);
#11568 = B_SPLINE_CURVE_WITH_KNOTS('',11,(#11569,#11570,#11571,#11572,
    #11573,#11574,#11575,#11576,#11577,#11578,#11579,#11580,#11581,
    #11582,#11583,#11584,#11585,#11586,#11587,#11588,#11589,#11590,
    #11591,#11592,#11593,#11594,#11595,#11596,#11597,#11598,#11599,
    #11600,#11601,#11602,#11603,#11604,#11605,#11606,#11607,#11608,
    #11609,#11610,#11611,#11612,#11613,#11614,#11615,#11616,#11617,
    #11618,#11619,#11620,#11621,#11622,#11623,#11624,#11625,#11626,
    #11627,#11628,#11629,#11630,#11631,#11632,#11633,#11634,#11635,
    #11636,#11637,#11638,#11639,#11640,#11641,#11642,#11643,#11644,
    #11645,#11646,#11647,#11648,#11649,#11650,#11651,#11652,#11653,
    #11654,#11655,#11656,#11657,#11658,#11659,#11660,#11661,#11662,
    #11663,#11664,#11665,#11666,#11667,#11668,#11669,#11670,#11671,
    #11672,#11673,#11674,#11675,#11676,#11677,#11678,#11679,#11680),
  .UNSPECIFIED.,.F.,.F.,(12,10,10,10,10,10,10,10,10,10,10,12),(0.,0.125,
    0.1875,0.25,0.375,0.4375,0.5,0.625,0.6875,0.75,0.875,1.),
  .UNSPECIFIED.);
#11569 = CARTESIAN_POINT('',(-0.335122690517,-0.429946102912));
#11570 = CARTESIAN_POINT('',(-0.319242322963,-0.428733850751));
#11571 = CARTESIAN_POINT('',(-0.303873564131,-0.426691491988));
#11572 = CARTESIAN_POINT('',(-0.288862210057,-0.423905710135));
#11573 = CARTESIAN_POINT('',(-0.274084683796,-0.420445926644));
#11574 = CARTESIAN_POINT('',(-0.259446147061,-0.416367265657));
#11575 = CARTESIAN_POINT('',(-0.244878611854,-0.411713518745));
#11576 = CARTESIAN_POINT('',(-0.230339052104,-0.406520109659));
#11577 = CARTESIAN_POINT('',(-0.215807515297,-0.400817059069));
#11578 = CARTESIAN_POINT('',(-0.201285234115,-0.394631949313));
#11579 = CARTESIAN_POINT('',(-0.186792738068,-0.38799288914));
#11580 = CARTESIAN_POINT('',(-0.165155578659,-0.377400773109));
#11581 = CARTESIAN_POINT('',(-0.15795980723,-0.373765089066));
#11582 = CARTESIAN_POINT('',(-0.150785824254,-0.370027833301));
#11583 = CARTESIAN_POINT('',(-0.143639620743,-0.366193106357));
#11584 = CARTESIAN_POINT('',(-0.136528005306,-0.362265702339));
#11585 = CARTESIAN_POINT('',(-0.129458604149,-0.358251108919));
#11586 = CARTESIAN_POINT('',(-0.122439861074,-0.354155507332));
#11587 = CARTESIAN_POINT('',(-0.115481037483,-0.349985772378));
#11588 = CARTESIAN_POINT('',(-0.108592212372,-0.345749472421));
#11589 = CARTESIAN_POINT('',(-0.101784282338,-0.341454869392));
#11590 = CARTESIAN_POINT('',(-8.835364080684E-02,-0.332766968173));
#11591 = CARTESIAN_POINT('',(-8.173808728431E-02,-0.328379636092));
#11592 = CARTESIAN_POINT('',(-7.519986377424E-02,-0.32393649065));
#11593 = CARTESIAN_POINT('',(-6.871656732913E-02,-0.319399798087));
#11594 = CARTESIAN_POINT('',(-6.297202776974E-02,-0.315375444838));
#11595 = CARTESIAN_POINT('',(-5.548224130082E-02,-0.309777829649));
#11596 = CARTESIAN_POINT('',(-5.135950848732E-02,-0.306824354451));
#11597 = CARTESIAN_POINT('',(-4.429202898674E-02,-0.301379230272));
#11598 = CARTESIAN_POINT('',(-3.88271741941E-02,-0.297124945424));
#11599 = CARTESIAN_POINT('',(-3.296536276327E-02,-0.292452305333));
#11600 = CARTESIAN_POINT('',(-1.572225866071E-02,-0.278420533454));
#11601 = CARTESIAN_POINT('',(-4.442655595906E-03,-0.268854364154));
#11602 = CARTESIAN_POINT('',(6.631052576672E-03,-0.259089775274));
#11603 = CARTESIAN_POINT('',(1.750610163368E-02,-0.249138530072));
#11604 = CARTESIAN_POINT('',(2.818705835049E-02,-0.239010919925));
#11605 = CARTESIAN_POINT('',(3.867582050108E-02,-0.228715764334));
#11606 = CARTESIAN_POINT('',(4.897161685814E-02,-0.218260410921));
#11607 = CARTESIAN_POINT('',(5.907100719299E-02,-0.20765073543));
#11608 = CARTESIAN_POINT('',(6.896788227566E-02,-0.196891141726));
#11609 = CARTESIAN_POINT('',(7.86534638748E-02,-0.185984561799));
#11610 = CARTESIAN_POINT('',(9.284772519925E-02,-0.169406402735));
#11611 = CARTESIAN_POINT('',(9.752795244494E-02,-0.163835174374));
#11612 = CARTESIAN_POINT('',(0.102133276165,-0.158262018312));
#11613 = CARTESIAN_POINT('',(0.106701589407,-0.152613017838));
#11614 = CARTESIAN_POINT('',(0.11121509521,-0.146915211003));
#11615 = CARTESIAN_POINT('',(0.115642875042,-0.141223317649));
#11616 = CARTESIAN_POINT('',(0.119993760866,-0.135522137631));
#11617 = CARTESIAN_POINT('',(0.124307712264,-0.129735343695));
#11618 = CARTESIAN_POINT('',(0.128591659721,-0.123835052741));
#11619 = CARTESIAN_POINT('',(0.132783534793,-0.117910219345));
#11620 = CARTESIAN_POINT('',(0.141028400336,-0.105920892016));
#11621 = CARTESIAN_POINT('',(0.14507457822,-9.986515480396E-02));
#11622 = CARTESIAN_POINT('',(0.149037394352,-9.374878710033E-02));
#11623 = CARTESIAN_POINT('',(0.152909741867,-8.757223196249E-02));
#11624 = CARTESIAN_POINT('',(0.156684513902,-8.133593244776E-02));
#11625 = CARTESIAN_POINT('',(0.160354603591,-7.504033161286E-02));
#11626 = CARTESIAN_POINT('',(0.163912904071,-6.86858725152E-02));
#11627 = CARTESIAN_POINT('',(0.167352308475,-6.227299821155E-02));
#11628 = CARTESIAN_POINT('',(0.17066570994,-5.580215175917E-02));
#11629 = CARTESIAN_POINT('',(0.173846001602,-4.927377621501E-02));
#11630 = CARTESIAN_POINT('',(0.182966226582,-2.951739147851E-02));
#11631 = CARTESIAN_POINT('',(0.188495016191,-1.612090078125E-02));
#11632 = CARTESIAN_POINT('',(0.193424547613,-2.497965658328E-03));
#11633 = CARTESIAN_POINT('',(0.197722053169,1.134641193967E-02));
#11634 = CARTESIAN_POINT('',(0.201369895309,2.540135122546E-02));
#11635 = CARTESIAN_POINT('',(0.204365566612,3.965009257515E-02));
#11636 = CARTESIAN_POINT('',(0.206721689785,5.406999752809E-02));
#11637 = CARTESIAN_POINT('',(0.208466017664,6.863254878705E-02));
#11638 = CARTESIAN_POINT('',(0.209641433215,8.330335021809E-02));
#11639 = CARTESIAN_POINT('',(0.210305949533,9.80421268506E-02));
#11640 = CARTESIAN_POINT('',(0.210646089996,0.120183023891));
#11641 = CARTESIAN_POINT('',(0.210649725275,0.127558422999));
#11642 = CARTESIAN_POINT('',(0.210548390901,0.134964118086));
#11643 = CARTESIAN_POINT('',(0.210354355952,0.142350468711));
#11644 = CARTESIAN_POINT('',(0.210077914337,0.149690996516));
#11645 = CARTESIAN_POINT('',(0.209725262652,0.157006837223));
#11646 = CARTESIAN_POINT('',(0.209300740392,0.164341038913));
#11647 = CARTESIAN_POINT('',(0.208810447994,0.171716099273));
#11648 = CARTESIAN_POINT('',(0.20826425818,0.179108134538));
#11649 = CARTESIAN_POINT('',(0.207673236078,0.186471072785));
#11650 = CARTESIAN_POINT('',(0.206405731098,0.201217455847));
#11651 = CARTESIAN_POINT('',(0.205730480315,0.208590005765));
#11652 = CARTESIAN_POINT('',(0.205020070076,0.215959392459));
#11653 = CARTESIAN_POINT('',(0.204280465797,0.223323172249));
#11654 = CARTESIAN_POINT('',(0.203517259477,0.230678979394));
#11655 = CARTESIAN_POINT('',(0.202735669697,0.238024526083));
#11656 = CARTESIAN_POINT('',(0.20194054162,0.245357602445));
#11657 = CARTESIAN_POINT('',(0.201136346989,0.252676076539));
#11658 = CARTESIAN_POINT('',(0.20032718413,0.259977894361));
#11659 = CARTESIAN_POINT('',(0.19951677795,0.267261079842));
#11660 = CARTESIAN_POINT('',(0.197091883913,0.289049044857));
#11661 = CARTESIAN_POINT('',(0.195487149915,0.3034930102));
#11662 = CARTESIAN_POINT('',(0.193917438163,0.317838964346));
#11663 = CARTESIAN_POINT('',(0.192401672658,0.332072091066));
#11664 = CARTESIAN_POINT('',(0.19095454118,0.346179424436));
#11665 = CARTESIAN_POINT('',(0.189586495292,0.360149848833));
#11666 = CARTESIAN_POINT('',(0.188303750336,0.373974098942));
#11667 = CARTESIAN_POINT('',(0.187108285436,0.387644759746));
#11668 = CARTESIAN_POINT('',(0.185997843497,0.401156266537));
#11669 = CARTESIAN_POINT('',(0.184965931203,0.414504904904));
#11670 = CARTESIAN_POINT('',(0.183037706837,0.440872716587));
#11671 = CARTESIAN_POINT('',(0.18214696206,0.453867254463));
#11672 = CARTESIAN_POINT('',(0.181318239189,0.466828517928));
#11673 = CARTESIAN_POINT('',(0.180562558318,0.479384854793));
#11674 = CARTESIAN_POINT('',(0.179859440185,0.491925242317));
#11675 = CARTESIAN_POINT('',(0.179201953219,0.504479573854));
#11676 = CARTESIAN_POINT('',(0.178598688291,0.516698554581));
#11677 = CARTESIAN_POINT('',(0.178036125867,0.528635909532));
#11678 = CARTESIAN_POINT('',(0.177461364396,0.540743150265));
#11679 = CARTESIAN_POINT('',(0.176812737862,0.552707226778));
#11680 = CARTESIAN_POINT('',(0.176004464744,0.564494009126));
#11681 = ( GEOMETRIC_REPRESENTATION_CONTEXT(2) 
PARAMETRIC_REPRESENTATION_CONTEXT() REPRESENTATION_CONTEXT('2D SPACE',''
  ) );
#11682 = ORIENTED_EDGE('',*,*,#308,.F.);
#11683 = ADVANCED_FACE('',(#11684),#354,.T.);
#11684 = FACE_BOUND('',#11685,.T.);
#11685 = EDGE_LOOP('',(#11686,#11687,#11688,#11689));
#11686 = ORIENTED_EDGE('',*,*,#336,.F.);
#11687 = ORIENTED_EDGE('',*,*,#11517,.T.);
#11688 = ORIENTED_EDGE('',*,*,#9823,.F.);
#11689 = ORIENTED_EDGE('',*,*,#9412,.F.);
#11690 = ADVANCED_FACE('',(#11691),#512,.T.);
#11691 = FACE_BOUND('',#11692,.F.);
#11692 = EDGE_LOOP('',(#11693,#11694,#11695,#11696));
#11693 = ORIENTED_EDGE('',*,*,#496,.T.);
#11694 = ORIENTED_EDGE('',*,*,#10246,.T.);
#11695 = ORIENTED_EDGE('',*,*,#2023,.F.);
#11696 = ORIENTED_EDGE('',*,*,#9553,.F.);
#11697 = ADVANCED_FACE('',(#11698),#542,.T.);
#11698 = FACE_BOUND('',#11699,.T.);
#11699 = EDGE_LOOP('',(#11700,#11701,#11702,#11703));
#11700 = ORIENTED_EDGE('',*,*,#524,.T.);
#11701 = ORIENTED_EDGE('',*,*,#10181,.T.);
#11702 = ORIENTED_EDGE('',*,*,#5912,.T.);
#11703 = ORIENTED_EDGE('',*,*,#11704,.F.);
#11704 = EDGE_CURVE('',#525,#5890,#11705,.T.);
#11705 = SURFACE_CURVE('',#11706,(#11737,#11815),.PCURVE_S1.);
#11706 = B_SPLINE_CURVE_WITH_KNOTS('',8,(#11707,#11708,#11709,#11710,
    #11711,#11712,#11713,#11714,#11715,#11716,#11717,#11718,#11719,
    #11720,#11721,#11722,#11723,#11724,#11725,#11726,#11727,#11728,
    #11729,#11730,#11731,#11732,#11733,#11734,#11735,#11736),
  .UNSPECIFIED.,.F.,.F.,(9,7,7,7,9),(0.,0.233629950207,0.40134952802,
    0.642217697387,1.),.UNSPECIFIED.);
#11707 = CARTESIAN_POINT('',(9.000132859853,71.168104861736,
    15.484419552738));
#11708 = CARTESIAN_POINT('',(9.000083834189,71.138902978288,
    15.475562436466));
#11709 = CARTESIAN_POINT('',(8.999121612975,71.103871032035,
    15.46836891181));
#11710 = CARTESIAN_POINT('',(8.996628672886,71.066490579081,
    15.464537255539));
#11711 = CARTESIAN_POINT('',(8.992080673749,71.027169407509,
    15.463268345751));
#11712 = CARTESIAN_POINT('',(8.985056513031,70.986774733806,
    15.464165727226));
#11713 = CARTESIAN_POINT('',(8.975412419959,70.94655971646,
    15.467289745135));
#11714 = CARTESIAN_POINT('',(8.963483066554,70.908014845052,
    15.472683237715));
#11715 = CARTESIAN_POINT('',(8.940852722257,70.847252131456,
    15.484168248162));
#11716 = CARTESIAN_POINT('',(8.93041005776,70.822584947364,
    15.489875347729));
#11717 = CARTESIAN_POINT('',(8.918990893483,70.798607367389,
    15.496297790447));
#11718 = CARTESIAN_POINT('',(8.906609922584,70.775304372884,
    15.50328680206));
#11719 = CARTESIAN_POINT('',(8.893287340014,70.752681211743,
    15.510737130229));
#11720 = CARTESIAN_POINT('',(8.879048842514,70.730763398394,
    15.518587044529));
#11721 = CARTESIAN_POINT('',(8.863925628622,70.709596713804,
    15.526818336453));
#11722 = CARTESIAN_POINT('',(8.825017536,70.660022538438,15.547861640057
    ));
#11723 = CARTESIAN_POINT('',(8.79995789681,70.63204144927,
    15.561422983382));
#11724 = CARTESIAN_POINT('',(8.773100613071,70.606056138499,
    15.576392885337));
#11725 = CARTESIAN_POINT('',(8.744950080823,70.582998383357,
    15.593499904108));
#11726 = CARTESIAN_POINT('',(8.716236000947,70.56368960966,
    15.613947743255));
#11727 = CARTESIAN_POINT('',(8.687467882381,70.548218623899,
    15.638000963298));
#11728 = CARTESIAN_POINT('',(8.658663476458,70.535767500879,
    15.664167230188));
#11729 = CARTESIAN_POINT('',(8.587216408288,70.51066167174,
    15.730822357963));
#11730 = CARTESIAN_POINT('',(8.543701243204,70.500513566118,
    15.773155766322));
#11731 = CARTESIAN_POINT('',(8.497754683037,70.492587899341,
    15.813621464697));
#11732 = CARTESIAN_POINT('',(8.448816672249,70.485363628063,
    15.850904867294));
#11733 = CARTESIAN_POINT('',(8.394007054162,70.479161683446,
    15.879511062086));
#11734 = CARTESIAN_POINT('',(8.338297747315,70.476211860247,
    15.907444348066));
#11735 = CARTESIAN_POINT('',(8.276439810463,70.475911631869,
    15.92551439657));
#11736 = CARTESIAN_POINT('',(8.200107414514,70.479053815881,
    15.949941392219));
#11737 = PCURVE('',#542,#11738);
#11738 = DEFINITIONAL_REPRESENTATION('',(#11739),#11814);
#11739 = B_SPLINE_CURVE_WITH_KNOTS('',10,(#11740,#11741,#11742,#11743,
    #11744,#11745,#11746,#11747,#11748,#11749,#11750,#11751,#11752,
    #11753,#11754,#11755,#11756,#11757,#11758,#11759,#11760,#11761,
    #11762,#11763,#11764,#11765,#11766,#11767,#11768,#11769,#11770,
    #11771,#11772,#11773,#11774,#11775,#11776,#11777,#11778,#11779,
    #11780,#11781,#11782,#11783,#11784,#11785,#11786,#11787,#11788,
    #11789,#11790,#11791,#11792,#11793,#11794,#11795,#11796,#11797,
    #11798,#11799,#11800,#11801,#11802,#11803,#11804,#11805,#11806,
    #11807,#11808,#11809,#11810,#11811,#11812,#11813),.UNSPECIFIED.,.F.,
  .F.,(11,9,9,9,9,9,9,9,11),(0.,0.125,0.25,0.375,0.5,0.625,0.75,0.875,1.
    ),.UNSPECIFIED.);
#11740 = CARTESIAN_POINT('',(0.33182920124,-0.427371245151));
#11741 = CARTESIAN_POINT('',(0.31896852741,-0.426633588099));
#11742 = CARTESIAN_POINT('',(0.305281990451,-0.425278209048));
#11743 = CARTESIAN_POINT('',(0.291020313208,-0.423261777058));
#11744 = CARTESIAN_POINT('',(0.2763585321,-0.420562950405));
#11745 = CARTESIAN_POINT('',(0.261413405709,-0.417178184875));
#11746 = CARTESIAN_POINT('',(0.246260823357,-0.413117542046));
#11747 = CARTESIAN_POINT('',(0.230953213697,-0.408400497588));
#11748 = CARTESIAN_POINT('',(0.215536953285,-0.403051749544));
#11749 = CARTESIAN_POINT('',(0.200069775173,-0.397097026628));
#11750 = CARTESIAN_POINT('',(0.169206579802,-0.384020766391));
#11751 = CARTESIAN_POINT('',(0.153848288358,-0.376941930102));
#11752 = CARTESIAN_POINT('',(0.138239752502,-0.369016921449));
#11753 = CARTESIAN_POINT('',(0.124013820955,-0.361616363534));
#11754 = CARTESIAN_POINT('',(0.107353617188,-0.351450799325));
#11755 = CARTESIAN_POINT('',(9.505567221962E-02,-0.344290710102));
#11756 = CARTESIAN_POINT('',(7.895549554921E-02,-0.333199152034));
#11757 = CARTESIAN_POINT('',(6.633867145103E-02,-0.324331141414));
#11758 = CARTESIAN_POINT('',(5.320637520622E-02,-0.314428122156));
#11759 = CARTESIAN_POINT('',(2.769766866896E-02,-0.294092880667));
#11760 = CARTESIAN_POINT('',(1.524085178118E-02,-0.283596056153));
#11761 = CARTESIAN_POINT('',(3.063476262159E-03,-0.272795651267));
#11762 = CARTESIAN_POINT('',(-8.848693645248E-03,-0.261714752934));
#11763 = CARTESIAN_POINT('',(-2.050603444328E-02,-0.250373911611));
#11764 = CARTESIAN_POINT('',(-3.191506337918E-02,-0.238791141284));
#11765 = CARTESIAN_POINT('',(-4.307843844531E-02,-0.226981919468));
#11766 = CARTESIAN_POINT('',(-5.399495837905E-02,-0.214959187207));
#11767 = CARTESIAN_POINT('',(-6.465956266286E-02,-0.202733349077));
#11768 = CARTESIAN_POINT('',(-8.546710038565E-02,-0.177891197284));
#11769 = CARTESIAN_POINT('',(-9.562581421742E-02,-0.16523815455));
#11770 = CARTESIAN_POINT('',(-0.105421017373,-0.152587846552));
#11771 = CARTESIAN_POINT('',(-0.115101935422,-0.139485097558));
#11772 = CARTESIAN_POINT('',(-0.124540291044,-0.126023757981));
#11773 = CARTESIAN_POINT('',(-0.133527697995,-0.112423350111));
#11774 = CARTESIAN_POINT('',(-0.142052503967,-9.860220211486E-02));
#11775 = CARTESIAN_POINT('',(-0.150156384354,-8.438705327689E-02));
#11776 = CARTESIAN_POINT('',(-0.157634420139,-6.998035054102E-02));
#11777 = CARTESIAN_POINT('',(-0.171377228536,-4.059503630207E-02));
#11778 = CARTESIAN_POINT('',(-0.177631354187,-2.563709779331E-02));
#11779 = CARTESIAN_POINT('',(-0.183214191148,-1.040831307015E-02));
#11780 = CARTESIAN_POINT('',(-0.188091947227,5.087093710058E-03));
#11781 = CARTESIAN_POINT('',(-0.192251048178,2.083510940755E-02));
#11782 = CARTESIAN_POINT('',(-0.195698137708,3.681193190008E-02));
#11783 = CARTESIAN_POINT('',(-0.198460077473,5.298397008301E-02));
#11784 = CARTESIAN_POINT('',(-0.200583947079,6.930784386921E-02));
#11785 = CARTESIAN_POINT('',(-0.20213704408,8.573038418914E-02));
#11786 = CARTESIAN_POINT('',(-0.204276723881,0.118646881792));
#11787 = CARTESIAN_POINT('',(-0.204860201687,0.135118932033));
#11788 = CARTESIAN_POINT('',(-0.205024592506,0.151553817485));
#11789 = CARTESIAN_POINT('',(-0.2048671031,0.168154695403));
#11790 = CARTESIAN_POINT('',(-0.204465180458,0.184799998768));
#11791 = CARTESIAN_POINT('',(-0.203880351851,0.201342944927));
#11792 = CARTESIAN_POINT('',(-0.203170031472,0.217838383688));
#11793 = CARTESIAN_POINT('',(-0.202386420664,0.234366712791));
#11794 = CARTESIAN_POINT('',(-0.201566320743,0.250745333485));
#11795 = CARTESIAN_POINT('',(-0.199914417979,0.283332394033));
#11796 = CARTESIAN_POINT('',(-0.199087132123,0.29952883709));
#11797 = CARTESIAN_POINT('',(-0.198282032609,0.315603642113));
#11798 = CARTESIAN_POINT('',(-0.197517067901,0.331538652006));
#11799 = CARTESIAN_POINT('',(-0.196804614113,0.347322103391));
#11800 = CARTESIAN_POINT('',(-0.196151475012,0.362948626613));
#11801 = CARTESIAN_POINT('',(-0.195558882013,0.378419245733));
#11802 = CARTESIAN_POINT('',(-0.195022494181,0.393741378534));
#11803 = CARTESIAN_POINT('',(-0.194532398234,0.408928836519));
#11804 = CARTESIAN_POINT('',(-0.193613818842,0.439074813302));
#11805 = CARTESIAN_POINT('',(-0.193191571885,0.453997472586));
#11806 = CARTESIAN_POINT('',(-0.192793093384,0.469080654797));
#11807 = CARTESIAN_POINT('',(-0.192427934158,0.483558968946));
#11808 = CARTESIAN_POINT('',(-0.19206630344,0.498670181923));
#11809 = CARTESIAN_POINT('',(-0.191715228744,0.513860789183));
#11810 = CARTESIAN_POINT('',(-0.191384395466,0.528574741299));
#11811 = CARTESIAN_POINT('',(-0.191036254332,0.54417693439));
#11812 = CARTESIAN_POINT('',(-0.190638333172,0.560247536284));
#11813 = CARTESIAN_POINT('',(-0.190139151338,0.576757526097));
#11814 = ( GEOMETRIC_REPRESENTATION_CONTEXT(2) 
PARAMETRIC_REPRESENTATION_CONTEXT() REPRESENTATION_CONTEXT('2D SPACE',''
  ) );
#11815 = PCURVE('',#692,#11816);
#11816 = DEFINITIONAL_REPRESENTATION('',(#11817),#11829);
#11817 = B_SPLINE_CURVE_WITH_KNOTS('',10,(#11818,#11819,#11820,#11821,
    #11822,#11823,#11824,#11825,#11826,#11827,#11828),.UNSPECIFIED.,.F.,
  .F.,(11,11),(0.,1.),.PIECEWISE_BEZIER_KNOTS.);
#11818 = CARTESIAN_POINT('',(1.110223024625E-16,13.488144307852));
#11819 = CARTESIAN_POINT('',(-0.105712662088,13.426772673607));
#11820 = CARTESIAN_POINT('',(-0.270013065816,13.3904718429));
#11821 = CARTESIAN_POINT('',(-0.604480211805,13.23106467959));
#11822 = CARTESIAN_POINT('',(-0.407388431911,13.655722940484));
#11823 = CARTESIAN_POINT('',(-0.932889310572,13.054231462164));
#11824 = CARTESIAN_POINT('',(-0.984115189961,13.509991729148));
#11825 = CARTESIAN_POINT('',(-1.019735720219,13.521461013214));
#11826 = CARTESIAN_POINT('',(-1.244507776807,13.620892215896));
#11827 = CARTESIAN_POINT('',(-1.356996476566,13.648722758036));
#11828 = CARTESIAN_POINT('',(-1.570796326795,13.702660086891));
#11829 = ( GEOMETRIC_REPRESENTATION_CONTEXT(2) 
PARAMETRIC_REPRESENTATION_CONTEXT() REPRESENTATION_CONTEXT('2D SPACE',''
  ) );
#11830 = ADVANCED_FACE('',(#11831),#692,.T.);
#11831 = FACE_BOUND('',#11832,.F.);
#11832 = EDGE_LOOP('',(#11833,#11834,#11835,#11836,#11837));
#11833 = ORIENTED_EDGE('',*,*,#4212,.T.);
#11834 = ORIENTED_EDGE('',*,*,#5889,.T.);
#11835 = ORIENTED_EDGE('',*,*,#11704,.F.);
#11836 = ORIENTED_EDGE('',*,*,#678,.T.);
#11837 = ORIENTED_EDGE('',*,*,#11838,.T.);
#11838 = EDGE_CURVE('',#22,#4190,#11839,.T.);
#11839 = SURFACE_CURVE('',#11840,(#11903,#11969),.PCURVE_S1.);
#11840 = B_SPLINE_CURVE_WITH_KNOTS('',7,(#11841,#11842,#11843,#11844,
    #11845,#11846,#11847,#11848,#11849,#11850,#11851,#11852,#11853,
    #11854,#11855,#11856,#11857,#11858,#11859,#11860,#11861,#11862,
    #11863,#11864,#11865,#11866,#11867,#11868,#11869,#11870,#11871,
    #11872,#11873,#11874,#11875,#11876,#11877,#11878,#11879,#11880,
    #11881,#11882,#11883,#11884,#11885,#11886,#11887,#11888,#11889,
    #11890,#11891,#11892,#11893,#11894,#11895,#11896,#11897,#11898,
    #11899,#11900,#11901,#11902),.UNSPECIFIED.,.F.,.F.,(8,6,6,6,6,6,6,6,
    6,6,8),(0.,1.069841981572E-03,2.139683693243E-03,3.209524865936E-03,
    4.279365229913E-03,5.349204515703E-03,6.419042453755E-03,
    7.488878774417E-03,8.521822400236E-03,0.611766488809,1.),
  .UNSPECIFIED.);
#11841 = CARTESIAN_POINT('',(9.,66.67349639952,2.5));
#11842 = CARTESIAN_POINT('',(9.,66.673384377702,2.500112880154));
#11843 = CARTESIAN_POINT('',(8.999999970269,66.673272355878,
    2.500225760304));
#11844 = CARTESIAN_POINT('',(8.999999910806,66.673160334057,
    2.500338640446));
#11845 = CARTESIAN_POINT('',(8.999999821613,66.673048312245,
    2.500451520574));
#11846 = CARTESIAN_POINT('',(8.999999702688,66.672936290446,
    2.500564400679));
#11847 = CARTESIAN_POINT('',(8.999999554033,66.672824268665,
    2.500677280756));
#11848 = CARTESIAN_POINT('',(8.999999197259,66.672600225167,
    2.500903040802));
#11849 = CARTESIAN_POINT('',(8.999998989141,66.672488203452,
    2.501015920773));
#11850 = CARTESIAN_POINT('',(8.999998751291,66.672376181761,
    2.501128800699));
#11851 = CARTESIAN_POINT('',(8.999998483711,66.672264160098,
    2.501241680572));
#11852 = CARTESIAN_POINT('',(8.999998186399,66.672152138467,
    2.501354560384));
#11853 = CARTESIAN_POINT('',(8.999997859357,66.672040116871,
    2.501467440129));
#11854 = CARTESIAN_POINT('',(8.99999714581,66.671816073816,
    2.501693199409));
#11855 = CARTESIAN_POINT('',(8.999996759305,66.671704052356,
    2.501806078945));
#11856 = CARTESIAN_POINT('',(8.999996343069,66.67159203094,
    2.501918958398));
#11857 = CARTESIAN_POINT('',(8.999995897102,66.671480009572,
    2.50203183776));
#11858 = CARTESIAN_POINT('',(8.999995421405,66.671367988255,
    2.502144717023));
#11859 = CARTESIAN_POINT('',(8.999994915976,66.671255966994,
    2.502257596181));
#11860 = CARTESIAN_POINT('',(8.999993845656,66.671031924676,
    2.502483354184));
#11861 = CARTESIAN_POINT('',(8.999993280766,66.670919903619,
    2.502596233029));
#11862 = CARTESIAN_POINT('',(8.999992686144,66.670807882625,
    2.502709111753));
#11863 = CARTESIAN_POINT('',(8.999992061791,66.670695861699,
    2.502821990348));
#11864 = CARTESIAN_POINT('',(8.999991407708,66.670583840845,
    2.502934868808));
#11865 = CARTESIAN_POINT('',(8.999990723893,66.670471820065,
    2.503047747123));
#11866 = CARTESIAN_POINT('',(8.999989296803,66.670247778779,
    2.503273503338));
#11867 = CARTESIAN_POINT('',(8.999988553528,66.670135758272,
    2.503386381237));
#11868 = CARTESIAN_POINT('',(8.999987780521,66.670023737848,
    2.503499258977));
#11869 = CARTESIAN_POINT('',(8.999986977784,66.669911717511,
    2.50361213655));
#11870 = CARTESIAN_POINT('',(8.999986145316,66.669799697266,
    2.50372501395));
#11871 = CARTESIAN_POINT('',(8.999985283117,66.669687677117,
    2.503837891168));
#11872 = CARTESIAN_POINT('',(8.999983499258,66.669463637157,
    2.504063645083));
#11873 = CARTESIAN_POINT('',(8.999982577599,66.669351617347,
    2.50417652178));
#11874 = CARTESIAN_POINT('',(8.999981626209,66.66923959764,
    2.504289398281));
#11875 = CARTESIAN_POINT('',(8.999980645088,66.669127578041,
    2.504402274577));
#11876 = CARTESIAN_POINT('',(8.999979634236,66.669015558552,
    2.504515150661));
#11877 = CARTESIAN_POINT('',(8.999978593654,66.668903539179,
    2.504628026526));
#11878 = CARTESIAN_POINT('',(8.99997645303,66.668679500841,
    2.504853777631));
#11879 = CARTESIAN_POINT('',(8.999975352989,66.668567481876,
    2.504966652871));
#11880 = CARTESIAN_POINT('',(8.999974223216,66.668455463034,
    2.505079527876));
#11881 = CARTESIAN_POINT('',(8.999973063713,66.668343444319,
    2.50519240264));
#11882 = CARTESIAN_POINT('',(8.99997187448,66.668231425735,
    2.505305277153));
#11883 = CARTESIAN_POINT('',(8.999970655516,66.668119407286,
    2.50541815141));
#11884 = CARTESIAN_POINT('',(8.999968201188,66.667899233554,
    2.505640006997));
#11885 = CARTESIAN_POINT('',(8.999966967839,66.667791078261,
    2.505748988346));
#11886 = CARTESIAN_POINT('',(8.999965706775,66.667682923102,
    2.505857969442));
#11887 = CARTESIAN_POINT('',(8.999964417995,66.667574768079,
    2.505966950277));
#11888 = CARTESIAN_POINT('',(8.9999631015,66.667466613197,2.506075930845
    ));
#11889 = CARTESIAN_POINT('',(8.99996175729,66.667358458458,
    2.506184911138));
#11890 = CARTESIAN_POINT('',(8.999159173527,66.604087437585,
    2.569938808073));
#11891 = CARTESIAN_POINT('',(8.988905702305,66.541004055521,
    2.633458450855));
#11892 = CARTESIAN_POINT('',(8.969219717517,66.478654567233,
    2.695554620188));
#11893 = CARTESIAN_POINT('',(8.94015315764,66.417767078991,
    2.754853188536));
#11894 = CARTESIAN_POINT('',(8.901902529036,66.359150816462,
    2.809825869234));
#11895 = CARTESIAN_POINT('',(8.854931957225,66.303686868169,
    2.858761467316));
#11896 = CARTESIAN_POINT('',(8.764950537738,66.21902478212,
    2.926312450184));
#11897 = CARTESIAN_POINT('',(8.72650512453,66.187520276728,
    2.949510664404));
#11898 = CARTESIAN_POINT('',(8.685129426937,66.157897516665,
    2.968960966978));
#11899 = CARTESIAN_POINT('',(8.641206432943,66.130379976731,
    2.984162863904));
#11900 = CARTESIAN_POINT('',(8.595252195379,66.105147085235,
    2.994641175146));
#11901 = CARTESIAN_POINT('',(8.547923206174,66.082293321439,3.));
#11902 = CARTESIAN_POINT('',(8.5,66.061778848315,3.));
#11903 = PCURVE('',#692,#11904);
#11904 = DEFINITIONAL_REPRESENTATION('',(#11905),#11968);
#11905 = B_SPLINE_CURVE_WITH_KNOTS('',7,(#11906,#11907,#11908,#11909,
    #11910,#11911,#11912,#11913,#11914,#11915,#11916,#11917,#11918,
    #11919,#11920,#11921,#11922,#11923,#11924,#11925,#11926,#11927,
    #11928,#11929,#11930,#11931,#11932,#11933,#11934,#11935,#11936,
    #11937,#11938,#11939,#11940,#11941,#11942,#11943,#11944,#11945,
    #11946,#11947,#11948,#11949,#11950,#11951,#11952,#11953,#11954,
    #11955,#11956,#11957,#11958,#11959,#11960,#11961,#11962,#11963,
    #11964,#11965,#11966,#11967),.UNSPECIFIED.,.F.,.F.,(8,6,6,6,6,6,6,6,
    6,6,8),(0.,1.069841981572E-03,2.139683693243E-03,3.209524865936E-03,
    4.279365229913E-03,5.349204515703E-03,6.419042453755E-03,
    7.488878774417E-03,8.521822400236E-03,0.611766488809,1.),
  .UNSPECIFIED.);
#11906 = CARTESIAN_POINT('',(0.,-0.2521852497));
#11907 = CARTESIAN_POINT('',(-1.784791858928E-04,-0.252115223047));
#11908 = CARTESIAN_POINT('',(-3.569583770284E-04,-0.252045196399));
#11909 = CARTESIAN_POINT('',(-5.354375710693E-04,-0.251975169757));
#11910 = CARTESIAN_POINT('',(-7.139167671992E-04,-0.251905143127));
#11911 = CARTESIAN_POINT('',(-8.923959661109E-04,-0.251835116513));
#11912 = CARTESIAN_POINT('',(-1.070875170008E-03,-0.251765089921));
#11913 = CARTESIAN_POINT('',(-1.427833550167E-03,-0.251625036816));
#11914 = CARTESIAN_POINT('',(-1.606312725206E-03,-0.251555010301));
#11915 = CARTESIAN_POINT('',(-1.784791909228E-03,-0.251484983822));
#11916 = CARTESIAN_POINT('',(-1.96327110374E-03,-0.251414957384));
#11917 = CARTESIAN_POINT('',(-2.141750310245E-03,-0.251344930992));
#11918 = CARTESIAN_POINT('',(-2.32022953024E-03,-0.251274904653));
#11919 = CARTESIAN_POINT('',(-2.677187910274E-03,-0.251134852127));
#11920 = CARTESIAN_POINT('',(-2.855667070323E-03,-0.251064825941));
#11921 = CARTESIAN_POINT('',(-3.034146246859E-03,-0.250994799819));
#11922 = CARTESIAN_POINT('',(-3.212625441374E-03,-0.250924773766));
#11923 = CARTESIAN_POINT('',(-3.391104655371E-03,-0.250854747791));
#11924 = CARTESIAN_POINT('',(-3.569583890355E-03,-0.250784721896));
#11925 = CARTESIAN_POINT('',(-3.926542270397E-03,-0.250644670337));
#11926 = CARTESIAN_POINT('',(-4.105021415458E-03,-0.250574644671));
#11927 = CARTESIAN_POINT('',(-4.2835005845E-03,-0.250504619099));
#11928 = CARTESIAN_POINT('',(-4.461979779016E-03,-0.250434593627));
#11929 = CARTESIAN_POINT('',(-4.64045900051E-03,-0.25036456826));
#11930 = CARTESIAN_POINT('',(-4.81893825048E-03,-0.250294543004));
#11931 = CARTESIAN_POINT('',(-5.175896630521E-03,-0.250154492797));
#11932 = CARTESIAN_POINT('',(-5.354375760587E-03,-0.250084467846));
#11933 = CARTESIAN_POINT('',(-5.53285492213E-03,-0.250014443017));
#11934 = CARTESIAN_POINT('',(-5.71133411665E-03,-0.249944418318));
#11935 = CARTESIAN_POINT('',(-5.88981334564E-03,-0.249874393753));
#11936 = CARTESIAN_POINT('',(-6.068292610606E-03,-0.249804369328));
#11937 = CARTESIAN_POINT('',(-6.425250990648E-03,-0.24966432086));
#11938 = CARTESIAN_POINT('',(-6.603730105716E-03,-0.249594296816));
#11939 = CARTESIAN_POINT('',(-6.782209259761E-03,-0.249524272924));
#11940 = CARTESIAN_POINT('',(-6.96068845428E-03,-0.249454249191));
#11941 = CARTESIAN_POINT('',(-7.139167690772E-03,-0.249384225621));
#11942 = CARTESIAN_POINT('',(-7.317646970734E-03,-0.249314202221));
#11943 = CARTESIAN_POINT('',(-7.674605350778E-03,-0.249174155878));
#11944 = CARTESIAN_POINT('',(-7.853084450863E-03,-0.249104132935));
#11945 = CARTESIAN_POINT('',(-8.031563597414E-03,-0.249034110173));
#11946 = CARTESIAN_POINT('',(-8.210042791932E-03,-0.248964087599));
#11947 = CARTESIAN_POINT('',(-8.388522035914E-03,-0.248894065218));
#11948 = CARTESIAN_POINT('',(-8.567001330861E-03,-0.248824043036));
#11949 = CARTESIAN_POINT('',(-8.917805267235E-03,-0.248686413749));
#11950 = CARTESIAN_POINT('',(-9.090129905111E-03,-0.24861880663));
#11951 = CARTESIAN_POINT('',(-9.262454593242E-03,-0.248551199708));
#11952 = CARTESIAN_POINT('',(-9.434779332973E-03,-0.248483592987));
#11953 = CARTESIAN_POINT('',(-9.607104125656E-03,-0.248415986473));
#11954 = CARTESIAN_POINT('',(-9.779428972638E-03,-0.248348380171));
#11955 = CARTESIAN_POINT('',(-0.110590429404,-0.208798454754));
#11956 = CARTESIAN_POINT('',(-0.211201799189,-0.169408517615));
#11957 = CARTESIAN_POINT('',(-0.312145088343,-0.131123678653));
#11958 = CARTESIAN_POINT('',(-0.413664247985,-9.500429800163E-02));
#11959 = CARTESIAN_POINT('',(-0.515898518237,-6.222987901047E-02));
#11960 = CARTESIAN_POINT('',(-0.618881580252,-3.412926372849E-02));
#11961 = CARTESIAN_POINT('',(-0.788997795503,2.011611621281E-03));
#11962 = CARTESIAN_POINT('',(-0.85580728942,1.362814446452E-02));
#11963 = CARTESIAN_POINT('',(-0.922704020225,2.231849177336E-02));
#11964 = CARTESIAN_POINT('',(-0.989515364489,2.768279465328E-02));
#11965 = CARTESIAN_POINT('',(-1.055990986972,2.933070748525E-02));
#11966 = CARTESIAN_POINT('',(-1.121779914277,2.691901477978E-02));
#11967 = CARTESIAN_POINT('',(-1.186399552299,2.020851390822E-02));
#11968 = ( GEOMETRIC_REPRESENTATION_CONTEXT(2) 
PARAMETRIC_REPRESENTATION_CONTEXT() REPRESENTATION_CONTEXT('2D SPACE',''
  ) );
#11969 = PCURVE('',#44,#11970);
#11970 = DEFINITIONAL_REPRESENTATION('',(#11971),#12034);
#11971 = B_SPLINE_CURVE_WITH_KNOTS('',7,(#11972,#11973,#11974,#11975,
    #11976,#11977,#11978,#11979,#11980,#11981,#11982,#11983,#11984,
    #11985,#11986,#11987,#11988,#11989,#11990,#11991,#11992,#11993,
    #11994,#11995,#11996,#11997,#11998,#11999,#12000,#12001,#12002,
    #12003,#12004,#12005,#12006,#12007,#12008,#12009,#12010,#12011,
    #12012,#12013,#12014,#12015,#12016,#12017,#12018,#12019,#12020,
    #12021,#12022,#12023,#12024,#12025,#12026,#12027,#12028,#12029,
    #12030,#12031,#12032,#12033),.UNSPECIFIED.,.F.,.F.,(8,6,6,6,6,6,6,6,
    6,6,8),(0.,1.069841981572E-03,2.139683693243E-03,3.209524865936E-03,
    4.279365229913E-03,5.349204515703E-03,6.419042453755E-03,
    7.488878774417E-03,8.521822400236E-03,0.611766488809,1.),
  .UNSPECIFIED.);
#11972 = CARTESIAN_POINT('',(0.,0.173076923077));
#11973 = CARTESIAN_POINT('',(2.257603074161E-04,0.173188944895));
#11974 = CARTESIAN_POINT('',(4.515206083146E-04,0.173300966719));
#11975 = CARTESIAN_POINT('',(6.772809111188E-04,0.17341298854));
#11976 = CARTESIAN_POINT('',(9.030412223706E-04,0.173525010352));
#11977 = CARTESIAN_POINT('',(1.128801546731E-03,0.17363703215));
#11978 = CARTESIAN_POINT('',(1.354561886979E-03,0.173749053932));
#11979 = CARTESIAN_POINT('',(1.806082544073E-03,0.17397309743));
#11980 = CARTESIAN_POINT('',(2.031842862447E-03,0.174085119144));
#11981 = CARTESIAN_POINT('',(2.257603202779E-03,0.174197140835));
#11982 = CARTESIAN_POINT('',(2.483363568719E-03,0.174309162499));
#11983 = CARTESIAN_POINT('',(2.709123963921E-03,0.17442118413));
#11984 = CARTESIAN_POINT('',(2.934884392047E-03,0.174533205725));
#11985 = CARTESIAN_POINT('',(3.386405207737E-03,0.174757248781));
#11986 = CARTESIAN_POINT('',(3.612165595289E-03,0.17486927024));
#11987 = CARTESIAN_POINT('',(3.837926023084E-03,0.174981291656));
#11988 = CARTESIAN_POINT('',(4.063686494782E-03,0.175093313025));
#11989 = CARTESIAN_POINT('',(4.289447014041E-03,0.175205334341));
#11990 = CARTESIAN_POINT('',(4.515207584513E-03,0.175317355602));
#11991 = CARTESIAN_POINT('',(4.966728664535E-03,0.175541397921));
#11992 = CARTESIAN_POINT('',(5.192489174081E-03,0.175653418978));
#11993 = CARTESIAN_POINT('',(5.418249742159E-03,0.175765439972));
#11994 = CARTESIAN_POINT('',(5.644010372434E-03,0.175877460898));
#11995 = CARTESIAN_POINT('',(5.869771068564E-03,0.175989481752));
#11996 = CARTESIAN_POINT('',(6.0955318342E-03,0.176101502531));
#11997 = CARTESIAN_POINT('',(6.547053284242E-03,0.176325543818));
#11998 = CARTESIAN_POINT('',(6.772813968655E-03,0.176437564325));
#11999 = CARTESIAN_POINT('',(6.998574729887E-03,0.176549584749));
#12000 = CARTESIAN_POINT('',(7.224335571599E-03,0.176661605085));
#12001 = CARTESIAN_POINT('',(7.45009649745E-03,0.17677362533));
#12002 = CARTESIAN_POINT('',(7.675857511096E-03,0.17688564548));
#12003 = CARTESIAN_POINT('',(8.127379436874E-03,0.17710968544));
#12004 = CARTESIAN_POINT('',(8.353140349014E-03,0.17722170525));
#12005 = CARTESIAN_POINT('',(8.578901356261E-03,0.177333724957));
#12006 = CARTESIAN_POINT('',(8.80466246227E-03,0.177445744556));
#12007 = CARTESIAN_POINT('',(9.030423670699E-03,0.177557764044));
#12008 = CARTESIAN_POINT('',(9.256184985212E-03,0.177669783417));
#12009 = CARTESIAN_POINT('',(9.707707492451E-03,0.177893821756));
#12010 = CARTESIAN_POINT('',(9.933468685174E-03,0.178005840721));
#12011 = CARTESIAN_POINT('',(1.01592299913E-02,0.178117859563));
#12012 = CARTESIAN_POINT('',(1.038499141447E-02,0.178229878278));
#12013 = CARTESIAN_POINT('',(1.061075295836E-02,0.178341896862));
#12014 = CARTESIAN_POINT('',(1.083651462662E-02,0.178453915311));
#12015 = CARTESIAN_POINT('',(1.128025295249E-02,0.178674089043));
#12016 = CARTESIAN_POINT('',(1.149822960142E-02,0.178782244335));
#12017 = CARTESIAN_POINT('',(1.1716206373E-02,0.178890399495));
#12018 = CARTESIAN_POINT('',(1.193418327052E-02,0.178998554518));
#12019 = CARTESIAN_POINT('',(1.215216029726E-02,0.1791067094));
#12020 = CARTESIAN_POINT('',(1.237013745653E-02,0.179214864138));
#12021 = CARTESIAN_POINT('',(0.139888034478,0.242485885011));
#12022 = CARTESIAN_POINT('',(0.267175703906,0.305569267076));
#12023 = CARTESIAN_POINT('',(0.395221584052,0.367918755364));
#12024 = CARTESIAN_POINT('',(0.524651226796,0.428806243606));
#12025 = CARTESIAN_POINT('',(0.656032325983,0.487422506135));
#12026 = CARTESIAN_POINT('',(0.789917832619,0.542886454428));
#12027 = CARTESIAN_POINT('',(1.014949307212,0.627548540477));
#12028 = CARTESIAN_POINT('',(1.104295277475,0.659053045869));
#12029 = CARTESIAN_POINT('',(1.194946946513,0.688675805932));
#12030 = CARTESIAN_POINT('',(1.286944042374,0.716193345866));
#12031 = CARTESIAN_POINT('',(1.380292416553,0.741426237362));
#12032 = CARTESIAN_POINT('',(1.474949914447,0.764280001158));
#12033 = CARTESIAN_POINT('',(1.570796326795,0.784794474282));
#12034 = ( GEOMETRIC_REPRESENTATION_CONTEXT(2) 
PARAMETRIC_REPRESENTATION_CONTEXT() REPRESENTATION_CONTEXT('2D SPACE',''
  ) );
#12035 = ADVANCED_FACE('',(#12036),#44,.T.);
#12036 = FACE_BOUND('',#12037,.T.);
#12037 = EDGE_LOOP('',(#12038,#12039,#12040,#12041,#12042,#12043));
#12038 = ORIENTED_EDGE('',*,*,#11838,.T.);
#12039 = ORIENTED_EDGE('',*,*,#4189,.T.);
#12040 = ORIENTED_EDGE('',*,*,#5368,.T.);
#12041 = ORIENTED_EDGE('',*,*,#3958,.T.);
#12042 = ORIENTED_EDGE('',*,*,#11269,.F.);
#12043 = ORIENTED_EDGE('',*,*,#21,.F.);
#12044 = ( GEOMETRIC_REPRESENTATION_CONTEXT(3) 
GLOBAL_UNCERTAINTY_ASSIGNED_CONTEXT((#12048)) 
GLOBAL_UNIT_ASSIGNED_CONTEXT((#12045,#12046,#12047)) 
REPRESENTATION_CONTEXT('Context #1',
  '3D Context with UNIT and UNCERTAINTY') );
#12045 = ( LENGTH_UNIT() NAMED_UNIT(*) SI_UNIT(.MILLI.,.METRE.) );
#12046 = ( NAMED_UNIT(*) PLANE_ANGLE_UNIT() SI_UNIT($,.RADIAN.) );
#12047 = ( NAMED_UNIT(*) SI_UNIT($,.STERADIAN.) SOLID_ANGLE_UNIT() );
#12048 = UNCERTAINTY_MEASURE_WITH_UNIT(LENGTH_MEASURE(1.E-02),#12045,
  'distance_accuracy_value','confusion accuracy');
#12049 = PRODUCT_RELATED_PRODUCT_CATEGORY('part',$,(#7));
ENDSEC;
END-ISO-10303-21;
